# Blender 4.5.9 LTS
# www.blender.org
mtllib link7.mtl
o node0
v 0.014698 0.016313 0.106799
v 0.015173 0.016388 0.106335
v 0.014902 0.017465 0.106327
v 0.014418 0.017678 0.106800
v 0.020937 0.017678 0.106800
v 0.020375 0.016916 0.106332
v 0.020658 0.016319 0.106799
v 0.019845 0.015917 0.106330
v 0.019723 0.015124 0.106799
v 0.019191 0.015339 0.106332
v 0.018210 0.014912 0.106339
v 0.018186 0.014419 0.106799
v 0.016742 0.014552 0.106800
v 0.016902 0.014996 0.106331
v 0.015632 0.015125 0.106799
v 0.016053 0.015407 0.106329
v 0.014698 -0.019042 0.106799
v 0.015173 -0.018967 0.106335
v 0.014902 -0.017890 0.106327
v 0.014418 -0.017678 0.106800
v 0.020937 -0.017678 0.106800
v 0.020454 -0.017890 0.106327
v 0.020657 -0.019042 0.106799
v 0.020182 -0.018967 0.106335
v 0.019723 -0.020231 0.106799
v 0.019302 -0.019948 0.106329
v 0.018454 -0.020360 0.106331
v 0.018314 -0.020902 0.106799
v 0.017178 -0.020445 0.106337
v 0.016742 -0.020803 0.106800
v 0.015632 -0.020231 0.106799
v 0.016053 -0.019948 0.106329
v -0.020657 -0.019042 0.106799
v -0.020182 -0.018967 0.106335
v -0.020454 -0.017890 0.106327
v -0.020937 -0.017678 0.106800
v -0.014418 -0.017678 0.106800
v -0.014902 -0.017890 0.106327
v -0.014698 -0.019042 0.106799
v -0.015173 -0.018967 0.106335
v -0.015632 -0.020231 0.106799
v -0.016053 -0.019948 0.106329
v -0.016902 -0.020360 0.106331
v -0.017041 -0.020902 0.106799
v -0.018177 -0.020445 0.106337
v -0.018614 -0.020803 0.106800
v -0.019723 -0.020231 0.106799
v -0.019302 -0.019948 0.106329
v -0.020657 0.016313 0.106799
v -0.020182 0.016388 0.106335
v -0.020454 0.017466 0.106327
v -0.020937 0.017678 0.106800
v -0.014418 0.017678 0.106800
v -0.014902 0.017465 0.106327
v -0.014698 0.016313 0.106799
v -0.015173 0.016388 0.106335
v -0.015632 0.015125 0.106799
v -0.016053 0.015407 0.106329
v -0.016902 0.014996 0.106331
v -0.017041 0.014453 0.106799
v -0.018177 0.014911 0.106337
v -0.018614 0.014552 0.106800
v -0.019723 0.015124 0.106799
v -0.019302 0.015407 0.106329
v 0.022320 0.012597 0.106800
v 0.022760 0.012108 0.106293
v 0.024357 0.012342 0.106800
v 0.024781 0.011657 0.106300
v 0.016483 0.006760 0.106800
v 0.016995 0.006962 0.106301
v 0.016839 0.008586 0.106800
v 0.017237 0.008139 0.106300
v 0.026131 0.011475 0.106800
v 0.026362 0.010648 0.106300
v 0.017813 0.009447 0.106300
v 0.027536 0.010089 0.106800
v 0.017808 0.010305 0.106800
v 0.027631 0.008999 0.106299
v 0.019055 0.010853 0.106300
v 0.028481 0.008169 0.106800
v 0.019275 0.011628 0.106800
v 0.020702 0.011775 0.106297
v 0.020822 0.012329 0.106800
v 0.017583 -0.003418 0.106300
v 0.017284 -0.002306 0.106800
v 0.017923 -0.000417 0.106300
v 0.017377 0.001215 0.106800
v 0.017010 -0.005794 0.106297
v 0.016586 -0.005359 0.106800
v -0.029109 0.000000 0.106300
v -0.029622 0.001035 0.106800
v -0.028922 0.003406 0.106300
v -0.029049 0.005796 0.106800
v -0.028378 0.006460 0.106300
v -0.027757 0.008691 0.106295
v -0.028282 0.008688 0.106800
v 0.024880 0.011614 0.097300
v 0.016977 0.005964 0.097300
v 0.017189 0.008046 0.097300
v 0.026631 0.010410 0.097300
v 0.017891 0.009547 0.097300
v 0.018972 0.010784 0.097300
v 0.027760 0.008685 0.097300
v 0.020598 0.011737 0.097300
v 0.022752 0.012120 0.097300
v 0.017050 -0.005577 0.097300
v -0.017028 -0.005687 0.097300
v -0.017591 -0.003377 0.106303
v -0.017622 -0.003213 0.097300
v -0.017018 -0.005748 0.106297
v -0.017897 -0.000805 0.106297
v -0.017933 0.000000 0.097300
v -0.029096 0.001016 0.097300
v -0.028740 0.004698 0.097300
v -0.027794 0.008631 0.097300
v 0.030795 0.031397 0.096161
v 0.030776 0.031147 0.096713
v 0.012653 0.042046 0.096417
v 0.012514 0.041857 0.096882
v 0.021939 0.036877 0.097598
v 0.030551 0.030955 0.097140
v 0.021298 0.038276 0.096687
v 0.021586 0.036511 0.097766
v 0.021092 0.037961 0.097223
v 0.041777 0.009868 0.097577
v 0.014105 0.041573 0.096443
v 0.021416 0.038423 0.096116
v 0.023684 0.037052 0.096239
v 0.041256 0.009598 0.097776
v 0.023390 0.036705 0.097133
v 0.042081 0.008374 0.097589
v 0.042683 0.007483 0.097300
v 0.014044 0.041351 0.096910
v 0.015517 0.041069 0.096433
v 0.014611 0.041489 0.096065
v 0.041606 0.008104 0.097768
v 0.042355 0.006896 0.097585
v 0.015670 0.040784 0.096881
v 0.016832 0.040645 0.096045
v 0.041938 0.006189 0.097768
v 0.042598 0.005366 0.097575
v 0.043033 0.005345 0.097273
v 0.017022 0.040230 0.096891
v 0.017306 0.040362 0.096407
v 0.025699 0.035096 0.097134
v 0.025488 0.034776 0.097466
v 0.043181 0.003628 0.097300
v 0.018565 0.039535 0.096905
v 0.018964 0.039597 0.096433
v 0.042192 0.003705 0.097779
v 0.019031 0.039663 0.096031
v 0.042753 0.003601 0.097590
v 0.025718 0.034012 0.097702
v -0.043557 0.006053 0.096180
v -0.043235 0.007997 0.096200
v 0.026650 0.033838 0.097496
v 0.025234 0.033891 0.097785
v -0.028292 0.032256 0.097589
v -0.027398 0.032342 0.097768
v -0.026988 0.033392 0.097575
v -0.025870 0.033583 0.097768
v -0.025406 0.034556 0.097597
v 0.028345 0.032465 0.097481
v -0.024032 0.034844 0.097782
v -0.024167 0.035472 0.097580
v 0.028009 0.032297 0.097656
v -0.015599 0.041118 0.096164
v -0.013051 0.042011 0.096064
v -0.013581 0.041794 0.096294
v 0.027595 0.032180 0.097767
v -0.011379 0.042472 0.096190
v 0.012342 0.041114 0.097577
v 0.029652 0.030635 0.097703
v 0.012587 0.040458 0.097775
v 0.013789 0.040630 0.097589
v 0.032756 0.029331 0.096260
v 0.014310 0.039898 0.097768
v 0.015425 0.040068 0.097575
v 0.016149 0.039196 0.097768
v 0.017223 0.039280 0.097597
v 0.018637 0.038665 0.097580
v 0.026838 0.034856 0.096064
v 0.025605 0.035746 0.096188
v 0.030024 0.030929 0.097476
v 0.027334 0.034407 0.096299
v 0.042506 0.010092 0.096882
v 0.028875 0.033188 0.096064
v 0.029342 0.032710 0.096299
v 0.032580 0.029083 0.096914
v 0.042937 0.009174 0.096445
v 0.033194 0.027876 0.097307
v 0.043973 0.000615 0.096232
v 0.042833 0.008513 0.096910
v 0.043326 0.007096 0.096433
v 0.043236 0.008093 0.096065
v 0.034465 0.027303 0.096260
v 0.032852 0.027607 0.097598
v -0.043973 -0.000615 0.096232
v -0.043950 0.002054 0.095992
v -0.043824 0.002076 0.096539
v 0.043155 0.006822 0.096881
v -0.043596 0.000413 0.097051
v 0.043608 0.005193 0.096407
v 0.032438 0.027339 0.097764
v 0.043615 0.005751 0.096044
v -0.043249 0.000055 0.097380
v -0.042802 0.000155 0.097644
v 0.043351 0.005374 0.096891
v -0.042251 0.003076 0.097779
v -0.043755 0.004345 0.096190
v -0.042902 0.004399 0.097462
v 0.034284 0.027053 0.096914
v 0.043521 0.003690 0.096905
v -0.043538 0.004726 0.096701
v 0.043774 0.003375 0.096433
v 0.043864 0.003358 0.096031
v -0.043243 0.004708 0.097134
v 0.036049 0.025176 0.096260
v -0.042423 0.004272 0.097702
v -0.042630 0.006160 0.097496
v -0.043047 0.006211 0.097139
v -0.042226 0.005923 0.097700
v 0.035863 0.024923 0.096914
v -0.042783 0.007736 0.097159
v 0.035574 0.024734 0.097307
v -0.042288 0.008315 0.097481
v -0.042490 0.009301 0.097137
v -0.041863 0.008111 0.097701
v 0.036137 0.023155 0.097598
v 0.037326 0.023249 0.096225
v -0.041797 0.010537 0.097476
v 0.035563 0.022989 0.097785
v -0.042466 0.011404 0.096190
v -0.041760 0.013762 0.096260
v -0.042084 0.010980 0.097140
v -0.041357 0.010362 0.097703
v -0.030087 0.031981 0.096417
v -0.029993 0.031766 0.096882
v -0.029435 0.031840 0.097275
v 0.037483 0.022419 0.096914
v 0.037183 0.022249 0.097307
v -0.028789 0.032838 0.096910
v -0.041476 0.013674 0.096914
v -0.027823 0.033223 0.097300
v 0.038659 0.021005 0.096014
v -0.040739 0.014809 0.097307
v 0.038630 0.020838 0.096504
v -0.040856 0.016250 0.096260
v -0.040335 0.014647 0.097598
v -0.027485 0.033962 0.096881
v -0.026145 0.034595 0.097273
v -0.026329 0.034857 0.096891
v -0.039800 0.014457 0.097783
v -0.024956 0.035845 0.096905
v 0.038923 0.019807 0.096914
v -0.024810 0.036222 0.096433
v -0.024732 0.035582 0.097300
v -0.040571 0.016165 0.096914
v 0.039208 0.018484 0.097307
v 0.039836 0.018649 0.096134
v -0.017374 0.039461 0.097466
v 0.038809 0.018311 0.097598
v -0.039804 0.018679 0.096260
v -0.017545 0.039804 0.097134
v -0.016597 0.039279 0.097702
v 0.038371 0.018149 0.097759
v -0.015980 0.039998 0.097496
v -0.016144 0.040385 0.097139
v 0.040121 0.017442 0.096806
v -0.013943 0.040780 0.097481
v -0.014692 0.040919 0.097159
v -0.039515 0.018596 0.096914
v -0.039207 0.018441 0.097307
v 0.040889 0.016213 0.096134
v -0.013190 0.041448 0.097137
v -0.013965 0.040405 0.097656
v -0.038121 0.019718 0.097598
v -0.011773 0.041466 0.097476
v -0.038516 0.021242 0.096153
v -0.037709 0.019447 0.097764
v -0.011533 0.041936 0.097140
v -0.011705 0.040997 0.097703
v 0.012857 0.041411 0.097275
v -0.038275 0.021175 0.096820
v 0.041105 0.014975 0.096806
v -0.037859 0.021077 0.097307
v 0.041158 0.013599 0.097307
v 0.041792 0.013718 0.096134
v 0.014861 0.040706 0.097300
v 0.040741 0.013476 0.097598
v -0.037454 0.023040 0.096244
v 0.040046 0.013772 0.097786
v 0.016887 0.039940 0.097273
v 0.041938 0.012454 0.096806
v 0.018449 0.039209 0.097300
v 0.042687 0.010645 0.096094
v -0.035612 0.024714 0.097307
v -0.036053 0.025198 0.096134
v -0.035262 0.024454 0.097598
v -0.036545 0.024013 0.096835
v -0.034847 0.024043 0.097785
v 0.026902 0.034174 0.097139
v 0.042291 0.009571 0.097275
v 0.028091 0.033183 0.097159
v -0.035165 0.026025 0.096806
v 0.029300 0.032147 0.097137
v -0.034470 0.027324 0.096134
v -0.033521 0.028110 0.096806
v -0.032356 0.028845 0.097307
v -0.032762 0.029350 0.096134
v -0.032041 0.028545 0.097598
v -0.031707 0.028183 0.097764
v 0.043596 -0.000413 0.097051
v -0.031754 0.030092 0.096806
v 0.043249 -0.000055 0.097380
v 0.042624 -0.000397 0.097722
v -0.030553 0.031655 0.096095
v -0.041752 0.006476 0.097786
v -0.041107 0.009778 0.097786
v -0.043258 0.006819 0.096711
v -0.028624 0.033399 0.096065
v -0.026779 0.034903 0.096045
v -0.024827 0.036317 0.096031
v -0.029434 0.031246 0.097577
v -0.042814 0.009147 0.096728
v -0.016476 0.038916 0.097785
v -0.028706 0.031171 0.097773
v -0.013907 0.040027 0.097772
v -0.042362 0.011079 0.096713
v -0.012085 0.040489 0.097786
v 0.012131 0.042289 0.096094
v 0.028924 0.030785 0.097788
v -0.022544 0.037756 0.096239
v -0.021314 0.038139 0.096915
v -0.021157 0.037831 0.097308
v -0.020966 0.037438 0.097598
v -0.020826 0.036949 0.097766
v -0.020234 0.039043 0.096239
v -0.017676 0.040067 0.096701
v -0.015724 0.040872 0.096711
v -0.017617 0.040290 0.096190
v -0.013486 0.041652 0.096728
v -0.011586 0.042226 0.096713
v -0.028951 0.033002 0.096443
v -0.027808 0.033973 0.096433
v -0.009012 0.043036 0.096260
v -0.026302 0.035168 0.096407
v -0.008896 0.042756 0.096914
v -0.007544 0.042685 0.097307
v -0.006401 0.043501 0.096260
v -0.007482 0.042254 0.097598
v 0.025862 0.035342 0.096701
v -0.007380 0.041696 0.097783
v 0.027535 0.034053 0.096711
v -0.006287 0.043218 0.096914
v 0.029329 0.032505 0.096728
v -0.002655 0.043935 0.095988
v -0.003667 0.043751 0.096444
v -0.003653 0.043519 0.096914
v -0.003633 0.043175 0.097307
v -0.001984 0.042873 0.097598
v -0.002013 0.042380 0.097764
v -0.000671 0.043903 0.096444
v -0.000674 0.043671 0.096914
v -0.000677 0.043326 0.097307
v 0.001146 0.043982 0.096013
v 0.002203 0.043839 0.096470
v 0.002308 0.043611 0.096914
v -0.042888 0.009737 0.096148
v 0.003597 0.043197 0.097307
v 0.003776 0.043823 0.096134
v 0.003547 0.042765 0.097598
v 0.003843 0.042166 0.097786
v 0.004956 0.043466 0.096806
v 0.006411 0.043516 0.096134
v 0.007584 0.043085 0.096806
v 0.008802 0.042444 0.097307
v 0.009024 0.043050 0.096134
v 0.008700 0.042020 0.097598
v 0.008610 0.041662 0.097732
v 0.010184 0.042546 0.096806
v 0.018160 0.038234 0.097782
v -0.001624 0.022315 0.106799
v -0.002160 0.022900 0.106700
v 0.003071 0.024353 0.106800
v 0.002997 0.025326 0.106703
v 0.002849 0.023949 0.106699
v -0.002612 0.023307 0.106800
v -0.002811 0.023888 0.106700
v -0.003147 0.024768 0.106799
v 0.002143 0.022684 0.106799
v -0.003013 0.025188 0.106695
v 0.002100 0.022840 0.106700
v 0.001268 0.022268 0.106700
v 0.000511 0.021990 0.106764
v -0.000306 0.021961 0.106771
v -0.001345 0.022305 0.106700
v -0.002330 0.023091 0.098798
v 0.002984 0.024622 0.098798
v 0.002030 0.022761 0.098800
v -0.000532 0.024185 0.097952
v -0.000128 0.021980 0.098797
v 0.000075 0.023242 0.098283
v -0.001454 0.022350 0.098800
v -0.002994 0.024743 0.098794
v -0.001404 0.024289 0.098205
v -0.002832 0.023975 0.098801
v 0.002797 0.023876 0.098797
v 0.001238 0.024264 0.098149
v 0.001147 0.022215 0.098797
v -0.015001 -0.004731 0.099132
v -0.014960 -0.003495 0.098808
v 0.011127 -0.010589 0.098806
v -0.015376 -0.003394 0.099194
v 0.011110 -0.010856 0.098880
v -0.015107 -0.003517 0.098869
v -0.015344 -0.003124 0.099003
v -0.011691 -0.010413 0.098992
v -0.011642 -0.010596 0.099172
v -0.012288 -0.009683 0.098978
v -0.015483 -0.002342 0.099003
v -0.015293 -0.001313 0.098802
v -0.012628 -0.009404 0.099184
v -0.012978 -0.008778 0.099016
v -0.015355 -0.002073 0.098853
v -0.015612 -0.001934 0.099128
v -0.013361 -0.008307 0.099149
v 0.015162 -0.003418 0.098889
v 0.014973 -0.004171 0.098889
v 0.014746 -0.004914 0.098889
v 0.014388 -0.005919 0.098898
v 0.014163 -0.006836 0.099128
v 0.013649 -0.007851 0.099189
v 0.013021 -0.008844 0.099188
v 0.012334 -0.009786 0.099188
v -0.011604 -0.010167 0.098825
v -0.012143 -0.009539 0.098830
v -0.014099 -0.006819 0.099004
v -0.013880 -0.007424 0.099167
v -0.012957 -0.008566 0.098878
v -0.013567 -0.007252 0.098812
v -0.013889 -0.006944 0.098879
v -0.014364 -0.005640 0.098826
v -0.014633 -0.005792 0.099140
v -0.014723 -0.005277 0.098981
v 0.015329 -0.002608 0.098892
v 0.015109 -0.002799 0.098812
v 0.015442 -0.000144 0.098818
v 0.015606 -0.001194 0.098983
v 0.015712 0.000605 0.099096
v 0.015740 -0.000754 0.099228
v 0.015460 -0.002884 0.099119
v 0.014748 -0.004307 0.098811
v 0.015235 -0.003880 0.099112
v 0.015023 -0.004635 0.099112
v 0.014236 -0.005768 0.098810
v 0.014773 -0.005377 0.099112
v 0.014487 -0.006107 0.099112
v 0.013909 -0.006734 0.098838
v 0.013799 -0.007345 0.098962
v 0.013181 -0.007954 0.098814
v 0.013192 -0.008421 0.098981
v 0.011376 -0.010880 0.099177
v 0.008523 -0.012824 0.098807
v 0.009275 -0.012472 0.098873
v 0.010092 -0.012064 0.099104
v 0.012545 -0.008913 0.098814
v 0.012573 -0.009160 0.098896
v 0.012263 -0.009762 0.099020
v 0.008834 -0.013013 0.099104
v 0.011840 -0.010000 0.098855
v 0.011268 -0.010896 0.099022
v 0.007284 -0.013708 0.098874
v 0.007489 -0.013832 0.099104
v 0.005385 -0.014427 0.098812
v 0.005281 -0.014661 0.098898
v 0.006063 -0.014527 0.099158
v 0.004586 -0.015046 0.099104
v 0.002405 -0.015207 0.098810
v 0.002910 -0.015338 0.098944
v 0.003050 -0.015443 0.099158
v -0.013574 -0.007723 0.098953
v 0.000569 -0.015481 0.098839
v 0.001500 -0.015658 0.099104
v -0.014390 -0.006092 0.098961
v -0.002427 -0.015242 0.098814
v -0.000408 -0.015610 0.098944
v -0.000355 -0.015744 0.099165
v -0.015114 -0.004091 0.099000
v -0.002196 -0.015575 0.099104
v -0.004246 -0.014893 0.098840
v -0.003742 -0.015277 0.099104
v -0.005825 -0.014453 0.098898
v -0.005256 -0.014838 0.099157
v -0.007594 -0.013395 0.098812
v -0.006708 -0.014226 0.099104
v -0.008594 -0.012999 0.098898
v -0.008106 -0.013494 0.099157
v -0.010126 -0.011594 0.098810
v -0.009405 -0.012606 0.099103
v -0.010554 -0.011503 0.098944
v -0.010630 -0.011610 0.099157
v -0.012815 -0.008490 0.098813
v -0.015499 0.000451 0.098849
v -0.015712 -0.000605 0.099096
v -0.014744 -0.004611 0.098835
v 0.031544 -0.000000 0.105790
v 0.030466 0.002186 0.106800
v 0.031118 0.005046 0.105801
v 0.029662 0.007203 0.106800
v 0.030095 0.009385 0.105801
v 0.028327 0.011372 0.106800
v 0.028470 0.013536 0.105801
v 0.026409 0.015307 0.106800
v 0.026276 0.017416 0.105801
v 0.023948 0.018926 0.106800
v 0.023557 0.020948 0.105801
v 0.020996 0.022157 0.106800
v 0.020367 0.024061 0.105801
v 0.017611 0.024932 0.106800
v 0.016770 0.026693 0.105801
v 0.013864 0.027194 0.106800
v 0.012838 0.028792 0.105801
v 0.009832 0.028898 0.106800
v 0.008649 0.030314 0.105801
v 0.005596 0.030007 0.106800
v 0.004287 0.031231 0.105801
v 0.001094 0.030508 0.106800
v 0.001014 0.031488 0.105800
v -0.002338 0.031437 0.105796
v -0.004531 0.030219 0.106800
v -0.005570 0.031008 0.105800
v -0.008851 0.030256 0.105801
v -0.009832 0.028898 0.106800
v -0.013030 0.028705 0.105801
v -0.013864 0.027194 0.106800
v -0.016949 0.026580 0.105801
v -0.017611 0.024932 0.106800
v -0.020528 0.023924 0.105801
v -0.020996 0.022157 0.106800
v -0.023697 0.020789 0.105801
v -0.023948 0.018926 0.106800
v -0.026392 0.017239 0.105801
v -0.026409 0.015307 0.106800
v -0.028560 0.013345 0.105801
v -0.028327 0.011372 0.106800
v -0.030157 0.009184 0.105801
v -0.029662 0.007203 0.106800
v -0.031150 0.004839 0.105801
v -0.030387 0.002884 0.106800
v -0.031521 0.000444 0.105796
v 0.015727 -0.001220 0.105803
v 0.016587 -0.002379 0.106800
v 0.016760 -0.000000 0.106800
v 0.015194 -0.004240 0.105804
v 0.015999 -0.005007 0.106800
v 0.015149 -0.007177 0.106800
v 0.014195 -0.006854 0.105799
v 0.013694 -0.009685 0.106800
v 0.013272 -0.008491 0.105802
v 0.011985 -0.010238 0.105798
v 0.011889 -0.011818 0.106800
v 0.010358 -0.011882 0.105800
v 0.010096 -0.013380 0.106800
v 0.007820 -0.013716 0.105811
v 0.008229 -0.014604 0.106800
v 0.005811 -0.015729 0.106800
v 0.004589 -0.015092 0.105808
v 0.002836 -0.016520 0.106800
v 0.001074 -0.015752 0.105799
v -0.000000 -0.016784 0.106800
v -0.002453 -0.015582 0.105799
v -0.002836 -0.016520 0.106800
v -0.004572 -0.015078 0.105802
v -0.005811 -0.015729 0.106800
v -0.006906 -0.014182 0.105807
v -0.008229 -0.014604 0.106800
v -0.009916 -0.012286 0.105810
v -0.010096 -0.013380 0.106800
v -0.011889 -0.011818 0.106800
v -0.011766 -0.010478 0.105801
v -0.013694 -0.009685 0.106800
v -0.013099 -0.008768 0.105799
v -0.014241 -0.006756 0.105800
v -0.015149 -0.007177 0.106800
v -0.015999 -0.005007 0.106800
v -0.015227 -0.004117 0.105806
v -0.016587 -0.002379 0.106800
v -0.015689 -0.001521 0.105802
v -0.016760 0.000000 0.106800
v 0.031510 -0.000000 0.098806
v 0.032414 0.002679 0.097800
v 0.031291 0.003827 0.098800
v 0.031722 0.007178 0.097800
v 0.030442 0.008188 0.098800
v 0.030410 0.011537 0.097800
v 0.028989 0.012386 0.098801
v 0.028501 0.015669 0.097800
v 0.026960 0.016338 0.098801
v 0.026034 0.019495 0.097800
v 0.024395 0.019966 0.098801
v 0.023058 0.022939 0.097800
v 0.021346 0.023197 0.098801
v 0.019629 0.025934 0.097800
v 0.017873 0.025967 0.098801
v 0.015816 0.028420 0.097800
v 0.014045 0.028222 0.098801
v 0.011693 0.030350 0.097800
v 0.009939 0.029916 0.098800
v 0.007340 0.031686 0.097800
v 0.005634 0.031016 0.098800
v 0.002844 0.032400 0.097800
v 0.001218 0.031500 0.098800
v -0.001708 0.032480 0.097800
v -0.003770 0.031313 0.098800
v -0.006226 0.031923 0.097800
v -0.008673 0.030307 0.098800
v -0.010623 0.030741 0.097800
v -0.012847 0.028787 0.098800
v -0.014811 0.028957 0.097800
v -0.016767 0.026695 0.098800
v -0.018709 0.026605 0.097800
v -0.020353 0.024073 0.098800
v -0.022241 0.023732 0.097800
v -0.023535 0.020972 0.098800
v -0.025336 0.020394 0.097800
v -0.026250 0.017455 0.098800
v -0.027935 0.016657 0.097800
v -0.028443 0.013592 0.098800
v -0.029987 0.012594 0.097800
v -0.030071 0.009458 0.098800
v -0.031452 0.008284 0.097800
v -0.031103 0.005136 0.098800
v -0.032427 0.002844 0.097800
v -0.031496 0.001111 0.098800
v -0.043991 0.001276 0.058200
v 0.043943 0.002462 0.058200
v 0.043991 -0.001276 0.058200
v 0.043461 0.007016 0.058200
v 0.042315 0.012148 0.058200
v 0.040564 0.017107 0.058200
v 0.038236 0.021821 0.058199
v 0.035361 0.026224 0.058199
v 0.031982 0.030253 0.058199
v 0.028147 0.033851 0.058199
v 0.023910 0.036965 0.058199
v 0.019332 0.039552 0.058199
v 0.014478 0.041575 0.058199
v 0.009418 0.043005 0.058199
v 0.004223 0.043821 0.058199
v -0.001032 0.044012 0.058199
v -0.006273 0.043575 0.058199
v -0.011424 0.042516 0.058199
v -0.016412 0.040851 0.058200
v -0.021166 0.038602 0.058200
v -0.025618 0.035803 0.058200
v -0.029209 0.032924 0.058200
v -0.032861 0.029317 0.058205
v -0.036396 0.024767 0.058200
v -0.039047 0.020331 0.058200
v -0.041161 0.015615 0.058200
v -0.042707 0.010684 0.058200
v -0.043665 0.005607 0.058200
v 0.015709 0.015663 0.097300
v 0.020481 0.017350 0.097300
v 0.014926 0.017076 0.097300
v 0.019987 0.016109 0.097300
v 0.019312 0.015414 0.097300
v 0.018118 0.014895 0.097300
v 0.016838 0.015015 0.097300
v 0.016099 -0.019993 0.097300
v 0.015323 -0.019178 0.097300
v 0.020455 -0.017961 0.097300
v 0.020191 -0.018894 0.097300
v 0.014875 -0.017955 0.097300
v 0.019399 -0.019907 0.097300
v 0.018163 -0.020430 0.097300
v 0.017153 -0.020420 0.097300
v -0.019623 -0.019680 0.097300
v -0.014875 -0.017955 0.097300
v -0.020191 -0.018894 0.097300
v -0.015323 -0.019178 0.097300
v -0.020455 -0.017961 0.097300
v -0.016099 -0.019993 0.097300
v -0.017352 -0.020466 0.097300
v -0.018680 -0.020295 0.097300
v -0.020032 0.016178 0.097300
v -0.014926 0.017076 0.097300
v -0.020403 0.017074 0.097300
v -0.015709 0.015663 0.097300
v -0.020446 0.018042 0.097300
v -0.016838 0.015015 0.097300
v -0.018004 0.014890 0.097300
v -0.019256 0.015362 0.097300
v -0.031434 0.030511 0.058000
v -0.028430 0.033351 0.058000
v -0.024215 0.036527 0.058000
v -0.019649 0.039173 0.058000
v -0.014799 0.041250 0.058000
v -0.009735 0.042730 0.058000
v -0.004530 0.043590 0.058000
v 0.000740 0.043818 0.058000
v 0.006000 0.043412 0.058000
v 0.011172 0.042377 0.058000
v 0.016183 0.040727 0.058000
v 0.020958 0.038488 0.058000
v 0.025430 0.035692 0.058000
v 0.029534 0.032378 0.058000
v 0.033210 0.028595 0.058000
v 0.036405 0.024398 0.058000
v 0.039073 0.019847 0.058000
v 0.041175 0.015008 0.058000
v 0.042679 0.009952 0.058000
v 0.043566 0.004751 0.058000
v 0.043822 -0.000608 0.057998
v 0.043665 -0.005607 0.058200
v 0.043420 -0.005940 0.058000
v 0.042707 -0.010684 0.058200
v 0.042396 -0.011097 0.058000
v 0.041161 -0.015615 0.058200
v 0.040762 -0.016094 0.058000
v 0.039048 -0.020331 0.058200
v 0.038541 -0.020860 0.058000
v 0.036396 -0.024767 0.058200
v 0.035765 -0.025326 0.058000
v 0.032862 -0.029317 0.058205
v 0.032351 -0.029569 0.058000
v -0.037624 -0.022830 0.057800
v -0.037479 -0.022667 0.058000
v -0.035608 -0.025547 0.058000
v -0.035934 -0.025400 0.057800
v -0.033584 -0.028464 0.057800
v -0.032283 -0.029637 0.058000
v -0.029966 -0.032251 0.057801
v -0.028492 -0.033298 0.058000
v -0.025923 -0.035582 0.057801
v -0.024290 -0.036477 0.058000
v -0.021514 -0.038408 0.057801
v -0.019736 -0.039129 0.058000
v -0.016801 -0.040692 0.057801
v -0.014897 -0.041215 0.058000
v -0.011228 -0.042583 0.057801
v -0.009843 -0.042705 0.058000
v -0.005432 -0.043687 0.057801
v -0.004647 -0.043577 0.058000
v -0.000205 -0.044023 0.057801
v 0.000616 -0.043820 0.058000
v 0.005025 -0.043736 0.057801
v 0.005871 -0.043430 0.058000
v 0.010183 -0.042830 0.057801
v 0.011041 -0.042411 0.058000
v 0.015198 -0.041317 0.057801
v 0.016053 -0.040779 0.058000
v 0.019998 -0.039219 0.057801
v 0.020832 -0.038556 0.058000
v 0.024515 -0.036567 0.057801
v 0.025311 -0.035776 0.058000
v 0.029130 -0.033027 0.057796
v 0.028939 -0.032895 0.058000
v 0.032818 -0.029327 0.057800
v 0.035703 -0.025757 0.057800
v 0.038525 -0.021306 0.057800
v 0.040795 -0.016549 0.057800
v 0.042481 -0.011555 0.057800
v 0.043557 -0.006396 0.057800
v 0.044017 -0.001015 0.057796
v 0.043807 0.004371 0.057801
v 0.042970 0.009575 0.057801
v 0.041518 0.014641 0.057801
v 0.039471 0.019498 0.057801
v 0.036858 0.024075 0.057801
v 0.033717 0.028307 0.057801
v 0.030092 0.032134 0.057801
v 0.026037 0.035499 0.057801
v 0.022187 0.038011 0.057801
v 0.018079 0.040140 0.057801
v 0.013153 0.042013 0.057801
v 0.008038 0.043284 0.057801
v 0.002808 0.043934 0.057801
v -0.003130 0.043927 0.057801
v -0.008875 0.043116 0.057804
v -0.013841 0.041792 0.057801
v -0.018736 0.039838 0.057801
v -0.023363 0.037314 0.057801
v -0.028171 0.033850 0.057801
v -0.032470 0.029734 0.057792
v -0.037607 -0.022829 0.052152
v -0.035069 -0.026613 0.052199
v -0.031660 -0.030590 0.052199
v -0.027803 -0.034134 0.052199
v -0.023552 -0.037194 0.052199
v -0.018968 -0.039728 0.052199
v -0.014115 -0.041700 0.052199
v -0.009062 -0.043081 0.052199
v -0.003882 -0.043852 0.052199
v 0.001353 -0.044003 0.052199
v 0.006569 -0.043531 0.052199
v 0.011693 -0.042442 0.052199
v 0.016651 -0.040753 0.052199
v 0.021373 -0.038487 0.052199
v 0.025792 -0.035677 0.052200
v 0.030305 -0.031953 0.052205
v 0.033380 -0.028674 0.052200
v 0.035848 -0.025555 0.052199
v 0.038645 -0.021088 0.052199
v 0.040888 -0.016318 0.052199
v 0.042545 -0.011314 0.052199
v 0.043593 -0.006149 0.052199
v 0.043978 -0.001680 0.052197
v 0.043934 0.002808 0.052199
v 0.043284 0.008038 0.052199
v 0.042013 0.013153 0.052199
v 0.040140 0.018079 0.052199
v 0.038011 0.022187 0.052199
v 0.035499 0.026037 0.052199
v 0.032134 0.030092 0.052199
v 0.028307 0.033717 0.052199
v 0.024075 0.036858 0.052199
v 0.019498 0.039471 0.052199
v 0.014641 0.041518 0.052199
v 0.009575 0.042970 0.052199
v 0.004371 0.043807 0.052199
v -0.001015 0.044017 0.052204
v -0.005724 0.043639 0.052200
v -0.010278 0.042807 0.052200
v -0.015320 0.041272 0.052200
v -0.020142 0.039146 0.052200
v -0.024676 0.036458 0.052200
v -0.028856 0.033248 0.052200
v -0.040249 0.017336 0.052000
v -0.039036 0.020353 0.052199
v -0.042749 -0.009813 0.052000
v -0.042807 -0.010299 0.052202
v -0.037888 0.022024 0.052000
v -0.043739 -0.004988 0.052199
v -0.036375 0.024797 0.052199
v -0.043709 -0.003180 0.052000
v -0.034982 0.026397 0.052000
v -0.044026 0.000310 0.052203
v -0.032910 0.029254 0.052199
v -0.031893 0.030044 0.052000
v -0.043775 0.002070 0.052000
v -0.043666 0.005595 0.052199
v -0.043214 0.007289 0.052000
v -0.042707 0.010685 0.052199
v -0.042033 0.012401 0.052000
v -0.041156 0.015627 0.052199
v -0.028429 0.033352 0.052000
v -0.024212 0.036529 0.052000
v -0.019644 0.039175 0.052000
v -0.014791 0.041253 0.052000
v -0.009724 0.042732 0.052000
v -0.004516 0.043591 0.052000
v 0.000757 0.043818 0.052000
v 0.006019 0.043409 0.052000
v 0.011193 0.042371 0.052000
v 0.016205 0.040718 0.052000
v 0.020982 0.038476 0.052000
v 0.025454 0.035675 0.052000
v 0.029557 0.032357 0.052000
v 0.033232 0.028570 0.052000
v 0.036425 0.024368 0.052000
v 0.039090 0.019813 0.052000
v 0.041188 0.014971 0.052000
v 0.042689 0.009912 0.052000
v 0.043571 0.004709 0.052000
v 0.043821 -0.000563 0.052000
v 0.043435 -0.005827 0.052000
v 0.042420 -0.011007 0.052000
v 0.040789 -0.016027 0.052000
v 0.038565 -0.020815 0.052000
v 0.035783 -0.025301 0.052000
v 0.032898 -0.028936 0.052000
v 0.029565 -0.032355 0.052000
v -0.041032 -0.015914 0.057000
v -0.040651 -0.016838 0.054000
v -0.040257 -0.017757 0.057000
v -0.032259 -0.029663 0.052000
v -0.028466 -0.033320 0.052000
v -0.035586 -0.025577 0.052000
v 0.025314 -0.035774 0.052000
v 0.020838 -0.038553 0.052000
v 0.016062 -0.040775 0.052000
v 0.011054 -0.042408 0.052000
v 0.005886 -0.043427 0.052000
v 0.000635 -0.043820 0.052000
v -0.004625 -0.043580 0.052000
v -0.009819 -0.042710 0.052000
v -0.014872 -0.041224 0.052000
v -0.019709 -0.039142 0.052000
v -0.024263 -0.036495 0.052000
v -0.040189 -0.016647 0.054000
v -0.039806 -0.017571 0.057000
v -0.040571 -0.015723 0.057000
v -0.042824 -0.010259 0.057793
v -0.042440 0.011701 0.057801
v -0.043520 0.006636 0.057801
v -0.044022 0.000948 0.057806
v -0.035773 0.025659 0.057801
v -0.043767 -0.004746 0.057801
v -0.038539 0.021279 0.057801
v -0.040772 0.016605 0.057801
v -0.043760 0.002665 0.057998
v -0.034170 0.027439 0.058000
v -0.043698 -0.003328 0.058000
v -0.037204 0.023160 0.058000
v -0.042820 -0.009401 0.058009
v -0.039704 0.018552 0.058000
v -0.041635 0.013680 0.058000
v -0.042970 0.008611 0.058000
v -0.041351 -0.014577 0.058000
v -0.038953 -0.020075 0.058000
v 0.028721 -0.033366 0.058200
v 0.024537 -0.036552 0.058200
v 0.020004 -0.039217 0.058200
v 0.015185 -0.041322 0.058200
v 0.010149 -0.042838 0.058199
v 0.004969 -0.043743 0.058199
v -0.000282 -0.044023 0.058199
v -0.004868 -0.043743 0.058199
v -0.009417 -0.043005 0.058199
v -0.014478 -0.041575 0.058199
v -0.019332 -0.039553 0.058199
v -0.023910 -0.036966 0.058199
v -0.028146 -0.033851 0.058199
v -0.031982 -0.030254 0.058199
v -0.034517 -0.027295 0.058200
v -0.036862 -0.024069 0.058200
v -0.039456 -0.019528 0.058201
v -0.041735 -0.014057 0.058197
v -0.043232 -0.008311 0.058200
v -0.043915 -0.003097 0.058200
v -0.015416 0.019334 0.106338
v -0.016176 0.020045 0.097300
v -0.015368 0.019246 0.097300
v -0.020400 0.018295 0.106332
v -0.014971 0.018361 0.097300
v -0.014955 0.018295 0.106332
v -0.020081 0.019119 0.097300
v -0.019939 0.019334 0.106338
v -0.019216 0.020016 0.097300
v -0.019184 0.020021 0.106333
v -0.018454 0.020360 0.106331
v -0.018203 0.020420 0.097300
v -0.017145 0.020443 0.106339
v -0.017233 0.020434 0.097300
v -0.016164 0.020016 0.106332
v -0.015416 -0.016022 0.106338
v -0.015791 -0.015619 0.097300
v -0.015123 -0.016525 0.097300
v -0.020400 -0.017060 0.106332
v -0.020385 -0.016994 0.097300
v -0.014955 -0.017060 0.106332
v -0.019939 -0.016022 0.106338
v -0.019987 -0.016109 0.097300
v -0.019084 -0.015242 0.097300
v -0.019184 -0.015334 0.106333
v -0.018453 -0.014995 0.106331
v -0.017881 -0.014893 0.097300
v -0.017145 -0.014912 0.106339
v -0.016763 -0.015028 0.097300
v -0.016164 -0.015339 0.106332
v 0.019939 -0.016022 0.106338
v 0.019893 -0.015992 0.097300
v 0.020349 -0.016829 0.097300
v 0.014955 -0.017060 0.106332
v 0.015123 -0.016525 0.097300
v 0.020400 -0.017060 0.106332
v 0.015416 -0.016022 0.106338
v 0.015998 -0.015422 0.097300
v 0.016171 -0.015334 0.106333
v 0.016902 -0.014996 0.106331
v 0.017464 -0.014869 0.097300
v 0.018210 -0.014912 0.106339
v 0.019043 -0.015214 0.097300
v 0.019191 -0.015339 0.106332
v 0.019939 0.019334 0.106338
v 0.019564 0.019736 0.097300
v 0.020232 0.018830 0.097300
v 0.014955 0.018295 0.106332
v 0.014971 0.018361 0.097300
v 0.020437 0.018149 0.106330
v 0.015416 0.019334 0.106338
v 0.015552 0.019526 0.097300
v 0.016171 0.020021 0.106333
v 0.016871 0.020372 0.097300
v 0.016902 0.020360 0.106331
v 0.018210 0.020443 0.106339
v 0.018438 0.020390 0.097300
v 0.019191 0.020016 0.106332
v -0.043864 -0.003358 0.096031
v -0.043615 -0.005751 0.096044
v -0.043236 -0.008093 0.096065
v -0.042687 -0.010645 0.096094
v -0.041792 -0.013718 0.096134
v -0.040889 -0.016213 0.096134
v -0.039836 -0.018649 0.096134
v -0.038659 -0.021005 0.096014
v -0.037326 -0.023249 0.096225
v -0.036049 -0.025176 0.096260
v -0.034465 -0.027303 0.096260
v -0.032756 -0.029331 0.096260
v -0.030795 -0.031397 0.096161
v -0.028875 -0.033188 0.096064
v -0.026838 -0.034856 0.096064
v -0.023684 -0.037052 0.096239
v -0.021416 -0.038423 0.096116
v -0.019031 -0.039663 0.096031
v -0.016832 -0.040645 0.096045
v -0.014611 -0.041489 0.096065
v -0.012131 -0.042289 0.096094
v -0.009024 -0.043050 0.096134
v -0.006411 -0.043516 0.096134
v -0.003776 -0.043823 0.096134
v -0.001146 -0.043982 0.096013
v 0.002655 -0.043935 0.095988
v 0.006401 -0.043501 0.096260
v 0.009012 -0.043036 0.096260
v 0.013051 -0.042011 0.096064
v 0.015599 -0.041118 0.096164
v 0.017617 -0.040290 0.096190
v 0.020234 -0.039043 0.096239
v 0.022544 -0.037756 0.096239
v 0.024827 -0.036317 0.096031
v 0.026779 -0.034903 0.096045
v 0.028624 -0.033399 0.096065
v 0.030553 -0.031655 0.096095
v 0.032762 -0.029350 0.096134
v 0.034470 -0.027324 0.096134
v 0.036053 -0.025198 0.096134
v 0.037454 -0.023040 0.096244
v 0.038516 -0.021242 0.096153
v 0.039804 -0.018679 0.096260
v 0.040856 -0.016250 0.096260
v 0.041760 -0.013762 0.096260
v 0.043235 -0.007997 0.096200
v 0.043950 -0.002054 0.095992
v 0.015237 0.002101 0.098815
v 0.015124 0.003103 0.098829
v 0.014365 0.005642 0.098827
v 0.014740 0.004607 0.098833
v 0.013566 0.007216 0.098809
v 0.012828 0.008451 0.098810
v 0.010124 0.011597 0.098810
v 0.007597 0.013393 0.098811
v 0.002419 0.015241 0.098813
v -0.015043 0.003176 0.098812
v -0.002400 0.015209 0.098811
v -0.005387 0.014426 0.098812
v -0.014511 0.005045 0.098810
v -0.013715 0.006978 0.098813
v -0.008523 0.012824 0.098807
v -0.011329 0.010422 0.098812
v 0.015689 0.001521 0.105802
v 0.015227 0.004117 0.105806
v 0.015376 0.003394 0.099194
v 0.015001 0.004731 0.099132
v 0.014633 0.005792 0.099140
v 0.014241 0.006756 0.105800
v 0.013880 0.007424 0.099167
v 0.013099 0.008768 0.105799
v 0.012628 0.009404 0.099184
v 0.011766 0.010478 0.105801
v 0.011642 0.010596 0.099172
v 0.009916 0.012286 0.105810
v 0.006906 0.014182 0.105807
v 0.004572 0.015078 0.105802
v 0.002453 0.015582 0.105799
v -0.001074 0.015752 0.105799
v -0.004589 0.015092 0.105808
v -0.007820 0.013716 0.105811
v -0.010358 0.011882 0.105800
v -0.011376 0.010880 0.099177
v -0.011985 0.010238 0.105798
v -0.012334 0.009786 0.099188
v -0.013272 0.008491 0.105802
v -0.013021 0.008844 0.099188
v -0.013649 0.007851 0.099189
v -0.014195 0.006854 0.105799
v -0.015194 0.004240 0.105804
v -0.015235 0.003880 0.099112
v -0.015727 0.001220 0.105803
v 0.008229 0.014604 0.106800
v 0.017169 0.020936 0.106799
v 0.009832 -0.028898 0.106800
v -0.011889 0.011818 0.106800
v 0.004531 -0.030219 0.106800
v -0.020657 -0.016313 0.106799
v -0.023948 -0.018926 0.106800
v -0.016742 -0.014552 0.106800
v -0.018714 -0.011220 0.106800
v -0.018186 -0.014419 0.106799
v -0.017403 -0.009736 0.106800
v -0.010096 0.013380 0.106800
v 0.014698 0.019042 0.106799
v 0.020996 -0.022157 0.106800
v -0.000796 0.027962 0.106774
v -0.020429 -0.012209 0.106800
v -0.019723 -0.015124 0.106799
v -0.018714 0.011220 0.106800
v 0.023948 -0.018926 0.106800
v -0.016635 -0.007911 0.106800
v 0.005811 0.015729 0.106800
v -0.026409 -0.015307 0.106800
v -0.008229 0.014604 0.106800
v -0.022371 -0.012599 0.106800
v 0.017611 -0.024932 0.106800
v 0.015632 0.020231 0.106799
v -0.001848 0.027518 0.106800
v -0.001094 -0.030508 0.106800
v -0.016507 -0.005791 0.106800
v -0.024335 -0.012348 0.106800
v -0.014698 0.019042 0.106799
v -0.020429 0.012209 0.106800
v -0.005811 0.015729 0.106800
v 0.016587 0.002379 0.106800
v 0.020657 -0.016313 0.106799
v 0.028327 -0.011372 0.106800
v 0.027536 -0.010089 0.106800
v 0.026131 -0.011475 0.106800
v -0.005596 -0.030007 0.106800
v -0.017330 -0.002026 0.106800
v -0.026117 -0.011485 0.106800
v 0.016669 0.005102 0.106800
v -0.002758 0.026467 0.106800
v 0.026409 -0.015307 0.106800
v 0.028308 -0.008627 0.106800
v 0.029662 -0.007203 0.106800
v -0.028327 -0.011372 0.106800
v 0.024357 -0.012342 0.106800
v -0.022371 0.012599 0.106800
v 0.015999 0.005007 0.106800
v -0.009832 -0.028898 0.106800
v 0.013864 -0.027194 0.106800
v 0.029074 -0.005651 0.106800
v 0.022320 -0.012597 0.106800
v -0.027630 -0.009975 0.106800
v -0.017284 0.002306 0.106800
v 0.015149 0.007177 0.106800
v -0.016587 0.002379 0.106800
v 0.030387 -0.002884 0.106800
v -0.028424 -0.008338 0.106800
v 0.019723 -0.015124 0.106799
v 0.020123 -0.012119 0.106800
v -0.029662 -0.007203 0.106800
v 0.002836 0.016520 0.106800
v 0.013694 0.009685 0.106800
v 0.029611 -0.001189 0.106800
v -0.027630 0.009975 0.106800
v 0.018186 -0.014419 0.106799
v -0.013864 -0.027194 0.106800
v -0.015999 0.005007 0.106800
v 0.000000 0.016784 0.106800
v -0.017611 -0.024932 0.106800
v -0.016507 0.005791 0.106800
v -0.026117 0.011485 0.106800
v -0.015632 0.020231 0.106799
v 0.003024 0.025735 0.106800
v 0.018133 -0.010680 0.106800
v 0.016742 -0.014552 0.106800
v -0.024335 0.012348 0.106800
v -0.015149 0.007177 0.106800
v -0.017169 0.020936 0.106799
v 0.029419 0.003465 0.106800
v -0.020996 -0.022157 0.106800
v -0.014698 -0.016313 0.106799
v 0.020657 0.019042 0.106799
v -0.018614 0.020803 0.106800
v -0.020657 0.019042 0.106799
v -0.019723 0.020231 0.106799
v -0.016635 0.007911 0.106800
v 0.002518 0.026848 0.106800
v 0.011889 0.011818 0.106800
v -0.015632 -0.015125 0.106799
v -0.002836 0.016520 0.106800
v 0.019723 0.020231 0.106799
v -0.029383 -0.003755 0.106800
v 0.015632 -0.015125 0.106799
v -0.013694 0.009685 0.106800
v 0.014698 -0.016313 0.106799
v -0.030466 -0.002186 0.106800
v 0.018614 0.020803 0.106800
v -0.017403 0.009736 0.106800
v 0.010096 0.013380 0.106800
v 0.001467 0.027757 0.106800
v 0.017028 -0.009043 0.106800
v 0.016488 -0.007023 0.106800
v 0.000356 0.028026 0.106769
v -0.031455 -0.001763 0.098800
v -0.031227 -0.004383 0.105806
v -0.031103 -0.005136 0.098800
v -0.030157 -0.009184 0.105801
v -0.030071 -0.009458 0.098800
v -0.028560 -0.013345 0.105801
v -0.028443 -0.013592 0.098800
v -0.026392 -0.017239 0.105801
v -0.026250 -0.017455 0.098800
v -0.023697 -0.020789 0.105801
v -0.023535 -0.020972 0.098800
v -0.020528 -0.023924 0.105801
v -0.020353 -0.024073 0.098800
v -0.016949 -0.026580 0.105801
v -0.016767 -0.026695 0.098800
v -0.013030 -0.028705 0.105801
v -0.012848 -0.028787 0.098800
v -0.008851 -0.030256 0.105801
v -0.008673 -0.030307 0.098800
v -0.005570 -0.031008 0.105800
v -0.003770 -0.031312 0.098800
v -0.002338 -0.031437 0.105796
v 0.001218 -0.031500 0.098800
v 0.001014 -0.031488 0.105800
v 0.004287 -0.031231 0.105801
v 0.005634 -0.031016 0.098800
v 0.008649 -0.030314 0.105801
v 0.009939 -0.029916 0.098800
v 0.012838 -0.028792 0.105801
v 0.014045 -0.028222 0.098801
v 0.016770 -0.026693 0.105801
v 0.017873 -0.025967 0.098801
v 0.020367 -0.024061 0.105801
v 0.021346 -0.023197 0.098801
v 0.023557 -0.020948 0.105801
v 0.024395 -0.019966 0.098801
v 0.026276 -0.017416 0.105801
v 0.026960 -0.016338 0.098801
v 0.028470 -0.013536 0.105801
v 0.028989 -0.012386 0.098801
v 0.030095 -0.009385 0.105801
v 0.030442 -0.008188 0.098800
v 0.031118 -0.005046 0.105801
v 0.031291 -0.003827 0.098800
v -0.032414 -0.002679 0.097800
v -0.031722 -0.007178 0.097800
v -0.030410 -0.011537 0.097800
v -0.028501 -0.015669 0.097800
v -0.026034 -0.019495 0.097800
v -0.023058 -0.022939 0.097800
v -0.019629 -0.025934 0.097800
v -0.015816 -0.028420 0.097800
v -0.011693 -0.030350 0.097800
v -0.007340 -0.031686 0.097800
v -0.002844 -0.032400 0.097800
v 0.001708 -0.032480 0.097800
v 0.006226 -0.031923 0.097800
v 0.010623 -0.030741 0.097800
v 0.014811 -0.028957 0.097800
v 0.018709 -0.026605 0.097800
v 0.022241 -0.023732 0.097800
v 0.025336 -0.020394 0.097800
v 0.027935 -0.016657 0.097800
v 0.029987 -0.012594 0.097800
v 0.031452 -0.008284 0.097800
v 0.032427 -0.002844 0.097800
v 0.041037 -0.009984 0.097789
v 0.041936 -0.005194 0.097786
v -0.041256 -0.009598 0.097776
v -0.041606 -0.008104 0.097768
v 0.027398 -0.032342 0.097768
v -0.041938 -0.006189 0.097768
v -0.042192 -0.003705 0.097779
v -0.018160 -0.038234 0.097782
v -0.025234 -0.033891 0.097785
v 0.016414 -0.038933 0.097786
v -0.028924 -0.030785 0.097788
v 0.011872 -0.040531 0.097789
v 0.014952 0.003870 0.098832
v 0.015344 0.003124 0.099003
v 0.011691 0.010413 0.098992
v 0.012288 0.009683 0.098978
v 0.015483 0.002342 0.099003
v 0.012978 0.008778 0.099016
v 0.015405 0.002042 0.098885
v 0.015612 0.001934 0.099128
v -0.015162 0.003418 0.098889
v 0.013361 0.008307 0.099149
v -0.014973 0.004171 0.098889
v -0.014746 0.004914 0.098889
v -0.014482 0.005644 0.098889
v -0.014131 0.006452 0.098881
v -0.014163 0.006836 0.099128
v 0.011604 0.010169 0.098825
v 0.012143 0.009539 0.098830
v 0.014099 0.006819 0.099004
v 0.012957 0.008566 0.098878
v 0.014723 0.005277 0.098981
v -0.015329 0.002608 0.098892
v -0.015723 0.000808 0.099125
v -0.015460 0.002884 0.099119
v -0.015023 0.004635 0.099112
v -0.014773 0.005377 0.099112
v -0.014487 0.006107 0.099112
v -0.013799 0.007345 0.098962
v -0.013296 0.007964 0.098862
v -0.013190 0.008473 0.099025
v -0.009275 0.012472 0.098873
v -0.010092 0.012064 0.099104
v -0.012965 0.008661 0.098927
v -0.012781 0.008592 0.098817
v -0.012250 0.009489 0.098853
v -0.012263 0.009762 0.099020
v -0.008834 0.013013 0.099104
v -0.011274 0.010739 0.098910
v -0.011268 0.010896 0.099022
v -0.007284 0.013708 0.098874
v -0.007489 0.013832 0.099104
v -0.005281 0.014661 0.098898
v -0.006063 0.014527 0.099158
v -0.004586 0.015046 0.099104
v -0.002910 0.015338 0.098944
v -0.003050 0.015443 0.099158
v 0.013724 0.007274 0.098879
v 0.013604 0.007695 0.098968
v -0.000569 0.015481 0.098839
v -0.001500 0.015658 0.099104
v 0.014390 0.006092 0.098961
v 0.000408 0.015610 0.098944
v 0.000355 0.015744 0.099165
v 0.015114 0.004091 0.099000
v 0.002196 0.015575 0.099104
v 0.004246 0.014893 0.098840
v 0.003742 0.015277 0.099104
v 0.005825 0.014453 0.098898
v 0.005256 0.014838 0.099157
v 0.006708 0.014226 0.099104
v 0.008594 0.012999 0.098898
v 0.008106 0.013494 0.099157
v 0.009405 0.012606 0.099103
v 0.010554 0.011503 0.098944
v 0.010630 0.011610 0.099157
v 0.000926 0.027876 0.098800
v 0.000555 0.025515 0.097864
v 0.000000 0.025000 0.097557
v 0.001764 0.027431 0.098800
v -0.000298 0.027997 0.098802
v 0.002356 0.026877 0.098799
v 0.002922 0.025768 0.098800
v -0.002921 0.025730 0.098797
v -0.002623 0.026465 0.098801
v -0.002161 0.027084 0.098795
v -0.001102 0.027794 0.098798
v -0.000174 0.026598 0.098217
v -0.001611 0.027535 0.098797
v 0.002120 0.027140 0.106699
v 0.002708 0.026320 0.106699
v -0.002720 0.026294 0.106699
v -0.002027 0.027243 0.106699
v -0.000351 0.027992 0.106699
v 0.001294 0.027720 0.106699
v -0.012514 -0.041857 0.096882
v -0.012653 -0.042046 0.096417
v -0.021939 -0.036877 0.097598
v -0.030776 -0.031147 0.096713
v -0.030551 -0.030955 0.097140
v -0.021298 -0.038276 0.096687
v -0.021586 -0.036511 0.097766
v -0.021092 -0.037961 0.097223
v -0.041777 -0.009868 0.097577
v -0.014105 -0.041573 0.096443
v -0.042081 -0.008374 0.097589
v -0.023390 -0.036705 0.097133
v -0.042683 -0.007483 0.097300
v -0.014044 -0.041351 0.096910
v -0.015517 -0.041069 0.096433
v -0.042355 -0.006896 0.097585
v -0.015670 -0.040784 0.096881
v -0.043033 -0.005345 0.097273
v -0.017022 -0.040230 0.096891
v -0.017306 -0.040362 0.096407
v -0.025699 -0.035096 0.097134
v -0.042753 -0.003601 0.097590
v -0.025488 -0.034776 0.097466
v -0.043181 -0.003628 0.097300
v -0.018565 -0.039535 0.096905
v -0.025718 -0.034012 0.097702
v -0.018964 -0.039597 0.096433
v 0.043755 -0.004345 0.096190
v 0.043557 -0.006053 0.096180
v 0.042888 -0.009737 0.096148
v 0.042466 -0.011404 0.096190
v -0.026650 -0.033838 0.097496
v 0.028292 -0.032256 0.097589
v 0.026988 -0.033392 0.097575
v 0.025870 -0.033583 0.097768
v 0.025406 -0.034556 0.097597
v -0.028009 -0.032297 0.097656
v -0.028345 -0.032465 0.097481
v 0.024167 -0.035472 0.097580
v 0.013581 -0.041794 0.096294
v -0.027595 -0.032180 0.097767
v 0.011379 -0.042472 0.096190
v -0.012587 -0.040458 0.097775
v -0.013789 -0.040630 0.097589
v -0.015425 -0.040068 0.097575
v -0.017223 -0.039280 0.097597
v -0.029652 -0.030635 0.097703
v -0.018637 -0.038665 0.097580
v -0.025605 -0.035746 0.096188
v -0.030024 -0.030929 0.097476
v -0.042506 -0.010092 0.096882
v -0.029342 -0.032710 0.096299
v -0.032580 -0.029083 0.096914
v -0.042937 -0.009174 0.096445
v -0.033194 -0.027876 0.097307
v -0.042833 -0.008513 0.096910
v -0.043326 -0.007096 0.096433
v -0.032852 -0.027607 0.097598
v 0.043824 -0.002076 0.096539
v -0.043155 -0.006822 0.096881
v -0.032438 -0.027339 0.097764
v -0.043351 -0.005374 0.096891
v -0.043608 -0.005193 0.096407
v -0.034284 -0.027053 0.096914
v -0.043521 -0.003690 0.096905
v 0.043538 -0.004726 0.096701
v -0.043774 -0.003375 0.096433
v 0.043243 -0.004708 0.097134
v 0.042902 -0.004399 0.097462
v 0.042423 -0.004272 0.097702
v 0.042630 -0.006160 0.097496
v 0.043047 -0.006211 0.097139
v 0.042226 -0.005923 0.097700
v 0.042288 -0.008315 0.097481
v -0.035863 -0.024923 0.096914
v 0.042783 -0.007736 0.097159
v -0.035574 -0.024734 0.097307
v 0.042490 -0.009301 0.097137
v 0.041975 -0.008109 0.097656
v -0.036137 -0.023155 0.097598
v 0.041797 -0.010537 0.097476
v -0.035563 -0.022989 0.097785
v 0.042084 -0.010980 0.097140
v 0.041357 -0.010362 0.097703
v 0.029993 -0.031766 0.096882
v 0.030087 -0.031981 0.096417
v -0.037483 -0.022419 0.096914
v 0.029435 -0.031840 0.097275
v -0.037183 -0.022249 0.097307
v 0.028789 -0.032838 0.096910
v 0.041476 -0.013674 0.096914
v 0.027823 -0.033223 0.097300
v 0.027485 -0.033962 0.096881
v 0.040739 -0.014809 0.097307
v -0.038630 -0.020838 0.096504
v 0.040335 -0.014647 0.097598
v 0.026145 -0.034595 0.097273
v 0.026329 -0.034857 0.096891
v 0.039800 -0.014457 0.097783
v 0.024956 -0.035845 0.096905
v -0.038923 -0.019807 0.096914
v 0.024810 -0.036222 0.096433
v 0.024732 -0.035582 0.097300
v 0.040571 -0.016165 0.096914
v -0.039208 -0.018484 0.097307
v 0.017374 -0.039461 0.097466
v -0.038809 -0.018311 0.097598
v 0.017545 -0.039804 0.097134
v 0.016597 -0.039279 0.097702
v -0.038371 -0.018149 0.097759
v 0.015980 -0.039998 0.097496
v 0.016144 -0.040385 0.097139
v -0.040121 -0.017442 0.096806
v 0.014692 -0.040919 0.097159
v 0.039515 -0.018596 0.096914
v 0.013943 -0.040780 0.097481
v 0.039207 -0.018441 0.097307
v 0.013190 -0.041448 0.097137
v 0.013965 -0.040405 0.097656
v 0.038121 -0.019718 0.097598
v 0.011773 -0.041466 0.097476
v 0.037709 -0.019447 0.097764
v 0.011533 -0.041936 0.097140
v 0.011705 -0.040997 0.097703
v -0.012857 -0.041411 0.097275
v 0.038275 -0.021175 0.096820
v -0.041105 -0.014975 0.096806
v 0.037859 -0.021077 0.097307
v -0.041158 -0.013599 0.097307
v -0.014861 -0.040706 0.097300
v -0.040741 -0.013476 0.097598
v -0.040046 -0.013772 0.097786
v -0.016887 -0.039940 0.097273
v -0.041938 -0.012454 0.096806
v -0.018449 -0.039209 0.097300
v 0.035612 -0.024714 0.097307
v 0.035262 -0.024454 0.097598
v 0.036545 -0.024013 0.096835
v 0.034847 -0.024043 0.097785
v -0.026902 -0.034174 0.097139
v -0.042291 -0.009571 0.097275
v -0.028091 -0.033183 0.097159
v 0.035165 -0.026025 0.096806
v -0.029300 -0.032147 0.097137
v 0.033521 -0.028110 0.096806
v 0.032356 -0.028845 0.097307
v 0.032041 -0.028545 0.097598
v 0.031707 -0.028183 0.097764
v 0.031754 -0.030092 0.096806
v 0.041612 -0.008173 0.097763
v 0.043258 -0.006819 0.096711
v 0.029434 -0.031246 0.097577
v 0.042814 -0.009147 0.096728
v 0.028706 -0.031171 0.097773
v 0.042362 -0.011079 0.096713
v 0.013728 -0.040124 0.097763
v 0.021314 -0.038139 0.096915
v 0.021157 -0.037831 0.097308
v 0.020966 -0.037438 0.097598
v 0.020826 -0.036949 0.097766
v 0.017676 -0.040067 0.096701
v 0.015724 -0.040872 0.096711
v 0.013486 -0.041652 0.096728
v 0.011586 -0.042226 0.096713
v -0.012342 -0.041114 0.097577
v 0.028951 -0.033002 0.096443
v 0.027808 -0.033973 0.096433
v 0.026302 -0.035168 0.096407
v 0.008896 -0.042756 0.096914
v 0.007544 -0.042685 0.097307
v -0.025862 -0.035342 0.096701
v 0.007482 -0.042254 0.097598
v 0.007380 -0.041696 0.097783
v -0.027535 -0.034053 0.096711
v 0.006287 -0.043218 0.096914
v -0.029329 -0.032505 0.096728
v 0.003667 -0.043751 0.096444
v 0.003653 -0.043519 0.096914
v 0.003633 -0.043175 0.097307
v 0.001984 -0.042873 0.097598
v 0.002013 -0.042380 0.097764
v -0.042598 -0.005366 0.097575
v 0.000671 -0.043903 0.096444
v 0.000674 -0.043671 0.096914
v 0.000677 -0.043326 0.097307
v -0.002203 -0.043839 0.096470
v -0.002308 -0.043611 0.096914
v -0.003597 -0.043197 0.097307
v -0.003547 -0.042765 0.097598
v -0.003843 -0.042166 0.097786
v -0.004956 -0.043466 0.096806
v 0.024032 -0.034844 0.097782
v -0.007584 -0.043085 0.096806
v -0.008802 -0.042444 0.097307
v -0.008700 -0.042020 0.097598
v -0.008610 -0.041662 0.097732
v -0.010184 -0.042546 0.096806
v -0.014310 -0.039898 0.097768
v -0.016149 -0.039196 0.097768
v -0.027334 -0.034407 0.096299
v -0.026871 -0.010106 0.097300
v -0.025849 -0.011046 0.097300
v -0.027794 -0.008631 0.097300
v -0.024251 -0.011859 0.097300
v -0.021328 -0.011958 0.097300
v -0.022687 -0.012081 0.097300
v -0.019559 -0.011220 0.097300
v -0.017994 -0.009743 0.097300
v -0.017069 -0.007622 0.097300
v -0.028552 -0.005641 0.097300
v -0.028998 -0.002682 0.097300
v -0.026871 0.010106 0.097300
v -0.017622 0.003213 0.097300
v -0.025849 0.011046 0.097300
v -0.024407 0.011799 0.097300
v -0.017028 0.005687 0.097300
v -0.022343 0.012110 0.097300
v -0.017020 0.007170 0.097300
v -0.020548 0.011705 0.097300
v -0.017436 0.008728 0.097300
v -0.019128 0.010909 0.097300
v -0.018177 0.009932 0.097300
v -0.028501 -0.005928 0.106300
v -0.028965 -0.002917 0.106300
v -0.021307 0.011953 0.106300
v -0.019603 0.011242 0.106300
v -0.026638 0.010400 0.106299
v -0.018220 0.010017 0.106300
v -0.017309 0.008411 0.106300
v -0.024933 0.011590 0.106299
v -0.017013 0.007034 0.106300
v -0.023150 0.012073 0.106300
v -0.017018 0.005748 0.106297
v -0.017746 0.002620 0.106300
v -0.022134 -0.012082 0.106300
v -0.023565 -0.011998 0.106301
v -0.017013 -0.007034 0.106300
v -0.024933 -0.011590 0.106299
v -0.017309 -0.008411 0.106300
v -0.026638 -0.010400 0.106299
v -0.018220 -0.010017 0.106300
v -0.027757 -0.008691 0.106295
v -0.019568 -0.011215 0.106296
v -0.020797 -0.011787 0.106300
v 0.017690 -0.009268 0.097300
v 0.019076 -0.010869 0.097300
v 0.020724 -0.011783 0.097300
v 0.017009 -0.007201 0.097300
v 0.022582 -0.012102 0.097300
v 0.024147 -0.011867 0.097300
v 0.025596 -0.011231 0.097300
v 0.027197 -0.009739 0.097300
v 0.028179 -0.007421 0.097300
v 0.017622 -0.003213 0.097300
v 0.028998 -0.002682 0.097300
v 0.017933 -0.000000 0.097300
v 0.029101 0.000418 0.097300
v 0.028922 0.003406 0.097300
v 0.017622 0.003213 0.097300
v 0.028378 0.006460 0.097300
v 0.028448 0.006177 0.106300
v 0.028998 0.002681 0.106300
v 0.029101 -0.000418 0.106300
v 0.028922 -0.003406 0.106300
v 0.028066 -0.007807 0.106301
v 0.018984 -0.010794 0.106300
v 0.027181 -0.009743 0.106295
v 0.017765 -0.009368 0.106300
v 0.025691 -0.011169 0.106300
v 0.017080 -0.007610 0.106297
v 0.024375 -0.011792 0.106302
v 0.022944 -0.012091 0.106297
v 0.020828 -0.011834 0.106298
v 0.017048 0.005595 0.106300
v 0.017667 0.003023 0.106300
vn 0.7239 0.1485 0.6737
vn 0.6740 0.1753 0.7176
vn -0.6664 0.0342 0.7448
vn -0.7464 0.1530 0.6477
vn -0.5851 0.3093 0.7497
vn -0.6037 0.4727 0.6420
vn -0.4450 0.5058 0.7390
vn -0.3112 0.6780 0.6659
vn -0.2832 0.6618 0.6941
vn 0.0391 0.6807 0.7315
vn 0.0662 0.7135 0.6975
vn 0.3329 0.6461 0.6868
vn 0.3072 0.6367 0.7073
vn 0.5104 0.4539 0.7304
vn 0.5833 0.4583 0.6705
vn 0.7239 0.1485 0.6738
vn -0.7240 0.1485 0.6736
vn -0.6740 0.1754 0.7176
vn -0.5104 0.4539 0.7304
vn -0.5833 0.4584 0.6705
vn -0.3152 0.6617 0.6803
vn -0.3209 0.6648 0.6746
vn -0.0405 0.6588 0.7512
vn 0.0485 0.7672 0.6396
vn 0.3328 0.6462 0.6868
vn 0.2693 0.6218 0.7354
vn 0.5105 0.4538 0.7304
vn 0.5834 0.4582 0.6706
vn 0.7240 0.1485 0.6736
vn 0.6740 0.1754 0.7176
vn -0.7239 0.1485 0.6738
vn -0.6740 0.1753 0.7176
vn -0.5105 0.4538 0.7304
vn -0.5834 0.4582 0.6706
vn -0.0404 0.6588 0.7512
vn 0.0485 0.7671 0.6396
vn 0.2694 0.6218 0.7354
vn -0.7239 0.1485 0.6737
vn -0.5105 0.4539 0.7304
vn -0.5833 0.4583 0.6705
vn 0.0485 0.7670 0.6398
vn 0.2693 0.6218 0.7355
vn 0.5834 0.4582 0.6705
vn -0.0949 -0.7561 0.6476
vn -0.1455 -0.6406 0.7539
vn 0.7073 -0.1446 0.6920
vn 0.7187 -0.1402 0.6811
vn -0.3332 -0.6819 0.6512
vn -0.3538 -0.5547 0.7531
vn 0.6192 -0.2729 0.7363
vn -0.5345 -0.5421 0.6484
vn 0.6632 -0.3737 0.6484
vn -0.5129 -0.3951 0.7621
vn 0.4930 -0.4356 0.7531
vn -0.7040 -0.3465 0.6199
vn 0.5083 -0.5637 0.6510
vn 0.1225 -0.6820 0.7210
vn 0.1091 -0.6661 0.7379
vn 0.3241 -0.5758 0.7506
vn 0.3061 -0.6760 0.6703
vn 0.6624 -0.1515 0.7337
vn 0.6786 -0.1644 0.7159
vn 0.7588 -0.0859 0.6456
vn 0.6468 -0.0170 0.7625
vn 0.7441 -0.0438 0.6667
vn 0.6587 -0.0362 0.7515
vn 0.7660 -0.0922 0.6361
vn 0.6659 -0.1186 0.7366
vn 0.7022 -0.1942 0.6850
vn 0.6817 -0.1808 0.7089
vn -0.2311 -0.9729 0.0021
vn -0.2180 -0.9760 -0.0010
vn 0.9948 -0.1012 0.0092
vn 0.9796 -0.2010 -0.0032
vn -0.5667 -0.8239 0.0049
vn -0.5377 -0.8431 -0.0019
vn 0.9058 -0.4238 0.0031
vn 0.9151 -0.4032 -0.0008
vn 0.7529 -0.6582 -0.0009
vn -0.7926 -0.6098 -0.0075
vn 0.7493 -0.6622 -0.0019
vn -0.8368 -0.5475 0.0072
vn 0.5059 -0.8626 0.0019
vn 0.4889 -0.8723 -0.0019
vn 0.1749 -0.9846 0.0022
vn 0.1598 -0.9872 -0.0014
vn 0.9997 -0.0257 0.0038
vn -0.9724 -0.2333 -0.0010
vn -0.9720 -0.2350 -0.0005
vn -0.9953 -0.0964 -0.0047
vn -0.9930 -0.1182 0.0012
vn 0.9985 -0.0548 -0.0048
vn 0.9953 -0.0963 0.0063
vn 0.9845 -0.1753 -0.0053
vn 0.9722 -0.2339 0.0067
vn 0.9633 -0.2683 -0.0022
vn 0.1506 0.2877 0.9458
vn 0.1469 0.2829 0.9478
vn 0.2726 0.8600 0.4313
vn 0.2746 0.8538 0.4423
vn 0.4794 0.8206 0.3111
vn 0.3179 0.0695 0.9456
vn 0.3225 0.0729 0.9437
vn 0.5627 0.1151 0.8186
vn 0.4731 0.7577 0.4495
vn 0.4096 0.7086 0.5746
vn 0.3024 0.8447 0.4416
vn 0.3049 0.8466 0.4363
vn 0.3248 0.0564 0.9441
vn 0.3158 0.5214 0.7927
vn 0.3387 0.8413 0.4213
vn 0.5715 0.0830 0.8164
vn 0.5343 0.7728 0.3426
vn 0.4903 0.7460 0.4506
vn 0.4725 0.6781 0.5630
vn 0.3235 0.0371 0.9455
vn 0.5717 0.0624 0.8181
vn 0.3747 0.5379 0.7552
vn 0.3184 0.4867 0.8135
vn 0.3736 0.8243 0.4254
vn 0.2423 0.3525 0.9039
vn 0.4065 0.8885 0.2128
vn 0.1750 0.2653 0.9482
vn 0.1228 0.1784 0.9763
vn 0.0288 0.0475 0.9985
vn -0.9297 0.1225 0.3473
vn -0.9387 0.1525 0.3092
vn -0.9185 0.1724 0.3559
vn -0.2140 0.2573 0.9423
vn -0.2083 0.2651 0.9414
vn 0.2625 0.3264 0.9081
vn -0.1834 0.2657 0.9464
vn 0.1907 0.2293 0.9545
vn -0.3603 0.8700 0.3367
vn -0.3571 0.8796 0.3143
vn -0.3225 0.9363 0.1392
vn -0.3099 0.8815 0.3562
vn 0.3039 0.3258 0.8953
vn 0.1158 0.3141 0.9423
vn 0.1456 0.1535 0.9774
vn 0.1943 0.2192 0.9561
vn 0.1255 0.3130 0.9414
vn 0.1384 0.2917 0.9464
vn 0.5681 0.7404 0.3593
vn 0.6272 0.7660 0.1412
vn 0.6078 0.7082 0.3592
vn 0.6714 0.7272 0.1429
vn 0.6788 0.6600 0.3220
vn 0.6645 0.6212 0.4153
vn 0.5918 0.5725 0.5675
vn 0.8679 0.1877 0.4599
vn 0.3183 0.0570 0.9463
vn 0.3340 0.0465 0.9414
vn 0.5338 0.4953 0.6854
vn 0.3249 0.0368 0.9450
vn 0.4657 0.4414 0.7670
vn 0.8893 0.1618 0.4278
vn 0.8839 0.1632 0.4383
vn 0.4083 0.3782 0.8308
vn -0.9746 0.0285 0.2223
vn 0.3141 0.3005 0.9006
vn -0.9099 0.0030 0.4147
vn 0.2382 0.2187 0.9463
vn 0.8978 0.1272 0.4215
vn 0.1429 0.1387 0.9800
vn -0.6657 0.0392 0.7452
vn -0.9733 0.0637 0.2206
vn -0.5125 0.0248 0.8584
vn 0.6981 0.5862 0.4111
vn 0.6952 0.5858 0.4165
vn -0.9374 0.0807 0.3387
vn 0.9008 0.0886 0.4251
vn -0.4425 0.0281 0.8963
vn 0.9727 0.0922 0.2131
vn -0.3160 0.0157 0.9486
vn -0.8293 0.0575 0.5559
vn -0.8245 0.0548 0.5633
vn 0.0393 0.0330 0.9987
vn 0.6049 0.5080 0.6132
vn -0.6730 0.0411 0.7385
vn -0.4373 0.0504 0.8979
vn -0.6512 0.0823 0.7544
vn -0.6412 0.0846 0.7627
vn -0.6391 0.1008 0.7625
vn -0.6258 0.1043 0.7730
vn 0.7327 0.5429 0.4105
vn 0.7291 0.5426 0.4171
vn -0.4290 0.0739 0.9003
vn 0.5793 0.4386 0.6871
vn 0.6043 0.4478 0.6590
vn 0.3981 0.3015 0.8664
vn 0.4470 0.3298 0.8315
vn -0.6446 0.1313 0.7532
vn -0.6257 0.1402 0.7673
vn 0.2575 0.1895 0.9475
vn 0.2546 0.1878 0.9486
vn -0.4265 0.0965 0.8993
vn -0.6417 0.1536 0.7514
vn 0.7588 0.4953 0.4230
vn 0.7659 0.4957 0.4094
vn 0.6309 0.4086 0.6596
vn -0.5222 0.5702 0.6341
vn 0.6315 0.4087 0.6589
vn -0.9035 0.2602 0.3406
vn -0.8709 0.2652 0.4138
vn 0.5052 0.3271 0.7986
vn -0.7914 0.2262 0.5679
vn -0.6958 0.2145 0.6855
vn 0.7909 0.4727 0.3885
vn 0.8484 0.4838 0.2148
vn -0.4933 0.5885 0.6406
vn -0.6154 0.1827 0.7667
vn -0.5314 0.1644 0.8310
vn -0.4701 0.5879 0.6584
vn -0.4172 0.1217 0.9006
vn -0.5557 0.7129 0.4277
vn -0.4726 0.6031 0.6425
vn -0.2964 0.0941 0.9504
vn -0.1959 0.0554 0.9791
vn -0.5278 0.7274 0.4386
vn -0.4515 0.6186 0.6430
vn 0.7549 0.4159 0.5071
vn -0.4405 0.6122 0.6566
vn -0.8557 0.3112 0.4134
vn -0.8554 0.3107 0.4145
vn 0.6239 0.3437 0.7019
vn 0.6620 0.3562 0.6594
vn -0.7425 0.2700 0.6130
vn 0.8715 0.4462 0.2033
vn 0.4901 0.2637 0.8308
vn 0.4547 0.2508 0.8546
vn -0.1764 0.4084 0.8956
vn 0.2880 0.1589 0.9443
vn 0.2667 0.1496 0.9521
vn -0.2543 0.6050 0.7546
vn -0.2467 0.5978 0.7627
vn -0.2323 0.6038 0.7626
vn 0.0585 0.0286 0.9979
vn 0.8397 0.4012 0.3659
vn -0.2225 0.5939 0.7732
vn 0.8202 0.3967 0.4122
vn -0.8349 0.3616 0.4149
vn -0.8356 0.3626 0.4126
vn -0.1571 0.4257 0.8911
vn 0.7188 0.3364 0.6085
vn -0.6697 0.2825 0.6868
vn -0.6899 0.2994 0.6591
vn -0.5090 0.2222 0.8316
vn -0.4603 0.1942 0.8663
vn -0.2085 0.6236 0.7535
vn -0.1914 0.6116 0.7677
vn 0.8732 0.3772 0.3086
vn -0.2859 0.1235 0.9503
vn -0.1297 0.4177 0.8993
vn -0.2967 0.1295 0.9461
vn -0.1877 0.6325 0.7515
vn -0.8328 0.4330 0.3450
vn 0.8670 0.3460 0.3586
vn -0.8152 0.4071 0.4120
vn 0.2327 0.7375 0.6340
vn -0.6692 0.3421 0.6597
vn 0.6838 0.2729 0.6767
vn -0.6771 0.3492 0.6478
vn 0.6839 0.2729 0.6766
vn -0.5360 0.2740 0.7985
vn 0.5173 0.2065 0.8305
vn 0.5157 0.2060 0.8316
vn 0.8944 0.3237 0.3086
vn 0.2629 0.7212 0.6410
vn 0.3079 0.1230 0.9434
vn 0.3022 0.1216 0.9454
vn -0.0409 0.0210 0.9989
vn 0.2739 0.7008 0.6586
vn 0.3396 0.8376 0.4278
vn 0.2861 0.7108 0.6426
vn -0.8165 0.4649 0.3423
vn 0.8865 0.2928 0.3583
vn 0.3660 0.8207 0.4387
vn 0.3100 0.7003 0.6430
vn 0.7560 0.2497 0.6051
vn 0.3100 0.6875 0.6567
vn -0.7764 0.4709 0.4189
vn 0.9178 0.2637 0.2967
vn -0.6283 0.3794 0.6792
vn -0.6541 0.4043 0.6393
vn -0.4446 0.2684 0.8546
vn -0.4733 0.2925 0.8309
vn -0.7813 0.5246 0.3381
vn 0.2655 0.3570 0.8956
vn 0.3969 0.5226 0.7546
vn 0.3945 0.5126 0.7627
vn -0.2682 0.1619 0.9496
vn -0.2734 0.1659 0.9475
vn 0.9057 0.2371 0.3516
vn 0.8887 0.2267 0.3985
vn 0.4067 0.5032 0.7625
vn 0.4031 0.4897 0.7731
vn 0.7184 0.1968 0.6673
vn 0.7275 0.1963 0.6574
vn -0.7671 0.5314 0.3595
vn 0.2901 0.3490 0.8911
vn 0.5348 0.1488 0.8318
vn 0.5637 0.1522 0.8118
vn 0.2931 0.0827 0.9525
vn 0.3164 0.0854 0.9448
vn -0.6495 0.4543 0.6097
vn 0.4358 0.4924 0.7534
vn 0.4340 0.4716 0.7676
vn -0.7628 0.5681 0.3088
vn 0.2969 0.3212 0.8993
vn 0.4539 0.4789 0.7514
vn -0.7332 0.5779 0.3585
vn 0.7550 0.1673 0.6340
vn -0.5785 0.4559 0.6764
vn -0.5783 0.4557 0.6767
vn 0.7560 0.1328 0.6409
vn -0.4361 0.3434 0.8318
vn -0.4373 0.3446 0.8307
vn -0.7272 0.6130 0.3088
vn -0.2425 0.1888 0.9516
vn 0.7441 0.1132 0.6584
vn -0.2543 0.2003 0.9462
vn 0.8952 0.1246 0.4278
vn 0.7589 0.1077 0.6423
vn 0.9750 0.0545 0.2153
vn 0.8938 0.0935 0.4386
vn 0.7618 0.0818 0.6427
vn -0.6967 0.6213 0.3586
vn 0.8893 0.0327 0.4562
vn 0.8925 0.0315 0.4500
vn 0.7548 0.0373 0.6549
vn 0.7029 0.0285 0.7107
vn 0.7502 0.0752 0.6569
vn 0.5600 0.0284 0.8280
vn 0.4748 0.0139 0.8800
vn -0.5944 0.5301 0.6047
vn 0.3224 0.0210 0.9464
vn -0.0334 0.0304 0.9990
vn -0.6868 0.6631 0.2976
vn -0.8200 0.1068 0.5623
vn -0.6795 0.6640 0.3119
vn -0.6326 0.6463 0.4269
vn -0.8169 0.1515 0.5566
vn -0.5298 0.5239 0.6670
vn -0.5337 0.5316 0.6577
vn -0.3962 0.3888 0.8318
vn -0.4138 0.4123 0.8117
vn -0.2275 0.2255 0.9473
vn -0.2312 0.2304 0.9452
vn -0.8024 0.1930 0.5647
vn -0.8013 0.1921 0.5665
vn -0.3791 0.4189 0.8251
vn -0.4924 0.5621 0.6645
vn -0.3598 0.4233 0.8315
vn -0.3398 0.4462 0.8279
vn -0.5347 0.8170 0.2157
vn -0.4777 0.7610 0.4390
vn -0.4755 0.7529 0.4550
vn -0.4023 0.6358 0.6587
vn -0.4038 0.6396 0.6541
vn -0.3234 0.4528 0.8309
vn -0.2975 0.4700 0.8310
vn -0.3073 0.4927 0.8141
vn -0.1739 0.2742 0.9458
vn -0.1715 0.2687 0.9478
vn -0.4531 0.8136 0.3643
vn -0.3177 0.7637 0.5620
vn -0.2231 0.0307 0.9743
vn -0.2074 0.0258 0.9779
vn -0.4017 0.8559 0.3258
vn -0.2772 0.7832 0.5566
vn -0.4014 0.8055 0.4360
vn -0.3611 0.7435 0.5629
vn -0.3352 0.6721 0.6603
vn -0.2857 0.5899 0.7552
vn -0.2481 0.4951 0.8326
vn -0.1842 0.3861 0.9039
vn -0.1951 0.0380 0.9801
vn -0.1422 0.2841 0.9482
vn -0.0259 0.0473 0.9985
vn -0.0917 0.1931 0.9769
vn -0.2341 0.7915 0.5646
vn -0.2343 0.7903 0.5662
vn 0.1733 0.5376 0.8252
vn -0.6555 0.7284 0.1993
vn -0.6553 0.7237 0.2164
vn 0.2406 0.7073 0.6647
vn 0.1867 0.5233 0.8314
vn -0.6284 0.7412 0.2362
vn -0.6198 0.7631 0.1831
vn -0.6019 0.7639 0.2326
vn 0.2165 0.5174 0.8279
vn -0.5769 0.7979 0.1748
vn 0.2305 0.5065 0.8308
vn -0.2275 0.9128 0.3391
vn -0.2057 0.8861 0.4153
vn -0.1998 0.7987 0.5675
vn -0.1621 0.7101 0.6851
vn -0.1494 0.6240 0.7670
vn -0.1233 0.5425 0.8309
vn 0.5025 0.6569 0.5622
vn -0.1032 0.4222 0.9006
vn -0.0667 0.3037 0.9504
vn -0.0500 0.1973 0.9791
vn 0.5398 0.6316 0.5565
vn -0.1586 0.8974 0.4118
vn -0.1595 0.8953 0.4159
vn -0.1375 0.7781 0.6128
vn 0.5685 0.5986 0.5644
vn 0.5673 0.5981 0.5661
vn -0.1011 0.9799 0.1717
vn 0.3029 0.9319 0.1993
vn 0.2993 0.9296 0.2153
vn -0.1111 0.8901 0.4419
vn -0.1038 0.9058 0.4107
vn 0.5523 0.1187 0.8252
vn -0.0902 0.7211 0.6869
vn 0.7327 0.1453 0.6648
vn -0.0856 0.7474 0.6589
vn 0.3277 0.9147 0.2363
vn 0.3508 0.9183 0.1835
vn 0.5461 0.0996 0.8318
vn -0.0621 0.5518 0.8317
vn -0.0620 0.4958 0.8662
vn 0.3605 0.9032 0.2329
vn -0.0360 0.3093 0.9503
vn -0.0362 0.3216 0.9462
vn 0.5647 0.0839 0.8210
vn -0.0487 0.9589 0.2794
vn 0.4023 0.8987 0.1746
vn -0.0456 0.8955 0.4427
vn -0.0455 0.8959 0.4418
vn 0.5581 0.0563 0.8278
vn -0.0383 0.7510 0.6592
vn -0.0383 0.7508 0.6594
vn -0.0307 0.6014 0.7983
vn -0.0131 0.9918 0.1268
vn 0.1267 0.1645 0.9782
vn -0.9416 0.1108 0.3180
vn -0.0021 0.0441 0.9990
vn -0.8240 0.1056 0.5566
vn 0.0192 0.9660 0.2579
vn -0.8022 0.1313 0.5824
vn 0.0180 0.8966 0.4425
vn 0.0157 0.8911 0.4535
vn -0.8013 0.1581 0.5770
vn -0.9286 0.1944 0.3162
vn 0.0225 0.7511 0.6598
vn 0.0143 0.7122 0.7018
vn 0.0503 0.9804 0.1905
vn 0.0166 0.5560 0.8310
vn 0.0102 0.5195 0.8544
vn -0.9159 0.2171 0.3376
vn -0.9196 0.2251 0.3220
vn 0.0082 0.3195 0.9476
vn 0.0059 0.3025 0.9531
vn 0.9628 0.2049 0.1759
vn -0.2285 0.2474 0.9416
vn 0.0837 0.9334 0.3489
vn -0.3812 0.4298 0.8185
vn 0.9526 0.1772 0.2472
vn 0.0670 0.8941 0.4428
vn 0.9707 0.1553 0.1835
vn -0.2134 0.2425 0.9464
vn 0.0680 0.7907 0.6084
vn 0.9626 0.1393 0.2325
vn -0.2071 0.2550 0.9445
vn -0.3606 0.4570 0.8131
vn 0.1102 0.9448 0.3085
vn 0.9795 0.1011 0.1741
vn -0.3367 0.4590 0.8222
vn -0.1814 0.2539 0.9501
vn 0.1339 0.9239 0.3584
vn -0.4274 0.0520 0.9026
vn 0.1057 0.7290 0.6763
vn 0.1055 0.7287 0.6767
vn 0.0798 0.5510 0.8307
vn 0.0793 0.5493 0.8318
vn 0.1669 0.9364 0.3087
vn -0.4187 0.0693 0.9055
vn -0.3205 0.7664 0.5567
vn 0.0445 0.3195 0.9466
vn -0.2189 0.0362 0.9751
vn 0.0490 0.3394 0.9394
vn -0.2874 0.7604 0.5824
vn -0.3189 0.8894 0.3274
vn 0.1897 0.9140 0.3587
vn -0.4207 0.0935 0.9024
vn -0.2638 0.7731 0.5769
vn -0.2143 0.0470 0.9756
vn 0.1619 0.7798 0.6047
vn -0.2682 0.8967 0.3520
vn -0.2750 0.9302 0.2431
vn -0.2646 0.9088 0.3225
vn 0.2308 0.9265 0.2973
vn -0.6086 0.6662 0.4312
vn -0.6020 0.6647 0.4425
vn 0.0231 0.1121 0.9934
vn 0.1002 0.3220 0.9414
vn 0.1817 0.5449 0.8186
vn -0.5802 0.6842 0.4418
vn 0.2353 0.9205 0.3119
vn -0.5806 0.6872 0.4366
vn 0.2434 0.8709 0.4270
vn 0.1033 0.3061 0.9464
vn 0.1888 0.7208 0.6670
vn 0.1936 0.7282 0.6575
vn -0.5590 0.7139 0.4217
vn 0.1385 0.5375 0.8318
vn 0.1173 0.3069 0.9445
vn 0.1501 0.5642 0.8119
vn 0.2155 0.5409 0.8130
vn 0.0895 0.3294 0.9399
vn 0.0843 0.3171 0.9447
vn 0.2292 0.5211 0.8222
vn -0.5271 0.7357 0.4253
vn -0.5663 0.7964 0.2121
vn 0.1291 0.2841 0.9501
vn 0.5833 0.7735 0.2481
vn 0.5685 0.7599 0.3153
vn -0.1514 0.3905 0.9081
vn 0.5034 0.6604 0.5572
vn -0.0802 0.1969 0.9771
vn -0.1019 0.2769 0.9555
vn 0.5146 0.6290 0.5827
vn 0.6105 0.7229 0.3235
vn 0.6230 0.7376 0.2604
vn -0.1302 0.4261 0.8953
vn 0.5377 0.6151 0.5766
vn 0.4442 0.8695 0.2160
vn -0.0928 0.2784 0.9560
vn -0.0594 0.2040 0.9772
vn 0.4429 0.8416 0.3090
vn 0.4034 0.7984 0.4471
vn 0.3800 0.7259 0.5733
vn 0.6435 0.6819 0.3477
vn 0.6500 0.6837 0.3317
vn 0.3383 0.6755 0.6551
vn 0.2552 0.4885 0.8344
vn 0.2731 0.5126 0.8141
vn 0.3169 0.4335 0.8436
vn -0.4873 0.0502 0.8718
vn 0.6720 0.6686 0.3183
vn 0.4565 0.3011 0.8372
vn 0.9313 0.3412 0.1276
vn -0.8738 0.4855 -0.0276
vn 0.4566 0.0740 0.8866
vn -0.5188 0.3513 0.7793
vn -0.3086 0.4479 0.8391
vn -0.3400 0.8234 -0.4543
vn 0.2268 0.8010 0.5541
vn 0.8348 0.5505 -0.0047
vn 0.8694 0.4940 0.0031
vn -0.9942 0.1070 -0.0079
vn -0.9700 0.2430 0.0041
vn 0.9784 0.2066 -0.0003
vn 0.9880 0.1540 -0.0062
vn -0.8239 0.5668 0.0002
vn -0.8283 0.5602 0.0017
vn -0.5257 0.8506 0.0024
vn -0.5673 0.8235 -0.0033
vn -0.3439 0.9390 -0.0010
vn -0.1816 0.9833 0.0133
vn -0.0357 0.9994 0.0015
vn 0.2688 0.9632 0.0083
vn 0.3140 0.9494 0.0011
vn 0.5901 0.8073 -0.0035
vn 0.6461 0.7632 0.0045
vn 0.0663 0.3677 0.9276
vn 0.3719 0.1049 0.9223
vn 0.2349 0.2799 0.9309
vn 0.2974 0.2734 0.9148
vn 0.3679 0.0861 0.9259
vn -0.3678 0.1223 0.9218
vn -0.2046 0.3266 0.9227
vn -0.2960 0.2441 0.9235
vn -0.3631 0.0896 0.9274
vn -0.0818 0.3771 0.9226
vn -0.3253 0.2264 0.9181
vn -0.0713 0.3865 0.9195
vn 0.1059 0.3728 0.9218
vn 0.3421 0.1916 0.9199
vn 0.2967 0.2524 0.9210
vn 0.0949 0.3830 0.9188
vn 0.6720 0.1575 0.7237
vn 0.8745 0.2065 0.4388
vn 0.6461 0.1146 0.7546
vn 0.9102 0.1614 0.3813
vn 0.7372 0.0270 0.6751
vn -0.7756 0.1715 0.6075
vn -0.7599 0.2138 0.6139
vn -0.7484 0.2515 0.6137
vn -0.7447 0.2923 0.6000
vn -0.7132 0.3300 0.6184
vn -0.7954 0.4287 0.4285
vn -0.7637 0.4392 0.4732
vn -0.7871 0.4976 0.3645
vn -0.7497 0.5310 0.3949
vn -0.7133 0.5196 0.4703
vn -0.6278 0.4534 0.6326
vn -0.6965 0.6066 0.3833
vn -0.6854 0.6016 0.4102
vn 0.4485 0.3773 0.8103
vn 0.7137 0.5913 0.3755
vn 0.4697 0.3542 0.8086
vn 0.7129 0.5242 0.4658
vn 0.3505 0.1655 0.9218
vn 0.6072 0.2867 0.7410
vn 0.5076 0.2193 0.8332
vn 0.5496 0.1959 0.8121
vn 0.5935 0.1727 0.7861
vn 0.3676 0.0934 0.9253
vn 0.3708 0.0739 0.9258
vn 0.6292 0.1164 0.7685
vn -0.7146 -0.0020 0.6995
vn -0.8951 0.0247 0.4451
vn -0.7619 0.1546 0.6289
vn -0.4014 0.0793 0.9125
vn -0.3760 0.0451 0.9255
vn -0.5311 0.0498 0.8458
vn -0.7915 0.1167 0.5999
vn -0.9408 0.1073 0.3214
vn -0.3574 0.0852 0.9300
vn -0.7496 0.1886 0.6345
vn -0.3766 0.0949 0.9215
vn -0.7393 0.2259 0.6343
vn -0.3887 0.1188 0.9137
vn -0.3472 0.1208 0.9300
vn -0.7249 0.2638 0.6364
vn -0.3851 0.1453 0.9113
vn -0.5447 0.2607 0.7971
vn -0.4560 0.2561 0.8524
vn -0.1870 0.2182 0.9578
vn -0.2441 0.2733 0.9304
vn -0.4624 0.5222 0.7166
vn -0.4842 0.5360 0.6916
vn -0.6409 0.6715 0.3720
vn -0.3784 0.2509 0.8910
vn -0.4877 0.6464 0.5867
vn -0.2066 0.1700 0.9635
vn -0.2881 0.2727 0.9180
vn -0.2979 0.4798 0.8253
vn -0.5221 0.4661 0.7142
vn -0.3870 0.6233 0.6795
vn -0.3648 0.5997 0.7122
vn -0.1252 0.2479 0.9607
vn -0.1848 0.4112 0.8926
vn -0.3189 0.6872 0.6527
vn -0.3272 0.7191 0.6130
vn 0.7085 0.5820 0.3991
vn -0.3042 0.8141 0.4947
vn 0.7720 0.5274 0.3547
vn 0.6139 0.3875 0.6878
vn 0.7266 0.4417 0.5263
vn -0.1007 0.3833 0.9181
vn -0.1139 0.4591 0.8810
vn -0.1882 0.7056 0.6831
vn -0.1944 0.8236 0.5328
vn -0.0713 0.5638 0.8229
vn -0.0744 0.6894 0.7206
vn 0.8540 0.3992 0.3337
vn -0.1352 0.8510 0.5074
vn -0.0000 0.1049 0.9945
vn -0.0339 0.7728 0.6337
vn -0.0226 0.8516 0.5237
vn 0.6088 0.1886 0.7706
vn 0.7956 0.2537 0.5501
vn 0.8989 0.2348 0.3700
vn 0.0309 0.4790 0.8773
vn 0.0781 0.6842 0.7251
vn 0.0622 0.8593 0.5078
vn 0.9022 0.1638 0.3990
vn 0.1350 0.7015 0.6998
vn 0.1403 0.6786 0.7209
vn 0.2284 0.7364 0.6368
vn 0.2426 0.7631 0.5990
vn 0.0317 0.0900 0.9954
vn 0.1063 0.2561 0.9608
vn 0.3224 0.8088 0.4918
vn 0.2803 0.5337 0.7978
vn 0.3255 0.6198 0.7141
vn 0.3893 0.6987 0.6002
vn -0.3775 0.1540 0.9131
vn -0.7324 0.3291 0.5960
vn 0.1852 0.2611 0.9474
vn 0.4771 0.7286 0.4915
vn -0.4787 0.2845 0.8306
vn -0.4597 0.2885 0.8399
vn 0.3516 0.4351 0.8289
vn 0.4495 0.5676 0.6898
vn 0.5522 0.6502 0.5218
vn -0.3463 0.2582 0.9019
vn -0.5258 0.4226 0.7382
vn 0.3440 0.3202 0.8827
vn 0.4049 0.4110 0.8168
vn 0.6215 0.6275 0.4690
vn 0.6094 0.6008 0.5174
vn -0.5384 0.4734 0.6972
vn 0.4529 0.3854 0.8040
vn 0.3090 0.2139 0.9267
vn 0.5725 0.4071 0.7118
vn 0.3197 0.1944 0.9274
vn 0.4260 0.0257 0.9044
vn 0.4471 0.2501 0.8588
vn 0.6675 0.0393 0.7435
vn 0.7616 0.4381 0.4776
vn 0.7467 0.0722 0.6612
vn 0.4240 0.2536 0.8694
vn 0.6144 0.3165 0.7227
vn 0.7568 0.4112 0.5082
vn 0.7969 0.3483 0.4936
vn -0.1816 0.0897 0.9793
vn 0.5577 0.2074 0.8037
vn 0.7812 0.3051 0.5446
vn 0.8302 0.2921 0.4748
vn 0.7459 0.0616 0.6632
vn 0.6651 0.1065 0.7391
vn 0.7154 0.1687 0.6781
vn 0.6475 0.2074 0.7333
vn 0.6843 0.2678 0.6783
vn 0.6114 0.2980 0.7331
vn 0.6395 0.3616 0.6784
vn 0.5626 0.3825 0.7329
vn 0.5819 0.4480 0.6788
vn 0.5024 0.4592 0.7326
vn 0.5127 0.5254 0.6790
vn 0.4318 0.5266 0.7323
vn 0.4333 0.5923 0.6793
vn 0.3522 0.5833 0.7319
vn 0.3453 0.6470 0.6798
vn 0.2653 0.6280 0.7316
vn 0.2504 0.6888 0.6803
vn 0.1728 0.6600 0.7311
vn 0.1506 0.7168 0.6808
vn 0.0755 0.6778 0.7314
vn 0.0560 0.7155 0.6964
vn -0.0116 0.7139 0.7002
vn -0.0346 0.6718 0.7399
vn -0.0960 0.7302 0.6765
vn -0.1578 0.6886 0.7078
vn -0.1642 0.6586 0.7344
vn -0.2543 0.6854 0.6823
vn -0.2659 0.6294 0.7302
vn -0.3487 0.6431 0.6817
vn -0.3529 0.5845 0.7306
vn -0.4364 0.5880 0.6810
vn -0.4326 0.5277 0.7310
vn -0.5153 0.5210 0.6804
vn -0.5033 0.4601 0.7314
vn -0.5840 0.4434 0.6800
vn -0.5636 0.3832 0.7318
vn -0.6411 0.3568 0.6794
vn -0.6124 0.2984 0.7321
vn -0.6853 0.2630 0.6791
vn -0.6483 0.2077 0.7325
vn -0.7159 0.1637 0.6788
vn -0.6711 0.1127 0.7328
vn -0.7321 0.0611 0.6784
vn -0.6753 0.0104 0.7374
vn -0.7249 0.0529 0.6868
vn -0.6785 0.1200 0.7248
vn -0.7051 0.1578 0.6914
vn -0.6514 0.2476 0.7172
vn -0.6567 0.2571 0.7090
vn -0.6189 0.3502 0.7031
vn -0.6220 0.3609 0.6949
vn -0.5563 0.4082 0.7238
vn -0.5546 0.4693 0.6872
vn -0.4917 0.4873 0.7216
vn -0.4745 0.5446 0.6915
vn -0.3989 0.5564 0.7289
vn -0.3920 0.5980 0.6990
vn -0.3000 0.6448 0.7030
vn -0.2674 0.6266 0.7320
vn -0.1874 0.7051 0.6839
vn -0.1271 0.6664 0.7347
vn -0.0680 0.7302 0.6798
vn 0.0327 0.6781 0.7343
vn 0.0666 0.7152 0.6957
vn 0.1863 0.7008 0.6886
vn 0.1645 0.6876 0.7072
vn 0.2477 0.6414 0.7261
vn 0.3062 0.6581 0.6878
vn 0.3643 0.5773 0.7308
vn 0.3831 0.5844 0.7154
vn 0.4756 0.5459 0.6898
vn 0.4806 0.4952 0.7237
vn 0.5483 0.4283 0.7183
vn 0.5505 0.4658 0.6928
vn 0.6159 0.3493 0.7062
vn 0.6197 0.3595 0.6977
vn 0.6502 0.2414 0.7204
vn 0.6589 0.2580 0.7067
vn 0.7066 0.1581 0.6897
vn 0.6832 0.1225 0.7199
vn 0.7196 0.0525 0.6924
vn 0.6885 0.0092 0.7252
vn 0.7414 0.0018 0.6711
vn 0.6873 0.0403 0.7252
vn 0.7219 0.1110 0.6830
vn 0.6725 0.1309 0.7284
vn 0.6997 0.2107 0.6827
vn 0.6471 0.2240 0.7288
vn 0.6637 0.3065 0.6823
vn 0.6089 0.3126 0.7291
vn 0.6147 0.3964 0.6820
vn 0.5586 0.3949 0.7293
vn 0.5535 0.4784 0.6817
vn 0.4974 0.4693 0.7297
vn 0.4815 0.5512 0.6814
vn 0.4262 0.5343 0.7300
vn 0.3999 0.6132 0.6812
vn 0.3468 0.5887 0.7302
vn 0.3105 0.6634 0.6808
vn 0.2605 0.6314 0.7304
vn 0.2149 0.7005 0.6806
vn 0.1691 0.6615 0.7307
vn 0.1150 0.7239 0.6803
vn 0.0743 0.6784 0.7309
vn 0.0129 0.7330 0.6801
vn -0.0255 0.6760 0.7364
vn -0.0906 0.7355 0.6715
vn -0.1357 0.6619 0.7372
vn -0.1906 0.7090 0.6790
vn -0.2331 0.6402 0.7320
vn -0.2877 0.6753 0.6791
vn -0.3209 0.6012 0.7318
vn -0.3791 0.6283 0.6793
vn -0.4024 0.5503 0.7316
vn -0.4630 0.5691 0.6796
vn -0.4759 0.4883 0.7315
vn -0.5376 0.4986 0.6800
vn -0.5398 0.4167 0.7314
vn -0.6018 0.4186 0.6802
vn -0.5933 0.3368 0.7311
vn -0.6541 0.3303 0.6805
vn -0.6349 0.2501 0.7310
vn -0.6936 0.2357 0.6808
vn -0.6641 0.1584 0.7307
vn -0.7319 0.1312 0.6686
vn -0.6710 0.0655 0.7385
vn 0.9984 0.0571 -0.0049
vn 0.9964 0.0842 0.0100
vn 0.9815 0.1910 -0.0090
vn 0.9733 0.2295 0.0091
vn 0.9449 0.3271 -0.0090
vn 0.9312 0.3644 0.0092
vn 0.8896 0.4567 -0.0091
vn 0.8705 0.4921 0.0092
vn 0.8165 0.5773 -0.0092
vn 0.7923 0.6100 0.0093
vn 0.7273 0.6862 -0.0092
vn 0.6984 0.7156 0.0093
vn 0.6235 0.7817 -0.0093
vn 0.5904 0.8070 0.0094
vn 0.5075 0.8616 -0.0093
vn 0.4708 0.8822 0.0095
vn 0.3813 0.9244 -0.0094
vn 0.3416 0.9398 0.0095
vn 0.2476 0.9688 -0.0095
vn 0.2057 0.9786 0.0096
vn 0.1089 0.9940 -0.0095
vn 0.0783 0.9969 0.0041
vn -0.0152 0.9999 0.0013
vn -0.0376 0.9992 -0.0101
vn -0.1315 0.9913 0.0093
vn -0.2235 0.9747 0.0015
vn -0.2008 0.9796 -0.0090
vn -0.3479 0.9375 0.0019
vn -0.3422 0.9396 -0.0018
vn -0.4709 0.8822 -0.0019
vn -0.4767 0.8791 0.0021
vn -0.5902 0.8072 -0.0021
vn -0.5959 0.8030 0.0022
vn -0.6979 0.7162 -0.0022
vn -0.7032 0.7110 0.0023
vn -0.7916 0.6111 -0.0023
vn -0.7965 0.6047 0.0025
vn -0.8738 0.4863 0.0026
vn -0.8697 0.4936 -0.0024
vn -0.9336 0.3583 0.0027
vn -0.9304 0.3665 -0.0026
vn -0.9727 0.2321 -0.0027
vn -0.9748 0.2230 0.0028
vn -0.9953 0.0972 -0.0027
vn -0.9965 0.0840 0.0044
vn 0.9999 0.0137 -0.0003
vn 1.0000 0.0076 -0.0024
vn 0.9971 0.0751 0.0068
vn 0.9845 0.1752 0.0005
vn 0.9872 0.1594 -0.0048
vn 0.9629 0.2696 0.0078
vn 0.9367 0.3500 -0.0044
vn 0.9446 0.3281 0.0018
vn 0.9081 0.4187 0.0072
vn 0.8696 0.4937 -0.0024
vn 0.8620 0.5069 0.0011
vn 0.8311 0.5560 0.0057
vn 0.7888 0.6146 -0.0029
vn 0.7706 0.6373 0.0031
vn 0.6989 0.7152 0.0004
vn 0.7077 0.7065 -0.0041
vn 0.6316 0.7752 0.0111
vn 0.5637 0.8260 0.0035
vn 0.5329 0.8461 -0.0086
vn 0.4647 0.8855 0.0078
vn 0.3583 0.9336 -0.0032
vn 0.3878 0.9217 0.0053
vn 0.2316 0.9728 -0.0003
vn 0.2790 0.9603 0.0059
vn 0.1890 0.9819 0.0083
vn 0.0914 0.9958 0.0046
vn 0.0481 0.9988 -0.0092
vn -0.0464 0.9989 0.0111
vn -0.1370 0.9906 0.0052
vn -0.1845 0.9828 -0.0093
vn -0.2504 0.9681 0.0067
vn -0.3317 0.9434 0.0066
vn -0.3917 0.9200 -0.0087
vn -0.4380 0.8990 0.0061
vn -0.5197 0.8543 0.0109
vn -0.5858 0.8105 -0.0037
vn -0.6024 0.7982 0.0021
vn -0.6784 0.7347 0.0069
vn -0.7107 0.7035 -0.0028
vn -0.7519 0.6592 0.0053
vn -0.8052 0.5931 -0.0020
vn -0.8082 0.5889 -0.0008
vn -0.8452 0.5344 0.0035
vn -0.8711 0.4911 -0.0021
vn -0.8918 0.4525 0.0054
vn -0.9140 0.4056 0.0054
vn -0.9340 0.3572 -0.0009
vn -0.9309 0.3653 -0.0035
vn -0.9479 0.3185 0.0055
vn -0.9626 0.2709 0.0087
vn -0.9754 0.2204 0.0059
vn -0.9848 0.1736 -0.0040
vn -0.9915 0.1300 0.0072
vn 0.9999 0.0126 -0.0002
vn 0.9992 0.0398 0.0012
vn 0.9946 0.1036 -0.0006
vn 0.9944 0.1053 -0.0004
vn 0.9872 0.1596 0.0013
vn 0.9777 0.2101 -0.0002
vn 0.9759 0.2181 -0.0010
vn 0.9600 0.2798 0.0017
vn 0.9403 0.3402 -0.0000
vn 0.9430 0.3328 -0.0008
vn 0.9180 0.3965 0.0015
vn 0.8944 0.4472 -0.0004
vn 0.8966 0.4429 -0.0008
vn 0.8598 0.5106 0.0014
vn 0.8335 0.5525 0.0002
vn 0.8374 0.5466 -0.0005
vn 0.8022 0.5971 0.0020
vn 0.7662 0.6426 -0.0002
vn 0.7647 0.6444 0.0001
vn 0.7251 0.6886 0.0019
vn 0.6823 0.7311 -0.0003
vn 0.6841 0.7294 -0.0006
vn 0.6335 0.7737 0.0014
vn 0.5853 0.8109 -0.0001
vn 0.5923 0.8057 -0.0009
vn 0.5622 0.8270 0.0015
vn 0.5173 0.8558 0.0011
vn 0.4920 0.8706 -0.0011
vn 0.4611 0.8873 0.0011
vn 0.4077 0.9131 0.0006
vn 0.3847 0.9231 -0.0012
vn 0.3554 0.9347 0.0009
vn 0.3069 0.9517 0.0011
vn 0.2719 0.9623 -0.0013
vn 0.2379 0.9713 0.0013
vn 0.1755 0.9845 0.0006
vn 0.1552 0.9879 -0.0010
vn 0.1159 0.9933 0.0013
vn 0.0601 0.9982 0.0007
vn 0.0363 0.9993 -0.0013
vn -0.0123 0.9999 0.0015
vn -0.0831 0.9965 -0.0015
vn -0.1150 0.9934 0.0015
vn -0.1754 0.9845 0.0013
vn -0.2014 0.9795 -0.0006
vn -0.2318 0.9728 0.0014
vn -0.2660 0.9640 0.0014
vn -0.3306 0.9438 0.0004
vn -0.3167 0.9485 -0.0009
vn -0.3798 0.9251 0.0016
vn -0.4301 0.9028 0.0001
vn -0.4275 0.9040 -0.0002
vn -0.4866 0.8736 0.0018
vn -0.5323 0.8466 -0.0005
vn -0.5333 0.8459 -0.0003
vn -0.5868 0.8097 0.0013
vn -0.6256 0.7802 -0.0006
vn -0.6317 0.7752 -0.0000
vn -0.6706 0.7418 0.0010
vn -0.7027 0.7115 -0.0011
vn -0.7221 0.6918 0.0013
vn -0.7645 0.6446 0.0014
vn -0.7897 0.6135 -0.0013
vn -0.8020 0.5973 0.0005
vn -0.8387 0.5446 0.0014
vn -0.8583 0.5131 -0.0006
vn -0.8610 0.5086 -0.0002
vn -0.8935 0.4491 0.0017
vn -0.9126 0.4089 -0.0004
vn -0.9177 0.3974 0.0007
vn -0.9399 0.3414 0.0018
vn -0.9580 0.2867 0.0007
vn -0.9542 0.2992 -0.0004
vn -0.9693 0.2459 0.0015
vn -0.9807 0.1953 0.0002
vn -0.9827 0.1853 -0.0005
vn -0.9865 0.1636 0.0009
vn -0.9934 0.1149 0.0015
vn -0.9964 0.0846 0.0005
vn -0.9972 0.0751 -0.0005
vn -1.0000 0.0088 0.0009
vn 0.7444 0.6676 -0.0095
vn -0.9987 0.0498 -0.0093
vn 0.8746 0.4846 0.0129
vn -0.9293 0.3694 0.0069
vn -0.8833 0.4689 -0.0040
vn 0.9696 0.2446 -0.0079
vn -0.7172 0.6968 0.0035
vn -0.6621 0.7494 -0.0027
vn -0.3984 0.9172 0.0024
vn -0.3997 0.9167 0.0022
vn 0.0638 0.9980 -0.0025
vn 0.0930 0.9957 0.0015
vn 0.4364 0.8998 -0.0011
vn 0.4977 0.8673 0.0056
vn 0.7446 0.6675 0.0004
vn 0.7246 0.6891 -0.0041
vn -0.9621 0.2726 0.0013
vn -0.9696 0.2448 -0.0021
vn 0.9388 0.3443 0.0075
vn -0.7880 0.6157 0.0042
vn 0.9696 0.2447 -0.0047
vn -0.7445 0.6676 -0.0050
vn -0.4364 0.8998 -0.0006
vn -0.3895 0.9210 0.0053
vn -0.0665 0.9978 -0.0056
vn 0.0102 0.9999 0.0027
vn 0.3750 0.9270 0.0015
vn 0.4038 0.9149 -0.0025
vn 0.7445 0.6676 -0.0067
vn 0.8107 0.5855 0.0039
vn -0.9696 0.2447 -0.0047
vn -0.9388 0.3443 0.0075
vn 0.9621 0.2726 0.0013
vn 0.9696 0.2448 -0.0021
vn -0.7246 0.6891 -0.0041
vn -0.7446 0.6675 0.0004
vn -0.4363 0.8998 -0.0023
vn -0.3526 0.9358 0.0066
vn -0.0664 0.9978 -0.0084
vn 0.1273 0.9918 0.0093
vn 0.4039 0.9148 -0.0073
vn 0.5461 0.8377 0.0054
vn -0.9696 0.2446 -0.0079
vn 0.9239 0.3826 0.0064
vn -0.8746 0.4846 0.0129
vn 0.9696 0.2448 -0.0052
vn 0.9990 0.0436 0.0037
vn -0.7444 0.6676 -0.0095
vn -0.4977 0.8673 0.0056
vn -0.4364 0.8998 -0.0011
vn -0.1069 0.9943 0.0014
vn -0.0664 0.9978 -0.0036
vn 0.3526 0.9358 0.0046
vn 0.4037 0.9149 -0.0025
vn -0.4565 0.4827 -0.7474
vn -0.5607 0.5668 -0.6036
vn -0.4955 0.6179 -0.6104
vn -0.3609 0.4791 -0.8001
vn -0.4417 0.7024 -0.5582
vn -0.3000 0.5178 -0.8012
vn -0.3557 0.7522 -0.5547
vn -0.2351 0.5489 -0.8021
vn -0.2640 0.7908 -0.5522
vn -0.1671 0.5720 -0.8031
vn -0.1683 0.8186 -0.5491
vn -0.0969 0.5866 -0.8040
vn -0.0696 0.8343 -0.5469
vn -0.0257 0.5929 -0.8048
vn 0.0305 0.8383 -0.5443
vn 0.0456 0.5905 -0.8058
vn 0.1305 0.8302 -0.5420
vn 0.1161 0.5803 -0.8061
vn 0.2291 0.8109 -0.5385
vn 0.1848 0.5613 -0.8067
vn 0.3245 0.7786 -0.5372
vn 0.2504 0.5341 -0.8075
vn 0.4157 0.7357 -0.5347
vn 0.3122 0.4993 -0.8082
vn 0.5012 0.6818 -0.5329
vn 0.3696 0.4577 -0.8087
vn 0.5795 0.6179 -0.5314
vn 0.4211 0.4092 -0.8094
vn 0.6498 0.5450 -0.5298
vn 0.4667 0.3553 -0.8099
vn 0.7110 0.4642 -0.5282
vn 0.5054 0.2962 -0.8105
vn 0.7621 0.3765 -0.5267
vn 0.5370 0.2332 -0.8107
vn 0.8028 0.2833 -0.5247
vn 0.5604 0.1668 -0.8112
vn 0.8310 0.1857 -0.5244
vn 0.5759 0.0982 -0.8116
vn 0.8252 0.0874 -0.5580
vn 0.5987 0.0289 -0.8005
vn 0.7830 0.0099 -0.6220
vn 0.6767 -0.0509 -0.7345
vn 0.6719 -0.0510 -0.7388
vn 0.7324 -0.1381 -0.6668
vn 0.6514 -0.1293 -0.7476
vn 0.7206 -0.2260 -0.6555
vn 0.6229 -0.2037 -0.7554
vn 0.6983 -0.3129 -0.6438
vn 0.5862 -0.2732 -0.7627
vn 0.6646 -0.3973 -0.6329
vn 0.5423 -0.3372 -0.7695
vn 0.6241 -0.4855 -0.6122
vn 0.5065 -0.4076 -0.7598
vn -0.5771 -0.3749 0.7255
vn -0.6033 -0.3968 0.6918
vn -0.6058 -0.4644 0.6460
vn -0.4617 -0.3753 0.8038
vn -0.6056 -0.5786 0.5464
vn -0.4123 -0.4269 0.8048
vn -0.5341 -0.6482 0.5427
vn -0.3572 -0.4722 0.8059
vn -0.4543 -0.7086 0.5399
vn -0.2972 -0.5103 0.8070
vn -0.3678 -0.7593 0.5368
vn -0.2333 -0.5412 0.8079
vn -0.2776 -0.8180 0.5038
vn -0.1659 -0.5628 0.8098
vn -0.1533 -0.8047 0.5736
vn -0.1062 -0.6324 0.7673
vn -0.0500 -0.7781 0.6261
vn -0.0294 -0.6370 0.7703
vn 0.0430 -0.7830 0.6205
vn 0.0470 -0.6319 0.7737
vn 0.1363 -0.7760 0.6158
vn 0.1218 -0.6182 0.7765
vn 0.2287 -0.7582 0.6106
vn 0.1940 -0.5957 0.7794
vn 0.3187 -0.7292 0.6056
vn 0.2629 -0.5654 0.7818
vn 0.4052 -0.6899 0.6000
vn 0.3270 -0.5267 0.7846
vn 0.4955 -0.6452 0.5816
vn 0.4210 -0.5302 0.7360
vn 0.4660 -0.4781 0.7445
vn 0.5537 -0.5526 0.6229
vn 0.5218 -0.4198 0.7426
vn 0.5354 -0.4327 0.7254
vn 0.6303 -0.3996 0.6656
vn 0.5688 -0.3536 0.7426
vn 0.6750 -0.3222 0.6638
vn 0.6061 -0.2824 0.7436
vn 0.7095 -0.2395 0.6627
vn 0.6349 -0.2076 0.7442
vn 0.6542 -0.1299 0.7451
vn 0.7343 -0.1532 0.6613
vn 0.7495 -0.0635 0.6589
vn 0.6671 -0.0500 0.7433
vn 0.7481 0.0286 0.6630
vn 0.6669 0.0316 0.7445
vn 0.7378 0.1186 0.6645
vn 0.6562 0.1119 0.7463
vn 0.7208 0.2066 0.6616
vn 0.6361 0.1893 0.7480
vn 0.6941 0.2926 0.6577
vn 0.6066 0.2635 0.7501
vn 0.6564 0.3747 0.6547
vn 0.5684 0.3332 0.7523
vn 0.6089 0.4520 0.6519
vn 0.5226 0.3978 0.7541
vn 0.5525 0.5234 0.6487
vn 0.4696 0.4563 0.7558
vn 0.4877 0.5877 0.6456
vn 0.4100 0.5077 0.7577
vn 0.4154 0.6368 0.6496
vn 0.3333 0.5330 0.7777
vn 0.3752 0.7237 0.5792
vn 0.2499 0.5331 0.8083
vn 0.3009 0.7914 0.5321
vn 0.1839 0.5588 0.8086
vn 0.2044 0.8226 0.5306
vn 0.1153 0.5764 0.8090
vn 0.1047 0.8418 0.5296
vn 0.0453 0.5855 0.8094
vn -0.0010 0.8691 0.4947
vn -0.0253 0.5840 0.8114
vn -0.1142 0.8117 0.5728
vn -0.1027 0.6212 0.7769
vn -0.2041 0.7637 0.6124
vn -0.1741 0.5958 0.7840
vn -0.2973 0.7450 0.5972
vn -0.2438 0.5692 0.7852
vn -0.3853 0.7061 0.5940
vn -0.3095 0.5341 0.7867
vn -0.4775 0.6629 0.5767
vn -0.3817 0.5067 0.7730
vn -0.5040 0.5330 0.6797
vn -0.5521 0.5754 0.6033
vn -0.8354 -0.5497 -0.0026
vn -0.8304 -0.5571 -0.0075
vn -0.7935 -0.6085 0.0093
vn -0.7592 -0.6507 -0.0138
vn -0.7230 -0.6908 0.0138
vn -0.6765 -0.7363 -0.0137
vn -0.6358 -0.7717 0.0138
vn -0.5842 -0.8115 -0.0138
vn -0.5397 -0.8418 0.0138
vn -0.4837 -0.8751 -0.0138
vn -0.4359 -0.8999 0.0138
vn -0.3763 -0.9264 -0.0138
vn -0.3213 -0.9468 0.0163
vn -0.2637 -0.9645 -0.0162
vn -0.1872 -0.9822 0.0150
vn -0.1473 -0.9890 -0.0116
vn -0.0641 -0.9979 0.0116
vn -0.0288 -0.9995 -0.0116
vn 0.0548 -0.9984 0.0116
vn 0.0902 -0.9959 -0.0116
vn 0.1730 -0.9848 0.0116
vn 0.2078 -0.9781 -0.0116
vn 0.2887 -0.9573 0.0116
vn 0.3225 -0.9465 -0.0116
vn 0.4005 -0.9162 0.0116
vn 0.4326 -0.9015 -0.0116
vn 0.5064 -0.8622 0.0116
vn 0.5366 -0.8437 -0.0117
vn 0.6085 -0.7934 0.0127
vn 0.6364 -0.7712 -0.0145
vn 0.7082 -0.7059 0.0132
vn 0.7294 -0.6841 -0.0066
vn 0.7778 -0.6285 0.0048
vn 0.7842 -0.6205 -0.0021
vn 0.8446 -0.5355 0.0025
vn 0.8476 -0.5307 -0.0025
vn 0.9025 -0.4307 0.0026
vn 0.9049 -0.4256 -0.0025
vn 0.9475 -0.3198 0.0026
vn 0.9493 -0.3144 -0.0025
vn 0.9789 -0.2042 0.0025
vn 0.9801 -0.1987 -0.0025
vn 0.9964 -0.0851 0.0026
vn 0.9963 -0.0859 0.0033
vn 0.9999 0.0097 -0.0081
vn 0.9992 0.0389 0.0119
vn 0.9923 0.1234 -0.0118
vn 0.9873 0.1587 0.0117
vn 0.9704 0.2411 -0.0118
vn 0.9612 0.2755 0.0117
vn 0.9347 0.3553 -0.0118
vn 0.9214 0.3884 0.0117
vn 0.8878 0.4602 -0.0105
vn 0.8684 0.4957 0.0116
vn 0.8375 0.5464 -0.0118
vn 0.8029 0.5960 0.0140
vn 0.7694 0.6386 -0.0140
vn 0.7259 0.6876 0.0139
vn 0.6876 0.7259 -0.0139
vn 0.6386 0.7694 0.0140
vn 0.5960 0.8029 -0.0140
vn 0.5464 0.8375 0.0118
vn 0.4957 0.8684 -0.0116
vn 0.4602 0.8878 0.0105
vn 0.3884 0.9214 -0.0117
vn 0.3553 0.9347 0.0118
vn 0.2755 0.9612 -0.0117
vn 0.2411 0.9704 0.0118
vn 0.1587 0.9873 -0.0117
vn 0.1234 0.9923 0.0118
vn 0.0389 0.9992 -0.0119
vn -0.0011 0.9999 0.0155
vn -0.0800 0.9967 -0.0143
vn -0.1398 0.9901 0.0137
vn -0.1796 0.9837 -0.0093
vn -0.2577 0.9662 0.0113
vn -0.2912 0.9566 -0.0118
vn -0.3706 0.9287 0.0117
vn -0.4035 0.9149 -0.0118
vn -0.4789 0.8778 0.0117
vn -0.5099 0.8602 -0.0119
vn -0.5845 0.8113 0.0131
vn -0.6090 0.7931 -0.0107
vn -0.6916 0.7223 0.0070
vn -0.7018 0.7123 -0.0060
vn -0.7680 0.3446 -0.5399
vn -0.5257 0.2648 -0.8084
vn -0.8072 -0.1420 -0.5730
vn -0.7242 0.4336 -0.5363
vn -0.5616 -0.0812 -0.8234
vn -0.4889 0.3249 -0.8096
vn -0.8411 -0.0451 -0.5389
vn -0.6799 0.5286 -0.5081
vn -0.4585 0.3883 -0.7994
vn -0.5969 -0.0076 -0.8023
vn -0.8376 0.0566 -0.5433
vn -0.5919 0.0637 -0.8035
vn -0.8214 0.1548 -0.5489
vn -0.5777 0.1334 -0.8053
vn -0.8006 0.2512 -0.5440
vn -0.5555 0.2008 -0.8069
vn -0.5599 0.5683 -0.6029
vn -0.4647 0.4866 -0.7398
vn -0.4017 0.5332 -0.7445
vn -0.4553 0.5928 -0.6643
vn -0.3827 0.6455 -0.6609
vn -0.3331 0.5751 -0.7472
vn -0.3040 0.6893 -0.6576
vn -0.2605 0.6083 -0.7497
vn -0.2202 0.7234 -0.6543
vn -0.1848 0.6331 -0.7517
vn -0.1032 0.6255 -0.7733
vn -0.1355 0.7425 -0.6560
vn -0.0645 0.8097 -0.5833
vn -0.0256 0.5953 -0.8031
vn 0.0324 0.8418 -0.5389
vn 0.0461 0.5938 -0.8033
vn 0.1326 0.8251 -0.5492
vn 0.1170 0.5831 -0.8039
vn 0.2306 0.8046 -0.5472
vn 0.1859 0.5639 -0.8046
vn 0.3256 0.7723 -0.5454
vn 0.2521 0.5369 -0.8051
vn 0.4163 0.7293 -0.5430
vn 0.3144 0.5020 -0.8057
vn 0.5012 0.6752 -0.5412
vn 0.3719 0.4599 -0.8063
vn 0.5789 0.6112 -0.5397
vn 0.4241 0.4115 -0.8067
vn 0.6487 0.5384 -0.5379
vn 0.4697 0.3570 -0.8074
vn 0.6911 0.4508 -0.5650
vn 0.5160 0.3019 -0.8016
vn 0.7361 0.3816 -0.5590
vn 0.5394 0.2337 -0.8090
vn 0.7919 0.3011 -0.5313
vn 0.5643 0.1674 -0.8084
vn 0.8212 0.2040 -0.5329
vn 0.5808 0.0984 -0.8080
vn 0.8386 0.1043 -0.5347
vn 0.5892 0.0280 -0.8075
vn 0.8039 0.0082 -0.5947
vn 0.6352 -0.0465 -0.7709
vn 0.7308 -0.0633 -0.6796
vn 0.6645 -0.1303 -0.7359
vn 0.7194 -0.1459 -0.6791
vn 0.6471 -0.2102 -0.7329
vn 0.6937 -0.2297 -0.6827
vn 0.6196 -0.2877 -0.7303
vn 0.6581 -0.3095 -0.6864
vn 0.5830 -0.3616 -0.7276
vn 0.6138 -0.3844 -0.6896
vn 0.5410 -0.4295 -0.7231
vn 0.5326 -0.4215 -0.7339
vn 0.5519 -0.5186 -0.6531
vn 0.4545 -0.4430 -0.7728
vn -0.9219 -0.3874 0.0021
vn -0.0000 -0.0000 -1.0000
vn -0.1929 -0.0877 -0.9773
vn 0.3629 -0.8765 -0.3162
vn -0.3638 0.8762 -0.3163
vn -0.3629 0.8766 -0.3161
vn -0.0001 -0.0000 1.0000
vn -0.0000 -0.0000 1.0000
vn -0.5986 -0.2454 -0.7625
vn 0.5002 -0.6053 -0.6192
vn 0.4169 -0.5183 -0.7467
vn 0.3489 -0.5618 -0.7501
vn 0.4038 -0.6348 -0.6588
vn 0.2770 -0.5956 -0.7540
vn 0.3276 -0.6827 -0.6532
vn 0.2457 -0.7211 -0.6479
vn 0.2024 -0.6207 -0.7574
vn 0.1593 -0.7501 -0.6419
vn 0.1256 -0.6364 -0.7610
vn 0.0695 -0.7677 -0.6370
vn 0.0481 -0.6429 -0.7644
vn -0.0223 -0.7748 -0.6318
vn -0.0292 -0.6404 -0.7675
vn -0.1148 -0.7709 -0.6266
vn -0.1053 -0.6291 -0.7702
vn -0.2067 -0.7562 -0.6209
vn -0.1790 -0.6084 -0.7732
vn -0.2964 -0.7296 -0.6164
vn -0.2493 -0.5794 -0.7760
vn -0.3828 -0.6926 -0.6114
vn -0.3155 -0.5427 -0.7785
vn -0.4646 -0.6454 -0.6063
vn -0.3761 -0.4980 -0.7814
vn -0.5401 -0.5879 -0.6023
vn -0.4310 -0.4471 -0.7838
vn -0.6090 -0.5220 -0.5971
vn -0.4795 -0.3904 -0.7859
vn -0.6487 -0.4428 -0.6189
vn -0.9245 -0.3811 -0.0000
vn -0.9238 -0.3826 0.0120
vn -0.9244 -0.3814 -0.0004
vn -0.9241 -0.3822 0.0073
vn -0.9229 -0.3851 -0.0009
vn -0.9235 -0.3835 -0.0029
vn -0.9236 -0.3832 -0.0080
vn -0.9780 0.2086 0.0088
vn -0.9827 0.1852 -0.0088
vn -0.9961 0.0880 0.0096
vn -0.7769 0.6296 0.0070
vn -0.9977 0.0680 -0.0070
vn -0.7894 0.6138 -0.0095
vn -0.9990 -0.0448 0.0058
vn -0.8454 0.5340 0.0088
vn -0.9985 -0.0541 -0.0025
vn -0.8579 0.5137 -0.0088
vn -0.9857 -0.1686 0.0025
vn -0.9023 0.4310 0.0088
vn -0.9849 -0.1729 -0.0017
vn -0.9123 0.4093 -0.0088
vn -0.9467 0.3220 0.0088
vn -0.9541 0.2994 -0.0088
vn -0.6589 -0.2722 0.7013
vn -0.5135 -0.2073 0.8326
vn -0.5662 0.0749 0.8209
vn -0.8659 0.0769 0.4943
vn -0.4691 0.4180 0.7780
vn -0.5660 -0.0056 0.8244
vn -0.6627 0.5382 0.5207
vn -0.8298 -0.0377 0.5567
vn -0.4755 0.3371 0.8126
vn -0.5895 -0.0840 0.8034
vn -0.7176 0.4533 0.5288
vn -0.8104 -0.1395 0.5690
vn -0.5134 0.2785 0.8117
vn -0.7651 0.3654 0.5302
vn -0.5442 0.2157 0.8108
vn -0.8017 0.2727 0.5318
vn -0.5678 0.1496 0.8095
vn -0.8266 0.1763 0.5345
vn 0.0093 0.0044 -0.9999
vn -0.0002 -0.0001 -1.0000
vn 0.5298 -0.5409 -0.6532
vn 0.5126 -0.5259 -0.6787
vn 0.4049 -0.5099 -0.7590
vn 0.4860 -0.6380 -0.5973
vn 0.3281 -0.5285 -0.7830
vn 0.4053 -0.6894 -0.6004
vn 0.2630 -0.5657 -0.7815
vn 0.3192 -0.7306 -0.6036
vn 0.1939 -0.5955 -0.7796
vn 0.2292 -0.7613 -0.6066
vn 0.1215 -0.6165 -0.7779
vn 0.1363 -0.7806 -0.6100
vn 0.0468 -0.6286 -0.7763
vn 0.0421 -0.7890 -0.6129
vn -0.0292 -0.6321 -0.7743
vn -0.0455 -0.7440 -0.6666
vn -0.1135 -0.6998 -0.7052
vn -0.1097 -0.6535 -0.7490
vn -0.2054 -0.7269 -0.6553
vn -0.1867 -0.6332 -0.7511
vn -0.2919 -0.7005 -0.6512
vn -0.2602 -0.6035 -0.7537
vn -0.3747 -0.6631 -0.6480
vn -0.3293 -0.5654 -0.7562
vn -0.4528 -0.6160 -0.6446
vn -0.3933 -0.5199 -0.7583
vn -0.5253 -0.5600 -0.6407
vn -0.4510 -0.4670 -0.7606
vn -0.5752 -0.4927 -0.6530
vn -0.4782 -0.3887 -0.7876
vn -0.6546 -0.4759 -0.5874
vn -0.5281 -0.3430 -0.7768
vn -0.6829 -0.3885 -0.6186
vn -0.6703 -0.3827 -0.6358
vn -0.5850 -0.2551 -0.7699
vn -0.7261 -0.3029 -0.6172
vn -0.6276 -0.1768 -0.7582
vn -0.8096 -0.2107 -0.5479
vn -0.5995 -0.0879 -0.7956
vn -0.7273 -0.0952 -0.6796
vn -0.6813 -0.0074 -0.7319
vn -0.6224 -0.0108 -0.7826
vn -0.8474 0.0638 -0.5271
vn -0.5606 0.0749 -0.8247
vn -0.8306 0.1566 -0.5343
vn -0.5692 0.1499 -0.8084
vn -0.8047 0.2524 -0.5373
vn -0.5492 0.2176 -0.8069
vn -0.7669 0.3437 -0.5421
vn -0.5209 0.2825 -0.8055
vn -0.7183 0.4294 -0.5474
vn -0.4854 0.3441 -0.8038
vn -0.6823 0.5306 -0.5029
vn -0.4496 0.4007 -0.7983
vn -0.7028 -0.7114 0.0031
vn 0.9979 -0.0642 -0.0032
vn -0.9123 -0.4095 -0.0009
vn -0.9138 -0.4062 -0.0014
vn 0.9473 -0.3204 0.0042
vn -0.9994 -0.0348 0.0015
vn 0.9139 -0.4060 -0.0048
vn -0.9979 -0.0640 0.0054
vn 0.7196 -0.6943 0.0051
vn 0.6733 -0.7394 -0.0020
vn 0.4203 -0.9074 -0.0010
vn 0.3700 -0.9290 0.0041
vn 0.0640 -0.9979 -0.0049
vn 0.0146 -0.9999 0.0009
vn -0.3458 -0.9383 0.0043
vn -0.3997 -0.9166 -0.0024
vn -0.6738 -0.7389 -0.0015
vn -0.8046 -0.5938 0.0070
vn 0.9979 -0.0642 0.0004
vn 0.9974 -0.0726 0.0012
vn -0.9138 -0.4060 -0.0071
vn -0.9853 -0.1709 0.0082
vn 0.9123 -0.4095 -0.0009
vn 0.9138 -0.4062 -0.0014
vn -0.9979 -0.0640 -0.0025
vn 0.6922 -0.7217 0.0033
vn 0.6735 -0.7392 -0.0000
vn 0.4203 -0.9074 -0.0045
vn 0.2789 -0.9603 0.0068
vn 0.0638 -0.9979 -0.0073
vn -0.1202 -0.9927 0.0077
vn -0.3997 -0.9166 -0.0051
vn -0.5195 -0.8544 0.0050
vn -0.6737 -0.7390 -0.0050
vn -0.6751 -0.7377 0.0010
vn -0.8784 -0.4779 0.0028
vn 0.9979 -0.0640 -0.0025
vn 0.9853 -0.1709 0.0082
vn -0.9138 -0.4062 -0.0052
vn -0.9956 -0.0933 0.0033
vn 0.9138 -0.4060 -0.0071
vn -0.9979 -0.0642 0.0004
vn 0.7831 -0.6218 0.0092
vn 0.6733 -0.7393 -0.0057
vn 0.4203 -0.9074 0.0008
vn 0.3530 -0.9356 0.0089
vn 0.0639 -0.9979 -0.0100
vn -0.2134 -0.9769 0.0130
vn -0.3997 -0.9166 -0.0062
vn -0.6738 -0.7389 0.0007
vn 0.9979 -0.0640 0.0054
vn 0.9994 -0.0348 0.0015
vn -0.9220 -0.3872 -0.0084
vn -0.9862 -0.1654 0.0098
vn 0.8948 -0.4465 0.0039
vn 0.6734 -0.7392 -0.0056
vn 0.5397 -0.8418 0.0092
vn 0.4203 -0.9074 -0.0026
vn 0.0638 -0.9980 -0.0015
vn 0.0116 -0.9999 0.0062
vn -0.3997 -0.9166 -0.0046
vn -0.5020 -0.8648 0.0061
vn -0.6738 -0.7389 -0.0049
vn -0.9998 -0.0174 -0.0004
vn -0.9992 -0.0398 0.0011
vn -0.9946 -0.1036 0.0006
vn -0.9915 -0.1298 -0.0012
vn -0.9872 -0.1596 0.0008
vn -0.9777 -0.2101 0.0011
vn -0.9677 -0.2522 -0.0016
vn -0.9600 -0.2798 0.0011
vn -0.9403 -0.3402 0.0016
vn -0.9180 -0.3965 -0.0000
vn -0.9231 -0.3845 -0.0013
vn -0.8944 -0.4473 0.0014
vn -0.8598 -0.5107 0.0005
vn -0.8683 -0.4960 -0.0011
vn -0.8336 -0.5524 0.0017
vn -0.8088 -0.5881 0.0002
vn -0.8022 -0.5971 0.0010
vn -0.7594 -0.6506 0.0009
vn -0.7647 -0.6444 0.0001
vn -0.7251 -0.6886 0.0019
vn -0.6841 -0.7294 -0.0006
vn -0.6823 -0.7311 -0.0003
vn -0.6335 -0.7737 0.0013
vn -0.5853 -0.8109 -0.0001
vn -0.5923 -0.8057 -0.0009
vn -0.5622 -0.8270 0.0015
vn -0.5173 -0.8558 0.0011
vn -0.4920 -0.8706 -0.0011
vn -0.4611 -0.8873 0.0011
vn -0.4077 -0.9131 0.0006
vn -0.3847 -0.9231 -0.0012
vn -0.3554 -0.9347 0.0009
vn -0.3069 -0.9517 0.0011
vn -0.2719 -0.9623 -0.0013
vn -0.2379 -0.9713 0.0013
vn -0.1755 -0.9845 0.0007
vn -0.1600 -0.9871 -0.0006
vn -0.1159 -0.9933 0.0012
vn -0.0611 -0.9981 -0.0004
vn -0.0601 -0.9982 -0.0003
vn 0.0123 -0.9999 0.0014
vn 0.0533 -0.9986 -0.0018
vn 0.1149 -0.9934 0.0020
vn 0.1720 -0.9851 -0.0002
vn 0.1754 -0.9845 0.0001
vn 0.2318 -0.9728 0.0019
vn 0.2660 -0.9640 0.0007
vn 0.2882 -0.9576 -0.0012
vn 0.3305 -0.9438 0.0015
vn 0.3798 -0.9251 0.0008
vn 0.4003 -0.9164 -0.0007
vn 0.4300 -0.9028 0.0015
vn 0.4866 -0.8736 0.0011
vn 0.5068 -0.8621 -0.0007
vn 0.5334 -0.8459 0.0012
vn 0.5868 -0.8097 0.0005
vn 0.6059 -0.7955 -0.0012
vn 0.6317 -0.7752 0.0009
vn 0.6706 -0.7418 0.0011
vn 0.6992 -0.7150 -0.0015
vn 0.7221 -0.6918 0.0013
vn 0.7645 -0.6446 0.0014
vn 0.7897 -0.6135 -0.0013
vn 0.8020 -0.5973 0.0005
vn 0.8387 -0.5446 0.0014
vn 0.8583 -0.5131 -0.0006
vn 0.8610 -0.5086 -0.0002
vn 0.8935 -0.4491 0.0017
vn 0.9126 -0.4089 -0.0004
vn 0.9177 -0.3974 0.0007
vn 0.9399 -0.3414 0.0018
vn 0.9542 -0.2992 -0.0004
vn 0.9580 -0.2867 0.0007
vn 0.9693 -0.2459 0.0015
vn 0.9807 -0.1953 0.0002
vn 0.9865 -0.1636 0.0009
vn 0.9827 -0.1853 -0.0005
vn 0.9934 -0.1149 0.0015
vn 0.9964 -0.0846 0.0004
vn 0.9972 -0.0751 -0.0005
vn 1.0000 -0.0088 0.0009
vn -0.0260 0.0171 0.9995
vn -0.0180 0.0109 0.9998
vn 0.0017 -0.0018 1.0000
vn 0.0025 -0.0020 1.0000
vn 0.0171 -0.0044 0.9998
vn -0.0026 0.0081 1.0000
vn 0.0024 -0.0024 1.0000
vn 0.5655 0.0527 0.8231
vn 0.0047 -0.0030 1.0000
vn -0.0781 -0.0226 0.9967
vn -0.0077 0.0018 1.0000
vn -0.0450 -0.0119 0.9989
vn -0.0586 -0.0174 0.9981
vn 0.0007 0.0026 1.0000
vn -0.0003 0.0004 1.0000
vn -0.1185 -0.0934 0.9885
vn -0.0004 -0.0005 1.0000
vn -0.0607 -0.0524 0.9968
vn 0.1196 0.0935 0.9884
vn -0.0002 -0.0007 1.0000
vn 0.0399 0.0311 0.9987
vn -0.0627 -0.0380 0.9973
vn 0.0004 0.0005 1.0000
vn 0.1810 0.0585 0.9817
vn 0.0006 0.0014 1.0000
vn 0.0777 0.0299 0.9965
vn -0.0000 -0.0001 1.0000
vn -0.0000 -0.0002 1.0000
vn 0.0002 -0.0004 1.0000
vn 0.2632 0.0429 0.9638
vn -0.0029 0.0025 1.0000
vn -0.0004 -0.0003 1.0000
vn 0.0136 -0.0030 0.9999
vn -0.0009 -0.0012 1.0000
vn -0.0007 -0.0000 1.0000
vn 0.0019 -0.0065 1.0000
vn 0.0036 -0.0021 1.0000
vn 0.0109 -0.0085 0.9999
vn -0.0027 0.0052 1.0000
vn -0.9999 -0.0137 -0.0030
vn -0.9998 -0.0207 -0.0006
vn -0.9971 -0.0751 0.0068
vn -0.9845 -0.1752 0.0005
vn -0.9872 -0.1594 -0.0048
vn -0.9629 -0.2696 0.0078
vn -0.9367 -0.3500 -0.0044
vn -0.9446 -0.3281 0.0018
vn -0.9081 -0.4187 0.0072
vn -0.8696 -0.4937 -0.0024
vn -0.8620 -0.5069 0.0011
vn -0.8311 -0.5560 0.0057
vn -0.7888 -0.6146 -0.0029
vn -0.7706 -0.6373 0.0031
vn -0.6989 -0.7152 0.0004
vn -0.7077 -0.7065 -0.0041
vn -0.6316 -0.7752 0.0111
vn -0.5329 -0.8461 -0.0086
vn -0.5637 -0.8260 0.0035
vn -0.4647 -0.8855 0.0078
vn -0.3583 -0.9336 -0.0032
vn -0.3878 -0.9217 0.0053
vn -0.2316 -0.9728 -0.0003
vn -0.2790 -0.9603 0.0059
vn -0.1890 -0.9819 0.0083
vn -0.0914 -0.9958 0.0046
vn -0.0481 -0.9988 -0.0092
vn 0.0464 -0.9989 0.0111
vn 0.1370 -0.9906 0.0052
vn 0.1845 -0.9828 -0.0093
vn 0.2504 -0.9681 0.0067
vn 0.3317 -0.9434 0.0066
vn 0.3917 -0.9200 -0.0087
vn 0.4380 -0.8990 0.0061
vn 0.5197 -0.8543 0.0109
vn 0.5858 -0.8105 -0.0037
vn 0.6024 -0.7982 0.0021
vn 0.6784 -0.7347 0.0069
vn 0.7107 -0.7035 -0.0028
vn 0.7519 -0.6592 0.0053
vn 0.8052 -0.5931 -0.0020
vn 0.8082 -0.5889 -0.0008
vn 0.8452 -0.5344 0.0035
vn 0.8711 -0.4911 -0.0021
vn 0.8918 -0.4525 0.0054
vn 0.9140 -0.4056 0.0054
vn 0.9340 -0.3572 -0.0009
vn 0.9309 -0.3653 -0.0035
vn 0.9479 -0.3185 0.0055
vn 0.9626 -0.2709 0.0087
vn 0.9754 -0.2204 0.0059
vn 0.9848 -0.1736 -0.0040
vn 0.9921 -0.1255 0.0083
vn -0.0001 0.0001 1.0000
vn -0.0006 -0.0004 1.0000
vn -0.0001 0.0003 1.0000
vn 0.0002 -0.0003 1.0000
vn 0.0059 -0.0144 0.9999
vn -0.0002 0.0002 1.0000
vn -0.0000 0.0001 1.0000
vn 0.0003 -0.0001 1.0000
vn 0.0001 0.0001 1.0000
vn 0.0001 -0.0000 1.0000
vn -0.0003 -0.0003 1.0000
vn 0.0002 -0.0000 1.0000
vn 0.0004 -0.0003 1.0000
vn 0.0170 0.0168 0.9997
vn 0.0005 -0.0105 0.9999
vn -0.0002 -0.0003 1.0000
vn -0.0001 -0.0001 1.0000
vn 0.0001 -0.0001 1.0000
vn 0.0003 -0.0000 1.0000
vn 0.0001 0.0003 1.0000
vn 0.0004 0.0001 1.0000
vn -0.0000 0.0002 1.0000
vn -0.0003 0.0003 1.0000
vn -0.0005 -0.0001 1.0000
vn -0.0002 -0.0000 1.0000
vn -0.0001 -0.0002 1.0000
vn -0.0002 -0.0001 1.0000
vn -0.0004 -0.0001 1.0000
vn -0.0000 0.0003 1.0000
vn -0.0207 -0.0022 0.9998
vn 0.0006 0.0069 1.0000
vn -0.0003 0.0001 1.0000
vn -0.0002 0.0003 1.0000
vn 0.0087 0.0061 0.9999
vn 0.0006 -0.0002 1.0000
vn 0.0234 0.0069 0.9997
vn 0.0005 0.0002 1.0000
vn 0.0002 0.0003 1.0000
vn -0.0002 -0.0005 1.0000
vn 0.0002 -0.0002 1.0000
vn -0.0002 0.0005 1.0000
vn -0.0003 0.0002 1.0000
vn -0.0002 -0.0002 1.0000
vn 0.0002 0.0002 1.0000
vn -0.0003 -0.0002 1.0000
vn 0.0002 -0.0005 1.0000
vn 0.0003 0.0003 1.0000
vn 0.0003 -0.0002 1.0000
vn -0.0006 0.0002 1.0000
vn -0.0001 -0.0003 1.0000
vn 0.0003 -0.0003 1.0000
vn -0.0291 -0.0040 0.9996
vn -0.0006 -0.0002 1.0000
vn -0.9999 -0.0142 -0.0049
vn -0.9981 -0.0607 0.0097
vn -0.9946 -0.1039 -0.0065
vn -0.9760 -0.2177 0.0060
vn -0.9727 -0.2321 -0.0027
vn -0.9336 -0.3583 0.0027
vn -0.9304 -0.3665 -0.0026
vn -0.8738 -0.4863 0.0026
vn -0.8697 -0.4936 -0.0024
vn -0.7965 -0.6047 0.0025
vn -0.7916 -0.6111 -0.0023
vn -0.7032 -0.7110 0.0023
vn -0.6979 -0.7162 -0.0022
vn -0.5959 -0.8030 0.0022
vn -0.5902 -0.8072 -0.0021
vn -0.4767 -0.8791 0.0021
vn -0.4709 -0.8822 -0.0019
vn -0.3479 -0.9375 0.0019
vn -0.3422 -0.9396 -0.0018
vn -0.2235 -0.9747 0.0015
vn -0.2008 -0.9796 -0.0090
vn -0.1315 -0.9913 0.0093
vn -0.0152 -0.9999 0.0013
vn -0.0376 -0.9992 -0.0101
vn 0.0783 -0.9969 0.0041
vn 0.1089 -0.9940 -0.0095
vn 0.2057 -0.9786 0.0096
vn 0.2476 -0.9688 -0.0095
vn 0.3416 -0.9398 0.0095
vn 0.3813 -0.9244 -0.0094
vn 0.4708 -0.8822 0.0095
vn 0.5075 -0.8616 -0.0093
vn 0.5904 -0.8070 0.0094
vn 0.6235 -0.7817 -0.0093
vn 0.6984 -0.7156 0.0093
vn 0.7273 -0.6862 -0.0092
vn 0.7923 -0.6100 0.0093
vn 0.8165 -0.5773 -0.0092
vn 0.8705 -0.4921 0.0092
vn 0.8896 -0.4567 -0.0091
vn 0.9312 -0.3644 0.0091
vn 0.9449 -0.3271 -0.0090
vn 0.9733 -0.2295 0.0091
vn 0.9815 -0.1910 -0.0090
vn 0.9964 -0.0842 0.0100
vn 0.9984 -0.0571 -0.0049
vn -0.7333 -0.0017 0.6799
vn -0.7170 -0.0102 0.6970
vn -0.6863 -0.0717 0.7238
vn -0.7264 -0.1116 0.6782
vn -0.6619 -0.1579 0.7328
vn -0.7034 -0.2118 0.6784
vn -0.6332 -0.2494 0.7327
vn -0.6668 -0.3079 0.6786
vn -0.5920 -0.3360 0.7326
vn -0.6173 -0.3980 0.6787
vn -0.5390 -0.4161 0.7324
vn -0.5555 -0.4801 0.6789
vn -0.4753 -0.4878 0.7323
vn -0.4829 -0.5529 0.6790
vn -0.4021 -0.5499 0.7320
vn -0.4009 -0.6148 0.6792
vn -0.3209 -0.6012 0.7318
vn -0.3111 -0.6646 0.6793
vn -0.2333 -0.6406 0.7316
vn -0.2152 -0.7013 0.6796
vn -0.1363 -0.6649 0.7344
vn -0.1150 -0.7238 0.6804
vn -0.0260 -0.6886 0.7247
vn -0.0126 -0.7175 0.6964
vn 0.0760 -0.6936 0.7163
vn 0.0877 -0.7117 0.6969
vn 0.1730 -0.6767 0.7157
vn 0.1860 -0.6919 0.6976
vn 0.2666 -0.6462 0.7151
vn 0.2806 -0.6586 0.6982
vn 0.3552 -0.6029 0.7144
vn 0.3695 -0.6124 0.6989
vn 0.4367 -0.5476 0.7138
vn 0.4510 -0.5544 0.6994
vn 0.5100 -0.4812 0.7130
vn 0.5234 -0.4855 0.7002
vn 0.5730 -0.4051 0.7124
vn 0.5856 -0.4073 0.7008
vn 0.6250 -0.3209 0.7117
vn 0.6361 -0.3212 0.7016
vn 0.6645 -0.2300 0.7110
vn 0.6741 -0.2290 0.7022
vn 0.6910 -0.1345 0.7102
vn 0.7157 -0.1283 0.6866
vn 0.6796 -0.0399 0.7325
vn -0.0014 0.0002 1.0000
vn 0.0015 0.0002 1.0000
vn 0.0011 -0.0002 1.0000
vn -0.0014 -0.0008 1.0000
vn 0.0002 0.0017 1.0000
vn -0.0004 0.0013 1.0000
vn -0.0013 -0.0006 1.0000
vn 0.0008 0.0016 1.0000
vn 0.0002 -0.0017 1.0000
vn 0.0016 0.0008 1.0000
vn -0.0043 0.0057 1.0000
vn -0.0012 0.0010 1.0000
vn -0.0079 0.0002 1.0000
vn 0.0003 -0.0016 1.0000
vn 0.0011 0.0030 1.0000
vn -0.0016 0.0005 1.0000
vn -0.0014 -0.0004 1.0000
vn 0.0007 0.0024 1.0000
vn 0.0048 0.0020 1.0000
vn -0.0006 0.0014 1.0000
vn 0.0022 -0.0000 1.0000
vn -0.0029 0.0015 1.0000
vn 0.0033 0.0042 1.0000
vn -0.0000 -0.0014 1.0000
vn -0.0015 0.0008 1.0000
vn 0.0017 0.0045 1.0000
vn -0.0011 0.0013 1.0000
vn -0.0015 0.0006 1.0000
vn -0.0036 0.0043 1.0000
vn 0.0007 -0.0022 1.0000
vn 0.0020 -0.0018 1.0000
vn 0.0016 0.0019 1.0000
vn -0.0004 -0.0039 1.0000
vn 0.0032 0.0005 1.0000
vn 0.0032 0.0006 1.0000
vn -0.0009 0.0015 1.0000
vn -0.0002 -0.0014 1.0000
vn -0.0032 -0.0006 1.0000
vn -0.0032 -0.0005 1.0000
vn 0.0002 0.0014 1.0000
vn 0.0020 -0.0025 1.0000
vn 0.0036 -0.0043 1.0000
vn -0.0016 -0.0019 1.0000
vn -0.0012 0.0009 1.0000
vn -0.0063 -0.0019 1.0000
vn -0.0020 0.0025 1.0000
vn -0.0017 -0.0045 1.0000
vn 0.0029 -0.0015 1.0000
vn 0.0014 0.0004 1.0000
vn -0.0007 0.0022 1.0000
vn -0.0020 0.0018 1.0000
vn 0.0004 0.0039 1.0000
vn -0.0007 -0.0024 1.0000
vn -0.0048 -0.0020 1.0000
vn 0.0063 0.0019 1.0000
vn -0.0011 -0.0030 1.0000
vn 0.0012 -0.0009 1.0000
vn -0.0021 -0.0000 1.0000
vn -0.0000 0.0014 1.0000
vn 0.0043 -0.0057 1.0000
vn 0.0013 0.0006 1.0000
vn -0.0008 -0.0016 1.0000
vn 0.0014 0.0008 1.0000
vn 0.0009 -0.0015 1.0000
vn 0.0015 -0.0006 1.0000
vn 0.0013 0.0008 1.0000
vn -0.0010 -0.0016 1.0000
vn -0.0005 -0.0015 1.0000
vn 0.0015 -0.0008 1.0000
vn 0.0012 -0.0012 1.0000
vn -0.0003 0.0016 1.0000
vn -0.0059 0.0023 1.0000
vn 0.0045 -0.0109 0.9999
vn -0.0008 -0.0009 1.0000
vn 0.0012 0.0010 1.0000
vn 0.0012 0.0006 1.0000
vn 0.0005 -0.0013 1.0000
vn -0.0021 -0.0001 1.0000
vn 0.0009 -0.0010 1.0000
vn -0.0012 -0.0010 1.0000
vn -0.0012 -0.0006 1.0000
vn 0.0008 0.0009 1.0000
vn 0.0016 -0.0005 1.0000
vn -0.0045 0.0109 0.9999
vn -0.0002 0.0017 1.0000
vn 0.0059 -0.0023 1.0000
vn -0.0022 -0.0017 1.0000
vn -0.0013 -0.0008 1.0000
vn 0.0003 -0.0011 1.0000
vn -0.0007 -0.0018 1.0000
vn 0.0005 0.0015 1.0000
vn 0.0010 0.0016 1.0000
vn -0.0014 0.0003 1.0000
vn 0.7249 -0.0529 0.6868
vn 0.6785 -0.1200 0.7248
vn 0.7051 -0.1578 0.6914
vn 0.6514 -0.2476 0.7172
vn 0.6567 -0.2571 0.7090
vn 0.6189 -0.3502 0.7031
vn 0.6220 -0.3609 0.6949
vn 0.5563 -0.4082 0.7238
vn 0.5546 -0.4693 0.6872
vn 0.4917 -0.4873 0.7216
vn 0.4745 -0.5446 0.6915
vn 0.3989 -0.5564 0.7289
vn 0.3920 -0.5980 0.6990
vn 0.3000 -0.6448 0.7030
vn 0.2674 -0.6266 0.7320
vn 0.1874 -0.7051 0.6839
vn 0.1271 -0.6664 0.7347
vn 0.0680 -0.7302 0.6798
vn -0.0327 -0.6781 0.7343
vn -0.0666 -0.7152 0.6957
vn -0.1863 -0.7008 0.6886
vn -0.1645 -0.6876 0.7072
vn -0.2477 -0.6414 0.7261
vn -0.3062 -0.6581 0.6878
vn -0.3643 -0.5773 0.7308
vn -0.3831 -0.5844 0.7154
vn -0.4756 -0.5459 0.6898
vn -0.4806 -0.4952 0.7237
vn -0.5483 -0.4283 0.7183
vn -0.5505 -0.4658 0.6928
vn -0.6159 -0.3493 0.7062
vn -0.6197 -0.3595 0.6977
vn -0.6502 -0.2414 0.7204
vn -0.6589 -0.2580 0.7067
vn -0.7066 -0.1581 0.6897
vn -0.6832 -0.1225 0.7199
vn -0.7196 -0.0525 0.6924
vn -0.6885 -0.0092 0.7252
vn -0.7438 -0.0439 0.6670
vn -0.6622 -0.1060 0.7418
vn -0.7195 -0.1612 0.6755
vn -0.6484 -0.2077 0.7325
vn -0.6854 -0.2630 0.6791
vn -0.6124 -0.2985 0.7321
vn -0.6411 -0.3568 0.6794
vn -0.5636 -0.3832 0.7318
vn -0.5840 -0.4434 0.6800
vn -0.5034 -0.4601 0.7314
vn -0.5153 -0.5210 0.6804
vn -0.4326 -0.5277 0.7310
vn -0.4364 -0.5880 0.6810
vn -0.3529 -0.5845 0.7306
vn -0.3487 -0.6431 0.6817
vn -0.2659 -0.6294 0.7302
vn -0.2543 -0.6854 0.6823
vn -0.1733 -0.6616 0.7295
vn -0.1603 -0.6994 0.6966
vn -0.0926 -0.7046 0.7036
vn -0.0761 -0.6830 0.7264
vn -0.0118 -0.7266 0.6870
vn 0.0348 -0.6763 0.7358
vn 0.0555 -0.7083 0.7038
vn 0.1498 -0.7127 0.6853
vn 0.1636 -0.6561 0.7367
vn 0.2504 -0.6888 0.6803
vn 0.2653 -0.6280 0.7316
vn 0.3453 -0.6470 0.6798
vn 0.3522 -0.5833 0.7319
vn 0.4333 -0.5923 0.6793
vn 0.4317 -0.5266 0.7323
vn 0.5127 -0.5254 0.6790
vn 0.5024 -0.4592 0.7326
vn 0.5819 -0.4480 0.6788
vn 0.5626 -0.3825 0.7329
vn 0.6395 -0.3616 0.6784
vn 0.6114 -0.2980 0.7331
vn 0.6843 -0.2678 0.6783
vn 0.6475 -0.2074 0.7333
vn 0.7154 -0.1687 0.6781
vn 0.6703 -0.1125 0.7335
vn 0.7384 -0.0609 0.6716
vn 0.6723 -0.0104 0.7402
vn -0.6051 -0.1414 0.7835
vn -0.8745 -0.2065 0.4388
vn -0.6644 -0.1178 0.7380
vn -0.9102 -0.1614 0.3813
vn -0.7707 -0.0498 0.6352
vn 0.7756 -0.1715 0.6075
vn 0.7599 -0.2138 0.6139
vn 0.7484 -0.2515 0.6137
vn 0.7348 -0.2884 0.6139
vn 0.7189 -0.3324 0.6104
vn 0.7954 -0.4287 0.4285
vn 0.7643 -0.4390 0.4723
vn 0.8010 -0.5064 0.3194
vn 0.7234 -0.5269 0.4462
vn 0.7467 -0.5357 0.3943
vn 0.6486 -0.4643 0.6032
vn 0.6854 -0.6016 0.4102
vn 0.6965 -0.6066 0.3833
vn -0.4488 -0.3770 0.8102
vn -0.7137 -0.5913 0.3755
vn -0.4697 -0.3542 0.8086
vn -0.7129 -0.5242 0.4658
vn -0.5932 -0.2819 0.7541
vn -0.4976 -0.2222 0.8384
vn -0.3440 -0.1646 0.9245
vn -0.5497 -0.1945 0.8124
vn -0.5879 -0.1692 0.7911
vn -0.6130 -0.1404 0.7775
vn -0.4043 -0.0588 0.9127
vn -0.6081 -0.1197 0.7848
vn 0.7723 -0.0072 0.6352
vn 0.7619 -0.1546 0.6289
vn 0.1399 -0.0100 0.9901
vn 0.4168 -0.0825 0.9052
vn 0.3533 -0.0465 0.9344
vn 0.7280 -0.0710 0.6819
vn 0.8037 -0.0999 0.5865
vn 0.7496 -0.1886 0.6345
vn 0.3909 -0.0985 0.9152
vn 0.3415 -0.0965 0.9349
vn 0.7393 -0.2259 0.6343
vn 0.3715 -0.1136 0.9215
vn 0.7270 -0.2627 0.6344
vn 0.3827 -0.1385 0.9134
vn 0.3327 -0.1385 0.9328
vn 0.7074 -0.3011 0.6395
vn 0.3146 -0.1276 0.9406
vn 0.2891 -0.1694 0.9422
vn 0.1856 -0.2150 0.9588
vn 0.3021 -0.3298 0.8944
vn 0.6041 -0.3538 0.7140
vn 0.4610 -0.5166 0.7215
vn 0.4700 -0.5231 0.7110
vn 0.6409 -0.6715 0.3720
vn 0.4877 -0.6464 0.5867
vn 0.2979 -0.4798 0.8253
vn 0.3870 -0.6233 0.6795
vn 0.3648 -0.5997 0.7122
vn 0.1252 -0.2479 0.9607
vn 0.1845 -0.4106 0.8929
vn 0.3189 -0.6872 0.6527
vn 0.3272 -0.7191 0.6130
vn -0.7085 -0.5820 0.3991
vn 0.3042 -0.8141 0.4947
vn -0.7720 -0.5274 0.3547
vn -0.7277 -0.4435 0.5232
vn -0.6164 -0.3862 0.6862
vn 0.1003 -0.3820 0.9187
vn 0.1139 -0.4588 0.8812
vn 0.1882 -0.7056 0.6831
vn 0.1944 -0.8236 0.5328
vn 0.0714 -0.5656 0.8216
vn 0.0744 -0.6894 0.7206
vn -0.8540 -0.3992 0.3337
vn 0.1352 -0.8510 0.5074
vn 0.0003 -0.1049 0.9945
vn 0.0339 -0.7728 0.6337
vn 0.0226 -0.8516 0.5237
vn -0.6052 -0.1874 0.7737
vn -0.7956 -0.2537 0.5501
vn -0.8989 -0.2348 0.3700
vn -0.0308 -0.4794 0.8771
vn -0.0782 -0.6836 0.7257
vn -0.0622 -0.8593 0.5078
vn -0.9022 -0.1638 0.3990
vn -0.1398 -0.6783 0.7214
vn -0.1348 -0.7001 0.7012
vn -0.2284 -0.7364 0.6368
vn -0.2426 -0.7631 0.5990
vn -0.0324 -0.0917 0.9953
vn -0.1062 -0.2558 0.9609
vn -0.3224 -0.8088 0.4918
vn -0.2790 -0.5312 0.7999
vn -0.3255 -0.6198 0.7141
vn -0.3893 -0.6987 0.6002
vn 0.7298 -0.3255 0.6012
vn 0.4492 -0.2447 0.8593
vn -0.1854 -0.2615 0.9472
vn -0.4771 -0.7286 0.4915
vn 0.4636 -0.2389 0.8532
vn 0.5821 -0.3549 0.7316
vn 0.4143 -0.2777 0.8667
vn -0.3525 -0.4364 0.8279
vn -0.4495 -0.5676 0.6898
vn -0.5522 -0.6502 0.5218
vn 0.5560 -0.4151 0.7201
vn 0.4137 -0.2791 0.8666
vn -0.3445 -0.3207 0.8823
vn -0.4057 -0.4118 0.8160
vn -0.6215 -0.6275 0.4690
vn -0.6094 -0.6008 0.5174
vn 0.3767 -0.3336 0.8642
vn 0.5094 -0.4319 0.7442
vn 0.5613 -0.4934 0.6644
vn -0.4537 -0.3861 0.8032
vn -0.3020 -0.2078 0.9304
vn -0.5725 -0.4071 0.7118
vn -0.3977 -0.0351 0.9169
vn -0.3316 -0.1960 0.9228
vn -0.3173 -0.1899 0.9291
vn -0.5399 -0.3197 0.7787
vn -0.6692 -0.0342 0.7423
vn -0.7747 -0.0735 0.6280
vn -0.7676 -0.4419 0.4642
vn -0.6333 -0.3296 0.7002
vn -0.7627 -0.4109 0.4994
vn -0.7969 -0.3483 0.4936
vn -0.5592 -0.2081 0.8025
vn -0.7812 -0.3051 0.5446
vn -0.8302 -0.2921 0.4748
vn 0.2049 -0.1596 0.9657
vn -0.1797 -0.3379 0.9239
vn -0.3454 -0.1768 0.9217
vn -0.2642 -0.2835 0.9219
vn 0.2410 -0.2985 0.9235
vn -0.0369 -0.3878 0.9210
vn 0.3546 -0.1485 0.9231
vn 0.3122 -0.2245 0.9231
vn 0.3838 -0.0313 0.9229
vn 0.1332 -0.3659 0.9211
vn 0.0910 -0.3768 0.9218
vn -0.3455 -0.1758 0.9218
vn 0.1641 -0.3249 0.9314
vn -0.3862 -0.0223 0.9222
vn -0.0405 -0.3852 0.9219
vn -0.1993 -0.3338 0.9213
vn -0.4694 -0.8830 0.0044
vn -0.5746 -0.8184 -0.0043
vn -0.6835 -0.7299 0.0039
vn 0.9972 -0.0742 0.0066
vn -0.8128 -0.5825 -0.0049
vn 0.9666 -0.2563 -0.0063
vn -0.8905 -0.4549 0.0076
vn 0.9267 -0.3758 0.0033
vn -0.9601 -0.2796 -0.0065
vn 0.8019 -0.5975 -0.0017
vn 0.8074 -0.5900 -0.0028
vn -0.9985 -0.0540 0.0064
vn 0.6341 -0.7732 0.0047
vn 0.5051 -0.8631 -0.0054
vn 0.4531 -0.8914 0.0014
vn 0.0687 -0.9975 0.0184
vn 0.2447 -0.9696 0.0010
vn 0.0492 -0.9988 -0.0004
vn -0.0983 -0.9951 0.0117
vn -0.3110 -0.9504 -0.0043
vn -0.3512 -0.5001 0.7916
vn -0.6083 -0.7029 0.3686
vn -0.4447 -0.3187 0.8371
vn 0.7516 -0.2014 0.6281
vn 0.9198 -0.2108 0.3310
vn -0.8271 -0.3760 0.4178
vn -0.5522 -0.1582 0.8186
vn 0.4883 -0.3565 0.7966
vn -0.9217 -0.0310 0.3867
vn 0.6903 -0.5973 0.4084
vn 0.2130 -0.4549 0.8647
vn 0.0551 -0.9966 -0.0617
vn -0.2000 -0.7535 0.6263
vn -0.1506 -0.2877 0.9458
vn -0.1469 -0.2829 0.9478
vn -0.2726 -0.8600 0.4313
vn -0.2746 -0.8538 0.4423
vn -0.4794 -0.8206 0.3111
vn -0.3179 -0.0695 0.9456
vn -0.3225 -0.0729 0.9437
vn -0.4731 -0.7577 0.4495
vn -0.5627 -0.1151 0.8186
vn -0.4096 -0.7086 0.5746
vn -0.3024 -0.8447 0.4416
vn -0.3049 -0.8466 0.4363
vn -0.3248 -0.0564 0.9441
vn -0.3158 -0.5214 0.7927
vn -0.3387 -0.8413 0.4213
vn -0.5715 -0.0830 0.8164
vn -0.5343 -0.7728 0.3426
vn -0.4903 -0.7460 0.4506
vn -0.4725 -0.6781 0.5630
vn -0.3235 -0.0371 0.9455
vn -0.5717 -0.0624 0.8181
vn -0.3747 -0.5379 0.7552
vn -0.3184 -0.4867 0.8135
vn -0.3736 -0.8243 0.4254
vn -0.2423 -0.3525 0.9039
vn -0.4065 -0.8885 0.2128
vn -0.1750 -0.2653 0.9482
vn -0.0288 -0.0475 0.9985
vn -0.1228 -0.1784 0.9763
vn 0.9297 -0.1225 0.3473
vn 0.9387 -0.1525 0.3092
vn 0.9185 -0.1724 0.3559
vn 0.2140 -0.2573 0.9423
vn 0.2083 -0.2651 0.9414
vn -0.2625 -0.3264 0.9081
vn 0.1834 -0.2657 0.9464
vn -0.1907 -0.2293 0.9545
vn 0.3603 -0.8700 0.3367
vn 0.3571 -0.8796 0.3143
vn 0.3099 -0.8815 0.3562
vn 0.3225 -0.9363 0.1392
vn -0.3039 -0.3258 0.8953
vn -0.1158 -0.3141 0.9423
vn -0.1943 -0.2192 0.9561
vn -0.1456 -0.1535 0.9774
vn -0.1255 -0.3130 0.9414
vn -0.1384 -0.2917 0.9464
vn -0.5681 -0.7404 0.3593
vn -0.6272 -0.7660 0.1412
vn -0.6078 -0.7082 0.3592
vn -0.6714 -0.7272 0.1429
vn -0.6788 -0.6600 0.3220
vn -0.6645 -0.6212 0.4153
vn -0.8679 -0.1877 0.4599
vn -0.5918 -0.5725 0.5675
vn -0.3183 -0.0570 0.9463
vn -0.3340 -0.0465 0.9414
vn -0.5338 -0.4953 0.6854
vn -0.3249 -0.0368 0.9450
vn -0.4657 -0.4414 0.7670
vn -0.8893 -0.1618 0.4278
vn -0.8839 -0.1632 0.4383
vn -0.4083 -0.3782 0.8308
vn 0.9746 -0.0285 0.2223
vn -0.3141 -0.3005 0.9006
vn 0.9099 -0.0030 0.4147
vn -0.2382 -0.2187 0.9463
vn -0.8978 -0.1272 0.4215
vn -0.1429 -0.1387 0.9800
vn 0.6657 -0.0392 0.7452
vn 0.9733 -0.0637 0.2206
vn 0.4901 -0.0228 0.8714
vn -0.6981 -0.5862 0.4111
vn -0.6952 -0.5858 0.4165
vn -0.9008 -0.0886 0.4251
vn 0.9374 -0.0807 0.3387
vn 0.4425 -0.0277 0.8963
vn -0.9727 -0.0922 0.2131
vn 0.8293 -0.0575 0.5559
vn 0.8245 -0.0548 0.5633
vn 0.1083 -0.0023 0.9941
vn -0.0393 -0.0330 0.9987
vn -0.6049 -0.5080 0.6132
vn 0.6730 -0.0411 0.7385
vn 0.1989 -0.0155 0.9799
vn 0.4373 -0.0504 0.8979
vn 0.6512 -0.0823 0.7544
vn 0.6412 -0.0846 0.7627
vn 0.6391 -0.1008 0.7625
vn 0.6258 -0.1043 0.7730
vn -0.7291 -0.5426 0.4171
vn -0.7327 -0.5429 0.4105
vn 0.4470 -0.0767 0.8912
vn -0.5793 -0.4386 0.6871
vn -0.6043 -0.4478 0.6590
vn -0.4470 -0.3298 0.8315
vn -0.3981 -0.3015 0.8664
vn 0.6446 -0.1313 0.7532
vn 0.6257 -0.1402 0.7673
vn -0.2546 -0.1878 0.9486
vn -0.2575 -0.1895 0.9475
vn 0.4265 -0.0965 0.8993
vn 0.6417 -0.1536 0.7514
vn -0.7588 -0.4953 0.4230
vn -0.7659 -0.4957 0.4094
vn 0.5222 -0.5702 0.6341
vn -0.6309 -0.4086 0.6596
vn -0.6315 -0.4087 0.6589
vn 0.9035 -0.2602 0.3406
vn 0.8709 -0.2652 0.4138
vn -0.5052 -0.3271 0.7986
vn 0.7914 -0.2262 0.5679
vn 0.6958 -0.2145 0.6855
vn -0.7909 -0.4727 0.3885
vn -0.8484 -0.4838 0.2148
vn 0.4933 -0.5885 0.6406
vn 0.6154 -0.1827 0.7667
vn 0.5314 -0.1644 0.8310
vn 0.4701 -0.5879 0.6584
vn 0.5557 -0.7129 0.4277
vn 0.4172 -0.1217 0.9006
vn 0.4726 -0.6031 0.6425
vn 0.2964 -0.0941 0.9504
vn 0.1959 -0.0554 0.9791
vn 0.5278 -0.7274 0.4386
vn 0.4515 -0.6186 0.6430
vn -0.7549 -0.4159 0.5071
vn 0.4405 -0.6122 0.6566
vn 0.8557 -0.3112 0.4134
vn 0.8554 -0.3107 0.4145
vn -0.6620 -0.3562 0.6594
vn -0.6239 -0.3437 0.7019
vn 0.7425 -0.2700 0.6130
vn -0.8715 -0.4462 0.2033
vn -0.4547 -0.2508 0.8546
vn -0.4901 -0.2637 0.8308
vn 0.1764 -0.4084 0.8956
vn -0.2667 -0.1496 0.9521
vn -0.2880 -0.1589 0.9443
vn 0.2543 -0.6050 0.7546
vn 0.2467 -0.5978 0.7627
vn 0.2323 -0.6038 0.7626
vn -0.0585 -0.0286 0.9979
vn 0.2225 -0.5939 0.7732
vn -0.8397 -0.4012 0.3659
vn -0.8202 -0.3967 0.4122
vn 0.8349 -0.3616 0.4149
vn 0.8356 -0.3626 0.4126
vn 0.1571 -0.4257 0.8911
vn -0.7188 -0.3364 0.6085
vn 0.6899 -0.2994 0.6591
vn 0.6697 -0.2825 0.6868
vn 0.5090 -0.2222 0.8316
vn 0.4603 -0.1942 0.8663
vn 0.2085 -0.6236 0.7535
vn 0.1914 -0.6116 0.7677
vn -0.8732 -0.3772 0.3086
vn 0.2859 -0.1235 0.9503
vn 0.1297 -0.4177 0.8993
vn 0.2967 -0.1295 0.9461
vn 0.1877 -0.6325 0.7515
vn 0.8328 -0.4330 0.3450
vn -0.8670 -0.3460 0.3586
vn 0.8152 -0.4071 0.4120
vn -0.2327 -0.7375 0.6340
vn 0.6692 -0.3421 0.6597
vn 0.6771 -0.3492 0.6478
vn -0.6838 -0.2729 0.6767
vn -0.6839 -0.2729 0.6766
vn 0.5360 -0.2740 0.7985
vn -0.5173 -0.2065 0.8305
vn -0.5157 -0.2060 0.8316
vn -0.8944 -0.3237 0.3086
vn -0.2629 -0.7212 0.6410
vn -0.3022 -0.1216 0.9454
vn -0.3079 -0.1230 0.9434
vn 0.0409 -0.0210 0.9989
vn -0.2739 -0.7008 0.6586
vn -0.3396 -0.8376 0.4278
vn -0.2861 -0.7108 0.6426
vn 0.8165 -0.4649 0.3423
vn -0.8865 -0.2928 0.3583
vn -0.3660 -0.8207 0.4387
vn -0.3100 -0.7003 0.6430
vn -0.7560 -0.2497 0.6051
vn -0.3100 -0.6875 0.6567
vn 0.7764 -0.4709 0.4189
vn -0.9178 -0.2637 0.2967
vn 0.6541 -0.4043 0.6393
vn 0.6283 -0.3794 0.6792
vn 0.4446 -0.2684 0.8546
vn 0.4733 -0.2925 0.8309
vn 0.7813 -0.5246 0.3381
vn -0.2655 -0.3570 0.8956
vn -0.3969 -0.5226 0.7546
vn -0.3945 -0.5126 0.7627
vn 0.2682 -0.1619 0.9496
vn 0.2734 -0.1659 0.9475
vn -0.9057 -0.2371 0.3516
vn -0.8887 -0.2267 0.3985
vn -0.4067 -0.5032 0.7625
vn -0.4031 -0.4897 0.7731
vn -0.7184 -0.1968 0.6673
vn -0.7275 -0.1963 0.6574
vn 0.7671 -0.5314 0.3595
vn -0.2901 -0.3490 0.8911
vn -0.5348 -0.1488 0.8318
vn -0.5637 -0.1522 0.8118
vn -0.2931 -0.0827 0.9525
vn -0.3164 -0.0854 0.9448
vn 0.6495 -0.4543 0.6097
vn -0.4358 -0.4924 0.7534
vn -0.4340 -0.4716 0.7676
vn 0.7628 -0.5681 0.3088
vn -0.2969 -0.3212 0.8993
vn -0.4539 -0.4789 0.7514
vn 0.7332 -0.5779 0.3585
vn -0.7550 -0.1673 0.6340
vn 0.5785 -0.4559 0.6764
vn 0.5783 -0.4557 0.6767
vn -0.7560 -0.1328 0.6409
vn 0.4361 -0.3434 0.8318
vn 0.4373 -0.3446 0.8307
vn 0.7272 -0.6130 0.3088
vn -0.7441 -0.1132 0.6584
vn 0.2543 -0.2003 0.9462
vn 0.2425 -0.1888 0.9516
vn -0.8952 -0.1246 0.4278
vn -0.7589 -0.1077 0.6423
vn -0.9750 -0.0545 0.2153
vn -0.8938 -0.0935 0.4386
vn -0.7618 -0.0818 0.6427
vn 0.6967 -0.6213 0.3586
vn -0.8893 -0.0327 0.4562
vn -0.8925 -0.0315 0.4500
vn -0.7548 -0.0373 0.6549
vn -0.7502 -0.0752 0.6569
vn -0.7029 -0.0285 0.7107
vn -0.5600 -0.0284 0.8280
vn -0.5053 -0.0190 0.8628
vn 0.5944 -0.5301 0.6047
vn -0.3219 -0.0178 0.9466
vn -0.2279 -0.0020 0.9737
vn 0.0334 -0.0304 0.9990
vn 0.6868 -0.6631 0.2976
vn 0.1069 -0.0196 0.9941
vn 0.8200 -0.1068 0.5623
vn 0.6795 -0.6640 0.3119
vn 0.6326 -0.6463 0.4269
vn 0.8169 -0.1515 0.5566
vn 0.5298 -0.5239 0.6670
vn 0.5337 -0.5316 0.6577
vn 0.3962 -0.3888 0.8318
vn 0.4138 -0.4123 0.8117
vn 0.2275 -0.2255 0.9473
vn 0.2312 -0.2304 0.9452
vn 0.8024 -0.1930 0.5647
vn 0.8013 -0.1921 0.5665
vn 0.0364 -0.1019 0.9941
vn 0.3791 -0.4189 0.8251
vn 0.4924 -0.5621 0.6645
vn 0.3598 -0.4233 0.8315
vn 0.3398 -0.4462 0.8279
vn 0.5347 -0.8170 0.2157
vn 0.4777 -0.7610 0.4390
vn 0.4755 -0.7529 0.4550
vn 0.3234 -0.4528 0.8309
vn 0.4038 -0.6396 0.6541
vn 0.4023 -0.6358 0.6587
vn 0.3073 -0.4927 0.8141
vn 0.2975 -0.4700 0.8310
vn 0.1739 -0.2742 0.9458
vn 0.1715 -0.2687 0.9478
vn 0.4531 -0.8136 0.3643
vn 0.3177 -0.7637 0.5620
vn 0.2207 -0.0274 0.9750
vn 0.4017 -0.8559 0.3258
vn 0.2772 -0.7832 0.5566
vn 0.4014 -0.8055 0.4360
vn 0.3611 -0.7435 0.5629
vn 0.3352 -0.6721 0.6603
vn 0.2857 -0.5899 0.7552
vn 0.2481 -0.4951 0.8326
vn 0.1842 -0.3861 0.9039
vn 0.1422 -0.2841 0.9482
vn 0.0262 -0.0479 0.9985
vn 0.0903 -0.1906 0.9775
vn 0.2341 -0.7915 0.5646
vn 0.2343 -0.7903 0.5662
vn 0.2019 -0.0500 0.9781
vn -0.1733 -0.5376 0.8252
vn 0.6553 -0.7237 0.2164
vn 0.6555 -0.7284 0.1993
vn -0.2406 -0.7073 0.6647
vn -0.1867 -0.5233 0.8314
vn 0.6284 -0.7412 0.2362
vn 0.6198 -0.7631 0.1831
vn 0.6019 -0.7639 0.2326
vn -0.2165 -0.5174 0.8279
vn 0.5769 -0.7979 0.1748
vn -0.2305 -0.5065 0.8308
vn 0.2275 -0.9128 0.3391
vn 0.2057 -0.8861 0.4153
vn 0.1998 -0.7987 0.5675
vn 0.1621 -0.7101 0.6851
vn 0.1494 -0.6240 0.7670
vn 0.1233 -0.5425 0.8309
vn -0.5025 -0.6569 0.5622
vn 0.1032 -0.4222 0.9006
vn 0.0667 -0.3037 0.9504
vn 0.0500 -0.1973 0.9791
vn -0.5398 -0.6316 0.5565
vn 0.1586 -0.8974 0.4118
vn 0.1595 -0.8953 0.4159
vn 0.1375 -0.7781 0.6128
vn 0.0576 -0.1998 0.9781
vn -0.5685 -0.5986 0.5644
vn -0.5673 -0.5981 0.5661
vn 0.1011 -0.9799 0.1717
vn -0.2993 -0.9296 0.2153
vn -0.3029 -0.9319 0.1993
vn 0.1111 -0.8901 0.4419
vn 0.1038 -0.9058 0.4107
vn -0.5523 -0.1187 0.8252
vn -0.7327 -0.1453 0.6648
vn 0.0856 -0.7474 0.6589
vn 0.0902 -0.7211 0.6869
vn -0.3277 -0.9147 0.2363
vn -0.3508 -0.9183 0.1835
vn -0.5461 -0.0996 0.8318
vn 0.0621 -0.5518 0.8317
vn 0.0620 -0.4958 0.8662
vn -0.3605 -0.9032 0.2329
vn 0.0360 -0.3093 0.9503
vn 0.0362 -0.3216 0.9462
vn -0.5647 -0.0839 0.8210
vn -0.4023 -0.8987 0.1746
vn 0.0487 -0.9589 0.2794
vn 0.0455 -0.8959 0.4418
vn 0.0456 -0.8955 0.4427
vn -0.5581 -0.0563 0.8278
vn 0.0383 -0.7510 0.6592
vn 0.0383 -0.7508 0.6594
vn 0.0307 -0.6014 0.7983
vn 0.0131 -0.9918 0.1268
vn -0.1267 -0.1645 0.9782
vn 0.9416 -0.1108 0.3180
vn 0.0021 -0.0441 0.9990
vn 0.8240 -0.1056 0.5566
vn -0.0192 -0.9660 0.2579
vn 0.8022 -0.1313 0.5824
vn -0.0180 -0.8966 0.4425
vn -0.0157 -0.8911 0.4535
vn 0.8013 -0.1581 0.5770
vn 0.9286 -0.1944 0.3162
vn -0.0225 -0.7511 0.6598
vn -0.0143 -0.7122 0.7018
vn -0.0503 -0.9804 0.1905
vn 0.9159 -0.2171 0.3376
vn -0.0166 -0.5560 0.8310
vn -0.0102 -0.5195 0.8544
vn 0.9196 -0.2251 0.3220
vn -0.0082 -0.3195 0.9476
vn -0.0059 -0.3025 0.9531
vn -0.9628 -0.2049 0.1759
vn 0.2285 -0.2474 0.9416
vn 0.3812 -0.4298 0.8185
vn -0.0837 -0.9334 0.3489
vn -0.9526 -0.1772 0.2472
vn -0.0670 -0.8941 0.4428
vn -0.9707 -0.1553 0.1835
vn 0.2134 -0.2425 0.9464
vn -0.0680 -0.7907 0.6084
vn -0.9626 -0.1393 0.2325
vn 0.2071 -0.2550 0.9445
vn 0.3606 -0.4570 0.8131
vn -0.1102 -0.9448 0.3085
vn -0.9795 -0.1011 0.1741
vn 0.3367 -0.4590 0.8222
vn 0.1814 -0.2539 0.9501
vn -0.1339 -0.9239 0.3584
vn 0.4274 -0.0520 0.9026
vn -0.1055 -0.7287 0.6767
vn -0.1057 -0.7290 0.6763
vn -0.0798 -0.5510 0.8307
vn -0.0793 -0.5493 0.8318
vn -0.1669 -0.9364 0.3087
vn 0.4201 -0.0665 0.9050
vn 0.3205 -0.7664 0.5567
vn 0.2897 -0.0525 0.9557
vn -0.0490 -0.3394 0.9394
vn 0.2125 -0.0309 0.9767
vn -0.0445 -0.3195 0.9466
vn 0.2874 -0.7604 0.5824
vn 0.3189 -0.8894 0.3274
vn -0.1897 -0.9140 0.3587
vn 0.4338 -0.1002 0.8954
vn 0.2638 -0.7731 0.5769
vn 0.2908 -0.0598 0.9549
vn -0.1619 -0.7798 0.6047
vn 0.2682 -0.8967 0.3520
vn 0.2750 -0.9302 0.2431
vn 0.2646 -0.9088 0.3225
vn -0.2308 -0.9265 0.2973
vn 0.6086 -0.6662 0.4312
vn 0.6020 -0.6647 0.4425
vn -0.0231 -0.1121 0.9934
vn -0.1002 -0.3220 0.9414
vn -0.1817 -0.5449 0.8186
vn 0.5802 -0.6842 0.4418
vn -0.2353 -0.9205 0.3119
vn 0.5806 -0.6872 0.4366
vn -0.2434 -0.8709 0.4270
vn -0.1033 -0.3061 0.9464
vn -0.1888 -0.7208 0.6670
vn -0.1936 -0.7282 0.6575
vn 0.5590 -0.7139 0.4217
vn -0.1173 -0.3069 0.9445
vn -0.1385 -0.5375 0.8318
vn -0.1501 -0.5642 0.8119
vn -0.2155 -0.5409 0.8130
vn -0.0895 -0.3294 0.9399
vn -0.0843 -0.3171 0.9447
vn -0.2292 -0.5211 0.8222
vn 0.5271 -0.7357 0.4253
vn 0.5663 -0.7964 0.2121
vn -0.1291 -0.2841 0.9501
vn -0.5833 -0.7735 0.2481
vn -0.5685 -0.7599 0.3153
vn 0.1514 -0.3905 0.9081
vn -0.5034 -0.6604 0.5572
vn 0.0786 -0.1967 0.9773
vn 0.1013 -0.2755 0.9559
vn -0.5146 -0.6290 0.5827
vn -0.6230 -0.7376 0.2604
vn -0.6105 -0.7229 0.3235
vn 0.1302 -0.4261 0.8953
vn -0.5377 -0.6151 0.5766
vn -0.4442 -0.8695 0.2160
vn 0.0936 -0.2817 0.9549
vn -0.4429 -0.8416 0.3090
vn -0.4034 -0.7984 0.4471
vn -0.3800 -0.7259 0.5733
vn -0.6435 -0.6819 0.3477
vn -0.6500 -0.6837 0.3317
vn -0.3383 -0.6755 0.6551
vn -0.2552 -0.4885 0.8344
vn -0.2731 -0.5126 0.8141
vn 0.9693 0.2459 0.0023
vn 0.9656 0.2602 -0.0023
vn 0.9888 0.1490 -0.0009
vn 0.9884 0.1522 0.0003
vn 0.9996 0.0266 0.0044
vn 0.9988 0.0494 -0.0024
vn -0.3848 -0.9230 -0.0071
vn -0.4890 -0.8723 0.0065
vn 0.8478 -0.5304 -0.0046
vn 0.8369 -0.5474 0.0002
vn -0.6631 -0.7485 -0.0073
vn -0.7164 -0.6977 0.0031
vn 0.6771 -0.7359 0.0066
vn -0.8519 -0.5238 0.0008
vn -0.8698 -0.4933 -0.0051
vn 0.5719 -0.8203 -0.0087
vn 0.4627 -0.8865 0.0064
vn -0.9661 -0.2580 0.0046
vn -0.9776 -0.2103 -0.0024
vn 0.2617 -0.9651 -0.0072
vn 0.1489 -0.9888 0.0093
vn -1.0000 0.0038 0.0009
vn -1.0000 0.0052 0.0011
vn -0.0651 -0.9978 -0.0099
vn -0.2197 -0.9755 0.0083
vn -0.9990 0.0443 0.0079
vn -0.9953 0.0964 -0.0073
vn -0.9724 0.2333 0.0020
vn -0.9740 0.2266 -0.0004
vn -0.0905 0.9959 0.0057
vn 0.1402 0.9901 0.0046
vn 0.0588 0.9983 -0.0035
vn -0.9998 0.0213 0.0013
vn -1.0000 -0.0038 0.0065
vn 0.2863 0.9581 -0.0071
vn -0.9776 0.2102 -0.0076
vn 0.4536 0.8912 0.0076
vn -0.9167 0.3995 0.0106
vn 0.5719 0.8203 -0.0087
vn 0.6771 0.7359 0.0066
vn -0.8698 0.4933 -0.0068
vn -0.6862 0.7274 0.0049
vn 0.8478 0.5304 -0.0046
vn 0.8369 0.5474 0.0002
vn -0.6644 0.7473 -0.0010
vn -0.3850 0.9229 0.0053
vn -0.4221 0.9066 -0.0008
vn -0.2153 0.9765 -0.0057
vn -0.9635 -0.2677 -0.0009
vn -0.9606 -0.2780 -0.0040
vn -0.9845 -0.1753 0.0022
vn -0.9879 -0.1553 -0.0042
vn -0.9982 -0.0599 0.0036
vn -0.9994 -0.0333 -0.0031
vn -0.9994 0.0332 0.0031
vn -0.9982 0.0599 -0.0036
vn -0.9854 0.1703 0.0054
vn -0.9816 0.1909 -0.0042
vn 0.4851 0.8744 -0.0007
vn 0.4913 0.8710 -0.0022
vn -0.9207 0.3902 0.0052
vn -0.9095 0.4158 -0.0014
vn 0.7559 0.6546 0.0022
vn 0.7600 0.6499 0.0008
vn -0.6916 0.7223 -0.0009
vn -0.6819 0.7315 0.0022
vn 0.9497 0.3130 0.0066
vn 0.9319 0.3628 -0.0038
vn -0.4277 0.9039 -0.0017
vn 0.9992 0.0385 -0.0062
vn -0.4019 0.9157 0.0026
vn -0.2042 0.9789 -0.0030
vn -0.1484 0.9889 0.0048
vn 0.1202 0.9927 -0.0061
vn 0.1689 0.9856 0.0036
vn 0.9723 0.2338 0.0019
vn 0.9736 0.2283 -0.0000
vn 0.9953 0.0964 -0.0029
vn 0.9972 0.0743 0.0046
vn 0.9953 -0.0964 -0.0034
vn 0.9937 -0.1125 0.0017
vn 0.9720 -0.2350 -0.0012
vn 0.9722 -0.2343 -0.0014
vn 0.9992 0.0386 -0.0063
vn -0.1537 0.6972 0.7002
vn -0.1449 0.7220 0.6765
vn 0.0413 0.6855 0.7269
vn 0.0943 0.7401 0.6658
vn -0.7015 -0.0010 0.7126
vn 0.1903 0.6404 0.7441
vn -0.7567 0.0457 0.6522
vn -0.6551 0.1409 0.7423
vn 0.3334 0.6877 0.6449
vn 0.3695 0.5300 0.7633
vn -0.7007 0.2950 0.6496
vn -0.5727 0.3248 0.7527
vn 0.5525 0.5534 0.6233
vn 0.5382 0.3539 0.7649
vn -0.5707 0.5037 0.6485
vn -0.4403 0.4927 0.7506
vn -0.3797 0.6588 0.6495
vn -0.2858 0.6191 0.7315
vn 0.6738 0.3271 0.6625
vn 0.6507 0.1741 0.7391
vn 0.7508 0.1571 0.6416
vn 0.6708 0.1033 0.7344
vn 0.7336 0.0363 0.6786
vn 0.7352 0.0368 0.6768
vn -0.6989 0.1633 0.6963
vn -0.6771 0.1510 0.7203
vn -0.6549 0.0070 0.7557
vn -0.7243 0.0315 0.6888
vn -0.7612 -0.0891 0.6423
vn -0.6590 -0.1441 0.7382
vn -0.6983 -0.1706 0.6951
vn -0.2528 -0.6063 0.7540
vn -0.3805 -0.6603 0.6475
vn -0.4360 -0.4921 0.7534
vn 0.5382 -0.3539 0.7649
vn -0.5707 -0.5037 0.6485
vn 0.5525 -0.5534 0.6233
vn -0.5727 -0.3248 0.7527
vn 0.3695 -0.5300 0.7633
vn -0.7007 -0.2950 0.6496
vn 0.3334 -0.6877 0.6449
vn -0.6551 -0.1409 0.7423
vn -0.7567 -0.0457 0.6522
vn -0.7015 0.0010 0.7126
vn 0.1716 -0.6329 0.7549
vn 0.0965 -0.7575 0.6457
vn -0.0427 -0.6548 0.7546
vn 0.6544 -0.3318 0.6795
vn -0.1502 -0.7480 0.6465
vn 0.3173 0.5613 0.7644
vn -0.6061 0.2749 0.7464
vn 0.4550 0.6291 0.6303
vn -0.6432 0.3396 0.6863
vn 0.5000 0.4276 0.7531
vn 0.6289 0.4249 0.6511
vn -0.5006 0.5076 0.7012
vn -0.4759 0.4993 0.7241
vn 0.6153 0.2408 0.7506
vn 0.7408 0.1981 0.6419
vn -0.3205 0.6560 0.6834
vn -0.3045 0.6452 0.7007
vn 0.0793 0.6511 0.7549
vn 0.1620 0.7432 0.6491
vn -0.1415 0.6674 0.7311
vn 0.6612 0.0254 0.7498
vn -0.0951 0.7575 0.6458
vn 0.7609 0.0567 0.6464
vn 0.6241 0.1137 0.7730
vn 0.6985 0.1680 0.6956
vn -0.6244 -0.1805 0.7600
vn -0.7498 -0.1494 0.6445
vn -0.6729 -0.1058 0.7321
vn -0.7405 -0.0307 0.6714
vn -0.7177 -0.0239 0.6959
vn -0.6676 0.0400 0.7434
vn -0.7604 0.0916 0.6429
vn -0.6416 0.1250 0.7568
vn -0.7269 0.1872 0.6607
vn 0.6922 0.0263 0.7212
vn 0.7520 0.0842 0.6537
vn -0.5957 -0.2693 0.7567
vn -0.7433 -0.1525 0.6513
vn 0.6874 -0.0484 0.7247
vn -0.6874 -0.0483 0.7247
vn 0.7432 -0.1525 0.6514
vn 0.5957 -0.2692 0.7567
vn 0.6042 -0.4747 0.6400
vn 0.4525 -0.4917 0.7440
vn 0.3356 -0.6514 0.6805
vn 0.2983 -0.6404 0.7077
vn 0.0392 -0.6809 0.7314
vn 0.0662 -0.7135 0.6975
vn -0.2832 -0.6619 0.6940
vn -0.3112 -0.6781 0.6659
vn -0.4543 -0.4915 0.7430
vn -0.6042 -0.4746 0.6401
vn -0.5957 -0.2692 0.7568
vn -0.7432 -0.1524 0.6514
vn 0.6875 -0.0484 0.7246
vn 0.7433 -0.1525 0.6513
vn 0.5957 -0.2693 0.7567
vn 0.6042 -0.4746 0.6401
vn 0.4525 -0.4916 0.7440
vn 0.3115 -0.6788 0.6650
vn 0.3175 -0.6821 0.6587
vn 0.0362 -0.6399 0.7676
vn -0.0700 -0.7557 0.6512
vn -0.2693 -0.6305 0.7280
vn -0.3354 -0.6510 0.6809
vn -0.4543 -0.4916 0.7430
vn -0.6042 -0.4747 0.6400
vn 0.6874 -0.0483 0.7247
vn -0.6875 -0.0484 0.7246
vn 0.7432 -0.1524 0.6514
vn 0.5957 -0.2692 0.7568
vn 0.0391 -0.6807 0.7315
vn -0.2832 -0.6618 0.6941
vn -0.3112 -0.6780 0.6659
vn -0.5939 -0.2545 0.7632
vn -0.7492 -0.1537 0.6443
vn 0.3115 -0.6787 0.6650
vn 0.0363 -0.6399 0.7676
vn -0.0700 -0.7558 0.6510
vn -0.2693 -0.6306 0.7279
vn -0.3355 -0.6512 0.6808
vn -0.4544 -0.4916 0.7429
vt 0.037500 0.300000
vt 0.087500 0.300000
vt 0.087500 0.700000
s off
usemtl material_0
f 3/1/1 4/2/1 1/3/1
f 3/1/2 1/2/2 2/3/2
f 5/1/3 982/2/3 6/3/3
f 6/1/4 7/2/4 5/3/4
f 7/1/5 6/2/5 8/3/5
f 9/1/6 7/2/6 8/3/6
f 9/1/7 8/2/7 10/3/7
f 12/1/8 9/2/8 10/3/8
f 12/1/9 10/2/9 11/3/9
f 12/1/10 11/2/10 14/3/10
f 14/1/11 13/2/11 12/3/11
f 16/1/12 15/2/12 13/3/12
f 16/1/13 13/2/13 14/3/13
f 15/1/14 16/2/14 2/3/14
f 2/1/15 1/2/15 15/3/15
f 19/1/16 20/2/16 17/3/16
f 19/1/2 17/2/2 18/3/2
f 22/1/17 23/2/17 21/3/17
f 23/1/18 22/2/18 24/3/18
f 25/1/19 24/2/19 26/3/19
f 25/1/20 23/2/20 24/3/20
f 28/1/21 25/2/21 26/3/21
f 28/1/22 26/2/22 27/3/22
f 28/1/23 27/2/23 29/3/23
f 29/1/24 30/2/24 28/3/24
f 32/1/25 31/2/25 30/3/25
f 32/1/26 30/2/26 29/3/26
f 31/1/27 32/2/27 18/3/27
f 18/1/28 17/2/28 31/3/28
f 35/1/29 36/2/29 33/3/29
f 35/1/30 33/2/30 34/3/30
f 38/1/31 39/2/31 37/3/31
f 39/1/32 38/2/32 40/3/32
f 41/1/33 40/2/33 42/3/33
f 41/1/34 39/2/34 40/3/34
f 44/1/21 41/2/21 42/3/21
f 44/1/22 42/2/22 43/3/22
f 44/1/35 43/2/35 45/3/35
f 45/1/36 46/2/36 44/3/36
f 48/1/12 47/2/12 46/3/12
f 48/1/37 46/2/37 45/3/37
f 47/1/14 48/2/14 34/3/14
f 34/1/15 33/2/15 47/3/15
f 51/1/1 52/2/1 49/3/1
f 51/1/30 49/2/30 50/3/30
f 54/1/38 55/2/38 53/3/38
f 55/1/32 54/2/32 56/3/32
f 57/1/39 56/2/39 58/3/39
f 57/1/40 55/2/40 56/3/40
f 60/1/21 57/2/21 58/3/21
f 60/1/22 58/2/22 59/3/22
f 60/1/35 59/2/35 61/3/35
f 61/1/41 62/2/41 60/3/41
f 64/1/25 63/2/25 62/3/25
f 64/1/42 62/2/42 61/3/42
f 63/1/27 64/2/27 50/3/27
f 50/1/43 49/2/43 63/3/43
f 67/1/44 65/2/44 66/3/44
f 67/1/45 66/2/45 68/3/45
f 71/1/46 70/2/46 72/3/46
f 71/1/47 69/2/47 70/3/47
f 73/1/48 67/2/48 68/3/48
f 73/1/49 68/2/49 74/3/49
f 71/1/50 72/2/50 75/3/50
f 76/1/51 73/2/51 74/3/51
f 77/1/52 71/2/52 75/3/52
f 76/1/53 74/2/53 78/3/53
f 77/1/54 75/2/54 79/3/54
f 80/1/55 76/2/55 78/3/55
f 81/1/56 77/2/56 79/3/56
f 65/1/57 83/2/57 82/3/57
f 65/1/58 82/2/58 66/3/58
f 81/1/59 79/2/59 82/3/59
f 83/1/60 81/2/60 82/3/60
f 89/1/61 84/2/61 85/3/61
f 88/1/62 84/2/62 89/3/62
f 84/1/63 86/2/63 85/3/63
f 85/1/64 86/2/64 87/3/64
f 89/1/65 1187/2/65 88/3/65
f 92/1/66 91/2/66 90/3/66
f 93/1/67 91/2/67 92/3/67
f 94/1/68 93/2/68 92/3/68
f 95/1/69 93/2/69 94/3/69
f 96/1/70 93/2/70 95/3/70
f 68/1/71 105/2/71 97/3/71
f 68/1/72 66/2/72 105/3/72
f 70/1/73 98/2/73 99/3/73
f 72/1/74 70/2/74 99/3/74
f 74/1/75 97/2/75 100/3/75
f 74/1/76 68/2/76 97/3/76
f 75/1/77 99/2/77 101/3/77
f 75/1/78 72/2/78 99/3/78
f 75/1/79 101/2/79 102/3/79
f 78/1/80 74/2/80 100/3/80
f 79/1/81 75/2/81 102/3/81
f 78/1/82 100/2/82 103/3/82
f 79/1/83 102/2/83 104/3/83
f 82/1/84 79/2/84 104/3/84
f 82/1/85 104/2/85 105/3/85
f 66/1/86 82/2/86 105/3/86
f 88/1/87 1597/2/87 106/3/87
f 107/1/88 108/2/88 109/3/88
f 110/1/89 108/2/89 107/3/89
f 109/1/90 111/2/90 112/3/90
f 108/1/91 111/2/91 109/3/91
f 92/1/92 90/2/92 113/3/92
f 92/1/93 113/2/93 114/3/93
f 94/1/94 92/2/94 114/3/94
f 94/1/95 114/2/95 115/3/95
f 95/1/96 94/2/96 115/3/96
f 181/1/97 123/2/97 120/3/97
f 382/1/98 123/2/98 181/3/98
f 118/1/99 119/2/99 126/3/99
f 119/1/100 133/2/100 126/3/100
f 122/1/101 128/2/101 127/3/101
f 131/1/102 129/2/102 136/3/102
f 125/1/103 129/2/103 131/3/103
f 303/1/104 131/2/104 132/3/104
f 122/1/105 130/2/105 128/3/105
f 124/1/106 130/2/106 122/3/106
f 133/1/107 138/2/107 126/3/107
f 126/1/108 138/2/108 134/3/108
f 131/1/109 136/2/109 140/3/109
f 124/1/110 120/2/110 130/3/110
f 134/1/111 138/2/111 144/3/111
f 132/1/112 141/2/112 142/3/112
f 128/1/113 352/2/113 183/3/113
f 130/1/114 352/2/114 128/3/114
f 130/1/115 145/2/115 352/3/115
f 141/1/116 140/2/116 150/3/116
f 142/1/117 141/2/117 147/3/117
f 130/1/118 146/2/118 145/3/118
f 120/1/119 146/2/119 130/3/119
f 144/1/120 148/2/120 149/3/120
f 120/1/121 153/2/121 146/3/121
f 144/1/122 149/2/122 151/3/122
f 123/1/123 153/2/123 120/3/123
f 123/1/124 157/2/124 153/3/124
f 382/1/125 157/2/125 123/3/125
f 320/1/126 154/2/126 214/3/126
f 155/1/127 154/2/127 320/3/127
f 325/1/128 155/2/128 320/3/128
f 158/1/129 159/2/129 160/3/129
f 160/1/130 161/2/130 162/3/130
f 166/1/131 156/2/131 153/3/131
f 162/1/132 164/2/132 165/3/132
f 166/1/133 153/2/133 170/3/133
f 340/1/134 341/2/134 339/3/134
f 167/1/135 341/2/135 340/3/135
f 167/1/136 169/2/136 168/3/136
f 342/1/137 169/2/137 340/3/137
f 173/1/138 163/2/138 166/3/138
f 175/1/139 177/2/139 178/3/139
f 173/1/140 170/2/140 332/3/140
f 166/1/141 170/2/141 173/3/141
f 178/1/142 179/2/142 180/3/142
f 180/1/143 382/2/143 181/3/143
f 354/1/144 185/2/144 352/3/144
f 182/1/145 185/2/145 187/3/145
f 356/1/146 188/2/146 354/3/146
f 187/1/147 188/2/147 116/3/147
f 117/1/148 176/2/148 116/3/148
f 117/1/149 189/2/149 176/3/149
f 121/1/150 189/2/150 117/3/150
f 186/1/151 193/2/151 190/3/151
f 131/1/152 140/2/152 137/3/152
f 137/1/153 140/2/153 141/3/153
f 121/1/154 191/2/154 189/3/154
f 141/1/155 150/2/155 152/3/155
f 184/1/156 191/2/156 121/3/156
f 193/1/157 201/2/157 190/3/157
f 190/1/158 201/2/158 194/3/158
f 184/1/159 197/2/159 191/3/159
f 198/1/160 200/2/160 199/3/160
f 173/1/161 197/2/161 184/3/161
f 198/1/162 202/2/162 200/3/162
f 173/1/163 204/2/163 197/3/163
f 194/1/164 201/2/164 203/3/164
f 332/1/165 204/2/165 173/3/165
f 206/1/166 211/2/166 202/3/166
f 200/1/167 210/2/167 199/3/167
f 207/1/168 211/2/168 206/3/168
f 189/1/169 212/2/169 176/3/169
f 176/1/170 212/2/170 196/3/170
f 200/1/171 214/2/171 210/3/171
f 203/1/172 213/2/172 215/3/172
f 207/1/173 219/2/173 211/3/173
f 203/1/174 215/2/174 216/3/174
f 207/1/175 209/2/175 219/3/175
f 202/1/176 217/2/176 200/3/176
f 200/1/177 217/2/177 214/3/177
f 232/1/178 204/2/178 332/3/178
f 189/1/179 191/2/179 212/3/179
f 202/1/180 211/2/180 217/3/180
f 220/1/181 211/2/181 219/3/181
f 211/1/182 221/2/182 217/3/182
f 220/1/183 221/2/183 211/3/183
f 220/1/184 224/2/184 221/3/184
f 226/1/185 224/2/185 220/3/185
f 212/1/186 223/2/186 196/3/186
f 196/1/187 223/2/187 218/3/187
f 226/1/188 220/2/188 228/3/188
f 191/1/189 225/2/189 212/3/189
f 212/1/190 225/2/190 223/3/190
f 191/1/191 229/2/191 225/3/191
f 197/1/192 229/2/192 191/3/192
f 226/1/193 227/2/193 224/3/193
f 231/1/194 227/2/194 226/3/194
f 204/1/195 232/2/195 197/3/195
f 197/1/196 232/2/196 229/3/196
f 231/1/197 226/2/197 236/3/197
f 231/1/198 235/2/198 227/3/198
f 218/1/199 240/2/199 230/3/199
f 223/1/200 240/2/200 218/3/200
f 225/1/201 241/2/201 223/3/201
f 238/1/202 239/2/202 242/3/202
f 223/1/203 241/2/203 240/3/203
f 329/1/204 234/2/204 233/3/204
f 329/1/205 243/2/205 234/3/205
f 225/1/206 229/2/206 241/3/206
f 235/1/207 243/2/207 329/3/207
f 235/1/208 246/2/208 243/3/208
f 230/1/209 240/2/209 247/3/209
f 230/1/210 247/2/210 245/3/210
f 242/1/211 244/2/211 250/3/211
f 231/1/212 246/2/212 235/3/212
f 231/1/213 249/2/213 246/3/213
f 244/1/214 251/2/214 250/3/214
f 236/1/215 249/2/215 231/3/215
f 347/1/216 250/2/216 252/3/216
f 250/1/217 251/2/217 252/3/217
f 236/1/218 253/2/218 249/3/218
f 319/1/219 253/2/219 236/3/219
f 347/1/220 252/2/220 254/3/220
f 252/1/221 251/2/221 254/3/221
f 240/1/222 255/2/222 247/3/222
f 251/1/223 257/2/223 254/3/223
f 243/1/224 258/2/224 234/3/224
f 234/1/225 258/2/225 248/3/225
f 240/1/226 259/2/226 255/3/226
f 241/1/227 259/2/227 240/3/227
f 243/1/228 246/2/228 258/3/228
f 247/1/229 260/2/229 245/3/229
f 241/1/230 262/2/230 259/3/230
f 229/1/231 262/2/231 241/3/231
f 267/1/232 261/2/232 265/3/232
f 229/1/233 266/2/233 262/3/233
f 232/1/234 266/2/234 229/3/234
f 261/1/235 268/2/235 264/3/235
f 267/1/236 268/2/236 261/3/236
f 267/1/237 271/2/237 268/3/237
f 292/1/238 266/2/238 232/3/238
f 247/1/239 269/2/239 260/3/239
f 270/1/240 271/2/240 267/3/240
f 255/1/241 269/2/241 247/3/241
f 248/1/242 272/2/242 263/3/242
f 258/1/243 272/2/243 248/3/243
f 270/1/244 267/2/244 276/3/244
f 255/1/245 259/2/245 269/3/245
f 246/1/246 273/2/246 258/3/246
f 258/1/247 273/2/247 272/3/247
f 249/1/248 277/2/248 246/3/248
f 246/1/249 277/2/249 273/3/249
f 270/1/250 275/2/250 271/3/250
f 278/1/251 275/2/251 270/3/251
f 260/1/252 269/2/252 274/3/252
f 253/1/253 280/2/253 249/3/253
f 278/1/254 270/2/254 282/3/254
f 249/1/255 280/2/255 277/3/255
f 278/1/256 281/2/256 275/3/256
f 263/1/257 284/2/257 279/3/257
f 269/1/258 285/2/258 274/3/258
f 272/1/259 284/2/259 263/3/259
f 119/1/260 283/2/260 133/3/260
f 273/1/261 286/2/261 272/3/261
f 259/1/262 287/2/262 269/3/262
f 272/1/263 286/2/263 284/3/263
f 269/1/264 287/2/264 285/3/264
f 273/1/265 277/2/265 286/3/265
f 259/1/266 290/2/266 287/3/266
f 262/1/267 290/2/267 259/3/267
f 274/1/268 285/2/268 288/3/268
f 133/1/269 289/2/269 138/3/269
f 262/1/270 292/2/270 290/3/270
f 266/1/271 292/2/271 262/3/271
f 301/1/272 280/2/272 253/3/272
f 289/1/273 293/2/273 138/3/273
f 144/1/274 138/2/274 143/3/274
f 138/1/275 293/2/275 143/3/275
f 284/1/276 291/2/276 279/3/276
f 285/1/277 294/2/277 288/3/277
f 144/1/278 143/2/278 148/3/278
f 143/1/279 293/2/279 148/3/279
f 285/1/280 287/2/280 294/3/280
f 293/1/281 295/2/281 148/3/281
f 284/1/282 300/2/282 291/3/282
f 288/1/283 294/2/283 296/3/283
f 284/1/284 297/2/284 300/3/284
f 286/1/285 297/2/285 284/3/285
f 277/1/286 299/2/286 286/3/286
f 286/1/287 299/2/287 297/3/287
f 291/1/288 300/2/288 298/3/288
f 156/1/289 146/2/289 153/3/289
f 146/1/290 302/2/290 145/3/290
f 156/1/291 302/2/291 146/3/291
f 277/1/292 301/2/292 299/3/292
f 280/1/293 301/2/293 277/3/293
f 294/1/294 190/2/294 296/3/294
f 294/1/295 186/2/295 190/3/295
f 156/1/296 304/2/296 302/3/296
f 163/1/297 304/2/297 156/3/297
f 287/1/298 303/2/298 294/3/298
f 294/1/299 303/2/299 186/3/299
f 300/1/300 305/2/300 298/3/300
f 163/1/301 156/2/301 166/3/301
f 290/1/302 125/2/302 287/3/302
f 287/1/303 125/2/303 303/3/303
f 292/1/304 129/2/304 290/3/304
f 290/1/305 129/2/305 125/3/305
f 300/1/306 297/2/306 305/3/306
f 163/1/307 306/2/307 304/3/307
f 184/1/308 306/2/308 163/3/308
f 298/1/309 305/2/309 307/3/309
f 184/1/310 163/2/310 173/3/310
f 184/1/311 121/2/311 306/3/311
f 305/1/312 308/2/312 307/3/312
f 186/1/313 303/2/313 193/3/313
f 305/1/314 309/2/314 308/3/314
f 297/1/315 309/2/315 305/3/315
f 193/1/316 132/2/316 201/3/316
f 299/1/317 311/2/317 297/3/317
f 297/1/318 311/2/318 309/3/318
f 307/1/319 308/2/319 310/3/319
f 301/1/320 312/2/320 299/3/320
f 132/1/321 142/2/321 201/3/321
f 299/1/322 312/2/322 311/3/322
f 203/1/323 201/2/323 208/3/323
f 201/1/324 142/2/324 208/3/324
f 215/1/325 192/2/325 216/3/325
f 203/1/326 208/2/326 213/3/326
f 208/1/327 142/2/327 213/3/327
f 308/1/328 314/2/328 310/3/328
f 213/1/329 313/2/329 215/3/329
f 215/1/330 313/2/330 192/3/330
f 147/1/331 313/2/331 213/3/331
f 147/1/332 315/2/332 313/3/332
f 142/1/333 147/2/333 213/3/333
f 152/1/334 315/2/334 147/3/334
f 152/1/335 316/2/335 315/3/335
f 308/1/336 309/2/336 314/3/336
f 150/1/337 316/2/337 152/3/337
f 327/1/338 312/2/338 301/3/338
f 310/1/339 314/2/339 317/3/339
f 320/1/340 214/2/340 217/3/340
f 314/1/341 237/2/341 317/3/341
f 314/1/342 238/2/342 237/3/342
f 325/1/343 320/2/343 224/3/343
f 309/1/344 239/2/344 314/3/344
f 314/1/345 239/2/345 238/3/345
f 311/1/346 324/2/346 309/3/346
f 309/1/347 324/2/347 239/3/347
f 312/1/348 327/2/348 311/3/348
f 311/1/349 327/2/349 324/3/349
f 235/1/350 325/2/350 227/3/350
f 329/1/351 325/2/351 235/3/351
f 239/1/352 324/2/352 158/3/352
f 242/1/353 239/2/353 244/3/353
f 244/1/354 158/2/354 160/3/354
f 251/1/355 160/2/355 162/3/355
f 256/1/356 333/2/356 323/3/356
f 256/1/357 334/2/357 333/3/357
f 254/1/358 334/2/358 256/3/358
f 254/1/359 335/2/359 334/3/359
f 257/1/360 335/2/360 254/3/360
f 257/1/361 162/2/361 165/3/361
f 257/1/362 336/2/362 335/3/362
f 165/1/363 336/2/363 257/3/363
f 165/1/364 337/2/364 336/3/364
f 164/1/365 337/2/365 165/3/365
f 333/1/366 334/2/366 338/3/366
f 340/1/367 339/2/367 264/3/367
f 318/1/368 219/2/368 209/3/368
f 318/1/369 222/2/369 219/3/369
f 338/1/370 339/2/370 341/3/370
f 342/1/371 340/2/371 271/3/371
f 334/1/372 339/2/372 338/3/372
f 334/1/373 264/2/373 339/3/373
f 335/1/374 264/2/374 334/3/374
f 335/1/375 261/2/375 264/3/375
f 336/1/376 261/2/376 335/3/376
f 336/1/377 265/2/377 261/3/377
f 319/1/378 228/2/378 318/3/378
f 337/1/379 265/2/379 336/3/379
f 164/1/380 326/2/380 337/3/380
f 337/1/381 326/2/381 265/3/381
f 281/1/382 342/2/382 275/3/382
f 343/1/383 342/2/383 281/3/383
f 283/1/384 172/2/384 175/3/384
f 317/1/385 344/2/385 321/3/385
f 237/1/386 344/2/386 317/3/386
f 133/1/387 283/2/387 289/3/387
f 289/1/388 175/2/388 178/3/388
f 344/1/389 345/2/389 321/3/389
f 321/1/390 345/2/390 322/3/390
f 345/1/391 347/2/391 322/3/391
f 293/1/392 178/2/392 180/3/392
f 322/1/393 347/2/393 323/3/393
f 295/1/394 180/2/394 181/3/394
f 343/1/395 346/2/395 171/3/395
f 343/1/396 348/2/396 346/3/396
f 281/1/397 348/2/397 343/3/397
f 281/1/398 349/2/398 348/3/398
f 278/1/399 349/2/399 281/3/399
f 278/1/400 351/2/400 349/3/400
f 354/1/401 352/2/401 145/3/401
f 282/1/402 351/2/402 278/3/402
f 282/1/403 353/2/403 351/3/403
f 330/1/404 353/2/404 282/3/404
f 356/1/405 354/2/405 304/3/405
f 348/1/406 355/2/406 346/3/406
f 346/1/407 355/2/407 350/3/407
f 348/1/408 349/2/408 355/3/408
f 121/1/409 356/2/409 306/3/409
f 117/1/410 356/2/410 121/3/410
f 350/1/411 358/2/411 357/3/411
f 331/1/412 126/2/412 135/3/412
f 118/1/413 126/2/413 331/3/413
f 350/1/414 359/2/414 358/3/414
f 355/1/415 359/2/415 350/3/415
f 303/1/416 125/2/416 131/3/416
f 349/1/417 360/2/417 355/3/417
f 193/1/418 303/2/418 132/3/418
f 355/1/419 360/2/419 359/3/419
f 126/1/420 134/2/420 135/3/420
f 135/1/421 134/2/421 139/3/421
f 132/1/422 131/2/422 137/3/422
f 351/1/423 361/2/423 349/3/423
f 349/1/424 361/2/424 360/3/424
f 134/1/425 144/2/425 139/3/425
f 353/1/426 362/2/426 351/3/426
f 351/1/427 362/2/427 361/3/427
f 132/1/428 137/2/428 141/3/428
f 358/1/429 363/2/429 357/3/429
f 139/1/430 144/2/430 151/3/430
f 359/1/431 364/2/431 358/3/431
f 358/1/432 364/2/432 363/3/432
f 147/1/433 141/2/433 152/3/433
f 359/1/434 365/2/434 364/3/434
f 360/1/435 365/2/435 359/3/435
f 360/1/436 361/2/436 365/3/436
f 357/1/437 363/2/437 366/3/437
f 170/1/438 153/2/438 157/3/438
f 154/1/439 210/2/439 214/3/439
f 373/1/440 362/2/440 353/3/440
f 221/1/441 320/2/441 217/3/441
f 363/1/442 367/2/442 366/3/442
f 224/1/443 320/2/443 221/3/443
f 364/1/444 368/2/444 363/3/444
f 363/1/445 368/2/445 367/3/445
f 227/1/446 325/2/446 224/3/446
f 369/1/447 155/2/447 325/3/447
f 365/1/448 370/2/448 364/3/448
f 364/1/449 370/2/449 368/3/449
f 367/1/450 371/2/450 366/3/450
f 365/1/451 372/2/451 370/3/451
f 361/1/452 372/2/452 365/3/452
f 329/1/453 369/2/453 325/3/453
f 329/1/454 233/2/454 369/3/454
f 362/1/455 373/2/455 361/3/455
f 361/1/456 373/2/456 372/3/456
f 296/1/457 190/2/457 195/3/457
f 324/1/458 327/2/458 158/3/458
f 367/1/459 374/2/459 371/3/459
f 239/1/460 158/2/460 244/3/460
f 190/1/461 194/2/461 195/3/461
f 368/1/462 374/2/462 367/3/462
f 195/1/463 194/2/463 205/3/463
f 158/1/464 327/2/464 159/3/464
f 368/1/465 370/2/465 374/3/465
f 194/1/466 203/2/466 205/3/466
f 160/1/467 159/2/467 161/3/467
f 244/1/468 160/2/468 251/3/468
f 371/1/469 374/2/469 375/3/469
f 205/1/470 203/2/470 216/3/470
f 251/1/471 162/2/471 257/3/471
f 162/1/472 161/2/472 164/3/472
f 374/1/473 376/2/473 375/3/473
f 222/1/474 220/2/474 219/3/474
f 374/1/475 377/2/475 376/3/475
f 370/1/476 377/2/476 374/3/476
f 370/1/477 379/2/477 377/3/477
f 372/1/478 379/2/478 370/3/478
f 375/1/479 376/2/479 378/3/479
f 228/1/480 220/2/480 222/3/480
f 268/1/481 340/2/481 264/3/481
f 373/1/482 380/2/482 372/3/482
f 228/1/483 222/2/483 318/3/483
f 372/1/484 380/2/484 379/3/484
f 271/1/485 340/2/485 268/3/485
f 169/1/486 167/2/486 340/3/486
f 376/1/487 381/2/487 378/3/487
f 236/1/488 226/2/488 228/3/488
f 275/1/489 342/2/489 271/3/489
f 236/1/490 228/2/490 319/3/490
f 376/1/491 377/2/491 381/3/491
f 343/1/492 169/2/492 342/3/492
f 169/1/493 171/2/493 168/3/493
f 343/1/494 171/2/494 169/3/494
f 378/1/495 381/2/495 331/3/495
f 237/1/496 238/2/496 344/3/496
f 238/1/497 242/2/497 344/3/497
f 373/1/498 174/2/498 380/3/498
f 172/1/499 174/2/499 175/3/499
f 283/1/500 175/2/500 289/3/500
f 242/1/501 250/2/501 344/3/501
f 381/1/502 118/2/502 331/3/502
f 344/1/503 250/2/503 345/3/503
f 381/1/504 119/2/504 118/3/504
f 175/1/505 174/2/505 177/3/505
f 377/1/506 283/2/506 381/3/506
f 381/1/507 283/2/507 119/3/507
f 345/1/508 250/2/508 347/3/508
f 379/1/509 172/2/509 377/3/509
f 178/1/510 177/2/510 179/3/510
f 377/1/511 172/2/511 283/3/511
f 289/1/512 178/2/512 293/3/512
f 380/1/513 174/2/513 379/3/513
f 379/1/514 174/2/514 172/3/514
f 293/1/515 180/2/515 295/3/515
f 347/1/516 254/2/516 256/3/516
f 347/1/517 256/2/517 323/3/517
f 180/1/518 179/2/518 382/3/518
f 182/1/519 183/2/519 185/3/519
f 185/1/520 183/2/520 352/3/520
f 276/1/521 267/2/521 265/3/521
f 302/1/522 354/2/522 145/3/522
f 328/1/523 265/2/523 326/3/523
f 276/1/524 265/2/524 328/3/524
f 304/1/525 354/2/525 302/3/525
f 188/1/526 185/2/526 354/3/526
f 187/1/527 185/2/527 188/3/527
f 282/1/528 270/2/528 276/3/528
f 306/1/529 356/2/529 304/3/529
f 149/1/530 127/2/530 151/3/530
f 276/1/531 328/2/531 282/3/531
f 282/1/532 328/2/532 330/3/532
f 149/1/533 122/2/533 127/3/533
f 148/1/534 122/2/534 149/3/534
f 148/1/535 124/2/535 122/3/535
f 117/1/536 188/2/536 356/3/536
f 116/1/537 188/2/537 117/3/537
f 295/1/538 124/2/538 148/3/538
f 295/1/539 120/2/539 124/3/539
f 181/1/540 120/2/540 295/3/540
f 383/1/541 397/2/541 384/3/541
f 385/1/542 386/2/542 387/3/542
f 388/1/543 383/2/543 384/3/543
f 388/1/544 384/2/544 389/3/544
f 390/1/545 388/2/545 389/3/545
f 391/1/546 385/2/546 387/3/546
f 390/1/547 389/2/547 392/3/547
f 391/1/548 387/2/548 393/3/548
f 391/1/549 393/2/549 394/3/549
f 395/1/550 391/2/550 394/3/550
f 383/1/551 396/2/551 397/3/551
f 389/1/552 384/2/552 398/3/552
f 389/1/553 398/2/553 407/3/553
f 387/1/554 386/2/554 399/3/554
f 387/1/555 399/2/555 408/3/555
f 389/1/556 407/2/556 405/3/556
f 392/1/557 389/2/557 405/3/557
f 387/1/558 408/2/558 400/3/558
f 393/1/559 387/2/559 400/3/559
f 394/1/560 400/2/560 410/3/560
f 394/1/561 393/2/561 400/3/561
f 395/1/562 394/2/562 410/3/562
f 395/1/563 410/2/563 402/3/563
f 396/1/564 395/2/564 402/3/564
f 396/1/565 402/2/565 404/3/565
f 397/1/566 396/2/566 404/3/566
f 384/1/567 397/2/567 404/3/567
f 384/1/568 404/2/568 398/3/568
f 401/1/569 402/2/569 403/3/569
f 1333/1/570 405/2/570 406/3/570
f 406/1/571 398/2/571 404/3/571
f 406/1/572 404/2/572 401/3/572
f 407/1/573 406/2/573 405/3/573
f 1333/1/574 409/2/574 399/3/574
f 1333/1/575 410/2/575 400/3/575
f 400/1/576 409/2/576 1333/3/576
f 409/1/577 408/2/577 399/3/577
f 1333/1/578 403/2/578 410/3/578
f 400/1/579 408/2/579 409/3/579
f 402/1/580 410/2/580 403/3/580
f 402/1/581 401/2/581 404/3/581
f 398/1/582 406/2/582 407/3/582
f 406/1/583 401/2/583 1333/3/583
f 401/1/584 403/2/584 1333/3/584
f 416/1/585 417/2/585 489/3/585
f 489/1/586 417/2/586 414/3/586
f 425/1/587 421/2/587 417/3/587
f 417/1/588 421/2/588 414/3/588
f 421/1/589 425/2/589 426/3/589
f 452/1/590 428/2/590 454/3/590
f 454/1/591 429/2/591 455/3/591
f 455/1/592 430/2/592 457/3/592
f 457/1/593 431/2/593 458/3/593
f 458/1/594 431/2/594 432/3/594
f 432/1/595 460/2/595 433/3/595
f 460/1/596 462/2/596 433/3/596
f 462/1/597 434/2/597 433/3/597
f 462/1/598 469/2/598 435/3/598
f 462/1/599 435/2/599 434/3/599
f 462/1/600 468/2/600 469/3/600
f 469/1/601 463/2/601 435/3/601
f 469/1/602 472/2/602 463/3/602
f 436/1/603 437/2/603 420/3/603
f 420/1/604 423/2/604 418/3/604
f 437/1/605 440/2/605 420/3/605
f 424/1/606 423/2/606 420/3/606
f 442/1/607 441/2/607 443/3/607
f 442/1/608 485/2/608 438/3/608
f 442/1/609 443/2/609 485/3/609
f 443/1/610 506/2/610 445/3/610
f 506/1/611 416/2/611 489/3/611
f 506/1/612 412/2/612 416/3/612
f 416/1/613 412/2/613 425/3/613
f 416/1/614 425/2/614 417/3/614
f 449/1/615 450/2/615 448/3/615
f 451/1/616 450/2/616 449/3/616
f 446/1/617 428/2/617 452/3/617
f 428/1/618 446/2/618 447/3/618
f 446/1/619 448/2/619 447/3/619
f 446/1/620 449/2/620 448/3/620
f 452/1/621 449/2/621 446/3/621
f 452/1/622 451/2/622 449/3/622
f 428/1/623 447/2/623 453/3/623
f 428/1/624 429/2/624 454/3/624
f 429/1/625 428/2/625 453/3/625
f 429/1/626 430/2/626 455/3/626
f 430/1/627 429/2/627 453/3/627
f 430/1/628 453/2/628 456/3/628
f 430/1/629 431/2/629 457/3/629
f 431/1/630 430/2/630 456/3/630
f 431/1/631 459/2/631 460/3/631
f 460/1/632 459/2/632 461/3/632
f 465/1/633 413/2/633 464/3/633
f 465/1/634 415/2/634 413/3/634
f 466/1/635 415/2/635 465/3/635
f 466/1/636 472/2/636 415/3/636
f 466/1/637 463/2/637 472/3/637
f 468/1/638 461/2/638 467/3/638
f 470/1/639 466/2/639 465/3/639
f 471/1/640 467/2/640 413/3/640
f 415/1/641 471/2/641 413/3/641
f 473/1/642 465/2/642 464/3/642
f 415/1/643 472/2/643 471/3/643
f 474/1/644 465/2/644 473/3/644
f 474/1/645 470/2/645 465/3/645
f 475/1/646 473/2/646 464/3/646
f 476/1/647 473/2/647 475/3/647
f 476/1/648 474/2/648 473/3/648
f 477/1/649 474/2/649 476/3/649
f 419/1/650 418/2/650 423/3/650
f 478/1/651 477/2/651 476/3/651
f 427/1/652 423/2/652 424/3/652
f 482/1/653 424/2/653 440/3/653
f 482/1/654 427/2/654 424/3/654
f 479/1/655 476/2/655 475/3/655
f 480/1/656 476/2/656 479/3/656
f 480/1/657 478/2/657 476/3/657
f 481/1/658 478/2/658 480/3/658
f 483/1/659 480/2/659 479/3/659
f 484/1/660 480/2/660 483/3/660
f 439/1/661 438/2/661 444/3/661
f 484/1/662 481/2/662 480/3/662
f 483/1/663 479/2/663 486/3/663
f 487/1/664 484/2/664 483/3/664
f 488/1/665 484/2/665 487/3/665
f 445/1/666 506/2/666 489/3/666
f 411/1/667 445/2/667 489/3/667
f 489/1/668 414/2/668 411/3/668
f 486/1/669 487/2/669 483/3/669
f 490/1/670 487/2/670 486/3/670
f 490/1/671 488/2/671 487/3/671
f 421/1/672 426/2/672 414/3/672
f 492/1/673 490/2/673 486/3/673
f 492/1/674 486/2/674 491/3/674
f 493/1/675 492/2/675 491/3/675
f 494/1/676 492/2/676 493/3/676
f 491/1/677 486/2/677 495/3/677
f 493/1/678 491/2/678 495/3/678
f 496/1/679 494/2/679 493/3/679
f 497/1/680 493/2/680 495/3/680
f 497/1/681 496/2/681 493/3/681
f 498/1/682 496/2/682 497/3/682
f 459/1/683 431/2/683 456/3/683
f 432/1/684 431/2/684 460/3/684
f 497/1/685 495/2/685 499/3/685
f 500/1/686 498/2/686 497/3/686
f 460/1/687 461/2/687 462/3/687
f 462/1/688 461/2/688 468/3/688
f 501/1/689 497/2/689 499/3/689
f 501/1/690 500/2/690 497/3/690
f 502/1/691 500/2/691 501/3/691
f 471/1/692 468/2/692 467/3/692
f 471/1/693 469/2/693 468/3/693
f 418/1/694 501/2/694 499/3/694
f 418/1/695 499/2/695 436/3/695
f 419/1/696 501/2/696 418/3/696
f 419/1/697 502/2/697 501/3/697
f 471/1/698 472/2/698 469/3/698
f 418/1/699 436/2/699 420/3/699
f 503/1/700 440/2/700 437/3/700
f 420/1/701 440/2/701 424/3/701
f 441/1/702 440/2/702 503/3/702
f 504/1/703 425/2/703 422/3/703
f 441/1/704 482/2/704 440/3/704
f 505/1/705 425/2/705 504/3/705
f 482/1/706 439/2/706 427/3/706
f 505/1/707 426/2/707 425/3/707
f 441/1/708 442/2/708 482/3/708
f 482/1/709 442/2/709 438/3/709
f 482/1/710 438/2/710 439/3/710
f 438/1/711 485/2/711 444/3/711
f 456/1/712 461/2/712 459/3/712
f 443/1/713 445/2/713 485/3/713
f 444/1/714 485/2/714 445/3/714
f 445/1/715 411/2/715 444/3/715
f 507/1/716 509/2/716 508/3/716
f 508/1/717 509/2/717 510/3/717
f 509/1/718 511/2/718 510/3/718
f 510/1/719 511/2/719 512/3/719
f 511/1/720 513/2/720 512/3/720
f 512/1/721 513/2/721 514/3/721
f 513/1/722 515/2/722 514/3/722
f 514/1/723 515/2/723 516/3/723
f 515/1/724 517/2/724 516/3/724
f 516/1/725 517/2/725 518/3/725
f 517/1/726 519/2/726 518/3/726
f 518/1/727 519/2/727 520/3/727
f 519/1/728 521/2/728 520/3/728
f 520/1/729 521/2/729 522/3/729
f 521/1/730 523/2/730 522/3/730
f 522/1/731 523/2/731 524/3/731
f 523/1/732 525/2/732 524/3/732
f 524/1/733 525/2/733 526/3/733
f 525/1/734 527/2/734 526/3/734
f 526/1/735 527/2/735 528/3/735
f 527/1/736 529/2/736 528/3/736
f 529/1/737 530/2/737 528/3/737
f 528/1/738 530/2/738 531/3/738
f 530/1/739 532/2/739 531/3/739
f 532/1/740 533/2/740 531/3/740
f 531/1/741 533/2/741 534/3/741
f 533/1/742 535/2/742 534/3/742
f 534/1/743 535/2/743 536/3/743
f 535/1/744 537/2/744 536/3/744
f 536/1/745 537/2/745 538/3/745
f 537/1/746 539/2/746 538/3/746
f 538/1/747 539/2/747 540/3/747
f 539/1/748 541/2/748 540/3/748
f 540/1/749 541/2/749 542/3/749
f 541/1/750 543/2/750 542/3/750
f 542/1/751 543/2/751 544/3/751
f 543/1/752 545/2/752 544/3/752
f 544/1/753 545/2/753 546/3/753
f 545/1/754 547/2/754 546/3/754
f 546/1/755 547/2/755 548/3/755
f 547/1/756 549/2/756 548/3/756
f 548/1/757 549/2/757 550/3/757
f 549/1/758 551/2/758 550/3/758
f 550/1/759 551/2/759 1181/3/759
f 552/1/760 553/2/760 554/3/760
f 555/1/761 553/2/761 552/3/761
f 555/1/762 556/2/762 553/3/762
f 556/1/763 555/2/763 558/3/763
f 558/1/764 557/2/764 556/3/764
f 560/1/765 557/2/765 558/3/765
f 560/1/766 559/2/766 557/3/766
f 559/1/767 560/2/767 561/3/767
f 561/1/768 562/2/768 559/3/768
f 562/1/769 561/2/769 563/3/769
f 563/1/770 564/2/770 562/3/770
f 564/1/771 563/2/771 565/3/771
f 566/1/772 564/2/772 565/3/772
f 567/1/773 566/2/773 565/3/773
f 567/1/774 565/2/774 568/3/774
f 568/1/775 569/2/775 567/3/775
f 569/1/776 568/2/776 570/3/776
f 571/1/777 569/2/777 570/3/777
f 571/1/778 570/2/778 572/3/778
f 573/1/779 571/2/779 572/3/779
f 574/1/780 575/2/780 573/3/780
f 574/1/781 573/2/781 572/3/781
f 575/1/782 574/2/782 576/3/782
f 576/1/783 577/2/783 575/3/783
f 577/1/784 576/2/784 578/3/784
f 579/1/785 577/2/785 578/3/785
f 580/1/786 579/2/786 578/3/786
f 581/1/787 580/2/787 578/3/787
f 582/1/788 581/2/788 583/3/788
f 582/1/789 580/2/789 581/3/789
f 585/1/790 583/2/790 584/3/790
f 585/1/791 582/2/791 583/3/791
f 586/1/792 584/2/792 587/3/792
f 586/1/793 585/2/793 584/3/793
f 587/1/794 588/2/794 586/3/794
f 588/1/795 587/2/795 589/3/795
f 589/1/796 590/2/796 588/3/796
f 590/1/797 589/2/797 1082/3/797
f 1254/1/798 592/2/798 591/3/798
f 591/1/799 592/2/799 593/3/799
f 592/1/800 594/2/800 593/3/800
f 593/1/801 594/2/801 595/3/801
f 594/1/802 596/2/802 595/3/802
f 595/1/803 596/2/803 597/3/803
f 596/1/804 598/2/804 597/3/804
f 597/1/805 598/2/805 599/3/805
f 598/1/806 600/2/806 599/3/806
f 599/1/807 600/2/807 601/3/807
f 600/1/808 602/2/808 601/3/808
f 601/1/809 602/2/809 603/3/809
f 602/1/810 604/2/810 603/3/810
f 603/1/811 604/2/811 605/3/811
f 604/1/812 606/2/812 605/3/812
f 605/1/813 606/2/813 607/3/813
f 606/1/814 608/2/814 607/3/814
f 607/1/815 608/2/815 609/3/815
f 608/1/816 610/2/816 609/3/816
f 609/1/817 610/2/817 611/3/817
f 610/1/818 612/2/818 611/3/818
f 611/1/819 612/2/819 613/3/819
f 612/1/820 614/2/820 613/3/820
f 613/1/821 614/2/821 615/3/821
f 614/1/822 616/2/822 615/3/822
f 615/1/823 616/2/823 617/3/823
f 616/1/824 618/2/824 617/3/824
f 617/1/825 618/2/825 619/3/825
f 618/1/826 620/2/826 619/3/826
f 619/1/827 620/2/827 621/3/827
f 620/1/828 622/2/828 621/3/828
f 621/1/829 622/2/829 623/3/829
f 622/1/830 624/2/830 623/3/830
f 623/1/831 624/2/831 625/3/831
f 624/1/832 626/2/832 625/3/832
f 625/1/833 626/2/833 627/3/833
f 626/1/834 628/2/834 627/3/834
f 627/1/835 628/2/835 629/3/835
f 628/1/836 630/2/836 629/3/836
f 629/1/837 630/2/837 631/3/837
f 630/1/838 632/2/838 631/3/838
f 631/1/839 632/2/839 633/3/839
f 632/1/840 634/2/840 633/3/840
f 633/1/841 634/2/841 635/3/841
f 591/1/842 593/2/842 507/3/842
f 507/1/843 593/2/843 509/3/843
f 593/1/844 595/2/844 509/3/844
f 509/1/845 595/2/845 511/3/845
f 595/1/846 597/2/846 511/3/846
f 511/1/847 597/2/847 513/3/847
f 597/1/848 599/2/848 513/3/848
f 513/1/849 599/2/849 515/3/849
f 599/1/850 601/2/850 515/3/850
f 515/1/851 601/2/851 517/3/851
f 601/1/852 603/2/852 517/3/852
f 517/1/853 603/2/853 519/3/853
f 603/1/854 605/2/854 519/3/854
f 519/1/855 605/2/855 521/3/855
f 605/1/856 607/2/856 521/3/856
f 521/1/857 607/2/857 523/3/857
f 607/1/858 609/2/858 523/3/858
f 523/1/859 609/2/859 525/3/859
f 609/1/860 611/2/860 525/3/860
f 525/1/861 611/2/861 527/3/861
f 611/1/862 613/2/862 527/3/862
f 527/1/863 613/2/863 529/3/863
f 529/1/864 613/2/864 530/3/864
f 613/1/865 615/2/865 530/3/865
f 530/1/866 615/2/866 532/3/866
f 532/1/867 617/2/867 533/3/867
f 615/1/868 617/2/868 532/3/868
f 533/1/869 619/2/869 535/3/869
f 617/1/870 619/2/870 533/3/870
f 619/1/871 621/2/871 535/3/871
f 535/1/872 621/2/872 537/3/872
f 621/1/873 623/2/873 537/3/873
f 537/1/874 623/2/874 539/3/874
f 623/1/875 625/2/875 539/3/875
f 539/1/876 625/2/876 541/3/876
f 625/1/877 627/2/877 541/3/877
f 541/1/878 627/2/878 543/3/878
f 543/1/879 629/2/879 545/3/879
f 627/1/880 629/2/880 543/3/880
f 545/1/881 631/2/881 547/3/881
f 629/1/882 631/2/882 545/3/882
f 631/1/883 633/2/883 547/3/883
f 547/1/884 633/2/884 549/3/884
f 633/1/885 635/2/885 549/3/885
f 549/1/886 635/2/886 551/3/886
f 1288/1/887 1082/2/887 589/3/887
f 505/1/888 1288/2/888 589/3/888
f 426/1/889 505/2/889 589/3/889
f 426/1/890 589/2/890 587/3/890
f 414/1/891 426/2/891 587/3/891
f 411/1/892 414/2/892 587/3/892
f 444/1/893 587/2/893 584/3/893
f 444/1/894 411/2/894 587/3/894
f 439/1/895 444/2/895 584/3/895
f 439/1/896 584/2/896 583/3/896
f 427/1/897 439/2/897 583/3/897
f 423/1/898 427/2/898 583/3/898
f 423/1/899 583/2/899 581/3/899
f 419/1/900 423/2/900 581/3/900
f 419/1/901 581/2/901 578/3/901
f 502/1/902 419/2/902 578/3/902
f 500/1/903 502/2/903 578/3/903
f 498/1/904 500/2/904 578/3/904
f 498/1/905 578/2/905 576/3/905
f 496/1/906 498/2/906 576/3/906
f 494/1/907 576/2/907 574/3/907
f 494/1/908 496/2/908 576/3/908
f 492/1/909 574/2/909 572/3/909
f 492/1/910 494/2/910 574/3/910
f 490/1/911 492/2/911 572/3/911
f 488/1/912 490/2/912 572/3/912
f 488/1/913 572/2/913 570/3/913
f 484/1/914 488/2/914 570/3/914
f 481/1/915 484/2/915 570/3/915
f 481/1/916 570/2/916 568/3/916
f 478/1/917 481/2/917 568/3/917
f 477/1/918 478/2/918 568/3/918
f 477/1/919 568/2/919 565/3/919
f 474/1/920 477/2/920 565/3/920
f 470/1/921 474/2/921 565/3/921
f 470/1/922 565/2/922 563/3/922
f 466/1/923 470/2/923 563/3/923
f 463/1/924 466/2/924 563/3/924
f 463/1/925 563/2/925 561/3/925
f 435/1/926 463/2/926 561/3/926
f 435/1/927 561/2/927 560/3/927
f 434/1/928 435/2/928 560/3/928
f 433/1/929 434/2/929 560/3/929
f 433/1/930 560/2/930 558/3/930
f 432/1/931 433/2/931 558/3/931
f 458/1/932 432/2/932 558/3/932
f 458/1/933 558/2/933 555/3/933
f 457/1/934 458/2/934 555/3/934
f 455/1/935 457/2/935 555/3/935
f 454/1/936 455/2/936 555/3/936
f 452/1/937 454/2/937 555/3/937
f 452/1/938 555/2/938 552/3/938
f 451/1/939 452/2/939 552/3/939
f 638/1/940 637/2/940 192/3/940
f 192/1/941 637/2/941 216/3/941
f 216/1/942 639/2/942 205/3/942
f 637/1/943 639/2/943 216/3/943
f 205/1/944 639/2/944 195/3/944
f 195/1/945 639/2/945 296/3/945
f 639/1/946 640/2/946 296/3/946
f 296/1/947 640/2/947 288/3/947
f 288/1/948 641/2/948 274/3/948
f 640/1/949 641/2/949 288/3/949
f 274/1/950 641/2/950 260/3/950
f 260/1/951 642/2/951 245/3/951
f 641/1/952 642/2/952 260/3/952
f 245/1/953 642/2/953 230/3/953
f 230/1/954 643/2/954 218/3/954
f 642/1/955 643/2/955 230/3/955
f 218/1/956 643/2/956 196/3/956
f 643/1/957 644/2/957 196/3/957
f 196/1/958 644/2/958 176/3/958
f 176/1/959 644/2/959 116/3/959
f 116/1/960 645/2/960 187/3/960
f 644/1/961 645/2/961 116/3/961
f 187/1/962 645/2/962 182/3/962
f 182/1/963 646/2/963 183/3/963
f 645/1/964 646/2/964 182/3/964
f 183/1/965 646/2/965 128/3/965
f 128/1/966 646/2/966 127/3/966
f 646/1/967 647/2/967 127/3/967
f 127/1/968 647/2/968 151/3/968
f 151/1/969 647/2/969 139/3/969
f 647/1/970 648/2/970 139/3/970
f 139/1/971 648/2/971 135/3/971
f 135/1/972 648/2/972 331/3/972
f 648/1/973 649/2/973 331/3/973
f 331/1/974 649/2/974 378/3/974
f 378/1/975 649/2/975 375/3/975
f 649/1/976 650/2/976 375/3/976
f 375/1/977 650/2/977 371/3/977
f 371/1/978 650/2/978 366/3/978
f 650/1/979 651/2/979 366/3/979
f 366/1/980 651/2/980 357/3/980
f 651/1/981 652/2/981 357/3/981
f 357/1/982 652/2/982 350/3/982
f 350/1/983 652/2/983 346/3/983
f 652/1/984 653/2/984 346/3/984
f 346/1/985 653/2/985 171/3/985
f 171/1/986 653/2/986 168/3/986
f 168/1/987 654/2/987 167/3/987
f 653/1/988 654/2/988 168/3/988
f 167/1/989 654/2/989 341/3/989
f 341/1/990 655/2/990 338/3/990
f 654/1/991 655/2/991 341/3/991
f 338/1/992 655/2/992 333/3/992
f 655/1/993 656/2/993 333/3/993
f 333/1/994 656/2/994 323/3/994
f 323/1/995 656/2/995 322/3/995
f 656/1/996 657/2/996 322/3/996
f 322/1/997 657/2/997 321/3/997
f 321/1/998 657/2/998 317/3/998
f 657/1/999 658/2/999 317/3/999
f 317/1/1000 658/2/1000 310/3/1000
f 310/1/1001 658/2/1001 307/3/1001
f 658/1/1002 659/2/1002 307/3/1002
f 307/1/1003 659/2/1003 298/3/1003
f 298/1/1004 659/2/1004 291/3/1004
f 659/1/1005 660/2/1005 291/3/1005
f 291/1/1006 660/2/1006 279/3/1006
f 279/1/1007 660/2/1007 263/3/1007
f 660/1/1008 661/2/1008 263/3/1008
f 263/1/1009 661/2/1009 248/3/1009
f 248/1/1010 661/2/1010 234/3/1010
f 234/1/1011 662/2/1011 233/3/1011
f 661/1/1012 662/2/1012 234/3/1012
f 233/1/1013 662/2/1013 369/3/1013
f 369/1/1014 662/2/1014 155/3/1014
f 662/1/1015 663/2/1015 155/3/1015
f 155/1/1016 663/2/1016 154/3/1016
f 154/1/1017 663/2/1017 210/3/1017
f 210/1/1018 663/2/1018 199/3/1018
f 663/1/1019 636/2/1019 199/3/1019
f 199/1/1020 636/2/1020 198/3/1020
f 2/1/1021 16/2/1021 664/3/1021
f 6/1/1022 982/2/1022 665/3/1022
f 2/1/1023 664/2/1023 666/3/1023
f 6/1/1024 665/2/1024 667/3/1024
f 8/1/1025 6/2/1025 667/3/1025
f 3/1/1026 2/2/1026 666/3/1026
f 8/1/1027 667/2/1027 668/3/1027
f 10/1/1028 8/2/1028 668/3/1028
f 11/1/1029 668/2/1029 669/3/1029
f 11/1/1030 10/2/1030 668/3/1030
f 14/1/1031 11/2/1031 669/3/1031
f 14/1/1032 669/2/1032 670/3/1032
f 16/1/1033 14/2/1033 670/3/1033
f 16/1/1034 670/2/1034 664/3/1034
f 18/1/1035 32/2/1035 671/3/1035
f 18/1/1036 671/2/1036 672/3/1036
f 24/1/1037 673/2/1037 674/3/1037
f 24/1/1038 22/2/1038 673/3/1038
f 18/1/1039 672/2/1039 675/3/1039
f 24/1/1040 674/2/1040 676/3/1040
f 19/1/1041 18/2/1041 675/3/1041
f 26/1/1042 24/2/1042 676/3/1042
f 27/1/1043 26/2/1043 676/3/1043
f 27/1/1044 676/2/1044 677/3/1044
f 29/1/1045 27/2/1045 677/3/1045
f 29/1/1046 677/2/1046 678/3/1046
f 29/1/1047 678/2/1047 671/3/1047
f 32/1/1048 29/2/1048 671/3/1048
f 34/1/1049 48/2/1049 679/3/1049
f 34/1/1050 679/2/1050 681/3/1050
f 40/1/1051 38/2/1051 680/3/1051
f 40/1/1052 680/2/1052 682/3/1052
f 34/1/1053 681/2/1053 683/3/1053
f 35/1/1054 34/2/1054 683/3/1054
f 40/1/1055 682/2/1055 684/3/1055
f 42/1/1056 40/2/1056 684/3/1056
f 43/1/1057 42/2/1057 684/3/1057
f 43/1/1058 684/2/1058 685/3/1058
f 45/1/1059 43/2/1059 685/3/1059
f 45/1/1060 685/2/1060 686/3/1060
f 48/1/1061 45/2/1061 686/3/1061
f 48/1/1062 686/2/1062 679/3/1062
f 50/1/1035 64/2/1035 694/3/1035
f 50/1/1036 694/2/1036 687/3/1036
f 56/1/1063 54/2/1063 688/3/1063
f 50/1/1064 687/2/1064 689/3/1064
f 56/1/1065 688/2/1065 690/3/1065
f 51/1/1066 50/2/1066 689/3/1066
f 51/1/1067 689/2/1067 691/3/1067
f 58/1/1068 56/2/1068 690/3/1068
f 58/1/1069 690/2/1069 692/3/1069
f 59/1/1070 58/2/1070 692/3/1070
f 59/1/1071 692/2/1071 693/3/1071
f 61/1/1072 59/2/1072 693/3/1072
f 61/1/1073 693/2/1073 694/3/1073
f 64/1/1074 61/2/1074 694/3/1074
f 695/1/1075 657/2/1075 696/3/1075
f 658/1/1076 657/2/1076 695/3/1076
f 657/1/1077 656/2/1077 696/3/1077
f 696/1/1078 656/2/1078 697/3/1078
f 656/1/1079 655/2/1079 697/3/1079
f 697/1/1080 655/2/1080 698/3/1080
f 655/1/1081 654/2/1081 698/3/1081
f 698/1/1082 654/2/1082 699/3/1082
f 654/1/1083 653/2/1083 699/3/1083
f 653/1/1084 700/2/1084 699/3/1084
f 653/1/1085 652/2/1085 700/3/1085
f 652/1/1086 701/2/1086 700/3/1086
f 652/1/1087 651/2/1087 701/3/1087
f 651/1/1088 702/2/1088 701/3/1088
f 651/1/1089 650/2/1089 702/3/1089
f 650/1/1090 703/2/1090 702/3/1090
f 650/1/1091 649/2/1091 703/3/1091
f 649/1/1092 704/2/1092 703/3/1092
f 649/1/1093 648/2/1093 704/3/1093
f 648/1/1094 705/2/1094 704/3/1094
f 648/1/1095 647/2/1095 705/3/1095
f 647/1/1096 706/2/1096 705/3/1096
f 647/1/1097 646/2/1097 706/3/1097
f 646/1/1098 707/2/1098 706/3/1098
f 646/1/1099 645/2/1099 707/3/1099
f 645/1/1100 708/2/1100 707/3/1100
f 645/1/1101 644/2/1101 708/3/1101
f 644/1/1102 709/2/1102 708/3/1102
f 644/1/1103 643/2/1103 709/3/1103
f 643/1/1104 710/2/1104 709/3/1104
f 643/1/1105 642/2/1105 710/3/1105
f 642/1/1106 711/2/1106 710/3/1106
f 642/1/1107 641/2/1107 711/3/1107
f 641/1/1108 712/2/1108 711/3/1108
f 641/1/1109 640/2/1109 712/3/1109
f 640/1/1110 713/2/1110 712/3/1110
f 640/1/1111 639/2/1111 713/3/1111
f 639/1/1112 714/2/1112 713/3/1112
f 639/1/1113 637/2/1113 714/3/1113
f 637/1/1114 715/2/1114 714/3/1114
f 637/1/1115 638/2/1115 715/3/1115
f 638/1/1116 716/2/1116 715/3/1116
f 715/1/1117 716/2/1117 717/3/1117
f 716/1/1118 718/2/1118 717/3/1118
f 718/1/1119 719/2/1119 717/3/1119
f 718/1/1120 720/2/1120 719/3/1120
f 720/1/1121 721/2/1121 719/3/1121
f 720/1/1122 722/2/1122 721/3/1122
f 722/1/1123 723/2/1123 721/3/1123
f 722/1/1124 724/2/1124 723/3/1124
f 724/1/1125 725/2/1125 723/3/1125
f 724/1/1126 726/2/1126 725/3/1126
f 726/1/1127 727/2/1127 725/3/1127
f 729/1/1128 728/2/1128 730/3/1128
f 728/1/1129 731/2/1129 730/3/1129
f 731/1/1130 732/2/1130 730/3/1130
f 730/1/1131 732/2/1131 733/3/1131
f 732/1/1132 734/2/1132 733/3/1132
f 733/1/1133 734/2/1133 735/3/1133
f 734/1/1134 736/2/1134 735/3/1134
f 736/1/1135 737/2/1135 735/3/1135
f 736/1/1136 738/2/1136 737/3/1136
f 738/1/1137 739/2/1137 737/3/1137
f 738/1/1138 740/2/1138 739/3/1138
f 740/1/1139 741/2/1139 739/3/1139
f 740/1/1140 742/2/1140 741/3/1140
f 742/1/1141 743/2/1141 741/3/1141
f 742/1/1142 744/2/1142 743/3/1142
f 744/1/1143 745/2/1143 743/3/1143
f 744/1/1144 746/2/1144 745/3/1144
f 746/1/1145 747/2/1145 745/3/1145
f 746/1/1146 748/2/1146 747/3/1146
f 748/1/1147 749/2/1147 747/3/1147
f 748/1/1148 750/2/1148 749/3/1148
f 750/1/1149 751/2/1149 749/3/1149
f 750/1/1150 752/2/1150 751/3/1150
f 752/1/1151 753/2/1151 751/3/1151
f 752/1/1152 754/2/1152 753/3/1152
f 754/1/1153 755/2/1153 753/3/1153
f 754/1/1154 756/2/1154 755/3/1154
f 756/1/1155 757/2/1155 755/3/1155
f 756/1/1156 758/2/1156 757/3/1156
f 758/1/1157 759/2/1157 757/3/1157
f 758/1/1158 727/2/1158 759/3/1158
f 758/1/1159 760/2/1159 727/3/1159
f 727/1/1160 761/2/1160 725/3/1160
f 760/1/1161 761/2/1161 727/3/1161
f 761/1/1162 762/2/1162 725/3/1162
f 725/1/1163 762/2/1163 723/3/1163
f 762/1/1164 763/2/1164 723/3/1164
f 723/1/1165 763/2/1165 721/3/1165
f 763/1/1166 764/2/1166 721/3/1166
f 721/1/1167 764/2/1167 719/3/1167
f 719/1/1168 765/2/1168 717/3/1168
f 764/1/1169 765/2/1169 719/3/1169
f 765/1/1170 766/2/1170 717/3/1170
f 766/1/1171 715/2/1171 717/3/1171
f 766/1/1172 767/2/1172 715/3/1172
f 767/1/1173 714/2/1173 715/3/1173
f 767/1/1174 768/2/1174 714/3/1174
f 768/1/1175 713/2/1175 714/3/1175
f 768/1/1176 769/2/1176 713/3/1176
f 769/1/1177 712/2/1177 713/3/1177
f 769/1/1178 770/2/1178 712/3/1178
f 770/1/1179 711/2/1179 712/3/1179
f 770/1/1180 771/2/1180 711/3/1180
f 771/1/1181 710/2/1181 711/3/1181
f 771/1/1182 772/2/1182 710/3/1182
f 772/1/1183 709/2/1183 710/3/1183
f 772/1/1184 773/2/1184 709/3/1184
f 773/1/1185 708/2/1185 709/3/1185
f 773/1/1186 774/2/1186 708/3/1186
f 774/1/1187 707/2/1187 708/3/1187
f 774/1/1188 775/2/1188 707/3/1188
f 775/1/1189 706/2/1189 707/3/1189
f 775/1/1190 776/2/1190 706/3/1190
f 776/1/1191 705/2/1191 706/3/1191
f 776/1/1192 777/2/1192 705/3/1192
f 777/1/1193 704/2/1193 705/3/1193
f 777/1/1194 778/2/1194 704/3/1194
f 778/1/1195 703/2/1195 704/3/1195
f 778/1/1196 779/2/1196 703/3/1196
f 779/1/1197 702/2/1197 703/3/1197
f 779/1/1198 780/2/1198 702/3/1198
f 780/1/1199 701/2/1199 702/3/1199
f 780/1/1200 781/2/1200 701/3/1200
f 781/1/1201 700/2/1201 701/3/1201
f 781/1/1202 782/2/1202 700/3/1202
f 782/1/1203 699/2/1203 700/3/1203
f 782/1/1204 783/2/1204 699/3/1204
f 783/1/1205 698/2/1205 699/3/1205
f 783/1/1206 784/2/1206 698/3/1206
f 784/1/1207 697/2/1207 698/3/1207
f 784/1/1208 785/2/1208 697/3/1208
f 785/1/1209 696/2/1209 697/3/1209
f 785/1/1210 695/2/1210 696/3/1210
f 785/1/1211 786/2/1211 695/3/1211
f 728/1/1212 787/2/1212 731/3/1212
f 787/1/1213 788/2/1213 731/3/1213
f 731/1/1214 788/2/1214 732/3/1214
f 788/1/1215 789/2/1215 732/3/1215
f 732/1/1216 789/2/1216 734/3/1216
f 789/1/1217 790/2/1217 734/3/1217
f 734/1/1218 790/2/1218 736/3/1218
f 790/1/1219 791/2/1219 736/3/1219
f 736/1/1220 791/2/1220 738/3/1220
f 791/1/1221 792/2/1221 738/3/1221
f 738/1/1222 792/2/1222 740/3/1222
f 792/1/1223 793/2/1223 740/3/1223
f 740/1/1224 793/2/1224 742/3/1224
f 793/1/1225 794/2/1225 742/3/1225
f 742/1/1226 794/2/1226 744/3/1226
f 794/1/1227 795/2/1227 744/3/1227
f 744/1/1228 795/2/1228 746/3/1228
f 795/1/1229 796/2/1229 746/3/1229
f 746/1/1230 796/2/1230 748/3/1230
f 796/1/1231 797/2/1231 748/3/1231
f 748/1/1232 797/2/1232 750/3/1232
f 797/1/1233 798/2/1233 750/3/1233
f 750/1/1234 798/2/1234 752/3/1234
f 798/1/1235 799/2/1235 752/3/1235
f 752/1/1236 799/2/1236 754/3/1236
f 799/1/1237 800/2/1237 754/3/1237
f 754/1/1238 800/2/1238 756/3/1238
f 800/1/1239 801/2/1239 756/3/1239
f 756/1/1240 801/2/1240 758/3/1240
f 801/1/1241 802/2/1241 758/3/1241
f 758/1/1242 802/2/1242 760/3/1242
f 802/1/1243 803/2/1243 760/3/1243
f 760/1/1244 803/2/1244 761/3/1244
f 803/1/1245 804/2/1245 761/3/1245
f 761/1/1246 804/2/1246 762/3/1246
f 804/1/1247 805/2/1247 762/3/1247
f 762/1/1248 805/2/1248 763/3/1248
f 805/1/1249 806/2/1249 763/3/1249
f 763/1/1250 806/2/1250 764/3/1250
f 806/1/1251 807/2/1251 764/3/1251
f 764/1/1252 807/2/1252 765/3/1252
f 807/1/1253 808/2/1253 765/3/1253
f 765/1/1254 808/2/1254 766/3/1254
f 808/1/1255 809/2/1255 766/3/1255
f 809/1/1256 810/2/1256 766/3/1256
f 766/1/1257 810/2/1257 767/3/1257
f 810/1/1258 811/2/1258 767/3/1258
f 767/1/1259 811/2/1259 768/3/1259
f 811/1/1260 812/2/1260 768/3/1260
f 768/1/1261 812/2/1261 769/3/1261
f 812/1/1262 813/2/1262 769/3/1262
f 769/1/1263 813/2/1263 770/3/1263
f 813/1/1264 814/2/1264 770/3/1264
f 770/1/1265 814/2/1265 771/3/1265
f 814/1/1266 815/2/1266 771/3/1266
f 771/1/1267 815/2/1267 772/3/1267
f 815/1/1268 816/2/1268 772/3/1268
f 772/1/1269 816/2/1269 773/3/1269
f 816/1/1270 817/2/1270 773/3/1270
f 773/1/1271 817/2/1271 774/3/1271
f 817/1/1272 818/2/1272 774/3/1272
f 774/1/1273 818/2/1273 775/3/1273
f 818/1/1274 819/2/1274 775/3/1274
f 775/1/1275 819/2/1275 776/3/1275
f 819/1/1276 820/2/1276 776/3/1276
f 776/1/1277 820/2/1277 777/3/1277
f 820/1/1278 821/2/1278 777/3/1278
f 777/1/1279 821/2/1279 778/3/1279
f 821/1/1280 822/2/1280 778/3/1280
f 778/1/1281 822/2/1281 779/3/1281
f 822/1/1282 823/2/1282 779/3/1282
f 779/1/1283 823/2/1283 780/3/1283
f 823/1/1284 824/2/1284 780/3/1284
f 780/1/1285 824/2/1285 781/3/1285
f 824/1/1286 825/2/1286 781/3/1286
f 781/1/1287 825/2/1287 782/3/1287
f 825/1/1288 826/2/1288 782/3/1288
f 782/1/1289 826/2/1289 783/3/1289
f 826/1/1290 827/2/1290 783/3/1290
f 783/1/1291 827/2/1291 784/3/1291
f 827/1/1292 828/2/1292 784/3/1292
f 784/1/1293 828/2/1293 785/3/1293
f 828/1/1294 829/2/1294 785/3/1294
f 785/1/1295 829/2/1295 786/3/1295
f 829/1/1296 840/2/1296 786/3/1296
f 847/1/1297 831/2/1297 830/3/1297
f 831/1/1298 834/2/1298 830/3/1298
f 833/1/1299 835/2/1299 832/3/1299
f 831/1/1300 836/2/1300 834/3/1300
f 832/1/1301 835/2/1301 837/3/1301
f 836/1/1302 838/2/1302 834/3/1302
f 835/1/1303 839/2/1303 837/3/1303
f 836/1/1304 840/2/1304 838/3/1304
f 840/1/1305 841/2/1305 838/3/1305
f 839/1/1306 842/2/1306 837/3/1306
f 839/1/1307 843/2/1307 842/3/1307
f 843/1/1308 844/2/1308 842/3/1308
f 843/1/1309 845/2/1309 844/3/1309
f 845/1/1310 846/2/1310 844/3/1310
f 845/1/1311 847/2/1311 846/3/1311
f 847/1/1312 830/2/1312 846/3/1312
f 840/1/1313 829/2/1313 841/3/1313
f 841/1/1314 829/2/1314 848/3/1314
f 848/1/1315 828/2/1315 849/3/1315
f 829/1/1316 828/2/1316 848/3/1316
f 828/1/1317 827/2/1317 849/3/1317
f 849/1/1318 827/2/1318 850/3/1318
f 827/1/1319 826/2/1319 850/3/1319
f 850/1/1320 826/2/1320 851/3/1320
f 826/1/1321 825/2/1321 851/3/1321
f 851/1/1322 825/2/1322 852/3/1322
f 852/1/1323 824/2/1323 853/3/1323
f 825/1/1324 824/2/1324 852/3/1324
f 824/1/1325 823/2/1325 853/3/1325
f 823/1/1326 854/2/1326 853/3/1326
f 823/1/1327 822/2/1327 854/3/1327
f 822/1/1328 855/2/1328 854/3/1328
f 822/1/1329 821/2/1329 855/3/1329
f 821/1/1330 856/2/1330 855/3/1330
f 821/1/1331 820/2/1331 856/3/1331
f 820/1/1332 857/2/1332 856/3/1332
f 820/1/1333 819/2/1333 857/3/1333
f 819/1/1334 858/2/1334 857/3/1334
f 819/1/1335 818/2/1335 858/3/1335
f 818/1/1336 859/2/1336 858/3/1336
f 818/1/1337 817/2/1337 859/3/1337
f 817/1/1338 860/2/1338 859/3/1338
f 817/1/1339 816/2/1339 860/3/1339
f 816/1/1340 861/2/1340 860/3/1340
f 816/1/1341 815/2/1341 861/3/1341
f 815/1/1342 862/2/1342 861/3/1342
f 815/1/1343 814/2/1343 862/3/1343
f 814/1/1344 863/2/1344 862/3/1344
f 814/1/1345 813/2/1345 863/3/1345
f 813/1/1346 864/2/1346 863/3/1346
f 813/1/1347 812/2/1347 864/3/1347
f 812/1/1348 865/2/1348 864/3/1348
f 812/1/1349 811/2/1349 865/3/1349
f 811/1/1350 866/2/1350 865/3/1350
f 811/1/1351 810/2/1351 866/3/1351
f 810/1/1352 867/2/1352 866/3/1352
f 810/1/1353 809/2/1353 867/3/1353
f 809/1/1354 868/2/1354 867/3/1354
f 809/1/1355 808/2/1355 868/3/1355
f 808/1/1356 869/2/1356 868/3/1356
f 808/1/1357 807/2/1357 869/3/1357
f 807/1/1358 870/2/1358 869/3/1358
f 807/1/1359 806/2/1359 870/3/1359
f 806/1/1360 871/2/1360 870/3/1360
f 806/1/1361 805/2/1361 871/3/1361
f 805/1/1362 872/2/1362 871/3/1362
f 805/1/1363 804/2/1363 872/3/1363
f 804/1/1364 873/2/1364 872/3/1364
f 804/1/1365 803/2/1365 873/3/1365
f 803/1/1366 802/2/1366 873/3/1366
f 802/1/1367 874/2/1367 873/3/1367
f 875/1/1368 876/2/1368 877/3/1368
f 849/1/1369 838/2/1369 848/3/1369
f 848/1/1369 838/2/1369 841/3/1369
f 878/1/1369 880/2/1369 879/3/1369
f 867/1/1369 865/2/1369 866/3/1369
f 787/1/1370 832/2/1370 880/3/1370
f 838/1/1369 844/2/1369 834/3/1369
f 834/1/1369 844/2/1369 830/3/1369
f 830/1/1369 844/2/1369 846/3/1369
f 880/1/1369 832/2/1369 879/3/1369
f 849/1/1369 832/2/1369 838/3/1369
f 888/1/1369 832/2/1369 851/3/1369
f 851/1/1369 832/2/1369 849/3/1369
f 879/1/1369 832/2/1369 888/3/1369
f 870/1/1369 871/2/1369 869/3/1369
f 832/1/1369 842/2/1369 838/3/1369
f 838/1/1369 842/2/1369 844/3/1369
f 832/1/1369 837/2/1369 842/3/1369
f 864/1/1369 862/2/1369 863/3/1369
f 865/1/1369 862/2/1369 864/3/1369
f 868/1/1369 872/2/1369 867/3/1369
f 871/1/1369 872/2/1369 869/3/1369
f 869/1/1369 872/2/1369 868/3/1369
f 867/1/1369 872/2/1369 865/3/1369
f 865/1/1369 861/2/1369 862/3/1369
f 873/1/1369 861/2/1369 872/3/1369
f 872/1/1369 861/2/1369 865/3/1369
f 874/1/1369 860/2/1369 873/3/1369
f 873/1/1369 860/2/1369 861/3/1369
f 874/1/1369 859/2/1369 860/3/1369
f 881/1/1369 859/2/1369 874/3/1369
f 882/1/1369 883/2/1369 881/3/1369
f 881/1/1369 857/2/1369 859/3/1369
f 859/1/1369 857/2/1369 858/3/1369
f 883/1/1369 857/2/1369 881/3/1369
f 857/1/1369 855/2/1369 856/3/1369
f 885/1/1369 886/2/1369 884/3/1369
f 884/1/1369 886/2/1369 883/3/1369
f 855/1/1369 853/2/1369 854/3/1369
f 883/1/1369 853/2/1369 857/3/1369
f 857/1/1369 853/2/1369 855/3/1369
f 883/1/1369 888/2/1369 853/3/1369
f 887/1/1369 888/2/1369 886/3/1369
f 853/1/1369 888/2/1369 852/3/1369
f 886/1/1369 888/2/1369 883/3/1369
f 888/1/1369 851/2/1369 852/3/1369
f 889/1/1369 891/2/1369 888/3/1369
f 890/1/1369 891/2/1369 889/3/1369
f 851/1/1369 849/2/1369 850/3/1369
f 891/1/1369 879/2/1369 888/3/1369
f 877/1/1371 892/2/1371 893/3/1371
f 876/1/1371 892/2/1371 877/3/1371
f 894/1/1372 892/2/1372 875/3/1372
f 892/1/1373 876/2/1373 875/3/1373
f 875/1/1374 893/2/1374 894/3/1374
f 875/1/1375 877/2/1375 893/3/1375
f 787/1/1376 833/2/1376 832/3/1376
f 802/1/1377 801/2/1377 874/3/1377
f 874/1/1378 801/2/1378 881/3/1378
f 881/1/1379 800/2/1379 882/3/1379
f 801/1/1380 800/2/1380 881/3/1380
f 882/1/1381 799/2/1381 883/3/1381
f 800/1/1382 799/2/1382 882/3/1382
f 799/1/1383 798/2/1383 883/3/1383
f 798/1/1384 884/2/1384 883/3/1384
f 798/1/1385 797/2/1385 884/3/1385
f 797/1/1386 885/2/1386 884/3/1386
f 797/1/1387 796/2/1387 885/3/1387
f 796/1/1388 886/2/1388 885/3/1388
f 796/1/1389 795/2/1389 886/3/1389
f 795/1/1390 887/2/1390 886/3/1390
f 795/1/1391 794/2/1391 887/3/1391
f 794/1/1392 888/2/1392 887/3/1392
f 794/1/1393 793/2/1393 888/3/1393
f 793/1/1394 889/2/1394 888/3/1394
f 793/1/1395 792/2/1395 889/3/1395
f 792/1/1396 890/2/1396 889/3/1396
f 792/1/1397 791/2/1397 890/3/1397
f 791/1/1398 891/2/1398 890/3/1398
f 791/1/1399 790/2/1399 891/3/1399
f 790/1/1400 879/2/1400 891/3/1400
f 790/1/1401 789/2/1401 879/3/1401
f 789/1/1402 878/2/1402 879/3/1402
f 789/1/1403 788/2/1403 878/3/1403
f 788/1/1404 880/2/1404 878/3/1404
f 788/1/1405 787/2/1405 880/3/1405
f 833/1/1406 894/2/1406 895/3/1406
f 894/1/1407 893/2/1407 895/3/1407
f 833/1/1408 892/2/1408 894/3/1408
f 893/1/1409 728/2/1409 895/3/1409
f 892/1/1410 787/2/1410 893/3/1410
f 893/1/1411 787/2/1411 728/3/1411
f 833/1/1412 787/2/1412 892/3/1412
f 896/1/1413 845/2/1413 897/3/1413
f 845/1/1414 843/2/1414 897/3/1414
f 897/1/1415 843/2/1415 898/3/1415
f 786/1/1416 840/2/1416 899/3/1416
f 843/1/1417 839/2/1417 898/3/1417
f 840/1/1418 836/2/1418 899/3/1418
f 898/1/1419 839/2/1419 900/3/1419
f 899/1/1420 836/2/1420 901/3/1420
f 839/1/1421 835/2/1421 900/3/1421
f 836/1/1422 831/2/1422 901/3/1422
f 900/1/1423 835/2/1423 895/3/1423
f 901/1/1424 831/2/1424 902/3/1424
f 835/1/1425 833/2/1425 895/3/1425
f 831/1/1426 847/2/1426 902/3/1426
f 902/1/1427 847/2/1427 896/3/1427
f 847/1/1428 845/2/1428 896/3/1428
f 895/1/1429 728/2/1429 729/3/1429
f 895/1/1430 729/2/1430 907/3/1430
f 897/1/1431 903/2/1431 910/3/1431
f 897/1/1432 898/2/1432 903/3/1432
f 695/1/1433 786/2/1433 904/3/1433
f 898/1/1434 905/2/1434 903/3/1434
f 786/1/1435 899/2/1435 904/3/1435
f 898/1/1436 900/2/1436 905/3/1436
f 904/1/1437 899/2/1437 906/3/1437
f 900/1/1438 907/2/1438 905/3/1438
f 899/1/1439 901/2/1439 906/3/1439
f 900/1/1440 895/2/1440 907/3/1440
f 901/1/1441 908/2/1441 906/3/1441
f 901/1/1442 902/2/1442 908/3/1442
f 902/1/1443 909/2/1443 908/3/1443
f 902/1/1444 896/2/1444 909/3/1444
f 896/1/1445 910/2/1445 909/3/1445
f 896/1/1446 897/2/1446 910/3/1446
f 907/1/1447 729/2/1447 911/3/1447
f 911/1/1448 729/2/1448 912/3/1448
f 726/1/1449 913/2/1449 727/3/1449
f 727/1/1450 913/2/1450 759/3/1450
f 759/1/1451 913/2/1451 757/3/1451
f 913/1/1452 914/2/1452 757/3/1452
f 757/1/1453 914/2/1453 755/3/1453
f 914/1/1454 915/2/1454 755/3/1454
f 755/1/1455 915/2/1455 753/3/1455
f 915/1/1456 916/2/1456 753/3/1456
f 753/1/1457 916/2/1457 751/3/1457
f 916/1/1458 917/2/1458 751/3/1458
f 917/1/1459 749/2/1459 751/3/1459
f 917/1/1460 918/2/1460 749/3/1460
f 918/1/1461 747/2/1461 749/3/1461
f 918/1/1462 919/2/1462 747/3/1462
f 919/1/1463 745/2/1463 747/3/1463
f 919/1/1464 920/2/1464 745/3/1464
f 920/1/1465 921/2/1465 745/3/1465
f 921/1/1466 743/2/1466 745/3/1466
f 921/1/1467 922/2/1467 743/3/1467
f 922/1/1468 741/2/1468 743/3/1468
f 922/1/1469 923/2/1469 741/3/1469
f 923/1/1470 739/2/1470 741/3/1470
f 923/1/1471 924/2/1471 739/3/1471
f 924/1/1472 737/2/1472 739/3/1472
f 924/1/1473 925/2/1473 737/3/1473
f 925/1/1474 735/2/1474 737/3/1474
f 925/1/1475 926/2/1475 735/3/1475
f 926/1/1476 733/2/1476 735/3/1476
f 926/1/1477 927/2/1477 733/3/1477
f 927/1/1478 730/2/1478 733/3/1478
f 927/1/1479 928/2/1479 730/3/1479
f 928/1/1480 729/2/1480 730/3/1480
f 928/1/1481 912/2/1481 729/3/1481
f 928/1/1482 929/2/1482 912/3/1482
f 929/1/1483 911/2/1483 912/3/1483
f 929/1/1484 930/2/1484 911/3/1484
f 930/1/1485 907/2/1485 911/3/1485
f 930/1/1486 931/2/1486 907/3/1486
f 931/1/1487 905/2/1487 907/3/1487
f 931/1/1488 932/2/1488 905/3/1488
f 932/1/1489 903/2/1489 905/3/1489
f 932/1/1490 636/2/1490 903/3/1490
f 636/1/1491 663/2/1491 903/3/1491
f 903/1/1492 663/2/1492 910/3/1492
f 663/1/1493 662/2/1493 910/3/1493
f 662/1/1494 909/2/1494 910/3/1494
f 662/1/1495 661/2/1495 909/3/1495
f 661/1/1496 908/2/1496 909/3/1496
f 661/1/1497 660/2/1497 908/3/1497
f 660/1/1498 906/2/1498 908/3/1498
f 660/1/1499 659/2/1499 906/3/1499
f 659/1/1500 904/2/1500 906/3/1500
f 659/1/1501 658/2/1501 904/3/1501
f 658/1/1502 695/2/1502 904/3/1502
f 933/1/1503 934/2/1503 935/3/1503
f 936/1/1504 51/2/1504 691/3/1504
f 933/1/1505 935/2/1505 937/3/1505
f 938/1/1506 933/2/1506 937/3/1506
f 936/1/1507 691/2/1507 939/3/1507
f 938/1/1508 937/2/1508 688/3/1508
f 940/1/1509 936/2/1509 939/3/1509
f 54/1/1510 938/2/1510 688/3/1510
f 940/1/1511 939/2/1511 941/3/1511
f 942/1/1512 940/2/1512 941/3/1512
f 943/1/1513 942/2/1513 941/3/1513
f 943/1/1514 941/2/1514 944/3/1514
f 945/1/1515 943/2/1515 944/3/1515
f 945/1/1516 944/2/1516 946/3/1516
f 945/1/1517 946/2/1517 934/3/1517
f 947/1/1518 945/2/1518 934/3/1518
f 933/1/1519 947/2/1519 934/3/1519
f 948/1/1520 949/2/1520 950/3/1520
f 951/1/1521 35/2/1521 683/3/1521
f 951/1/1522 683/2/1522 952/3/1522
f 953/1/1523 948/2/1523 950/3/1523
f 953/1/1524 950/2/1524 680/3/1524
f 954/1/1525 952/2/1525 955/3/1525
f 954/1/1526 951/2/1526 952/3/1526
f 38/1/1527 953/2/1527 680/3/1527
f 954/1/1528 955/2/1528 956/3/1528
f 957/1/1529 954/2/1529 956/3/1529
f 958/1/1530 957/2/1530 956/3/1530
f 958/1/1531 956/2/1531 959/3/1531
f 960/1/1532 958/2/1532 959/3/1532
f 960/1/1533 959/2/1533 961/3/1533
f 962/1/1534 960/2/1534 961/3/1534
f 962/1/1535 961/2/1535 949/3/1535
f 948/1/1536 962/2/1536 949/3/1536
f 963/1/1537 975/2/1537 964/3/1537
f 963/1/1538 964/2/1538 965/3/1538
f 966/1/1539 19/2/1539 675/3/1539
f 966/1/1540 675/2/1540 967/3/1540
f 968/1/1541 963/2/1541 965/3/1541
f 968/1/1542 965/2/1542 673/3/1542
f 969/1/1543 966/2/1543 967/3/1543
f 22/1/1544 968/2/1544 673/3/1544
f 969/1/1545 967/2/1545 970/3/1545
f 971/1/1546 969/2/1546 970/3/1546
f 972/1/1547 971/2/1547 970/3/1547
f 972/1/1548 970/2/1548 973/3/1548
f 974/1/1549 972/2/1549 973/3/1549
f 974/1/1550 973/2/1550 975/3/1550
f 976/1/1551 974/2/1551 975/3/1551
f 963/1/1552 976/2/1552 975/3/1552
f 977/1/1520 978/2/1520 979/3/1520
f 980/1/1553 3/2/1553 666/3/1553
f 980/1/1554 666/2/1554 981/3/1554
f 982/1/1555 977/2/1555 979/3/1555
f 982/1/1556 979/2/1556 665/3/1556
f 983/1/1557 981/2/1557 984/3/1557
f 983/1/1526 980/2/1526 981/3/1526
f 985/1/1558 983/2/1558 984/3/1558
f 985/1/1559 984/2/1559 986/3/1559
f 987/1/1560 985/2/1560 986/3/1560
f 988/1/1561 987/2/1561 986/3/1561
f 988/1/1562 986/2/1562 989/3/1562
f 990/1/1563 988/2/1563 989/3/1563
f 990/1/1564 989/2/1564 978/3/1564
f 977/1/1565 990/2/1565 978/3/1565
f 636/1/1566 932/2/1566 198/3/1566
f 198/1/1567 932/2/1567 991/3/1567
f 991/1/1568 932/2/1568 992/3/1568
f 932/1/1569 931/2/1569 992/3/1569
f 992/1/1570 931/2/1570 993/3/1570
f 993/1/1571 931/2/1571 994/3/1571
f 931/1/1572 930/2/1572 994/3/1572
f 994/1/1573 930/2/1573 995/3/1573
f 995/1/1574 930/2/1574 996/3/1574
f 996/1/1575 929/2/1575 997/3/1575
f 930/1/1576 929/2/1576 996/3/1576
f 997/1/1577 929/2/1577 998/3/1577
f 998/1/1578 928/2/1578 999/3/1578
f 929/1/1579 928/2/1579 998/3/1579
f 999/1/1580 928/2/1580 1000/3/1580
f 928/1/1581 927/2/1581 1000/3/1581
f 1000/1/1582 927/2/1582 1001/3/1582
f 927/1/1583 926/2/1583 1001/3/1583
f 1001/1/1584 926/2/1584 1002/3/1584
f 1002/1/1585 926/2/1585 1003/3/1585
f 926/1/1586 925/2/1586 1003/3/1586
f 1003/1/1587 925/2/1587 1004/3/1587
f 1004/1/1588 925/2/1588 1005/3/1588
f 1005/1/1589 924/2/1589 1398/3/1589
f 925/1/1590 924/2/1590 1005/3/1590
f 1398/1/1591 924/2/1591 1006/3/1591
f 1006/1/1592 924/2/1592 1007/3/1592
f 924/1/1593 923/2/1593 1007/3/1593
f 1007/1/1594 923/2/1594 1008/3/1594
f 1008/1/1595 923/2/1595 1009/3/1595
f 923/1/1596 922/2/1596 1009/3/1596
f 1009/1/1597 922/2/1597 1010/3/1597
f 1010/1/1598 922/2/1598 1011/3/1598
f 922/1/1599 921/2/1599 1011/3/1599
f 1011/1/1600 921/2/1600 1012/3/1600
f 1012/1/1601 921/2/1601 1013/3/1601
f 921/1/1602 920/2/1602 1013/3/1602
f 1013/1/1603 920/2/1603 1014/3/1603
f 920/1/1604 919/2/1604 1014/3/1604
f 1014/1/1605 919/2/1605 1015/3/1605
f 1015/1/1606 919/2/1606 1016/3/1606
f 919/1/1607 918/2/1607 1016/3/1607
f 1016/1/1608 918/2/1608 1017/3/1608
f 918/1/1609 917/2/1609 1017/3/1609
f 1017/1/1610 917/2/1610 1018/3/1610
f 1018/1/1611 917/2/1611 1391/3/1611
f 1391/1/1612 917/2/1612 1019/3/1612
f 917/1/1613 916/2/1613 1019/3/1613
f 1019/1/1614 916/2/1614 1020/3/1614
f 1020/1/1615 916/2/1615 1021/3/1615
f 916/1/1616 915/2/1616 1021/3/1616
f 1021/1/1617 915/2/1617 1022/3/1617
f 1022/1/1618 915/2/1618 1023/3/1618
f 915/1/1619 914/2/1619 1023/3/1619
f 1023/1/1620 914/2/1620 1024/3/1620
f 1024/1/1621 914/2/1621 1025/3/1621
f 914/1/1622 913/2/1622 1025/3/1622
f 1025/1/1623 913/2/1623 1026/3/1623
f 1026/1/1624 913/2/1624 1027/3/1624
f 913/1/1625 726/2/1625 1027/3/1625
f 1027/1/1626 726/2/1626 1028/3/1626
f 1028/1/1627 726/2/1627 1029/3/1627
f 726/1/1628 724/2/1628 1029/3/1628
f 1029/1/1629 724/2/1629 1030/3/1629
f 1030/1/1630 724/2/1630 1031/3/1630
f 724/1/1631 722/2/1631 1031/3/1631
f 1031/1/1632 722/2/1632 1032/3/1632
f 1032/1/1633 722/2/1633 1033/3/1633
f 722/1/1634 720/2/1634 1033/3/1634
f 1033/1/1635 720/2/1635 1034/3/1635
f 1034/1/1636 720/2/1636 1035/3/1636
f 720/1/1637 718/2/1637 1035/3/1637
f 1035/1/1638 718/2/1638 1380/3/1638
f 1380/1/1639 718/2/1639 1379/3/1639
f 1379/1/1640 718/2/1640 1036/3/1640
f 1036/1/1641 716/2/1641 1378/3/1641
f 718/1/1642 716/2/1642 1036/3/1642
f 1378/1/1643 716/2/1643 1377/3/1643
f 1377/1/1644 716/2/1644 1037/3/1644
f 716/1/1645 638/2/1645 1037/3/1645
f 1037/1/1646 638/2/1646 192/3/1646
f 467/1/1647 461/2/1647 413/3/1647
f 461/1/1648 456/2/1648 413/3/1648
f 456/1/1649 448/2/1649 413/3/1649
f 453/1/1650 448/2/1650 456/3/1650
f 447/1/1651 448/2/1651 453/3/1651
f 464/1/1652 479/2/1652 475/3/1652
f 413/1/1653 1039/2/1653 464/3/1653
f 1038/1/1654 1039/2/1654 448/3/1654
f 448/1/1655 1039/2/1655 413/3/1655
f 1041/1/1656 1040/2/1656 1267/3/1656
f 1039/1/1657 1042/2/1657 464/3/1657
f 1040/1/1658 1042/2/1658 1267/3/1658
f 1267/1/1659 1042/2/1659 1039/3/1659
f 479/1/1660 499/2/1660 486/3/1660
f 486/1/1661 499/2/1661 495/3/1661
f 1283/1/1662 1282/2/1662 1043/3/1662
f 1043/1/1663 1044/2/1663 1042/3/1663
f 1282/1/1664 1044/2/1664 1043/3/1664
f 436/1/1665 503/2/1665 437/3/1665
f 479/1/1666 441/2/1666 499/3/1666
f 499/1/1667 441/2/1667 436/3/1667
f 436/1/1668 441/2/1668 503/3/1668
f 464/1/1669 441/2/1669 479/3/1669
f 443/1/1670 412/2/1670 506/3/1670
f 464/1/1671 412/2/1671 441/3/1671
f 441/1/1672 412/2/1672 443/3/1672
f 1042/1/1673 412/2/1673 464/3/1673
f 1044/1/1674 412/2/1674 1042/3/1674
f 1045/1/1675 412/2/1675 1044/3/1675
f 1046/1/1675 412/2/1675 1045/3/1675
f 412/1/1676 422/2/1676 425/3/1676
f 1046/1/1677 422/2/1677 412/3/1677
f 1048/1/1678 422/2/1678 1046/3/1678
f 422/1/1679 1050/2/1679 1047/3/1679
f 422/1/1680 1051/2/1680 1050/3/1680
f 1048/1/1681 1052/2/1681 422/3/1681
f 1049/1/1682 1052/2/1682 1048/3/1682
f 422/1/1683 1052/2/1683 1051/3/1683
f 1052/1/1684 1299/2/1684 1051/3/1684
f 1052/1/1685 1053/2/1685 1299/3/1685
f 451/1/1686 552/2/1686 1054/3/1686
f 450/1/1687 451/2/1687 1054/3/1687
f 1274/1/1688 450/2/1688 1054/3/1688
f 1274/1/1689 1054/2/1689 1055/3/1689
f 1056/1/1690 1274/2/1690 1055/3/1690
f 1057/1/1691 1056/2/1691 1055/3/1691
f 1058/1/1692 1055/2/1692 1059/3/1692
f 1058/1/1693 1057/2/1693 1055/3/1693
f 1060/1/1694 1058/2/1694 1059/3/1694
f 1060/1/1695 1059/2/1695 1061/3/1695
f 1276/1/1696 1060/2/1696 1061/3/1696
f 1062/1/1697 1276/2/1697 1061/3/1697
f 1062/1/1698 1061/2/1698 1063/3/1698
f 1064/1/1699 1062/2/1699 1063/3/1699
f 1064/1/1700 1063/2/1700 1065/3/1700
f 1330/1/1701 1064/2/1701 1065/3/1701
f 1328/1/1702 1330/2/1702 1065/3/1702
f 1327/1/1703 1065/2/1703 1066/3/1703
f 1327/1/1704 1328/2/1704 1065/3/1704
f 1325/1/1705 1327/2/1705 1066/3/1705
f 1324/1/1706 1066/2/1706 1067/3/1706
f 1324/1/1707 1325/2/1707 1066/3/1707
f 1322/1/1708 1067/2/1708 1068/3/1708
f 1322/1/1709 1324/2/1709 1067/3/1709
f 1320/1/1710 1322/2/1710 1068/3/1710
f 1318/1/1711 1320/2/1711 1068/3/1711
f 1318/1/1712 1068/2/1712 1069/3/1712
f 1315/1/1713 1318/2/1713 1069/3/1713
f 1311/1/1714 1315/2/1714 1069/3/1714
f 1311/1/1715 1069/2/1715 1070/3/1715
f 1309/1/1716 1311/2/1716 1070/3/1716
f 1308/1/1717 1309/2/1717 1070/3/1717
f 1308/1/1718 1070/2/1718 1071/3/1718
f 1306/1/1719 1308/2/1719 1071/3/1719
f 1302/1/1720 1306/2/1720 1071/3/1720
f 1302/1/1721 1071/2/1721 1072/3/1721
f 1297/1/1722 1302/2/1722 1072/3/1722
f 1073/1/1723 1297/2/1723 1072/3/1723
f 1073/1/1724 1072/2/1724 1074/3/1724
f 1075/1/1725 1073/2/1725 1074/3/1725
f 1075/1/1726 1074/2/1726 1076/3/1726
f 1077/1/1727 1075/2/1727 1076/3/1727
f 1078/1/1728 1077/2/1728 1076/3/1728
f 1078/1/1729 1076/2/1729 1079/3/1729
f 1281/1/1730 1078/2/1730 1079/3/1730
f 1292/1/1731 1281/2/1731 1079/3/1731
f 1292/1/1732 1079/2/1732 1080/3/1732
f 1291/1/1733 1292/2/1733 1080/3/1733
f 1290/1/1734 1291/2/1734 1080/3/1734
f 1081/1/1735 1290/2/1735 1080/3/1735
f 1289/1/1736 1081/2/1736 1080/3/1736
f 1289/1/1737 1080/2/1737 1082/3/1737
f 1288/1/1738 1289/2/1738 1082/3/1738
f 1085/1/1375 567/2/1375 1087/3/1375
f 1086/1/1739 55/2/1739 57/3/1739
f 85/1/1374 556/2/1374 89/3/1374
f 1090/1/1740 1091/2/1740 1092/3/1740
f 582/1/1375 1093/2/1375 1090/3/1375
f 567/1/1375 569/2/1375 1087/3/1375
f 1090/1/1375 1093/2/1375 1091/3/1375
f 1094/1/1739 55/2/1739 1086/3/1739
f 1086/1/1739 57/2/1739 1179/3/1739
f 1095/1/1741 1083/2/1741 4/3/1741
f 85/1/1374 553/2/1374 556/3/1374
f 1091/1/1742 1098/2/1742 1092/3/1742
f 1188/1/1743 528/2/1743 1097/3/1743
f 1096/1/1744 23/2/1744 25/3/1744
f 1179/1/1745 60/2/1745 1183/3/1745
f 57/1/1739 60/2/1739 1179/3/1739
f 512/1/1374 80/2/1374 510/3/1374
f 1092/1/1746 1098/2/1746 1099/3/1746
f 1183/1/1747 60/2/1747 1100/3/1747
f 1101/1/1744 23/2/1744 1096/3/1744
f 582/1/1375 1102/2/1375 1093/3/1375
f 91/1/1748 550/2/1748 1181/3/1748
f 512/1/1375 76/2/1375 80/3/1375
f 585/1/1375 1102/2/1375 582/3/1375
f 25/1/1744 28/2/1744 1096/3/1744
f 1095/1/1745 1103/2/1745 1083/3/1745
f 1088/1/1747 1104/2/1747 1089/3/1747
f 1105/1/1375 53/2/1375 1094/3/1375
f 1094/1/1749 53/2/1749 55/3/1749
f 569/1/1375 571/2/1375 1087/3/1375
f 1099/1/1750 1106/2/1750 1088/3/1750
f 1098/1/1674 1106/2/1674 1099/3/1674
f 85/1/1374 554/2/1374 553/3/1374
f 1096/1/1744 28/2/1744 1107/3/1744
f 1084/1/1751 520/2/1751 1108/3/1751
f 1097/1/1752 531/2/1752 1109/3/1752
f 528/1/1753 531/2/1753 1097/3/1753
f 1087/1/1375 571/2/1375 1110/3/1375
f 1101/1/1754 21/2/1754 23/3/1754
f 585/1/1745 1111/2/1745 1102/3/1745
f 87/1/1374 554/2/1374 85/3/1374
f 586/1/1755 1111/2/1755 585/3/1755
f 1088/1/1756 1106/2/1756 1104/3/1756
f 60/1/1757 62/2/1757 1100/3/1757
f 1106/1/1375 1112/2/1375 1104/3/1375
f 1105/1/1758 1113/2/1758 53/3/1758
f 520/1/1755 522/2/1755 1108/3/1755
f 512/1/1375 73/2/1375 76/3/1375
f 1100/1/1375 62/2/1375 1114/3/1375
f 28/1/1759 30/2/1759 1107/3/1759
f 1115/1/1745 1113/2/1745 1105/3/1745
f 87/1/1375 1116/2/1375 554/3/1375
f 1101/1/1760 1117/2/1760 21/3/1760
f 1119/1/1375 1120/2/1375 1118/3/1375
f 571/1/1375 573/2/1375 1110/3/1375
f 1110/1/1375 573/2/1375 1121/3/1375
f 93/1/1375 550/2/1375 91/3/1375
f 390/1/1745 1113/2/1745 1115/3/1745
f 586/1/1755 1122/2/1755 1111/3/1755
f 586/1/1748 588/2/1748 1122/3/1748
f 62/1/1761 63/2/1761 1114/3/1761
f 1112/1/1375 1123/2/1375 1104/3/1375
f 87/1/1375 1124/2/1375 1116/3/1375
f 1109/1/1748 531/2/1748 1125/3/1748
f 1118/1/1375 1120/2/1375 1126/3/1375
f 1108/1/1756 522/2/1756 1095/3/1756
f 1126/1/1739 1117/2/1739 1101/3/1739
f 512/1/1375 514/2/1375 73/3/1375
f 1118/1/1375 1127/2/1375 1119/3/1375
f 514/1/1375 67/2/1375 73/3/1375
f 1128/1/1374 1127/2/1374 1118/3/1374
f 1123/1/1375 1129/2/1375 1104/3/1375
f 1120/1/1375 1130/2/1375 1126/3/1375
f 1114/1/1760 63/2/1760 1131/3/1760
f 1124/1/1374 1132/2/1374 1116/3/1374
f 573/1/1375 575/2/1375 1121/3/1375
f 1121/1/1375 575/2/1375 1133/3/1375
f 30/1/1762 31/2/1762 1107/3/1762
f 588/1/1748 590/2/1748 1122/3/1748
f 93/1/1375 548/2/1375 550/3/1375
f 1137/1/1745 1129/2/1745 1123/3/1745
f 1107/1/1739 31/2/1739 1134/3/1739
f 63/1/1750 49/2/1750 1131/3/1750
f 522/1/1673 524/2/1673 1095/3/1673
f 1128/1/1375 1135/2/1375 1127/3/1375
f 1126/1/1755 1136/2/1755 1117/3/1755
f 1130/1/1375 1136/2/1375 1126/3/1375
f 69/1/1374 1132/2/1374 1124/3/1374
f 590/1/1750 1138/2/1750 1122/3/1750
f 69/1/1375 1139/2/1375 1132/3/1375
f 1125/1/1678 531/2/1678 390/3/1678
f 67/1/1375 514/2/1375 65/3/1375
f 96/1/1375 548/2/1375 93/3/1375
f 1140/1/1748 1138/2/1748 590/3/1748
f 31/1/1747 17/2/1747 1134/3/1747
f 1141/1/1375 1135/2/1375 1128/3/1375
f 1142/1/1748 1129/2/1748 1137/3/1748
f 1117/1/1763 1136/2/1763 1143/3/1763
f 1134/1/1745 17/2/1745 1085/3/1745
f 531/1/1673 534/2/1673 390/3/1673
f 1136/1/1764 1144/2/1764 1143/3/1764
f 71/1/1375 1139/2/1375 69/3/1375
f 1142/1/1748 1145/2/1748 1129/3/1748
f 1103/1/1745 391/2/1745 1146/3/1745
f 71/1/1375 1147/2/1375 1139/3/1375
f 1141/1/1375 1148/2/1375 1135/3/1375
f 1149/1/1748 546/2/1748 96/3/1748
f 1143/1/1765 1144/2/1765 1150/3/1765
f 77/1/1375 1147/2/1375 71/3/1375
f 96/1/1748 546/2/1748 548/3/1748
f 1103/1/1766 385/2/1766 391/3/1766
f 65/1/1767 9/2/1767 83/3/1767
f 1152/1/1748 1138/2/1748 1140/3/1748
f 524/1/1673 385/2/1673 1095/3/1673
f 1095/1/1375 385/2/1375 1103/3/1375
f 1151/1/1739 39/2/1739 41/3/1739
f 391/1/1768 395/2/1768 1146/3/1768
f 65/1/1763 7/2/1763 9/3/1763
f 1146/1/1769 395/2/1769 1153/3/1769
f 1151/1/1747 41/2/1747 1154/3/1747
f 390/1/1756 534/2/1756 1113/3/1756
f 1133/1/1745 39/2/1745 1151/3/1745
f 1152/1/1739 1155/2/1739 1138/3/1739
f 1156/1/1673 546/2/1673 1149/3/1673
f 575/1/1374 39/2/1374 1133/3/1374
f 514/1/1739 7/2/1739 65/3/1739
f 534/1/1673 536/2/1673 1113/3/1673
f 41/1/1744 44/2/1744 1154/3/1744
f 9/1/1770 12/2/1770 83/3/1770
f 83/1/1771 12/2/1771 81/3/1771
f 577/1/1673 39/2/1673 575/3/1673
f 395/1/1772 396/2/1772 1153/3/1772
f 1141/1/1375 508/2/1375 1148/3/1375
f 516/1/1755 7/2/1755 514/3/1755
f 1113/1/1755 536/2/1755 1157/3/1755
f 524/1/1756 1158/2/1756 385/3/1756
f 1144/1/1764 1159/2/1764 1150/3/1764
f 1161/1/1375 544/2/1375 1156/3/1375
f 1156/1/1375 544/2/1375 546/3/1375
f 524/1/1375 526/2/1375 1158/3/1375
f 1150/1/1773 1159/2/1773 1160/3/1773
f 577/1/1742 37/2/1742 39/3/1742
f 516/1/1674 5/2/1674 7/3/1674
f 1162/1/1739 1155/2/1739 1152/3/1739
f 536/1/1756 538/2/1756 1157/3/1756
f 1157/1/1678 538/2/1678 1163/3/1678
f 81/1/1744 12/2/1744 77/3/1744
f 579/1/1375 37/2/1375 577/3/1375
f 49/1/1747 544/2/1747 1131/3/1747
f 1131/1/1375 544/2/1375 1161/3/1375
f 508/1/1374 1164/2/1374 1148/3/1374
f 396/1/1774 383/2/1774 1153/3/1774
f 44/1/1759 46/2/1759 1154/3/1759
f 1154/1/1745 46/2/1745 1165/3/1745
f 1153/1/1745 383/2/1745 1175/3/1745
f 49/1/1756 542/2/1756 544/3/1756
f 12/1/1775 13/2/1775 77/3/1775
f 579/1/1761 1166/2/1761 37/3/1761
f 52/1/1674 542/2/1674 49/3/1674
f 516/1/1771 1167/2/1771 5/3/1771
f 1163/1/1773 538/2/1773 1168/3/1773
f 1169/1/1776 542/2/1776 52/3/1776
f 538/1/1673 540/2/1673 1168/3/1673
f 77/1/1375 13/2/1375 1147/3/1375
f 1168/1/1777 540/2/1777 1170/3/1777
f 1169/1/1778 540/2/1778 542/3/1778
f 1162/1/1673 1171/2/1673 1155/3/1673
f 1170/1/1778 540/2/1778 1169/3/1778
f 46/1/1779 47/2/1779 1165/3/1779
f 1158/1/1739 526/2/1739 1172/3/1739
f 13/1/1780 15/2/1780 1147/3/1780
f 1147/1/1747 15/2/1747 1173/3/1747
f 518/1/1781 1167/2/1781 516/3/1781
f 510/1/1374 1164/2/1374 508/3/1374
f 579/1/1755 580/2/1755 1166/3/1755
f 580/1/1755 1174/2/1755 1166/3/1755
f 518/1/1781 1176/2/1781 1167/3/1781
f 1177/1/1748 1145/2/1748 1142/3/1748
f 1179/1/1375 1171/2/1375 1162/3/1375
f 1178/1/1756 562/2/1756 1180/3/1756
f 1175/1/1745 383/2/1745 1115/3/1745
f 1/1/1747 1173/2/1747 15/3/1747
f 562/1/1756 564/2/1756 1180/3/1756
f 383/1/1746 388/2/1746 1115/3/1746
f 33/1/1782 1165/2/1782 47/3/1782
f 1178/1/1756 559/2/1756 562/3/1756
f 1160/1/1783 559/2/1783 1178/3/1783
f 1159/1/1375 559/2/1375 1160/3/1375
f 1177/1/1375 1181/2/1375 1145/3/1375
f 1176/1/1784 518/2/1784 1182/3/1784
f 1/1/1747 1184/2/1747 1173/3/1747
f 1179/1/1375 1183/2/1375 1171/3/1375
f 1186/1/1375 559/2/1375 1159/3/1375
f 1180/1/1785 564/2/1785 20/3/1785
f 1172/1/1375 526/2/1375 1185/3/1375
f 1174/1/1786 582/2/1786 1090/3/1786
f 580/1/1755 582/2/1755 1174/3/1755
f 564/1/1375 566/2/1375 20/3/1375
f 33/1/1782 1089/2/1782 1165/3/1782
f 388/1/1787 390/2/1787 1115/3/1787
f 510/1/1374 80/2/1374 1164/3/1374
f 526/1/1673 528/2/1673 1185/3/1673
f 1187/1/1747 557/2/1747 1186/3/1747
f 1186/1/1375 557/2/1375 559/3/1375
f 20/1/1788 566/2/1788 17/3/1788
f 4/1/1789 1184/2/1789 1/3/1789
f 36/1/1742 1089/2/1742 33/3/1742
f 566/1/1673 567/2/1673 17/3/1673
f 1185/1/1790 528/2/1790 1188/3/1790
f 17/1/1748 567/2/1748 1085/3/1748
f 91/1/1748 1181/2/1748 1177/3/1748
f 518/1/1673 520/2/1673 1182/3/1673
f 1182/1/1791 520/2/1791 1084/3/1791
f 89/1/1765 556/2/1765 1187/3/1765
f 1187/1/1748 556/2/1748 557/3/1748
f 4/1/1375 1083/2/1375 1184/3/1375
f 1088/1/1760 1089/2/1760 36/3/1760
f 635/1/1792 1189/2/1792 551/3/1792
f 551/1/1793 1189/2/1793 1190/3/1793
f 1189/1/1794 1191/2/1794 1190/3/1794
f 1190/1/1795 1191/2/1795 1192/3/1795
f 1191/1/1796 1193/2/1796 1192/3/1796
f 1192/1/1797 1193/2/1797 1194/3/1797
f 1193/1/1798 1195/2/1798 1194/3/1798
f 1194/1/1799 1195/2/1799 1196/3/1799
f 1195/1/1800 1197/2/1800 1196/3/1800
f 1196/1/1801 1197/2/1801 1198/3/1801
f 1197/1/1802 1199/2/1802 1198/3/1802
f 1198/1/1803 1199/2/1803 1200/3/1803
f 1199/1/1804 1201/2/1804 1200/3/1804
f 1200/1/1805 1201/2/1805 1202/3/1805
f 1201/1/1806 1203/2/1806 1202/3/1806
f 1202/1/1807 1203/2/1807 1204/3/1807
f 1203/1/1808 1205/2/1808 1204/3/1808
f 1204/1/1809 1205/2/1809 1206/3/1809
f 1205/1/1810 1207/2/1810 1206/3/1810
f 1206/1/1811 1207/2/1811 1208/3/1811
f 1207/1/1812 1209/2/1812 1208/3/1812
f 1208/1/1813 1209/2/1813 1210/3/1813
f 1210/1/1814 1211/2/1814 1212/3/1814
f 1209/1/1815 1211/2/1815 1210/3/1815
f 1212/1/1816 1211/2/1816 1213/3/1816
f 1211/1/1817 1214/2/1817 1213/3/1817
f 1213/1/1818 1214/2/1818 1215/3/1818
f 1214/1/1819 1216/2/1819 1215/3/1819
f 1215/1/1820 1216/2/1820 1217/3/1820
f 1216/1/1821 1218/2/1821 1217/3/1821
f 1217/1/1822 1218/2/1822 1219/3/1822
f 1218/1/1823 1220/2/1823 1219/3/1823
f 1219/1/1824 1220/2/1824 1221/3/1824
f 1220/1/1825 1222/2/1825 1221/3/1825
f 1221/1/1826 1222/2/1826 1223/3/1826
f 1222/1/1827 1224/2/1827 1223/3/1827
f 1223/1/1828 1224/2/1828 1225/3/1828
f 1224/1/1829 1226/2/1829 1225/3/1829
f 1225/1/1830 1226/2/1830 1227/3/1830
f 1226/1/1831 1228/2/1831 1227/3/1831
f 1227/1/1832 1228/2/1832 1229/3/1832
f 1228/1/1833 1230/2/1833 1229/3/1833
f 1229/1/1834 1230/2/1834 1231/3/1834
f 1230/1/1835 1232/2/1835 1231/3/1835
f 1231/1/1836 1232/2/1836 507/3/1836
f 1232/1/1837 591/2/1837 507/3/1837
f 634/1/1838 1233/2/1838 635/3/1838
f 635/1/1839 1233/2/1839 1189/3/1839
f 1189/1/1840 1233/2/1840 1191/3/1840
f 1233/1/1841 1234/2/1841 1191/3/1841
f 1191/1/1842 1234/2/1842 1193/3/1842
f 1234/1/1843 1235/2/1843 1193/3/1843
f 1193/1/1844 1235/2/1844 1195/3/1844
f 1235/1/1845 1236/2/1845 1195/3/1845
f 1195/1/1846 1236/2/1846 1197/3/1846
f 1236/1/1847 1237/2/1847 1197/3/1847
f 1197/1/1848 1237/2/1848 1199/3/1848
f 1237/1/1849 1238/2/1849 1199/3/1849
f 1199/1/1850 1238/2/1850 1201/3/1850
f 1238/1/1851 1239/2/1851 1201/3/1851
f 1201/1/1852 1239/2/1852 1203/3/1852
f 1239/1/1853 1240/2/1853 1203/3/1853
f 1203/1/1854 1240/2/1854 1205/3/1854
f 1240/1/1855 1241/2/1855 1205/3/1855
f 1205/1/1856 1241/2/1856 1207/3/1856
f 1241/1/1857 1242/2/1857 1207/3/1857
f 1207/1/1858 1242/2/1858 1209/3/1858
f 1242/1/1859 1243/2/1859 1209/3/1859
f 1209/1/1860 1243/2/1860 1211/3/1860
f 1243/1/1861 1244/2/1861 1211/3/1861
f 1211/1/1862 1244/2/1862 1214/3/1862
f 1244/1/1863 1245/2/1863 1214/3/1863
f 1214/1/1864 1245/2/1864 1216/3/1864
f 1245/1/1865 1246/2/1865 1216/3/1865
f 1216/1/1866 1246/2/1866 1218/3/1866
f 1246/1/1867 1247/2/1867 1218/3/1867
f 1218/1/1868 1247/2/1868 1220/3/1868
f 1247/1/1869 1248/2/1869 1220/3/1869
f 1220/1/1870 1248/2/1870 1222/3/1870
f 1248/1/1871 1249/2/1871 1222/3/1871
f 1222/1/1872 1249/2/1872 1224/3/1872
f 1249/1/1873 1250/2/1873 1224/3/1873
f 1224/1/1874 1250/2/1874 1226/3/1874
f 1250/1/1875 1251/2/1875 1226/3/1875
f 1226/1/1876 1251/2/1876 1228/3/1876
f 1251/1/1877 1252/2/1877 1228/3/1877
f 1228/1/1878 1252/2/1878 1230/3/1878
f 1252/1/1879 1253/2/1879 1230/3/1879
f 1230/1/1880 1253/2/1880 1232/3/1880
f 1253/1/1881 1254/2/1881 1232/3/1881
f 1232/1/1882 1254/2/1882 591/3/1882
f 632/1/1883 319/2/1883 318/3/1883
f 1256/1/1884 1254/2/1884 1255/3/1884
f 1255/1/1885 1254/2/1885 1253/3/1885
f 1236/1/1886 1481/2/1886 1431/3/1886
f 353/1/1887 330/2/1887 616/3/1887
f 616/1/1888 330/2/1888 618/3/1888
f 1235/1/1889 1481/2/1889 1236/3/1889
f 606/1/1890 382/2/1890 608/3/1890
f 1245/1/1891 1244/2/1891 1522/3/1891
f 150/1/1892 1254/2/1892 1256/3/1892
f 382/1/1893 179/2/1893 608/3/1893
f 632/1/1894 253/2/1894 319/3/1894
f 330/1/1895 328/2/1895 618/3/1895
f 1522/1/1896 1244/2/1896 1539/3/1896
f 179/1/1897 177/2/1897 608/3/1897
f 630/1/1898 253/2/1898 632/3/1898
f 1234/1/1899 1481/2/1899 1235/3/1899
f 608/1/1900 174/2/1900 610/3/1900
f 177/1/1901 174/2/1901 608/3/1901
f 618/1/1902 326/2/1902 620/3/1902
f 150/1/1903 592/2/1903 1254/3/1903
f 1234/1/1904 1257/2/1904 1481/3/1904
f 328/1/1905 326/2/1905 618/3/1905
f 1244/1/1906 1243/2/1906 1539/3/1906
f 628/1/1907 253/2/1907 630/3/1907
f 140/1/1908 592/2/1908 150/3/1908
f 326/1/1909 164/2/1909 620/3/1909
f 628/1/1910 301/2/1910 253/3/1910
f 1234/1/1911 1258/2/1911 1257/3/1911
f 1488/1/1912 1250/2/1912 1503/3/1912
f 1503/1/1913 1250/2/1913 1249/3/1913
f 174/1/1914 373/2/1914 610/3/1914
f 1503/1/1915 1249/2/1915 1259/3/1915
f 140/1/1916 594/2/1916 592/3/1916
f 136/1/1917 594/2/1917 140/3/1917
f 620/1/1918 164/2/1918 622/3/1918
f 1243/1/1919 1242/2/1919 1539/3/1919
f 1234/1/1920 1260/2/1920 1258/3/1920
f 1233/1/1921 1260/2/1921 1234/3/1921
f 610/1/1922 373/2/1922 612/3/1922
f 1259/1/1923 1249/2/1923 1384/3/1923
f 129/1/1924 594/2/1924 136/3/1924
f 1539/1/1925 1242/2/1925 1392/3/1925
f 626/1/1926 301/2/1926 628/3/1926
f 164/1/1927 161/2/1927 622/3/1927
f 622/1/1928 161/2/1928 624/3/1928
f 1233/1/1929 1261/2/1929 1260/3/1929
f 292/1/1930 594/2/1930 129/3/1930
f 1249/1/1923 1248/2/1923 1384/3/1923
f 161/1/1928 159/2/1928 624/3/1928
f 292/1/1931 596/2/1931 594/3/1931
f 626/1/1932 327/2/1932 301/3/1932
f 624/1/1933 327/2/1933 626/3/1933
f 159/1/1934 327/2/1934 624/3/1934
f 1242/1/1935 1241/2/1935 1392/3/1935
f 1392/1/1936 1241/2/1936 1547/3/1936
f 1384/1/1937 1248/2/1937 1541/3/1937
f 1547/1/1938 1241/2/1938 1548/3/1938
f 1488/1/1939 1251/2/1939 1250/3/1939
f 634/1/1940 1261/2/1940 1233/3/1940
f 612/1/1941 373/2/1941 614/3/1941
f 1548/1/1942 1241/2/1942 1262/3/1942
f 292/1/1943 598/2/1943 596/3/1943
f 1241/1/1944 1240/2/1944 1262/3/1944
f 232/1/1945 598/2/1945 292/3/1945
f 1248/1/1946 1247/2/1946 1541/3/1946
f 1448/1/1947 1251/2/1947 1488/3/1947
f 232/1/1948 600/2/1948 598/3/1948
f 1240/1/1949 1239/2/1949 1262/3/1949
f 1262/1/1950 1239/2/1950 1263/3/1950
f 1448/1/1951 1252/2/1951 1251/3/1951
f 1541/1/1952 1247/2/1952 1264/3/1952
f 373/1/1953 353/2/1953 614/3/1953
f 1263/1/1954 1239/2/1954 1390/3/1954
f 1390/1/1955 1239/2/1955 1265/3/1955
f 1239/1/1956 1238/2/1956 1265/3/1956
f 232/1/1957 602/2/1957 600/3/1957
f 332/1/1958 602/2/1958 232/3/1958
f 1247/1/1959 1246/2/1959 1264/3/1959
f 634/1/1960 209/2/1960 1261/3/1960
f 1264/1/1961 1246/2/1961 1266/3/1961
f 1237/1/1962 1431/2/1962 1238/3/1962
f 1238/1/1963 1431/2/1963 1265/3/1963
f 602/1/1964 332/2/1964 604/3/1964
f 1448/1/1965 1253/2/1965 1252/3/1965
f 332/1/1966 170/2/1966 604/3/1966
f 614/1/1967 353/2/1967 616/3/1967
f 1255/1/1946 1253/2/1946 1448/3/1946
f 170/1/1968 157/2/1968 604/3/1968
f 634/1/1969 318/2/1969 209/3/1969
f 1236/1/1970 1431/2/1970 1237/3/1970
f 1246/1/1971 1245/2/1971 1266/3/1971
f 1266/1/1972 1245/2/1972 1522/3/1972
f 157/1/1973 382/2/1973 604/3/1973
f 604/1/1974 382/2/1974 606/3/1974
f 632/1/1975 318/2/1975 634/3/1975
f 1082/1/1976 1140/2/1976 590/3/1976
f 1080/1/1977 1140/2/1977 1082/3/1977
f 1080/1/1978 1152/2/1978 1140/3/1978
f 1152/1/1979 1080/2/1979 1079/3/1979
f 1079/1/1980 1162/2/1980 1152/3/1980
f 1076/1/1981 1162/2/1981 1079/3/1981
f 1076/1/1982 1179/2/1982 1162/3/1982
f 1179/1/1983 1076/2/1983 1074/3/1983
f 1074/1/1984 1086/2/1984 1179/3/1984
f 1086/1/1985 1074/2/1985 1072/3/1985
f 1072/1/1986 1094/2/1986 1086/3/1986
f 1094/1/1987 1072/2/1987 1071/3/1987
f 1105/1/1988 1094/2/1988 1071/3/1988
f 1115/1/1989 1105/2/1989 1071/3/1989
f 1115/1/1990 1071/2/1990 1070/3/1990
f 1070/1/1991 1175/2/1991 1115/3/1991
f 1175/1/1992 1070/2/1992 1069/3/1992
f 1153/1/1993 1175/2/1993 1069/3/1993
f 1153/1/1994 1069/2/1994 1068/3/1994
f 1146/1/1995 1153/2/1995 1068/3/1995
f 1067/1/1996 1103/2/1996 1146/3/1996
f 1067/1/1997 1146/2/1997 1068/3/1997
f 1103/1/1998 1067/2/1998 1066/3/1998
f 1066/1/1999 1083/2/1999 1103/3/1999
f 1083/1/2000 1066/2/2000 1065/3/2000
f 1184/1/2001 1083/2/2001 1065/3/2001
f 1173/1/2002 1184/2/2002 1065/3/2002
f 1063/1/2003 1173/2/2003 1065/3/2003
f 1147/1/2004 1063/2/2004 1061/3/2004
f 1147/1/2005 1173/2/2005 1063/3/2005
f 1139/1/2006 1061/2/2006 1059/3/2006
f 1139/1/2007 1147/2/2007 1061/3/2007
f 1132/1/2008 1059/2/2008 1055/3/2008
f 1132/1/2009 1139/2/2009 1059/3/2009
f 1055/1/2010 1116/2/2010 1132/3/2010
f 1116/1/2011 1055/2/2011 1054/3/2011
f 1054/1/2012 554/2/2012 1116/3/2012
f 554/1/2013 1054/2/2013 552/3/2013
f 551/1/2014 1190/2/2014 1181/3/2014
f 1181/1/2015 1190/2/2015 1145/3/2015
f 1190/1/2016 1192/2/2016 1145/3/2016
f 1145/1/2017 1192/2/2017 1129/3/2017
f 1192/1/2018 1194/2/2018 1129/3/2018
f 1129/1/2019 1194/2/2019 1104/3/2019
f 1194/1/2020 1196/2/2020 1104/3/2020
f 1104/1/2021 1196/2/2021 1089/3/2021
f 1196/1/2022 1198/2/2022 1089/3/2022
f 1089/1/2023 1198/2/2023 1165/3/2023
f 1198/1/2024 1200/2/2024 1165/3/2024
f 1165/1/2025 1200/2/2025 1154/3/2025
f 1200/1/2026 1202/2/2026 1154/3/2026
f 1154/1/2027 1202/2/2027 1151/3/2027
f 1202/1/2028 1204/2/2028 1151/3/2028
f 1151/1/2029 1204/2/2029 1133/3/2029
f 1204/1/2030 1206/2/2030 1133/3/2030
f 1133/1/2031 1206/2/2031 1121/3/2031
f 1206/1/2032 1208/2/2032 1121/3/2032
f 1208/1/2033 1210/2/2033 1121/3/2033
f 1121/1/2034 1210/2/2034 1110/3/2034
f 1210/1/2035 1212/2/2035 1110/3/2035
f 1110/1/2036 1212/2/2036 1087/3/2036
f 1212/1/2037 1213/2/2037 1087/3/2037
f 1213/1/2038 1215/2/2038 1087/3/2038
f 1087/1/2039 1215/2/2039 1085/3/2039
f 1215/1/2040 1217/2/2040 1085/3/2040
f 1085/1/2041 1217/2/2041 1134/3/2041
f 1217/1/2042 1219/2/2042 1134/3/2042
f 1134/1/2043 1219/2/2043 1107/3/2043
f 1219/1/2044 1221/2/2044 1107/3/2044
f 1107/1/2045 1221/2/2045 1096/3/2045
f 1221/1/2046 1223/2/2046 1096/3/2046
f 1096/1/2047 1223/2/2047 1101/3/2047
f 1223/1/2048 1225/2/2048 1101/3/2048
f 1101/1/2049 1225/2/2049 1126/3/2049
f 1225/1/2050 1227/2/2050 1126/3/2050
f 1126/1/2051 1227/2/2051 1118/3/2051
f 1227/1/2052 1229/2/2052 1118/3/2052
f 1118/1/2053 1229/2/2053 1128/3/2053
f 1229/1/2054 1231/2/2054 1128/3/2054
f 1128/1/2055 1231/2/2055 1141/3/2055
f 1231/1/2056 507/2/2056 1141/3/2056
f 1141/1/2057 507/2/2057 508/3/2057
f 1039/1/2058 1268/2/2058 1319/3/2058
f 1319/1/2059 1268/2/2059 1056/3/2059
f 1273/1/2060 1271/2/2060 1268/3/2060
f 1268/1/2061 1271/2/2061 1056/3/2061
f 1271/1/2062 1273/2/2062 1274/3/2062
f 1289/1/2063 1275/2/2063 1081/3/2063
f 1081/1/2064 1277/2/2064 1290/3/2064
f 1290/1/2065 1278/2/2065 1291/3/2065
f 1291/1/2066 1279/2/2066 1292/3/2066
f 1292/1/2067 1280/2/2067 1281/3/2067
f 1281/1/2068 1293/2/2068 1078/3/2068
f 1293/1/2069 1295/2/2069 1078/3/2069
f 1295/1/2070 1077/2/2070 1078/3/2070
f 1295/1/2071 1075/2/2071 1077/3/2071
f 1295/1/2072 1301/2/2072 1075/3/2072
f 1295/1/2073 1298/2/2073 1301/3/2073
f 1301/1/2074 1304/2/2074 1073/3/2074
f 1301/1/2075 1073/2/2075 1075/3/2075
f 1282/1/2076 1283/2/2076 1270/3/2076
f 1270/1/2077 1062/2/2077 1269/3/2077
f 1283/1/2078 1285/2/2078 1270/3/2078
f 1272/1/2079 1062/2/2079 1270/3/2079
f 1312/1/2080 1316/2/2080 1284/3/2080
f 1312/1/2081 1040/2/2081 1316/3/2081
f 1312/1/2082 1042/2/2082 1040/3/2082
f 1040/1/2083 1041/2/2083 1286/3/2083
f 1041/1/2084 1267/2/2084 1319/3/2084
f 1267/1/2085 1039/2/2085 1319/3/2085
f 1039/1/2086 1038/2/2086 1273/3/2086
f 1039/1/2087 1273/2/2087 1268/3/2087
f 1288/1/2088 505/2/2088 504/3/2088
f 1287/1/2089 1275/2/2089 1289/3/2089
f 1047/1/2090 504/2/2090 422/3/2090
f 1275/1/2091 1287/2/2091 1047/3/2091
f 1287/1/2092 504/2/2092 1047/3/2092
f 1287/1/2093 1288/2/2093 504/3/2093
f 1289/1/2094 1288/2/2094 1287/3/2094
f 1275/1/2095 1277/2/2095 1081/3/2095
f 1277/1/2096 1275/2/2096 1047/3/2096
f 1277/1/2097 1047/2/2097 1050/3/2097
f 1277/1/2098 1278/2/2098 1290/3/2098
f 1278/1/2099 1277/2/2099 1050/3/2099
f 1278/1/2100 1279/2/2100 1291/3/2100
f 1279/1/2101 1278/2/2101 1050/3/2101
f 1279/1/2102 1050/2/2102 1051/3/2102
f 1279/1/2103 1280/2/2103 1292/3/2103
f 1280/1/2104 1279/2/2104 1051/3/2104
f 1051/1/2105 1299/2/2105 1294/3/2105
f 1296/1/2106 1053/2/2106 1052/3/2106
f 1296/1/2107 1303/2/2107 1053/3/2107
f 1298/1/2108 1295/2/2108 1294/3/2108
f 1297/1/2109 1303/2/2109 1296/3/2109
f 1297/1/2110 1304/2/2110 1303/3/2110
f 1297/1/2111 1073/2/2111 1304/3/2111
f 1302/1/2112 1297/2/2112 1296/3/2112
f 1305/1/2113 1296/2/2113 1052/3/2113
f 1306/1/2114 1296/2/2114 1305/3/2114
f 1306/1/2115 1302/2/2115 1296/3/2115
f 1049/1/2116 1305/2/2116 1052/3/2116
f 1307/1/2117 1305/2/2117 1049/3/2117
f 1307/1/2118 1306/2/2118 1305/3/2118
f 1308/1/2119 1306/2/2119 1307/3/2119
f 1064/1/2120 1269/2/2120 1062/3/2120
f 1309/1/2121 1308/2/2121 1307/3/2121
f 1276/1/2122 1062/2/2122 1272/3/2122
f 1313/1/2123 1276/2/2123 1272/3/2123
f 1313/1/2124 1272/2/2124 1285/3/2124
f 1048/1/2125 1307/2/2125 1049/3/2125
f 1310/1/2126 1307/2/2126 1048/3/2126
f 1310/1/2127 1309/2/2127 1307/3/2127
f 1311/1/2128 1309/2/2128 1310/3/2128
f 1314/1/2129 1310/2/2129 1048/3/2129
f 1315/1/2130 1310/2/2130 1314/3/2130
f 1060/1/2131 1284/2/2131 1058/3/2131
f 1315/1/2132 1311/2/2132 1310/3/2132
f 1314/1/2133 1048/2/2133 1046/3/2133
f 1317/1/2134 1315/2/2134 1314/3/2134
f 1318/1/2135 1315/2/2135 1317/3/2135
f 1286/1/2136 1041/2/2136 1319/3/2136
f 1057/1/2137 1286/2/2137 1319/3/2137
f 1319/1/2138 1056/2/2138 1057/3/2138
f 1046/1/2139 1317/2/2139 1314/3/2139
f 1320/1/2140 1317/2/2140 1046/3/2140
f 1320/1/2141 1318/2/2141 1317/3/2141
f 1271/1/2142 1274/2/2142 1056/3/2142
f 1322/1/2143 1046/2/2143 1321/3/2143
f 1322/1/2144 1320/2/2144 1046/3/2144
f 1323/1/2145 1322/2/2145 1321/3/2145
f 1324/1/2146 1322/2/2146 1323/3/2146
f 1321/1/2147 1046/2/2147 1045/3/2147
f 1323/1/2148 1321/2/2148 1045/3/2148
f 1325/1/2149 1324/2/2149 1323/3/2149
f 1326/1/2150 1323/2/2150 1045/3/2150
f 1326/1/2151 1325/2/2151 1323/3/2151
f 1327/1/2152 1325/2/2152 1326/3/2152
f 1281/1/2153 1280/2/2153 1293/3/2153
f 1293/1/2154 1280/2/2154 1051/3/2154
f 1326/1/2155 1045/2/2155 1044/3/2155
f 1328/1/2156 1327/2/2156 1326/3/2156
f 1294/1/2157 1293/2/2157 1051/3/2157
f 1293/1/2158 1294/2/2158 1295/3/2158
f 1299/1/2159 1298/2/2159 1294/3/2159
f 1329/1/2160 1326/2/2160 1044/3/2160
f 1329/1/2161 1328/2/2161 1326/3/2161
f 1330/1/2162 1328/2/2162 1329/3/2162
f 1298/1/2163 1300/2/2163 1301/3/2163
f 1298/1/2164 1299/2/2164 1300/3/2164
f 1269/1/2165 1329/2/2165 1044/3/2165
f 1269/1/2166 1044/2/2166 1282/3/2166
f 1064/1/2167 1329/2/2167 1269/3/2167
f 1064/1/2168 1330/2/2168 1329/3/2168
f 1303/1/2169 1300/2/2169 1053/3/2169
f 1303/1/2170 1301/2/2170 1300/3/2170
f 1303/1/2171 1304/2/2171 1301/3/2171
f 1269/1/2172 1282/2/2172 1270/3/2172
f 1043/1/2173 1285/2/2173 1283/3/2173
f 1270/1/2174 1285/2/2174 1272/3/2174
f 448/1/2175 1273/2/2175 1038/3/2175
f 1042/1/2176 1312/2/2176 1285/3/2176
f 1042/1/2177 1285/2/2177 1043/3/2177
f 1313/1/2178 1285/2/2178 1312/3/2178
f 450/1/2179 1273/2/2179 448/3/2179
f 450/1/2180 1274/2/2180 1273/3/2180
f 1313/1/2181 1060/2/2181 1276/3/2181
f 1313/1/2182 1312/2/2182 1284/3/2182
f 1313/1/2183 1284/2/2183 1060/3/2183
f 1284/1/2184 1316/2/2184 1058/3/2184
f 1040/1/2185 1286/2/2185 1316/3/2185
f 1058/1/2186 1316/2/2186 1286/3/2186
f 1286/1/2187 1057/2/2187 1058/3/2187
f 1300/1/2188 1299/2/2188 1053/3/2188
f 1332/1/2189 1334/2/2189 1331/3/2189
f 1337/1/2190 1332/2/2190 1333/3/2190
f 1336/1/2191 1334/2/2191 1332/3/2191
f 1343/1/2192 1340/2/2192 1333/3/2192
f 1331/1/2193 1335/2/2193 1342/3/2193
f 1333/1/2194 1339/2/2194 1338/3/2194
f 1333/1/2195 1340/2/2195 1339/3/2195
f 405/1/2196 1333/2/2196 1338/3/2196
f 1342/1/2197 1343/2/2197 1333/3/2197
f 1335/1/2198 1341/2/2198 1342/3/2198
f 1336/1/2199 1332/2/2199 1337/3/2199
f 1341/1/2200 1343/2/2200 1342/3/2200
f 399/1/2201 1337/2/2201 1333/3/2201
f 1331/1/2202 1342/2/2202 1333/3/2202
f 1331/1/2203 1333/2/2203 1332/3/2203
f 1349/1/2204 1331/2/2204 1334/3/2204
f 1344/1/2205 1349/2/2205 1334/3/2205
f 1344/1/2206 1334/2/2206 1336/3/2206
f 392/1/2207 405/2/2207 1338/3/2207
f 1345/1/2208 1344/2/2208 1336/3/2208
f 1346/1/2209 392/2/2209 1338/3/2209
f 1345/1/2210 1336/2/2210 1337/3/2210
f 1346/1/2211 1338/2/2211 1339/3/2211
f 386/1/2212 1345/2/2212 1337/3/2212
f 1347/1/2213 1339/2/2213 1340/3/2213
f 1347/1/2214 1346/2/2214 1339/3/2214
f 386/1/2215 1337/2/2215 399/3/2215
f 1347/1/2216 1340/2/2216 1343/3/2216
f 1097/1/2217 1347/2/2217 1343/3/2217
f 1097/1/2218 1343/2/2218 1341/3/2218
f 1348/1/2219 1097/2/2219 1341/3/2219
f 1348/1/2220 1341/2/2220 1335/3/2220
f 1188/1/2221 1348/2/2221 1335/3/2221
f 1188/1/2222 1335/2/2222 1331/3/2222
f 1349/1/2223 1188/2/2223 1331/3/2223
f 1185/1/2224 1349/2/2224 1344/3/2224
f 1172/1/2225 1185/2/2225 1344/3/2225
f 1172/1/2226 1344/2/2226 1345/3/2226
f 1125/1/2227 392/2/2227 1346/3/2227
f 1125/1/2228 390/2/2228 392/3/2228
f 1158/1/2229 1172/2/2229 1345/3/2229
f 1158/1/2230 1345/2/2230 386/3/2230
f 1125/1/2231 1346/2/2231 1347/3/2231
f 385/1/2232 1158/2/2232 386/3/2232
f 1109/1/2233 1125/2/2233 1347/3/2233
f 1109/1/2234 1347/2/2234 1097/3/2234
f 1188/1/2235 1097/2/2235 1348/3/2235
f 1185/1/2236 1188/2/2236 1349/3/2236
f 1397/1/2237 1356/2/2237 1352/3/2237
f 1262/1/2238 1356/2/2238 1397/3/2238
f 1351/1/2239 1350/2/2239 1359/3/2239
f 1350/1/2240 1363/2/2240 1359/3/2240
f 1355/1/2241 1006/2/2241 1007/3/2241
f 1360/1/2242 1257/2/2242 1258/3/2242
f 1358/1/2243 1257/2/2243 1360/3/2243
f 1355/1/2244 1361/2/2244 1006/3/2244
f 1490/1/2245 1360/2/2245 1362/3/2245
f 1357/1/2246 1361/2/2246 1355/3/2246
f 1363/1/2247 1366/2/2247 1359/3/2247
f 1359/1/2248 1366/2/2248 1364/3/2248
f 1360/1/2249 1258/2/2249 1260/3/2249
f 1357/1/2250 1352/2/2250 1361/3/2250
f 1364/1/2251 1366/2/2251 1369/3/2251
f 1362/1/2252 1531/2/2252 1367/3/2252
f 1006/1/2253 1520/2/2253 1398/3/2253
f 1361/1/2254 1520/2/2254 1006/3/2254
f 1361/1/2255 1370/2/2255 1520/3/2255
f 1531/1/2256 1260/2/2256 1261/3/2256
f 1367/1/2257 1531/2/2257 1373/3/2257
f 1361/1/2258 1372/2/2258 1370/3/2258
f 1352/1/2259 1372/2/2259 1361/3/2259
f 1369/1/2260 1374/2/2260 1376/3/2260
f 1352/1/2261 1375/2/2261 1372/3/2261
f 1369/1/2262 1376/2/2262 1008/3/2262
f 1356/1/2263 1375/2/2263 1352/3/2263
f 1262/1/2264 1263/2/2264 1356/3/2264
f 1356/1/2265 1263/2/2265 1375/3/2265
f 1500/1/2266 1378/2/2266 1415/3/2266
f 1036/1/2267 1378/2/2267 1500/3/2267
f 1502/1/2268 1036/2/2268 1500/3/2268
f 1382/1/2269 1259/2/2269 1383/3/2269
f 1383/1/2270 1384/2/2270 1385/3/2270
f 1386/1/2271 1381/2/2271 1375/3/2271
f 1385/1/2272 1541/2/2272 1388/3/2272
f 1386/1/2273 1375/2/2273 1390/3/2273
f 1511/1/2274 1021/2/2274 1510/3/2274
f 1020/1/2275 1021/2/2275 1511/3/2275
f 1512/1/2276 1389/2/2276 1511/3/2276
f 1020/1/2277 1389/2/2277 1019/3/2277
f 1396/1/2278 1387/2/2278 1386/3/2278
f 1393/1/2279 1547/2/2279 1394/3/2279
f 1386/1/2280 1390/2/2280 1396/3/2280
f 1396/1/2281 1390/2/2281 1265/3/2281
f 1394/1/2282 1548/2/2282 1395/3/2282
f 1395/1/2283 1262/2/2283 1397/3/2283
f 1523/1/2284 1549/2/2284 1520/3/2284
f 1005/1/2285 1549/2/2285 1004/3/2285
f 1525/1/2286 1401/2/2286 1523/3/2286
f 1004/1/2287 1401/2/2287 1003/3/2287
f 1353/1/2288 1002/2/2288 1003/3/2288
f 1353/1/2289 1402/2/2289 1002/3/2289
f 1400/1/2290 1405/2/2290 1403/3/2290
f 1354/1/2291 1402/2/2291 1353/3/2291
f 1360/1/2292 1260/2/2292 1365/3/2292
f 1365/1/2293 1260/2/2293 1531/3/2293
f 1354/1/2294 1404/2/2294 1402/3/2294
f 1531/1/2295 1261/2/2295 1371/3/2295
f 1399/1/2296 1404/2/2296 1354/3/2296
f 1405/1/2297 1409/2/2297 1403/3/2297
f 1403/1/2298 1409/2/2298 1406/3/2298
f 1399/1/2299 1407/2/2299 1404/3/2299
f 192/1/2300 1408/2/2300 1037/3/2300
f 1396/1/2301 1407/2/2301 1399/3/2301
f 192/1/2302 313/2/2302 1408/3/2302
f 1396/1/2303 1410/2/2303 1407/3/2303
f 1406/1/2304 1409/2/2304 1412/3/2304
f 1265/1/2305 1410/2/2305 1396/3/2305
f 315/1/2306 1418/2/2306 313/3/2306
f 1408/1/2307 1377/2/2307 1037/3/2307
f 316/1/2308 1418/2/2308 315/3/2308
f 1402/1/2309 1413/2/2309 1002/3/2309
f 1002/1/2310 1413/2/2310 1001/3/2310
f 1412/1/2311 1414/2/2311 1416/3/2311
f 1408/1/2312 1415/2/2312 1377/3/2312
f 316/1/2313 1419/2/2313 1418/3/2313
f 1412/1/2314 1416/2/2314 991/3/2314
f 313/1/2315 1417/2/2315 1408/3/2315
f 1408/1/2316 1417/2/2316 1415/3/2316
f 150/1/2317 1256/2/2317 316/3/2317
f 1431/1/2318 1410/2/2318 1265/3/2318
f 1402/1/2319 1404/2/2319 1413/3/2319
f 313/1/2320 1418/2/2320 1417/3/2320
f 316/1/2321 1256/2/2321 1419/3/2321
f 1420/1/2322 1418/2/2322 1419/3/2322
f 1418/1/2323 1421/2/2323 1417/3/2323
f 1420/1/2324 1421/2/2324 1418/3/2324
f 1420/1/2325 1425/2/2325 1421/3/2325
f 1423/1/2326 1425/2/2326 1420/3/2326
f 1001/1/2327 1424/2/2327 1000/3/2327
f 1413/1/2328 1424/2/2328 1001/3/2328
f 1423/1/2329 1420/2/2329 1428/3/2329
f 1404/1/2330 1426/2/2330 1413/3/2330
f 1413/1/2331 1426/2/2331 1424/3/2331
f 1407/1/2332 1429/2/2332 1404/3/2332
f 1404/1/2333 1429/2/2333 1426/3/2333
f 1423/1/2334 1427/2/2334 1425/3/2334
f 1430/1/2335 1427/2/2335 1423/3/2335
f 1407/1/2336 1431/2/2336 1429/3/2336
f 1410/1/2337 1431/2/2337 1407/3/2337
f 1430/1/2338 1423/2/2338 1433/3/2338
f 1430/1/2339 1432/2/2339 1427/3/2339
f 1000/1/2340 1436/2/2340 999/3/2340
f 1424/1/2341 1436/2/2341 1000/3/2341
f 1434/1/2342 1437/2/2342 1439/3/2342
f 1426/1/2343 1438/2/2343 1424/3/2343
f 1424/1/2344 1438/2/2344 1436/3/2344
f 1504/1/2345 1035/2/2345 1380/3/2345
f 1504/1/2346 1440/2/2346 1035/3/2346
f 1426/1/2347 1429/2/2347 1438/3/2347
f 1432/1/2348 1440/2/2348 1504/3/2348
f 1432/1/2349 1443/2/2349 1440/3/2349
f 999/1/2350 1436/2/2350 1444/3/2350
f 999/1/2351 1444/2/2351 998/3/2351
f 1439/1/2352 1441/2/2352 1442/3/2352
f 1430/1/2353 1443/2/2353 1432/3/2353
f 1430/1/2354 1445/2/2354 1443/3/2354
f 1441/1/2355 1446/2/2355 1442/3/2355
f 1517/1/2356 1442/2/2356 1447/3/2356
f 1433/1/2357 1445/2/2357 1430/3/2357
f 1442/1/2358 1446/2/2358 1447/3/2358
f 1433/1/2359 1448/2/2359 1445/3/2359
f 1255/1/2360 1448/2/2360 1433/3/2360
f 1517/1/2361 1447/2/2361 1449/3/2361
f 1447/1/2362 1446/2/2362 1449/3/2362
f 1436/1/2363 1450/2/2363 1444/3/2363
f 1446/1/2364 1452/2/2364 1449/3/2364
f 1440/1/2365 1453/2/2365 1035/3/2365
f 1035/1/2366 1453/2/2366 1034/3/2366
f 1438/1/2367 1454/2/2367 1436/3/2367
f 1436/1/2368 1454/2/2368 1450/3/2368
f 1440/1/2369 1443/2/2369 1453/3/2369
f 1444/1/2370 997/2/2370 998/3/2370
f 1429/1/2371 1456/2/2371 1438/3/2371
f 1438/1/2372 1456/2/2372 1454/3/2372
f 1460/1/2373 1455/2/2373 1458/3/2373
f 1431/1/2374 1459/2/2374 1429/3/2374
f 1429/1/2375 1459/2/2375 1456/3/2375
f 1455/1/2376 1461/2/2376 1457/3/2376
f 1460/1/2377 1461/2/2377 1455/3/2377
f 1460/1/2378 1463/2/2378 1461/3/2378
f 1481/1/2379 1459/2/2379 1431/3/2379
f 1465/1/2380 1463/2/2380 1460/3/2380
f 1444/1/2381 1462/2/2381 997/3/2381
f 1450/1/2382 1462/2/2382 1444/3/2382
f 1034/1/2383 1464/2/2383 1033/3/2383
f 1453/1/2384 1464/2/2384 1034/3/2384
f 1465/1/2385 1460/2/2385 1468/3/2385
f 1450/1/2386 1454/2/2386 1462/3/2386
f 1453/1/2387 1466/2/2387 1464/3/2387
f 1443/1/2388 1466/2/2388 1453/3/2388
f 1445/1/2389 1469/2/2389 1443/3/2389
f 1443/1/2390 1469/2/2390 1466/3/2390
f 1465/1/2391 1467/2/2391 1463/3/2391
f 1470/1/2392 1467/2/2392 1465/3/2392
f 997/1/2393 1462/2/2393 996/3/2393
f 1448/1/2394 1471/2/2394 1445/3/2394
f 1470/1/2395 1465/2/2395 1473/3/2395
f 1445/1/2396 1471/2/2396 1469/3/2396
f 1470/1/2397 1472/2/2397 1467/3/2397
f 1033/1/2398 1475/2/2398 1032/3/2398
f 1462/1/2399 1476/2/2399 996/3/2399
f 1464/1/2400 1475/2/2400 1033/3/2400
f 1350/1/2401 1474/2/2401 1363/3/2401
f 1466/1/2402 1477/2/2402 1464/3/2402
f 1464/1/2403 1477/2/2403 1475/3/2403
f 1454/1/2404 1478/2/2404 1462/3/2404
f 1462/1/2405 1478/2/2405 1476/3/2405
f 1466/1/2406 1469/2/2406 1477/3/2406
f 1454/1/2407 1480/2/2407 1478/3/2407
f 1456/1/2408 1480/2/2408 1454/3/2408
f 996/1/2409 1476/2/2409 995/3/2409
f 1363/1/2410 1479/2/2410 1366/3/2410
f 1459/1/2411 1481/2/2411 1456/3/2411
f 1456/1/2412 1481/2/2412 1480/3/2412
f 1488/1/2413 1471/2/2413 1448/3/2413
f 1479/1/2414 1482/2/2414 1366/3/2414
f 1369/1/2415 1366/2/2415 1368/3/2415
f 1366/1/2416 1482/2/2416 1368/3/2416
f 1475/1/2417 1031/2/2417 1032/3/2417
f 1476/1/2418 1483/2/2418 995/3/2418
f 1369/1/2419 1368/2/2419 1374/3/2419
f 1368/1/2420 1482/2/2420 1374/3/2420
f 1476/1/2421 1478/2/2421 1483/3/2421
f 1482/1/2422 1484/2/2422 1374/3/2422
f 1475/1/2423 1487/2/2423 1031/3/2423
f 995/1/2424 1483/2/2424 994/3/2424
f 1477/1/2425 1485/2/2425 1475/3/2425
f 1475/1/2426 1485/2/2426 1487/3/2426
f 1469/1/2427 1486/2/2427 1477/3/2427
f 1477/1/2428 1486/2/2428 1485/3/2428
f 1031/1/2429 1487/2/2429 1030/3/2429
f 1381/1/2430 1372/2/2430 1375/3/2430
f 1372/1/2431 1489/2/2431 1370/3/2431
f 1381/1/2432 1489/2/2432 1372/3/2432
f 1469/1/2433 1488/2/2433 1486/3/2433
f 1471/1/2434 1488/2/2434 1469/3/2434
f 1483/1/2435 1403/2/2435 994/3/2435
f 1483/1/2436 1400/2/2436 1403/3/2436
f 1381/1/2437 1491/2/2437 1489/3/2437
f 1387/1/2438 1491/2/2438 1381/3/2438
f 1478/1/2439 1490/2/2439 1483/3/2439
f 1483/1/2440 1490/2/2440 1400/3/2440
f 1487/1/2441 1492/2/2441 1030/3/2441
f 1387/1/2442 1381/2/2442 1386/3/2442
f 1480/1/2443 1358/2/2443 1478/3/2443
f 1478/1/2444 1358/2/2444 1490/3/2444
f 1481/1/2445 1257/2/2445 1480/3/2445
f 1480/1/2446 1257/2/2446 1358/3/2446
f 1487/1/2447 1485/2/2447 1492/3/2447
f 1387/1/2448 1493/2/2448 1491/3/2448
f 1399/1/2449 1493/2/2449 1387/3/2449
f 1030/1/2450 1492/2/2450 1029/3/2450
f 1399/1/2451 1387/2/2451 1396/3/2451
f 1399/1/2452 1354/2/2452 1493/3/2452
f 1492/1/2453 1494/2/2453 1029/3/2453
f 1400/1/2454 1490/2/2454 1405/3/2454
f 1492/1/2455 1495/2/2455 1494/3/2455
f 1485/1/2456 1495/2/2456 1492/3/2456
f 1405/1/2457 1362/2/2457 1409/3/2457
f 1486/1/2458 1496/2/2458 1485/3/2458
f 1485/1/2459 1496/2/2459 1495/3/2459
f 1029/1/2460 1494/2/2460 1028/3/2460
f 1362/1/2461 1367/2/2461 1409/3/2461
f 1486/1/2462 1497/2/2462 1496/3/2462
f 1488/1/2463 1497/2/2463 1486/3/2463
f 1412/1/2464 1409/2/2464 1411/3/2464
f 1409/1/2465 1367/2/2465 1411/3/2465
f 1416/1/2466 198/2/2466 991/3/2466
f 1412/1/2467 1411/2/2467 1414/3/2467
f 1411/1/2468 1367/2/2468 1414/3/2468
f 1494/1/2469 1498/2/2469 1028/3/2469
f 1414/1/2470 202/2/2470 1416/3/2470
f 1416/1/2471 202/2/2471 198/3/2471
f 1373/1/2472 202/2/2472 1414/3/2472
f 1367/1/2473 1373/2/2473 1414/3/2473
f 1373/1/2474 206/2/2474 202/3/2474
f 1371/1/2475 206/2/2475 1373/3/2475
f 1371/1/2476 207/2/2476 206/3/2476
f 1494/1/2477 1495/2/2477 1498/3/2477
f 1261/1/2478 207/2/2478 1371/3/2478
f 1261/1/2479 209/2/2479 207/3/2479
f 1503/1/2480 1497/2/2480 1488/3/2480
f 1028/1/2481 1498/2/2481 1027/3/2481
f 1255/1/2482 1499/2/2482 1256/3/2482
f 1500/1/2483 1415/2/2483 1417/3/2483
f 1498/1/2484 1435/2/2484 1027/3/2484
f 1498/1/2485 1434/2/2485 1435/3/2485
f 1502/1/2486 1500/2/2486 1425/3/2486
f 1495/1/2487 1437/2/2487 1498/3/2487
f 1498/1/2488 1437/2/2488 1434/3/2488
f 1496/1/2489 1501/2/2489 1495/3/2489
f 1495/1/2490 1501/2/2490 1437/3/2490
f 1497/1/2491 1503/2/2491 1496/3/2491
f 1496/1/2492 1503/2/2492 1501/3/2492
f 1432/1/2493 1502/2/2493 1427/3/2493
f 1504/1/2494 1502/2/2494 1432/3/2494
f 1266/1/2495 1505/2/2495 1264/3/2495
f 1437/1/2496 1501/2/2496 1382/3/2496
f 1439/1/2497 1437/2/2497 1441/3/2497
f 1441/1/2498 1382/2/2498 1383/3/2498
f 1446/1/2499 1383/2/2499 1385/3/2499
f 1451/1/2500 1023/2/2500 1024/3/2500
f 1451/1/2501 1506/2/2501 1023/3/2501
f 1449/1/2502 1506/2/2502 1451/3/2502
f 1452/1/2503 1385/2/2503 1388/3/2503
f 1452/1/2504 1507/2/2504 1449/3/2504
f 1449/1/2505 1507/2/2505 1506/3/2505
f 1388/1/2506 1508/2/2506 1452/3/2506
f 1452/1/2507 1508/2/2507 1507/3/2507
f 1388/1/2508 1509/2/2508 1508/3/2508
f 1541/1/2509 1509/2/2509 1388/3/2509
f 1023/1/2510 1506/2/2510 1022/3/2510
f 1511/1/2511 1510/2/2511 1457/3/2511
f 1256/1/2512 1422/2/2512 1419/3/2512
f 1022/1/2513 1510/2/2513 1021/3/2513
f 1512/1/2514 1511/2/2514 1463/3/2514
f 1506/1/2515 1510/2/2515 1022/3/2515
f 1506/1/2516 1457/2/2516 1510/3/2516
f 1507/1/2517 1457/2/2517 1506/3/2517
f 1507/1/2518 1455/2/2518 1457/3/2518
f 1508/1/2519 1455/2/2519 1507/3/2519
f 1508/1/2520 1458/2/2520 1455/3/2520
f 1509/1/2521 1458/2/2521 1508/3/2521
f 1541/1/2522 1264/2/2522 1509/3/2522
f 1509/1/2523 1264/2/2523 1458/3/2523
f 1472/1/2524 1512/2/2524 1467/3/2524
f 1513/1/2525 1512/2/2525 1472/3/2525
f 1255/1/2526 1433/2/2526 1499/3/2526
f 1474/1/2527 1514/2/2527 1393/3/2527
f 1435/1/2528 1515/2/2528 1027/3/2528
f 1027/1/2529 1515/2/2529 1026/3/2529
f 1363/1/2530 1474/2/2530 1479/3/2530
f 1479/1/2531 1393/2/2531 1394/3/2531
f 1515/1/2532 1516/2/2532 1026/3/2532
f 1026/1/2533 1516/2/2533 1025/3/2533
f 1516/1/2534 1517/2/2534 1025/3/2534
f 1482/1/2535 1394/2/2535 1395/3/2535
f 1025/1/2536 1517/2/2536 1024/3/2536
f 1484/1/2537 1395/2/2537 1397/3/2537
f 1513/1/2538 1018/2/2538 1391/3/2538
f 1513/1/2539 1518/2/2539 1018/3/2539
f 1472/1/2540 1518/2/2540 1513/3/2540
f 1472/1/2541 1519/2/2541 1518/3/2541
f 1470/1/2542 1519/2/2542 1472/3/2542
f 1470/1/2543 1521/2/2543 1519/3/2543
f 1523/1/2544 1520/2/2544 1370/3/2544
f 1473/1/2545 1521/2/2545 1470/3/2545
f 1473/1/2546 1522/2/2546 1521/3/2546
f 1266/1/2547 1522/2/2547 1473/3/2547
f 1525/1/2548 1523/2/2548 1491/3/2548
f 1518/1/2549 1524/2/2549 1018/3/2549
f 1018/1/2550 1524/2/2550 1017/3/2550
f 1518/1/2551 1519/2/2551 1524/3/2551
f 1266/1/2552 1473/2/2552 1505/3/2552
f 1354/1/2553 1525/2/2553 1493/3/2553
f 1353/1/2554 1525/2/2554 1354/3/2554
f 1017/1/2555 1526/2/2555 1016/3/2555
f 1351/1/2556 1359/2/2556 1011/3/2556
f 1011/1/2557 1359/2/2557 1010/3/2557
f 1017/1/2558 1527/2/2558 1526/3/2558
f 1524/1/2559 1527/2/2559 1017/3/2559
f 1490/1/2560 1358/2/2560 1360/3/2560
f 1405/1/2561 1490/2/2561 1362/3/2561
f 1524/1/2562 1528/2/2562 1527/3/2562
f 1519/1/2563 1528/2/2563 1524/3/2563
f 1359/1/2564 1364/2/2564 1010/3/2564
f 1010/1/2565 1364/2/2565 1009/3/2565
f 1362/1/2566 1360/2/2566 1365/3/2566
f 1521/1/2567 1529/2/2567 1519/3/2567
f 1519/1/2568 1529/2/2568 1528/3/2568
f 1364/1/2569 1369/2/2569 1009/3/2569
f 1522/1/2570 1530/2/2570 1521/3/2570
f 1521/1/2571 1530/2/2571 1529/3/2571
f 1362/1/2572 1365/2/2572 1531/3/2572
f 1009/1/2573 1369/2/2573 1008/3/2573
f 1526/1/2574 1532/2/2574 1016/3/2574
f 1526/1/2575 1533/2/2575 1532/3/2575
f 1527/1/2576 1533/2/2576 1526/3/2576
f 1373/1/2577 1531/2/2577 1371/3/2577
f 1527/1/2578 1534/2/2578 1533/3/2578
f 1528/1/2579 1534/2/2579 1527/3/2579
f 1528/1/2580 1529/2/2580 1534/3/2580
f 1016/1/2581 1532/2/2581 1015/3/2581
f 1390/1/2582 1375/2/2582 1263/3/2582
f 1378/1/2583 1377/2/2583 1415/3/2583
f 1539/1/2584 1530/2/2584 1522/3/2584
f 1421/1/2585 1500/2/2585 1417/3/2585
f 1532/1/2586 1535/2/2586 1015/3/2586
f 1425/1/2587 1500/2/2587 1421/3/2587
f 1533/1/2588 1536/2/2588 1532/3/2588
f 1532/1/2589 1536/2/2589 1535/3/2589
f 1427/1/2590 1502/2/2590 1425/3/2590
f 1379/1/2591 1036/2/2591 1502/3/2591
f 1534/1/2592 1537/2/2592 1533/3/2592
f 1533/1/2593 1537/2/2593 1536/3/2593
f 1535/1/2594 1014/2/2594 1015/3/2594
f 1504/1/2595 1379/2/2595 1502/3/2595
f 1534/1/2596 1538/2/2596 1537/3/2596
f 1529/1/2597 1538/2/2597 1534/3/2597
f 1504/1/2598 1380/2/2598 1379/3/2598
f 1530/1/2599 1539/2/2599 1529/3/2599
f 1529/1/2600 1539/2/2600 1538/3/2600
f 994/1/2601 1403/2/2601 993/3/2601
f 1501/1/2602 1503/2/2602 1382/3/2602
f 1437/1/2603 1382/2/2603 1441/3/2603
f 1535/1/2604 1540/2/2604 1014/3/2604
f 1403/1/2605 1406/2/2605 993/3/2605
f 1536/1/2606 1540/2/2606 1535/3/2606
f 993/1/2607 1406/2/2607 992/3/2607
f 1382/1/2608 1503/2/2608 1259/3/2608
f 1536/1/2609 1537/2/2609 1540/3/2609
f 1406/1/2610 1412/2/2610 992/3/2610
f 1383/1/2611 1259/2/2611 1384/3/2611
f 1441/1/2612 1383/2/2612 1446/3/2612
f 1014/1/2613 1540/2/2613 1013/3/2613
f 992/1/2614 1412/2/2614 991/3/2614
f 1446/1/2615 1385/2/2615 1452/3/2615
f 1385/1/2616 1384/2/2616 1541/3/2616
f 1540/1/2617 1542/2/2617 1013/3/2617
f 1422/1/2618 1420/2/2618 1419/3/2618
f 1537/1/2619 1543/2/2619 1540/3/2619
f 1540/1/2620 1543/2/2620 1542/3/2620
f 1537/1/2621 1544/2/2621 1543/3/2621
f 1538/1/2622 1544/2/2622 1537/3/2622
f 1013/1/2623 1542/2/2623 1012/3/2623
f 1428/1/2624 1420/2/2624 1422/3/2624
f 1461/1/2625 1511/2/2625 1457/3/2625
f 1428/1/2626 1422/2/2626 1499/3/2626
f 1538/1/2627 1545/2/2627 1544/3/2627
f 1499/1/2628 1422/2/2628 1256/3/2628
f 1539/1/2629 1545/2/2629 1538/3/2629
f 1463/1/2630 1511/2/2630 1461/3/2630
f 1389/1/2631 1020/2/2631 1511/3/2631
f 1542/1/2632 1546/2/2632 1012/3/2632
f 1433/1/2633 1423/2/2633 1428/3/2633
f 1467/1/2634 1512/2/2634 1463/3/2634
f 1428/1/2635 1499/2/2635 1433/3/2635
f 1542/1/2636 1543/2/2636 1546/3/2636
f 1513/1/2637 1389/2/2637 1512/3/2637
f 1389/1/2638 1391/2/2638 1019/3/2638
f 1513/1/2639 1391/2/2639 1389/3/2639
f 1012/1/2640 1546/2/2640 1011/3/2640
f 1435/1/2641 1434/2/2641 1515/3/2641
f 1434/1/2642 1439/2/2642 1515/3/2642
f 1539/1/2643 1392/2/2643 1545/3/2643
f 1514/1/2644 1392/2/2644 1393/3/2644
f 1474/1/2645 1393/2/2645 1479/3/2645
f 1439/1/2646 1442/2/2646 1515/3/2646
f 1546/1/2647 1351/2/2647 1011/3/2647
f 1515/1/2648 1442/2/2648 1516/3/2648
f 1546/1/2649 1350/2/2649 1351/3/2649
f 1393/1/2650 1392/2/2650 1547/3/2650
f 1543/1/2651 1474/2/2651 1546/3/2651
f 1546/1/2652 1474/2/2652 1350/3/2652
f 1516/1/2653 1442/2/2653 1517/3/2653
f 1394/1/2654 1547/2/2654 1548/3/2654
f 1544/1/2655 1514/2/2655 1543/3/2655
f 1543/1/2656 1514/2/2656 1474/3/2656
f 1479/1/2657 1394/2/2657 1482/3/2657
f 1545/1/2658 1392/2/2658 1544/3/2658
f 1544/1/2659 1392/2/2659 1514/3/2659
f 1482/1/2660 1395/2/2660 1484/3/2660
f 1517/1/2661 1449/2/2661 1451/3/2661
f 1517/1/2662 1451/2/2662 1024/3/2662
f 1395/1/2663 1548/2/2663 1262/3/2663
f 1005/1/2664 1398/2/2664 1549/3/2664
f 1549/1/2665 1398/2/2665 1520/3/2665
f 1468/1/2666 1460/2/2666 1458/3/2666
f 1489/1/2667 1523/2/2667 1370/3/2667
f 1505/1/2668 1458/2/2668 1264/3/2668
f 1468/1/2669 1458/2/2669 1505/3/2669
f 1491/1/2670 1523/2/2670 1489/3/2670
f 1004/1/2671 1549/2/2671 1401/3/2671
f 1401/1/2672 1549/2/2672 1523/3/2672
f 1473/1/2673 1465/2/2673 1468/3/2673
f 1493/1/2674 1525/2/2674 1491/3/2674
f 1376/1/2675 1007/2/2675 1008/3/2675
f 1468/1/2676 1505/2/2676 1473/3/2676
f 1376/1/2677 1355/2/2677 1007/3/2677
f 1374/1/2678 1355/2/2678 1376/3/2678
f 1374/1/2679 1357/2/2679 1355/3/2679
f 1353/1/2680 1401/2/2680 1525/3/2680
f 1003/1/2681 1401/2/2681 1353/3/2681
f 1484/1/2682 1357/2/2682 1374/3/2682
f 1484/1/2683 1352/2/2683 1357/3/2683
f 1397/1/2684 1352/2/2684 1484/3/2684
f 1553/1/1375 1550/2/1375 1551/3/1375
f 1554/1/1375 1553/2/1375 1555/3/1375
f 1554/1/1375 1550/2/1375 1553/3/1375
f 1557/1/1375 1552/2/1375 1550/3/1375
f 1557/1/1375 1550/2/1375 1554/3/1375
f 1557/1/1375 1554/2/1375 1556/3/1375
f 107/1/1375 1557/2/1375 1558/3/1375
f 107/1/1375 1552/2/1375 1557/3/1375
f 109/1/1375 1552/2/1375 107/3/1375
f 109/1/1375 1559/2/1375 1552/3/1375
f 109/1/1375 1560/2/1375 1559/3/1375
f 112/1/1375 1560/2/1375 109/3/1375
f 112/1/1375 113/2/1375 1560/3/1375
f 112/1/1375 114/2/1375 113/3/1375
f 1562/1/1375 114/2/1375 112/3/1375
f 1562/1/1375 115/2/1375 114/3/1375
f 1565/1/1375 115/2/1375 1562/3/1375
f 1564/1/1375 1561/2/1375 115/3/1375
f 1564/1/1375 1563/2/1375 1561/3/1375
f 1568/1/1375 1564/2/1375 115/3/1375
f 1568/1/1375 1566/2/1375 1564/3/1375
f 1569/1/1375 115/2/1375 1565/3/1375
f 1569/1/1375 1565/2/1375 1567/3/1375
f 1571/1/1375 115/2/1375 1569/3/1375
f 1570/1/1375 115/2/1375 1571/3/1375
f 1570/1/1375 1568/2/1375 115/3/1375
f 1572/1/2685 1552/2/2685 1559/3/2685
f 1572/1/2686 1591/2/2686 1552/3/2686
f 1572/1/2687 1559/2/2687 1560/3/2687
f 1573/1/2688 1572/2/2688 1560/3/2688
f 90/1/2689 1560/2/2689 113/3/2689
f 90/1/2690 1573/2/2690 1560/3/2690
f 1575/1/2691 1574/2/2691 1568/3/2691
f 1575/1/2692 1568/2/2692 1570/3/2692
f 1576/1/2693 115/2/2693 1561/3/2693
f 1576/1/2694 95/2/2694 115/3/2694
f 1577/1/2695 1575/2/2695 1570/3/2695
f 1577/1/2696 1570/2/2696 1571/3/2696
f 1576/1/2697 1561/2/2697 1563/3/2697
f 1577/1/2698 1571/2/2698 1569/3/2698
f 1578/1/2699 1577/2/2699 1569/3/2699
f 1579/1/2700 1576/2/2700 1563/3/2700
f 1579/1/2701 1563/2/2701 1564/3/2701
f 1578/1/2702 1569/2/2702 1567/3/2702
f 1580/1/2703 1578/2/2703 1567/3/2703
f 1581/1/2704 1579/2/2704 1564/3/2704
f 1581/1/2705 1564/2/2705 1566/3/2705
f 1582/1/2706 1580/2/2706 1567/3/2706
f 1582/1/2707 1567/2/2707 1565/3/2707
f 1574/1/2708 1581/2/2708 1566/3/2708
f 1574/1/2709 1566/2/2709 1568/3/2709
f 111/1/2710 1583/2/2710 112/3/2710
f 112/1/2711 1583/2/2711 1562/3/2711
f 1562/1/2712 1583/2/2712 1565/3/2712
f 1583/1/2713 1582/2/2713 1565/3/2713
f 1584/1/2714 1554/2/2714 1555/3/2714
f 1585/1/2715 1555/2/2715 1553/3/2715
f 1585/1/2716 1584/2/2716 1555/3/2716
f 110/1/2717 107/2/2717 1558/3/2717
f 1586/1/2718 110/2/2718 1558/3/2718
f 1587/1/2719 1585/2/2719 1553/3/2719
f 1588/1/2720 1586/2/2720 1558/3/2720
f 1587/1/2721 1553/2/2721 1551/3/2721
f 1588/1/2722 1558/2/2722 1557/3/2722
f 1589/1/2723 1587/2/2723 1551/3/2723
f 1589/1/2724 1551/2/2724 1550/3/2724
f 1590/1/2725 1588/2/2725 1557/3/2725
f 1590/1/2726 1557/2/2726 1556/3/2726
f 1589/1/2727 1550/2/2727 1552/3/2727
f 1591/1/2728 1589/2/2728 1552/3/2728
f 1592/1/2729 1590/2/2729 1556/3/2729
f 1593/1/2730 1556/2/2730 1554/3/2730
f 1593/1/2731 1592/2/2731 1556/3/2731
f 1584/1/2732 1593/2/2732 1554/3/2732
f 1596/1/1375 1594/2/1375 1595/3/1375
f 1600/1/1375 1596/2/1375 1598/3/1375
f 1600/1/1375 1598/2/1375 1599/3/1375
f 1602/1/1375 1594/2/1375 1596/3/1375
f 1602/1/1375 1597/2/1375 1594/3/1375
f 1602/1/1375 1596/2/1375 1600/3/1375
f 1602/1/1375 106/2/1375 1597/3/1375
f 1602/1/1375 1600/2/1375 1601/3/1375
f 1602/1/1375 1603/2/1375 106/3/1375
f 1604/1/1375 1603/2/1375 1602/3/1375
f 1604/1/1375 1605/2/1375 1603/3/1375
f 1606/1/1375 1605/2/1375 1604/3/1375
f 102/1/1375 101/2/1375 99/3/1375
f 1607/1/1375 1605/2/1375 1606/3/1375
f 1607/1/1375 1608/2/1375 1605/3/1375
f 105/1/1375 104/2/1375 102/3/1375
f 1609/1/1375 1608/2/1375 1607/3/1375
f 1609/1/1375 98/2/1375 1608/3/1375
f 103/1/1375 99/2/1375 98/3/1375
f 103/1/1375 98/2/1375 1609/3/1375
f 97/1/1375 105/2/1375 102/3/1375
f 100/1/1375 102/2/1375 99/3/1375
f 100/1/1375 99/2/1375 103/3/1375
f 100/1/1375 97/2/1375 102/3/1375
f 1610/1/2733 103/2/2733 1609/3/2733
f 1610/1/2734 78/2/2734 103/3/2734
f 1610/1/2735 1609/2/2735 1607/3/2735
f 1611/1/2736 1610/2/2736 1607/3/2736
f 1611/1/2737 1607/2/2737 1606/3/2737
f 1612/1/2738 1611/2/2738 1606/3/2738
f 1612/1/2739 1606/2/2739 1604/3/2739
f 1613/1/2740 1612/2/2740 1604/3/2740
f 1613/1/2741 1604/2/2741 1602/3/2741
f 1614/1/2742 1613/2/2742 1602/3/2742
f 1622/1/2743 1596/2/2743 1595/3/2743
f 1615/1/2744 1622/2/2744 1595/3/2744
f 1614/1/2745 1602/2/2745 1601/3/2745
f 1616/1/2746 1614/2/2746 1601/3/2746
f 1615/1/2747 1595/2/2747 1594/3/2747
f 1617/1/2748 1615/2/2748 1594/3/2748
f 1618/1/2749 1616/2/2749 1601/3/2749
f 1618/1/2750 1601/2/2750 1600/3/2750
f 1619/1/2751 1594/2/2751 1597/3/2751
f 1619/1/2752 1617/2/2752 1594/3/2752
f 1620/1/2753 1618/2/2753 1600/3/2753
f 88/1/2754 1619/2/2754 1597/3/2754
f 1620/1/2755 1600/2/2755 1599/3/2755
f 1621/1/2756 1620/2/2756 1599/3/2756
f 1621/1/2757 1599/2/2757 1598/3/2757
f 1622/1/2758 1621/2/2758 1598/3/2758
f 1622/1/2759 1598/2/2759 1596/3/2759
f 1623/1/2760 1624/2/2760 98/3/2760
f 98/1/2761 1624/2/2761 1608/3/2761
f 1608/1/2762 1624/2/2762 1605/3/2762
f 1624/1/2763 86/2/2763 1605/3/2763
f 1605/1/2764 86/2/2764 1603/3/2764
f 86/1/2765 84/2/2765 1603/3/2765
f 1603/1/2766 84/2/2766 106/3/2766
f 84/1/2767 88/2/2767 106/3/2767
f 70/1/2768 1623/2/2768 98/3/2768
f 1098/1/2769 1593/2/2769 1584/3/2769
f 1106/1/2770 1098/2/2770 1584/3/2770
f 1106/1/2771 1584/2/2771 1585/3/2771
f 1112/1/2772 1106/2/2772 1585/3/2772
f 1111/1/2773 110/2/2773 1586/3/2773
f 1112/1/2774 1585/2/2774 1587/3/2774
f 1102/1/2775 1111/2/2775 1586/3/2775
f 1102/1/2776 1586/2/2776 1588/3/2776
f 1123/1/2777 1112/2/2777 1587/3/2777
f 1123/1/2778 1587/2/2778 1589/3/2778
f 1093/1/2779 1102/2/2779 1588/3/2779
f 1093/1/2780 1588/2/2780 1590/3/2780
f 1137/1/2781 1123/2/2781 1589/3/2781
f 1137/1/2782 1589/2/2782 1591/3/2782
f 1091/1/2783 1093/2/2783 1590/3/2783
f 1091/1/2784 1590/2/2784 1592/3/2784
f 1098/1/2785 1091/2/2785 1592/3/2785
f 1098/1/2786 1592/2/2786 1593/3/2786
f 1142/1/2787 1137/2/2787 1591/3/2787
f 1142/1/2788 1591/2/2788 1572/3/2788
f 1177/1/2789 1142/2/2789 1572/3/2789
f 1177/1/2790 1572/2/2790 1573/3/2790
f 91/1/2791 1573/2/2791 90/3/2791
f 91/1/2792 1177/2/2792 1573/3/2792
f 1582/1/2793 1583/2/2793 1155/3/2793
f 1155/1/2794 1583/2/2794 1138/3/2794
f 1138/1/2795 111/2/2795 1122/3/2795
f 1583/1/2796 111/2/2796 1138/3/2796
f 111/1/2797 108/2/2797 1122/3/2797
f 108/1/2798 1111/2/2798 1122/3/2798
f 108/1/2799 110/2/2799 1111/3/2799
f 1114/1/2800 1574/2/2800 1575/3/2800
f 1100/1/2801 1114/2/2801 1575/3/2801
f 1100/1/2802 1575/2/2802 1577/3/2802
f 1149/1/2803 95/2/2803 1576/3/2803
f 1183/1/2804 1100/2/2804 1577/3/2804
f 1156/1/2805 1149/2/2805 1576/3/2805
f 1183/1/2806 1577/2/2806 1578/3/2806
f 1156/1/2807 1576/2/2807 1579/3/2807
f 1171/1/2808 1183/2/2808 1578/3/2808
f 1161/1/2809 1156/2/2809 1579/3/2809
f 1171/1/2810 1578/2/2810 1580/3/2810
f 1155/1/2811 1171/2/2811 1580/3/2811
f 1155/1/2812 1580/2/2812 1582/3/2812
f 1161/1/2813 1579/2/2813 1581/3/2813
f 1131/1/2814 1161/2/2814 1581/3/2814
f 1131/1/2815 1581/2/2815 1574/3/2815
f 1149/1/2816 96/2/2816 95/3/2816
f 1114/1/2817 1131/2/2817 1574/3/2817
f 1144/1/2818 1622/2/2818 1615/3/2818
f 1127/1/2819 1614/2/2819 1616/3/2819
f 1159/1/2820 1144/2/2820 1615/3/2820
f 1119/1/2821 1127/2/2821 1616/3/2821
f 1159/1/2822 1615/2/2822 1617/3/2822
f 1186/1/2823 1159/2/2823 1617/3/2823
f 1120/1/2824 1119/2/2824 1616/3/2824
f 1120/1/2825 1616/2/2825 1618/3/2825
f 1186/1/2826 1617/2/2826 1619/3/2826
f 1187/1/2827 1186/2/2827 1619/3/2827
f 1130/1/2828 1120/2/2828 1618/3/2828
f 1130/1/2829 1618/2/2829 1620/3/2829
f 1136/1/2830 1621/2/2830 1622/3/2830
f 1136/1/2831 1622/2/2831 1144/3/2831
f 1130/1/2832 1620/2/2832 1621/3/2832
f 1187/1/2833 1619/2/2833 88/3/2833
f 1136/1/2834 1130/2/2834 1621/3/2834
f 86/1/2835 1624/2/2835 87/3/2835
f 1624/1/2836 1124/2/2836 87/3/2836
f 1624/1/2837 1623/2/2837 1124/3/2837
f 1610/1/2838 80/2/2838 78/3/2838
f 1164/1/2839 80/2/2839 1610/3/2839
f 1611/1/2840 1164/2/2840 1610/3/2840
f 1148/1/2841 1164/2/2841 1611/3/2841
f 1612/1/2842 1148/2/2842 1611/3/2842
f 1613/1/2843 1148/2/2843 1612/3/2843
f 1135/1/2844 1148/2/2844 1613/3/2844
f 1614/1/2845 1135/2/2845 1613/3/2845
f 1127/1/2846 1135/2/2846 1614/3/2846
f 69/1/2847 1623/2/2847 70/3/2847
f 69/1/2848 1124/2/2848 1623/3/2848
f 1113/1/2849 933/2/2849 938/3/2849
f 938/1/2850 53/2/2850 1113/3/2850
f 52/1/2851 51/2/2851 936/3/2851
f 53/1/2852 938/2/2852 54/3/2852
f 936/1/2853 1169/2/2853 52/3/2853
f 1169/1/2854 936/2/2854 940/3/2854
f 1170/1/2855 1169/2/2855 940/3/2855
f 1170/1/2856 940/2/2856 942/3/2856
f 1168/1/2857 1170/2/2857 942/3/2857
f 1168/1/2858 942/2/2858 943/3/2858
f 1163/1/2859 943/2/2859 945/3/2859
f 1163/1/2860 1168/2/2860 943/3/2860
f 947/1/2861 1163/2/2861 945/3/2861
f 947/1/2862 1157/2/2862 1163/3/2862
f 1157/1/2863 947/2/2863 933/3/2863
f 933/1/2864 1113/2/2864 1157/3/2864
f 1166/1/2865 948/2/2865 953/3/2865
f 953/1/2866 37/2/2866 1166/3/2866
f 36/1/2867 35/2/2867 951/3/2867
f 37/1/2852 953/2/2852 38/3/2852
f 951/1/2868 1088/2/2868 36/3/2868
f 1088/1/2869 951/2/2869 954/3/2869
f 1099/1/2870 1088/2/2870 954/3/2870
f 1099/1/2871 954/2/2871 957/3/2871
f 1092/1/2872 1099/2/2872 957/3/2872
f 1092/1/2873 957/2/2873 958/3/2873
f 1092/1/2874 958/2/2874 960/3/2874
f 960/1/2875 1090/2/2875 1092/3/2875
f 962/1/2876 1090/2/2876 960/3/2876
f 962/1/2877 1174/2/2877 1090/3/2877
f 1174/1/2878 962/2/2878 948/3/2878
f 948/1/2879 1166/2/2879 1174/3/2879
f 1117/1/2849 963/2/2849 968/3/2849
f 968/1/2850 21/2/2850 1117/3/2850
f 20/1/2880 19/2/2880 966/3/2880
f 21/1/2881 968/2/2881 22/3/2881
f 966/1/2882 1180/2/2882 20/3/2882
f 1180/1/2883 966/2/2883 969/3/2883
f 1178/1/2855 1180/2/2855 969/3/2855
f 1178/1/2856 969/2/2856 971/3/2856
f 1160/1/2857 1178/2/2857 971/3/2857
f 1160/1/2858 971/2/2858 972/3/2858
f 1150/1/2884 972/2/2884 974/3/2884
f 1150/1/2860 1160/2/2860 972/3/2860
f 976/1/2885 1150/2/2885 974/3/2885
f 976/1/2886 1143/2/2886 1150/3/2886
f 1143/1/2863 976/2/2863 963/3/2863
f 963/1/2864 1117/2/2864 1143/3/2864
f 1167/1/2887 977/2/2887 982/3/2887
f 982/1/2888 5/2/2888 1167/3/2888
f 4/1/2880 3/2/2880 980/3/2880
f 980/1/2868 1095/2/2868 4/3/2868
f 1095/1/2869 980/2/2869 983/3/2869
f 1108/1/2870 1095/2/2870 983/3/2870
f 1108/1/2871 983/2/2871 985/3/2871
f 1084/1/2889 1108/2/2889 985/3/2889
f 1084/1/2873 985/2/2873 987/3/2873
f 1084/1/2890 987/2/2890 988/3/2890
f 988/1/2891 1182/2/2891 1084/3/2891
f 990/1/2892 1182/2/2892 988/3/2892
f 990/1/2893 1176/2/2893 1182/3/2893
f 1176/1/2894 990/2/2894 977/3/2894
f 977/1/2879 1167/2/2879 1176/3/2879
f 674/1/1375 672/2/1375 676/3/1375
f 678/1/1375 672/2/1375 671/3/1375
f 673/1/1375 672/2/1375 674/3/1375
f 673/1/1375 675/2/1375 672/3/1375
f 965/1/1375 675/2/1375 673/3/1375
f 676/1/1375 678/2/1375 677/3/1375
f 676/1/1375 672/2/1375 678/3/1375
f 965/1/1375 967/2/1375 675/3/1375
f 975/1/1375 970/2/1375 967/3/1375
f 975/1/1375 973/2/1375 970/3/1375
f 975/1/1375 967/2/1375 965/3/1375
f 964/1/1375 975/2/1375 965/3/1375
f 680/1/1375 684/2/1375 682/3/1375
f 680/1/1375 681/2/1375 684/3/1375
f 685/1/1375 681/2/1375 679/3/1375
f 685/1/1375 679/2/1375 686/3/1375
f 680/1/1375 952/2/1375 683/3/1375
f 680/1/1375 683/2/1375 681/3/1375
f 950/1/1375 956/2/1375 955/3/1375
f 950/1/1375 952/2/1375 680/3/1375
f 950/1/1375 955/2/1375 952/3/1375
f 949/1/1375 959/2/1375 956/3/1375
f 949/1/1375 961/2/1375 959/3/1375
f 949/1/1375 956/2/1375 950/3/1375
f 684/1/1375 681/2/1375 685/3/1375
f 688/1/1375 687/2/1375 690/3/1375
f 944/1/1375 941/2/1375 939/3/1375
f 688/1/1375 691/2/1375 689/3/1375
f 688/1/1375 689/2/1375 687/3/1375
f 935/1/1375 691/2/1375 688/3/1375
f 935/1/1375 688/2/1375 937/3/1375
f 935/1/1375 939/2/1375 691/3/1375
f 935/1/1375 944/2/1375 939/3/1375
f 935/1/1375 946/2/1375 944/3/1375
f 935/1/1375 934/2/1375 946/3/1375
f 690/1/1375 687/2/1375 694/3/1375
f 690/1/1375 694/2/1375 693/3/1375
f 690/1/1375 693/2/1375 692/3/1375
f 978/1/1375 984/2/1375 979/3/1375
f 665/1/1375 668/2/1375 667/3/1375
f 665/1/1375 666/2/1375 668/3/1375
f 665/1/1375 981/2/1375 666/3/1375
f 989/1/1375 986/2/1375 984/3/1375
f 979/1/1375 981/2/1375 665/3/1375
f 979/1/1375 984/2/1375 981/3/1375
f 978/1/1375 989/2/1375 984/3/1375
f 668/1/1375 666/2/1375 664/3/1375
f 668/1/1375 664/2/1375 670/3/1375
f 668/1/1375 670/2/1375 669/3/1375
o node2
v 0.031607 0.041549 0.068347
v 0.030107 0.046853 0.069118
v 0.029645 0.043700 0.068340
v 0.030026 0.042919 0.068374
v 0.050283 0.034192 0.070036
v 0.050676 0.033991 0.070645
v 0.050607 0.038330 0.071256
v 0.050792 0.038174 0.071659
v 0.051057 0.037268 0.070999
v 0.051321 0.036869 0.071482
v 0.051272 0.035210 0.071032
v 0.051163 0.035654 0.070652
v 0.050827 0.034721 0.070396
v 0.050398 0.038282 0.070938
v 0.050828 0.036898 0.070621
v 0.050095 0.038268 0.070747
v 0.050665 0.035272 0.070230
v 0.051411 0.036049 0.071159
v 0.046615 0.030093 0.068718
v 0.046408 0.030358 0.068406
v 0.045797 0.030433 0.068148
v 0.045250 0.029884 0.068123
v 0.042480 0.030519 0.068182
v 0.046546 0.029858 0.069053
v 0.045368 0.029478 0.068526
v 0.044131 0.030141 0.067849
v 0.043084 0.029968 0.068284
v 0.043591 0.030723 0.067744
v 0.043970 0.029719 0.068112
v 0.044464 0.029396 0.068518
v 0.042974 0.030584 0.067841
v 0.030322 0.046245 0.068344
v 0.030767 0.046398 0.068351
v 0.030789 0.043574 0.067752
v 0.030695 0.042640 0.067945
v 0.030567 0.042391 0.068287
v 0.030161 0.043423 0.067910
v 0.030260 0.045117 0.067982
v 0.030107 0.044170 0.067875
v 0.029482 0.044404 0.068347
v 0.029782 0.045181 0.068156
v 0.029419 0.045189 0.068626
v 0.029657 0.045980 0.068671
v 0.030484 0.046859 0.068673
v 0.049062 0.040759 0.071039
v 0.049740 0.040082 0.071039
v 0.048886 0.040599 0.071590
v 0.043395 0.046364 0.071797
v 0.040759 0.049062 0.071039
v 0.040082 0.049740 0.071039
v 0.039845 0.049510 0.071535
v 0.049193 0.039535 0.070830
v 0.049510 0.039845 0.071535
v 0.049617 0.034947 0.069917
v 0.030987 0.044742 0.068031
v 0.050147 0.036107 0.070278
v 0.031242 0.045890 0.068330
v 0.031520 0.043728 0.067928
v 0.036928 0.039224 0.068121
v 0.035246 0.049859 0.070032
v 0.036511 0.050140 0.070362
v 0.038566 0.036666 0.067938
v 0.037651 0.049721 0.070516
v 0.042860 0.045348 0.070695
v 0.040365 0.034531 0.067883
v 0.043683 0.031641 0.067944
v 0.044553 0.031017 0.067997
v 0.045851 0.031210 0.068315
v 0.045747 0.043321 0.070901
v 0.049751 0.037676 0.070528
v 0.048507 0.040208 0.070820
v 0.046223 0.043551 0.071795
v 0.040410 0.048709 0.071045
v 0.040583 0.048877 0.071595
v 0.045854 0.043836 0.071407
v 0.046521 0.042857 0.071091
v 0.047181 0.042479 0.071519
v 0.047313 0.041958 0.071040
v 0.048711 0.040424 0.071060
v 0.040276 0.048544 0.070858
v 0.041637 0.047904 0.071415
v 0.041978 0.047670 0.071752
v 0.042228 0.047177 0.071152
v 0.043379 0.046305 0.071428
v 0.044723 0.045087 0.071787
v 0.044413 0.045070 0.071138
v 0.042952 0.046122 0.070908
v 0.044609 0.045096 0.071410
v 0.039535 0.049193 0.070830
v 0.038562 0.050304 0.071041
v 0.038119 0.050831 0.071642
v 0.034081 0.050368 0.070139
v 0.033916 0.050628 0.070688
v 0.034995 0.050973 0.070496
v 0.035144 0.051261 0.071104
v 0.036494 0.051410 0.071383
v 0.036858 0.051141 0.070903
v 0.037589 0.050931 0.071038
v 0.035939 0.051169 0.070661
v 0.034804 0.050381 0.070065
v 0.037241 0.050664 0.070644
v 0.035831 0.050251 0.067601
v 0.036307 0.050489 0.067813
v 0.045568 0.043523 0.068109
v 0.043515 0.045575 0.068089
v 0.050180 0.038050 0.068293
v 0.050499 0.037311 0.068122
v 0.045440 0.031513 0.065872
v 0.035393 0.041583 0.065708
v 0.037160 0.040084 0.065619
v 0.041036 0.036076 0.065653
v 0.036867 0.037463 0.068063
v 0.036237 0.038595 0.067921
v 0.033465 0.040523 0.068019
v 0.033551 0.040787 0.067898
v 0.039728 0.034472 0.068007
v 0.041183 0.032664 0.067988
v 0.035018 0.039145 0.068075
v 0.041052 0.033371 0.067870
v 0.038239 0.035997 0.068088
v 0.034514 0.040225 0.067878
v 0.041566 0.031609 0.068324
v 0.038260 0.036536 0.067939
v 0.030751 0.043145 0.067759
v 0.037620 0.050180 0.067379
v 0.036761 0.050124 0.067040
v 0.036959 0.050412 0.067419
v 0.035790 0.049520 0.066708
v 0.036564 0.049649 0.066755
v 0.037019 0.050570 0.067940
v 0.035246 0.049845 0.067453
v 0.038367 0.049637 0.067286
v 0.035666 0.049830 0.066996
v 0.038286 0.050063 0.068029
v 0.037417 0.049742 0.066948
v 0.037691 0.050382 0.068047
v 0.036222 0.050227 0.067242
v 0.043259 0.045049 0.067112
v 0.043316 0.045514 0.067498
v 0.042474 0.046449 0.067735
v 0.042305 0.046257 0.067307
v 0.041129 0.046858 0.067035
v 0.040970 0.047657 0.067515
v 0.041995 0.046983 0.068160
v 0.040616 0.048121 0.067799
v 0.040022 0.048679 0.068165
v 0.040158 0.048026 0.067213
v 0.044320 0.044270 0.067263
v 0.044385 0.044538 0.067581
v 0.044809 0.043318 0.067024
v 0.047562 0.041342 0.068206
v 0.046706 0.042218 0.067791
v 0.045408 0.043414 0.067460
v 0.048519 0.039762 0.067336
v 0.048182 0.039586 0.067020
v 0.048541 0.040117 0.067783
v 0.050001 0.037800 0.067274
v 0.044541 0.044573 0.068036
v 0.046476 0.041463 0.067012
v 0.050024 0.038257 0.067782
v 0.046917 0.041794 0.067489
v 0.046853 0.041524 0.067221
v 0.050071 0.035935 0.067129
v 0.050084 0.035523 0.067536
v 0.049596 0.036210 0.066695
v 0.050559 0.036537 0.067901
v 0.050286 0.036860 0.067191
v 0.050426 0.037441 0.067694
v 0.049746 0.037472 0.066963
v 0.047561 0.033738 0.065883
v 0.048832 0.035085 0.066407
v 0.049110 0.034574 0.066957
v 0.047974 0.033721 0.066242
v 0.046057 0.032780 0.065181
v 0.046709 0.032110 0.066091
v 0.048237 0.033755 0.066567
v 0.045678 0.031832 0.065406
v 0.046336 0.032070 0.065588
v 0.046158 0.031714 0.065897
v 0.045329 0.032876 0.065016
v 0.044839 0.031705 0.065607
v 0.046016 0.032327 0.065244
v 0.045153 0.032500 0.065004
v 0.044633 0.032395 0.065130
v 0.045222 0.031976 0.065232
v 0.044237 0.032169 0.065507
v 0.040947 0.037069 0.065138
v 0.042790 0.035701 0.065034
v 0.041747 0.035853 0.065232
v 0.043075 0.034914 0.065053
v 0.042663 0.034224 0.065526
v 0.042960 0.034478 0.065191
v 0.039634 0.038087 0.065295
v 0.039255 0.038001 0.065652
v 0.039757 0.038465 0.065123
v 0.040339 0.037065 0.065464
v 0.040729 0.037963 0.065063
v 0.036632 0.041341 0.065136
v 0.038292 0.040606 0.065068
v 0.037378 0.040329 0.065279
v 0.037994 0.040246 0.065112
v 0.032437 0.044550 0.065132
v 0.032726 0.045317 0.064988
v 0.034491 0.043507 0.065040
v 0.033531 0.043239 0.065487
v 0.034478 0.043004 0.065172
v 0.035447 0.041782 0.065443
v 0.032012 0.045160 0.065220
v 0.031805 0.044678 0.065568
v 0.032640 0.046114 0.065213
v 0.031561 0.045565 0.065748
v 0.031597 0.044983 0.065763
v 0.032200 0.044191 0.065533
v 0.032255 0.046357 0.065487
v 0.031884 0.046448 0.065963
v 0.032043 0.045688 0.065240
v 0.036571 0.037112 0.068478
v 0.039238 0.034301 0.068442
v 0.033169 0.040140 0.068445
v 0.034478 0.038918 0.068517
v 0.036417 0.042336 0.065059
v 0.048501 0.035284 0.066235
vn 0.7298 -0.3508 -0.5869
vn 0.8738 0.4264 -0.2339
vn 0.9047 0.3900 -0.1715
vn 0.8743 -0.3082 -0.3751
vn 0.8661 -0.1847 -0.4645
vn 0.6063 0.3517 -0.7133
vn 0.7196 0.4356 -0.5407
vn 0.6601 -0.0317 -0.7505
vn 0.7761 0.1448 -0.6138
vn 0.8070 0.2037 -0.5543
vn 0.9215 0.2262 -0.3156
vn 0.5777 0.1357 -0.8049
vn 0.4915 0.3366 -0.8032
vn 0.9215 -0.0958 -0.3765
vn 0.5948 -0.0661 -0.8011
vn 0.7307 -0.6204 -0.2850
vn 0.6885 -0.4278 -0.5856
vn 0.6281 -0.3365 -0.7016
vn 0.3576 0.0418 -0.9330
vn 0.3887 -0.0012 -0.9214
vn 0.3889 -0.5595 -0.7319
vn 0.4096 -0.5801 -0.7040
vn 0.2008 -0.1558 -0.9672
vn 0.0945 -0.6877 -0.7198
vn 0.4502 -0.7720 -0.4488
vn 0.0724 -0.7358 -0.6733
vn 0.1786 -0.0115 -0.9839
vn -0.3135 -0.8912 -0.3278
vn -0.1747 -0.4718 -0.8642
vn -0.3102 -0.5904 -0.7451
vn 0.0775 -0.5481 -0.8328
vn -0.0928 -0.2594 -0.9613
vn -0.4093 -0.5793 -0.7050
vn 0.3400 -0.2979 -0.8920
vn -0.4668 -0.6220 -0.6287
vn -0.0708 0.1235 -0.9898
vn -0.6044 -0.5188 -0.6047
vn -0.6077 -0.4443 -0.6583
vn -0.7036 -0.3707 -0.6063
vn -0.6194 -0.0813 -0.7809
vn -0.6789 -0.1501 -0.7188
vn -0.3185 0.1571 -0.9348
vn -0.2884 0.3071 -0.9070
vn -0.7814 0.1529 -0.6050
vn -0.0915 0.3090 -0.9467
vn -0.5343 0.5046 -0.6782
vn -0.6214 0.5862 -0.5199
vn -0.7619 0.2626 -0.5920
vn -0.3624 -0.2872 -0.8867
vn -0.2763 -0.0651 -0.9589
vn -0.5277 0.4006 -0.7490
vn -0.5942 0.0318 -0.8037
vn -0.1786 -0.0009 -0.9839
vn -0.1580 0.4984 -0.8524
vn 0.4781 0.3918 -0.7860
vn 0.6329 0.5627 -0.5318
vn 0.6475 0.5637 -0.5128
vn 0.7913 0.5975 -0.1299
vn 0.1911 0.1911 -0.9628
vn 0.1681 0.2016 -0.9649
vn 0.2362 0.2131 -0.9480
vn 0.1718 0.2092 -0.9627
vn 0.2258 0.1940 -0.9547
vn 0.1825 0.2102 -0.9605
vn 0.2345 0.2107 -0.9490
vn 0.2423 0.2038 -0.9486
vn 0.1900 0.1972 -0.9618
vn 0.1542 0.1346 -0.9788
vn 0.1920 0.1893 -0.9630
vn 0.1895 0.2196 -0.9570
vn 0.1909 0.2179 -0.9571
vn 0.1983 0.2272 -0.9535
vn 0.1989 0.2338 -0.9517
vn 0.1717 0.1792 -0.9687
vn 0.2094 0.2196 -0.9529
vn 0.2207 0.2240 -0.9493
vn 0.2208 0.2243 -0.9492
vn 0.2150 0.2059 -0.9547
vn 0.2630 0.2601 -0.9291
vn 0.1921 0.1776 -0.9652
vn 0.1681 0.1723 -0.9706
vn 0.1754 0.1754 -0.9687
vn 0.2288 0.2332 -0.9451
vn 0.1846 0.1914 -0.9640
vn 0.1944 0.1901 -0.9623
vn 0.1995 0.1750 -0.9642
vn 0.2309 0.2329 -0.9447
vn 0.2068 0.1919 -0.9594
vn 0.2251 0.2242 -0.9482
vn 0.2185 0.2169 -0.9514
vn 0.2335 0.2237 -0.9463
vn 0.2179 0.1906 -0.9572
vn 0.2308 0.1793 -0.9563
vn 0.2233 0.2211 -0.9493
vn 0.1903 0.1794 -0.9652
vn -0.6916 0.7222 -0.0101
vn -0.6919 0.7195 -0.0597
vn 0.7089 -0.7052 -0.0083
vn 0.6153 0.6093 -0.5002
vn 0.4062 0.3817 -0.8302
vn 0.6481 0.5949 -0.4754
vn 0.7109 0.6809 -0.1762
vn 0.7411 0.6706 -0.0315
vn 0.6671 0.7253 -0.1700
vn 0.6865 0.7013 -0.1922
vn 0.6973 0.6895 -0.1958
vn 0.7061 0.6884 -0.1660
vn 0.6028 0.5856 -0.5419
vn 0.4603 0.4545 -0.7626
vn 0.6478 0.5974 -0.4727
vn 0.6676 0.5879 -0.4569
vn 0.4710 0.4192 -0.7762
vn 0.6725 0.6075 -0.4226
vn 0.4515 0.4836 -0.7499
vn 0.5756 0.6482 -0.4985
vn 0.6052 0.6554 -0.4519
vn 0.6056 0.6234 -0.4946
vn 0.4571 0.4464 -0.7693
vn 0.6566 0.7392 -0.1498
vn 0.5841 0.7069 -0.3989
vn 0.4514 0.4833 -0.7502
vn 0.5923 0.6177 -0.5174
vn 0.6728 0.7254 -0.1457
vn 0.4696 0.4918 -0.7332
vn 0.6852 0.7139 -0.1444
vn 0.4415 0.4426 -0.7805
vn -0.7052 0.7089 -0.0083
vn 0.7071 -0.6981 0.1126
vn 0.7105 -0.7037 -0.0093
vn 0.3698 0.4757 -0.7981
vn 0.5843 0.6127 -0.5322
vn 0.5780 0.7755 -0.2539
vn 0.3756 0.5794 -0.7234
vn 0.5138 0.7962 -0.3195
vn -0.3439 0.8049 -0.4836
vn -0.3408 0.8796 -0.3320
vn 0.3538 0.9218 -0.1584
vn 0.3120 0.9097 -0.2742
vn -0.0920 0.6055 -0.7905
vn 0.1587 0.4407 -0.8835
vn -0.1182 0.9088 -0.4002
vn 0.0215 0.5840 -0.8115
vn 0.3131 0.6353 -0.7059
vn -0.0477 0.9577 -0.2838
vn 0.2207 0.5968 -0.7714
vn 0.1342 0.9040 -0.4058
vn -0.5696 0.8219 -0.0044
vn 0.4640 0.8538 0.2361
vn 0.3041 0.9190 0.2510
vn 0.2315 0.9483 0.2171
vn -0.2518 0.9559 0.1513
vn -0.1374 0.9798 0.1453
vn -0.4595 0.8876 0.0327
vn 0.7552 0.6073 0.2468
vn 0.7071 0.6280 0.3250
vn 0.7037 0.6553 0.2746
vn 0.6867 0.6885 0.2334
vn 0.6861 0.6893 0.2327
vn 0.6668 0.7090 0.2296
vn 0.6303 0.7325 0.2573
vn 0.6099 0.7384 0.2878
vn 0.5904 0.7653 0.2562
vn 0.7072 -0.7062 -0.0321
vn 0.8987 -0.4327 0.0715
vn 0.8925 -0.4450 0.0742
vn 0.9443 0.1968 0.2638
vn 0.9841 0.0268 0.1753
vn 0.9117 0.3391 0.2320
vn 0.7170 -0.6970 -0.0052
vn 0.7109 -0.7025 -0.0332
vn -0.5458 -0.7846 -0.2940
vn -0.5535 -0.7803 -0.2910
vn -0.1715 -0.9411 -0.2916
vn 0.1822 -0.9716 -0.1511
vn 0.2709 -0.9487 -0.1631
vn 0.6019 -0.7936 -0.0887
vn -0.5938 -0.7276 -0.3434
vn -0.5606 -0.7687 -0.3079
vn -0.6071 -0.7258 -0.3235
vn -0.6249 -0.7186 -0.3051
vn -0.6712 -0.6797 -0.2960
vn -0.6954 -0.6107 -0.3787
vn -0.6915 -0.6401 -0.3348
vn -0.7169 -0.6060 -0.3448
vn -0.7592 -0.5788 -0.2979
vn -0.9562 0.2513 -0.1499
vn -0.9139 0.3730 -0.1600
vn -0.9617 -0.0669 -0.2660
vn -0.8622 -0.4251 -0.2754
vn -0.8668 -0.4146 -0.2772
vn -0.7458 -0.5818 -0.3244
vn -0.7031 0.7111 -0.0038
vn -0.7051 0.7087 -0.0243
vn -0.5325 0.7215 -0.4425
vn -0.4994 0.7157 -0.4882
vn -0.1458 0.5048 -0.8508
vn -0.0982 0.4755 -0.8742
vn 0.0013 -0.0072 -1.0000
vn -0.1655 -0.2511 -0.9537
vn -0.4232 -0.5076 -0.7505
vn -0.5392 -0.4265 -0.7262
vn -0.0094 0.0180 -0.9998
vn -0.2497 -0.2496 -0.9356
vn -0.2299 -0.2460 -0.9416
vn -0.2623 -0.3325 -0.9059
vn -0.1362 -0.0836 -0.9871
vn -0.4937 -0.3695 -0.7872
vn -0.6179 -0.4328 -0.6564
vn -0.0998 -0.0484 -0.9938
vn -0.4537 -0.4935 -0.7420
vn -0.3237 -0.2136 -0.9217
vn -0.2690 -0.2066 -0.9407
vn -0.1819 -0.0972 -0.9785
vn -0.1751 -0.1568 -0.9720
vn -0.3002 -0.2441 -0.9221
vn -0.2556 -0.2590 -0.9314
vn -0.1680 -0.2554 -0.9521
vn -0.1153 -0.1478 -0.9823
vn -0.4543 -0.6168 -0.6428
vn -0.2373 -0.3421 -0.9092
vn 0.0176 -0.0181 -0.9997
vn -0.2207 -0.3163 -0.9226
vn -0.2450 -0.2834 -0.9272
vn 0.3288 0.5807 -0.7448
vn -0.1427 0.6433 -0.7522
vn -0.0356 0.5252 -0.8502
vn -0.2821 0.8870 -0.3657
vn -0.4389 0.7892 -0.4295
vn -0.3730 0.8062 -0.4592
vn 0.5106 0.7688 -0.3851
vn -0.0631 0.8109 -0.5818
vn 0.2540 0.6161 -0.7456
vn 0.4427 0.8442 -0.3021
vn -0.0582 0.9567 -0.2852
vn -0.1319 0.9080 -0.3976
vn 0.2128 0.7220 -0.6583
vn 0.3021 0.9032 -0.3050
vn 0.2974 0.9030 -0.3100
vn -0.1483 0.6620 -0.7347
vn 0.1471 0.4635 -0.8738
vn 0.6634 0.6936 -0.2810
vn 0.2988 0.3135 -0.9014
vn 0.5821 0.6318 -0.5118
vn 0.5697 0.6429 -0.5119
vn 0.6132 0.6956 -0.3743
vn 0.5018 0.5752 -0.6461
vn 0.6541 0.7338 -0.1837
vn 0.3449 0.4184 -0.8402
vn 0.6487 0.7549 -0.0964
vn 0.3270 0.4020 -0.8553
vn 0.5697 0.6985 -0.4330
vn 0.5665 0.5694 -0.5957
vn 0.6570 0.6944 -0.2935
vn 0.5767 0.7343 -0.3581
vn 0.6234 0.7664 -0.1549
vn 0.4217 0.4187 -0.8043
vn 0.6710 0.6795 -0.2967
vn 0.4134 0.4531 -0.7898
vn 0.6661 0.7279 -0.1627
vn 0.4177 0.4659 -0.7801
vn 0.5029 0.5875 -0.6340
vn 0.5077 0.5120 -0.6930
vn 0.4835 0.5226 -0.7022
vn 0.4742 0.4576 -0.7521
vn 0.5613 0.5114 -0.6507
vn 0.6741 0.6211 -0.3998
vn 0.4820 0.4383 -0.7587
vn 0.6953 0.6607 -0.2829
vn 0.4808 0.3771 -0.7916
vn 0.5035 0.4043 -0.7635
vn 0.4049 0.3646 -0.8385
vn 0.6799 0.5294 -0.5074
vn 0.6897 0.5501 -0.4708
vn 0.7824 0.6227 0.0117
vn 0.7820 0.6233 0.0054
vn 0.6704 0.5646 -0.4814
vn 0.7431 0.6496 -0.1607
vn 0.7363 0.6681 -0.1078
vn 0.6879 0.6685 -0.2825
vn 0.5596 0.5738 -0.5980
vn 0.6924 0.6613 -0.2885
vn 0.6991 0.6120 -0.3696
vn 0.4947 0.4182 -0.7618
vn 0.5757 0.5024 -0.6451
vn 0.4038 0.3681 -0.8375
vn 0.4305 -0.0620 -0.9004
vn 0.6440 -0.3705 -0.6693
vn 0.5934 -0.2039 -0.7787
vn 0.7402 -0.4611 -0.4894
vn 0.8945 -0.3001 -0.3313
vn 0.8886 -0.1777 -0.4228
vn 0.6030 0.2497 -0.7577
vn 0.9407 0.0626 -0.3335
vn 0.7916 0.4359 -0.4283
vn 0.6401 -0.0971 -0.7622
vn 0.8893 0.4480 -0.0915
vn 0.5008 0.1229 -0.8568
vn 0.7850 0.2866 -0.5492
vn 0.9151 0.4019 -0.0340
vn 0.9844 0.1149 -0.1329
vn 0.6712 -0.3427 -0.6573
vn 0.5363 -0.2516 -0.8056
vn 0.6130 -0.3228 -0.7211
vn 0.6182 -0.3011 -0.7261
vn 0.6974 -0.4990 -0.5144
vn 0.7092 -0.5117 -0.4849
vn 0.6984 -0.5008 -0.5112
vn 0.4633 -0.0808 -0.8825
vn 0.4325 -0.0581 -0.8997
vn 0.6982 -0.5014 -0.5110
vn 0.3973 -0.5194 -0.7566
vn 0.4143 -0.7058 -0.5746
vn 0.6606 -0.1613 -0.7332
vn 0.2118 -0.0662 -0.9751
vn -0.1359 -0.4115 -0.9012
vn 0.6235 -0.6663 -0.4091
vn -0.2987 -0.6014 -0.7410
vn -0.0227 -0.7985 -0.6016
vn -0.0115 -0.8224 -0.5689
vn -0.3432 -0.6012 -0.7216
vn 0.2360 -0.1543 -0.9594
vn 0.1782 -0.3739 -0.9102
vn 0.2010 -0.4263 -0.8820
vn 0.2545 -0.8538 -0.4541
vn -0.1436 -0.1180 -0.9826
vn -0.2130 -0.2138 -0.9534
vn -0.2001 -0.0970 -0.9750
vn -0.2824 -0.2212 -0.9335
vn -0.3368 -0.2970 -0.8935
vn 0.0099 0.0291 -0.9995
vn -0.0579 -0.0460 -0.9973
vn -0.5506 -0.5138 -0.6579
vn -0.2077 -0.1384 -0.9684
vn -0.2801 -0.2219 -0.9340
vn -0.5099 -0.3871 -0.7682
vn -0.4992 -0.4177 -0.7592
vn -0.5556 -0.4397 -0.7057
vn -0.5208 -0.3917 -0.7585
vn -0.1188 -0.1123 -0.9866
vn -0.4401 -0.3534 -0.8255
vn -0.1143 -0.1035 -0.9880
vn -0.5385 -0.4854 -0.6888
vn -0.4253 -0.4256 -0.7987
vn -0.5594 -0.5180 -0.6471
vn -0.3831 -0.4787 -0.7900
vn -0.2050 -0.2446 -0.9477
vn -0.0820 -0.0940 -0.9922
vn -0.0689 -0.0640 -0.9956
vn -0.2883 -0.3389 -0.8955
vn -0.3641 -0.3879 -0.8468
vn -0.5473 -0.6114 -0.5714
vn -0.1683 -0.2473 -0.9542
vn -0.5001 -0.6401 -0.5833
vn -0.3071 -0.3096 -0.8999
vn -0.0632 -0.0687 -0.9956
vn -0.2867 -0.2951 -0.9114
vn -0.5152 -0.5287 -0.6746
vn -0.5054 -0.5137 -0.6933
vn -0.4144 -0.5438 -0.7298
vn -0.0175 -0.0455 -0.9988
vn -0.0419 -0.0855 -0.9955
vn -0.4698 -0.5458 -0.6938
vn -0.3827 -0.5254 -0.7599
vn -0.3813 -0.4777 -0.7915
vn -0.7919 -0.0956 -0.6031
vn -0.7318 -0.0637 -0.6785
vn -0.2941 -0.0673 -0.9534
vn -0.5826 -0.2966 -0.7567
vn -0.5725 -0.4145 -0.7074
vn -0.3365 0.4172 -0.8442
vn -0.2169 0.2431 -0.9454
vn -0.6681 0.4341 -0.6043
vn -0.7108 0.4004 -0.5783
vn -0.3188 0.0560 -0.9462
vn -0.1154 -0.1404 -0.9834
vn -0.7315 0.0699 -0.6782
vn 0.1207 0.2814 -0.9520
vn -0.0129 0.4118 -0.9112
vn -0.2717 0.5955 -0.7560
vn -0.2195 0.5551 -0.8023
vn -0.5042 0.7129 -0.4873
vn -0.4884 0.7039 -0.5157
vn -0.4844 -0.4658 -0.7405
vn -0.5178 -0.4152 -0.7480
vn -0.4712 -0.4371 -0.7661
vn -0.4998 -0.4487 -0.7408
vn -0.4177 -0.4924 -0.7636
vn -0.4269 -0.4781 -0.7676
vn -0.4162 -0.5132 -0.7506
vn 0.1997 0.2106 -0.9570
vn 0.1925 0.2188 -0.9566
vn 0.1990 0.2109 -0.9570
vn 0.1921 0.2180 -0.9569
vn 0.1944 0.2179 -0.9564
vn 0.2381 0.1916 -0.9522
vn 0.2078 0.1798 -0.9615
vn 0.2076 0.1933 -0.9589
vn 0.2077 0.1927 -0.9590
vn 0.2043 0.1985 -0.9586
vn 0.2150 0.1914 -0.9577
vn 0.2397 0.1829 -0.9535
vn 0.2116 0.1960 -0.9575
vn 0.2171 0.1909 -0.9573
vt 0.162500 0.300000
vt 0.212500 0.300000
vt 0.212500 0.700000
usemtl material_0
f 1637/4/2895 1630/5/2895 1629/6/2895
f 1631/4/2896 1632/5/2896 1633/6/2896
f 1633/4/2897 1632/5/2897 1634/6/2897
f 1635/4/2898 1630/5/2898 1637/6/2898
f 1635/4/2899 1637/5/2899 1636/6/2899
f 1639/4/2900 1638/5/2900 1633/6/2900
f 1633/4/2901 1638/5/2901 1631/6/2901
f 1636/4/2902 1637/5/2902 1641/6/2902
f 1633/4/2903 1642/5/2903 1639/6/2903
f 1642/4/2904 1636/5/2904 1639/6/2904
f 1633/4/2905 1634/5/2905 1642/6/2905
f 1639/4/2906 1636/5/2906 1641/6/2906
f 1638/4/2907 1639/5/2907 1640/6/2907
f 1642/4/2908 1635/5/2908 1636/6/2908
f 1637/4/2909 1629/5/2909 1641/6/2909
f 1648/4/2910 1643/5/2910 1630/6/2910
f 1630/4/2911 1643/5/2911 1629/6/2911
f 1643/4/2912 1644/5/2912 1629/6/2912
f 1629/4/2913 1645/5/2913 1641/6/2913
f 1644/4/2914 1645/5/2914 1629/6/2914
f 1643/4/2915 1649/5/2915 1644/6/2915
f 1644/4/2916 1649/5/2916 1646/6/2916
f 1645/4/2917 1646/5/2917 1650/6/2917
f 1649/4/2918 1653/5/2918 1646/6/2918
f 1648/4/2919 1649/5/2919 1643/6/2919
f 1649/4/2920 1654/5/2920 1653/6/2920
f 1645/4/2921 1650/5/2921 1652/6/2921
f 1651/4/2922 1653/5/2922 1654/6/2922
f 1653/4/2923 1655/5/2923 1650/6/2923
f 1655/4/2924 1653/5/2924 1651/6/2924
f 1646/4/2925 1653/5/2925 1650/6/2925
f 1650/4/2926 1655/5/2926 1652/6/2926
f 1651/4/2927 1647/5/2927 1655/6/2927
f 1644/4/2928 1646/5/2928 1645/6/2928
f 1625/4/2929 1660/5/2929 1659/6/2929
f 1663/4/2930 1662/5/2930 1658/6/2930
f 1660/4/2931 1628/5/2931 1659/6/2931
f 1659/4/2932 1628/5/2932 1661/6/2932
f 1661/4/2933 1628/5/2933 1627/6/2933
f 1663/4/2934 1661/5/2934 1664/6/2934
f 1661/4/2935 1627/5/2935 1664/6/2935
f 1663/4/2936 1665/5/2936 1662/6/2936
f 1665/4/2937 1656/5/2937 1662/6/2937
f 1664/4/2938 1666/5/2938 1665/6/2938
f 1662/4/2939 1656/5/2939 1657/6/2939
f 1667/4/2940 1668/5/2940 1656/6/2940
f 1667/4/2941 1626/5/2941 1668/6/2941
f 1666/4/2942 1667/5/2942 1665/6/2942
f 1659/4/2943 1661/5/2943 1748/6/2943
f 1663/4/2944 1748/5/2944 1661/6/2944
f 1665/4/2945 1667/5/2945 1656/6/2945
f 1664/4/2946 1665/5/2946 1663/6/2946
f 1658/4/2947 1748/5/2947 1663/6/2947
f 1656/4/2948 1668/5/2948 1657/6/2948
f 1676/4/2949 1638/5/2949 1640/6/2949
f 1677/4/2950 1638/5/2950 1676/6/2950
f 1677/4/2951 1631/5/2951 1638/6/2951
f 1677/4/2952 1632/5/2952 1631/6/2952
f 1670/4/2953 1695/5/2953 1669/6/2953
f 1679/4/2954 1658/5/2954 1662/6/2954
f 1639/4/2955 1694/5/2955 1640/6/2955
f 1679/4/2956 1662/5/2956 1657/6/2956
f 1641/4/2957 1678/5/2957 1680/6/2957
f 1681/4/2958 1679/5/2958 1657/6/2958
f 1639/4/2959 1680/5/2959 1694/6/2959
f 1639/4/2960 1641/5/2960 1680/6/2960
f 1682/4/2961 1658/5/2961 1679/6/2961
f 1683/4/2962 1745/5/2962 1658/6/2962
f 1683/4/2963 1658/5/2963 1682/6/2963
f 1684/4/2964 1657/5/2964 1724/6/2964
f 1684/4/2965 1681/5/2965 1657/6/2965
f 1685/4/2966 1684/5/2966 1724/6/2966
f 1725/4/2967 1685/5/2967 1724/6/2967
f 1686/4/2968 1745/5/2968 1683/6/2968
f 1687/4/2969 1685/5/2969 1725/6/2969
f 1713/4/2970 1687/5/2970 1725/6/2970
f 1688/4/2971 1687/5/2971 1713/6/2971
f 1689/4/2972 1686/5/2972 1683/6/2972
f 1704/4/2973 1688/5/2973 1713/6/2973
f 1674/4/2974 1704/5/2974 1713/6/2974
f 1690/4/2975 1689/5/2975 1683/6/2975
f 1673/4/2976 1704/5/2976 1674/6/2976
f 1711/4/2977 1688/5/2977 1704/6/2977
f 1652/4/2978 1689/5/2978 1690/6/2978
f 1691/4/2979 1652/5/2979 1690/6/2979
f 1645/4/2980 1652/5/2980 1691/6/2980
f 1693/4/2981 1688/5/2981 1711/6/2981
f 1692/4/2982 1645/5/2982 1691/6/2982
f 1695/4/2983 1688/5/2983 1693/6/2983
f 1694/4/2984 1688/5/2984 1695/6/2984
f 1676/4/2985 1694/5/2985 1695/6/2985
f 1678/4/2986 1645/5/2986 1692/6/2986
f 1641/4/2987 1645/5/2987 1678/6/2987
f 1640/4/2988 1694/5/2988 1676/6/2988
f 1670/4/2989 1676/5/2989 1695/6/2989
f 1671/4/2990 1669/5/2990 1703/6/2990
f 1703/4/2991 1669/5/2991 1695/6/2991
f 1676/4/2992 1670/5/2992 1677/6/2992
f 1712/4/2993 1699/5/2993 1710/6/2993
f 1693/4/2994 1702/5/2994 1695/6/2994
f 1699/4/2995 1701/5/2995 1700/6/2995
f 1696/4/2996 1701/5/2996 1699/6/2996
f 1696/4/2997 1671/5/2997 1701/6/2997
f 1708/4/2998 1705/5/2998 1706/6/2998
f 1712/4/2999 1708/5/2999 1709/6/2999
f 1699/4/3000 1712/5/3000 1709/6/3000
f 1709/4/3001 1696/5/3001 1699/6/3001
f 1699/4/3002 1700/5/3002 1710/6/3002
f 1710/4/3003 1700/5/3003 1693/6/3003
f 1702/4/3004 1700/5/3004 1701/6/3004
f 1702/4/3005 1701/5/3005 1671/6/3005
f 1695/4/3006 1702/5/3006 1703/6/3006
f 1671/4/3007 1703/5/3007 1702/6/3007
f 1707/4/3008 1704/5/3008 1697/6/3008
f 1697/4/3009 1705/5/3009 1707/6/3009
f 1707/4/3010 1705/5/3010 1708/6/3010
f 1710/4/3011 1708/5/3011 1712/6/3011
f 1693/4/3012 1700/5/3012 1702/6/3012
f 1698/4/3013 1706/5/3013 1705/6/3013
f 1705/4/3014 1697/5/3014 1698/6/3014
f 1704/4/3015 1707/5/3015 1711/6/3015
f 1710/4/3016 1707/5/3016 1708/6/3016
f 1672/4/3017 1708/5/3017 1706/6/3017
f 1707/4/3018 1710/5/3018 1711/6/3018
f 1709/4/3019 1708/5/3019 1672/6/3019
f 1711/4/3020 1710/5/3020 1693/6/3020
f 1675/4/3021 1674/5/3021 1713/6/3021
f 1704/4/3022 1673/5/3022 1697/6/3022
f 1673/4/3023 1698/5/3023 1697/6/3023
f 1714/4/3024 1713/5/3024 1725/6/3024
f 1714/4/3025 1675/5/3025 1713/6/3025
f 1715/4/3026 1675/5/3026 1714/6/3026
f 1722/4/3027 1714/5/3027 1725/6/3027
f 1722/4/3028 1715/5/3028 1714/6/3028
f 1716/4/3029 1717/5/3029 1718/6/3029
f 1718/4/3030 1717/5/3030 1719/6/3030
f 1720/4/3031 1715/5/3031 1722/6/3031
f 1720/4/3032 1722/5/3032 1721/6/3032
f 1724/4/3033 1716/5/3033 1718/6/3033
f 1724/4/3034 1723/5/3034 1725/6/3034
f 1718/4/3035 1719/5/3035 1723/6/3035
f 1723/4/3036 1724/5/3036 1718/6/3036
f 1721/4/3037 1722/5/3037 1725/6/3037
f 1719/4/3038 1720/5/3038 1723/6/3038
f 1723/4/3039 1721/5/3039 1725/6/3039
f 1723/4/3040 1720/5/3040 1721/6/3040
f 1755/4/3041 1684/5/3041 1726/6/3041
f 1760/4/3042 1687/5/3042 1758/6/3042
f 1760/4/3043 1685/5/3043 1687/6/3043
f 1754/4/3044 1685/5/3044 1760/6/3044
f 1727/4/3045 1684/5/3045 1685/6/3045
f 1727/4/3046 1685/5/3046 1754/6/3046
f 1726/4/3047 1684/5/3047 1727/6/3047
f 1775/4/3048 1694/5/3048 1730/6/3048
f 1775/4/3049 1688/5/3049 1694/6/3049
f 1728/4/3050 1688/5/3050 1775/6/3050
f 1782/4/3051 1688/5/3051 1728/6/3051
f 1729/4/3052 1688/5/3052 1782/6/3052
f 1768/4/3053 1688/5/3053 1729/6/3053
f 1770/4/3054 1688/5/3054 1768/6/3054
f 1770/4/3055 1687/5/3055 1688/6/3055
f 1758/4/3056 1687/5/3056 1770/6/3056
f 1788/4/3057 1678/5/3057 1796/6/3057
f 1788/4/3058 1680/5/3058 1678/6/3058
f 1790/4/3059 1680/5/3059 1788/6/3059
f 1731/4/3060 1694/5/3060 1680/6/3060
f 1731/4/3061 1680/5/3061 1790/6/3061
f 1730/4/3062 1694/5/3062 1731/6/3062
f 1799/4/3063 1796/5/3063 1692/6/3063
f 1796/4/3064 1678/5/3064 1692/6/3064
f 1810/4/3065 1691/5/3065 1690/6/3065
f 1805/4/3066 1691/5/3066 1810/6/3066
f 1732/4/3067 1691/5/3067 1805/6/3067
f 1732/4/3068 1692/5/3068 1691/6/3068
f 1803/4/3069 1692/5/3069 1732/6/3069
f 1799/4/3070 1692/5/3070 1803/6/3070
f 1829/4/3071 1683/5/3071 1682/6/3071
f 1829/4/3072 1682/5/3072 1837/6/3072
f 1733/4/3073 1683/5/3073 1829/6/3073
f 1734/4/3074 1683/5/3074 1733/6/3074
f 1818/4/3075 1683/5/3075 1734/6/3075
f 1735/4/3076 1690/5/3076 1683/6/3076
f 1735/4/3077 1683/5/3077 1818/6/3077
f 1815/4/3078 1690/5/3078 1735/6/3078
f 1810/4/3079 1690/5/3079 1815/6/3079
f 1835/4/3080 1679/5/3080 1681/6/3080
f 1835/4/3081 1681/5/3081 1839/6/3081
f 1836/4/3082 1679/5/3082 1835/6/3082
f 1833/4/3083 1682/5/3083 1679/6/3083
f 1833/4/3084 1679/5/3084 1836/6/3084
f 1837/4/3085 1682/5/3085 1833/6/3085
f 1684/4/3086 1755/5/3086 1681/6/3086
f 1681/4/3087 1755/5/3087 1839/6/3087
f 1626/4/3088 1717/5/3088 1668/6/3088
f 1717/4/3089 1716/5/3089 1668/6/3089
f 1668/4/3090 1716/5/3090 1657/6/3090
f 1716/4/3091 1724/5/3091 1657/6/3091
f 1686/4/3092 1747/5/3092 1737/6/3092
f 1742/4/3093 1739/5/3093 1745/6/3093
f 1843/4/3094 1738/5/3094 1742/6/3094
f 1740/4/3095 1741/5/3095 1746/6/3095
f 1686/4/3096 1689/5/3096 1747/6/3096
f 1736/4/3097 1747/5/3097 1744/6/3097
f 1742/4/3098 1737/5/3098 1736/6/3098
f 1742/4/3099 1738/5/3099 1739/6/3099
f 1655/4/3100 1743/5/3100 1652/6/3100
f 1647/4/3101 1741/5/3101 1655/6/3101
f 1647/4/3102 1746/5/3102 1741/6/3102
f 1652/4/3103 1743/5/3103 1689/6/3103
f 1742/4/3104 1736/5/3104 1841/6/3104
f 1655/4/3105 1741/5/3105 1743/6/3105
f 1743/4/3106 1741/5/3106 1740/6/3106
f 1740/4/3107 1689/5/3107 1743/6/3107
f 1689/4/3108 1740/5/3108 1747/6/3108
f 1744/4/3109 1747/5/3109 1740/6/3109
f 1736/4/3110 1737/5/3110 1747/6/3110
f 1739/4/3111 1748/5/3111 1745/6/3111
f 1686/4/3112 1737/5/3112 1745/6/3112
f 1625/4/3113 1659/5/3113 1738/6/3113
f 1738/4/3114 1659/5/3114 1739/6/3114
f 1745/4/3115 1748/5/3115 1658/6/3115
f 1739/4/3116 1659/5/3116 1748/6/3116
f 1745/4/3117 1737/5/3117 1742/6/3117
f 1759/4/3118 1749/5/3118 1756/6/3118
f 1757/4/3119 1750/5/3119 1752/6/3119
f 1750/4/3120 1753/5/3120 1752/6/3120
f 1726/4/3121 1727/5/3121 1761/6/3121
f 1755/4/3122 1726/5/3122 1757/6/3122
f 1757/4/3123 1726/5/3123 1761/6/3123
f 1749/4/3124 1758/5/3124 1756/6/3124
f 1750/4/3125 1761/5/3125 1751/6/3125
f 1759/4/3126 1750/5/3126 1749/6/3126
f 1749/4/3127 1760/5/3127 1758/6/3127
f 1751/4/3128 1727/5/3128 1754/6/3128
f 1761/4/3129 1727/5/3129 1751/6/3129
f 1750/4/3130 1751/5/3130 1749/6/3130
f 1749/4/3131 1754/5/3131 1760/6/3131
f 1751/4/3132 1754/5/3132 1749/6/3132
f 1750/4/3133 1757/5/3133 1761/6/3133
f 1759/4/3134 1753/5/3134 1750/6/3134
f 1773/4/3135 1729/5/3135 1782/6/3135
f 1766/4/3136 1762/5/3136 1774/6/3136
f 1767/4/3137 1764/5/3137 1765/6/3137
f 1764/4/3138 1763/5/3138 1765/6/3138
f 1769/4/3139 1764/5/3139 1767/6/3139
f 1771/4/3140 1767/5/3140 1765/6/3140
f 1769/4/3141 1768/5/3141 1764/6/3141
f 1756/4/3142 1766/5/3142 1759/6/3142
f 1770/4/3143 1768/5/3143 1769/6/3143
f 1756/4/3144 1771/5/3144 1766/6/3144
f 1756/4/3145 1769/5/3145 1767/6/3145
f 1763/4/3146 1773/5/3146 1772/6/3146
f 1773/4/3147 1763/5/3147 1729/6/3147
f 1758/4/3148 1769/5/3148 1756/6/3148
f 1758/4/3149 1770/5/3149 1769/6/3149
f 1774/4/3150 1762/5/3150 1772/6/3150
f 1763/4/3151 1764/5/3151 1729/6/3151
f 1766/4/3152 1765/5/3152 1762/6/3152
f 1764/4/3153 1768/5/3153 1729/6/3153
f 1765/4/3154 1766/5/3154 1771/6/3154
f 1771/4/3155 1756/5/3155 1767/6/3155
f 1762/4/3156 1765/5/3156 1763/6/3156
f 1772/4/3157 1762/5/3157 1763/6/3157
f 1774/4/3158 1777/5/3158 1786/6/3158
f 1786/4/3159 1777/5/3159 1785/6/3159
f 1785/4/3160 1777/5/3160 1776/6/3160
f 1774/4/3161 1772/5/3161 1777/6/3161
f 1782/4/3162 1728/5/3162 1777/6/3162
f 1793/4/3163 1779/5/3163 1781/6/3163
f 1779/4/3164 1778/5/3164 1781/6/3164
f 1786/4/3165 1779/5/3165 1783/6/3165
f 1781/4/3166 1778/5/3166 1784/6/3166
f 1778/4/3167 1780/5/3167 1784/6/3167
f 1784/4/3168 1775/5/3168 1730/6/3168
f 1780/4/3169 1775/5/3169 1784/6/3169
f 1785/4/3170 1780/5/3170 1778/6/3170
f 1776/4/3171 1775/5/3171 1780/6/3171
f 1776/4/3172 1728/5/3172 1775/6/3172
f 1777/4/3173 1728/5/3173 1776/6/3173
f 1772/4/3174 1773/5/3174 1777/6/3174
f 1782/4/3175 1777/5/3175 1773/6/3175
f 1776/4/3176 1780/5/3176 1785/6/3176
f 1778/4/3177 1779/5/3177 1786/6/3177
f 1786/4/3178 1785/5/3178 1778/6/3178
f 1786/4/3179 1783/5/3179 1774/6/3179
f 1846/4/3180 1789/5/3180 1795/6/3180
f 1795/4/3181 1787/5/3181 1796/6/3181
f 1789/4/3182 1787/5/3182 1795/6/3182
f 1787/4/3183 1788/5/3183 1796/6/3183
f 1790/4/3184 1788/5/3184 1787/6/3184
f 1791/4/3185 1790/5/3185 1787/6/3185
f 1781/4/3186 1791/5/3186 1793/6/3186
f 1792/4/3187 1790/5/3187 1791/6/3187
f 1792/4/3188 1781/5/3188 1784/6/3188
f 1789/4/3189 1791/5/3189 1787/6/3189
f 1792/4/3190 1784/5/3190 1730/6/3190
f 1789/4/3191 1793/5/3191 1791/6/3191
f 1781/4/3192 1792/5/3192 1791/6/3192
f 1730/4/3193 1731/5/3193 1792/6/3193
f 1792/4/3194 1731/5/3194 1790/6/3194
f 1796/4/3195 1797/5/3195 1795/6/3195
f 1798/4/3196 1794/5/3196 1802/6/3196
f 1794/4/3197 1797/5/3197 1802/6/3197
f 1795/4/3198 1797/5/3198 1794/6/3198
f 1800/4/3199 1796/5/3199 1799/6/3199
f 1797/4/3200 1799/5/3200 1802/6/3200
f 1800/4/3201 1799/5/3201 1797/6/3201
f 1846/4/3202 1794/5/3202 1798/6/3202
f 1794/4/3203 1846/5/3203 1795/6/3203
f 1796/4/3204 1800/5/3204 1797/6/3204
f 1806/4/3205 1802/5/3205 1801/6/3205
f 1801/4/3206 1802/5/3206 1803/6/3206
f 1806/4/3207 1798/5/3207 1802/6/3207
f 1798/4/3208 1807/5/3208 1804/6/3208
f 1807/4/3209 1809/5/3209 1808/6/3209
f 1799/4/3210 1803/5/3210 1802/6/3210
f 1808/4/3211 1809/5/3211 1805/6/3211
f 1809/4/3212 1801/5/3212 1805/6/3212
f 1801/4/3213 1732/5/3213 1805/6/3213
f 1810/4/3214 1808/5/3214 1805/6/3214
f 1798/4/3215 1806/5/3215 1807/6/3215
f 1807/4/3216 1806/5/3216 1809/6/3216
f 1806/4/3217 1801/5/3217 1809/6/3217
f 1803/4/3218 1732/5/3218 1801/6/3218
f 1812/4/3219 1811/5/3219 1821/6/3219
f 1812/4/3220 1813/5/3220 1811/6/3220
f 1814/4/3221 1813/5/3221 1812/6/3221
f 1813/4/3222 1814/5/3222 1816/6/3222
f 1811/4/3223 1817/5/3223 1819/6/3223
f 1807/4/3224 1814/5/3224 1804/6/3224
f 1804/4/3225 1814/5/3225 1812/6/3225
f 1820/4/3226 1813/5/3226 1735/6/3226
f 1808/4/3227 1816/5/3227 1807/6/3227
f 1807/4/3228 1816/5/3228 1814/6/3228
f 1810/4/3229 1816/5/3229 1808/6/3229
f 1816/4/3230 1815/5/3230 1813/6/3230
f 1813/4/3231 1815/5/3231 1735/6/3231
f 1810/4/3232 1815/5/3232 1816/6/3232
f 1821/4/3233 1811/5/3233 1819/6/3233
f 1811/4/3234 1813/5/3234 1820/6/3234
f 1821/4/3235 1819/5/3235 1823/6/3235
f 1818/4/3236 1817/5/3236 1820/6/3236
f 1820/4/3237 1817/5/3237 1811/6/3237
f 1820/4/3238 1735/5/3238 1818/6/3238
f 1831/4/3239 1830/5/3239 1822/6/3239
f 1828/4/3240 1822/5/3240 1830/6/3240
f 1822/4/3241 1845/5/3241 1823/6/3241
f 1823/4/3242 1825/5/3242 1822/6/3242
f 1822/4/3243 1825/5/3243 1824/6/3243
f 1824/4/3244 1831/5/3244 1822/6/3244
f 1734/4/3245 1733/5/3245 1831/6/3245
f 1828/4/3246 1830/5/3246 1826/6/3246
f 1829/4/3247 1831/5/3247 1733/6/3247
f 1817/4/3248 1825/5/3248 1819/6/3248
f 1819/4/3249 1825/5/3249 1823/6/3249
f 1817/4/3250 1824/5/3250 1825/6/3250
f 1818/4/3251 1734/5/3251 1817/6/3251
f 1817/4/3252 1734/5/3252 1824/6/3252
f 1826/4/3253 1829/5/3253 1837/6/3253
f 1845/4/3254 1828/5/3254 1827/6/3254
f 1828/4/3255 1845/5/3255 1822/6/3255
f 1824/4/3256 1734/5/3256 1831/6/3256
f 1829/4/3257 1826/5/3257 1830/6/3257
f 1831/4/3258 1829/5/3258 1830/6/3258
f 1832/4/3259 1833/5/3259 1835/6/3259
f 1833/4/3260 1836/5/3260 1835/6/3260
f 1832/4/3261 1827/5/3261 1826/6/3261
f 1826/4/3262 1833/5/3262 1832/6/3262
f 1837/4/3263 1833/5/3263 1826/6/3263
f 1834/4/3264 1840/5/3264 1838/6/3264
f 1827/4/3265 1840/5/3265 1834/6/3265
f 1838/4/3266 1840/5/3266 1839/6/3266
f 1840/4/3267 1835/5/3267 1839/6/3267
f 1827/4/3268 1832/5/3268 1840/6/3268
f 1828/4/3269 1826/5/3269 1827/6/3269
f 1832/4/3270 1835/5/3270 1840/6/3270
f 1827/4/3271 1834/5/3271 1753/6/3271
f 1753/4/3272 1834/5/3272 1752/6/3272
f 1752/4/3273 1838/5/3273 1757/6/3273
f 1834/4/3274 1838/5/3274 1752/6/3274
f 1757/4/3275 1839/5/3275 1755/6/3275
f 1838/4/3276 1839/5/3276 1757/6/3276
f 1841/4/3277 1736/5/3277 1744/6/3277
f 1842/4/3278 1740/5/3278 1746/6/3278
f 1842/4/3279 1841/5/3279 1744/6/3279
f 1842/4/3280 1744/5/3280 1740/6/3280
f 1844/4/3281 1843/5/3281 1742/6/3281
f 1844/4/3282 1742/5/3282 1841/6/3282
f 1843/4/3283 1625/5/3283 1738/6/3283
f 1823/4/3284 1766/5/3284 1774/6/3284
f 1753/4/3285 1759/5/3285 1766/6/3285
f 1845/4/3286 1766/5/3286 1823/6/3286
f 1845/4/3287 1753/5/3287 1766/6/3287
f 1827/4/3288 1753/5/3288 1845/6/3288
f 1789/4/3289 1846/5/3289 1779/6/3289
f 1793/4/3290 1789/5/3290 1779/6/3290
f 1823/4/3291 1783/5/3291 1821/6/3291
f 1823/4/3292 1774/5/3292 1783/6/3292
f 1783/4/3293 1812/5/3293 1821/6/3293
f 1779/4/3294 1812/5/3294 1783/6/3294
f 1779/4/3295 1798/5/3295 1804/6/3295
f 1779/4/3296 1804/5/3296 1812/6/3296
f 1846/4/3297 1798/5/3297 1779/6/3297
o node3
v 0.031760 0.074648 0.082828
v 0.031355 0.074248 0.080189
v 0.028062 0.071019 0.074397
v 0.029743 0.072667 0.075941
v 0.030852 0.073752 0.078195
v 0.031114 0.074010 0.091201
v 0.031760 0.074648 0.087599
v 0.030274 0.073186 0.093071
v 0.029211 0.072151 0.094180
v 0.017944 0.063297 0.087171
v 0.016239 0.061356 0.085235
v 0.019186 0.065181 0.075777
v 0.021108 0.067096 0.076600
v 0.026817 0.072884 0.081179
v 0.017274 0.062300 0.083137
v 0.017266 0.062327 0.081175
v 0.018021 0.063326 0.079104
v 0.020390 0.065766 0.080416
v 0.014843 0.059914 0.080278
v 0.022383 0.068383 0.077165
v 0.021727 0.067090 0.083664
v 0.019960 0.065203 0.085150
v 0.025841 0.071960 0.078909
v 0.015002 0.060449 0.087378
v 0.027993 0.074137 0.083260
v 0.014887 0.059887 0.082331
v 0.015383 0.061142 0.075661
v 0.017142 0.063166 0.074972
v 0.016839 0.062391 0.077035
v 0.025175 0.071327 0.090852
v 0.026403 0.072482 0.089386
v 0.014825 0.060109 0.078105
v 0.015914 0.061711 0.089326
v 0.019999 0.066651 0.074917
v 0.016326 0.062430 0.074713
v 0.016422 0.063341 0.073766
v 0.016056 0.063297 0.073208
v 0.017641 0.064637 0.073834
v 0.024500 0.070718 0.077303
v 0.022545 0.069031 0.075700
v 0.013931 0.061296 0.073702
v 0.013106 0.060623 0.074136
v 0.011657 0.059755 0.074433
v 0.012772 0.060646 0.073321
v 0.010225 0.058693 0.078014
v 0.014253 0.060022 0.076681
v 0.015515 0.061602 0.074854
v 0.013752 0.059635 0.077472
v 0.011366 0.059110 0.077848
v 0.012701 0.060203 0.074729
v 0.013631 0.059456 0.078707
v 0.015021 0.060963 0.075355
v 0.014697 0.060115 0.077363
v 0.014361 0.059719 0.078569
v 0.012060 0.059656 0.075689
v 0.010683 0.059026 0.075948
v 0.011330 0.059217 0.076668
v 0.014251 0.060390 0.075696
v 0.013757 0.061450 0.072736
v 0.014926 0.062167 0.073378
v 0.014738 0.059851 0.084399
v 0.013922 0.059480 0.083566
v 0.013911 0.059437 0.080960
v 0.014505 0.059675 0.080422
v 0.014443 0.059621 0.082338
v 0.010357 0.058781 0.085269
v 0.011358 0.059080 0.082869
v 0.013933 0.059635 0.085565
v 0.011692 0.059324 0.086645
v 0.011081 0.059283 0.088577
v 0.014166 0.059957 0.087207
v 0.014821 0.060076 0.086001
v 0.011476 0.059632 0.090025
v 0.012509 0.059816 0.088647
v 0.012321 0.060039 0.089820
v 0.012681 0.060594 0.091388
v 0.013275 0.060491 0.089880
v 0.014208 0.060232 0.088251
v 0.013255 0.060883 0.090981
v 0.014385 0.061958 0.092119
v 0.014702 0.062098 0.091589
v 0.015100 0.060826 0.088628
v 0.013851 0.061099 0.090622
v 0.015149 0.062155 0.091009
v 0.015674 0.061768 0.089885
v 0.016845 0.062847 0.090107
v 0.021683 0.068146 0.091597
v 0.023021 0.069042 0.090383
v 0.019766 0.065717 0.090268
v 0.021351 0.067394 0.090585
v 0.018290 0.065022 0.091446
v 0.017555 0.064622 0.092445
v 0.016332 0.063426 0.091597
v 0.023566 0.069784 0.091141
v 0.018190 0.064157 0.090259
v 0.019629 0.066316 0.091718
v 0.028641 0.074853 0.087022
v 0.027316 0.073384 0.087441
v 0.027417 0.073630 0.091431
v 0.025856 0.072133 0.076056
v 0.026034 0.072303 0.076940
v 0.022183 0.068680 0.074468
v 0.017389 0.064443 0.072493
v 0.015563 0.062951 0.071950
v 0.020278 0.066996 0.073778
v 0.018563 0.065483 0.073012
v 0.011108 0.059514 0.072944
v 0.010481 0.058943 0.071392
v 0.007010 0.056488 0.075142
v 0.012018 0.060110 0.071156
v 0.007889 0.057249 0.074092
v 0.013696 0.061424 0.071304
v 0.007600 0.056870 0.073751
v 0.012884 0.060720 0.071084
v 0.008215 0.057611 0.077227
v 0.014379 0.061961 0.071443
v 0.009340 0.058337 0.074657
v 0.009807 0.058584 0.072419
v 0.007382 0.057018 0.077562
v 0.006913 0.056563 0.076740
v 0.006520 0.056145 0.077883
v 0.007811 0.057323 0.075900
v 0.006656 0.056213 0.076492
v 0.008708 0.057670 0.072405
v 0.008880 0.058012 0.085219
v 0.006602 0.056250 0.083003
v 0.008213 0.057613 0.086085
v 0.007299 0.056956 0.081751
v 0.008580 0.057570 0.091939
v 0.009415 0.058409 0.090473
v 0.009015 0.058047 0.091538
v 0.010863 0.059247 0.093067
v 0.010933 0.059362 0.091858
v 0.006585 0.056118 0.084454
v 0.006762 0.056318 0.086016
v 0.006950 0.056388 0.087567
v 0.007644 0.057170 0.087686
v 0.007779 0.057201 0.089182
v 0.008024 0.057182 0.091078
v 0.013622 0.061377 0.093053
v 0.025017 0.071343 0.093084
v 0.021061 0.067687 0.093119
v 0.017410 0.064439 0.093181
v 0.028269 0.074426 0.090729
v 0.028886 0.075031 0.084510
v 0.026379 0.072659 0.092815
v 0.025773 0.072010 0.093115
v 0.028476 0.074642 0.080393
v 0.028776 0.074901 0.082138
v 0.028706 0.074907 0.083179
v 0.026649 0.072892 0.076645
v 0.027903 0.074133 0.078802
v 0.027765 0.073917 0.078061
v 0.028243 0.074374 0.079244
v 0.023369 0.068847 0.074341
v 0.021280 0.067766 0.073984
v 0.020623 0.066371 0.073233
v 0.026636 0.071459 0.075472
v 0.023582 0.068335 0.074122
v 0.015701 0.062822 0.071662
v 0.017227 0.063381 0.071848
v 0.015854 0.061565 0.071035
v 0.006469 0.055997 0.078395
v 0.006819 0.054948 0.078126
v 0.006621 0.055393 0.077863
v 0.006929 0.054966 0.077106
v 0.006538 0.056061 0.077262
v 0.006988 0.055154 0.076189
v 0.007299 0.055186 0.075260
v 0.006840 0.056270 0.075591
v 0.007320 0.055704 0.074596
v 0.007779 0.055471 0.073998
v 0.007170 0.056527 0.074596
v 0.008030 0.056240 0.073146
v 0.007702 0.056811 0.073497
v 0.008404 0.055989 0.072867
v 0.009174 0.056468 0.072010
v 0.008285 0.057325 0.072751
v 0.009197 0.057133 0.071855
v 0.008793 0.057644 0.072243
v 0.009981 0.057004 0.071411
v 0.010500 0.057653 0.071077
v 0.009911 0.058495 0.071546
v 0.011536 0.058418 0.070729
v 0.010618 0.058924 0.071241
v 0.012593 0.059317 0.070599
v 0.011989 0.060001 0.071040
v 0.014301 0.060334 0.070655
v 0.014476 0.061126 0.070895
v 0.014024 0.061571 0.071219
v 0.014857 0.062301 0.071506
v 0.006689 0.055346 0.083081
v 0.006899 0.054938 0.083418
v 0.010804 0.057714 0.093573
v 0.010571 0.058192 0.093443
v 0.010697 0.058953 0.093257
v 0.010168 0.057242 0.093317
v 0.009678 0.057523 0.093072
v 0.009523 0.056793 0.092855
v 0.008942 0.057718 0.092439
v 0.008834 0.056898 0.092285
v 0.009012 0.056415 0.092285
v 0.008409 0.056222 0.091508
v 0.008065 0.055782 0.090546
v 0.007686 0.056902 0.090423
v 0.007486 0.055964 0.089403
v 0.007678 0.055537 0.089375
v 0.007459 0.055248 0.088175
v 0.007290 0.056634 0.089134
v 0.007109 0.055486 0.087319
v 0.007087 0.055051 0.085851
v 0.006682 0.056155 0.085637
v 0.006765 0.055538 0.085106
v 0.023397 0.068431 0.093663
v 0.026059 0.070917 0.093653
v 0.021429 0.066855 0.093600
v 0.021432 0.067908 0.093232
v 0.025343 0.071529 0.093222
v 0.019344 0.066041 0.093241
v 0.019702 0.064882 0.093677
v 0.018894 0.064715 0.093562
v 0.012971 0.059977 0.093524
v 0.015446 0.062811 0.093163
v 0.011434 0.058228 0.093671
v 0.028996 0.073746 0.091705
v 0.027958 0.074152 0.091475
v 0.029611 0.074809 0.084863
v 0.028574 0.073308 0.092433
v 0.028897 0.075000 0.086257
v 0.030089 0.074541 0.084875
v 0.029900 0.074595 0.087115
v 0.028174 0.072909 0.092871
v 0.027697 0.073873 0.091982
v 0.027851 0.072286 0.093244
v 0.029741 0.074427 0.089013
v 0.028785 0.074893 0.088089
v 0.027130 0.072381 0.093251
v 0.028700 0.074813 0.088822
v 0.026752 0.072965 0.092781
v 0.029702 0.074163 0.089970
v 0.027132 0.071552 0.093553
v 0.028596 0.074716 0.089479
v 0.026327 0.072480 0.093042
v 0.028502 0.074569 0.090215
v 0.029322 0.074040 0.090901
v 0.029013 0.073646 0.078231
v 0.029113 0.074256 0.079594
v 0.025873 0.072032 0.075888
v 0.028707 0.074756 0.080950
v 0.027208 0.071982 0.075824
v 0.029493 0.074675 0.081967
v 0.027936 0.072648 0.076481
v 0.030029 0.074523 0.083217
v 0.027011 0.073079 0.076724
v 0.028896 0.074986 0.083172
v 0.027374 0.073543 0.077378
v 0.028522 0.073209 0.077301
v 0.007447 0.054261 0.080370
v 0.007483 0.054215 0.081709
v 0.007442 0.054260 0.078854
v 0.007800 0.054386 0.086593
v 0.011717 0.057216 0.093666
v 0.012253 0.057755 0.093697
v 0.007586 0.054290 0.084554
v 0.007521 0.054290 0.083641
v 0.010628 0.056427 0.093240
v 0.010133 0.056084 0.092839
v 0.008629 0.054974 0.090310
v 0.008316 0.054813 0.089365
v 0.012254 0.057754 0.093697
v 0.013663 0.058698 0.093714
v 0.015433 0.060073 0.093718
v 0.016713 0.061062 0.093741
v 0.020314 0.064172 0.093721
v 0.022403 0.066001 0.093726
v 0.024170 0.067605 0.093726
v 0.027616 0.070892 0.093581
v 0.026928 0.070276 0.093687
v 0.030709 0.073875 0.086917
v 0.030768 0.073904 0.084243
v 0.030303 0.073447 0.090343
v 0.028775 0.072014 0.093045
v 0.030781 0.073862 0.083399
v 0.029613 0.072801 0.077870
v 0.029402 0.073720 0.078812
v 0.029674 0.074133 0.080141
v 0.029800 0.074294 0.080965
v 0.029884 0.074404 0.081704
v 0.030689 0.073760 0.081961
v 0.030703 0.073835 0.082665
v 0.018907 0.063108 0.071994
v 0.017013 0.061513 0.071250
v 0.017013 0.061513 0.071250
v 0.010841 0.056549 0.071239
v 0.011164 0.056896 0.071068
v 0.007526 0.054253 0.077347
v 0.007604 0.054372 0.076550
v 0.007860 0.054513 0.075395
v 0.014327 0.059219 0.070561
v 0.008171 0.054722 0.074448
v 0.016311 0.060774 0.070946
v 0.008479 0.054867 0.073792
v 0.008856 0.055136 0.073114
v 0.009550 0.055691 0.072216
v 0.029648 0.072595 0.092522
v 0.011569 0.056875 0.070666
v 0.012375 0.057489 0.070502
v 0.013812 0.058568 0.069327
v 0.013376 0.058263 0.070384
v 0.009483 0.055382 0.092232
v 0.009206 0.055168 0.093260
v 0.030151 0.073102 0.091510
v 0.008056 0.054375 0.091185
v 0.010605 0.056177 0.093388
v 0.030533 0.073472 0.090262
v 0.010517 0.056101 0.094338
v 0.008714 0.054869 0.090632
v 0.011483 0.056817 0.093798
v 0.007115 0.053743 0.087756
v 0.008129 0.054458 0.088722
v 0.016411 0.060639 0.069716
v 0.014285 0.058915 0.094389
v 0.008003 0.054404 0.087963
v 0.007816 0.054234 0.087131
v 0.018245 0.062226 0.071536
v 0.007619 0.054122 0.085185
v 0.014045 0.058774 0.093879
v 0.006696 0.053467 0.082773
v 0.020361 0.063967 0.071235
v 0.030934 0.073887 0.085695
v 0.016017 0.060352 0.093867
v 0.021117 0.064649 0.072573
v 0.007421 0.053967 0.080251
v 0.017648 0.061720 0.093807
v 0.022285 0.065633 0.094390
v 0.030977 0.073904 0.083755
v 0.007451 0.054025 0.078915
v 0.006716 0.053480 0.077215
v 0.030898 0.073836 0.082623
v 0.019465 0.063230 0.093879
v 0.025107 0.068295 0.074263
v 0.030813 0.073742 0.081592
v 0.030706 0.073621 0.080658
v 0.025867 0.069008 0.074575
v 0.007711 0.054163 0.075821
v 0.007156 0.053771 0.074912
v 0.021631 0.065119 0.093884
v 0.030431 0.073397 0.079741
v 0.007811 0.054209 0.073183
v 0.023900 0.067169 0.093871
v 0.027738 0.070757 0.075344
v 0.008830 0.054929 0.073015
v 0.029770 0.072743 0.077761
v 0.009025 0.055042 0.071390
v 0.025212 0.068393 0.093858
v 0.028463 0.071461 0.075891
v 0.029133 0.072107 0.076632
v 0.009824 0.055623 0.071810
v 0.027285 0.070328 0.093823
v 0.011099 0.056521 0.069875
v 0.028713 0.071669 0.094378
v 0.028948 0.071944 0.093149
v 0.011375 0.059544 0.071106
v 0.009328 0.058033 0.071847
v 0.026371 0.072531 0.076229
v 0.027274 0.073414 0.092508
v 0.028845 0.074954 0.087255
v 0.019091 0.065909 0.093149
v 0.019817 0.066531 0.093165
v 0.023093 0.069460 0.093209
v 0.006512 0.056071 0.082893
v 0.009973 0.058542 0.093033
v 0.009493 0.058201 0.092812
v 0.008983 0.057859 0.092366
v 0.008327 0.057341 0.091662
v 0.013452 0.061111 0.093234
v 0.030881 0.073889 0.084378
v 0.027856 0.070907 0.093659
v 0.028379 0.071381 0.093526
v 0.028281 0.071475 0.093378
v 0.025877 0.069015 0.093876
v 0.029254 0.072387 0.092669
v 0.029560 0.072693 0.092254
v 0.029913 0.072945 0.091803
v 0.029862 0.073058 0.091608
v 0.030283 0.073336 0.090714
v 0.030546 0.073601 0.089438
v 0.030756 0.073702 0.088781
v 0.030577 0.073738 0.088612
v 0.030641 0.073813 0.087851
v 0.030826 0.073783 0.087952
v 0.030915 0.073862 0.086799
v 0.030558 0.073646 0.081046
v 0.029986 0.073147 0.078787
v 0.030424 0.073520 0.080281
v 0.030060 0.073024 0.078460
v 0.029515 0.072484 0.077257
v 0.029203 0.072378 0.077097
v 0.028744 0.071927 0.076461
v 0.028330 0.071496 0.076014
v 0.027886 0.071092 0.075681
v 0.027468 0.070678 0.075423
v 0.017172 0.061340 0.093821
v 0.025791 0.069051 0.093754
v 0.015460 0.059946 0.093814
v 0.014779 0.059425 0.093785
v 0.014259 0.059000 0.093809
v 0.013057 0.058074 0.093794
v 0.024654 0.067949 0.093785
v 0.022999 0.066426 0.093783
v 0.022154 0.065660 0.093790
v 0.020995 0.064645 0.093780
v 0.020260 0.063964 0.093814
v 0.018597 0.062665 0.093728
v 0.018161 0.062201 0.093781
v 0.019118 0.063016 0.093779
v 0.017410 0.061522 0.071210
v 0.025297 0.068634 0.074498
v 0.021048 0.064729 0.072743
v 0.022647 0.066214 0.073430
v 0.019228 0.063033 0.071878
v 0.019213 0.063125 0.071998
v 0.017013 0.061508 0.071261
v 0.009004 0.055080 0.091274
v 0.008130 0.054642 0.088552
v 0.008952 0.055258 0.091149
v 0.009335 0.055531 0.091860
v 0.008303 0.054589 0.089362
v 0.009350 0.055385 0.091887
v 0.009644 0.055698 0.092296
v 0.010501 0.056188 0.093199
v 0.011465 0.056952 0.093624
v 0.012248 0.057418 0.093844
v 0.012322 0.057664 0.093719
v 0.007441 0.053984 0.081867
v 0.007501 0.054128 0.082546
v 0.007473 0.054285 0.082547
v 0.007474 0.054007 0.083099
v 0.007538 0.054116 0.083760
v 0.007554 0.054075 0.084467
v 0.007692 0.054358 0.085745
v 0.007700 0.054158 0.086216
v 0.007913 0.054502 0.087415
v 0.008483 0.054712 0.089984
v 0.011989 0.057346 0.070745
v 0.014745 0.059348 0.070466
v 0.010019 0.055917 0.071797
v 0.014065 0.058857 0.070462
v 0.013187 0.058298 0.070544
v 0.009514 0.055479 0.072237
v 0.009023 0.055149 0.072853
v 0.008365 0.054606 0.073861
v 0.012487 0.057739 0.070636
v 0.008089 0.054535 0.074684
v 0.008002 0.054359 0.074761
v 0.007811 0.054350 0.075616
v 0.007607 0.054212 0.076701
v 0.010455 0.056309 0.071472
v 0.007505 0.054023 0.077066
v 0.007475 0.054042 0.077913
v 0.007463 0.054268 0.078015
v 0.016498 0.060750 0.070842
v 0.015797 0.060171 0.070618
v 0.015662 0.060213 0.070753
v 0.015073 0.059710 0.070621
v 0.007482 0.054116 0.081110
v 0.007470 0.054105 0.080280
v 0.007461 0.054062 0.079509
vn -0.7276 0.6727 0.1345
vn -0.7166 0.6941 0.0681
vn -0.7368 0.6755 0.0281
vn -0.6960 0.7041 -0.1406
vn -0.7306 0.6734 0.1130
vn -0.7186 0.6942 -0.0423
vn -0.7187 0.6916 0.0715
vn -0.7236 0.6861 -0.0750
vn -0.7100 0.7038 0.0241
vn -0.6962 0.7107 -0.1011
vn -0.7474 0.6644 -0.0014
vn -0.7129 0.6894 0.1287
vn -0.7092 0.6939 -0.1248
vn -0.7398 0.6724 -0.0259
vn -0.7180 0.6932 -0.0628
vn -0.7384 0.6735 -0.0342
vn -0.7102 0.6940 -0.1186
vn -0.6957 0.7113 -0.1006
vn -0.7439 0.6665 0.0483
vn -0.7330 0.6801 0.0125
vn -0.7129 0.7012 0.0127
vn -0.7265 0.6836 -0.0696
vn -0.7304 0.6735 0.1136
vn -0.7128 0.6894 0.1291
vn -0.7042 0.6973 -0.1338
vn -0.7321 0.6812 -0.0056
vn -0.7208 0.6771 0.1484
vn -0.7377 0.6695 0.0867
vn -0.6971 0.7160 -0.0376
vn -0.7322 0.6784 0.0602
vn -0.6942 0.7073 -0.1332
vn -0.7056 0.7080 -0.0296
vn -0.7371 0.6701 0.0874
vn -0.7430 0.6690 0.0172
vn -0.7458 0.6652 0.0360
vn -0.7233 0.6747 0.1471
vn -0.6977 0.7026 -0.1400
vn -0.7215 0.6847 0.1027
vn -0.6880 0.7227 -0.0659
vn -0.6664 0.5698 0.4809
vn -0.7398 0.6647 0.1037
vn -0.6793 0.6182 0.3955
vn -0.7014 0.5141 0.4937
vn -0.6862 0.6261 0.3703
vn -0.6954 0.6083 0.3826
vn -0.7336 0.5963 0.3260
vn -0.7390 0.5861 0.3322
vn -0.7013 0.6774 0.2220
vn -0.7308 0.6505 0.2068
vn -0.7008 0.7043 0.1135
vn -0.2942 0.9014 0.3177
vn -0.3143 0.8892 0.3325
vn -0.3541 0.9324 0.0717
vn -0.4874 0.7325 0.4753
vn -0.2779 0.9205 0.2746
vn -0.4691 0.8564 0.2160
vn -0.5488 0.7981 0.2487
vn -0.5824 0.7782 0.2349
vn -0.4190 0.7963 0.4363
vn -0.4464 0.8452 0.2938
vn -0.1947 0.9733 0.1218
vn -0.4323 0.8873 0.1605
vn -0.5743 0.8117 0.1063
vn -0.4354 0.8757 0.2087
vn -0.3779 0.9056 0.1927
vn -0.3954 0.9114 0.1143
vn -0.3395 0.8612 0.3783
vn -0.4768 0.8232 0.3082
vn -0.6259 0.6835 0.3755
vn -0.2423 0.9398 0.2410
vn -0.1996 0.9754 0.0937
vn -0.6319 0.6869 0.3590
vn -0.3298 0.9393 0.0944
vn -0.4306 0.8862 0.1709
vn -0.3195 0.9417 0.1050
vn -0.5317 0.8161 0.2264
vn -0.5979 0.7677 0.2306
vn -0.5828 0.6534 0.4831
vn -0.4832 0.7404 0.4673
vn -0.6910 0.6821 0.2392
vn -0.6590 0.6947 0.2881
vn -0.4128 0.8062 0.4239
vn -0.6185 0.7219 0.3103
vn -0.6069 0.6025 0.5184
vn -0.5335 0.8107 0.2410
vn -0.1345 0.9909 0.0059
vn -0.1612 0.9865 0.0282
vn -0.5577 0.8277 0.0631
vn -0.3306 0.9426 0.0482
vn -0.3428 0.9394 0.0052
vn -0.3323 0.9419 0.0491
vn -0.3601 0.9328 0.0144
vn -0.3523 0.9333 -0.0700
vn -0.2991 0.9542 -0.0062
vn -0.3500 0.9363 -0.0296
vn -0.1502 0.9885 -0.0157
vn -0.3065 0.9488 -0.0767
vn -0.1606 0.9858 -0.0496
vn -0.1339 0.9881 -0.0755
vn -0.2106 0.9644 -0.1596
vn -0.3999 0.9103 -0.1072
vn -0.3925 0.9114 -0.1234
vn -0.5945 0.8005 0.0766
vn -0.5706 0.8209 0.0227
vn -0.2930 0.9560 -0.0146
vn -0.5137 0.8579 0.0073
vn -0.5139 0.8575 -0.0219
vn -0.3698 0.9277 -0.0504
vn -0.2130 0.9654 -0.1503
vn -0.3308 0.9160 -0.2269
vn -0.4642 0.8632 -0.1986
vn -0.2940 0.9035 -0.3117
vn -0.5369 0.8265 -0.1689
vn -0.3901 0.8652 -0.3151
vn -0.4640 0.8610 -0.2082
vn -0.4803 0.8235 -0.3019
vn -0.3445 0.9345 -0.0891
vn -0.4742 0.8526 -0.2196
vn -0.4025 0.8386 -0.3670
vn -0.4732 0.8640 -0.1719
vn -0.4528 0.8002 -0.3933
vn -0.4660 0.7468 -0.4745
vn -0.5596 0.7652 -0.3183
vn -0.5397 0.6860 -0.4880
vn -0.6042 0.7240 -0.3329
vn -0.4092 0.8354 -0.3669
vn -0.4502 0.8883 -0.0911
vn -0.2824 0.9304 -0.2337
vn -0.4044 0.8844 -0.2328
vn -0.5549 0.8051 -0.2096
vn -0.5985 0.7871 -0.1492
vn -0.5039 0.7826 -0.3656
vn -0.5323 0.7773 -0.3352
vn -0.6552 0.7361 -0.1701
vn -0.5827 0.7185 -0.3798
vn -0.5733 0.4728 -0.6692
vn -0.6927 0.6689 -0.2696
vn -0.6023 0.7028 -0.3784
vn -0.6523 0.7489 -0.1164
vn -0.6701 0.7108 -0.2139
vn -0.6263 0.6544 -0.4237
vn -0.6815 0.6901 -0.2435
vn -0.6222 0.7622 -0.1786
vn -0.6632 0.7088 -0.2403
vn -0.6974 0.6942 -0.1780
vn -0.6426 0.7008 -0.3097
vn -0.6360 0.7177 -0.2835
vn -0.5867 0.6774 -0.4438
vn -0.5922 0.6614 -0.4602
vn -0.6216 0.7649 -0.1689
vn -0.5341 0.7099 -0.4591
vn -0.6803 0.7288 -0.0774
vn -0.7424 0.6700 0.0004
vn -0.7116 0.7007 0.0523
vn -0.7454 0.6663 -0.0221
vn -0.7242 0.6889 0.0307
vn -0.7406 0.6718 0.0142
vn -0.7232 0.6889 0.0490
vn -0.7277 0.6855 -0.0237
vn -0.7106 0.7023 -0.0416
vn -0.6567 0.7525 0.0511
vn -0.6836 0.7299 -0.0024
vn -0.6833 0.7301 -0.0072
vn -0.6341 0.7732 0.0077
vn -0.6900 0.7221 0.0493
vn -0.6578 0.7529 -0.0212
vn -0.6747 0.7359 0.0572
vn -0.6673 0.7446 0.0180
vn -0.6585 0.7518 0.0353
vn -0.5727 0.8159 0.0796
vn -0.6121 0.7801 -0.1292
vn -0.7028 0.7074 -0.0757
vn -0.5884 0.8082 0.0261
vn -0.5777 0.8052 0.1338
vn -0.5877 0.8090 0.0103
vn -0.7309 0.6709 -0.1257
vn -0.6358 0.7717 0.0131
vn -0.6300 0.7758 0.0342
vn -0.5588 0.7528 -0.3481
vn -0.5800 0.8146 -0.0003
vn -0.6066 0.7872 -0.1110
vn -0.5585 0.8294 -0.0100
vn -0.7045 0.6894 -0.1685
vn -0.5683 0.8223 -0.0278
vn -0.5845 0.7910 -0.1807
vn -0.5188 0.7888 -0.3297
vn -0.6644 0.7465 -0.0346
vn -0.7882 0.6136 -0.0471
vn -0.7016 0.6926 -0.1675
vn -0.6768 0.7338 -0.0593
vn -0.4845 0.8741 0.0350
vn -0.4819 0.8755 0.0342
vn -0.6045 0.7944 -0.0587
vn -0.7764 0.6257 -0.0763
vn -0.6309 0.7606 -0.1529
vn -0.6343 0.7642 -0.1170
vn -0.5146 0.8537 0.0798
vn -0.6359 0.7564 -0.1531
vn -0.5174 0.8541 0.0530
vn -0.5735 0.8187 -0.0293
vn -0.4622 0.8868 -0.0024
vn -0.4727 0.8812 -0.0049
vn -0.7310 0.6824 -0.0023
vn -0.5854 0.8107 0.0004
vn -0.6939 0.7200 -0.0031
vn -0.7117 0.7025 -0.0003
vn -0.5131 0.8583 -0.0003
vn -0.5887 0.8082 0.0148
vn -0.5070 0.8619 0.0060
vn -0.4867 0.8732 -0.0249
vn -0.6710 0.7283 0.1389
vn -0.6362 0.7574 0.1469
vn -0.6183 0.7734 0.1402
vn -0.5702 0.8203 0.0452
vn -0.5717 0.8180 0.0634
vn -0.5195 0.8521 -0.0634
vn -0.5144 0.8571 -0.0264
vn -0.8677 0.4960 0.0348
vn -0.7097 0.7043 0.0159
vn -0.6929 0.7208 0.0205
vn -0.7583 0.6496 0.0547
vn -0.7576 0.6452 0.0989
vn -0.6792 0.7278 0.0951
vn -0.7857 0.5643 0.2535
vn -0.6832 0.7208 0.1169
vn -0.6127 0.7894 0.0382
vn -0.4611 0.8867 -0.0335
vn -0.6143 0.7772 0.1363
vn -0.5847 0.8095 -0.0542
vn -0.7455 0.6585 0.1030
vn -0.6037 0.7972 0.0064
vn -0.7506 0.6579 0.0612
vn -0.7506 0.6581 0.0597
vn -0.6130 0.7892 0.0387
vn -0.6110 0.7912 -0.0272
vn -0.6174 0.7865 -0.0152
vn -0.6201 0.7843 -0.0188
vn -0.5670 0.8225 0.0456
vn -0.5492 0.5997 0.5820
vn -0.6694 0.7258 0.1587
vn -0.6835 0.7275 -0.0601
vn -0.6566 0.7521 0.0572
vn -0.6383 0.7696 0.0198
vn -0.6459 0.7610 0.0616
vn -0.6660 0.7444 -0.0479
vn -0.6472 0.7580 -0.0805
vn -0.6657 0.7395 0.1000
vn -0.7337 0.6795 -0.0029
vn -0.5762 0.8173 0.0017
vn -0.6205 0.7712 0.1424
vn -0.6462 0.7586 0.0835
vn -0.6936 0.7202 -0.0152
vn -0.7108 0.7022 -0.0406
vn -0.6244 0.7807 0.0272
vn -0.6446 0.7201 0.2569
vn -0.6946 0.7194 0.0068
vn -0.6721 0.7404 0.0052
vn -0.5651 0.8239 -0.0421
vn -0.7327 0.6804 0.0141
vn -0.6917 0.7222 0.0007
vn -0.6943 0.7196 -0.0101
vn -0.5488 0.8246 -0.1374
vn -0.6060 0.7890 -0.1014
vn -0.4819 0.8700 -0.1048
vn -0.1154 0.5059 -0.8549
vn -0.0982 0.4961 -0.8627
vn -0.0900 0.5268 -0.8452
vn 0.0116 0.3978 -0.9174
vn 0.0195 0.3964 -0.9179
vn 0.0025 0.3946 -0.9189
vn -0.0257 0.4441 -0.8956
vn -0.1204 0.5137 -0.8495
vn -0.1089 0.5103 -0.8531
vn -0.1228 0.5286 -0.8400
vn -0.8847 -0.4544 -0.1037
vn -0.9801 -0.1855 -0.0701
vn -0.9042 -0.4032 -0.1405
vn -0.9529 -0.2491 -0.1732
vn -0.9329 -0.2982 -0.2020
vn -0.9486 -0.2375 -0.2093
vn -0.8806 -0.3601 -0.3080
vn -0.9179 -0.2747 -0.2863
vn -0.9220 -0.1678 -0.3490
vn -0.8629 -0.1570 -0.4803
vn -0.8594 -0.2039 -0.4689
vn -0.8095 -0.2976 -0.5061
vn -0.6687 -0.2045 -0.7148
vn -0.6827 -0.1429 -0.7166
vn -0.7703 -0.0504 -0.6356
vn -0.7071 -0.0891 -0.7014
vn -0.5078 -0.1782 -0.8429
vn -0.7019 -0.0142 -0.7122
vn -0.6325 0.0845 -0.7699
vn -0.4988 -0.0458 -0.8655
vn -0.5374 0.0915 -0.8383
vn -0.4963 0.0636 -0.8658
vn -0.4701 0.1555 -0.8688
vn -0.4150 0.1540 -0.8967
vn -0.3631 0.2491 -0.8978
vn -0.3307 0.2571 -0.9080
vn -0.3194 0.2984 -0.8994
vn -0.1584 0.3179 -0.9348
vn -0.2464 0.3624 -0.8988
vn -0.1999 0.3574 -0.9123
vn -0.2131 0.4245 -0.8800
vn 0.0054 0.2885 -0.9575
vn -0.0486 0.4387 -0.8973
vn -0.0535 0.4435 -0.8947
vn -0.1340 0.4909 -0.8609
vn -0.1444 0.4927 -0.8581
vn -0.9688 -0.2421 0.0521
vn -0.9733 -0.2222 0.0574
vn -0.2563 0.2695 0.9283
vn -0.2583 0.1339 0.9567
vn -0.4259 0.2808 0.8601
vn -0.4150 0.0670 0.9074
vn -0.4125 0.0462 0.9098
vn -0.5143 0.1812 0.8383
vn -0.4860 0.1736 0.8566
vn -0.5076 -0.1457 0.8492
vn -0.6286 0.1229 0.7679
vn -0.6423 -0.0908 0.7611
vn -0.6398 -0.2361 0.7314
vn -0.6597 -0.0529 0.7497
vn -0.7806 -0.0136 0.6249
vn -0.7277 -0.2684 0.6312
vn -0.8142 -0.1370 0.5643
vn -0.8610 -0.1304 0.4917
vn -0.8708 -0.2482 0.4244
vn -0.8786 -0.2530 0.4049
vn -0.8410 -0.4020 0.3620
vn -0.9368 -0.1461 0.3180
vn -0.8744 -0.4104 0.2586
vn -0.9541 -0.1840 0.2363
vn -0.8832 -0.3964 0.2506
vn -0.9473 -0.2293 0.2238
vn -0.9636 -0.2145 0.1595
vn -0.9074 -0.3989 0.1321
vn -0.9573 -0.2512 0.1433
vn -0.9131 -0.3979 0.0889
vn -0.8815 -0.4659 0.0771
vn -0.9749 -0.2051 0.0868
vn -0.9166 -0.3996 0.0132
vn -0.8910 -0.4539 0.0075
vn -0.9674 -0.2531 0.0103
vn -0.9723 -0.2334 0.0133
vn -0.2890 0.3130 0.9047
vn -0.2828 0.3170 0.9053
vn -0.2858 0.3055 0.9083
vn -0.2790 0.3146 0.9073
vn -0.2825 0.3155 0.9059
vn -0.2798 0.3173 0.9061
vn -0.1775 0.1935 0.9649
vn -0.2907 0.3175 0.9026
vn -0.2598 0.3414 0.9033
vn -0.2929 0.3431 0.8925
vn -0.2384 0.2874 0.9277
vn -0.2189 0.2711 0.9373
vn -0.1824 0.2203 0.9582
vn -0.3128 0.3840 0.8687
vn -0.2582 0.3409 0.9040
vn 0.2864 0.9580 0.0155
vn 0.4873 0.8730 0.0202
vn 0.2019 0.7832 0.5880
vn 0.1963 0.8131 0.5481
vn 0.3290 0.9425 0.0595
vn 0.3398 0.9394 0.0454
vn 0.3321 0.9386 0.0933
vn 0.0726 0.4834 0.8724
vn 0.0976 0.6904 0.7168
vn 0.0981 0.7097 0.6977
vn 0.3464 0.9314 0.1117
vn 0.3218 0.9364 0.1396
vn -0.0877 0.5898 0.8028
vn -0.0005 0.5840 0.8117
vn 0.0546 0.3421 0.9381
vn 0.3115 0.9317 0.1867
vn -0.1429 0.5631 0.8140
vn 0.3237 0.9192 0.2245
vn 0.3521 0.8985 0.2621
vn 0.3583 0.8958 0.2629
vn -0.1919 0.3676 0.9100
vn -0.1147 0.3400 0.9334
vn 0.2662 0.8906 0.3688
vn -0.1972 0.3909 0.8990
vn 0.2467 0.8715 0.4238
vn 0.2508 0.8717 0.4209
vn -0.2098 0.3871 0.8979
vn 0.2476 0.8660 -0.4345
vn 0.4340 0.8100 -0.3944
vn 0.2825 0.8677 -0.4091
vn 0.5120 0.7851 -0.3486
vn 0.2366 0.9324 -0.2732
vn 0.4211 0.8761 -0.2350
vn 0.4744 0.8612 -0.1825
vn 0.3909 0.8937 -0.2203
vn -0.0157 0.5741 -0.8186
vn 0.3769 0.8999 -0.2192
vn 0.2700 0.9537 -0.1322
vn 0.5119 0.8511 -0.1163
vn -0.0202 0.5733 -0.8191
vn 0.0471 0.6384 -0.7683
vn 0.2757 0.9549 -0.1102
vn 0.3957 0.9165 -0.0585
vn 0.3673 0.9283 -0.0579
vn 0.0988 0.6415 -0.7607
vn 0.3064 0.9514 -0.0297
vn 0.4881 0.8723 -0.0274
vn 0.1832 0.7512 -0.6341
vn 0.1753 0.7500 -0.6378
vn 0.1976 0.8076 -0.5556
vn 0.2486 0.8197 -0.5160
vn -0.7785 -0.6276 -0.0004
vn -0.7544 -0.6563 0.0103
vn -0.7426 -0.6697 0.0029
vn -0.7387 -0.6459 0.1925
vn -0.7625 -0.6229 0.1749
vn -0.7391 -0.6636 0.1160
vn -0.0411 -0.0165 0.9990
vn -0.7411 -0.6634 0.1037
vn -0.7567 -0.6477 0.0884
vn -0.7296 -0.6818 0.0526
vn -0.1235 -0.0410 0.9915
vn -0.7271 -0.6856 0.0346
vn -0.1226 -0.0393 0.9917
vn -0.7157 -0.6966 0.0504
vn -0.2745 -0.2435 0.9302
vn -0.2616 -0.1635 0.9512
vn -0.4133 -0.3745 0.8300
vn -0.4026 -0.3093 0.8615
vn -0.4981 -0.4280 0.7541
vn -0.4982 -0.4457 0.7437
vn -0.5939 -0.5147 0.6184
vn -0.6116 -0.5133 0.6020
vn -0.6237 -0.5566 0.5488
vn -0.6657 -0.5597 0.4936
vn -0.6614 -0.5948 0.4569
vn -0.7215 -0.6027 0.3408
vn -0.6973 -0.6198 0.3600
vn -0.7264 -0.6198 0.2970
vn -0.7172 -0.6362 0.2843
vn -0.7187 -0.6601 0.2184
vn -0.0225 0.0158 0.9996
vn -0.0288 0.0273 0.9992
vn -0.0256 0.0309 0.9992
vn -0.0274 0.0327 0.9991
vn -0.0782 0.0777 0.9939
vn -0.0216 0.0335 0.9992
vn -0.0285 0.0369 0.9989
vn -0.0301 0.0355 0.9989
vn -0.0388 0.0418 0.9984
vn -0.0381 0.0415 0.9984
vn -0.0316 0.0475 0.9984
vn -0.0201 0.0255 0.9995
vn 0.1592 0.1578 0.9746
vn 0.1622 0.2443 0.9560
vn 0.0694 0.0928 0.9933
vn 0.6954 0.7182 0.0232
vn 0.0340 0.0986 0.9946
vn 0.6696 0.7417 0.0388
vn 0.6749 0.7314 0.0977
vn 0.6663 0.7345 0.1284
vn 0.6610 0.7405 0.1212
vn 0.6695 0.7283 0.1459
vn 0.6511 0.6996 0.2944
vn 0.6352 0.7376 0.2291
vn 0.6326 0.6504 0.4205
vn 0.6219 0.7023 0.3465
vn 0.5790 0.6614 0.4767
vn 0.5415 0.5980 0.5909
vn 0.4872 0.5944 0.6398
vn 0.4564 0.5214 0.7210
vn 0.3524 0.4009 0.8456
vn 0.3815 0.4833 0.7880
vn 0.2841 0.3014 0.9102
vn 0.2980 0.3709 0.8796
vn 0.6637 0.7475 -0.0277
vn 0.6675 0.7439 -0.0326
vn 0.2474 0.3207 -0.9143
vn 0.2509 0.3366 -0.9076
vn 0.3619 0.4098 -0.8373
vn 0.3596 0.4254 -0.8305
vn 0.4597 0.5341 -0.7095
vn 0.5362 0.5873 -0.6063
vn 0.4581 0.5466 -0.7010
vn 0.5323 0.6230 -0.5731
vn 0.6021 0.6347 -0.4843
vn 0.6022 0.6340 -0.4851
vn 0.6506 0.6774 -0.3434
vn 0.6302 0.6895 -0.3570
vn 0.6408 0.7293 -0.2398
vn 0.6457 0.7271 -0.2330
vn 0.6490 0.7380 -0.1849
vn 0.6496 0.7377 -0.1841
vn 0.6398 0.7628 -0.0938
vn 0.6703 0.7355 -0.0985
vn 0.6586 0.7426 -0.1217
vn 0.2016 0.2016 -0.9585
vn 0.1878 0.2229 -0.9566
vn 0.2338 0.1358 -0.9628
vn 0.2038 0.2216 -0.9536
vn 0.1597 0.2529 -0.9542
vn 0.1680 0.2384 -0.9565
vn 0.1638 0.2571 -0.9524
vn 0.1726 0.2436 -0.9544
vn -0.3993 -0.3476 -0.8484
vn -0.3426 -0.3122 -0.8861
vn -0.2609 -0.2179 -0.9404
vn -0.3064 -0.2295 -0.9238
vn -0.7273 -0.6858 -0.0255
vn -0.2947 -0.1389 -0.9454
vn -0.2020 -0.1659 -0.9652
vn -0.7288 -0.6827 -0.0531
vn -0.1529 -0.0795 -0.9850
vn -0.7263 -0.6659 -0.1703
vn -0.7477 -0.6576 -0.0926
vn -0.1130 -0.0225 -0.9933
vn -0.7298 -0.6591 -0.1818
vn -0.1123 -0.0117 -0.9936
vn -0.7066 -0.6665 -0.2376
vn -0.0194 0.0427 -0.9989
vn -0.7153 -0.6477 -0.2624
vn -0.0170 0.0837 -0.9963
vn 0.0241 0.0847 -0.9961
vn -0.6789 -0.6376 -0.3640
vn 0.0852 0.1596 -0.9835
vn -0.6921 -0.6016 -0.3988
vn 0.1297 0.1845 -0.9742
vn 0.0876 0.1911 -0.9776
vn -0.6566 -0.6099 -0.4437
vn 0.1878 0.2162 -0.9581
vn -0.6516 -0.5080 -0.5634
vn -0.6222 -0.5224 -0.5831
vn -0.5486 -0.4519 -0.7034
vn -0.5053 -0.4760 -0.7198
vn -0.4759 -0.4332 -0.7654
vn -0.4010 -0.2767 -0.8733
vn -0.6700 0.7420 0.0219
vn -0.6916 0.7222 0.0109
vn -0.6055 0.7959 0.0035
vn -0.6029 0.7978 -0.0048
vn -0.6132 0.7895 -0.0250
vn -0.6905 0.7233 0.0085
vn -0.6809 0.7318 0.0284
vn -0.5826 0.8127 0.0124
vn -0.5854 0.8107 0.0112
vn -0.5854 0.8107 0.0106
vn -0.5989 0.7995 0.0472
vn -0.6848 0.7287 0.0067
vn -0.5970 0.8022 0.0058
vn -0.5924 0.8056 0.0095
vn -0.5919 0.8059 0.0152
vn -0.6197 0.7843 -0.0292
vn -0.5922 0.8057 0.0139
vn -0.5955 0.8033 0.0132
vn -0.6869 0.7267 0.0091
vn -0.5682 0.8228 -0.0128
vn -0.6153 0.7882 -0.0102
vn -0.6202 0.7839 -0.0284
vn -0.5983 0.8013 -0.0067
vn -0.6313 0.7750 -0.0278
vn -0.6136 0.7673 0.1865
vn -0.6029 0.7967 0.0429
vn -0.5920 0.8053 -0.0314
vn -0.6398 0.7681 -0.0265
vn -0.5712 0.8208 0.0041
vn -0.6375 0.7699 -0.0292
vn -0.5528 0.8332 0.0145
vn -0.6810 0.7322 0.0075
vn -0.6019 0.7960 0.0641
vn -0.6760 0.7368 0.0155
vn -0.6797 0.7335 -0.0024
vn -0.5971 0.8021 0.0012
vn -0.5832 0.8123 0.0041
vn -0.6375 0.7699 -0.0291
vn -0.5679 0.8231 -0.0076
vn -0.6832 0.7303 0.0044
vn -0.6225 0.7787 0.0785
vn -0.6350 0.7725 0.0033
vn -0.5701 0.8216 0.0003
vn -0.6445 0.7642 -0.0256
vn -0.5718 0.8204 -0.0017
vn -0.6429 0.7656 -0.0252
vn -0.6429 0.7656 -0.0254
vn -0.6769 0.7360 0.0071
vn -0.6942 0.7198 -0.0089
vn -0.5048 0.8629 0.0259
vn -0.5951 0.8037 -0.0003
vn -0.6777 0.7353 -0.0000
vn -0.5950 0.8037 -0.0003
vn -0.6861 0.7275 0.0042
vn -0.6330 0.7664 -0.1098
vn -0.5717 0.8196 -0.0384
vn -0.6781 0.7348 0.0159
vn -0.6849 0.7287 -0.0053
vn -0.6928 0.7211 -0.0081
vn -0.6995 0.7145 -0.0131
vn -0.6765 0.7356 -0.0347
vn -0.5712 0.8208 -0.0055
vn -0.5674 0.8234 -0.0015
vn -0.6550 0.7508 0.0852
vn -0.6842 0.7288 0.0271
vn -0.5713 0.8207 -0.0054
vn -0.6737 0.7388 -0.0137
vn -0.6796 0.7333 -0.0166
vn -0.5717 0.8204 -0.0084
vn -0.5750 0.8181 -0.0077
vn -0.6657 0.7377 0.1124
vn -0.6764 0.7360 -0.0287
vn -0.5775 0.8164 -0.0047
vn -0.6790 0.7340 -0.0129
vn -0.5783 0.8157 -0.0129
vn -0.6943 0.7194 -0.0200
vn -0.6772 0.7355 -0.0209
vn -0.6810 0.7309 0.0448
vn -0.6830 0.7297 -0.0326
vn -0.6864 0.7270 -0.0175
vn -0.6848 0.7281 -0.0316
vn -0.6854 0.7280 -0.0158
vn -0.5836 0.8119 -0.0138
vn -0.6815 0.7307 0.0410
vn -0.5852 0.8108 -0.0094
vn -0.6845 0.7290 0.0001
vn -0.6986 0.7111 0.0794
vn -0.6696 0.7426 0.0115
vn -0.5883 0.8086 -0.0124
vn -0.6901 0.7232 0.0261
vn -0.6925 0.7207 0.0319
vn -0.4445 0.7209 -0.5317
vn -0.4756 0.7307 -0.4897
vn -0.4659 0.7272 -0.5041
vn -0.5186 0.7729 -0.3657
vn -0.4965 0.7653 -0.4096
vn -0.5687 0.7851 -0.2452
vn -0.2629 0.6425 -0.7198
vn -0.4574 0.7185 -0.5239
vn -0.4556 0.6976 -0.5530
vn -0.5222 0.6815 -0.5127
vn -0.5965 0.7099 -0.3744
vn -0.5883 0.5424 -0.5997
vn -0.6853 0.6427 -0.3425
vn -0.5720 0.5713 -0.5886
vn -0.9843 0.1689 -0.0504
vn -0.7201 0.5165 -0.4633
vn -0.5526 0.6706 -0.4949
vn -0.7557 0.4543 -0.4718
vn -0.8404 0.3444 -0.4184
vn -0.9045 0.1506 -0.3990
vn -0.8236 0.5293 -0.2040
vn -0.9452 0.1922 -0.2638
vn -0.9127 0.3746 -0.1632
vn -0.4368 0.7135 -0.5479
vn -0.9331 0.3519 -0.0739
vn -0.3482 0.8449 -0.4060
vn -0.4912 0.7930 -0.3604
vn 0.1250 0.9604 -0.2492
vn -0.3946 0.8994 -0.1880
vn -0.3110 0.8106 -0.4961
vn -0.3863 0.9218 -0.0337
vn -0.4173 0.7584 -0.5008
vn -0.3862 0.9219 -0.0306
vn -0.2273 0.9681 -0.1051
vn -0.4730 0.8805 0.0305
vn -0.5064 0.8615 0.0357
vn -0.5476 0.8359 0.0365
vn -0.5865 0.8092 0.0343
vn -0.5481 0.7132 0.4370
vn -0.5766 0.6310 0.5190
vn -0.5530 0.7950 0.2493
vn -0.2337 0.9588 0.1612
vn -0.4556 0.8900 0.0186
vn -0.5459 0.7139 0.4385
vn -0.4605 0.8875 0.0165
vn -0.9356 0.3531 0.0077
vn -0.8938 0.4485 0.0013
vn -0.4832 0.5472 0.6834
vn -0.5386 0.6053 0.5861
vn -0.5626 0.6268 0.5391
vn -0.5324 0.5786 0.6179
vn -0.5295 0.6035 0.5962
vn -0.5763 0.6238 0.5279
vn -0.5312 0.6200 0.5774
vn -0.9684 0.2252 0.1071
vn -0.9001 0.4348 0.0288
vn -0.9496 0.3060 0.0685
vn -0.7385 0.4653 0.4879
vn -0.5361 0.6506 0.5378
vn -0.7820 0.4491 0.4322
vn -0.8869 -0.0086 0.4619
vn -0.8136 0.2959 0.5006
vn -0.5625 0.6795 0.4710
vn -0.5238 0.6818 0.5106
vn -0.5055 0.6514 0.5658
vn -0.2815 0.7134 0.6417
vn -0.1856 0.7782 0.5999
vn -0.2984 0.8603 0.4133
vn -0.3684 0.5404 0.7565
vn -0.2923 0.5165 0.8048
vn -0.0947 0.9080 0.4080
vn -0.1582 0.9092 0.3851
vn -0.0280 0.9582 0.2847
vn -0.0518 0.9603 0.2741
vn 0.0122 0.9879 0.1549
vn 0.1030 0.9890 0.1061
vn 0.1025 0.9890 0.1062
vn 0.1206 0.9899 0.0741
vn 0.1071 0.9914 0.0758
vn 0.1352 0.9908 -0.0033
vn -0.2819 0.5861 0.7596
vn -0.4004 0.6288 0.6666
vn -0.0170 0.9599 0.2798
vn -0.1921 0.6370 0.7465
vn -0.0826 0.7582 0.6467
vn 0.0158 0.8672 0.4978
vn 0.0360 0.8690 0.4935
vn -0.0050 0.9582 0.2859
vn -0.0545 0.9866 0.1536
vn 0.0461 0.9852 0.1653
vn 0.0775 0.9967 0.0237
vn 0.0096 0.9999 0.0112
vn -0.1972 0.9803 -0.0076
vn 0.1861 0.9814 -0.0469
vn -0.0150 0.9993 -0.0352
vn -0.1208 0.9914 -0.0509
vn -0.1305 0.9850 -0.1133
vn 0.1554 0.9354 -0.3177
vn -0.0706 0.9725 -0.2218
vn -0.0008 0.9356 -0.3530
vn -0.4998 0.8072 -0.3139
vn 0.0612 0.9174 -0.3932
vn 0.0042 0.8881 -0.4596
vn -0.0733 0.8907 -0.4487
vn -0.1070 0.7953 -0.5968
vn -0.0299 0.9941 -0.1046
vn -0.2464 0.7403 -0.6255
vn -0.1018 0.9915 -0.0816
vn -0.1579 0.9824 -0.1001
vn -0.1760 0.9758 -0.1301
vn -0.0526 0.9737 -0.2219
vn -0.0403 0.8665 -0.4975
vn -0.1927 0.8607 -0.4713
vn -0.2727 0.8066 -0.5244
vn -0.3008 0.7810 -0.5474
vn -0.3811 0.7349 -0.5610
vn -0.1075 0.9942 0.0065
vn -0.4880 0.6337 0.6002
vn -0.4651 0.5750 0.6730
vn -0.3778 0.3972 0.8364
vn -0.5494 0.6124 0.5685
vn -0.4280 0.4885 0.7604
vn 0.6819 -0.7293 0.0566
vn -0.4120 0.4953 0.7648
vn -0.3841 0.5150 0.7663
vn -0.2519 0.3603 0.8982
vn -0.4156 0.6042 0.6799
vn -0.4259 0.5097 0.7475
vn -0.3382 0.3622 0.8686
vn -0.5675 0.5897 0.5746
vn -0.4183 0.4535 0.7870
vn -0.5508 0.5968 0.5834
vn -0.3706 0.4081 0.8343
vn -0.5847 0.6503 0.4850
vn -0.5816 0.6462 0.4942
vn -0.3465 0.3936 0.8514
vn -0.3895 0.4367 0.8109
vn -0.5982 0.6848 0.4161
vn -0.5582 0.6299 0.5400
vn -0.3641 0.4185 0.8320
vn -0.3661 0.4370 0.8216
vn -0.4958 0.5650 0.6596
vn -0.1617 0.1084 0.9809
vn -0.3618 0.4315 0.8264
vn -0.3637 0.5079 0.7809
vn -0.1275 0.1946 0.9726
vn -0.4466 0.5611 0.6970
vn -0.3248 0.4159 0.8494
vn -0.5450 0.6851 0.4834
vn -0.5469 0.6882 0.4768
vn -0.5077 0.6543 0.5605
vn -0.5356 0.6972 0.4766
vn -0.5336 0.5681 0.6265
vn -0.4599 0.5237 0.7171
vn -0.5107 0.5394 0.6695
vn -0.3883 0.4360 0.8119
vn -0.5607 0.6351 0.5312
vn -0.3872 0.4586 0.7999
vn -0.3561 0.4574 0.8149
vn -0.5361 0.5852 0.6084
vn -0.3840 0.4520 0.8051
vn -0.5509 0.6474 0.5267
vn -0.3836 0.6834 -0.6212
vn -0.3515 0.6695 -0.6544
vn -0.4096 0.7124 -0.5698
vn -0.3231 0.6553 -0.6828
vn -0.1261 0.5361 -0.8347
vn -0.4487 0.7249 -0.5227
vn -0.3415 0.6577 -0.6714
vn -0.4354 0.7334 -0.5220
vn -0.3825 0.7113 -0.5898
vn -0.0114 0.4317 -0.9020
vn -0.3797 0.7123 -0.5902
vn -0.0137 0.4686 -0.8833
vn -0.1185 0.5259 -0.8422
vn -0.8886 0.0620 0.4546
vn -0.8198 0.0210 0.5723
vn -0.5352 0.6396 0.5518
vn -0.1629 0.1055 0.9810
vn -0.9769 0.2095 0.0423
vn -0.9962 -0.0491 0.0714
vn -0.9900 0.1378 0.0299
vn -0.9898 0.1165 0.0822
vn -0.9884 0.1332 0.0733
vn -0.8048 0.3074 0.5077
vn -0.9519 0.3056 0.0199
vn -0.7763 0.4408 0.4506
vn -0.9641 0.2468 0.0981
vn -0.9700 0.1551 0.1870
vn -0.7051 0.0420 0.7079
vn -0.9463 0.3208 0.0395
vn -0.9773 0.1487 0.1507
vn -0.9533 0.2100 0.2171
vn -0.9619 0.0535 0.2680
vn -0.9423 0.1495 0.2996
vn -0.9375 0.1686 0.3045
vn -0.8122 0.3522 0.4650
vn -0.6499 0.5665 0.5067
vn -0.5910 0.4522 0.6680
vn -0.8847 0.3162 0.3426
vn -0.8710 0.0012 0.4914
vn -0.8652 0.3729 0.3353
vn -0.7116 0.2675 0.6496
vn -0.3845 0.2243 0.8954
vn -0.9852 -0.1717 0.0028
vn -0.4410 0.5096 0.7388
vn -0.9618 0.2547 0.1003
vn -0.9333 0.3578 0.0322
vn -0.9967 -0.0681 0.0437
vn -0.9847 -0.1719 0.0286
vn -0.9901 0.1140 0.0816
vn -0.9758 0.0549 0.2117
vn -0.9659 0.2322 0.1149
vn -0.9438 0.1718 0.2824
vn -0.9805 0.0863 0.1766
vn -0.9139 0.0201 0.4054
vn 0.7504 -0.5848 -0.3081
vn -0.7740 0.4955 -0.3942
vn -0.8123 0.3385 -0.4751
vn -0.4900 0.5278 -0.6938
vn -0.9514 0.0306 -0.3063
vn -0.9763 -0.0016 -0.2162
vn -0.1279 0.4919 -0.8612
vn -0.2934 0.6709 -0.6810
vn -0.9852 -0.1268 -0.1152
vn -0.5733 0.6054 -0.5521
vn -0.9956 -0.0097 -0.0935
vn -0.9986 -0.0455 -0.0259
vn -0.9575 0.2546 -0.1359
vn -0.6774 0.0423 -0.7344
vn -0.8002 0.3377 -0.4956
vn -0.6318 0.6388 -0.4390
vn -0.2383 -0.2394 -0.9412
vn -0.8809 0.2895 -0.3744
vn -0.9038 0.3278 -0.2750
vn -0.8819 0.2855 -0.3752
vn -0.6554 0.5457 -0.5221
vn -0.6903 0.4312 -0.5809
vn -0.5716 -0.0423 -0.8195
vn -0.9056 0.3218 -0.2761
vn -0.8723 -0.1880 -0.4514
vn -0.8105 0.3893 -0.4376
vn -0.7993 0.0766 -0.5960
vn -0.8305 0.1934 -0.5224
vn -0.9099 0.3638 -0.1994
vn -0.9413 -0.1374 -0.3083
vn -0.9382 0.2777 -0.2067
vn -0.9254 0.3564 -0.1287
vn -0.9545 0.2695 -0.1273
vn -0.9551 -0.2124 -0.2066
vn -0.3855 0.6994 -0.6018
vn -0.4211 0.6580 -0.6242
vn -0.9897 0.1379 -0.0381
vn -0.3490 0.6165 -0.7057
vn -0.3948 0.5540 -0.7329
vn -0.9989 -0.0409 -0.0246
vn -0.4142 0.6474 -0.6397
vn -0.3206 0.6178 -0.7180
vn -0.3285 0.4630 -0.8232
vn -0.3868 0.4931 -0.7792
vn -0.4467 0.6047 -0.6594
vn -0.5388 0.5729 -0.6176
vn -0.5790 0.5716 -0.5814
vn -0.9915 -0.1280 0.0228
vn -0.9357 0.3528 -0.0061
vn -0.9860 0.1648 -0.0256
vn -0.9391 0.3435 0.0080
vn -0.9868 -0.1610 0.0201
vn -0.9961 -0.0882 0.0030
vn -0.9408 0.3388 -0.0081
vn -0.9992 -0.0341 0.0193
vn -0.9419 0.3358 0.0095
vn -0.9871 -0.1590 0.0165
vn -0.7050 -0.4111 -0.5779
vn -0.7736 -0.4880 -0.4042
vn -0.2029 0.2153 0.9552
vn -0.8121 -0.5560 0.1772
vt 0.287500 0.300000
vt 0.337500 0.300000
vt 0.337500 0.700000
usemtl material_0
f 1875/7/3298 1859/8/3298 1858/9/3298
f 1865/7/3299 1862/8/3299 1878/9/3299
f 1862/7/3300 1867/8/3300 1864/9/3300
f 1941/7/3301 1935/8/3301 1856/9/3301
f 1875/7/3302 1863/8/3302 1859/9/3302
f 1857/7/3303 1868/8/3303 1861/9/3303
f 1878/7/3304 1862/8/3304 1863/9/3304
f 1856/7/3305 1876/8/3305 1868/9/3305
f 1865/7/3306 1872/8/3306 1862/9/3306
f 1918/7/3307 1870/8/3307 1857/9/3307
f 1867/7/3308 1944/8/3308 1871/9/3308
f 1899/7/3309 1875/8/3309 1873/9/3309
f 1935/7/3310 1936/8/3310 1856/9/3310
f 1868/7/3311 1944/8/3311 1867/9/3311
f 1857/7/3312 1856/8/3312 1868/9/3312
f 1868/7/3313 1877/8/3313 1944/9/3313
f 1856/7/3314 1934/8/3314 1876/9/3314
f 1870/7/3315 1856/8/3315 1857/9/3315
f 1864/7/3316 1860/8/3316 1869/9/3316
f 1861/7/3317 1867/8/3317 1862/9/3317
f 1872/7/3318 1861/8/3318 1862/9/3318
f 1868/7/3319 1876/8/3319 1877/9/3319
f 1863/7/3320 1866/8/3320 1859/9/3320
f 1899/7/3321 1878/8/3321 1875/9/3321
f 1856/7/3322 1936/8/3322 1934/9/3322
f 1861/7/3323 1868/8/3323 1867/9/3323
f 1873/7/3324 1875/8/3324 1874/9/3324
f 1863/7/3325 1864/8/3325 1866/9/3325
f 1907/7/3326 1857/8/3326 1872/9/3326
f 1863/7/3327 1862/8/3327 1864/9/3327
f 1870/7/3328 1879/8/3328 1856/9/3328
f 1872/7/3329 1857/8/3329 1861/9/3329
f 1866/7/3330 1864/8/3330 1869/9/3330
f 1864/7/3331 1871/8/3331 1860/9/3331
f 1867/7/3332 1871/8/3332 1864/9/3332
f 1874/7/3333 1875/8/3333 1858/9/3333
f 1879/7/3334 1941/8/3334 1856/9/3334
f 1878/7/3335 1863/8/3335 1875/9/3335
f 1918/7/3336 1857/8/3336 1907/9/3336
f 1881/7/3337 1874/8/3337 1882/9/3337
f 1869/7/3338 1885/8/3338 1866/9/3338
f 1882/7/3339 1884/8/3339 1883/9/3339
f 1858/7/3340 1882/8/3340 1874/9/3340
f 1858/7/3341 1884/8/3341 1882/9/3341
f 1858/7/3342 1880/8/3342 1884/9/3342
f 1858/7/3343 1859/8/3343 1880/9/3343
f 1866/7/3344 1880/8/3344 1859/9/3344
f 1886/7/3345 1880/8/3345 1866/9/3345
f 1866/7/3346 1885/8/3346 1886/9/3346
f 1886/7/3347 1885/8/3347 1947/9/3347
f 1892/7/3348 1896/8/3348 1901/9/3348
f 1892/7/3349 1904/8/3349 1896/9/3349
f 1891/7/3350 1903/8/3350 1902/9/3350
f 1887/7/3351 1893/8/3351 1906/9/3351
f 1892/7/3352 1901/8/3352 1894/9/3352
f 1888/7/3353 1890/8/3353 1889/9/3353
f 1899/7/3354 1898/8/3354 1892/9/3354
f 1873/7/3355 1898/8/3355 1899/9/3355
f 1898/7/3356 1887/8/3356 1888/9/3356
f 1896/7/3357 1888/8/3357 1889/9/3357
f 1897/7/3358 1894/8/3358 1895/9/3358
f 1899/7/3359 1892/8/3359 1894/9/3359
f 1878/7/3360 1899/8/3360 1900/9/3360
f 1901/7/3361 1896/8/3361 1889/9/3361
f 1902/7/3362 1901/8/3362 1889/9/3362
f 1902/7/3363 1903/8/3363 1901/9/3363
f 1904/7/3364 1888/8/3364 1896/9/3364
f 1898/7/3365 1904/8/3365 1892/9/3365
f 1906/7/3366 1883/8/3366 1905/9/3366
f 1903/7/3367 1894/8/3367 1901/9/3367
f 1895/7/3368 1894/8/3368 1903/9/3368
f 1906/7/3369 1882/8/3369 1883/9/3369
f 1895/7/3370 1903/8/3370 1891/9/3370
f 1900/7/3371 1899/8/3371 1894/9/3371
f 1900/7/3372 1894/8/3372 1897/9/3372
f 1887/7/3373 1905/8/3373 1890/9/3373
f 1887/7/3374 1906/8/3374 1905/9/3374
f 1893/7/3375 1881/8/3375 1906/9/3375
f 1893/7/3376 1887/8/3376 1898/9/3376
f 1881/7/3377 1873/8/3377 1874/9/3377
f 1873/7/3378 1881/8/3378 1893/9/3378
f 1904/7/3379 1898/8/3379 1888/9/3379
f 1893/7/3380 1898/8/3380 1873/9/3380
f 1881/7/3381 1882/8/3381 1906/9/3381
f 1887/7/3382 1890/8/3382 1888/9/3382
f 1895/7/3383 1913/8/3383 1909/9/3383
f 1897/7/3384 1895/8/3384 1909/9/3384
f 1865/7/3385 1900/8/3385 1910/9/3385
f 1897/7/3386 1910/8/3386 1900/9/3386
f 1913/7/3387 1895/8/3387 1891/9/3387
f 1897/7/3388 1909/8/3388 1910/9/3388
f 1909/7/3389 1911/8/3389 1910/9/3389
f 1914/7/3390 1907/8/3390 1908/9/3390
f 1913/7/3391 1891/8/3391 1912/9/3391
f 1915/7/3392 1913/8/3392 1912/9/3392
f 1908/7/3393 1909/8/3393 1913/9/3393
f 1915/7/3394 1912/8/3394 1916/9/3394
f 1914/7/3395 1913/8/3395 1915/9/3395
f 1914/7/3396 1908/8/3396 1913/9/3396
f 1914/7/3397 1915/8/3397 1917/9/3397
f 1918/7/3398 1907/8/3398 1914/9/3398
f 1918/7/3399 1914/8/3399 1917/9/3399
f 1865/7/3400 1878/8/3400 1900/9/3400
f 1865/7/3401 1910/8/3401 1872/9/3401
f 1911/7/3402 1909/8/3402 1908/9/3402
f 1872/7/3403 1910/8/3403 1911/9/3403
f 1907/7/3404 1872/8/3404 1911/9/3404
f 1907/7/3405 1911/8/3405 1908/9/3405
f 1917/7/3406 1915/8/3406 1920/9/3406
f 1921/7/3407 1920/8/3407 1916/9/3407
f 1921/7/3408 1919/8/3408 1922/9/3408
f 1924/7/3409 1920/8/3409 1923/9/3409
f 1925/7/3410 1921/8/3410 1922/9/3410
f 1925/7/3411 1923/8/3411 1921/9/3411
f 1924/7/3412 1870/8/3412 1917/9/3412
f 1925/7/3413 1929/8/3413 1923/9/3413
f 1920/7/3414 1915/8/3414 1916/9/3414
f 1928/7/3415 1870/8/3415 1924/9/3415
f 1928/7/3416 1924/8/3416 1929/9/3416
f 1870/7/3417 1918/8/3417 1917/9/3417
f 1931/7/3418 1928/8/3418 1929/9/3418
f 1931/7/3419 1929/8/3419 1930/9/3419
f 1879/7/3420 1928/8/3420 1931/9/3420
f 1930/7/3421 1932/8/3421 1931/9/3421
f 1879/7/3422 1931/8/3422 1932/9/3422
f 1929/7/3423 1924/8/3423 1923/9/3423
f 1921/7/3424 1916/8/3424 1919/9/3424
f 1924/7/3425 1917/8/3425 1920/9/3425
f 1923/7/3426 1920/8/3426 1921/9/3426
f 1926/7/3427 1925/8/3427 1922/9/3427
f 1926/7/3428 1927/8/3428 1925/9/3428
f 1929/7/3429 1925/8/3429 1927/9/3429
f 1927/7/3430 1930/8/3430 1929/9/3430
f 1928/7/3431 1879/8/3431 1870/9/3431
f 1930/7/3432 1927/8/3432 1939/9/3432
f 1933/7/3433 1876/8/3433 1940/9/3433
f 1934/7/3434 1936/8/3434 1933/9/3434
f 1937/7/3435 1939/8/3435 1942/9/3435
f 1942/7/3436 1939/8/3436 1938/9/3436
f 1933/7/3437 1940/8/3437 1934/9/3437
f 1936/7/3438 1941/8/3438 1937/9/3438
f 1935/7/3439 1941/8/3439 1936/9/3439
f 1938/7/3440 1939/8/3440 1926/9/3440
f 1879/7/3441 1932/8/3441 1941/9/3441
f 1876/7/3442 1934/8/3442 1940/9/3442
f 1933/7/3443 1936/8/3443 1942/9/3443
f 1937/7/3444 1942/8/3444 1936/9/3444
f 1937/7/3445 1941/8/3445 1939/9/3445
f 1939/7/3446 1941/8/3446 1932/9/3446
f 1926/7/3447 1939/8/3447 1927/9/3447
f 1930/7/3448 1939/8/3448 1932/9/3448
f 1992/7/3449 1876/8/3449 1933/9/3449
f 1871/7/3450 1944/8/3450 1943/9/3450
f 1869/7/3451 1947/8/3451 1885/9/3451
f 1944/7/3452 1945/8/3452 1943/9/3452
f 1869/7/3453 1860/8/3453 1998/9/3453
f 1998/7/3454 1860/8/3454 1871/9/3454
f 1869/7/3455 1998/8/3455 1947/9/3455
f 1944/7/3456 1877/8/3456 1945/9/3456
f 1877/7/3457 1876/8/3457 1945/9/3457
f 1883/7/3458 1884/8/3458 1950/9/3458
f 1886/7/3459 1947/8/3459 1946/9/3459
f 1886/7/3460 1946/8/3460 1948/9/3460
f 1949/7/3461 1950/8/3461 1884/9/3461
f 1951/7/3462 1880/8/3462 1886/9/3462
f 1951/7/3463 1886/8/3463 1948/9/3463
f 1952/7/3464 1880/8/3464 1951/9/3464
f 1884/7/3465 1952/8/3465 1949/9/3465
f 1884/7/3466 1880/8/3466 1952/9/3466
f 1890/7/3467 1953/8/3467 1889/9/3467
f 1964/7/3468 1956/8/3468 1954/9/3468
f 1966/7/3469 1957/8/3469 1955/9/3469
f 1953/7/3470 1905/8/3470 1964/9/3470
f 1890/7/3471 1905/8/3471 1953/9/3471
f 1964/7/3472 1905/8/3472 1958/9/3472
f 1955/7/3473 1957/8/3473 1959/9/3473
f 1905/7/3474 1950/8/3474 1958/9/3474
f 1883/7/3475 1950/8/3475 1905/9/3475
f 1956/7/3476 1958/8/3476 1960/9/3476
f 1965/7/3477 1961/8/3477 1968/9/3477
f 1964/7/3478 1958/8/3478 1956/9/3478
f 1963/7/3479 1968/8/3479 1961/9/3479
f 1959/7/3480 1957/8/3480 2024/9/3480
f 1963/7/3481 1964/8/3481 1968/9/3481
f 1958/7/3482 1950/8/3482 1962/9/3482
f 1962/7/3483 1950/8/3483 2037/9/3483
f 1965/7/3484 1968/8/3484 1966/9/3484
f 1967/7/3485 1966/8/3485 1969/9/3485
f 2024/7/3486 1957/8/3486 1970/9/3486
f 1966/7/3487 1968/8/3487 1957/9/3487
f 1891/7/3488 1963/8/3488 1961/9/3488
f 1902/7/3489 1963/8/3489 1891/9/3489
f 1964/7/3490 1957/8/3490 1968/9/3490
f 1969/7/3491 1966/8/3491 1955/9/3491
f 1970/7/3492 1964/8/3492 2029/9/3492
f 1957/7/3493 1964/8/3493 1970/9/3493
f 1889/7/3494 1963/8/3494 1902/9/3494
f 2029/7/3495 1964/8/3495 1954/9/3495
f 1889/7/3496 1953/8/3496 1963/9/3496
f 1963/7/3497 1953/8/3497 1964/9/3497
f 1971/7/3498 1912/8/3498 1891/9/3498
f 1971/7/3499 1891/8/3499 1961/9/3499
f 1966/7/3500 1967/8/3500 1972/9/3500
f 1973/7/3477 1961/8/3477 1965/9/3477
f 1973/7/3501 1965/8/3501 1974/9/3501
f 1974/7/3502 1965/8/3502 1966/9/3502
f 1974/7/3503 1966/8/3503 1972/9/3503
f 1971/7/3504 1961/8/3504 1973/9/3504
f 1976/7/3505 1973/8/3505 1983/9/3505
f 1916/7/3506 1971/8/3506 1973/9/3506
f 1916/7/3507 1973/8/3507 1976/9/3507
f 1977/7/3508 1975/8/3508 2220/9/3508
f 1977/7/3509 2220/8/3509 2219/9/3509
f 1978/7/3510 1977/8/3510 2218/9/3510
f 1979/7/3511 1977/8/3511 1978/9/3511
f 1979/7/3512 1976/8/3512 1977/9/3512
f 1976/7/3513 1919/8/3513 1916/9/3513
f 1979/7/3514 1919/8/3514 1976/9/3514
f 1981/7/3515 1972/8/3515 1980/9/3515
f 1974/7/3516 1981/8/3516 1983/9/3516
f 1974/7/3517 1972/8/3517 1981/9/3517
f 1984/7/3518 1983/8/3518 2055/9/3518
f 1984/7/3519 2055/8/3519 2051/9/3519
f 1977/7/3520 1984/8/3520 1985/9/3520
f 1975/7/3521 1985/8/3521 2221/9/3521
f 1975/7/3522 1977/8/3522 1985/9/3522
f 1976/7/3523 1984/8/3523 1977/9/3523
f 1912/7/3524 1971/8/3524 1916/9/3524
f 2219/7/3525 2218/8/3525 1977/9/3525
f 1979/7/3526 1922/8/3526 1919/9/3526
f 1985/7/3527 1984/8/3527 2051/9/3527
f 1973/7/3528 1974/8/3528 1983/9/3528
f 1983/7/3529 1981/8/3529 1982/9/3529
f 1983/7/3530 1982/8/3530 2055/9/3530
f 1976/7/3531 1983/8/3531 1984/9/3531
f 1922/7/3532 1978/8/3532 1986/9/3532
f 1926/7/3533 1986/8/3533 2069/9/3533
f 1922/7/3534 1986/8/3534 1926/9/3534
f 1979/7/3535 1978/8/3535 1922/9/3535
f 1987/7/3536 1988/8/3536 2216/9/3536
f 1992/7/3537 1988/8/3537 1987/9/3537
f 1933/7/3538 1988/8/3538 1992/9/3538
f 2214/7/3539 1938/8/3539 1989/9/3539
f 2069/7/3540 1989/8/3540 1926/9/3540
f 1989/7/3541 1938/8/3541 1926/9/3541
f 1942/7/3542 1988/8/3542 1933/9/3542
f 1938/7/3543 1988/8/3543 1942/9/3543
f 1988/7/3544 1938/8/3544 2214/9/3544
f 1943/7/3545 1996/8/3545 1871/9/3545
f 1996/7/3546 1943/8/3546 1991/9/3546
f 2079/7/3547 1992/8/3547 2085/9/3547
f 2072/7/3548 1992/8/3548 2079/9/3548
f 2072/7/3549 1945/8/3549 1992/9/3549
f 1876/7/3550 1992/8/3550 1945/9/3550
f 1943/7/3551 2072/8/3551 1990/9/3551
f 1992/7/3552 1987/8/3552 1993/9/3552
f 1943/7/3553 1945/8/3553 2072/9/3553
f 1994/7/3554 1998/8/3554 1995/9/3554
f 1998/7/3555 1996/8/3555 1995/9/3555
f 1871/7/3556 1996/8/3556 1998/9/3556
f 1946/7/3557 1947/8/3557 1997/9/3557
f 1947/7/3558 1998/8/3558 1997/9/3558
f 2102/7/3559 1998/8/3559 1999/9/3559
f 1997/7/3560 1998/8/3560 2102/9/3560
f 2000/7/3561 1998/8/3561 1994/9/3561
f 2094/7/3562 2001/8/3562 2002/9/3562
f 2094/7/3563 2004/8/3563 2001/9/3563
f 1949/7/3564 2007/8/3564 2006/9/3564
f 2003/7/3565 2001/8/3565 2005/9/3565
f 2008/7/3566 2007/8/3566 2005/9/3566
f 2005/7/3567 2001/8/3567 2004/9/3567
f 2007/7/3568 2003/8/3568 2005/9/3568
f 2002/7/3569 2001/8/3569 2003/9/3569
f 2002/7/3570 2003/8/3570 1949/9/3570
f 1949/7/3571 2003/8/3571 2007/9/3571
f 2010/7/3572 2011/8/3572 2012/9/3572
f 2009/7/3573 2013/8/3573 2011/9/3573
f 2011/7/3574 2014/8/3574 2012/9/3574
f 2011/7/3575 1969/8/3575 2014/9/3575
f 2013/7/3576 1969/8/3576 2011/9/3576
f 2016/7/3577 2014/8/3577 1969/9/3577
f 2014/7/3578 2017/8/3578 2015/9/3578
f 2016/7/3579 2017/8/3579 2014/9/3579
f 2019/7/3580 2017/8/3580 2016/9/3580
f 2019/7/3581 2020/8/3581 2017/9/3581
f 2021/7/3582 2020/8/3582 2019/9/3582
f 2017/7/3583 2020/8/3583 2018/9/3583
f 2022/7/3584 2020/8/3584 2023/9/3584
f 2020/7/3585 2025/8/3585 2023/9/3585
f 2021/7/3586 2024/8/3586 2020/9/3586
f 2020/7/3587 2024/8/3587 2025/9/3587
f 2023/7/3588 2025/8/3588 2027/9/3588
f 2024/7/3589 2026/8/3589 2025/9/3589
f 2026/7/3590 2210/8/3590 2025/9/3590
f 2025/7/3591 2028/8/3591 2027/9/3591
f 2025/7/3592 2029/8/3592 2028/9/3592
f 2210/7/3593 2029/8/3593 2025/9/3593
f 2029/7/3594 2031/8/3594 2028/9/3594
f 2028/7/3595 2031/8/3595 2030/9/3595
f 2031/7/3596 2209/8/3596 2030/9/3596
f 2030/7/3597 2209/8/3597 2032/9/3597
f 2209/7/3598 2033/8/3598 2032/9/3598
f 2032/7/3599 2035/8/3599 2034/9/3599
f 2033/7/3600 1960/8/3600 2032/9/3600
f 2032/7/3601 1960/8/3601 2035/9/3601
f 1960/7/3602 2036/8/3602 2035/9/3602
f 2034/7/3603 2035/8/3603 2008/9/3603
f 2008/7/3604 2035/8/3604 2007/9/3604
f 2007/7/3605 2035/8/3605 2006/9/3605
f 2036/7/3606 2037/8/3606 2035/9/3606
f 2035/7/3607 2037/8/3607 2006/9/3607
f 2217/7/3608 2059/8/3608 1980/9/3608
f 2217/7/3609 2038/8/3609 2059/9/3609
f 2042/7/3610 2041/8/3610 2070/9/3610
f 2070/7/3611 2041/8/3611 2040/9/3611
f 2218/7/3612 2041/8/3612 2042/9/3612
f 2040/7/3613 2044/8/3613 2043/9/3613
f 2041/7/3614 2044/8/3614 2040/9/3614
f 2219/7/3615 2044/8/3615 2218/9/3615
f 2218/7/3616 2044/8/3616 2041/9/3616
f 2043/7/3617 2044/8/3617 2045/9/3617
f 2046/7/3618 2044/8/3618 2219/9/3618
f 2044/7/3619 2047/8/3619 2045/9/3619
f 2045/7/3620 2047/8/3620 2048/9/3620
f 2046/7/3621 2047/8/3621 2044/9/3621
f 2221/7/3622 2047/8/3622 2046/9/3622
f 2047/7/3623 2049/8/3623 2048/9/3623
f 2221/7/3624 2049/8/3624 2047/9/3624
f 2051/7/3625 2049/8/3625 2221/9/3625
f 2049/7/3626 2051/8/3626 2050/9/3626
f 2051/7/3627 2052/8/3627 2050/9/3627
f 2052/7/3628 2053/8/3628 2050/9/3628
f 2051/7/3629 2055/8/3629 2052/9/3629
f 2053/7/3630 2052/8/3630 2054/9/3630
f 1982/7/3631 2052/8/3631 2055/9/3631
f 2052/7/3632 2056/8/3632 2054/9/3632
f 1982/7/3633 2056/8/3633 2052/9/3633
f 2058/7/3634 2056/8/3634 1982/9/3634
f 2056/7/3635 2059/8/3635 2057/9/3635
f 2058/7/3636 2059/8/3636 2056/9/3636
f 2057/7/3637 2038/8/3637 2039/9/3637
f 2059/7/3638 2038/8/3638 2057/9/3638
f 2058/7/3639 1980/8/3639 2059/9/3639
f 2039/7/3640 2011/8/3640 2010/9/3640
f 2038/7/3641 2011/8/3641 2039/9/3641
f 2038/7/3642 2009/8/3642 2011/9/3642
f 2217/7/3643 2009/8/3643 2038/9/3643
f 2216/7/3644 2060/8/3644 2061/9/3644
f 2063/7/3645 2062/8/3645 2060/9/3645
f 2216/7/3646 2061/8/3646 2064/9/3646
f 2065/7/3647 2067/8/3647 2062/9/3647
f 2063/7/3648 2060/8/3648 2216/9/3648
f 2065/7/3649 2062/8/3649 2063/9/3649
f 2062/7/3650 2067/8/3650 2066/9/3650
f 1989/7/3651 2067/8/3651 2065/9/3651
f 2222/7/3652 2042/8/3652 2068/9/3652
f 2069/7/3653 2067/8/3653 1989/9/3653
f 2042/7/3654 2070/8/3654 2068/9/3654
f 2066/7/3655 2068/8/3655 2070/9/3655
f 2067/7/3656 2068/8/3656 2066/9/3656
f 2069/7/3657 2068/8/3657 2067/9/3657
f 2069/7/3658 2222/8/3658 2068/9/3658
f 2075/7/3659 2073/8/3659 1991/9/3659
f 2076/7/3660 2073/8/3660 2077/9/3660
f 2071/7/3661 2079/8/3661 2074/9/3661
f 2072/7/3662 2079/8/3662 2071/9/3662
f 2213/7/3663 2077/8/3663 2075/9/3663
f 2075/7/3664 2077/8/3664 2073/9/3664
f 2082/7/3665 2077/8/3665 2213/9/3665
f 2078/7/3666 2083/8/3666 2080/9/3666
f 2074/7/3667 2212/8/3667 2078/9/3667
f 2079/7/3668 2212/8/3668 2074/9/3668
f 2082/7/3669 2081/8/3669 2077/9/3669
f 2084/7/3670 2081/8/3670 2082/9/3670
f 2085/7/3671 2083/8/3671 2212/9/3671
f 2212/7/3672 2083/8/3672 2078/9/3672
f 2080/7/3673 2083/8/3673 2087/9/3673
f 2088/7/3674 2081/8/3674 2084/9/3674
f 2089/7/3675 2083/8/3675 2085/9/3675
f 2090/7/3676 2081/8/3676 2088/9/3676
f 2081/7/3677 2091/8/3677 2086/9/3677
f 2090/7/3678 2091/8/3678 2081/9/3678
f 1993/7/3679 2083/8/3679 2089/9/3679
f 2083/7/3680 2061/8/3680 2087/9/3680
f 1990/7/3681 2091/8/3681 2090/9/3681
f 1993/7/3682 2061/8/3682 2083/9/3682
f 2072/7/3683 2071/8/3683 1990/9/3683
f 1990/7/3684 2071/8/3684 2091/9/3684
f 1993/7/3685 2064/8/3685 2061/9/3685
f 2000/7/3686 2092/8/3686 1999/9/3686
f 2092/7/3687 2093/8/3687 2131/9/3687
f 2000/7/3688 2093/8/3688 2092/9/3688
f 2131/7/3689 2093/8/3689 2132/9/3689
f 2095/7/3690 2093/8/3690 2000/9/3690
f 2132/7/3691 2093/8/3691 2133/9/3691
f 2133/7/3692 2097/8/3692 2134/9/3692
f 2093/7/3693 2097/8/3693 2133/9/3693
f 2211/7/3694 2004/8/3694 2094/9/3694
f 2095/7/3695 2097/8/3695 2093/9/3695
f 1995/7/3696 2097/8/3696 2095/9/3696
f 2134/7/3697 2097/8/3697 2099/9/3697
f 2211/7/3698 2096/8/3698 2004/9/3698
f 2100/7/3699 2096/8/3699 2211/9/3699
f 2101/7/3700 2097/8/3700 1995/9/3700
f 2097/7/3701 2073/8/3701 2099/9/3701
f 2097/7/3702 2101/8/3702 2073/9/3702
f 2096/7/3703 2100/8/3703 2098/9/3703
f 1991/7/3704 2073/8/3704 2101/9/3704
f 2099/7/3705 2073/8/3705 2076/9/3705
f 2102/7/3706 2098/8/3706 2100/9/3706
f 2102/7/3707 2103/8/3707 2098/9/3707
f 1999/7/3708 2103/8/3708 2102/9/3708
f 1999/7/3709 2092/8/3709 2103/9/3709
f 2104/7/3710 2105/8/3710 2039/9/3710
f 2010/7/3711 2104/8/3711 2039/9/3711
f 2106/7/3712 2104/8/3712 2010/9/3712
f 2107/7/3713 2289/8/3713 2054/9/3713
f 2057/7/3714 2107/8/3714 2054/9/3714
f 2287/7/3715 2107/8/3715 2057/9/3715
f 2070/7/3716 2108/8/3716 2109/9/3716
f 2110/7/3717 2287/8/3717 2057/9/3717
f 2039/7/3718 2110/8/3718 2057/9/3718
f 2111/7/3719 2110/8/3719 2039/9/3719
f 2040/7/3720 2278/8/3720 2108/9/3720
f 2283/7/3721 2111/8/3721 2039/9/3721
f 2040/7/3722 2108/8/3722 2070/9/3722
f 2039/7/3723 2105/8/3723 2283/9/3723
f 2043/7/3724 2112/8/3724 2278/9/3724
f 2043/7/3725 2278/8/3725 2040/9/3725
f 2045/7/3726 2113/8/3726 2112/9/3726
f 2045/7/3727 2112/8/3727 2043/9/3727
f 2048/7/3728 2276/8/3728 2113/9/3728
f 2048/7/3729 2113/8/3729 2045/9/3729
f 2048/7/3730 2273/8/3730 2276/9/3730
f 2049/7/3731 2273/8/3731 2048/9/3731
f 2049/7/3732 2272/8/3732 2273/9/3732
f 2050/7/3733 2272/8/3733 2049/9/3733
f 2050/7/3734 2114/8/3734 2272/9/3734
f 2050/7/3735 2115/8/3735 2114/9/3735
f 2053/7/3736 2115/8/3736 2050/9/3736
f 2054/7/3737 2271/8/3737 2115/9/3737
f 2054/7/3738 2115/8/3738 2053/9/3738
f 2054/7/3739 2289/8/3739 2271/9/3739
f 2109/7/3740 2117/8/3740 2070/9/3740
f 2116/7/3741 2117/8/3741 2109/9/3741
f 2117/7/3742 2066/8/3742 2070/9/3742
f 2117/7/3743 2118/8/3743 2066/9/3743
f 2118/7/3744 2119/8/3744 2066/9/3744
f 2119/7/3745 2260/8/3745 2066/9/3745
f 2260/7/3746 2120/8/3746 2066/9/3746
f 2120/7/3747 2060/8/3747 2066/9/3747
f 2120/7/3748 2121/8/3748 2060/9/3748
f 2121/7/3749 2122/8/3749 2060/9/3749
f 2122/7/3750 2124/8/3750 2060/9/3750
f 2124/7/3751 2061/8/3751 2060/9/3751
f 2087/7/3752 2123/8/3752 2226/9/3752
f 2087/7/3753 2226/8/3753 2080/9/3753
f 2087/7/3754 2124/8/3754 2123/9/3754
f 2076/7/3755 2125/8/3755 2126/9/3755
f 2061/7/3756 2124/8/3756 2087/9/3756
f 2077/7/3757 2125/8/3757 2076/9/3757
f 2236/7/3758 2125/8/3758 2077/9/3758
f 2081/7/3759 2235/8/3759 2236/9/3759
f 2081/7/3760 2236/8/3760 2077/9/3760
f 2081/7/3761 2233/8/3761 2235/9/3761
f 2086/7/3762 2127/8/3762 2233/9/3762
f 2086/7/3763 2233/8/3763 2081/9/3763
f 2091/7/3764 2231/8/3764 2127/9/3764
f 2091/7/3765 2127/8/3765 2086/9/3765
f 2071/7/3766 2231/8/3766 2091/9/3766
f 2071/7/3767 2229/8/3767 2231/9/3767
f 2074/7/3768 2229/8/3768 2071/9/3768
f 2074/7/3769 2228/8/3769 2229/9/3769
f 2078/7/3770 2128/8/3770 2228/9/3770
f 2078/7/3771 2228/8/3771 2074/9/3771
f 2080/7/3772 2226/8/3772 2128/9/3772
f 2080/7/3773 2128/8/3773 2078/9/3773
f 2099/7/3774 2126/8/3774 2129/9/3774
f 2076/7/3775 2126/8/3775 2099/9/3775
f 2004/7/3776 2247/8/3776 2248/9/3776
f 2096/7/3777 2247/8/3777 2004/9/3777
f 2096/7/3778 2245/8/3778 2247/9/3778
f 2098/7/3779 2245/8/3779 2096/9/3779
f 2098/7/3780 2244/8/3780 2245/9/3780
f 2103/7/3781 2130/8/3781 2244/9/3781
f 2103/7/3782 2244/8/3782 2098/9/3782
f 2092/7/3783 2130/8/3783 2103/9/3783
f 2092/7/3784 2240/8/3784 2130/9/3784
f 2131/7/3785 2240/8/3785 2092/9/3785
f 2132/7/3786 2240/8/3786 2131/9/3786
f 2132/7/3787 2241/8/3787 2240/9/3787
f 2133/7/3788 2241/8/3788 2132/9/3788
f 2133/7/3789 2239/8/3789 2241/9/3789
f 2134/7/3790 2135/8/3790 2239/9/3790
f 2134/7/3791 2239/8/3791 2133/9/3791
f 2134/7/3792 2136/8/3792 2135/9/3792
f 2099/7/3793 2129/8/3793 2136/9/3793
f 2099/7/3794 2136/8/3794 2134/9/3794
f 2137/7/3795 2138/8/3795 2139/9/3795
f 2137/7/3796 2139/8/3796 2008/9/3796
f 2008/7/3797 2265/8/3797 2137/9/3797
f 2005/7/3798 2266/8/3798 2265/9/3798
f 2005/7/3799 2265/8/3799 2008/9/3799
f 2264/7/3800 2266/8/3800 2005/9/3800
f 2248/7/3801 2264/8/3801 2005/9/3801
f 2004/7/3802 2248/8/3802 2005/9/3802
f 2027/7/3803 2304/8/3803 2023/9/3803
f 2027/7/3804 2140/8/3804 2304/9/3804
f 2028/7/3805 2141/8/3805 2140/9/3805
f 2028/7/3806 2140/8/3806 2027/9/3806
f 2010/7/3807 2307/8/3807 2106/9/3807
f 2030/7/3808 2291/8/3808 2141/9/3808
f 2030/7/3809 2141/8/3809 2028/9/3809
f 2010/7/3810 2142/8/3810 2307/9/3810
f 2030/7/3811 2299/8/3811 2291/9/3811
f 2012/7/3812 2143/8/3812 2142/9/3812
f 2012/7/3813 2142/8/3813 2010/9/3813
f 2030/7/3814 2295/8/3814 2299/9/3814
f 2014/7/3815 2143/8/3815 2012/9/3815
f 2032/7/3816 2295/8/3816 2030/9/3816
f 2014/7/3817 2144/8/3817 2143/9/3817
f 2032/7/3818 2145/8/3818 2295/9/3818
f 2015/7/3819 2144/8/3819 2014/9/3819
f 2034/7/3820 2145/8/3820 2032/9/3820
f 2034/7/3821 2311/8/3821 2145/9/3821
f 2015/7/3822 2146/8/3822 2144/9/3822
f 2034/7/3823 2310/8/3823 2311/9/3823
f 2018/7/3824 2146/8/3824 2015/9/3824
f 2008/7/3825 2147/8/3825 2310/9/3825
f 2008/7/3826 2310/8/3826 2034/9/3826
f 2018/7/3827 2148/8/3827 2146/9/3827
f 2008/7/3828 2139/8/3828 2147/9/3828
f 2022/7/3829 2149/8/3829 2148/9/3829
f 2022/7/3830 2148/8/3830 2018/9/3830
f 2023/7/3831 2150/8/3831 2149/9/3831
f 2023/7/3832 2149/8/3832 2022/9/3832
f 2023/7/3833 2293/8/3833 2150/9/3833
f 2023/7/3834 2304/8/3834 2293/9/3834
f 2151/7/3835 2208/8/3835 1855/9/3835
f 2151/7/3836 1855/8/3836 1854/9/3836
f 2206/7/3837 2152/8/3837 2153/9/3837
f 2154/7/3838 2206/8/3838 2153/9/3838
f 2154/7/3839 2153/8/3839 2155/9/3839
f 1852/7/3840 2151/8/3840 1854/9/3840
f 1852/7/3841 2158/8/3841 2151/9/3841
f 2156/7/3842 2159/8/3842 2157/9/3842
f 2160/7/3843 2156/8/3843 2157/9/3843
f 2160/7/3844 2157/8/3844 2162/9/3844
f 2270/7/3845 2159/8/3845 2156/9/3845
f 1852/7/3846 2161/8/3846 2158/9/3846
f 2163/7/3847 2159/8/3847 2270/9/3847
f 2164/7/3848 2160/8/3848 2162/9/3848
f 2290/7/3849 2159/8/3849 2163/9/3849
f 2154/7/3850 2155/8/3850 2292/9/3850
f 2274/7/3851 2165/8/3851 2159/9/3851
f 2274/7/3852 2159/8/3852 2290/9/3852
f 1852/7/3853 2234/8/3853 2161/9/3853
f 2166/7/3854 2165/8/3854 2274/9/3854
f 2167/7/3855 2292/8/3855 2309/9/3855
f 2167/7/3856 2154/8/3856 2292/9/3856
f 2168/7/3857 2164/8/3857 2162/9/3857
f 2167/7/3858 2309/8/3858 2308/9/3858
f 2279/7/3859 2164/8/3859 2168/9/3859
f 2169/7/3860 2165/8/3860 2166/9/3860
f 2170/7/3861 2165/8/3861 2169/9/3861
f 2167/7/3862 2308/8/3862 2263/9/3862
f 2288/7/3863 2165/8/3863 2170/9/3863
f 2167/7/3864 2263/8/3864 2171/9/3864
f 2172/7/3865 2165/8/3865 2288/9/3865
f 1853/7/3866 2234/8/3866 1852/9/3866
f 2173/7/3867 2279/8/3867 2168/9/3867
f 1853/7/3868 2237/8/3868 2234/9/3868
f 1853/7/3869 2238/8/3869 2237/9/3869
f 2286/7/3870 2165/8/3870 2172/9/3870
f 2286/7/3871 2174/8/3871 2165/9/3871
f 2175/7/3872 2167/8/3872 2171/9/3872
f 2284/7/3873 2174/8/3873 2286/9/3873
f 2176/7/3874 2238/8/3874 1853/9/3874
f 2177/7/3875 2173/8/3875 2168/9/3875
f 2175/7/3876 2171/8/3876 2267/9/3876
f 2281/7/3877 2174/8/3877 2284/9/3877
f 2175/7/3878 2267/8/3878 2178/9/3878
f 2179/7/3879 2174/8/3879 2281/9/3879
f 2180/7/3880 2177/8/3880 2168/9/3880
f 2181/7/3881 2180/8/3881 2168/9/3881
f 1849/7/3882 2175/8/3882 2178/9/3882
f 1847/7/3883 2182/8/3883 2176/9/3883
f 2183/7/3884 2174/8/3884 2179/9/3884
f 2183/7/3885 2184/8/3885 2174/9/3885
f 1847/7/3886 2176/8/3886 1853/9/3886
f 2306/7/3887 2184/8/3887 2183/9/3887
f 1847/7/3888 2185/8/3888 2182/9/3888
f 2186/7/3889 2180/8/3889 2181/9/3889
f 2305/7/3890 2184/8/3890 2306/9/3890
f 1849/7/3891 2178/8/3891 2187/9/3891
f 1848/7/3892 2185/8/3892 1847/9/3892
f 1848/7/3893 2188/8/3893 2185/9/3893
f 1848/7/3894 2189/8/3894 2188/9/3894
f 1849/7/3895 2187/8/3895 2190/9/3895
f 2191/7/3896 2192/8/3896 2184/9/3896
f 2191/7/3897 2184/8/3897 2305/9/3897
f 2193/7/3898 2186/8/3898 2181/9/3898
f 1848/7/3899 2194/8/3899 2189/9/3899
f 2301/7/3900 2192/8/3900 2191/9/3900
f 1851/7/3901 2194/8/3901 1848/9/3901
f 1851/7/3902 2242/8/3902 2194/9/3902
f 2301/7/3903 2195/8/3903 2192/9/3903
f 2298/7/3904 2195/8/3904 2301/9/3904
f 2196/7/3905 2193/8/3905 2181/9/3905
f 1849/7/3906 2190/8/3906 2197/9/3906
f 2198/7/3907 2195/8/3907 2298/9/3907
f 1851/7/3908 2199/8/3908 2242/9/3908
f 2200/7/3909 2195/8/3909 2198/9/3909
f 1850/7/3910 2243/8/3910 2199/9/3910
f 1850/7/3911 2199/8/3911 1851/9/3911
f 2201/7/3912 2196/8/3912 2181/9/3912
f 1849/7/3913 2197/8/3913 2202/9/3913
f 1850/7/3914 2203/8/3914 2243/9/3914
f 1850/7/3915 1849/8/3915 2202/9/3915
f 1850/7/3916 2202/8/3916 2203/9/3916
f 2204/7/3917 2200/8/3917 2198/9/3917
f 2205/7/3918 2201/8/3918 2181/9/3918
f 2206/7/3919 2200/8/3919 2204/9/3919
f 2207/7/3920 2205/8/3920 2181/9/3920
f 2207/7/3921 2224/8/3921 2205/9/3921
f 2225/7/3922 2224/8/3922 2207/9/3922
f 2206/7/3923 2204/8/3923 2152/9/3923
f 2225/7/3924 2207/8/3924 1855/9/3924
f 2208/7/3925 2225/8/3925 1855/9/3925
f 1948/7/3926 2002/8/3926 1951/9/3926
f 2094/7/3927 2002/8/3927 1946/9/3927
f 1946/7/3928 2002/8/3928 1948/9/3928
f 2002/7/3929 1952/8/3929 1951/9/3929
f 1949/7/3930 1952/8/3930 2002/9/3930
f 1950/7/3931 1949/8/3931 2037/9/3931
f 2037/7/3932 1949/8/3932 2006/9/3932
f 1962/7/3933 2036/8/3933 1958/9/3933
f 1958/7/3934 2036/8/3934 1960/9/3934
f 1956/7/3935 1960/8/3935 2033/9/3935
f 1956/7/3936 2209/8/3936 1954/9/3936
f 2029/7/3937 1954/8/3937 2031/9/3937
f 2029/7/3938 2210/8/3938 1970/9/3938
f 2209/7/3939 2031/8/3939 1954/9/3939
f 2009/7/3940 1967/8/3940 2013/9/3940
f 2210/7/3941 2026/8/3941 1970/9/3941
f 2033/7/3942 2209/8/3942 1956/9/3942
f 2024/7/3943 1970/8/3943 2026/9/3943
f 2024/7/3944 2021/8/3944 1959/9/3944
f 2019/7/3945 1959/8/3945 2021/9/3945
f 1959/7/3946 2019/8/3946 1955/9/3946
f 2016/7/3947 1955/8/3947 2019/9/3947
f 2016/7/3948 1969/8/3948 1955/9/3948
f 2036/7/3949 1962/8/3949 2037/9/3949
f 2013/7/3950 1967/8/3950 1969/9/3950
f 2102/7/3951 2100/8/3951 1997/9/3951
f 1997/7/3952 2211/8/3952 1946/9/3952
f 2095/7/3953 2000/8/3953 1994/9/3953
f 2000/7/3954 1999/8/3954 1998/9/3954
f 2211/7/3955 1997/8/3955 2100/9/3955
f 1991/7/3956 2101/8/3956 1996/9/3956
f 1946/7/3957 2211/8/3957 2094/9/3957
f 1996/7/3958 2101/8/3958 1995/9/3958
f 1994/7/3959 1995/8/3959 2095/9/3959
f 1943/7/3960 2082/8/3960 2213/9/3960
f 1943/7/3961 2084/8/3961 2082/9/3961
f 1943/7/3962 2088/8/3962 2084/9/3962
f 1990/7/3963 2088/8/3963 1943/9/3963
f 1993/7/3964 2089/8/3964 1992/9/3964
f 1987/7/3965 2064/8/3965 1993/9/3965
f 2085/7/3966 2212/8/3966 2079/9/3966
f 1990/7/3967 2090/8/3967 2088/9/3967
f 1943/7/3968 2075/8/3968 1991/9/3968
f 2085/7/3969 1992/8/3969 2089/9/3969
f 1943/7/3970 2213/8/3970 2075/9/3970
f 2009/7/3971 1972/8/3971 1967/9/3971
f 2217/7/3972 1972/8/3972 2009/9/3972
f 2214/7/3973 2215/8/3973 1988/9/3973
f 2063/7/3974 1988/8/3974 2065/9/3974
f 2065/7/3975 1988/8/3975 2215/9/3975
f 1988/7/3976 2063/8/3976 2216/9/3976
f 2214/7/3977 2065/8/3977 2215/9/3977
f 2216/7/3978 2064/8/3978 1987/9/3978
f 2065/7/3979 2214/8/3979 1989/9/3979
f 2058/7/3980 1982/8/3980 1981/9/3980
f 1972/7/3981 2217/8/3981 1980/9/3981
f 1980/7/3982 2058/8/3982 1981/9/3982
f 2219/7/3983 2220/8/3983 2046/9/3983
f 1978/7/3984 2218/8/3984 2042/9/3984
f 2220/7/3985 1975/8/3985 2046/9/3985
f 2221/7/3986 1985/8/3986 2051/9/3986
f 2221/7/3987 2046/8/3987 1975/9/3987
f 2222/7/3988 2069/8/3988 1986/9/3988
f 1978/7/3989 2222/8/3989 1986/9/3989
f 2042/7/3990 2222/8/3990 1978/9/3990
f 2208/7/3991 2226/8/3991 2225/9/3991
f 2228/7/3992 2208/8/3992 2151/9/3992
f 2229/7/3993 2228/8/3993 2151/9/3993
f 2123/7/3994 2124/8/3994 2205/9/3994
f 2224/7/3995 2123/8/3995 2205/9/3995
f 2230/7/3996 2151/8/3996 2158/9/3996
f 2230/7/3997 2229/8/3997 2151/9/3997
f 2232/7/3998 2127/8/3998 2231/9/3998
f 2232/7/3999 2231/8/3999 2158/9/3999
f 2161/7/4000 2234/8/4000 2233/9/4000
f 2236/7/4001 2234/8/4001 2237/9/4001
f 2235/7/4002 2234/8/4002 2236/9/4002
f 2125/7/4003 2236/8/4003 2237/9/4003
f 2125/7/4004 2237/8/4004 2238/9/4004
f 2126/7/4005 2176/8/4005 2223/9/4005
f 2123/7/4006 2224/8/4006 2226/9/4006
f 2225/7/4007 2226/8/4007 2224/9/4007
f 2158/7/4008 2161/8/4008 2232/9/4008
f 2128/7/4009 2226/8/4009 2208/9/4009
f 2128/7/4010 2208/8/4010 2228/9/4010
f 2231/7/4011 2229/8/4011 2230/9/4011
f 2231/7/4012 2230/8/4012 2158/9/4012
f 2127/7/4013 2232/8/4013 2161/9/4013
f 2127/7/4014 2161/8/4014 2233/9/4014
f 2235/7/4015 2233/8/4015 2234/9/4015
f 2125/7/4016 2238/8/4016 2176/9/4016
f 2176/7/4017 2126/8/4017 2125/9/4017
f 2182/7/4018 2129/8/4018 2223/9/4018
f 2126/7/4019 2223/8/4019 2129/9/4019
f 2185/7/4020 2136/8/4020 2129/9/4020
f 2185/7/4021 2129/8/4021 2182/9/4021
f 2239/7/4022 2188/8/4022 2189/9/4022
f 2240/7/4023 2194/8/4023 2242/9/4023
f 2240/7/4024 2241/8/4024 2194/9/4024
f 2242/7/4025 2130/8/4025 2240/9/4025
f 2246/7/4026 2247/8/4026 2245/9/4026
f 2199/7/4027 2130/8/4027 2242/9/4027
f 2243/7/4028 2130/8/4028 2199/9/4028
f 2243/7/4029 2244/8/4029 2130/9/4029
f 2202/7/4030 2245/8/4030 2203/9/4030
f 2136/7/4031 2185/8/4031 2135/9/4031
f 2202/7/4032 2197/8/4032 2247/9/4032
f 2135/7/4033 2185/8/4033 2188/9/4033
f 2135/7/4034 2188/8/4034 2239/9/4034
f 2241/7/4035 2239/8/4035 2189/9/4035
f 2194/7/4036 2241/8/4036 2189/9/4036
f 2244/7/4037 2243/8/4037 2203/9/4037
f 2244/7/4038 2203/8/4038 2245/9/4038
f 2245/7/4039 2202/8/4039 2246/9/4039
f 2246/7/4040 2202/8/4040 2247/9/4040
f 2247/7/4041 2197/8/4041 2248/9/4041
f 2223/7/4042 2176/8/4042 2182/9/4042
f 2249/7/4043 2180/8/4043 2119/9/4043
f 2119/7/4044 2177/8/4044 2249/9/4044
f 2250/7/4045 2205/8/4045 2124/9/4045
f 2250/7/4046 2227/8/4046 2205/9/4046
f 2251/7/4047 2177/8/4047 2118/9/4047
f 2227/7/4048 2201/8/4048 2205/9/4048
f 2252/7/4049 2251/8/4049 2118/9/4049
f 2253/7/4050 2252/8/4050 2117/9/4050
f 2254/7/4051 2117/8/4051 2116/9/4051
f 2173/7/4052 2253/8/4052 2117/9/4052
f 2254/7/4053 2173/8/4053 2117/9/4053
f 2250/7/4054 2124/8/4054 2122/9/4054
f 2201/7/4055 2227/8/4055 2250/9/4055
f 2122/7/4056 2255/8/4056 2250/9/4056
f 2196/7/4057 2201/8/4057 2255/9/4057
f 2256/7/4058 2122/8/4058 2121/9/4058
f 2257/7/4059 2193/8/4059 2196/9/4059
f 2257/7/4060 2196/8/4060 2256/9/4060
f 2258/7/4061 2121/8/4061 2120/9/4061
f 2258/7/4062 2257/8/4062 2121/9/4062
f 2259/7/4063 2186/8/4063 2193/9/4063
f 2259/7/4064 2193/8/4064 2258/9/4064
f 2262/7/4065 2120/8/4065 2260/9/4065
f 2261/7/4066 2260/8/4066 2119/9/4066
f 2261/7/4067 2180/8/4067 2186/9/4067
f 2280/7/4068 2254/8/4068 2116/9/4068
f 2180/7/4069 2261/8/4069 2119/9/4069
f 2280/7/4070 2279/8/4070 2254/9/4070
f 2177/7/4071 2180/8/4071 2249/9/4071
f 2119/7/4072 2118/8/4072 2177/9/4072
f 2252/7/4073 2118/8/4073 2117/9/4073
f 2252/7/4074 2173/8/4074 2177/9/4074
f 2252/7/4075 2177/8/4075 2251/9/4075
f 2253/7/4076 2173/8/4076 2252/9/4076
f 2254/7/4077 2279/8/4077 2173/9/4077
f 2250/7/4078 2255/8/4078 2201/9/4078
f 2196/7/4079 2255/8/4079 2122/9/4079
f 2256/7/4080 2196/8/4080 2122/9/4080
f 2121/7/4081 2257/8/4081 2256/9/4081
f 2258/7/4082 2193/8/4082 2257/9/4082
f 2258/7/4083 2120/8/4083 2259/9/4083
f 2120/7/4084 2186/8/4084 2259/9/4084
f 2186/7/4085 2120/8/4085 2262/9/4085
f 2261/7/4086 2262/8/4086 2260/9/4086
f 2261/7/4087 2186/8/4087 2262/9/4087
f 2190/7/4088 2248/8/4088 2197/9/4088
f 2264/7/4089 2248/8/4089 2190/9/4089
f 2266/7/4090 2187/8/4090 2178/9/4090
f 2266/7/4091 2264/8/4091 2187/9/4091
f 2269/7/4092 2171/8/4092 2263/9/4092
f 2265/7/4093 2266/8/4093 2178/9/4093
f 2187/7/4094 2264/8/4094 2190/9/4094
f 2267/7/4095 2265/8/4095 2178/9/4095
f 2268/7/4096 2265/8/4096 2267/9/4096
f 2268/7/4097 2137/8/4097 2265/9/4097
f 2171/7/4098 2268/8/4098 2267/9/4098
f 2171/7/4099 2137/8/4099 2268/9/4099
f 2171/7/4100 2269/8/4100 2137/9/4100
f 2270/7/4101 2273/8/4101 2272/9/4101
f 2275/7/4102 2276/8/4102 2273/9/4102
f 2279/7/4103 2278/8/4103 2164/9/4103
f 2280/7/4104 2109/8/4104 2108/9/4104
f 2281/7/4105 2282/8/4105 2105/9/4105
f 2285/7/4106 2110/8/4106 2111/9/4106
f 2110/7/4107 2285/8/4107 2286/9/4107
f 2172/7/4108 2110/8/4108 2286/9/4108
f 2288/7/4109 2287/8/4109 2172/9/4109
f 2113/7/4110 2276/8/4110 2156/9/4110
f 2284/7/4111 2282/8/4111 2281/9/4111
f 2277/7/4112 2156/8/4112 2160/9/4112
f 2107/7/4113 2170/8/4113 2289/9/4113
f 2289/7/4114 2170/8/4114 2169/9/4114
f 2277/7/4115 2113/8/4115 2156/9/4115
f 2285/7/4116 2284/8/4116 2286/9/4116
f 2169/7/4117 2166/8/4117 2271/9/4117
f 2166/7/4118 2274/8/4118 2271/9/4118
f 2290/7/4119 2115/8/4119 2274/9/4119
f 2290/7/4120 2163/8/4120 2114/9/4120
f 2163/7/4121 2272/8/4121 2114/9/4121
f 2112/7/4122 2277/8/4122 2160/9/4122
f 2278/7/4123 2160/8/4123 2164/9/4123
f 2278/7/4124 2112/8/4124 2160/9/4124
f 2156/7/4125 2275/8/4125 2270/9/4125
f 2270/7/4126 2275/8/4126 2273/9/4126
f 2156/7/4127 2276/8/4127 2275/9/4127
f 2112/7/4128 2113/8/4128 2277/9/4128
f 2108/7/4129 2278/8/4129 2279/9/4129
f 2283/7/4130 2105/8/4130 2282/9/4130
f 2279/7/4131 2280/8/4131 2108/9/4131
f 2107/7/4132 2288/8/4132 2170/9/4132
f 2282/7/4133 2284/8/4133 2285/9/4133
f 2283/7/4134 2285/8/4134 2111/9/4134
f 2283/7/4135 2282/8/4135 2285/9/4135
f 2110/7/4136 2172/8/4136 2287/9/4136
f 2274/7/4137 2115/8/4137 2271/9/4137
f 2287/7/4138 2288/8/4138 2107/9/4138
f 2290/7/4139 2114/8/4139 2115/9/4139
f 2289/7/4140 2169/8/4140 2271/9/4140
f 2163/7/4141 2270/8/4141 2272/9/4141
f 2147/7/4142 2139/8/4142 2269/9/4142
f 2204/7/4143 2296/8/4143 2293/9/4143
f 2204/7/4144 2198/8/4144 2296/9/4144
f 2295/7/4145 2155/8/4145 2153/9/4145
f 2300/7/4146 2144/8/4146 2146/9/4146
f 2302/7/4147 2143/8/4147 2144/9/4147
f 2147/7/4148 2269/8/4148 2263/9/4148
f 2147/7/4149 2263/8/4149 2308/9/4149
f 2142/7/4150 2143/8/4150 2303/9/4150
f 2291/7/4151 2153/8/4151 2152/9/4151
f 2307/7/4152 2142/8/4152 2306/9/4152
f 2307/7/4153 2183/8/4153 2106/9/4153
f 2305/7/4154 2142/8/4154 2303/9/4154
f 2296/7/4155 2150/8/4155 2293/9/4155
f 2149/7/4156 2297/8/4156 2198/9/4156
f 2140/7/4157 2291/8/4157 2152/9/4157
f 2141/7/4158 2291/8/4158 2140/9/4158
f 2149/7/4159 2198/8/4159 2148/9/4159
f 2301/7/4160 2300/8/4160 2298/9/4160
f 2148/7/4161 2198/8/4161 2298/9/4161
f 2304/7/4162 2140/8/4162 2152/9/4162
f 2293/7/4163 2152/8/4163 2204/9/4163
f 2293/7/4164 2304/8/4164 2152/9/4164
f 2148/7/4165 2298/8/4165 2300/9/4165
f 2148/7/4166 2300/8/4166 2146/9/4166
f 2297/7/4167 2296/8/4167 2198/9/4167
f 2297/7/4168 2150/8/4168 2296/9/4168
f 2149/7/4169 2150/8/4169 2297/9/4169
f 2300/7/4170 2301/8/4170 2302/9/4170
f 2300/7/4171 2302/8/4171 2144/9/4171
f 2302/7/4172 2301/8/4172 2191/9/4172
f 2302/7/4173 2191/8/4173 2303/9/4173
f 2303/7/4174 2191/8/4174 2305/9/4174
f 2303/7/4175 2143/8/4175 2302/9/4175
f 2310/7/4176 2308/8/4176 2309/9/4176
f 2309/7/4177 2311/8/4177 2310/9/4177
f 2142/7/4178 2305/8/4178 2306/9/4178
f 2145/7/4179 2311/8/4179 2292/9/4179
f 2155/7/4180 2294/8/4180 2292/9/4180
f 2307/7/4181 2306/8/4181 2183/9/4181
f 2292/7/4182 2311/8/4182 2309/9/4182
f 2147/7/4183 2308/8/4183 2310/9/4183
f 2294/7/4184 2145/8/4184 2292/9/4184
f 2294/7/4185 2295/8/4185 2145/9/4185
f 2294/7/4186 2155/8/4186 2295/9/4186
f 2299/7/4187 2295/8/4187 2153/9/4187
f 2299/7/4188 2153/8/4188 2291/9/4188
f 2312/7/4189 2105/8/4189 2104/9/4189
f 2314/7/4190 2183/8/4190 2179/9/4190
f 2312/7/4191 2281/8/4191 2105/9/4191
f 2312/7/4192 2179/8/4192 2281/9/4192
f 2314/7/4193 2313/8/4193 2104/9/4193
f 2314/7/4194 2104/8/4194 2106/9/4194
f 2314/7/4195 2179/8/4195 2313/9/4195
f 2183/7/4196 2314/8/4196 2106/9/4196
f 2313/7/4197 2179/8/4197 2312/9/4197
f 2313/7/4198 2312/8/4198 2104/9/4198
f 2022/7/4199 2018/8/4199 2020/9/4199
f 2017/7/4200 2018/8/4200 2015/9/4200
f 2060/7/4201 2062/8/4201 2066/9/4201
f 2056/7/4202 2057/8/4202 2054/9/4202
o node5
v -0.039550 -0.035297 0.083039
v -0.037356 -0.037487 0.089833
v -0.038222 -0.036625 0.089704
v -0.040206 -0.034641 0.084837
v -0.039871 -0.034975 0.087897
v -0.039204 -0.035646 0.088964
v -0.040245 -0.034594 0.086472
v -0.036977 -0.037870 0.081765
v -0.038377 -0.036468 0.081983
v -0.035319 -0.040207 0.083645
v -0.038026 -0.037475 0.089875
v -0.036504 -0.038340 0.089637
v -0.036093 -0.039433 0.082482
v -0.036759 -0.038760 0.089620
v -0.037185 -0.038349 0.081808
v -0.036043 -0.039477 0.089047
v -0.035670 -0.039185 0.088991
v -0.035421 -0.040100 0.088177
v -0.034974 -0.039873 0.087896
v -0.034956 -0.040566 0.086727
v -0.034584 -0.040256 0.085308
v -0.034927 -0.040603 0.085117
v -0.036305 -0.039640 0.088834
v -0.038545 -0.037399 0.082093
v -0.036701 -0.039244 0.082404
v -0.037973 -0.037972 0.089580
v -0.035633 -0.040310 0.083984
v -0.035273 -0.040673 0.086234
v -0.037149 -0.038511 0.084286
v -0.037030 -0.038903 0.084389
v -0.037696 -0.038244 0.084167
v -0.037390 -0.038455 0.083359
v -0.037447 -0.038174 0.083831
v -0.036914 -0.037756 0.083551
v -0.036940 -0.037730 0.084011
v -0.036664 -0.038006 0.084266
v -0.036298 -0.039345 0.085760
v -0.036187 -0.039743 0.085877
v -0.036851 -0.039090 0.085662
v -0.036540 -0.039086 0.085036
v -0.036702 -0.039224 0.084764
v -0.036597 -0.039066 0.085478
v -0.036093 -0.038578 0.085038
v -0.036037 -0.038633 0.085635
v -0.035708 -0.038963 0.085724
v -0.036580 -0.039067 0.087614
v -0.036880 -0.039061 0.087805
v -0.036853 -0.038794 0.086872
v -0.037131 -0.038809 0.086800
v -0.037036 -0.038810 0.087380
v -0.036432 -0.038240 0.087033
v -0.036287 -0.038384 0.087540
v -0.035961 -0.038709 0.087559
v -0.038055 -0.037817 0.085311
v -0.038084 -0.037781 0.086269
v -0.037627 -0.038303 0.086287
v -0.038437 -0.037501 0.085721
v -0.038151 -0.037503 0.085821
v -0.037459 -0.037212 0.085377
v -0.037627 -0.037044 0.086000
v -0.037185 -0.037486 0.086203
v -0.038610 -0.037053 0.084232
v -0.039008 -0.036928 0.084248
v -0.038406 -0.037538 0.083150
v -0.038561 -0.037069 0.083395
v -0.038344 -0.037589 0.084334
v -0.039013 -0.036927 0.083438
v -0.038810 -0.036833 0.083855
v -0.038265 -0.036406 0.083551
v -0.038291 -0.036380 0.084011
v -0.038010 -0.036660 0.084272
v -0.039577 -0.036364 0.084673
v -0.039345 -0.036295 0.085750
v -0.039670 -0.036272 0.085905
v -0.039950 -0.035988 0.085248
v -0.039655 -0.035995 0.085376
v -0.039020 -0.035651 0.084940
v -0.039168 -0.035502 0.085347
v -0.038866 -0.035807 0.085786
v -0.039212 -0.036650 0.087676
v -0.039583 -0.036357 0.087521
v -0.039079 -0.036568 0.086714
v -0.039430 -0.036490 0.086627
v -0.039366 -0.036290 0.087199
v -0.038698 -0.035973 0.086759
v -0.038835 -0.035837 0.087400
v -0.038478 -0.036193 0.087592
v -0.037850 -0.037796 0.087560
v -0.037706 -0.038223 0.088570
v -0.037813 -0.037835 0.088444
v -0.038347 -0.037594 0.087624
v -0.038145 -0.037491 0.088024
v -0.038364 -0.037575 0.088355
v -0.037634 -0.037038 0.087819
v -0.037503 -0.037168 0.088370
v -0.037177 -0.037493 0.088389
v -0.037546 -0.038114 0.088162
v -0.037024 -0.037646 0.087985
v -0.037594 -0.038252 0.087788
v -0.037198 -0.037472 0.087595
v -0.037845 -0.038095 0.087364
v -0.038796 -0.036834 0.087462
v -0.038251 -0.036420 0.087313
v -0.038770 -0.036883 0.086960
v -0.038326 -0.036344 0.086867
v -0.038810 -0.037131 0.087542
v -0.038802 -0.037137 0.086785
v -0.039063 -0.036597 0.085472
v -0.038548 -0.036123 0.085400
v -0.039070 -0.036583 0.085100
v -0.038662 -0.036008 0.084953
v -0.039424 -0.036213 0.084867
v -0.039153 -0.036783 0.085768
v -0.039102 -0.036836 0.084925
v -0.038262 -0.037378 0.084119
v -0.037730 -0.036940 0.084011
v -0.038234 -0.037434 0.083585
v -0.037821 -0.036850 0.083453
v -0.038253 -0.037685 0.083448
v -0.037597 -0.038062 0.086106
v -0.037037 -0.037634 0.085617
v -0.037594 -0.038043 0.085471
v -0.037610 -0.038332 0.085396
v -0.036288 -0.039366 0.087191
v -0.035814 -0.038856 0.087209
v -0.035987 -0.038684 0.086746
v -0.036499 -0.039166 0.086761
v -0.036358 -0.039582 0.087519
v -0.036495 -0.039435 0.086595
v -0.036030 -0.039631 0.085472
v -0.035514 -0.039156 0.085400
v -0.036101 -0.039552 0.084946
v -0.035629 -0.039042 0.084953
v -0.036069 -0.039867 0.084925
v -0.036380 -0.038291 0.084011
v -0.036841 -0.038808 0.083883
v -0.036492 -0.038180 0.083419
v -0.037007 -0.038638 0.083423
v -0.036925 -0.039005 0.083384
v -0.038064 -0.037611 0.082570
v -0.038247 -0.037413 0.082300
v -0.038247 -0.037413 0.083140
v -0.037639 -0.038191 0.082300
v -0.037661 -0.038213 0.082566
v -0.037856 -0.037993 0.083140
v -0.038389 -0.037554 0.082300
v -0.037554 -0.038106 0.082600
v -0.037773 -0.037943 0.082866
v -0.038064 -0.037611 0.082874
v -0.037664 -0.037991 0.083496
v -0.037746 -0.038207 0.083521
v -0.039639 -0.036306 0.088838
v -0.040085 -0.035859 0.083386
v -0.040673 -0.035273 0.086234
v -0.040203 -0.035321 0.083637
v -0.039437 -0.036084 0.082486
v -0.039267 -0.036256 0.089274
v -0.038399 -0.037113 0.081830
v -0.040102 -0.035422 0.088174
v -0.040558 -0.034969 0.086779
v -0.040605 -0.034919 0.085140
v -0.039158 -0.035653 0.083473
v -0.038873 -0.035939 0.083099
v -0.039386 -0.035426 0.083862
v -0.038463 -0.036350 0.082741
v -0.039569 -0.035242 0.084317
v -0.039709 -0.035104 0.084806
v -0.038126 -0.036686 0.082556
v -0.037765 -0.037046 0.082433
v -0.039805 -0.035011 0.085480
v -0.037305 -0.037510 0.082400
v -0.039804 -0.035007 0.086030
v -0.039761 -0.035057 0.086528
v -0.036868 -0.037943 0.082481
v -0.039647 -0.035165 0.087031
v -0.036408 -0.038404 0.082701
v -0.039489 -0.035322 0.087506
v -0.035982 -0.038830 0.083054
v -0.035691 -0.039160 0.082572
v -0.039198 -0.035614 0.088074
v -0.035614 -0.039198 0.083526
v -0.034950 -0.039897 0.083757
v -0.038830 -0.035982 0.088546
v -0.035322 -0.039489 0.084094
v -0.038404 -0.036408 0.088898
v -0.035165 -0.039647 0.084569
v -0.035055 -0.039759 0.085072
v -0.037943 -0.036868 0.089118
v -0.035007 -0.039804 0.085570
v -0.037510 -0.037305 0.089200
v -0.034620 -0.040216 0.086598
v -0.035009 -0.039803 0.086121
v -0.037046 -0.037764 0.089167
v -0.035101 -0.039706 0.086794
v -0.036686 -0.038126 0.089044
v -0.035242 -0.039569 0.087283
v -0.036351 -0.038463 0.088859
v -0.035426 -0.039386 0.087738
v -0.035939 -0.038872 0.088501
v -0.035653 -0.039158 0.088127
vn 0.5909 -0.4656 -0.6588
vn 0.0590 -0.1671 0.9842
vn 0.5088 -0.5215 -0.6849
vn 0.0982 -0.0999 0.9901
vn 0.3527 -0.2180 -0.9100
vn 0.3971 -0.2771 0.8750
vn 0.3359 -0.2291 -0.9136
vn 0.3789 -0.3160 0.8698
vn 0.4970 -0.4966 0.7116
vn 0.6265 -0.4152 0.6596
vn 0.6059 -0.6802 0.4126
vn 0.7374 -0.5759 0.3530
vn 0.7298 -0.6824 0.0421
vn 0.7018 -0.7118 0.0284
vn 0.7550 -0.5767 -0.3121
vn 0.6623 -0.6603 -0.3540
vn -0.2949 -0.9225 0.2492
vn -0.1040 -0.9562 0.2736
vn -0.5600 -0.6470 -0.5175
vn 0.0212 -0.8052 0.5926
vn -0.0772 -0.5809 -0.8103
vn -0.1357 -0.6976 0.7035
vn -0.4768 -0.7092 0.5193
vn -0.2006 -0.8695 -0.4513
vn -0.2157 -0.8731 -0.4373
vn -0.3527 -0.5044 0.7882
vn -0.2033 -0.9712 -0.1239
vn 0.0295 -0.9633 -0.2668
vn 0.2809 -0.9594 0.0266
vn 0.1041 -0.2221 -0.9695
vn -0.3684 -0.8179 0.4419
vn 0.1809 -0.9809 -0.0712
vn -0.3225 -0.8499 -0.4167
vn 0.0211 -0.2792 0.9600
vn -0.1047 0.1256 0.9865
vn 0.6855 -0.5863 0.4318
vn 0.6403 -0.7640 0.0794
vn 0.3769 -0.3964 -0.8371
vn 0.5989 -0.4042 -0.6913
vn 0.0470 -0.2690 -0.9620
vn -0.5144 -0.6021 0.6107
vn 0.1371 -0.9886 0.0621
vn 0.4169 -0.8863 0.2016
vn -0.2867 -0.8160 -0.5019
vn 0.0876 -0.0940 0.9917
vn 0.1022 -0.0939 0.9903
vn 0.6297 -0.7661 -0.1289
vn 0.7445 -0.6559 0.1246
vn 0.4761 -0.3187 -0.8196
vn 0.0672 -0.1972 -0.9781
vn -0.2789 -0.8687 -0.4094
vn -0.2759 -0.5074 0.8164
vn -0.1952 -0.4793 0.8556
vn 0.0587 -0.9982 -0.0111
vn 0.1605 -0.1402 0.9770
vn 0.1820 -0.3981 0.8991
vn 0.7370 -0.6299 0.2451
vn 0.5184 -0.7720 -0.3678
vn 0.3328 -0.2417 -0.9115
vn -0.0352 -0.0926 -0.9951
vn -0.1757 -0.8526 0.4921
vn 0.1827 -0.8232 -0.5375
vn -0.2581 0.1497 0.9545
vn 0.5456 -0.7603 0.3524
vn 0.5883 -0.6345 0.5013
vn 0.6690 -0.5830 -0.4610
vn 0.0534 -0.3714 -0.9269
vn -0.1168 -0.2424 -0.9631
vn -0.0667 -0.4794 0.8750
vn -0.2537 -0.9099 0.3283
vn 0.4253 -0.9050 -0.0038
vn -0.2923 -0.8858 -0.3603
vn -0.0097 -0.2260 0.9741
vn 0.6749 -0.4415 0.5913
vn 0.6421 -0.7625 0.0796
vn 0.3418 -0.4353 -0.8329
vn 0.6157 -0.4934 -0.6144
vn 0.0709 -0.8126 0.5784
vn -0.1653 -0.9318 0.3231
vn -0.2770 -0.8487 -0.4506
vn 0.1724 -0.8752 -0.4521
vn -0.0970 -0.0593 0.9935
vn 0.6936 -0.5579 0.4558
vn 0.6188 -0.5806 0.5291
vn 0.4883 -0.5224 -0.6990
vn 0.4952 -0.4296 -0.7551
vn -0.2842 -0.8944 0.3455
vn 0.5665 -0.7954 0.2156
vn -0.4295 -0.7818 -0.4520
vn 0.6298 -0.4522 0.6316
vn 0.5573 -0.7795 0.2858
vn 0.6445 -0.4963 -0.5817
vn 0.1252 -0.3708 -0.9202
vn -0.1134 -0.5454 0.8305
vn -0.3049 -0.8734 0.3798
vn 0.4003 -0.9158 0.0338
vn -0.3270 -0.8419 -0.4293
vn 0.0109 -0.3057 -0.9521
vn 0.1252 -0.3524 0.9275
vn 0.6270 -0.4054 0.6652
vn 0.5573 -0.7686 -0.3141
vn 0.5755 -0.3501 -0.7391
vn -0.0359 -0.0941 -0.9949
vn -0.3347 0.4927 -0.8032
vn -0.6723 0.5716 -0.4704
vn -0.6893 0.7040 -0.1711
vn -0.6973 0.4851 0.5277
vn -0.2170 0.3374 0.9160
vn -0.8676 -0.2812 0.4101
vn -0.8294 -0.3668 -0.4213
vn -0.7686 0.6259 -0.1322
vn -0.3103 0.3337 -0.8901
vn -0.5163 0.4081 -0.7529
vn -0.6204 0.7768 -0.1082
vn -0.7311 0.6420 0.2312
vn -0.2935 0.3923 0.8718
vn -0.2173 0.0656 0.9739
vn -0.5163 -0.1999 -0.8327
vn -0.9829 0.1710 -0.0680
vn -0.9990 0.0440 -0.0110
vn -0.2388 0.0053 0.9711
vn -0.7614 -0.2996 0.5749
vn -0.4964 0.4243 -0.7573
vn -0.3663 0.4206 -0.8300
vn -0.6734 0.7381 0.0414
vn -0.7238 0.6008 0.3394
vn -0.2037 0.3758 0.9040
vn -0.4352 -0.2032 -0.8771
vn -0.8190 -0.3385 -0.4634
vn -0.9937 0.1102 0.0228
vn -0.9399 0.3325 -0.0780
vn -0.6444 -0.2657 0.7171
vn -0.7323 -0.3221 0.6000
vn -0.0902 0.2374 -0.9672
vn -0.4439 0.3325 -0.8321
vn -0.7717 0.5962 0.2215
vn -0.6452 0.7556 -0.1129
vn -0.1703 0.3299 0.9285
vn -0.6160 -0.4317 -0.6590
vn -0.9920 0.1094 -0.0628
vn -0.9612 0.2458 -0.1250
vn -0.8764 -0.4161 0.2427
vn -0.7049 -0.2955 0.6449
vn -0.1595 0.2730 -0.9487
vn -0.7388 0.5848 -0.3349
vn -0.5951 0.8034 0.0205
vn -0.3592 0.1621 0.9191
vn -0.5128 -0.4732 -0.7163
vn -0.9927 0.1207 -0.0019
vn -0.9978 0.0623 -0.0206
vn -0.4098 -0.2063 0.8885
vn -0.4045 0.5920 -0.6970
vn -0.6207 0.5951 -0.5104
vn -0.6559 0.5939 0.4659
vn -0.5607 0.6119 0.5578
vn -0.5370 -0.0772 -0.8400
vn -0.8708 -0.3053 -0.3853
vn -0.7932 0.5719 0.2092
vn -0.9127 -0.2229 0.3426
vn -0.5644 0.5152 -0.6450
vn -0.3574 0.4753 -0.8040
vn -0.6487 0.7350 0.1976
vn -0.6924 0.6363 0.3403
vn -0.8335 -0.3553 -0.4230
vn -0.9869 -0.1100 0.1177
vn -0.8270 0.5351 -0.1727
vn -0.3373 -0.0977 0.9363
vn -0.4040 0.3531 -0.8439
vn -0.4172 0.5506 -0.7230
vn -0.7520 0.6071 0.2569
vn -0.5884 0.6655 0.4592
vn -0.2333 -0.1532 0.9603
vn -0.8510 -0.3583 -0.3839
vn -0.7242 0.6744 -0.1441
vn -0.9387 -0.2360 0.2512
vn -0.7324 -0.6808 -0.0011
vn -0.7340 -0.6791 -0.0000
vn -0.7851 -0.6136 0.0839
vn -0.8261 -0.5523 -0.1121
vn -0.7148 -0.6180 -0.3272
vn -0.8191 -0.5529 -0.1526
vn -0.0399 -0.0264 -0.9989
vn 0.6172 -0.7868 -0.0000
vn 0.7068 -0.7068 0.0285
vn -0.0000 -0.0000 1.0000
vn -0.1807 -0.1269 0.9753
vn 0.9107 -0.3690 -0.1858
vn -0.9288 0.3356 -0.1570
vn -0.6953 0.7156 -0.0666
vn -0.7523 -0.6588 -0.0012
vn -0.5684 -0.8220 0.0353
vn -0.6872 -0.7150 -0.1284
vn -0.7078 -0.7064 0.0009
vn -0.7064 -0.7078 -0.0042
vn -0.7053 -0.7076 0.0433
vn -0.7182 -0.6958 0.0065
vn -0.7078 -0.7064 -0.0008
vn -0.7134 -0.7008 0.0023
vn -0.7462 -0.6606 -0.0820
vn -0.7433 -0.6588 -0.1158
vn -0.6999 -0.7142 -0.0084
vn -0.7056 -0.7086 0.0035
vn -0.7090 -0.7052 0.0011
vn -0.7577 -0.6526 0.0063
vn -0.7024 -0.7117 -0.0018
vn -0.7034 -0.7108 -0.0003
vn -0.7082 -0.7060 0.0029
vn -0.7056 -0.7086 0.0032
vn -0.7016 -0.7126 0.0020
vn -0.7043 -0.7099 -0.0002
vn -0.6534 -0.7562 0.0350
vn -0.7122 -0.7020 -0.0038
vn -0.7100 -0.7041 -0.0136
vn -0.7509 -0.6603 -0.0109
vn -0.7115 -0.7027 0.0016
vn -0.5003 -0.3683 0.7836
vn -0.7125 -0.7017 -0.0058
vn -0.7107 -0.7035 -0.0028
vn -0.6212 -0.7836 0.0043
vn -0.7073 -0.7069 -0.0031
vn -0.5853 -0.8094 -0.0477
vn -0.7045 -0.7097 -0.0009
vn -0.6368 -0.7691 -0.0544
vn -0.6451 -0.7598 -0.0813
vn -0.5188 -0.8002 -0.3008
vn -0.7362 -0.6671 -0.1141
vn -0.7092 -0.7050 0.0037
vn -0.7064 -0.7078 -0.0050
vn -0.7001 -0.7141 0.0009
vn -0.7051 -0.7091 -0.0010
vn -0.7043 -0.7098 -0.0111
vn -0.7077 -0.7064 0.0141
vn -0.7080 -0.7062 0.0097
vn -0.6899 -0.6974 -0.1940
vn -0.7076 -0.7066 -0.0018
vn -0.6798 -0.7327 -0.0311
vn -0.7127 -0.7015 0.0004
vn -0.7170 -0.6957 -0.0434
vn -0.7521 -0.6586 -0.0251
vn -0.7080 -0.7062 0.0020
vn -0.7570 -0.6507 0.0592
vn -0.7151 -0.6968 -0.0560
vn -0.7173 -0.6968 0.0027
vn -0.7284 -0.6840 0.0395
vn -0.7097 -0.7044 0.0141
vn -0.7633 -0.6458 -0.0172
vn -0.7130 -0.7011 -0.0029
vn -0.7024 -0.7115 0.0183
vn -0.7003 -0.7139 0.0033
vn -0.7013 -0.7126 0.0176
vn -0.7105 -0.7037 -0.0079
vn -0.7022 -0.7120 0.0048
vn -0.6974 -0.7165 -0.0131
vn -0.7041 -0.7101 -0.0021
vn -0.6594 -0.7440 0.1078
vn -0.6588 -0.7434 0.1157
vn -0.7057 -0.7085 -0.0026
vn -0.6330 -0.7741 0.0064
vn -0.7122 -0.7020 0.0009
vn -0.9674 -0.1040 -0.2308
vn -0.6870 -0.4232 0.5908
vn -0.7942 0.1048 -0.5985
vn -0.6805 -0.3854 0.6232
vn -0.7894 -0.3943 -0.4706
vn -0.6906 -0.2672 -0.6721
vn -0.7635 0.0809 0.6407
vn -0.4745 -0.4533 -0.7546
vn -0.9220 -0.2969 0.2483
vn -0.9542 -0.1275 0.2708
vn -0.9550 0.2944 0.0360
vn -0.9550 -0.2596 -0.1436
vn -0.5591 0.7526 0.3478
vn -0.6749 0.6079 0.4182
vn -0.0759 -0.0574 -0.9955
vn 0.0775 0.2287 -0.9704
vn -0.4219 0.6249 0.6569
vn -0.5351 0.4264 0.7293
vn -0.3489 0.2284 -0.9089
vn -0.1902 0.5454 -0.8163
vn -0.1936 0.4604 0.8664
vn -0.3452 0.1080 0.9323
vn -0.6315 0.3825 -0.6745
vn 0.0654 0.2111 0.9753
vn -0.4355 0.7830 -0.4442
vn -0.7001 0.6207 -0.3531
vn -0.5895 0.8069 -0.0372
vn -0.7493 0.6609 0.0415
vn 0.6890 0.7243 -0.0260
vn 0.6868 0.7266 -0.0221
vn 0.6893 0.7235 -0.0373
vn 0.6939 0.7193 -0.0332
vn 0.6772 0.7355 -0.0208
vn 0.6822 0.7308 -0.0206
vn 0.6806 0.7325 -0.0133
vn 0.6960 0.7173 -0.0327
vn 0.6998 0.7135 -0.0355
vn 0.6810 0.7323 -0.0044
vn 0.7033 0.7094 -0.0455
vn 0.7087 0.7047 -0.0332
vn 0.6812 0.7321 -0.0048
vn 0.6812 0.7321 -0.0046
vn 0.6903 0.7234 0.0125
vn 0.7068 0.7065 -0.0352
vn 0.6913 0.7226 -0.0023
vn 0.6819 0.7313 0.0166
vn 0.7165 0.6965 -0.0375
vn 0.6811 0.7320 0.0162
vn 0.7209 0.6917 -0.0429
vn 0.7214 0.6914 -0.0389
vn 0.6847 0.7284 0.0230
vn 0.7269 0.6860 -0.0318
vn 0.6835 0.7293 0.0310
vn 0.7300 0.6826 -0.0322
vn 0.6866 0.7264 0.0310
vn 0.7287 0.6844 -0.0232
vn 0.6913 0.7215 0.0391
vn 0.6913 0.7216 0.0378
vn 0.7318 0.6814 -0.0162
vn 0.7265 0.6871 -0.0046
vn 0.7331 0.6800 -0.0154
vn 0.6971 0.7161 0.0350
vn 0.7274 0.6862 -0.0083
vn 0.7056 0.7073 0.0426
vn 0.7026 0.7108 0.0338
vn 0.7296 0.6839 -0.0009
vn 0.7275 0.6861 0.0008
vn 0.7045 0.7090 0.0328
vn 0.7278 0.6858 0.0004
vn 0.7115 0.7016 0.0392
vn 0.7135 0.6998 0.0346
vn 0.7314 0.6817 0.0197
vn 0.7297 0.6835 0.0203
vn 0.7173 0.6960 0.0323
vn 0.7303 0.6829 0.0197
vn 0.7191 0.6941 0.0329
vn 0.7258 0.6867 0.0397
vn 0.7291 0.6839 0.0253
vn 0.7305 0.6820 0.0350
vn 0.7298 0.6828 0.0351
vt 0.412500 0.300000
vt 0.462500 0.300000
vt 0.462500 0.700000
usemtl material_0
f 2496/10/4203 2324/11/4203 2493/12/4203
f 2316/10/4204 2325/11/4204 2326/12/4204
f 2324/10/4205 2327/11/4205 2493/12/4205
f 2325/10/4206 2328/11/4206 2326/12/4206
f 2493/10/4207 2327/11/4207 2322/12/4207
f 2326/10/4208 2328/11/4208 2331/12/4208
f 2327/10/4209 2329/11/4209 2322/12/4209
f 2328/10/4210 2330/11/4210 2331/12/4210
f 2330/10/4211 2332/11/4211 2331/12/4211
f 2331/10/4212 2332/11/4212 2333/12/4212
f 2332/10/4213 2334/11/4213 2333/12/4213
f 2333/10/4214 2334/11/4214 2505/12/4214
f 2505/10/4215 2334/11/4215 2335/12/4215
f 2334/10/4216 2336/11/4216 2335/12/4216
f 2335/10/4217 2336/11/4217 2496/12/4217
f 2336/10/4218 2324/11/4218 2496/12/4218
f 2342/10/4219 2332/11/4219 2337/12/4219
f 2334/10/4220 2332/11/4220 2342/12/4220
f 2338/10/4221 2329/11/4221 2339/12/4221
f 2332/10/4222 2330/11/4222 2337/12/4222
f 2329/10/4223 2327/11/4223 2339/12/4223
f 2330/10/4224 2328/11/4224 2337/12/4224
f 2337/10/4225 2328/11/4225 2340/12/4225
f 2339/10/4226 2324/11/4226 2341/12/4226
f 2327/10/4227 2324/11/4227 2339/12/4227
f 2328/10/4228 2325/11/4228 2340/12/4228
f 2341/10/4229 2336/11/4229 2342/12/4229
f 2324/10/4230 2336/11/4230 2341/12/4230
f 2336/10/4231 2334/11/4231 2342/12/4231
f 2343/10/4232 2344/11/4232 2345/12/4232
f 2465/10/4233 2346/11/4233 2347/12/4233
f 2345/10/4234 2465/11/4234 2347/12/4234
f 2345/10/4235 2347/11/4235 2343/12/4235
f 2346/10/4236 2451/11/4236 2348/12/4236
f 2346/10/4237 2452/11/4237 2451/12/4237
f 2347/10/4238 2346/11/4238 2348/12/4238
f 2347/10/4239 2348/11/4239 2349/12/4239
f 2343/10/4240 2349/11/4240 2350/12/4240
f 2343/10/4241 2347/11/4241 2349/12/4241
f 2351/10/4242 2352/11/4242 2353/12/4242
f 2355/10/4243 2446/11/4243 2354/12/4243
f 2353/10/4244 2354/11/4244 2356/12/4244
f 2353/10/4245 2355/11/4245 2354/12/4245
f 2353/10/4246 2356/11/4246 2351/12/4246
f 2446/10/4247 2447/11/4247 2357/12/4247
f 2354/10/4248 2446/11/4248 2357/12/4248
f 2356/10/4249 2357/11/4249 2358/12/4249
f 2356/10/4250 2354/11/4250 2357/12/4250
f 2351/10/4251 2356/11/4251 2358/12/4251
f 2351/10/4252 2358/11/4252 2359/12/4252
f 2360/10/4253 2361/11/4253 2364/12/4253
f 2443/10/4254 2441/11/4254 2362/12/4254
f 2362/10/4255 2363/11/4255 2443/12/4255
f 2364/10/4256 2363/11/4256 2362/12/4256
f 2362/10/4257 2441/11/4257 2440/12/4257
f 2362/10/4258 2440/11/4258 2365/12/4258
f 2364/10/4259 2362/11/4259 2365/12/4259
f 2364/10/4260 2365/11/4260 2366/12/4260
f 2360/10/4261 2364/11/4261 2366/12/4261
f 2360/10/4262 2366/11/4262 2367/12/4262
f 2371/10/4263 2368/11/4263 2372/12/4263
f 2369/10/4264 2371/11/4264 2372/12/4264
f 2368/10/4265 2436/11/4265 2373/12/4265
f 2372/10/4266 2373/11/4266 2374/12/4266
f 2372/10/4267 2368/11/4267 2373/12/4267
f 2369/10/4268 2372/11/4268 2374/12/4268
f 2369/10/4269 2374/11/4269 2375/12/4269
f 2377/10/4270 2376/11/4270 2380/12/4270
f 2379/10/4271 2381/11/4271 2378/12/4271
f 2381/10/4272 2379/11/4272 2382/12/4272
f 2377/10/4273 2381/11/4273 2382/12/4273
f 2377/10/4274 2382/11/4274 2376/12/4274
f 2379/10/4275 2432/11/4275 2383/12/4275
f 2382/10/4276 2379/11/4276 2383/12/4276
f 2382/10/4277 2383/11/4277 2384/12/4277
f 2376/10/4278 2384/11/4278 2385/12/4278
f 2376/10/4279 2382/11/4279 2384/12/4279
f 2426/10/4280 2389/11/4280 2386/12/4280
f 2389/10/4281 2426/11/4281 2390/12/4281
f 2388/10/4282 2390/11/4282 2387/12/4282
f 2388/10/4283 2389/11/4283 2390/12/4283
f 2426/10/4284 2425/11/4284 2391/12/4284
f 2426/10/4285 2391/11/4285 2392/12/4285
f 2390/10/4286 2426/11/4286 2392/12/4286
f 2390/10/4287 2392/11/4287 2393/12/4287
f 2387/10/4288 2390/11/4288 2393/12/4288
f 2397/10/4289 2396/11/4289 2398/12/4289
f 2395/10/4290 2397/11/4290 2398/12/4290
f 2395/10/4291 2398/11/4291 2394/12/4291
f 2398/10/4292 2396/11/4292 2399/12/4292
f 2398/10/4293 2399/11/4293 2400/12/4293
f 2394/10/4294 2398/11/4294 2400/12/4294
f 2394/10/4295 2400/11/4295 2401/12/4295
f 2402/10/4296 2405/11/4296 2415/12/4296
f 2405/10/4297 2402/11/4297 2406/12/4297
f 2407/10/4298 2405/11/4298 2406/12/4298
f 2407/10/4299 2406/11/4299 2404/12/4299
f 2404/10/4300 2403/11/4300 2407/12/4300
f 2402/10/4301 2414/11/4301 2408/12/4301
f 2406/10/4302 2402/11/4302 2408/12/4302
f 2406/10/4303 2408/11/4303 2409/12/4303
f 2404/10/4304 2406/11/4304 2409/12/4304
f 2404/10/4305 2409/11/4305 2410/12/4305
f 2411/10/4306 2404/11/4306 2410/12/4306
f 2411/10/4307 2410/11/4307 2412/12/4307
f 2413/10/4308 2411/11/4308 2412/12/4308
f 2413/10/4309 2412/11/4309 2414/12/4309
f 2402/10/4310 2413/11/4310 2414/12/4310
f 2402/10/4311 2415/11/4311 2413/12/4311
f 2403/10/4312 2404/11/4312 2411/12/4312
f 2413/10/4313 2403/11/4313 2411/12/4313
f 2416/10/4314 2394/11/4314 2401/12/4314
f 2416/10/4315 2401/11/4315 2417/12/4315
f 2418/10/4316 2416/11/4316 2417/12/4316
f 2418/10/4317 2417/11/4317 2419/12/4317
f 2396/10/4318 2418/11/4318 2419/12/4318
f 2396/10/4319 2419/11/4319 2399/12/4319
f 2416/10/4320 2420/11/4320 2394/12/4320
f 2421/10/4321 2416/11/4321 2418/12/4321
f 2421/10/4322 2420/11/4322 2416/12/4322
f 2396/10/4323 2397/11/4323 2421/12/4323
f 2396/10/4324 2421/11/4324 2418/12/4324
f 2422/10/4325 2393/11/4325 2423/12/4325
f 2422/10/4326 2387/11/4326 2393/12/4326
f 2424/10/4327 2422/11/4327 2423/12/4327
f 2424/10/4328 2423/11/4328 2425/12/4328
f 2426/10/4329 2424/11/4329 2425/12/4329
f 2427/10/4330 2388/11/4330 2387/12/4330
f 2427/10/4331 2387/11/4331 2422/12/4331
f 2428/10/4332 2422/11/4332 2424/12/4332
f 2428/10/4333 2427/11/4333 2422/12/4333
f 2426/10/4334 2386/11/4334 2428/12/4334
f 2426/10/4335 2428/11/4335 2424/12/4335
f 2429/10/4336 2376/11/4336 2385/12/4336
f 2429/10/4337 2385/11/4337 2430/12/4337
f 2431/10/4338 2430/11/4338 2432/12/4338
f 2431/10/4339 2429/11/4339 2430/12/4339
f 2379/10/4340 2431/11/4340 2432/12/4340
f 2380/10/4341 2376/11/4341 2429/12/4341
f 2433/10/4342 2429/11/4342 2431/12/4342
f 2433/10/4343 2380/11/4343 2429/12/4343
f 2379/10/4344 2378/11/4344 2433/12/4344
f 2379/10/4345 2433/11/4345 2431/12/4345
f 2434/10/4346 2369/11/4346 2375/12/4346
f 2434/10/4347 2375/11/4347 2435/12/4347
f 2436/10/4348 2434/11/4348 2435/12/4348
f 2436/10/4349 2435/11/4349 2373/12/4349
f 2370/10/4350 2369/11/4350 2434/12/4350
f 2436/10/4351 2370/11/4351 2434/12/4351
f 2436/10/4352 2437/11/4352 2370/12/4352
f 2436/10/4353 2368/11/4353 2437/12/4353
f 2438/10/4354 2360/11/4354 2367/12/4354
f 2438/10/4355 2367/11/4355 2439/12/4355
f 2438/10/4356 2439/11/4356 2440/12/4356
f 2441/10/4357 2438/11/4357 2440/12/4357
f 2360/10/4358 2442/11/4358 2361/12/4358
f 2442/10/4359 2360/11/4359 2438/12/4359
f 2438/10/4360 2443/11/4360 2442/12/4360
f 2441/10/4361 2443/11/4361 2438/12/4361
f 2444/10/4362 2359/11/4362 2445/12/4362
f 2444/10/4363 2351/11/4363 2359/12/4363
f 2446/10/4364 2444/11/4364 2445/12/4364
f 2446/10/4365 2445/11/4365 2447/12/4365
f 2352/10/4366 2351/11/4366 2444/12/4366
f 2448/10/4367 2444/11/4367 2446/12/4367
f 2448/10/4368 2352/11/4368 2444/12/4368
f 2446/10/4369 2355/11/4369 2448/12/4369
f 2343/10/4370 2350/11/4370 2449/12/4370
f 2450/10/4371 2343/11/4371 2449/12/4371
f 2450/10/4372 2449/11/4372 2451/12/4372
f 2452/10/4373 2450/11/4373 2451/12/4373
f 2453/10/4374 2452/11/4374 2346/12/4374
f 2344/10/4375 2343/11/4375 2450/12/4375
f 2453/10/4376 2344/11/4376 2450/12/4376
f 2453/10/4377 2450/11/4377 2452/12/4377
f 2454/10/4378 2463/11/4378 2455/12/4378
f 2463/10/4379 2456/11/4379 2455/12/4379
f 2455/10/4380 2457/11/4380 2454/12/4380
f 2457/10/4381 2458/11/4381 2454/12/4381
f 2462/10/4382 2459/11/4382 2463/12/4382
f 2463/10/4383 2459/11/4383 2456/12/4383
f 2459/10/4384 2378/11/4384 2456/12/4384
f 2378/10/4385 2455/11/4385 2456/12/4385
f 2378/10/4386 2460/11/4386 2455/12/4386
f 2460/10/4387 2457/11/4387 2455/12/4387
f 2454/10/4388 2458/11/4388 2461/12/4388
f 2465/10/4389 2462/11/4389 2464/12/4389
f 2461/10/4390 2465/11/4390 2464/12/4390
f 2458/10/4391 2465/11/4391 2461/12/4391
f 2462/10/4392 2463/11/4392 2454/12/4392
f 2461/10/4393 2464/11/4393 2462/12/4393
f 2461/10/4394 2462/11/4394 2454/12/4394
f 2428/10/4395 2371/11/4395 2427/12/4395
f 2407/10/4396 2340/11/4396 2466/12/4396
f 2345/10/4397 2368/11/4397 2380/12/4397
f 2427/10/4398 2421/11/4398 2397/12/4398
f 2427/10/4399 2371/11/4399 2421/12/4399
f 2448/10/4400 2342/11/4400 2352/12/4400
f 2413/10/4401 2361/11/4401 2403/12/4401
f 2364/10/4402 2361/11/4402 2413/12/4402
f 2403/10/4403 2340/11/4403 2407/12/4403
f 2338/10/4404 2381/11/4404 2467/12/4404
f 2338/10/4405 2378/11/4405 2381/12/4405
f 2345/10/4406 2437/11/4406 2368/12/4406
f 2344/10/4407 2437/11/4407 2345/12/4407
f 2460/10/4408 2378/11/4408 2338/12/4408
f 2386/10/4409 2389/11/4409 2467/12/4409
f 2381/10/4410 2377/11/4410 2467/12/4410
f 2467/10/4411 2389/11/4411 2468/12/4411
f 2377/10/4412 2386/11/4412 2467/12/4412
f 2371/10/4413 2369/11/4413 2421/12/4413
f 2352/10/4414 2342/11/4414 2443/12/4414
f 2403/10/4415 2337/11/4415 2340/12/4415
f 2453/10/4416 2339/11/4416 2344/12/4416
f 2361/10/4417 2337/11/4417 2403/12/4417
f 2339/10/4418 2457/11/4418 2338/12/4418
f 2443/10/4419 2342/11/4419 2442/12/4419
f 2342/10/4420 2337/11/4420 2442/12/4420
f 2394/10/4421 2466/11/4421 2395/12/4421
f 2442/10/4422 2337/11/4422 2361/12/4422
f 2465/10/4423 2458/11/4423 2346/12/4423
f 2377/10/4424 2428/11/4424 2386/12/4424
f 2378/10/4425 2459/11/4425 2433/12/4425
f 2457/10/4426 2460/11/4426 2338/12/4426
f 2462/10/4427 2465/11/4427 2459/12/4427
f 2339/10/4428 2458/11/4428 2457/12/4428
f 2339/10/4429 2341/11/4429 2344/12/4429
f 2389/10/4430 2388/11/4430 2468/12/4430
f 2344/10/4431 2355/11/4431 2437/12/4431
f 2380/10/4432 2428/11/4432 2377/12/4432
f 2355/10/4433 2353/11/4433 2437/12/4433
f 2341/10/4434 2355/11/4434 2344/12/4434
f 2437/10/4435 2353/11/4435 2370/12/4435
f 2459/10/4436 2465/11/4436 2433/12/4436
f 2421/10/4437 2405/11/4437 2420/12/4437
f 2369/10/4438 2405/11/4438 2421/12/4438
f 2341/10/4439 2448/11/4439 2355/12/4439
f 2369/10/4440 2415/11/4440 2405/12/4440
f 2370/10/4441 2415/11/4441 2369/12/4441
f 2405/10/4442 2407/11/4442 2420/12/4442
f 2420/10/4443 2407/11/4443 2394/12/4443
f 2407/10/4444 2466/11/4444 2394/12/4444
f 2433/10/4445 2465/11/4445 2380/12/4445
f 2339/10/4446 2346/11/4446 2458/12/4446
f 2465/10/4447 2345/11/4447 2380/12/4447
f 2339/10/4448 2453/11/4448 2346/12/4448
f 2353/10/4449 2363/11/4449 2370/12/4449
f 2388/10/4450 2397/11/4450 2468/12/4450
f 2353/10/4451 2443/11/4451 2363/12/4451
f 2427/10/4452 2397/11/4452 2388/12/4452
f 2370/10/4453 2363/11/4453 2415/12/4453
f 2352/10/4454 2443/11/4454 2353/12/4454
f 2397/10/4455 2395/11/4455 2468/12/4455
f 2468/10/4456 2395/11/4456 2466/12/4456
f 2363/10/4457 2364/11/4457 2415/12/4457
f 2415/10/4458 2364/11/4458 2413/12/4458
f 2380/10/4459 2371/11/4459 2428/12/4459
f 2368/10/4460 2371/11/4460 2380/12/4460
f 2341/10/4461 2342/11/4461 2448/12/4461
f 2475/10/4462 2469/11/4462 2467/12/4462
f 2340/10/4463 2325/11/4463 2466/12/4463
f 2469/10/4464 2470/11/4464 2467/12/4464
f 2325/10/4465 2471/11/4465 2466/12/4465
f 2467/10/4466 2470/11/4466 2338/12/4466
f 2470/10/4467 2472/11/4467 2338/12/4467
f 2471/10/4468 2473/11/4468 2466/12/4468
f 2472/10/4469 2329/11/4469 2338/12/4469
f 2466/10/4470 2473/11/4470 2468/12/4470
f 2473/10/4471 2474/11/4471 2468/12/4471
f 2474/10/4472 2475/11/4472 2468/12/4472
f 2468/10/4473 2475/11/4473 2467/12/4473
f 2321/10/4474 2474/11/4474 2319/12/4474
f 2474/10/4475 2473/11/4475 2319/12/4475
f 2329/10/4476 2472/11/4476 2322/12/4476
f 2322/10/4477 2472/11/4477 2323/12/4477
f 2319/10/4478 2473/11/4478 2320/12/4478
f 2473/10/4479 2471/11/4479 2320/12/4479
f 2472/10/4480 2470/11/4480 2323/12/4480
f 2323/10/4481 2470/11/4481 2315/12/4481
f 2320/10/4482 2471/11/4482 2317/12/4482
f 2471/10/4483 2325/11/4483 2317/12/4483
f 2470/10/4484 2469/11/4484 2315/12/4484
f 2317/10/4485 2325/11/4485 2316/12/4485
f 2315/10/4486 2469/11/4486 2318/12/4486
f 2469/10/4487 2475/11/4487 2318/12/4487
f 2318/10/4488 2475/11/4488 2321/12/4488
f 2475/10/4489 2474/11/4489 2321/12/4489
f 2477/10/4490 2315/11/4490 2476/12/4490
f 2478/10/4491 2476/11/4491 2315/12/4491
f 2477/10/4492 2323/11/4492 2315/12/4492
f 2479/10/4493 2323/11/4493 2477/12/4493
f 2480/10/4494 2315/11/4494 2318/12/4494
f 2480/10/4495 2478/11/4495 2315/12/4495
f 2481/10/4496 2480/11/4496 2318/12/4496
f 2482/10/4497 2323/11/4497 2479/12/4497
f 2483/10/4498 2323/11/4498 2482/12/4498
f 2484/10/4499 2481/11/4499 2318/12/4499
f 2483/10/4500 2322/11/4500 2323/12/4500
f 2485/10/4501 2322/11/4501 2483/12/4501
f 2486/10/4502 2318/11/4502 2321/12/4502
f 2486/10/4503 2484/11/4503 2318/12/4503
f 2487/10/4504 2486/11/4504 2321/12/4504
f 2488/10/4505 2322/11/4505 2485/12/4505
f 2489/10/4506 2487/11/4506 2321/12/4506
f 2489/10/4507 2321/11/4507 2319/12/4507
f 2490/10/4508 2322/11/4508 2488/12/4508
f 2491/10/4509 2489/11/4509 2319/12/4509
f 2490/10/4510 2493/11/4510 2322/12/4510
f 2492/10/4511 2493/11/4511 2490/12/4511
f 2494/10/4512 2491/11/4512 2319/12/4512
f 2495/10/4513 2493/11/4513 2492/12/4513
f 2320/10/4514 2494/11/4514 2319/12/4514
f 2496/10/4515 2493/11/4515 2495/12/4515
f 2497/10/4516 2494/11/4516 2320/12/4516
f 2496/10/4517 2495/11/4517 2498/12/4517
f 2499/10/4518 2497/11/4518 2320/12/4518
f 2317/10/4519 2499/11/4519 2320/12/4519
f 2496/10/4520 2498/11/4520 2500/12/4520
f 2335/10/4521 2500/11/4521 2501/12/4521
f 2335/10/4522 2496/11/4522 2500/12/4522
f 2317/10/4523 2502/11/4523 2499/12/4523
f 2335/10/4524 2501/11/4524 2503/12/4524
f 2317/10/4525 2504/11/4525 2502/12/4525
f 2316/10/4526 2504/11/4526 2317/12/4526
f 2505/10/4527 2335/11/4527 2503/12/4527
f 2505/10/4528 2503/11/4528 2506/12/4528
f 2316/10/4529 2507/11/4529 2504/12/4529
f 2505/10/4530 2506/11/4530 2508/12/4530
f 2326/10/4531 2507/11/4531 2316/12/4531
f 2326/10/4532 2509/11/4532 2507/12/4532
f 2333/10/4533 2505/11/4533 2508/12/4533
f 2333/10/4534 2508/11/4534 2510/12/4534
f 2326/10/4535 2511/11/4535 2509/12/4535
f 2333/10/4536 2510/11/4536 2512/12/4536
f 2326/10/4537 2513/11/4537 2511/12/4537
f 2331/10/4538 2513/11/4538 2326/12/4538
f 2333/10/4539 2512/11/4539 2514/12/4539
f 2331/10/4540 2333/11/4540 2514/12/4540
f 2331/10/4541 2514/11/4541 2513/12/4541
o node6
v -0.034831 -0.039575 0.086481
v -0.034753 -0.039436 0.085908
v -0.034798 -0.039403 0.086334
v -0.036334 -0.038273 0.082226
v -0.034937 -0.039645 0.087330
v -0.037361 -0.036699 0.081568
v -0.036470 -0.037398 0.081587
v -0.034430 -0.039463 0.088132
v -0.034852 -0.039349 0.086683
v -0.035640 -0.038930 0.082621
v -0.035386 -0.038911 0.082436
v -0.034654 -0.039930 0.086988
v -0.034614 -0.039827 0.087583
v -0.034983 -0.039223 0.087194
v -0.034841 -0.039251 0.088687
v -0.035199 -0.039309 0.088584
v -0.036446 -0.038133 0.089218
v -0.035268 -0.039253 0.087945
v -0.037149 -0.037455 0.082036
v -0.036577 -0.037974 0.082356
v -0.035602 -0.039004 0.088706
v -0.035261 -0.039084 0.087812
v -0.035240 -0.038976 0.087753
v -0.035776 -0.038805 0.082874
v -0.035177 -0.038636 0.089299
v -0.035562 -0.038746 0.089320
v -0.036173 -0.038404 0.089409
v -0.036848 -0.037353 0.082519
v -0.036689 -0.037728 0.082458
v -0.036502 -0.037717 0.082631
v -0.036892 -0.037405 0.081639
v -0.037064 -0.037472 0.081830
v -0.035514 -0.038694 0.088204
v -0.035957 -0.038127 0.089765
v -0.035944 -0.038532 0.088728
v -0.037466 -0.037021 0.082339
v -0.035840 -0.038376 0.088555
v -0.037114 -0.037093 0.082506
v -0.036288 -0.038137 0.089676
v -0.035929 -0.038278 0.082956
v -0.036427 -0.037972 0.089021
v -0.036121 -0.038080 0.088795
v -0.036561 -0.037524 0.089989
v -0.036121 -0.038080 0.082805
v -0.035704 -0.038723 0.083120
v -0.034945 -0.038960 0.082621
v -0.035552 -0.038435 0.082063
v -0.036355 -0.037845 0.088927
v -0.036974 -0.036933 0.090066
v -0.036599 -0.037602 0.089023
v -0.036938 -0.037437 0.089924
v -0.035688 -0.038513 0.083173
v -0.037012 -0.037461 0.089250
v -0.035472 -0.038744 0.083467
v -0.037472 -0.037064 0.089770
v -0.034613 -0.039367 0.083193
v -0.036848 -0.037353 0.089081
v -0.037426 -0.037177 0.089566
v -0.034817 -0.039538 0.083327
v -0.037093 -0.037114 0.089094
v -0.036152 -0.038023 0.081790
v -0.035906 -0.037855 0.081777
v -0.034226 -0.039584 0.083838
v -0.034095 -0.040015 0.086560
v -0.035308 -0.039207 0.083629
v -0.034123 -0.039666 0.087468
v -0.035098 -0.039517 0.083664
v -0.034461 -0.039723 0.087795
v -0.034697 -0.039837 0.084161
v -0.034427 -0.039941 0.084400
v -0.034009 -0.039791 0.084582
v -0.035047 -0.039156 0.084237
v -0.034922 -0.039592 0.084563
v -0.036270 -0.038149 0.081921
v -0.034206 -0.040074 0.085239
v -0.033938 -0.039964 0.085578
v -0.034353 -0.040071 0.086468
v -0.034898 -0.039301 0.084684
v -0.034593 -0.040016 0.085332
v -0.034798 -0.039403 0.085266
v -0.034752 -0.039800 0.085856
v -0.035698 -0.037588 0.081990
v -0.036156 -0.037276 0.081734
v -0.034631 -0.038948 0.087039
v -0.034549 -0.038675 0.087863
v -0.035288 -0.037898 0.082499
v -0.034317 -0.038956 0.087053
v -0.034842 -0.038750 0.087618
v -0.034115 -0.039081 0.086864
v -0.035099 -0.038192 0.082406
v -0.033863 -0.039746 0.086583
v -0.034030 -0.039318 0.087466
v -0.034250 -0.039254 0.088031
v -0.034427 -0.038814 0.088307
v -0.035903 -0.037482 0.089018
v -0.035947 -0.037265 0.089288
v -0.035051 -0.038542 0.088008
v -0.036792 -0.036792 0.082500
v -0.036533 -0.037046 0.082525
v -0.035067 -0.038211 0.088540
v -0.036147 -0.037032 0.082063
v -0.036336 -0.036955 0.082337
v -0.035425 -0.037799 0.082615
v -0.035380 -0.038204 0.088427
v -0.035813 -0.037569 0.082632
v -0.033973 -0.039225 0.086914
v -0.034759 -0.038549 0.088842
v -0.035746 -0.037843 0.088758
v -0.035077 -0.038103 0.088893
v -0.036291 -0.037294 0.082577
v -0.034603 -0.039025 0.088640
v -0.035402 -0.037811 0.089343
v -0.036047 -0.037537 0.082673
v -0.035812 -0.037772 0.082805
v -0.036047 -0.037537 0.088927
v -0.035296 -0.038240 0.089447
v -0.035769 -0.037597 0.089685
v -0.035875 -0.037834 0.089816
v -0.036418 -0.037173 0.089074
v -0.035117 -0.038247 0.083170
v -0.035589 -0.037995 0.082972
v -0.035380 -0.038204 0.083173
v -0.036792 -0.036792 0.089100
v -0.036784 -0.036496 0.089276
v -0.036253 -0.037048 0.089804
v -0.035107 -0.038461 0.083524
v -0.034749 -0.038456 0.083298
v -0.036378 -0.037252 0.089978
v -0.034481 -0.038729 0.083277
v -0.036869 -0.036571 0.089947
v -0.034859 -0.038718 0.083957
v -0.036918 -0.036424 0.081726
v -0.036658 -0.036982 0.081578
v -0.034432 -0.038793 0.083993
v -0.034635 -0.038945 0.084544
v -0.034746 -0.038689 0.082721
v -0.034013 -0.039190 0.084430
v -0.034484 -0.039152 0.083163
v -0.035426 -0.038231 0.082057
v -0.034503 -0.038935 0.084559
v -0.034262 -0.039001 0.084691
v -0.034500 -0.039084 0.085111
v -0.034093 -0.039288 0.083928
v -0.036397 -0.036847 0.081850
v -0.034461 -0.039109 0.085899
v -0.034236 -0.039100 0.085914
v -0.033811 -0.039665 0.085219
v -0.033824 -0.039545 0.086486
v -0.033854 -0.039322 0.085641
v -0.034524 -0.039029 0.086677
v -0.037141 -0.036113 0.089724
v -0.039997 -0.034108 0.084952
v -0.037891 -0.035294 0.089125
v -0.037995 -0.035256 0.089287
v -0.037489 -0.035921 0.089790
v -0.039020 -0.034555 0.084869
v -0.038889 -0.034382 0.084329
v -0.038044 -0.035265 0.088640
v -0.038740 -0.034848 0.083972
v -0.038564 -0.034811 0.083652
v -0.039071 -0.034128 0.084697
v -0.038542 -0.034926 0.089093
v -0.039318 -0.034031 0.084132
v -0.039746 -0.033863 0.085017
v -0.039666 -0.034123 0.084132
v -0.039254 -0.034250 0.083568
v -0.038745 -0.034598 0.082944
v -0.037432 -0.035863 0.082524
v -0.038528 -0.034676 0.083364
v -0.037426 -0.035760 0.082129
v -0.038571 -0.035014 0.083663
v -0.037045 -0.036540 0.089081
v -0.037278 -0.036299 0.089019
v -0.036909 -0.036269 0.089553
v -0.039463 -0.034430 0.083467
v -0.037354 -0.035854 0.089258
v -0.038194 -0.035359 0.083173
v -0.037569 -0.035813 0.088968
v -0.039225 -0.033973 0.084689
v -0.037998 -0.035273 0.082865
v -0.039247 -0.034858 0.082898
v -0.037843 -0.035745 0.082843
v -0.039025 -0.034603 0.082960
v -0.038633 -0.034564 0.083190
v -0.038434 -0.035199 0.082234
v -0.037537 -0.036047 0.088927
v -0.038099 -0.035226 0.082277
v -0.037772 -0.035812 0.088795
v -0.038717 -0.035262 0.082317
v -0.037537 -0.036047 0.082673
v -0.037595 -0.035766 0.081919
v -0.037834 -0.035875 0.081784
v -0.037173 -0.036418 0.082526
v -0.038120 -0.035958 0.081832
v -0.037995 -0.035589 0.088628
v -0.037042 -0.036171 0.082281
v -0.038204 -0.035380 0.088427
v -0.038450 -0.035118 0.088090
v -0.038399 -0.034924 0.088201
v -0.037252 -0.036378 0.081622
v -0.038440 -0.035548 0.089533
v -0.038937 -0.034952 0.088996
v -0.038718 -0.034859 0.087643
v -0.038649 -0.034524 0.088244
v -0.038823 -0.034449 0.087491
v -0.037605 -0.036144 0.089926
v -0.038947 -0.034634 0.087052
v -0.038736 -0.034620 0.088670
v -0.038191 -0.035902 0.089724
v -0.039060 -0.034244 0.087991
v -0.039152 -0.034484 0.088437
v -0.038234 -0.035423 0.089541
v -0.039461 -0.034585 0.088308
v -0.039231 -0.033975 0.087052
v -0.039079 -0.034506 0.086521
v -0.039191 -0.034002 0.086365
v -0.039117 -0.034165 0.086127
v -0.039448 -0.034085 0.087611
v -0.039135 -0.034450 0.085795
v -0.039841 -0.034107 0.087126
v -0.039678 -0.033958 0.087020
v -0.039652 -0.033808 0.086397
v -0.039506 -0.033804 0.085268
v -0.039095 -0.034490 0.085266
v -0.039042 -0.034331 0.085070
v -0.040022 -0.033991 0.085931
v -0.039632 -0.034787 0.085771
v -0.039430 -0.034770 0.085621
v -0.039403 -0.034798 0.085266
v -0.039759 -0.034824 0.084789
v -0.039877 -0.034706 0.085811
v -0.038131 -0.036454 0.089490
v -0.039461 -0.034947 0.084579
v -0.038856 -0.035736 0.088977
v -0.039349 -0.034852 0.084917
v -0.038885 -0.035643 0.089070
v -0.039798 -0.034800 0.084290
v -0.038907 -0.035379 0.089167
v -0.040042 -0.034541 0.085466
v -0.039826 -0.034612 0.084017
v -0.039268 -0.034933 0.084578
v -0.039424 -0.035073 0.083204
v -0.038134 -0.036442 0.082392
v -0.039197 -0.035311 0.083595
v -0.037974 -0.036577 0.089244
v -0.039162 -0.035039 0.084254
v -0.038789 -0.035793 0.088745
v -0.038972 -0.035240 0.083836
v -0.038837 -0.035471 0.082357
v -0.038165 -0.036423 0.082121
v -0.038726 -0.035855 0.082784
v -0.038908 -0.035673 0.082601
v -0.037353 -0.036848 0.089081
v -0.037728 -0.036689 0.089142
v -0.037717 -0.036502 0.088969
v -0.038694 -0.035514 0.083395
v -0.038491 -0.035914 0.082921
v -0.038376 -0.035840 0.083045
v -0.037965 -0.036473 0.081845
v -0.038286 -0.035919 0.088639
v -0.037969 -0.036431 0.082576
v -0.038080 -0.036121 0.082805
v -0.038080 -0.036121 0.088795
v -0.038775 -0.035636 0.088398
v -0.037845 -0.036355 0.082673
v -0.037602 -0.036599 0.082577
v -0.038578 -0.035635 0.088347
v -0.037353 -0.036848 0.082519
v -0.039485 -0.035007 0.088313
v -0.037682 -0.036525 0.089937
v -0.039783 -0.034537 0.087713
v -0.039383 -0.035197 0.087900
v -0.039723 -0.034461 0.083804
v -0.038887 -0.035321 0.087918
v -0.039798 -0.034806 0.087125
v -0.039298 -0.035108 0.087483
v -0.039949 -0.034583 0.087067
v -0.039118 -0.035098 0.087450
v -0.038149 -0.036270 0.089678
v -0.040078 -0.034297 0.086465
v -0.039552 -0.034911 0.086845
v -0.040068 -0.034353 0.085107
v -0.039268 -0.034933 0.087021
v -0.039349 -0.034852 0.086683
v -0.039403 -0.034798 0.086334
v -0.039430 -0.034770 0.085979
vn -0.9893 0.0942 -0.1117
vn -0.9922 -0.0035 -0.1244
vn -0.4915 -0.7666 -0.4132
vn -0.9856 0.0513 -0.1613
vn -0.3401 -0.7645 -0.5476
vn -0.9455 0.1627 -0.2819
vn -0.4578 -0.8702 0.1821
vn -0.8582 -0.4916 -0.1479
vn -0.9011 0.2804 -0.3306
vn -0.7169 -0.6690 0.1963
vn -0.5771 -0.8082 0.1172
vn -0.7278 -0.6850 -0.0324
vn -0.9149 -0.0454 -0.4011
vn -0.9045 -0.2397 -0.3528
vn -0.7481 -0.6552 0.1057
vn -0.9079 -0.2877 -0.3048
vn 0.2203 -0.6239 0.7498
vn -0.1455 -0.9730 0.1791
vn -0.0413 -0.8030 0.5946
vn -0.6185 -0.3747 0.6907
vn -0.1177 -0.1769 -0.9772
vn -0.9067 -0.2370 -0.3489
vn -0.8761 -0.0923 -0.4732
vn -0.3928 -0.8135 0.4290
vn -0.8025 -0.5734 -0.1648
vn 0.1880 -0.4912 0.8505
vn -0.7178 -0.6660 0.2029
vn -0.5720 -0.5225 0.6323
vn -0.5345 -0.8062 0.2537
vn -0.4588 -0.3685 0.8085
vn -0.7799 -0.0536 -0.6236
vn -0.3199 -0.2828 0.9043
vn -0.1789 -0.6465 0.7416
vn -0.7863 -0.1454 -0.6005
vn -0.3243 -0.7347 0.5959
vn -0.7670 -0.5390 -0.3481
vn -0.6851 -0.7284 -0.0086
vn -0.7507 -0.2012 -0.6293
vn -0.7115 -0.7024 0.0215
vn 0.1498 -0.2092 0.9663
vn -0.7808 -0.4430 -0.4406
vn -0.6319 -0.3279 0.7023
vn -0.3051 0.3713 0.8770
vn -0.6983 -0.5211 0.4907
vn 0.2755 -0.5326 -0.8003
vn -0.6184 -0.1279 -0.7754
vn -0.6276 -0.2044 -0.7512
vn -0.2658 -0.5592 0.7853
vn -0.2111 -0.4947 0.8430
vn -0.5731 -0.6893 0.4432
vn -0.5672 -0.2610 -0.7811
vn -0.2266 -0.2793 0.9331
vn -0.7722 -0.4996 0.3927
vn -0.7003 -0.7138 -0.0104
vn -0.7077 -0.5760 -0.4090
vn -0.7258 -0.1158 0.6781
vn -0.8310 -0.0758 0.5510
vn -0.6986 -0.0903 0.7098
vn -0.6703 -0.5397 -0.5094
vn -0.5994 -0.6901 0.4056
vn -0.5297 -0.2435 -0.8125
vn -0.5411 -0.3650 -0.7576
vn -0.6631 -0.7081 0.2426
vn 0.1975 -0.7408 -0.6420
vn 0.1858 -0.7436 -0.6423
vn -0.4795 -0.4510 -0.7528
vn 0.1214 -0.2503 -0.9605
vn -0.2559 -0.8599 -0.4417
vn 0.1850 -0.3406 -0.9218
vn -0.7064 -0.7072 -0.0306
vn 0.3534 -0.8019 -0.4818
vn -0.8179 -0.5295 0.2252
vn 0.2289 -0.9302 0.2870
vn -0.4027 -0.8713 -0.2805
vn 0.4620 -0.8229 0.3308
vn -0.8710 -0.3291 0.3649
vn 0.3561 -0.7547 0.5510
vn -0.0335 -0.8893 0.4561
vn 0.0099 -0.8861 0.4634
vn -0.8298 -0.1021 0.5486
vn 0.3048 -0.8498 -0.4300
vn -0.3820 -0.8861 -0.2624
vn -0.0747 -0.9421 -0.3268
vn 0.4505 -0.8179 -0.3579
vn -0.1089 -0.3568 -0.9278
vn -0.2939 -0.5438 -0.7861
vn -0.8279 -0.5488 0.1156
vn 0.4224 -0.8715 -0.2491
vn -0.0862 -0.6338 -0.7687
vn -0.8988 -0.1784 0.4005
vn -0.9195 0.0296 0.3919
vn -0.8863 -0.4428 0.1358
vn -0.5627 -0.8231 -0.0761
vn 0.5600 -0.8085 -0.1806
vn 0.1246 -0.9627 0.2401
vn -0.1722 -0.9789 -0.1097
vn -0.9517 -0.0454 0.3038
vn -0.2603 -0.9576 -0.1237
vn 0.3680 -0.9298 0.0106
vn -0.4587 -0.6235 -0.6331
vn -0.7966 -0.6045 0.0080
vn -0.5644 -0.7172 -0.4087
vn 0.2045 -0.9785 0.0266
vn -0.1510 -0.9884 -0.0157
vn -0.9916 -0.0213 0.1276
vn 0.7725 0.6346 -0.0218
vn -0.9920 0.0340 0.1212
vn -0.3737 -0.9269 0.0343
vn -0.1304 -0.6546 -0.7447
vn -0.8046 -0.5938 0.0011
vn -0.7195 -0.6942 -0.0179
vn -0.9912 0.0156 -0.1311
vn -0.6662 -0.7141 -0.2150
vn 0.5706 -0.6742 0.4689
vn 0.0385 0.9477 -0.3170
vn 0.7457 0.6298 -0.2177
vn 0.7173 -0.6426 0.2695
vn 0.0231 0.9486 -0.3157
vn 0.8714 0.0450 0.4884
vn 0.3691 0.9058 -0.2079
vn 0.4454 0.5257 0.7247
vn 0.1695 0.8683 -0.4661
vn -0.1496 0.8373 -0.5258
vn 0.3579 0.6333 0.6861
vn 0.6262 0.7476 0.2214
vn 0.4164 0.6559 0.6296
vn 0.7407 0.6718 0.0062
vn 0.8051 0.5472 0.2287
vn 0.9261 0.1583 0.3424
vn 0.5975 -0.4950 0.6309
vn -0.6640 -0.7436 0.0789
vn 0.4435 0.8604 -0.2511
vn 0.2831 0.8177 -0.5011
vn 0.8628 0.0713 0.5005
vn 0.6605 0.7341 0.1578
vn 0.9562 0.2560 0.1423
vn 0.7117 0.7020 0.0236
vn 0.7067 0.7072 0.0216
vn 0.0738 0.6042 -0.7934
vn 0.7411 -0.0404 0.6702
vn 0.8054 0.5477 0.2266
vn 0.2147 0.5351 0.8171
vn 0.5456 -0.4209 0.7246
vn 0.2154 0.6343 0.7425
vn 0.0154 0.2213 0.9751
vn 0.2235 0.6324 -0.7417
vn 0.8894 0.4266 0.1641
vn 0.7841 0.3226 0.5302
vn 0.7405 -0.0309 0.6714
vn 0.3455 0.7584 -0.5527
vn 0.6262 0.7503 -0.2120
vn 0.2634 0.5781 -0.7722
vn 0.7044 0.7081 0.0499
vn 0.3917 -0.2189 0.8937
vn 0.0441 0.6484 0.7600
vn -0.0323 0.5787 0.8149
vn 0.7388 0.3259 0.5899
vn 0.6070 0.1594 0.7786
vn 0.4860 0.7922 0.3691
vn 0.3907 0.7478 -0.5368
vn 0.1292 0.7506 0.6480
vn 0.3813 -0.2606 0.8870
vn 0.7096 0.7020 -0.0610
vn 0.4115 0.4587 -0.7876
vn 0.7134 0.6688 0.2093
vn 0.1435 0.8490 0.5086
vn 0.4399 0.4678 -0.7666
vn 0.7203 0.5394 0.4362
vn 0.2902 0.8171 0.4980
vn 0.6505 0.7044 -0.2841
vn 0.5225 0.2217 0.8233
vn 0.5520 0.3186 0.7706
vn 0.6366 0.7642 0.1042
vn 0.2025 -0.0969 0.9745
vn 0.6767 0.6694 0.3065
vn 0.7137 0.7004 0.0075
vn 0.5928 0.6087 0.5273
vn 0.7913 0.5756 -0.2061
vn 0.4783 0.3814 0.7910
vn 0.1234 -0.0429 0.9914
vn 0.2625 0.2323 0.9365
vn -0.0148 0.8557 0.5172
vn 0.5597 0.4941 -0.6653
vn 0.4888 0.4298 -0.7592
vn 0.1102 0.8683 0.4837
vn 0.3724 0.1477 -0.9162
vn 0.4164 0.8781 0.2356
vn 0.5731 0.1877 -0.7977
vn 0.3903 0.1003 -0.9152
vn 0.6428 0.7623 0.0763
vn 0.7131 0.7010 -0.0092
vn 0.5907 0.1674 -0.7893
vn 0.3430 -0.2376 -0.9088
vn 0.6976 0.2240 -0.6806
vn -0.1095 0.9128 0.3935
vn 0.6897 -0.2567 -0.6770
vn 0.5968 -0.4480 -0.6657
vn 0.1039 0.9537 0.2823
vn 0.1457 0.9573 0.2497
vn 0.8984 0.1371 -0.4173
vn 0.7223 0.0767 -0.6873
vn 0.4780 -0.3180 -0.8188
vn 0.6237 -0.1774 -0.7613
vn 0.8509 0.3647 -0.3782
vn 0.8934 0.0823 -0.4417
vn -0.0990 0.9603 0.2607
vn 0.9022 0.3723 -0.2176
vn 0.9236 -0.2462 0.2939
vn 0.8956 -0.2383 0.3758
vn 0.7660 -0.4246 0.4827
vn 0.7406 -0.3626 0.5657
vn 0.8483 -0.2343 -0.4750
vn 0.1183 0.9586 0.2590
vn 0.6724 -0.4789 -0.5643
vn 0.6946 0.7193 -0.0126
vn 0.0061 -0.0198 -0.9998
vn 0.2070 0.9503 0.2326
vn -0.1971 0.9768 0.0833
vn -0.0420 0.9986 0.0327
vn 0.7693 0.5806 -0.2667
vn 0.8925 -0.2949 -0.3413
vn 0.9769 0.1159 -0.1797
vn 0.9487 -0.1799 -0.2600
vn 0.5327 0.8443 0.0572
vn 0.9330 0.3549 0.0602
vn 0.9648 0.2435 -0.0998
vn 0.9710 -0.0838 0.2241
vn -0.0325 0.9939 -0.1050
vn 0.8299 -0.5367 -0.1527
vn 0.4608 0.8843 -0.0755
vn 0.9919 0.1269 -0.0021
vn -0.1064 0.9855 -0.1321
vn 0.7084 0.7057 0.0126
vn 0.9831 -0.1810 0.0270
vn 0.4739 0.8772 -0.0770
vn 0.7205 0.6214 -0.3078
vn 0.9256 -0.3784 0.0130
vn 0.7505 -0.6553 0.0859
vn 0.6581 0.5176 -0.5468
vn 0.0339 0.9776 -0.2078
vn 0.7306 0.6553 -0.1917
vn 0.8073 -0.4385 0.3949
vn -0.6352 0.7234 -0.2705
vn 0.9264 0.2285 0.2994
vn -0.0462 0.8565 -0.5141
vn 0.9209 0.2955 0.2543
vn 0.8758 -0.0015 0.4827
vn 0.9223 0.2885 0.2570
vn 0.4930 0.4359 -0.7530
vn 0.5479 0.4654 -0.6951
vn 0.5348 0.3189 -0.7825
vn 0.7959 0.0084 0.6053
vn 0.7608 0.4021 -0.5095
vn 0.6448 0.7373 0.2013
vn 0.7310 0.6606 -0.1709
vn 0.2182 0.9175 -0.3325
vn 0.8311 0.0800 0.5504
vn 0.3279 0.9043 -0.2733
vn 0.8258 0.4635 0.3214
vn -0.5004 0.5905 -0.6332
vn 0.7364 0.6469 -0.1983
vn 0.7903 0.2326 0.5669
vn 0.2735 0.9509 -0.1448
vn 0.7095 0.7047 0.0022
vn 0.7218 0.6920 0.0094
vn 0.8268 0.4367 0.3545
vn 0.6793 0.7073 0.1958
vn 0.7128 0.7011 0.0207
vn 0.6339 0.1724 0.7539
vn -0.0525 0.7503 -0.6591
vn 0.6340 0.2156 -0.7426
vn 0.4659 0.8232 -0.3246
vn 0.4524 0.8761 -0.1669
vn -0.3447 0.5933 -0.7274
vn 0.5046 0.2139 -0.8364
vn -0.3938 0.5268 -0.7533
vn 0.6366 0.2307 0.7359
vn 0.1401 0.7846 -0.6040
vn 0.5717 0.7859 -0.2356
vn 0.7590 0.6268 0.1760
vn 0.5878 0.2778 0.7598
vn -0.3318 0.3311 -0.8833
vn 0.6451 0.1065 -0.7566
vn 0.5028 0.7519 -0.4265
vn 0.6746 0.1297 -0.7267
vn 0.7731 0.3556 -0.5252
vn 0.1482 0.6359 -0.7574
vn 0.1390 0.6344 -0.7604
vn 0.6676 0.3147 0.6748
vn 0.7540 0.1382 -0.6422
vn -0.2551 0.3685 -0.8940
vn 0.7032 0.7010 0.1188
vn 0.4270 0.3767 0.8220
vn 0.8370 0.0903 -0.5398
vn 0.7897 0.0339 -0.6126
vn 0.4742 0.4799 0.7381
vn 0.5476 0.6983 -0.4610
vn 0.6984 0.6507 0.2980
vn 0.3176 0.5524 -0.7707
vn 0.2234 0.5243 -0.8217
vn 0.8034 0.5530 -0.2208
vn -0.1010 0.1983 -0.9749
vn 0.6859 0.6999 -0.1993
vn 0.6409 0.6918 -0.3326
vn 0.5825 0.7905 0.1893
vn 0.3234 0.3812 -0.8661
vn 0.0711 0.1421 -0.9873
vn 0.8696 0.0536 -0.4908
vn 0.4554 0.5938 0.6633
vn 0.8132 0.5328 -0.2343
vn 0.8695 0.0406 -0.4922
vn 0.2196 0.4213 0.8799
vn 0.1324 0.2750 0.9523
vn 0.8330 0.5353 -0.1395
vn -0.1804 0.3366 0.9242
vn 0.0457 0.5018 0.8638
vn -0.2312 0.3287 0.9157
vn -0.0821 0.7900 0.6076
vn 0.1998 0.7204 0.6641
vn 0.2354 0.6941 0.6803
vn 0.4171 0.8646 0.2803
vn -0.2126 0.7078 0.6737
vn -0.4686 0.5806 0.6658
vn 0.9402 0.1237 -0.3175
vn -0.3168 0.4759 0.8204
vn -0.2322 0.5671 0.7902
vn 0.3451 0.8292 0.4397
vn 0.4762 0.8319 0.2850
vn 0.4886 0.8583 0.1571
vn 0.0195 0.8782 0.4778
vn -0.2457 0.9237 -0.2938
vn -0.2381 0.8956 -0.3757
vn -0.4246 0.7660 -0.4827
vn -0.3626 0.7406 -0.5658
vn -0.0879 0.8842 0.4588
vn 0.9359 0.2988 -0.1868
vn 0.9677 -0.1036 -0.2298
vn 0.9310 -0.2272 -0.2856
vn -0.4532 0.7279 0.5145
vn 0.6749 0.7378 0.0105
vn 0.1491 0.9574 0.2473
vn 0.8591 0.5056 -0.0795
vn -0.6020 0.6537 0.4586
vn 0.6283 0.7432 0.2300
vn 0.4946 0.7317 0.4691
vn 0.9969 0.0234 -0.0748
vn -0.4887 0.7945 0.3606
vn 0.0534 0.9754 0.2137
vn -0.0588 0.9710 0.2315
vn -0.0332 0.9790 -0.2012
vn 0.9731 -0.2122 0.0902
vn 0.3082 0.9503 0.0437
vn -0.5974 0.7845 0.1663
vn -0.6048 0.7796 0.1624
vn 0.9796 -0.1758 0.0970
vn 0.5851 0.8109 0.0023
vn 0.5188 0.8549 0.0022
vn 0.9780 0.2052 0.0370
vn 0.9770 -0.0814 0.1971
vn 0.9305 0.3641 0.0396
vn 0.7096 0.7046 -0.0020
vn -0.2175 0.9758 -0.0242
vn -0.4374 0.8992 -0.0061
vn -0.6805 0.7254 -0.1036
vn 0.9738 -0.0916 0.2081
vn 0.8964 0.4143 0.1574
vn 0.1451 -0.9856 0.0870
vn -0.3386 -0.9384 0.0690
vn -0.2999 -0.9502 0.0844
vn -0.7642 -0.4951 0.4134
vn 0.3360 -0.9260 0.1723
vn 0.2421 -0.9523 0.1859
vn -0.7437 -0.2858 0.6044
vn 0.0706 -0.9665 0.2469
vn -0.8848 -0.4217 -0.1984
vn -0.6387 -0.7693 0.0135
vn -0.1750 -0.9376 0.3004
vn -0.7065 -0.7003 -0.1022
vn 0.0692 -0.9412 0.3306
vn -0.6775 -0.7324 -0.0677
vn -0.8155 -0.5617 -0.1394
vn -0.7714 -0.5516 0.3174
vn -0.0597 -0.9411 0.3327
vn 0.3336 -0.7809 0.5281
vn -0.6866 -0.7268 -0.0198
vn -0.6378 0.2235 -0.7371
vn -0.9385 -0.3223 -0.1240
vn -0.9266 -0.3562 -0.1206
vn -0.7043 -0.7099 -0.0040
vn -0.2004 -0.8637 0.4624
vn -0.3748 -0.6185 -0.6907
vn -0.3251 -0.2780 0.9039
vn -0.5144 -0.4299 0.7421
vn -0.1840 -0.8832 0.4314
vn -0.5234 0.1372 -0.8410
vn -0.6596 -0.7195 -0.2174
vn -0.4091 -0.8499 0.3321
vn -0.5224 -0.5729 -0.6316
vn -0.0622 -0.7754 0.6284
vn -0.3643 -0.4518 -0.8143
vn -0.2832 -0.3205 -0.9039
vn -0.6695 -0.2198 -0.7095
vn -0.1418 -0.7852 0.6027
vn -0.7534 -0.3818 -0.5353
vn -0.7593 -0.4531 -0.4671
vn -0.4583 -0.7651 0.4522
vn -0.1973 -0.7490 0.6325
vn -0.7052 -0.7090 -0.0022
vn -0.7007 -0.7129 0.0286
vn -0.2007 0.1396 -0.9697
vn -0.4562 -0.7639 0.4565
vn -0.3281 -0.6318 -0.7022
vn 0.3569 -0.3153 -0.8793
vn -0.5210 -0.6981 -0.4911
vn -0.5253 0.2851 0.8017
vn -0.0842 -0.6108 0.7873
vn -0.2032 -0.6274 0.7517
vn -0.4607 -0.1614 -0.8728
vn -0.2620 -0.5680 0.7802
vn -0.5153 -0.7723 -0.3715
vn -0.7111 -0.7025 0.0301
vn -0.5023 -0.4104 -0.7611
vn -0.1560 -0.7823 -0.6030
vn -0.5800 -0.7067 0.4051
vn -0.5545 -0.4901 -0.6726
vn -0.0391 -0.6860 -0.7265
vn -0.5347 -0.6650 0.5214
vn -0.6878 -0.6148 -0.3859
vn -0.2470 -0.5347 0.8081
vn -0.3683 -0.5433 0.7545
vn -0.7024 -0.6724 -0.2334
vn -0.7184 0.2153 0.6614
vn -0.4540 -0.4818 0.7495
vn -0.8162 0.0538 0.5752
vn -0.1465 0.0582 0.9875
vn -0.8493 -0.2444 0.4679
vn -0.2930 0.0868 0.9522
vn -0.8332 -0.4966 0.2433
vn -0.8758 0.0560 0.4794
vn -0.6920 -0.7215 -0.0227
vn -0.8159 0.4686 -0.3388
vn -0.9301 0.2241 -0.2909
vn -0.2932 -0.8661 -0.4049
vn -0.7554 0.3535 -0.5517
vn -0.8905 -0.0318 -0.4539
vn -0.8813 0.0580 -0.4689
vn -0.1343 -0.8432 -0.5206
vn -0.7417 0.5037 0.4429
vn -0.8358 -0.5334 0.1300
vn -0.8007 -0.5887 0.1114
vn -0.4081 -0.8721 -0.2699
vn -0.9303 -0.2610 0.2578
vn -0.0664 -0.9048 -0.4205
vn 0.1845 -0.8021 -0.5680
vn -0.5441 -0.1628 0.8231
vn -0.9345 0.2365 0.2662
vn -0.6201 -0.0148 0.7844
vn -0.0267 -0.9071 -0.4200
vn -0.5228 -0.8402 -0.1441
vn -0.1521 -0.9598 -0.2360
vn -0.9680 0.2450 -0.0537
vn -0.9670 0.0765 0.2431
vn -0.8674 0.4653 0.1764
vn -0.0141 -0.9345 -0.3558
vn -0.9622 0.1237 -0.2427
vn 0.1412 -0.9285 -0.3436
vn -0.8367 -0.0819 -0.5415
vn 0.0797 -0.9652 -0.2489
vn -0.8464 -0.2627 -0.4633
vn -0.4329 -0.9004 -0.0425
vn -0.8312 -0.5550 0.0338
vn -0.6064 -0.4409 0.6617
vn 0.1424 -0.9744 -0.1738
vn -0.9439 -0.3268 0.0464
vn -0.6989 -0.5425 0.4661
vn -0.9877 0.1558 -0.0135
vn -0.3252 -0.9419 -0.0845
vn -0.6924 -0.7214 -0.0132
vn 0.1720 -0.9811 -0.0888
vn 0.2752 -0.9525 -0.1302
vn -0.9905 -0.1376 -0.0015
vn -0.6774 -0.1649 0.7169
vn 0.0816 -0.9967 -0.0000
vn -0.7062 -0.7080 -0.0002
vn -0.7104 -0.6713 0.2114
vn -0.6742 0.5706 -0.4689
vn -0.6830 -0.7302 0.0189
vt 0.537500 0.300000
vt 0.587500 0.300000
vt 0.587500 0.700000
usemtl material_0
f 2516/13/4542 2515/14/4542 2517/15/4542
f 2519/13/4543 2515/14/4543 2595/15/4543
f 2524/13/4544 2518/14/4544 2588/15/4544
f 2517/13/4545 2515/14/4545 2523/15/4545
f 2525/13/4546 2524/14/4546 2588/15/4546
f 2515/13/4547 2528/14/4547 2523/15/4547
f 2527/13/4548 2530/14/4548 2526/15/4548
f 2519/13/4549 2532/14/4549 2515/15/4549
f 2532/13/4550 2528/14/4550 2515/15/4550
f 2518/13/4551 2534/14/4551 2533/15/4551
f 2530/13/4552 2535/14/4552 2526/15/4552
f 2526/13/4553 2535/14/4553 2519/15/4553
f 2528/13/4554 2536/14/4554 2537/15/4554
f 2532/13/4555 2536/14/4555 2528/15/4555
f 2534/13/4556 2518/14/4556 2538/15/4556
f 2535/13/4557 2532/14/4557 2519/15/4557
f 2539/13/4558 2540/14/4558 2529/15/4558
f 2591/13/4559 2527/14/4559 2526/15/4559
f 2529/13/4560 2540/14/4560 2530/15/4560
f 2542/13/4561 2543/14/4561 2544/15/4561
f 2521/13/4562 2545/14/4562 2520/15/4562
f 2532/13/4563 2547/14/4563 2536/15/4563
f 2536/13/4564 2547/14/4564 2537/15/4564
f 2540/13/4565 2541/14/4565 2530/15/4565
f 2535/13/4566 2549/14/4566 2532/15/4566
f 2548/13/4567 2540/14/4567 2539/15/4567
f 2533/13/4568 2534/14/4568 2550/15/4568
f 2534/13/4569 2543/14/4569 2550/15/4569
f 2541/13/4570 2535/14/4570 2530/15/4570
f 2550/13/4571 2543/14/4571 2552/15/4571
f 2549/13/4572 2547/14/4572 2532/15/4572
f 2552/13/4573 2543/14/4573 2542/15/4573
f 2548/13/4574 2553/14/4574 2540/15/4574
f 2547/13/4575 2549/14/4575 2551/15/4575
f 2540/13/4576 2553/14/4576 2541/15/4576
f 2531/13/4577 2549/14/4577 2535/15/4577
f 2524/13/4578 2538/14/4578 2518/15/4578
f 2551/13/4579 2549/14/4579 2556/15/4579
f 2541/13/4580 2531/14/4580 2535/15/4580
f 2632/13/4581 2557/14/4581 2548/15/4581
f 2531/13/4582 2555/14/4582 2549/15/4582
f 2544/13/4583 2543/14/4583 2558/15/4583
f 2543/13/4584 2554/14/4584 2558/15/4584
f 2534/13/4585 2554/14/4585 2543/15/4585
f 2560/13/4586 2525/14/4586 2561/15/4586
f 2549/13/4587 2555/14/4587 2556/15/4587
f 2556/13/4588 2555/14/4588 2562/15/4588
f 2557/13/4589 2565/14/4589 2548/15/4589
f 2548/13/4590 2565/14/4590 2553/15/4590
f 2565/13/4591 2541/14/4591 2553/15/4591
f 2562/13/4592 2555/14/4592 2564/15/4592
f 2565/13/4593 2557/14/4593 2563/15/4593
f 2538/13/4594 2559/14/4594 2534/15/4594
f 2541/13/4595 2572/14/4595 2531/15/4595
f 2572/13/4596 2567/14/4596 2531/15/4596
f 2554/13/4597 2559/14/4597 2566/15/4597
f 2566/13/4598 2559/14/4598 2568/15/4598
f 2559/13/4599 2554/14/4599 2534/15/4599
f 2531/13/4600 2567/14/4600 2555/15/4600
f 2565/13/4601 2569/14/4601 2541/15/4601
f 2555/13/4602 2567/14/4602 2564/15/4602
f 2564/13/4603 2567/14/4603 2571/15/4603
f 2569/13/4604 2572/14/4604 2541/15/4604
f 2570/13/4605 2573/14/4605 2560/15/4605
f 2560/13/4606 2573/14/4606 2525/15/4606
f 2567/13/4607 2574/14/4607 2571/15/4607
f 2576/13/4608 2575/14/4608 2521/15/4608
f 2525/13/4609 2573/14/4609 2524/15/4609
f 2576/13/4610 2561/14/4610 2575/15/4610
f 2524/13/4611 2581/14/4611 2538/15/4611
f 2577/13/4612 2573/14/4612 2570/15/4612
f 2581/13/4613 2579/14/4613 2538/15/4613
f 2527/13/4614 2578/14/4614 2582/15/4614
f 2573/13/4615 2581/14/4615 2524/15/4615
f 2582/13/4616 2578/14/4616 2580/15/4616
f 2538/13/4617 2579/14/4617 2559/15/4617
f 2522/13/4618 2529/14/4618 2582/15/4618
f 2582/13/4619 2529/14/4619 2527/15/4619
f 2529/13/4620 2530/14/4620 2527/15/4620
f 2579/13/4621 2568/14/4621 2559/15/4621
f 2577/13/4622 2584/14/4622 2573/15/4622
f 2583/13/4623 2581/14/4623 2573/15/4623
f 2584/13/4624 2583/14/4624 2573/15/4624
f 2585/13/4625 2584/14/4625 2577/15/4625
f 2575/13/4626 2545/14/4626 2521/15/4626
f 2588/13/4627 2545/14/4627 2575/15/4627
f 2581/13/4628 2587/14/4628 2579/15/4628
f 2585/13/4629 2589/14/4629 2584/15/4629
f 2561/13/4630 2525/14/4630 2575/15/4630
f 2579/13/4631 2586/14/4631 2568/15/4631
f 2587/13/4632 2586/14/4632 2579/15/4632
f 2593/13/4633 2587/14/4633 2581/15/4633
f 2583/13/4634 2593/14/4634 2581/15/4634
f 2590/13/4635 2589/14/4635 2585/15/4635
f 2527/13/4636 2591/14/4636 2578/15/4636
f 2589/13/4637 2593/14/4637 2584/15/4637
f 2587/13/4638 2592/14/4638 2586/15/4638
f 2584/13/4639 2593/14/4639 2583/15/4639
f 2590/13/4640 2578/14/4640 2589/15/4640
f 2588/13/4641 2546/14/4641 2545/15/4641
f 2593/13/4642 2595/14/4642 2587/15/4642
f 2518/13/4643 2546/14/4643 2588/15/4643
f 2578/13/4644 2591/14/4644 2589/15/4644
f 2589/13/4645 2591/14/4645 2593/15/4645
f 2595/13/4646 2516/14/4646 2587/15/4646
f 2592/13/4647 2516/14/4647 2594/15/4647
f 2587/13/4648 2516/14/4648 2592/15/4648
f 2591/13/4649 2526/14/4649 2593/15/4649
f 2525/13/4650 2588/14/4650 2575/15/4650
f 2526/13/4651 2595/14/4651 2593/15/4651
f 2526/13/4652 2519/14/4652 2595/15/4652
f 2595/13/4653 2515/14/4653 2516/15/4653
f 2518/13/4654 2533/14/4654 2546/15/4654
f 2522/13/4655 2582/14/4655 2580/15/4655
f 2598/13/4656 2599/14/4656 2601/15/4656
f 2615/13/4657 2600/14/4657 2596/15/4657
f 2578/13/4658 2605/14/4658 2580/15/4658
f 2602/13/4659 2599/14/4659 2598/15/4659
f 2607/13/4660 2608/14/4660 2625/15/4660
f 2601/13/4661 2599/14/4661 2603/15/4661
f 2613/13/4662 2616/14/4662 2612/15/4662
f 2602/13/4663 2614/14/4663 2599/15/4663
f 2611/13/4664 2614/14/4664 2602/15/4664
f 2619/13/4665 2616/14/4665 2613/15/4665
f 2615/13/4666 2616/14/4666 2617/15/4666
f 2617/13/4667 2616/14/4667 2619/15/4667
f 2599/13/4668 2623/14/4668 2608/15/4668
f 2623/13/4669 2621/14/4669 2608/15/4669
f 2607/13/4670 2606/14/4670 2608/15/4670
f 2522/13/4671 2625/14/4671 2529/15/4671
f 2618/13/4672 2622/14/4672 2611/15/4672
f 2614/13/4673 2623/14/4673 2599/15/4673
f 2622/13/4674 2614/14/4674 2611/15/4674
f 2621/13/4675 2625/14/4675 2608/15/4675
f 2615/13/4676 2617/14/4676 2600/15/4676
f 2620/13/4677 2606/14/4677 2662/15/4677
f 2599/13/4678 2608/14/4678 2603/15/4678
f 2603/13/4679 2608/14/4679 2620/15/4679
f 2622/13/4680 2609/14/4680 2614/15/4680
f 2621/13/4681 2539/14/4681 2625/15/4681
f 2623/13/4682 2626/14/4682 2621/15/4682
f 2627/13/4683 2619/14/4683 2624/15/4683
f 2625/13/4684 2539/14/4684 2529/15/4684
f 2628/13/4685 2619/14/4685 2627/15/4685
f 2624/13/4686 2619/14/4686 2613/15/4686
f 2629/13/4687 2609/14/4687 2622/15/4687
f 2608/13/4688 2606/14/4688 2620/15/4688
f 2626/13/4689 2630/14/4689 2621/15/4689
f 2630/13/4690 2539/14/4690 2621/15/4690
f 2609/13/4691 2610/14/4691 2614/15/4691
f 2614/13/4692 2610/14/4692 2623/15/4692
f 2633/13/4693 2609/14/4693 2629/15/4693
f 2610/13/4694 2626/14/4694 2623/15/4694
f 2539/13/4695 2630/14/4695 2548/15/4695
f 2628/13/4696 2634/14/4696 2619/15/4696
f 2635/13/4697 2634/14/4697 2628/15/4697
f 2626/13/4698 2631/14/4698 2630/15/4698
f 2631/13/4699 2632/14/4699 2630/15/4699
f 2634/13/4700 2617/14/4700 2619/15/4700
f 2633/13/4701 2610/14/4701 2609/15/4701
f 2636/13/4702 2634/14/4702 2635/15/4702
f 2630/13/4703 2632/14/4703 2548/15/4703
f 2610/13/4704 2688/14/4704 2626/15/4704
f 2638/13/4705 2633/14/4705 2637/15/4705
f 2688/13/4706 2639/14/4706 2626/15/4706
f 2640/13/4707 2634/14/4707 2636/15/4707
f 2638/13/4708 2610/14/4708 2633/15/4708
f 2626/13/4709 2639/14/4709 2631/15/4709
f 2634/13/4710 2641/14/4710 2617/15/4710
f 2688/13/4711 2610/14/4711 2638/15/4711
f 2631/13/4712 2642/14/4712 2632/15/4712
f 2639/13/4713 2642/14/4713 2631/15/4713
f 2617/13/4714 2641/14/4714 2600/15/4714
f 2632/13/4715 2642/14/4715 2557/15/4715
f 2665/13/4716 2639/14/4716 2688/15/4716
f 2641/13/4717 2643/14/4717 2600/15/4717
f 2644/13/4718 2639/14/4718 2665/15/4718
f 2600/13/4719 2643/14/4719 2604/15/4719
f 2644/13/4720 2642/14/4720 2639/15/4720
f 2557/13/4721 2642/14/4721 2563/15/4721
f 2563/13/4722 2642/14/4722 2644/15/4722
f 2640/13/4723 2645/14/4723 2634/15/4723
f 2597/13/4724 2646/14/4724 2658/15/4724
f 2597/13/4725 2647/14/4725 2646/15/4725
f 2645/13/4726 2648/14/4726 2634/15/4726
f 2597/13/4727 2521/14/4727 2647/15/4727
f 2634/13/4728 2648/14/4728 2641/15/4728
f 2576/13/4729 2597/14/4729 2596/15/4729
f 2597/13/4730 2576/14/4730 2521/15/4730
f 2648/13/4731 2651/14/4731 2641/15/4731
f 2641/13/4732 2651/14/4732 2643/15/4732
f 2596/13/4733 2653/14/4733 2576/15/4733
f 2576/13/4734 2653/14/4734 2561/15/4734
f 2604/13/4735 2653/14/4735 2596/15/4735
f 2649/13/4736 2654/14/4736 2645/15/4736
f 2650/13/4737 2652/14/4737 2560/15/4737
f 2560/13/4738 2652/14/4738 2570/15/4738
f 2654/13/4739 2655/14/4739 2645/15/4739
f 2645/13/4740 2655/14/4740 2648/15/4740
f 2643/13/4741 2657/14/4741 2650/15/4741
f 2650/13/4742 2653/14/4742 2604/15/4742
f 2561/13/4743 2653/14/4743 2560/15/4743
f 2560/13/4744 2653/14/4744 2650/15/4744
f 2643/13/4745 2650/14/4745 2604/15/4745
f 2657/13/4746 2652/14/4746 2650/15/4746
f 2656/13/4747 2654/14/4747 2649/15/4747
f 2651/13/4748 2657/14/4748 2643/15/4748
f 2580/13/4749 2605/14/4749 2606/15/4749
f 2607/13/4750 2580/14/4750 2606/15/4750
f 2580/13/4751 2607/14/4751 2522/15/4751
f 2607/13/4752 2625/14/4752 2522/15/4752
f 2657/13/4753 2577/14/4753 2652/15/4753
f 2656/13/4754 2655/14/4754 2654/15/4754
f 2652/13/4755 2577/14/4755 2570/15/4755
f 2648/13/4756 2663/14/4756 2651/15/4756
f 2520/13/4757 2647/14/4757 2521/15/4757
f 2655/13/4758 2663/14/4758 2648/15/4758
f 2656/13/4759 2660/14/4759 2655/15/4759
f 2659/13/4760 2660/14/4760 2656/15/4760
f 2604/13/4761 2596/14/4761 2600/15/4761
f 2657/13/4762 2585/14/4762 2577/15/4762
f 2651/13/4763 2661/14/4763 2657/15/4763
f 2661/13/4764 2585/14/4764 2657/15/4764
f 2660/13/4765 2663/14/4765 2655/15/4765
f 2620/13/4766 2662/14/4766 2663/15/4766
f 2663/13/4767 2661/14/4767 2651/15/4767
f 2605/13/4768 2662/14/4768 2606/15/4768
f 2659/13/4769 2664/14/4769 2660/15/4769
f 2585/13/4770 2661/14/4770 2590/15/4770
f 2660/13/4771 2603/14/4771 2663/15/4771
f 2663/13/4772 2662/14/4772 2661/15/4772
f 2664/13/4773 2601/14/4773 2660/15/4773
f 2603/13/4774 2620/14/4774 2663/15/4774
f 2662/13/4775 2605/14/4775 2661/15/4775
f 2601/13/4776 2603/14/4776 2660/15/4776
f 2658/13/4777 2615/14/4777 2596/15/4777
f 2661/13/4778 2605/14/4778 2590/15/4778
f 2590/13/4779 2605/14/4779 2578/15/4779
f 2597/13/4780 2658/14/4780 2596/15/4780
f 2598/13/4781 2601/14/4781 2664/15/4781
f 2672/13/4782 2667/14/4782 2690/15/4782
f 2673/13/4783 2674/14/4783 2670/15/4783
f 2666/13/4784 2678/14/4784 2679/15/4784
f 2670/13/4785 2674/14/4785 2671/15/4785
f 2680/13/4786 2681/14/4786 2697/15/4786
f 2674/13/4787 2683/14/4787 2671/15/4787
f 2685/13/4788 2674/14/4788 2673/15/4788
f 2671/13/4789 2683/14/4789 2675/15/4789
f 2686/13/4790 2638/14/4790 2637/15/4790
f 2690/13/4791 2638/14/4791 2687/15/4791
f 2687/13/4792 2638/14/4792 2686/15/4792
f 2685/13/4793 2691/14/4793 2674/15/4793
f 2692/13/4794 2690/14/4794 2687/15/4794
f 2665/13/4795 2688/14/4795 2667/15/4795
f 2667/13/4796 2688/14/4796 2690/15/4796
f 2680/13/4797 2677/14/4797 2681/15/4797
f 2691/13/4798 2694/14/4798 2674/15/4798
f 2681/13/4799 2677/14/4799 2698/15/4799
f 2694/13/4800 2683/14/4800 2674/15/4800
f 2689/13/4801 2697/14/4801 2695/15/4801
f 2638/13/4802 2690/14/4802 2688/15/4802
f 2696/13/4803 2694/14/4803 2691/15/4803
f 2693/13/4804 2677/14/4804 2737/15/4804
f 2675/13/4805 2698/14/4805 2693/15/4805
f 2683/13/4806 2698/14/4806 2675/15/4806
f 2694/13/4807 2684/14/4807 2683/15/4807
f 2710/13/4808 2684/14/4808 2682/15/4808
f 2684/13/4809 2698/14/4809 2683/15/4809
f 2696/13/4810 2682/14/4810 2694/15/4810
f 2681/13/4811 2699/14/4811 2697/15/4811
f 2702/13/4812 2692/14/4812 2700/15/4812
f 2698/13/4813 2701/14/4813 2681/15/4813
f 2698/13/4814 2677/14/4814 2693/15/4814
f 2695/13/4815 2699/14/4815 2703/15/4815
f 2700/13/4816 2692/14/4816 2687/15/4816
f 2697/13/4817 2699/14/4817 2695/15/4817
f 2704/13/4818 2682/14/4818 2696/15/4818
f 2701/13/4819 2699/14/4819 2681/15/4819
f 2684/13/4820 2701/14/4820 2698/15/4820
f 2682/13/4821 2684/14/4821 2694/15/4821
f 2707/13/4822 2682/14/4822 2704/15/4822
f 2703/13/4823 2699/14/4823 2708/15/4823
f 2702/13/4824 2672/14/4824 2692/15/4824
f 2684/13/4825 2705/14/4825 2701/15/4825
f 2709/13/4826 2672/14/4826 2702/15/4826
f 2692/13/4827 2672/14/4827 2690/15/4827
f 2701/13/4828 2706/14/4828 2699/15/4828
f 2705/13/4829 2706/14/4829 2701/15/4829
f 2707/13/4830 2710/14/4830 2682/15/4830
f 2711/13/4831 2672/14/4831 2709/15/4831
f 2699/13/4832 2706/14/4832 2708/15/4832
f 2710/13/4833 2615/14/4833 2684/15/4833
f 2616/13/4834 2707/14/4834 2612/15/4834
f 2712/13/4835 2713/14/4835 2711/15/4835
f 2711/13/4836 2713/14/4836 2672/15/4836
f 2616/13/4837 2710/14/4837 2707/15/4837
f 2684/13/4838 2646/14/4838 2705/15/4838
f 2615/13/4839 2710/14/4839 2616/15/4839
f 2646/13/4840 2714/14/4840 2705/15/4840
f 2705/13/4841 2714/14/4841 2706/15/4841
f 2713/13/4842 2667/14/4842 2672/15/4842
f 2706/13/4843 2714/14/4843 2520/15/4843
f 2658/13/4844 2684/14/4844 2615/15/4844
f 2658/13/4845 2646/14/4845 2684/15/4845
f 2667/13/4846 2718/14/4846 2668/15/4846
f 2647/13/4847 2714/14/4847 2646/15/4847
f 2520/13/4848 2714/14/4848 2647/15/4848
f 2712/13/4849 2717/14/4849 2713/15/4849
f 2669/13/4850 2644/14/4850 2665/15/4850
f 2713/13/4851 2718/14/4851 2667/15/4851
f 2717/13/4852 2719/14/4852 2713/15/4852
f 2669/13/4853 2720/14/4853 2644/15/4853
f 2644/13/4854 2720/14/4854 2563/15/4854
f 2719/13/4855 2718/14/4855 2713/15/4855
f 2720/13/4856 2726/14/4856 2723/15/4856
f 2669/13/4857 2726/14/4857 2720/15/4857
f 2723/13/4858 2726/14/4858 2715/15/4858
f 2722/13/4859 2725/14/4859 2676/15/4859
f 2676/13/4860 2726/14/4860 2668/15/4860
f 2668/13/4861 2726/14/4861 2669/15/4861
f 2718/13/4862 2724/14/4862 2722/15/4862
f 2676/13/4863 2725/14/4863 2716/15/4863
f 2716/13/4864 2725/14/4864 2727/15/4864
f 2721/13/4865 2719/14/4865 2717/15/4865
f 2715/13/4866 2726/14/4866 2716/15/4866
f 2716/13/4867 2726/14/4867 2676/15/4867
f 2668/13/4868 2722/14/4868 2676/15/4868
f 2718/13/4869 2722/14/4869 2668/15/4869
f 2728/13/4870 2724/14/4870 2718/15/4870
f 2724/13/4871 2725/14/4871 2722/15/4871
f 2679/13/4872 2678/14/4872 2677/15/4872
f 2680/13/4873 2679/14/4873 2677/15/4873
f 2679/13/4874 2680/14/4874 2689/15/4874
f 2680/13/4875 2697/14/4875 2689/15/4875
f 2724/13/4876 2732/14/4876 2725/15/4876
f 2719/13/4877 2730/14/4877 2718/15/4877
f 2721/13/4878 2731/14/4878 2719/15/4878
f 2729/13/4879 2731/14/4879 2721/15/4879
f 2725/13/4880 2732/14/4880 2727/15/4880
f 2730/13/4881 2728/14/4881 2718/15/4881
f 2728/13/4882 2732/14/4882 2724/15/4882
f 2731/13/4883 2730/14/4883 2719/15/4883
f 2727/13/4884 2732/14/4884 2734/15/4884
f 2668/13/4885 2665/14/4885 2667/15/4885
f 2665/13/4886 2668/14/4886 2669/15/4886
f 2733/13/4887 2731/14/4887 2729/15/4887
f 2732/13/4888 2735/14/4888 2734/15/4888
f 2728/13/4889 2736/14/4889 2732/15/4889
f 2736/13/4890 2735/14/4890 2732/15/4890
f 2678/13/4891 2737/14/4891 2677/15/4891
f 2738/13/4892 2739/14/4892 2733/15/4892
f 2728/13/4893 2737/14/4893 2736/15/4893
f 2734/13/4894 2736/14/4894 2740/15/4894
f 2735/13/4895 2736/14/4895 2734/15/4895
f 2733/13/4896 2739/14/4896 2731/15/4896
f 2730/13/4897 2693/14/4897 2728/15/4897
f 2693/13/4898 2737/14/4898 2728/15/4898
f 2739/13/4899 2675/14/4899 2731/15/4899
f 2670/13/4900 2739/14/4900 2738/15/4900
f 2731/13/4901 2675/14/4901 2730/15/4901
f 2675/13/4902 2693/14/4902 2730/15/4902
f 2737/13/4903 2678/14/4903 2736/15/4903
f 2736/13/4904 2678/14/4904 2740/15/4904
f 2740/13/4905 2678/14/4905 2666/15/4905
f 2670/13/4906 2671/14/4906 2739/15/4906
f 2739/13/4907 2671/14/4907 2675/15/4907
f 2742/13/4908 2741/14/4908 2743/15/4908
f 2744/13/4909 2747/14/4909 2745/15/4909
f 2745/13/4910 2747/14/4910 2741/15/4910
f 2750/13/4911 2746/14/4911 2793/15/4911
f 2741/13/4912 2747/14/4912 2743/15/4912
f 2743/13/4913 2747/14/4913 2749/15/4913
f 2752/13/4914 2750/14/4914 2793/15/4914
f 2749/13/4915 2747/14/4915 2755/15/4915
f 2754/13/4916 2756/14/4916 2751/15/4916
f 2751/13/4917 2758/14/4917 2744/15/4917
f 2758/13/4918 2747/14/4918 2744/15/4918
f 2746/13/4919 2759/14/4919 2572/15/4919
f 2755/13/4920 2747/14/4920 2760/15/4920
f 2746/13/4921 2748/14/4921 2759/15/4921
f 2756/13/4922 2766/14/4922 2751/15/4922
f 2750/13/4923 2748/14/4923 2746/15/4923
f 2758/13/4924 2762/14/4924 2747/15/4924
f 2747/13/4925 2762/14/4925 2760/15/4925
f 2759/13/4926 2748/14/4926 2761/15/4926
f 2703/13/4927 2763/14/4927 2695/15/4927
f 2753/13/4928 2754/14/4928 2751/15/4928
f 2796/13/4929 2754/14/4929 2753/15/4929
f 2766/13/4930 2765/14/4930 2751/15/4930
f 2765/13/4931 2758/14/4931 2751/15/4931
f 2767/13/4932 2768/14/4932 2769/15/4932
f 2563/13/4933 2784/14/4933 2565/15/4933
f 2784/13/4934 2569/14/4934 2565/15/4934
f 2758/13/4935 2770/14/4935 2762/15/4935
f 2708/13/4936 2763/14/4936 2703/15/4936
f 2572/13/4937 2759/14/4937 2567/15/4937
f 2765/13/4938 2771/14/4938 2758/15/4938
f 2759/13/4939 2768/14/4939 2567/15/4939
f 2771/13/4940 2770/14/4940 2758/15/4940
f 2567/13/4941 2768/14/4941 2574/15/4941
f 2574/13/4942 2768/14/4942 2767/15/4942
f 2708/13/4943 2773/14/4943 2763/15/4943
f 2770/13/4944 2771/14/4944 2772/15/4944
f 2763/13/4945 2773/14/4945 2766/15/4945
f 2773/13/4946 2764/14/4946 2766/15/4946
f 2765/13/4947 2775/14/4947 2771/15/4947
f 2772/13/4948 2771/14/4948 2776/15/4948
f 2766/13/4949 2757/14/4949 2765/15/4949
f 2764/13/4950 2757/14/4950 2766/15/4950
f 2706/13/4951 2520/14/4951 2708/15/4951
f 2757/13/4952 2775/14/4952 2765/15/4952
f 2769/13/4953 2768/14/4953 2777/15/4953
f 2768/13/4954 2774/14/4954 2777/15/4954
f 2759/13/4955 2774/14/4955 2768/15/4955
f 2716/13/4956 2752/14/4956 2715/15/4956
f 2771/13/4957 2775/14/4957 2776/15/4957
f 2776/13/4958 2775/14/4958 2779/15/4958
f 2520/13/4959 2773/14/4959 2708/15/4959
f 2779/13/4960 2775/14/4960 2780/15/4960
f 2761/13/4961 2778/14/4961 2759/15/4961
f 2764/13/4962 2533/14/4962 2757/15/4962
f 2545/13/4963 2773/14/4963 2520/15/4963
f 2774/13/4964 2778/14/4964 2781/15/4964
f 2533/13/4965 2550/14/4965 2757/15/4965
f 2546/13/4966 2773/14/4966 2545/15/4966
f 2778/13/4967 2774/14/4967 2759/15/4967
f 2757/13/4968 2550/14/4968 2775/15/4968
f 2773/13/4969 2546/14/4969 2764/15/4969
f 2775/13/4970 2550/14/4970 2780/15/4970
f 2780/13/4971 2550/14/4971 2782/15/4971
f 2546/13/4972 2533/14/4972 2764/15/4972
f 2716/13/4973 2727/14/4973 2752/15/4973
f 2550/13/4974 2552/14/4974 2782/15/4974
f 2727/13/4975 2783/14/4975 2752/15/4975
f 2720/13/4976 2784/14/4976 2563/15/4976
f 2752/13/4977 2783/14/4977 2750/15/4977
f 2720/13/4978 2723/14/4978 2784/15/4978
f 2750/13/4979 2783/14/4979 2748/15/4979
f 2727/13/4980 2785/14/4980 2783/15/4980
f 2748/13/4981 2786/14/4981 2761/15/4981
f 2787/13/4982 2666/14/4982 2679/15/4982
f 2754/13/4983 2666/14/4983 2787/15/4983
f 2786/13/4984 2778/14/4984 2761/15/4984
f 2689/13/4985 2695/14/4985 2787/15/4985
f 2787/13/4986 2695/14/4986 2754/15/4986
f 2695/13/4987 2756/14/4987 2754/15/4987
f 2778/13/4988 2788/14/4988 2781/15/4988
f 2734/13/4989 2785/14/4989 2727/15/4989
f 2791/13/4990 2789/14/4990 2783/15/4990
f 2783/13/4991 2789/14/4991 2748/15/4991
f 2786/13/4992 2790/14/4992 2778/15/4992
f 2785/13/4993 2791/14/4993 2783/15/4993
f 2789/13/4994 2786/14/4994 2748/15/4994
f 2790/13/4995 2788/14/4995 2778/15/4995
f 2784/13/4996 2723/14/4996 2793/15/4996
f 2734/13/4997 2794/14/4997 2785/15/4997
f 2715/13/4998 2752/14/4998 2723/15/4998
f 2788/13/4999 2790/14/4999 2792/15/4999
f 2789/13/5000 2795/14/5000 2786/15/5000
f 2786/13/5001 2795/14/5001 2790/15/5001
f 2666/13/5002 2796/14/5002 2740/15/5002
f 2794/13/5003 2791/14/5003 2785/15/5003
f 2740/13/5004 2794/14/5004 2734/15/5004
f 2792/13/5005 2790/14/5005 2797/15/5005
f 2754/13/5006 2796/14/5006 2666/15/5006
f 2790/13/5007 2795/14/5007 2797/15/5007
f 2763/13/5008 2756/14/5008 2695/15/5008
f 2797/13/5009 2795/14/5009 2798/15/5009
f 2756/13/5010 2763/14/5010 2766/15/5010
f 2789/13/5011 2745/14/5011 2795/15/5011
f 2791/13/5012 2753/14/5012 2789/15/5012
f 2793/13/5013 2569/14/5013 2784/15/5013
f 2798/13/5014 2795/14/5014 2799/15/5014
f 2794/13/5015 2753/14/5015 2791/15/5015
f 2746/13/5016 2569/14/5016 2793/15/5016
f 2740/13/5017 2796/14/5017 2794/15/5017
f 2745/13/5018 2741/14/5018 2795/15/5018
f 2753/13/5019 2745/14/5019 2789/15/5019
f 2799/13/5020 2741/14/5020 2800/15/5020
f 2795/13/5021 2741/14/5021 2799/15/5021
f 2796/13/5022 2753/14/5022 2794/15/5022
f 2752/13/5023 2793/14/5023 2723/15/5023
f 2800/13/5024 2741/14/5024 2742/15/5024
f 2753/13/5025 2744/14/5025 2745/15/5025
f 2746/13/5026 2572/14/5026 2569/15/5026
f 2689/13/5027 2787/14/5027 2679/15/5027
f 2751/13/5028 2744/14/5028 2753/15/5028
o node7
v -0.038168 -0.034776 0.082568
v -0.036436 -0.036503 0.089827
v -0.036502 -0.036436 0.081773
v -0.036847 -0.036089 0.081802
v -0.037288 -0.035649 0.081944
v -0.037547 -0.035388 0.082072
v -0.037799 -0.035138 0.082240
v -0.038627 -0.034312 0.083169
v -0.038921 -0.034016 0.083748
v -0.039158 -0.033779 0.084469
v -0.039263 -0.033674 0.085031
v -0.039060 -0.033870 0.087479
v -0.038877 -0.034071 0.087950
v -0.038642 -0.034304 0.088404
v -0.038389 -0.034547 0.088778
v -0.038067 -0.034870 0.089136
v -0.037763 -0.035169 0.089392
v -0.037139 -0.035804 0.089721
v -0.036739 -0.036201 0.089807
v -0.039312 -0.033622 0.085542
v -0.039299 -0.033633 0.086229
v -0.039212 -0.033726 0.086899
v -0.036269 -0.035819 0.090669
v -0.034618 -0.037474 0.090237
v -0.035747 -0.036334 0.090670
v -0.035461 -0.036627 0.090610
v -0.034897 -0.037202 0.090390
v -0.035165 -0.036906 0.090529
v -0.031774 -0.031213 0.090699
v -0.032610 -0.030355 0.090460
v -0.032288 -0.030680 0.090592
v -0.032910 -0.030060 0.090291
v -0.032048 -0.030915 0.090660
v -0.031201 -0.031755 0.090719
v -0.032213 -0.032814 0.090669
v -0.032656 -0.032356 0.090691
v -0.031911 -0.033113 0.090614
v -0.031511 -0.033497 0.090488
v -0.031085 -0.033940 0.090252
v -0.033217 -0.038943 0.085349
v -0.036062 -0.036062 0.089858
v -0.033353 -0.038818 0.084522
v -0.035192 -0.036933 0.089681
v -0.033448 -0.038722 0.084173
v -0.033868 -0.039062 0.084126
v -0.033656 -0.038502 0.083588
v -0.034303 -0.038642 0.083195
v -0.033812 -0.038348 0.083280
v -0.034546 -0.038390 0.082823
v -0.031644 -0.034570 0.089292
v -0.030002 -0.032930 0.089293
v -0.034127 -0.038038 0.082807
v -0.034872 -0.038067 0.082466
v -0.034598 -0.037527 0.089280
v -0.031296 -0.034925 0.088937
v -0.029654 -0.033278 0.088936
v -0.034038 -0.038125 0.088668
v -0.032332 -0.033887 0.081902
v -0.031296 -0.031637 0.081736
v -0.030688 -0.032244 0.081902
v -0.033301 -0.038877 0.086806
v -0.033229 -0.038947 0.086279
v -0.034570 -0.031644 0.089292
v -0.033633 -0.032588 0.089813
v -0.034694 -0.032728 0.090491
v -0.035143 -0.032288 0.090256
v -0.034323 -0.033116 0.090617
v -0.034015 -0.033413 0.090672
v -0.033563 -0.033856 0.090689
v -0.027421 -0.035512 0.084918
v -0.026377 -0.034434 0.084776
v -0.029900 -0.030911 0.091534
v -0.027863 -0.035070 0.083110
v -0.027023 -0.033789 0.082550
v -0.029716 -0.033216 0.091017
v -0.028758 -0.032053 0.091028
v -0.028773 -0.034160 0.081418
v -0.028127 -0.032684 0.090533
v -0.028738 -0.034195 0.090080
v -0.028349 -0.032462 0.080774
v -0.027259 -0.033552 0.089480
v -0.027984 -0.034949 0.088813
v -0.030103 -0.032829 0.080369
v -0.026809 -0.034003 0.088429
v -0.029701 -0.031110 0.080183
v -0.027480 -0.035452 0.087051
v -0.026400 -0.034411 0.086918
v -0.031130 -0.031803 0.080054
v -0.025867 -0.033530 0.087482
v -0.028829 -0.030568 0.080261
v -0.027114 -0.033698 0.089042
v -0.026555 -0.032841 0.089349
v -0.028393 -0.032419 0.080892
v -0.027605 -0.031792 0.080960
v -0.027543 -0.031853 0.090572
v -0.026385 -0.033012 0.082544
v -0.026984 -0.033828 0.082839
v -0.028599 -0.030798 0.091256
v -0.029743 -0.031068 0.091415
v -0.026489 -0.034322 0.084571
v -0.029698 -0.029698 0.091459
v -0.025689 -0.033708 0.085167
v -0.026419 -0.034392 0.086436
v -0.028942 -0.023983 0.087726
v -0.032171 -0.027226 0.087802
v -0.028456 -0.024503 0.088678
v -0.031405 -0.027992 0.089018
v -0.027796 -0.025164 0.089354
v -0.030249 -0.029148 0.089766
v -0.026922 -0.026031 0.089769
v -0.026290 -0.026032 0.089352
v -0.026785 -0.025543 0.089242
v -0.028569 -0.023754 0.086834
v -0.028346 -0.023978 0.087563
v -0.028054 -0.024273 0.088141
v -0.027782 -0.024543 0.088512
v -0.027479 -0.024848 0.088828
v -0.027144 -0.025181 0.089068
v -0.033943 -0.031088 0.090249
v -0.037479 -0.034622 0.090231
v -0.036701 -0.035387 0.090588
v -0.032285 -0.035141 0.090251
v -0.033130 -0.034286 0.090620
v -0.032729 -0.034703 0.090493
v -0.038936 -0.033153 0.083143
v -0.038959 -0.033129 0.088403
v -0.039092 -0.032996 0.083520
v -0.038814 -0.033280 0.088701
v -0.039215 -0.032872 0.083888
v -0.038671 -0.033415 0.088956
v -0.039327 -0.032761 0.084310
v -0.037379 -0.034714 0.081303
v -0.037109 -0.034982 0.081161
v -0.038508 -0.033586 0.089216
v -0.037876 -0.034224 0.081670
v -0.038135 -0.033949 0.081921
v -0.038358 -0.033733 0.082180
v -0.039405 -0.032683 0.084716
v -0.039458 -0.032629 0.085121
v -0.039488 -0.032597 0.085598
v -0.039489 -0.032597 0.086001
v -0.039467 -0.032620 0.086374
v -0.039416 -0.032672 0.086812
v -0.037594 -0.034471 0.081439
v -0.039338 -0.032748 0.087237
v -0.039244 -0.032843 0.087613
v -0.039113 -0.032975 0.088021
v -0.036823 -0.035267 0.081047
v -0.038580 -0.033507 0.082491
v -0.038780 -0.033304 0.082831
v -0.034489 -0.032933 0.081038
v -0.036177 -0.031237 0.089220
v -0.036505 -0.030929 0.088703
v -0.036814 -0.030605 0.087960
v -0.037039 -0.030383 0.087138
v -0.037153 -0.030272 0.086329
v -0.037170 -0.030265 0.085454
v -0.037027 -0.030393 0.084381
v -0.036661 -0.030765 0.083220
v -0.036195 -0.031232 0.082388
v -0.035580 -0.031846 0.081670
v -0.034912 -0.032518 0.081207
v -0.037908 -0.034217 0.088942
v -0.034936 -0.031293 0.088939
v -0.038842 -0.033283 0.084729
v -0.038919 -0.033206 0.086327
v -0.038614 -0.033511 0.087666
v -0.038336 -0.033789 0.083297
v -0.037478 -0.034646 0.082252
v -0.036840 -0.035285 0.081902
v -0.033909 -0.032322 0.081868
v -0.035922 -0.030295 0.084919
v -0.035972 -0.030247 0.086133
v -0.035645 -0.030567 0.087746
v -0.034893 -0.031328 0.082616
v -0.035514 -0.030706 0.083579
v -0.035535 -0.029476 0.083434
v -0.035784 -0.029241 0.084210
v -0.035193 -0.029825 0.082711
v -0.034279 -0.030744 0.081595
v -0.033720 -0.031290 0.081216
v -0.033285 -0.031730 0.081037
v -0.035290 -0.029730 0.088711
v -0.035607 -0.029411 0.087977
v -0.035835 -0.029193 0.087164
v -0.035966 -0.029051 0.085925
v -0.035926 -0.029094 0.086541
v -0.035926 -0.029082 0.085063
v -0.034769 -0.030243 0.082097
v -0.034371 -0.028595 0.088555
v -0.032789 -0.030176 0.081231
v -0.034979 -0.030044 0.089219
v -0.033015 -0.029950 0.081373
v -0.034095 -0.028949 0.082509
v -0.034299 -0.028666 0.082886
v -0.034528 -0.028437 0.083399
v -0.034770 -0.028195 0.084158
v -0.034858 -0.028107 0.084568
v -0.033885 -0.029063 0.082208
v -0.034921 -0.028044 0.084991
v -0.034201 -0.028732 0.088950
v -0.034674 -0.028276 0.087814
v -0.034154 -0.028824 0.088961
v -0.032584 -0.030389 0.081122
v -0.032258 -0.030703 0.080998
v -0.034633 -0.028389 0.087957
v -0.034955 -0.028010 0.085385
v -0.033980 -0.028989 0.089230
v -0.034968 -0.028002 0.085747
v -0.033329 -0.029638 0.081618
v -0.034932 -0.028043 0.086569
v -0.033646 -0.029351 0.081939
v -0.034943 -0.027993 0.086660
v -0.034865 -0.028117 0.086993
v -0.034791 -0.028198 0.087355
v -0.034666 -0.028298 0.083792
v -0.032244 -0.030689 0.081889
v -0.033278 -0.029654 0.088936
v -0.032930 -0.030002 0.089293
v -0.033443 -0.031564 0.090514
v -0.033115 -0.031918 0.090612
v -0.030908 -0.032090 0.090639
v -0.030377 -0.032592 0.090476
v -0.030059 -0.032908 0.090292
v -0.030588 -0.032360 0.090590
v -0.029589 -0.033387 0.081674
v -0.029794 -0.033195 0.081512
v -0.030154 -0.032813 0.081245
v -0.030035 -0.034977 0.089220
v -0.030704 -0.032259 0.081000
v -0.031738 -0.033299 0.081034
v -0.028013 -0.034953 0.086247
v -0.028006 -0.034960 0.085451
v -0.028296 -0.034669 0.083799
v -0.028427 -0.034537 0.083424
v -0.028940 -0.034026 0.082429
v -0.029106 -0.033866 0.082206
v -0.029334 -0.033653 0.081947
v -0.029630 -0.035377 0.088545
v -0.029288 -0.035727 0.087596
v -0.029086 -0.035934 0.086563
v -0.029054 -0.035958 0.085446
v -0.029196 -0.035822 0.084361
v -0.029487 -0.035519 0.083397
v -0.029819 -0.035208 0.082731
v -0.030400 -0.034618 0.081911
v -0.031032 -0.033975 0.081369
v -0.033586 -0.038507 0.089215
v -0.035271 -0.036826 0.081050
v -0.032928 -0.034483 0.081040
v -0.033185 -0.038886 0.088558
v -0.032717 -0.039350 0.087185
v -0.032636 -0.039446 0.086591
v -0.032604 -0.039473 0.085306
v -0.033092 -0.038978 0.083242
v -0.033270 -0.038807 0.082885
v -0.033942 -0.038128 0.081919
v -0.033461 -0.038619 0.082557
v -0.032594 -0.039492 0.085727
v -0.033712 -0.038376 0.082210
v -0.032588 -0.039481 0.086135
v -0.034686 -0.037401 0.081313
v -0.032660 -0.039428 0.084865
v -0.034963 -0.037106 0.081154
v -0.034149 -0.037934 0.081719
v -0.034387 -0.037704 0.081524
v -0.033361 -0.038708 0.088893
v -0.033034 -0.039054 0.088178
v -0.032885 -0.039201 0.087760
v -0.032720 -0.039354 0.084443
v -0.032814 -0.039263 0.084056
v -0.032956 -0.039137 0.083645
v -0.033425 -0.038753 0.087332
v -0.034382 -0.037777 0.082501
v -0.033463 -0.038663 0.087747
v -0.033574 -0.038609 0.083841
v -0.033172 -0.038953 0.086567
v -0.034602 -0.037559 0.082297
v -0.035305 -0.036860 0.081881
v -0.035047 -0.037118 0.081998
v -0.034843 -0.037318 0.082118
v -0.034252 -0.037911 0.088944
v -0.033872 -0.038291 0.088415
v -0.033592 -0.038582 0.087843
v -0.033201 -0.038962 0.085722
v -0.033279 -0.038889 0.084861
v -0.033955 -0.038189 0.083008
v -0.032500 -0.034931 0.081216
v -0.031948 -0.035483 0.081592
v -0.031452 -0.035978 0.082097
v -0.031028 -0.036396 0.082711
v -0.030682 -0.036741 0.083436
v -0.030437 -0.036980 0.084210
v -0.030294 -0.037138 0.085063
v -0.030253 -0.037167 0.085924
v -0.030316 -0.037096 0.086764
v -0.030489 -0.036931 0.087583
v -0.030761 -0.036662 0.088354
v -0.031233 -0.036197 0.089217
v -0.030347 -0.035877 0.084691
v -0.030714 -0.035512 0.083569
v -0.030895 -0.035326 0.088384
v -0.031341 -0.034878 0.082599
v -0.031892 -0.034327 0.082128
v -0.030492 -0.035732 0.087465
v -0.030225 -0.035987 0.085914
v -0.027995 -0.034968 0.085862
v -0.030390 -0.032586 0.081123
v -0.028043 -0.034923 0.085000
v -0.028984 -0.033979 0.089232
v -0.028646 -0.034334 0.088655
v -0.028098 -0.034867 0.084620
v -0.028160 -0.034805 0.087290
v -0.028339 -0.034622 0.087956
v -0.028182 -0.034781 0.084200
v -0.028116 -0.034867 0.086986
v -0.028591 -0.034380 0.083062
v -0.028482 -0.034487 0.088310
v -0.028056 -0.034912 0.086684
v -0.024386 -0.028574 0.088524
v -0.023994 -0.028948 0.087720
v -0.024273 -0.028054 0.088141
v -0.023978 -0.028346 0.087563
v -0.023821 -0.028505 0.087079
v -0.025961 -0.026990 0.089745
v -0.025908 -0.026416 0.089333
v -0.023713 -0.028611 0.086594
v -0.025541 -0.026785 0.089243
v -0.025164 -0.027796 0.089354
v -0.025181 -0.027144 0.089068
v -0.024848 -0.027479 0.088828
v -0.024543 -0.027782 0.088512
v -0.028978 -0.030418 0.089692
v -0.027992 -0.031405 0.089018
v -0.027226 -0.032171 0.087802
v -0.027226 -0.032171 0.083798
v -0.023997 -0.028943 0.083786
v -0.023724 -0.028600 0.084946
v -0.028450 -0.023877 0.084326
v -0.023875 -0.028451 0.084327
v -0.028609 -0.023715 0.084995
v -0.024140 -0.028186 0.083691
v -0.024824 -0.028140 0.082531
v -0.024492 -0.027835 0.083146
v -0.024915 -0.027411 0.082715
v -0.025904 -0.027027 0.081848
v -0.025392 -0.026935 0.082418
v -0.025775 -0.026551 0.082293
v -0.026163 -0.026163 0.082246
v -0.027188 -0.025770 0.081903
v -0.026551 -0.025775 0.082293
v -0.026935 -0.025392 0.082418
v -0.028140 -0.024824 0.082531
v -0.027411 -0.024915 0.082715
v -0.027835 -0.024492 0.083146
v -0.028944 -0.024023 0.083749
v -0.028186 -0.024141 0.083691
v -0.032171 -0.027226 0.083798
v -0.028206 -0.031191 0.082339
v -0.029424 -0.029973 0.081804
v -0.030418 -0.028978 0.081908
v -0.031405 -0.027992 0.082581
v -0.032266 -0.027131 0.090201
v -0.033702 -0.025695 0.086340
v -0.033282 -0.026115 0.088351
v -0.030798 -0.028599 0.091256
v -0.033012 -0.026385 0.082544
v -0.033590 -0.025807 0.084467
v -0.031792 -0.027605 0.080960
v -0.030361 -0.029036 0.080184
v -0.034392 -0.026419 0.086436
v -0.034322 -0.026489 0.084571
v -0.031275 -0.029536 0.091339
v -0.033937 -0.026874 0.083041
v -0.032356 -0.028455 0.090795
v -0.033633 -0.027179 0.082311
v -0.033060 -0.027751 0.090150
v -0.032419 -0.028393 0.080892
v -0.034030 -0.026781 0.088232
v -0.031183 -0.029628 0.080234
v -0.034029 -0.026782 0.088492
v -0.031290 -0.029521 0.091437
v -0.034463 -0.026349 0.086447
v -0.034391 -0.026420 0.084549
v -0.032462 -0.028349 0.080774
v -0.030743 -0.030068 0.080036
v -0.035452 -0.027480 0.087051
v -0.032520 -0.030412 0.080206
v -0.034949 -0.027984 0.088813
v -0.034195 -0.028738 0.090080
v -0.034160 -0.028773 0.081418
v -0.033064 -0.029869 0.091130
v -0.035070 -0.027863 0.083110
v -0.031297 -0.031636 0.091595
v -0.035512 -0.027421 0.084918
v -0.032467 -0.033750 0.089766
v -0.037527 -0.034598 0.089280
v -0.036984 -0.035102 0.090494
v -0.037216 -0.034871 0.090388
v -0.036433 -0.035670 0.090635
v -0.036933 -0.035192 0.089681
v -0.034773 -0.038168 0.089034
v -0.036091 -0.036846 0.089797
v -0.035649 -0.037288 0.089656
v -0.035388 -0.037546 0.089528
v -0.035138 -0.037799 0.089361
v -0.034314 -0.038625 0.088433
v -0.034019 -0.038918 0.087861
v -0.033782 -0.039155 0.087143
v -0.033631 -0.039302 0.086274
v -0.034065 -0.038885 0.083670
v -0.035183 -0.037747 0.082194
v -0.035624 -0.037317 0.081957
v -0.035909 -0.037024 0.081849
v -0.036201 -0.036740 0.081793
v -0.033633 -0.039300 0.085373
v -0.033693 -0.039244 0.084901
v -0.033771 -0.039166 0.084508
v -0.038278 -0.034695 0.083526
v -0.037910 -0.035063 0.083054
v -0.038570 -0.034403 0.084094
v -0.037484 -0.035489 0.082701
v -0.038772 -0.034202 0.084729
v -0.037025 -0.035949 0.082482
v -0.038878 -0.034095 0.085403
v -0.036589 -0.036384 0.082400
v -0.038884 -0.034090 0.086121
v -0.036128 -0.036845 0.082433
v -0.038789 -0.034185 0.086795
v -0.035767 -0.037206 0.082556
v -0.035431 -0.037542 0.082740
v -0.038650 -0.034323 0.087283
v -0.038466 -0.034507 0.087738
v -0.035020 -0.037953 0.083099
v -0.038239 -0.034734 0.088128
v -0.034734 -0.038239 0.083472
v -0.037953 -0.035020 0.088501
v -0.034507 -0.038466 0.083861
v -0.037542 -0.035431 0.088859
v -0.034323 -0.038650 0.084316
v -0.034185 -0.038789 0.084804
v -0.037206 -0.035767 0.089044
v -0.036845 -0.036128 0.089167
v -0.034090 -0.038883 0.085478
v -0.036384 -0.036589 0.089200
v -0.034095 -0.038878 0.086196
v -0.035949 -0.037024 0.089118
v -0.034202 -0.038772 0.086871
v -0.035489 -0.037484 0.088899
v -0.034403 -0.038570 0.087506
v -0.035063 -0.037910 0.088546
v -0.034695 -0.038278 0.088074
vn -0.5369 -0.7048 0.4637
vn 0.4802 0.5331 0.6966
vn 0.6177 -0.7864 -0.0032
vn 0.6470 -0.7597 -0.0652
vn 0.6356 -0.7534 -0.1682
vn 0.6336 -0.7560 -0.1643
vn 0.6120 -0.7429 -0.2711
vn 0.0096 -0.0780 0.9969
vn 0.6180 -0.7313 -0.2885
vn 0.1200 -0.0815 0.9894
vn 0.6063 -0.7150 -0.3482
vn 0.6106 -0.7057 -0.3595
vn 0.1061 -0.2041 0.9732
vn 0.5908 -0.6686 -0.4516
vn 0.5501 -0.6709 -0.4973
vn 0.1751 -0.2907 0.9407
vn 0.5510 -0.6892 -0.4706
vn 0.4923 -0.6498 -0.5792
vn 0.4915 -0.6522 -0.5770
vn 0.4589 -0.5668 -0.6842
vn 0.4562 -0.5751 -0.6791
vn 0.2852 -0.3169 0.9046
vn 0.3704 -0.4784 -0.7962
vn 0.3951 -0.4717 -0.7883
vn 0.2939 -0.4382 -0.8495
vn 0.3349 -0.4159 0.8455
vn 0.4198 -0.4228 0.8031
vn 0.2800 -0.3771 -0.8828
vn 0.4308 -0.4315 0.7926
vn 0.4028 -0.4075 0.8196
vn 0.4162 -0.4143 0.8094
vn 0.3054 -0.3004 0.9036
vn 0.3986 -0.5484 0.7351
vn 0.3956 -0.5603 0.7277
vn 0.2150 -0.3320 -0.9185
vn 0.4597 -0.5727 0.6787
vn 0.1345 -0.1346 -0.9817
vn 0.1786 -0.3271 -0.9280
vn 0.5035 -0.6358 0.5851
vn 0.5204 -0.6311 0.5752
vn 0.1318 -0.1334 -0.9823
vn 0.1175 -0.2425 -0.9630
vn 0.0708 -0.0636 -0.9955
vn 0.0918 -0.0994 -0.9908
vn 0.5715 -0.7042 0.4213
vn 0.5694 -0.7051 0.4226
vn 0.0288 -0.0389 -0.9988
vn 0.2928 -0.3156 0.9026
vn 0.1606 -0.2704 -0.9492
vn 0.6303 -0.7090 0.3163
vn 0.6033 -0.7626 0.2335
vn 0.6482 -0.7383 0.1862
vn 0.6599 -0.7495 0.0523
vn 0.3289 0.6830 0.6522
vn 0.3263 0.6838 0.6527
vn 0.4128 0.5580 0.7199
vn 0.3760 0.5935 0.7116
vn 0.4795 0.5163 0.7096
vn 0.6959 -0.7171 0.0395
vn 0.6892 -0.6175 -0.3790
vn 0.6569 -0.6796 -0.3265
vn 0.2264 -0.1960 0.9541
vn 0.1491 -0.2051 0.9673
vn 0.5191 -0.6045 -0.6042
vn 0.3709 -0.3144 0.8738
vn 0.3875 -0.4054 0.8280
vn 0.5549 -0.4122 -0.7226
vn 0.4933 -0.4271 0.7578
vn 0.5096 -0.5711 0.6435
vn 0.2850 -0.4010 -0.8706
vn 0.6326 -0.5753 0.5185
vn 0.2542 -0.1630 -0.9533
vn 0.6705 -0.6504 0.3570
vn 0.6527 -0.6587 0.3744
vn 0.1574 -0.1429 -0.9771
vn 0.1060 -0.0338 -0.9938
vn 0.7191 -0.6947 0.0153
vn 0.6326 -0.7275 0.2657
vn 0.0746 0.0245 -0.9969
vn 0.7446 -0.3708 0.5551
vn 0.6582 -0.5945 0.4619
vn 0.2461 -0.2602 -0.9337
vn 0.2792 -0.2502 -0.9271
vn 0.4661 -0.5516 0.6917
vn 0.3784 -0.3066 0.8734
vn 0.5246 -0.4035 0.7497
vn 0.4437 -0.4754 -0.7596
vn 0.5216 -0.4331 -0.7350
vn 0.7588 -0.6239 -0.1869
vn 0.1808 -0.1980 0.9634
vn 0.3739 -0.2114 0.9031
vn 0.6783 -0.6324 -0.3742
vn 0.1462 -0.0365 0.9886
vn 0.7204 -0.5987 -0.3502
vn 0.6324 -0.7728 -0.0528
vn 0.7729 -0.6254 0.1076
vn -0.5605 0.5719 0.5990
vn -0.5373 0.5190 0.6648
vn -0.4067 0.4228 0.8099
vn -0.3058 0.2823 0.9093
vn -0.2190 0.2328 0.9476
vn 0.4419 0.5979 0.6688
vn 0.0672 0.9592 0.2745
vn 0.1046 0.9064 0.4093
vn 0.0831 0.8916 0.4452
vn 0.1719 0.8519 0.4946
vn 0.1902 0.7889 0.5844
vn 0.1846 0.7897 0.5850
vn 0.2902 0.7334 0.6147
vn 0.3221 0.6512 0.6871
vn 0.3201 0.6514 0.6879
vn -0.2880 0.2394 0.9272
vn -0.2715 0.2345 0.9334
vn -0.2058 0.1842 0.9611
vn -0.1586 0.1222 0.9798
vn -0.1605 0.1235 0.9793
vn -0.0822 0.0560 0.9950
vn -0.1065 0.0662 0.9921
vn -0.0239 0.0109 0.9997
vn -0.2480 0.2469 0.9368
vn -0.2857 0.2763 0.9176
vn -0.2201 0.2134 0.9518
vn -0.1651 0.1602 0.9732
vn -0.1642 0.1595 0.9734
vn -0.0921 0.0853 0.9921
vn -0.0976 0.0892 0.9912
vn -0.0240 0.0138 0.9996
vn -0.0018 0.0006 1.0000
vn 0.0804 -0.0781 0.9937
vn 0.1499 -0.1535 0.9767
vn 0.1019 -0.1057 0.9892
vn 0.1387 -0.1373 0.9808
vn 0.2278 -0.2364 0.9446
vn 0.2525 -0.2581 0.9325
vn 0.2562 -0.2605 0.9309
vn 0.2953 0.9024 0.3139
vn -0.7638 -0.3904 -0.5140
vn -0.6638 0.6690 0.3344
vn -0.6477 0.6390 0.4149
vn -0.6080 0.6031 0.5164
vn -0.1933 0.1892 -0.9627
vn -0.1962 0.1930 -0.9614
vn -0.6125 0.6158 0.4956
vn -0.5769 0.5630 0.5918
vn -0.5351 0.5331 0.6554
vn -0.2520 0.2423 -0.9369
vn -0.5263 0.5209 0.6720
vn -0.3063 0.3142 -0.8986
vn -0.2764 0.2703 -0.9222
vn -0.3789 0.3656 -0.8501
vn -0.3984 0.3844 -0.8328
vn -0.4487 0.4520 -0.7710
vn -0.4504 0.4554 -0.7679
vn -0.4993 0.4911 -0.7138
vn -0.5523 0.5564 -0.6208
vn -0.5432 0.5403 -0.6426
vn -0.5852 0.5761 -0.5706
vn -0.6162 0.6036 -0.5059
vn -0.6415 0.6479 -0.4107
vn -0.6386 0.6381 -0.4302
vn -0.6672 0.6582 -0.3487
vn -0.6881 0.6760 -0.2639
vn -0.6952 0.6954 -0.1821
vn -0.6950 0.6972 -0.1757
vn -0.7092 0.6991 -0.0914
vn -0.7086 0.7054 0.0198
vn -0.7055 0.7088 -0.0009
vn -0.7089 0.7004 0.0828
vn -0.6970 0.6907 0.1926
vn -0.6958 0.6993 0.1638
vn -0.6892 0.6802 0.2497
vn -0.6617 0.6580 0.3594
vn 0.2068 -0.2093 0.9557
vn 0.2123 -0.2123 0.9539
vn -0.7281 -0.6855 -0.0009
vn -0.7289 -0.6846 -0.0021
vn -0.7294 -0.6841 -0.0012
vn -0.7303 -0.6832 0.0020
vn -0.7302 -0.6833 0.0041
vn -0.7274 -0.6861 0.0098
vn -0.7272 -0.6863 0.0099
vn -0.7279 -0.6857 0.0096
vn -0.7279 -0.6855 0.0122
vn -0.7269 -0.6864 -0.0202
vn -0.7267 -0.6868 0.0159
vn -0.7283 -0.6850 -0.0192
vn -0.7321 -0.6811 0.0105
vn -0.7185 -0.6946 -0.0375
vn -0.7195 -0.6942 -0.0207
vn -0.7207 -0.6930 0.0153
vn -0.7241 -0.6892 -0.0277
vn -0.7233 -0.6894 0.0390
vn -0.7279 -0.6857 -0.0000
vn -0.7242 -0.6896 -0.0008
vn -0.7257 -0.6878 -0.0160
vn -0.7105 -0.7033 -0.0247
vn -0.7271 -0.6864 -0.0123
vn -0.7275 -0.6860 -0.0119
vn -0.7253 -0.6883 -0.0131
vn -0.7120 -0.7017 -0.0250
vn -0.7288 -0.6847 -0.0087
vn -0.7115 -0.7021 -0.0282
vn -0.7140 -0.6996 -0.0263
vn -0.7289 -0.6846 -0.0036
vn 0.7108 -0.7031 0.0203
vn 0.7072 -0.7070 -0.0001
vn 0.0153 0.9663 0.2569
vn 0.3384 0.6296 -0.6994
vn 0.1580 0.8135 -0.5597
vn 0.1463 0.8713 -0.4685
vn 0.0390 0.9585 -0.2826
vn 0.0555 0.9557 -0.2890
vn -0.0287 0.9920 -0.1226
vn -0.0199 0.9998 0.0095
vn 0.0074 0.9992 -0.0387
vn 0.0489 0.9816 0.1846
vn 0.0013 0.9908 0.1353
vn 0.0405 0.9218 0.3856
vn 0.1418 0.8809 0.4515
vn 0.1244 0.8856 0.4474
vn 0.2805 0.7176 -0.6375
vn 0.2835 0.7396 -0.6104
vn 0.0938 0.8898 -0.4466
vn -0.9554 -0.0509 -0.2910
vn -0.7441 -0.2796 -0.6067
vn -0.6263 -0.3310 -0.7058
vn -0.8794 -0.1325 0.4573
vn -0.8859 -0.1360 0.4434
vn -0.9242 -0.0455 0.3792
vn -0.9642 -0.0213 0.2642
vn -0.9807 -0.0560 0.1875
vn -0.9977 0.0163 0.0659
vn -0.9989 0.0023 -0.0462
vn -0.9992 -0.0022 -0.0407
vn -0.9858 0.0167 -0.1671
vn -0.9598 -0.0589 -0.2744
vn -0.9133 -0.0633 -0.4023
vn -0.8713 -0.1442 -0.4690
vn -0.8570 -0.1397 -0.4960
vn -0.7905 -0.1887 -0.5826
vn -0.7098 -0.2786 -0.6470
vn -0.9897 -0.0113 0.1430
vn -0.6286 0.6091 0.4836
vn -0.6265 0.5788 0.5220
vn -0.5704 0.5460 0.6135
vn -0.5493 0.5052 0.6657
vn -0.2148 0.1791 -0.9601
vn -0.2088 0.1624 -0.9644
vn -0.2609 0.2310 -0.9373
vn -0.5512 0.5152 0.6563
vn -0.3046 0.2672 -0.9142
vn -0.3587 0.3270 -0.8743
vn -0.3343 0.2811 -0.8996
vn -0.4465 0.4009 -0.7999
vn -0.4870 0.4848 -0.7265
vn -0.4283 0.3957 -0.8124
vn -0.5338 0.5134 -0.6719
vn -0.5221 0.4933 -0.6957
vn -0.6286 0.5656 -0.5338
vn -0.6500 0.6152 -0.4461
vn -0.6041 0.5669 -0.5601
vn -0.6906 0.6218 -0.3694
vn -0.6936 0.6587 -0.2916
vn -0.6664 0.6268 -0.4038
vn -0.7251 0.6573 -0.2054
vn -0.7057 0.6664 -0.2409
vn -0.7174 0.6860 -0.1216
vn -0.7345 0.6773 -0.0410
vn -0.7282 0.6829 -0.0587
vn -0.7172 0.6937 0.0664
vn -0.7243 0.6829 0.0946
vn -0.7103 0.6661 0.2273
vn -0.7093 0.6727 0.2107
vn -0.6872 0.6656 0.2910
vn -0.6737 0.6347 0.3785
vn -0.6710 0.6472 0.3618
vn -0.8767 -0.4218 0.2312
vn -0.8612 -0.4051 0.3069
vn -0.8359 -0.2243 -0.5009
vn -0.7163 0.3157 -0.6223
vn -0.9313 -0.3543 0.0843
vn -0.9717 -0.1719 0.1619
vn -0.8428 0.2752 0.4625
vn -0.9250 0.2581 0.2789
vn -0.5258 0.3062 -0.7936
vn -0.9646 -0.2619 0.0290
vn -0.9699 -0.0533 0.2376
vn 0.7071 -0.7071 -0.0002
vn 0.7002 -0.7138 0.0164
vn 0.2057 -0.2049 0.9569
vn 0.2060 -0.2067 0.9565
vn -0.7051 0.7069 0.0554
vn -0.7064 0.7058 0.0528
vn 0.1031 -0.1445 0.9841
vn -0.0002 -0.0465 0.9989
vn 0.1440 -0.1645 0.9758
vn 0.0796 -0.1018 0.9916
vn 0.1456 -0.1696 0.9747
vn 0.2509 -0.2856 0.9249
vn 0.2302 -0.2761 0.9331
vn -0.1715 -0.3679 0.9139
vn -0.5279 -0.7102 0.4658
vn 0.3270 -0.3819 -0.8644
vn 0.3419 -0.3861 -0.8568
vn 0.3099 -0.3288 -0.8921
vn 0.2257 -0.2700 -0.9360
vn 0.5227 -0.5581 0.6444
vn 0.5189 -0.5579 0.6476
vn 0.1993 -0.2594 -0.9450
vn 0.1691 -0.1998 -0.9651
vn 0.5812 -0.6058 0.5433
vn 0.5789 -0.6554 0.4850
vn 0.6015 -0.6545 0.4580
vn 0.6469 -0.6728 0.3590
vn 0.6699 -0.7033 0.2379
vn 0.6520 -0.7088 0.2693
vn 0.6694 -0.7033 0.2393
vn 0.6896 -0.7114 0.1360
vn 0.6901 -0.7237 0.0112
vn 0.6796 -0.7327 0.0361
vn 0.6859 -0.7186 -0.1147
vn 0.6695 -0.7149 -0.2020
vn 0.6647 -0.7255 -0.1785
vn 0.6634 -0.6752 -0.3225
vn 0.5882 -0.6758 -0.4442
vn 0.6285 -0.6674 -0.3996
vn 0.5836 -0.6154 -0.5299
vn 0.5607 -0.6071 -0.5631
vn 0.5469 -0.5647 -0.6181
vn 0.4583 -0.5242 -0.7178
vn 0.4681 -0.5263 -0.7098
vn 0.4435 -0.4609 -0.7687
vn 0.4146 -0.4278 -0.8032
vn 0.3138 -0.3130 -0.8964
vn 0.2551 -0.2623 -0.9307
vn 0.5112 -0.5213 0.6833
vn 0.1919 -0.1960 -0.9616
vn 0.5647 -0.5571 0.6089
vn 0.1748 -0.1704 -0.9698
vn 0.5685 -0.5646 0.5984
vn 0.6328 -0.6340 0.4445
vn 0.6044 -0.6119 0.5102
vn 0.6322 -0.6325 0.4474
vn 0.6826 -0.6749 0.2803
vn 0.6548 -0.6630 0.3629
vn 0.7029 -0.7025 0.1118
vn 0.6886 -0.6953 0.2059
vn 0.7039 -0.6986 0.1284
vn 0.7058 -0.7060 -0.0578
vn 0.7042 -0.7099 0.0080
vn 0.7076 -0.7049 -0.0478
vn 0.6853 -0.6871 -0.2413
vn 0.6934 -0.7025 -0.1600
vn 0.6926 -0.6875 -0.2182
vn 0.6669 -0.6728 -0.3202
vn 0.6469 -0.6463 -0.4048
vn 0.6400 -0.6440 -0.4191
vn 0.6235 -0.6319 -0.4604
vn 0.5877 -0.5848 -0.5592
vn 0.5821 -0.5821 -0.5678
vn 0.5436 -0.5510 -0.6332
vn 0.5080 -0.5077 -0.6958
vn 0.4967 -0.5014 -0.7085
vn 0.4562 -0.4655 -0.7584
vn 0.4143 -0.4127 -0.8112
vn 0.4064 -0.4075 -0.8178
vn 0.3051 -0.3076 -0.9013
vn 0.3552 -0.3638 -0.8611
vn -0.5284 -0.8465 0.0646
vn -0.4988 -0.8663 -0.0264
vn -0.4920 -0.7229 -0.4851
vn -0.3770 -0.8299 -0.4113
vn -0.4609 -0.8609 0.2155
vn -0.5256 -0.8353 0.1612
vn -0.3889 -0.9208 0.0304
vn -0.4557 -0.8700 -0.1885
vn -0.5212 -0.8502 -0.0737
vn -0.5626 -0.8245 -0.0606
vn -0.1841 -0.9642 0.1910
vn -0.2427 -0.9552 0.1692
vn -0.4101 -0.9098 0.0646
vn -0.4510 -0.8802 0.1482
vn -0.1763 -0.9842 0.0167
vn 0.7457 -0.4914 -0.4500
vn -0.3632 -0.8904 0.2745
vn -0.4403 -0.8567 -0.2687
vn -0.6606 -0.7459 -0.0855
vn -0.6813 -0.7320 0.0112
vn -0.6856 -0.7253 -0.0616
vn -0.6775 -0.7354 0.0096
vn -0.6936 -0.7181 -0.0575
vn -0.6888 -0.7225 -0.0596
vn -0.6811 -0.7299 -0.0573
vn -0.6813 -0.7319 0.0145
vn -0.6850 -0.7265 -0.0541
vn -0.6742 -0.7369 -0.0490
vn -0.6497 -0.7597 0.0267
vn -0.6775 -0.7336 -0.0537
vn -0.6845 -0.7287 0.0205
vn -0.6788 -0.7323 -0.0543
vn -0.6726 -0.7389 0.0406
vn -0.6794 -0.7316 -0.0573
vn -0.6769 -0.7346 0.0471
vn -0.6487 -0.7608 -0.0194
vn -0.6717 -0.7402 -0.0313
vn -0.6864 -0.7246 -0.0623
vn -0.6638 -0.7467 -0.0430
vn -0.6695 -0.7421 -0.0323
vn -0.6655 -0.7449 -0.0474
vn -0.6688 -0.7423 -0.0420
vn -0.6592 -0.7515 -0.0259
vn -0.6543 -0.7559 -0.0220
vn -0.6559 -0.7546 -0.0164
vn -0.6561 -0.7547 0.0002
vn -0.6606 -0.7507 -0.0091
vn -0.6578 -0.7532 -0.0059
vn -0.6576 -0.7527 0.0311
vn -0.6775 -0.7355 0.0065
vn -0.7071 0.7071 -0.0000
vn -0.7071 0.7071 -0.0001
vn -0.2010 0.2010 0.9587
vn -0.2044 0.2072 0.9567
vn 0.7597 0.2428 -0.6033
vn 0.8499 0.1531 0.5041
vn 0.8921 0.0799 0.4447
vn 0.9463 0.0335 0.3216
vn 0.9255 0.0849 0.3691
vn 0.9858 0.0435 0.1621
vn 0.9790 0.0219 0.2026
vn 0.9968 -0.0229 0.0765
vn 0.9985 -0.0240 -0.0485
vn 0.9861 -0.0075 -0.1657
vn 0.9951 0.0129 -0.0982
vn 0.9543 0.0566 -0.2934
vn 0.9563 0.0484 -0.2883
vn 0.9125 0.0675 -0.4034
vn 0.8714 0.1454 -0.4685
vn 0.8571 0.1404 -0.4957
vn 0.7867 0.1895 -0.5876
vn 0.7101 0.2675 -0.6513
vn 0.6638 0.3168 -0.6775
vn 0.6504 0.3568 -0.6706
vn -0.0457 -0.9569 -0.2869
vn -0.0111 -0.9961 -0.0878
vn -0.0172 -0.9811 0.1929
vn -0.3223 -0.6668 -0.6720
vn -0.3201 -0.6675 -0.6723
vn -0.1475 -0.8689 -0.4726
vn -0.1396 -0.8481 -0.5112
vn -0.0610 -0.9157 -0.3972
vn -0.0396 -0.9539 -0.2974
vn 0.0114 -0.9920 -0.1259
vn 0.0333 -0.9992 0.0231
vn -0.0424 -0.9870 0.1549
vn -0.0328 -0.9415 0.3353
vn -0.0849 -0.9246 0.3713
vn -0.1488 -0.8490 0.5071
vn -0.0951 -0.8802 0.4649
vn -0.2364 -0.7570 -0.6091
vn -0.2363 -0.7513 -0.6162
vn -0.7090 0.7052 0.0001
vn -0.7071 0.7071 -0.0045
vn -0.6195 -0.7850 0.0013
vn -0.6494 -0.7599 -0.0265
vn 0.8227 0.2805 -0.4944
vn 0.6544 -0.7176 0.2385
vn 0.7386 0.2646 -0.6201
vn -0.2061 0.2061 0.9566
vn 0.9549 0.0505 0.2926
vn 0.9102 0.0813 0.4062
vn 0.5093 0.4704 0.7207
vn 0.4866 0.4692 0.7369
vn 0.9724 -0.0505 0.2276
vn 0.5990 0.4297 0.6757
vn 0.6559 0.3258 0.6809
vn 0.6568 0.3184 0.6836
vn 0.7334 0.2902 0.6147
vn 0.7897 0.1846 0.5850
vn 0.7927 0.1653 0.5868
vn 0.8526 0.1759 0.4921
vn 0.9063 0.1034 0.4098
vn 0.0118 -0.0135 0.9998
vn 0.0229 -0.0356 0.9991
vn 0.2374 -0.2236 0.9453
vn 0.2977 -0.3171 0.9005
vn 0.4362 -0.4161 0.7979
vn 0.5156 -0.5406 0.6648
vn 0.5925 -0.5800 0.5590
vn 0.7064 -0.7065 0.0428
vn 0.7052 -0.7081 -0.0360
vn 0.7101 -0.7040 -0.0094
vn 0.7140 -0.7002 -0.0000
vn 0.9722 0.0159 -0.2335
vn -0.0092 0.9714 -0.2374
vn 0.9334 0.1345 -0.3328
vn 0.8645 0.1013 -0.4923
vn 0.8569 0.0890 -0.5077
vn 0.7996 0.2388 -0.5511
vn 0.6920 0.2755 -0.6673
vn 0.6916 0.2567 -0.6752
vn 0.6370 0.4263 -0.6422
vn 0.5593 0.4793 -0.6764
vn 0.3852 0.4789 -0.7888
vn 0.4555 0.4973 -0.7384
vn 0.4100 0.6273 -0.6621
vn 0.2894 0.6981 -0.6549
vn 0.2556 0.7003 -0.6665
vn 0.2388 0.7996 -0.5511
vn 0.0870 0.8575 -0.5070
vn 0.0965 0.8638 -0.4945
vn 0.1193 0.9336 -0.3378
vn -0.5314 0.5250 -0.6649
vn 0.5144 -0.5276 -0.6760
vn 0.5115 -0.5142 -0.6885
vn 0.2978 -0.2726 -0.9149
vn 0.1977 -0.2219 -0.9548
vn -0.0132 0.0306 -0.9994
vn -0.0529 0.0517 -0.9973
vn -0.2993 0.2999 -0.9058
vn -0.3098 0.3049 -0.9006
vn -0.5149 0.5197 -0.6818
vn -0.7053 0.6994 -0.1153
vn -0.7044 0.7097 0.0141
vn -0.7068 0.7067 0.0303
vn -0.6941 0.7199 -0.0000
vn 0.7071 0.7071 -0.0000
vn -0.7266 0.6850 -0.0530
vn -0.6855 0.7232 -0.0845
vn -0.0794 -0.0294 0.9964
vn -0.0637 0.1193 0.9908
vn -0.5736 0.7486 -0.3326
vn -0.6563 0.6451 -0.3913
vn -0.2592 0.2145 0.9417
vn -0.2238 0.4115 0.8835
vn -0.5993 0.6186 -0.5081
vn -0.3666 0.4014 0.8393
vn -0.4134 0.5395 -0.7336
vn -0.4646 0.4361 -0.7707
vn -0.5907 0.5594 0.5814
vn -0.5105 0.6040 0.6121
vn -0.2417 0.2567 -0.9358
vn -0.2370 0.2693 -0.9335
vn -0.6782 0.6819 0.2741
vn -0.6623 0.6935 0.2835
vn -0.0495 -0.0150 -0.9987
vn 0.7071 0.7071 -0.0001
vn 0.7071 0.7071 0.0001
vn 0.7071 0.7071 0.0006
vn -0.6403 0.7126 0.2867
vn -0.0977 0.0115 -0.9952
vn -0.6855 0.6246 0.3741
vn -0.1430 0.2663 -0.9532
vn -0.5208 0.5688 0.6366
vn -0.5245 0.5570 0.6440
vn -0.3975 0.2539 -0.8818
vn -0.3888 0.3872 0.8360
vn -0.3794 0.3888 0.8396
vn -0.4125 0.5453 -0.7297
vn -0.2234 0.3292 0.9175
vn -0.5839 0.6334 -0.5078
vn -0.5906 0.5342 -0.6049
vn -0.1842 0.0742 0.9801
vn -0.6186 0.6813 -0.3914
vn 0.0051 0.0749 0.9972
vn -0.6874 0.6488 -0.3265
vn -0.6750 0.7359 -0.0530
vn -0.7418 0.6694 0.0394
vn -0.7047 -0.7093 -0.0153
vn -0.7240 -0.6895 -0.0185
vn -0.7207 -0.6932 -0.0038
vn -0.7236 -0.6901 -0.0150
vn -0.7173 -0.6962 -0.0285
vn -0.7173 -0.6961 -0.0306
vn -0.7245 -0.6892 -0.0114
vn -0.7157 -0.6979 -0.0272
vn -0.7267 -0.6869 -0.0097
vn -0.7250 -0.6886 -0.0107
vn -0.7290 -0.6836 -0.0340
vn -0.7260 -0.6877 -0.0083
vn -0.6986 -0.7149 -0.0310
vn -0.7255 -0.6882 -0.0063
vn -0.7256 -0.6881 -0.0038
vn -0.7237 -0.6900 -0.0086
vn -0.7308 -0.6826 0.0014
vn -0.6778 -0.7338 -0.0448
vn -0.7051 -0.7087 0.0226
vn -0.6986 -0.7150 0.0263
vn -0.7071 -0.7071 -0.0000
vn -0.7028 -0.7109 -0.0266
vn -0.7270 -0.6866 -0.0040
vn -0.7120 -0.7008 -0.0446
vn -0.7115 -0.7027 -0.0067
vn -0.7176 -0.6964 0.0060
vn -0.7102 -0.7036 0.0239
vn -0.6863 -0.7268 -0.0264
vn -0.6961 -0.7175 -0.0271
vn -0.6944 -0.7181 -0.0459
vn -0.7268 -0.6869 0.0007
vn -0.7118 -0.6995 0.0639
vn -0.6911 -0.7224 -0.0225
vn -0.7075 -0.7067 0.0004
vn -0.7600 -0.6500 0.0010
vn -0.6826 -0.7307 -0.0158
vn -0.6931 -0.7204 -0.0266
vn -0.6949 -0.7182 0.0375
vn -0.6955 -0.7183 -0.0195
vn -0.6865 -0.7268 -0.0216
vn -0.6874 -0.7263 -0.0029
vn -0.6904 -0.7233 -0.0134
vn -0.8143 -0.5802 -0.0170
vn -0.7096 -0.7040 0.0305
vn -0.6854 -0.7281 -0.0074
vn -0.6883 -0.7253 -0.0090
vn -0.7156 -0.6982 0.0221
vn -0.6868 -0.7268 -0.0122
vn -0.6879 -0.7258 -0.0074
vn -0.7112 -0.7021 0.0344
vn -0.7003 -0.7137 0.0127
vn -0.6876 -0.7261 -0.0031
vn -0.7048 -0.7092 0.0197
vn -0.6841 -0.7293 0.0041
vn -0.6812 -0.7321 -0.0034
vn -0.6867 -0.7269 0.0011
vn -0.6842 -0.7293 0.0003
vn -0.6873 -0.7263 0.0098
vn -0.6998 -0.7140 0.0208
vn -0.7178 -0.6959 -0.0213
vn -0.6862 -0.7273 0.0159
vn -0.7044 -0.7097 0.0145
vn -0.7179 -0.6917 0.0785
vn -0.6895 -0.7242 0.0099
vn -0.6977 -0.7159 0.0258
vn -0.6824 -0.7309 0.0044
vn -0.6446 -0.7643 -0.0199
vn -0.7161 -0.6973 0.0302
vn -0.6804 -0.7329 0.0006
vn -0.7048 -0.7090 0.0239
vn -0.6835 -0.7294 0.0273
vn 0.7069 -0.7051 0.0554
vn 0.7058 -0.7064 0.0528
vn -0.5411 -0.4381 0.7179
vn -0.3215 -0.6946 0.6435
vn -0.3264 -0.6695 0.6672
vn -0.3666 -0.6124 0.7004
vn -0.4988 -0.5278 0.6875
vn -0.4297 -0.5638 0.7053
vn -0.5011 -0.5168 0.6941
vn -0.6082 -0.3685 0.7031
vn -0.6899 -0.3298 0.6444
vn -0.6687 -0.3316 0.6655
vn 0.5518 0.4429 0.7067
vn 0.6072 0.3694 0.7035
vn 0.6814 0.3311 0.6527
vn 0.6875 0.3112 0.6561
vn 0.5279 0.5020 0.6850
vn -0.7060 0.7063 0.0525
vn -0.7062 0.7060 0.0537
vn -0.3690 -0.1987 0.9079
vn -0.3690 -0.1988 0.9079
vn 0.7059 -0.7062 0.0540
vn 0.7063 -0.7060 0.0525
vn -0.7130 -0.7009 0.0179
vn -0.7005 -0.7124 0.0421
vn -0.7129 -0.7005 0.0318
vn -0.7146 -0.6989 0.0315
vn -0.7088 -0.7052 0.0176
vn -0.7279 -0.6846 0.0379
vn -0.6761 -0.7352 0.0484
vn -0.7023 -0.7111 0.0345
vn -0.7038 -0.7098 0.0294
vn -0.7108 -0.7022 0.0407
vn -0.7079 -0.7058 0.0269
vn -0.6985 -0.7152 0.0248
vn -0.6941 -0.7197 0.0160
vn -0.6720 0.6586 0.3385
vn -0.6609 0.5621 0.4973
vn -0.0781 0.0825 -0.9935
vn -0.0449 0.0410 -0.9982
vn -0.5456 0.5681 0.6162
vn -0.5059 0.6322 0.5868
vn -0.0198 0.0329 -0.9993
vn -0.1360 0.1232 -0.9830
vn -0.1898 0.1226 -0.9741
vn -0.5572 0.4726 0.6827
vn -0.2181 0.2485 -0.9437
vn -0.4120 0.4185 0.8094
vn -0.3498 0.2507 -0.9027
vn -0.4438 0.3107 -0.8405
vn -0.4381 0.4848 -0.7570
vn -0.4991 0.4585 -0.7353
vn -0.3360 0.3423 0.8775
vn -0.5112 0.3565 0.7820
vn -0.4005 0.3959 0.8264
vn -0.4422 0.4414 0.7808
vn -0.4269 0.4240 0.7987
vn -0.3958 0.3314 0.8565
vn -0.6412 0.5000 -0.5822
vn -0.6003 0.6633 -0.4468
vn -0.3196 0.1683 0.9325
vn -0.6494 0.6335 -0.4206
vn -0.7498 0.6107 -0.2547
vn -0.1116 0.1019 0.9885
vn -0.0968 0.1048 0.9898
vn -0.7251 0.6749 -0.1370
vn -0.6590 0.7490 -0.0679
vn -0.0745 -0.0067 0.9972
vn -0.2765 0.2339 -0.9321
vn -0.3055 0.3031 0.9027
vn -0.7497 0.6613 0.0242
vn -0.7549 0.6289 0.1861
vn -0.6456 0.6996 0.3064
vn -0.7272 -0.6859 -0.0261
vn -0.7229 -0.6905 -0.0253
vn -0.7304 -0.6827 -0.0226
vn -0.7288 -0.6843 -0.0228
vn -0.7178 -0.6951 -0.0392
vn -0.7190 -0.6944 -0.0296
vn -0.7327 -0.6803 -0.0170
vn -0.7331 -0.6800 -0.0168
vn -0.7198 -0.6931 -0.0401
vn -0.7166 -0.6963 -0.0409
vn -0.7156 -0.6974 -0.0381
vn -0.7125 -0.7004 -0.0412
vn -0.7342 -0.6788 -0.0097
vn -0.7352 -0.6777 -0.0090
vn -0.7103 -0.7027 -0.0402
vn -0.7104 -0.7027 -0.0401
vn -0.7372 -0.6757 -0.0031
vn -0.7076 -0.7055 -0.0395
vn -0.7387 -0.6740 0.0027
vn -0.7368 -0.6761 -0.0005
vn -0.7053 -0.7080 -0.0366
vn -0.7387 -0.6740 0.0029
vn -0.6931 -0.7198 -0.0399
vn -0.7075 -0.7049 -0.0499
vn -0.7336 -0.6795 0.0076
vn -0.7008 -0.7126 -0.0347
vn -0.7316 -0.6813 0.0236
vn -0.6974 -0.7159 -0.0336
vn -0.6861 -0.7265 -0.0394
vn -0.7379 -0.6746 0.0180
vn -0.7416 -0.6708 0.0015
vn -0.6960 -0.7165 -0.0477
vn -0.7244 -0.6892 0.0143
vn -0.6925 -0.7207 -0.0324
vn -0.7230 -0.6906 0.0200
vn -0.6869 -0.7261 -0.0301
vn -0.7236 -0.6899 0.0196
vn -0.6894 -0.7233 -0.0387
vn -0.6907 -0.7227 -0.0245
vn -0.7222 -0.6913 0.0237
vn -0.7229 -0.6898 0.0395
vn -0.6893 -0.7241 -0.0203
vn -0.7250 -0.6879 0.0331
vn -0.6923 -0.7213 -0.0220
vn -0.7216 -0.6914 0.0345
vn -0.6904 -0.7233 -0.0133
vn -0.7196 -0.6931 0.0417
vn -0.6705 -0.7419 0.0015
vn -0.6748 -0.7378 -0.0179
vn -0.6836 -0.7294 -0.0254
vn -0.7159 -0.6974 0.0336
vn -0.7221 -0.6906 0.0394
vn -0.7123 -0.7011 0.0330
vn -0.6783 -0.7347 -0.0113
vn -0.6787 -0.7344 -0.0078
vn -0.6739 -0.7388 -0.0017
vn -0.7088 -0.7044 0.0368
vn -0.7080 -0.7053 0.0366
vn -0.7055 -0.7076 0.0395
vn -0.6737 -0.7390 -0.0004
vn -0.6745 -0.7383 0.0005
vn -0.7034 -0.7097 0.0399
vn -0.7028 -0.7103 0.0394
vn -0.6777 -0.7353 0.0091
vn -0.6751 -0.7377 0.0075
vn -0.6974 -0.7156 0.0381
vn -0.6999 -0.7130 0.0407
vn -0.6932 -0.7196 0.0400
vn -0.6800 -0.7330 0.0168
vn -0.6804 -0.7327 0.0170
vn -0.6963 -0.7166 0.0408
vn -0.6935 -0.7198 0.0318
vn -0.6939 -0.7192 0.0372
vn -0.6847 -0.7285 0.0225
vn -0.6826 -0.7305 0.0222
vn -0.6893 -0.7240 0.0271
vn -0.6871 -0.7260 0.0275
vt 0.662500 0.300000
vt 0.712500 0.300000
vt 0.712500 0.700000
usemtl material_0
f 2827/16/5029 2828/17/5029 2826/18/5029
f 2829/16/5030 2834/17/5030 2833/18/5030
f 3210/16/5031 3216/17/5031 3085/18/5031
f 3085/16/5032 3216/17/5032 2840/18/5032
f 3216/16/5033 3217/17/5033 2840/18/5033
f 3217/16/5034 3086/17/5034 2840/18/5034
f 3217/16/5035 3218/17/5035 3086/18/5035
f 2802/16/5036 3203/17/5036 2841/18/5036
f 3218/16/5037 2842/17/5037 3086/18/5037
f 3203/16/5038 2843/17/5038 2841/18/5038
f 3218/16/5039 2845/17/5039 2842/18/5039
f 2845/16/5040 2844/17/5040 2842/18/5040
f 3203/16/5041 3204/17/5041 2843/18/5041
f 2845/16/5042 3076/17/5042 2844/18/5042
f 2845/16/5043 3211/17/5043 3076/18/5043
f 3204/16/5044 3205/17/5044 2843/18/5044
f 3211/16/5045 2846/17/5045 3076/18/5045
f 3211/16/5046 2847/17/5046 2846/18/5046
f 2847/16/5047 2848/17/5047 2846/18/5047
f 2847/16/5048 2849/17/5048 2848/18/5048
f 2849/16/5049 2852/17/5049 2848/18/5049
f 3205/16/5050 3206/17/5050 2843/18/5050
f 2849/16/5051 3078/17/5051 2852/18/5051
f 2849/16/5052 2853/17/5052 3078/18/5052
f 2853/16/5053 3212/17/5053 3078/18/5053
f 3206/16/5054 3202/17/5054 2854/18/5054
f 2854/16/5055 3202/17/5055 2850/18/5055
f 3212/16/5056 3081/17/5056 3078/18/5056
f 2850/16/5057 3202/17/5057 2851/18/5057
f 3202/16/5058 2855/17/5058 2851/18/5058
f 2851/16/5059 2855/17/5059 2856/18/5059
f 3202/16/5060 3082/17/5060 2855/18/5060
f 3202/16/5061 2857/17/5061 3082/18/5061
f 3202/16/5062 3207/17/5062 2857/18/5062
f 3212/16/5063 3080/17/5063 3081/18/5063
f 3207/16/5064 3083/17/5064 2857/18/5064
f 2858/16/5065 2859/17/5065 2860/18/5065
f 3212/16/5066 3213/17/5066 3080/18/5066
f 3207/16/5067 3208/17/5067 3083/18/5067
f 3083/16/5068 3208/17/5068 3084/18/5068
f 2858/16/5069 3214/17/5069 2859/18/5069
f 3213/16/5070 3214/17/5070 3079/18/5070
f 3079/16/5071 3214/17/5071 2858/18/5071
f 3214/16/5072 3215/17/5072 2859/18/5072
f 3208/16/5073 3209/17/5073 3084/18/5073
f 3084/16/5074 3209/17/5074 3073/18/5074
f 3215/16/5075 2803/17/5075 2859/18/5075
f 2854/16/5076 2843/17/5076 3206/18/5076
f 3079/16/5077 3080/17/5077 3213/18/5077
f 3073/16/5078 3209/17/5078 2861/18/5078
f 3209/16/5079 3210/17/5079 2861/18/5079
f 2861/16/5080 3210/17/5080 2862/18/5080
f 2862/16/5081 3210/17/5081 3085/18/5081
f 2865/16/5082 2863/17/5082 2866/18/5082
f 2865/16/5083 2864/17/5083 2863/18/5083
f 2868/16/5084 2864/17/5084 2867/18/5084
f 2867/16/5085 2864/17/5085 2865/18/5085
f 2869/16/5086 2864/17/5086 2868/18/5086
f 2886/16/5087 2870/17/5087 2887/18/5087
f 2871/16/5088 2873/17/5088 2874/18/5088
f 2870/16/5089 2873/17/5089 2871/18/5089
f 2872/16/5090 2875/17/5090 2876/18/5090
f 3194/16/5091 2875/17/5091 2872/18/5091
f 2873/16/5092 2877/17/5092 2874/18/5092
f 2876/16/5093 2875/17/5093 2878/18/5093
f 2875/16/5094 2879/17/5094 2878/18/5094
f 2874/16/5095 2877/17/5095 2880/18/5095
f 2878/16/5096 2879/17/5096 2881/18/5096
f 2879/16/5097 2882/17/5097 2881/18/5097
f 2877/16/5098 2883/17/5098 2880/18/5098
f 2881/16/5099 2882/17/5099 2884/18/5099
f 2880/16/5100 2883/17/5100 2885/18/5100
f 2884/16/5101 2886/17/5101 2887/18/5101
f 2882/16/5102 2886/17/5102 2884/18/5102
f 2883/16/5103 2888/17/5103 2885/18/5103
f 2885/16/5104 2888/17/5104 3186/18/5104
f 2887/16/5105 2870/17/5105 2871/18/5105
f 2903/16/5106 2889/17/5106 2884/18/5106
f 3170/16/5107 2890/17/5107 2885/18/5107
f 2884/16/5108 2889/17/5108 2891/18/5108
f 2889/16/5109 2892/17/5109 2891/18/5109
f 2885/16/5110 2890/17/5110 2893/18/5110
f 2890/16/5111 2894/17/5111 2893/18/5111
f 2891/16/5112 2892/17/5112 2878/18/5112
f 2878/16/5113 2895/17/5113 2876/18/5113
f 2892/16/5114 2895/17/5114 2878/18/5114
f 2893/16/5115 2894/17/5115 2874/18/5115
f 2894/16/5116 2896/17/5116 2874/18/5116
f 2874/16/5117 2896/17/5117 2897/18/5117
f 2876/16/5118 2898/17/5118 2899/18/5118
f 2895/16/5119 2898/17/5119 2876/18/5119
f 2897/16/5120 2896/17/5120 2900/18/5120
f 2898/16/5121 2901/17/5121 2899/18/5121
f 2896/16/5122 2902/17/5122 2900/18/5122
f 2900/16/5123 2902/17/5123 2903/18/5123
f 2902/16/5124 2889/17/5124 2903/18/5124
f 2904/16/5125 2905/17/5125 2906/18/5125
f 2905/16/5126 2907/17/5126 2906/18/5126
f 2906/16/5127 2907/17/5127 2908/18/5127
f 2907/16/5128 2909/17/5128 2908/18/5128
f 2908/16/5129 2909/17/5129 2910/18/5129
f 2910/16/5130 2911/17/5130 2912/18/5130
f 2913/16/5131 2904/17/5131 2914/18/5131
f 2914/16/5132 2904/17/5132 2915/18/5132
f 2904/16/5133 2906/17/5133 2915/18/5133
f 2906/16/5134 2916/17/5134 2915/18/5134
f 2906/16/5135 2908/17/5135 2916/18/5135
f 2916/16/5136 2908/17/5136 2917/18/5136
f 2908/16/5137 2918/17/5137 2917/18/5137
f 2918/16/5138 2910/17/5138 2912/18/5138
f 2908/16/5139 2910/17/5139 2918/18/5139
f 2832/16/5140 3020/17/5140 2830/18/5140
f 2919/16/5141 3020/17/5141 2832/18/5141
f 2830/16/5142 3020/17/5142 2831/18/5142
f 2831/16/5143 3021/17/5143 2833/18/5143
f 3020/16/5144 3021/17/5144 2831/18/5144
f 2833/16/5145 2836/17/5145 2829/18/5145
f 3021/16/5146 2836/17/5146 2833/18/5146
f 2829/16/5147 2836/17/5147 2834/18/5147
f 2866/16/5148 3199/17/5148 2865/18/5148
f 2920/16/5149 3199/17/5149 2866/18/5149
f 3199/16/5150 3198/17/5150 2865/18/5150
f 2865/16/5151 2921/17/5151 2867/18/5151
f 3198/16/5152 2921/17/5152 2865/18/5152
f 2867/16/5153 2823/17/5153 2868/18/5153
f 2921/16/5154 2823/17/5154 2867/18/5154
f 2868/16/5155 2825/17/5155 2869/18/5155
f 2823/16/5156 2825/17/5156 2868/18/5156
f 2869/16/5157 2825/17/5157 2923/18/5157
f 2923/16/5158 2826/17/5158 2924/18/5158
f 2825/16/5159 2826/17/5159 2923/18/5159
f 2826/16/5160 2828/17/5160 2924/18/5160
f 2828/16/5161 2827/17/5161 2924/18/5161
f 2924/16/5162 2824/17/5162 2922/18/5162
f 2827/16/5163 2824/17/5163 2924/18/5163
f 2926/16/5164 2928/17/5164 2930/18/5164
f 2935/16/5165 2944/17/5165 2932/18/5165
f 2945/16/5166 2946/17/5166 2954/18/5166
f 2946/16/5167 2947/17/5167 2954/18/5167
f 2954/16/5168 2947/17/5168 2953/18/5168
f 2948/16/5169 2933/17/5169 2951/18/5169
f 2951/16/5170 2933/17/5170 2962/18/5170
f 2947/16/5171 2926/17/5171 2953/18/5171
f 2926/16/5172 2930/17/5172 2953/18/5172
f 2953/16/5173 2930/17/5173 2952/18/5173
f 2933/16/5174 2932/17/5174 2962/18/5174
f 2930/16/5175 2934/17/5175 2952/18/5175
f 2962/16/5176 2944/17/5176 2961/18/5176
f 2932/16/5177 2944/17/5177 2962/18/5177
f 2944/16/5178 2935/17/5178 2961/18/5178
f 2935/16/5179 2936/17/5179 2961/18/5179
f 2961/16/5180 2937/17/5180 2960/18/5180
f 2936/16/5181 2937/17/5181 2961/18/5181
f 2937/16/5182 2949/17/5182 2960/18/5182
f 2960/16/5183 2950/17/5183 2959/18/5183
f 2949/16/5184 2950/17/5184 2960/18/5184
f 2950/16/5185 2925/17/5185 2959/18/5185
f 2925/16/5186 2927/17/5186 2959/18/5186
f 2959/16/5187 2929/17/5187 2958/18/5187
f 2927/16/5188 2929/17/5188 2959/18/5188
f 2929/16/5189 2931/17/5189 2958/18/5189
f 2931/16/5190 2938/17/5190 2958/18/5190
f 2938/16/5191 2939/17/5191 2958/18/5191
f 2958/16/5192 2939/17/5192 2957/18/5192
f 2939/16/5193 2940/17/5193 2957/18/5193
f 2957/16/5194 2940/17/5194 2956/18/5194
f 2940/16/5195 2941/17/5195 2956/18/5195
f 2941/16/5196 2942/17/5196 2956/18/5196
f 2956/16/5197 2942/17/5197 2955/18/5197
f 2942/16/5198 2943/17/5198 2955/18/5198
f 2943/16/5199 2945/17/5199 2955/18/5199
f 2955/16/5200 2945/17/5200 2954/18/5200
f 2963/16/5201 2964/17/5201 2952/18/5201
f 2934/16/5202 2963/17/5202 2952/18/5202
f 2939/16/5203 2965/17/5203 2940/18/5203
f 2965/16/5204 2966/17/5204 2940/18/5204
f 2940/16/5205 2966/17/5205 2941/18/5205
f 2941/16/5206 2966/17/5206 2942/18/5206
f 2942/16/5207 2966/17/5207 2943/18/5207
f 2943/16/5208 2966/17/5208 2945/18/5208
f 2966/16/5209 2946/17/5209 2945/18/5209
f 2966/16/5210 2967/17/5210 2946/18/5210
f 2967/16/5211 2947/17/5211 2946/18/5211
f 2937/16/5212 2968/17/5212 2949/18/5212
f 2967/16/5213 2926/17/5213 2947/18/5213
f 2949/16/5214 2968/17/5214 2950/18/5214
f 2967/16/5215 2928/17/5215 2926/18/5215
f 2936/16/5216 2969/17/5216 2937/18/5216
f 2937/16/5217 2969/17/5217 2968/18/5217
f 2967/16/5218 2963/17/5218 2928/18/5218
f 2950/16/5219 2968/17/5219 2925/18/5219
f 2963/16/5220 2930/17/5220 2928/18/5220
f 2935/16/5221 2969/17/5221 2936/18/5221
f 2930/16/5222 2963/17/5222 2934/18/5222
f 2925/16/5223 2968/17/5223 2927/18/5223
f 2932/16/5224 2969/17/5224 2935/18/5224
f 2927/16/5225 2965/17/5225 2929/18/5225
f 2929/16/5226 2965/17/5226 2931/18/5226
f 2968/16/5227 2965/17/5227 2927/18/5227
f 2933/16/5228 2969/17/5228 2932/18/5228
f 2931/16/5229 2965/17/5229 2938/18/5229
f 2948/16/5230 2970/17/5230 2933/18/5230
f 2933/16/5231 2970/17/5231 2969/18/5231
f 2938/16/5232 2965/17/5232 2939/18/5232
f 2971/16/5233 2970/17/5233 2951/18/5233
f 2970/16/5234 2948/17/5234 2951/18/5234
f 2954/16/5235 2974/17/5235 2955/18/5235
f 2951/16/5236 2962/17/5236 2971/18/5236
f 2960/16/5237 2975/17/5237 2961/18/5237
f 2975/16/5238 2960/17/5238 2976/18/5238
f 2976/16/5239 2959/17/5239 2972/18/5239
f 2959/16/5240 2958/17/5240 2972/18/5240
f 2957/16/5241 2972/17/5241 2958/18/5241
f 2956/16/5242 2973/17/5242 2957/18/5242
f 2957/16/5243 2973/17/5243 2972/18/5243
f 2973/16/5244 2955/17/5244 2974/18/5244
f 2956/16/5245 2955/17/5245 2973/18/5245
f 2953/16/5246 2974/17/5246 2954/18/5246
f 2974/16/5247 2952/17/5247 2964/18/5247
f 2953/16/5248 2952/17/5248 2974/18/5248
f 2961/16/5249 2971/17/5249 2962/18/5249
f 2971/16/5250 2961/17/5250 2975/18/5250
f 2959/16/5251 2976/17/5251 2960/18/5251
f 2976/16/5252 2978/17/5252 2977/18/5252
f 2980/16/5253 2971/17/5253 2975/18/5253
f 2981/16/5254 2982/17/5254 2971/18/5254
f 2983/16/5255 2964/17/5255 2992/18/5255
f 2983/16/5256 2974/17/5256 2964/18/5256
f 2984/16/5257 2974/17/5257 2983/18/5257
f 2985/16/5258 2974/17/5258 2984/18/5258
f 2974/16/5259 2985/17/5259 2973/18/5259
f 2986/16/5260 2973/17/5260 2987/18/5260
f 2988/16/5261 2972/17/5261 2986/18/5261
f 2986/16/5262 2972/17/5262 2973/18/5262
f 2978/16/5263 2972/17/5263 2988/18/5263
f 2978/16/5264 2976/17/5264 2972/18/5264
f 2979/16/5265 2976/17/5265 2977/18/5265
f 2976/16/5266 2979/17/5266 2975/18/5266
f 2989/16/5267 2975/17/5267 2979/18/5267
f 2989/16/5268 2980/17/5268 2975/18/5268
f 2981/16/5269 2971/17/5269 2980/18/5269
f 2973/16/5270 2985/17/5270 2987/18/5270
f 3006/16/5271 2984/17/5271 2990/18/5271
f 2984/16/5272 2983/17/5272 2990/18/5272
f 2990/16/5273 2983/17/5273 3003/18/5273
f 3003/16/5274 2983/17/5274 3008/18/5274
f 2982/16/5275 2981/17/5275 3005/18/5275
f 3005/16/5276 2981/17/5276 3004/18/5276
f 3004/16/5277 2981/17/5277 2991/18/5277
f 2983/16/5278 2992/17/5278 3008/18/5278
f 2991/16/5279 2981/17/5279 2993/18/5279
f 2993/16/5280 2980/17/5280 3010/18/5280
f 2981/16/5281 2980/17/5281 2993/18/5281
f 3010/16/5282 2980/17/5282 3012/18/5282
f 3012/16/5283 2989/17/5283 2994/18/5283
f 2980/16/5284 2989/17/5284 3012/18/5284
f 2994/16/5285 2979/17/5285 2995/18/5285
f 2989/16/5286 2979/17/5286 2994/18/5286
f 2995/16/5287 2979/17/5287 2996/18/5287
f 2996/16/5288 2977/17/5288 3016/18/5288
f 2979/16/5289 2977/17/5289 2996/18/5289
f 3016/16/5290 2977/17/5290 2997/18/5290
f 2997/16/5291 2978/17/5291 2998/18/5291
f 2977/16/5292 2978/17/5292 2997/18/5292
f 2998/16/5293 2978/17/5293 3000/18/5293
f 2978/16/5294 2988/17/5294 3000/18/5294
f 3000/16/5295 2988/17/5295 3007/18/5295
f 3007/16/5296 2988/17/5296 3009/18/5296
f 2988/16/5297 2986/17/5297 3009/18/5297
f 3009/16/5298 2986/17/5298 3011/18/5298
f 2986/16/5299 2987/17/5299 3011/18/5299
f 3011/16/5300 2987/17/5300 3014/18/5300
f 2987/16/5301 2985/17/5301 3014/18/5301
f 3014/16/5302 2985/17/5302 3015/18/5302
f 3015/16/5303 2985/17/5303 3006/18/5303
f 2985/16/5304 2984/17/5304 3006/18/5304
f 3003/16/5305 3001/17/5305 2990/18/5305
f 3003/16/5306 3008/17/5306 3001/18/5306
f 2999/16/5307 3012/17/5307 2994/18/5307
f 2994/16/5308 2995/17/5308 2999/18/5308
f 3014/16/5309 3013/17/5309 3011/18/5309
f 3014/16/5310 3015/17/5310 3013/18/5310
f 2990/16/5311 3002/17/5311 3006/18/5311
f 3015/16/5312 3002/17/5312 3013/18/5312
f 3012/16/5313 2999/17/5313 3010/18/5313
f 3011/16/5314 3013/17/5314 3009/18/5314
f 3002/16/5315 3015/17/5315 3006/18/5315
f 3017/16/5316 2982/17/5316 3005/18/5316
f 3017/16/5317 2971/17/5317 2982/18/5317
f 2992/16/5318 3018/17/5318 3008/18/5318
f 2964/16/5319 3018/17/5319 2992/18/5319
f 3019/16/5320 2919/17/5320 2832/18/5320
f 3019/16/5321 2863/17/5321 2919/18/5321
f 2834/16/5322 2835/17/5322 3022/18/5322
f 2836/16/5323 2835/17/5323 2834/18/5323
f 3022/16/5324 2837/17/5324 3023/18/5324
f 2835/16/5325 2837/17/5325 3022/18/5325
f 2837/16/5326 2838/17/5326 3023/18/5326
f 3023/16/5327 2839/17/5327 3024/18/5327
f 2838/16/5328 2839/17/5328 3023/18/5328
f 3022/16/5329 3025/17/5329 2834/18/5329
f 3023/16/5330 3025/17/5330 3022/18/5330
f 3026/16/5331 3046/17/5331 3027/18/5331
f 3046/16/5332 3047/17/5332 3027/18/5332
f 3027/16/5333 3047/17/5333 3028/18/5333
f 3028/16/5334 3047/17/5334 3108/18/5334
f 3029/16/5335 3039/17/5335 3110/18/5335
f 3110/16/5336 3039/17/5336 3111/18/5336
f 3047/16/5337 3031/17/5337 3108/18/5337
f 3108/16/5338 3031/17/5338 3030/18/5338
f 3111/16/5339 3039/17/5339 3118/18/5339
f 3118/16/5340 3040/17/5340 3114/18/5340
f 3039/16/5341 3040/17/5341 3118/18/5341
f 3114/16/5342 3040/17/5342 3113/18/5342
f 3113/16/5343 3041/17/5343 3116/18/5343
f 3040/16/5344 3041/17/5344 3113/18/5344
f 3116/16/5345 3041/17/5345 3119/18/5345
f 3119/16/5346 3041/17/5346 3032/18/5346
f 3032/16/5347 3042/17/5347 3033/18/5347
f 3041/16/5348 3042/17/5348 3032/18/5348
f 3033/16/5349 3042/17/5349 3109/18/5349
f 3109/16/5350 3043/17/5350 3112/18/5350
f 3042/16/5351 3043/17/5351 3109/18/5351
f 3112/16/5352 3043/17/5352 3034/18/5352
f 3034/16/5353 3043/17/5353 3035/18/5353
f 3043/16/5354 3044/17/5354 3035/18/5354
f 3035/16/5355 3044/17/5355 3117/18/5355
f 3044/16/5356 3045/17/5356 3117/18/5356
f 3117/16/5357 3045/17/5357 3036/18/5357
f 3036/16/5358 3045/17/5358 3037/18/5358
f 3045/16/5359 3046/17/5359 3037/18/5359
f 3037/16/5360 3046/17/5360 3038/18/5360
f 3038/16/5361 3046/17/5361 3026/18/5361
f 3066/16/5362 3062/17/5362 3088/18/5362
f 3062/16/5363 3064/17/5363 3088/18/5363
f 3048/16/5364 3067/17/5364 3099/18/5364
f 3088/16/5365 3049/17/5365 3050/18/5365
f 3099/16/5366 3067/17/5366 3098/18/5366
f 3064/16/5367 3049/17/5367 3088/18/5367
f 3067/16/5368 3051/17/5368 3098/18/5368
f 3098/16/5369 3068/17/5369 3097/18/5369
f 3051/16/5370 3068/17/5370 3098/18/5370
f 3068/16/5371 3069/17/5371 3097/18/5371
f 3097/16/5372 3052/17/5372 3096/18/5372
f 3069/16/5373 3052/17/5373 3097/18/5373
f 3096/16/5374 3053/17/5374 3095/18/5374
f 3052/16/5375 3053/17/5375 3096/18/5375
f 3053/16/5376 3061/17/5376 3095/18/5376
f 3095/16/5377 3059/17/5377 3094/18/5377
f 3061/16/5378 3059/17/5378 3095/18/5378
f 3059/16/5379 3054/17/5379 3094/18/5379
f 3094/16/5380 3063/17/5380 3093/18/5380
f 3054/16/5381 3063/17/5381 3094/18/5381
f 3063/16/5382 3070/17/5382 3093/18/5382
f 3070/16/5383 3071/17/5383 3093/18/5383
f 3093/16/5384 3071/17/5384 3092/18/5384
f 3071/16/5385 3072/17/5385 3092/18/5385
f 3072/16/5386 3055/17/5386 3092/18/5386
f 3092/16/5387 3055/17/5387 3091/18/5387
f 3055/16/5388 3056/17/5388 3091/18/5388
f 3056/16/5389 3058/17/5389 3091/18/5389
f 3091/16/5390 3058/17/5390 3090/18/5390
f 3058/16/5391 3060/17/5391 3090/18/5391
f 3060/16/5392 3057/17/5392 3090/18/5392
f 3090/16/5393 3057/17/5393 3089/18/5393
f 3057/16/5394 3065/17/5394 3089/18/5394
f 3089/16/5395 3066/17/5395 3088/18/5395
f 3065/16/5396 3066/17/5396 3089/18/5396
f 3053/16/5397 3052/17/5397 3069/18/5397
f 3063/16/5398 3054/17/5398 3059/18/5398
f 3049/16/5399 3064/17/5399 3062/18/5399
f 3065/16/5400 3057/17/5400 3060/18/5400
f 3048/16/5401 3051/17/5401 3067/18/5401
f 3068/16/5402 3051/17/5402 3048/18/5402
f 3059/16/5403 3061/17/5403 3053/18/5403
f 3072/16/5404 3056/17/5404 3055/18/5404
f 3063/16/5405 3071/17/5405 3070/18/5405
f 3072/16/5406 3071/17/5406 3063/18/5406
f 3073/16/5407 3077/17/5407 3075/18/5407
f 2861/16/5408 3077/17/5408 3073/18/5408
f 2862/16/5409 3077/17/5409 2861/18/5409
f 3073/16/5410 3075/17/5410 3084/18/5410
f 3085/16/5411 3077/17/5411 2862/18/5411
f 3076/16/5412 2846/17/5412 2844/18/5412
f 3084/16/5413 3075/17/5413 3083/18/5413
f 3087/16/5414 2848/17/5414 2852/18/5414
f 3074/16/5415 2852/17/5415 3078/18/5415
f 3077/16/5416 3069/17/5416 3075/18/5416
f 3062/16/5417 3080/17/5417 3049/18/5417
f 3053/16/5418 3069/17/5418 3077/18/5418
f 3049/16/5419 3080/17/5419 3079/18/5419
f 3066/16/5420 3081/17/5420 3062/18/5420
f 3062/16/5421 3081/17/5421 3080/18/5421
f 3069/16/5422 3068/17/5422 3075/18/5422
f 3066/16/5423 3078/17/5423 3081/18/5423
f 3066/16/5424 3065/17/5424 3078/18/5424
f 3075/16/5425 3048/17/5425 3083/18/5425
f 3065/16/5426 3074/17/5426 3078/18/5426
f 3068/16/5427 3048/17/5427 3075/18/5427
f 3065/16/5428 3060/17/5428 3074/18/5428
f 3083/16/5429 3048/17/5429 2857/18/5429
f 3060/16/5430 2852/17/5430 3074/18/5430
f 2857/16/5431 3048/17/5431 3082/18/5431
f 3060/16/5432 3087/17/5432 2852/18/5432
f 3060/16/5433 3058/17/5433 3087/18/5433
f 3058/16/5434 2848/17/5434 3087/18/5434
f 3058/16/5435 3056/17/5435 2848/18/5435
f 2848/16/5436 3072/17/5436 2846/18/5436
f 3056/16/5437 3072/17/5437 2848/18/5437
f 2846/16/5438 3072/17/5438 2844/18/5438
f 2844/16/5439 3072/17/5439 2842/18/5439
f 3072/16/5440 3063/17/5440 2842/18/5440
f 2842/16/5441 3063/17/5441 3086/18/5441
f 3086/16/5442 3063/17/5442 2840/18/5442
f 2840/16/5443 3063/17/5443 3085/18/5443
f 3063/16/5444 3059/17/5444 3085/18/5444
f 3085/16/5445 3059/17/5445 3077/18/5445
f 3059/16/5446 3053/17/5446 3077/18/5446
f 3050/16/5447 3079/17/5447 2858/18/5447
f 3049/16/5448 3079/17/5448 3050/18/5448
f 3082/16/5449 3099/17/5449 2855/18/5449
f 3082/16/5450 3048/17/5450 3099/18/5450
f 3104/16/5451 3103/17/5451 3089/18/5451
f 2855/16/5452 3099/17/5452 3102/18/5452
f 3098/16/5453 3102/17/5453 3099/18/5453
f 3097/16/5454 3105/17/5454 3098/18/5454
f 3098/16/5455 3105/17/5455 3102/18/5455
f 3105/16/5456 3096/17/5456 3106/18/5456
f 3097/16/5457 3096/17/5457 3105/18/5457
f 3095/16/5458 3106/17/5458 3096/18/5458
f 3094/16/5459 3106/17/5459 3095/18/5459
f 3093/16/5460 3100/17/5460 3094/18/5460
f 3094/16/5461 3100/17/5461 3106/18/5461
f 3100/16/5462 3092/17/5462 3101/18/5462
f 3093/16/5463 3092/17/5463 3100/18/5463
f 3091/16/5464 3101/17/5464 3092/18/5464
f 3101/16/5465 3091/17/5465 3103/18/5465
f 3090/16/5466 3103/17/5466 3091/18/5466
f 3089/16/5467 3103/17/5467 3090/18/5467
f 3088/16/5468 3104/17/5468 3089/18/5468
f 2858/16/5469 3104/17/5469 3050/18/5469
f 3050/16/5470 3104/17/5470 3088/18/5470
f 3044/16/5471 3043/17/5471 3101/18/5471
f 3100/16/5472 3042/17/5472 3106/18/5472
f 3040/16/5473 3105/17/5473 3041/18/5473
f 2858/16/5474 3031/17/5474 3104/18/5474
f 3047/16/5475 3104/17/5475 3031/18/5475
f 3103/16/5476 3045/17/5476 3101/18/5476
f 3046/16/5477 3045/17/5477 3103/18/5477
f 3044/16/5478 3101/17/5478 3045/18/5478
f 3101/16/5479 3043/17/5479 3100/18/5479
f 3043/16/5480 3042/17/5480 3100/18/5480
f 3041/16/5481 3106/17/5481 3042/18/5481
f 3106/16/5482 3041/17/5482 3105/18/5482
f 3039/16/5483 3105/17/5483 3040/18/5483
f 3105/16/5484 3039/17/5484 3102/18/5484
f 2855/16/5485 3102/17/5485 3029/18/5485
f 3029/16/5486 3102/17/5486 3039/18/5486
f 3103/16/5487 3104/17/5487 3046/18/5487
f 3047/16/5488 3046/17/5488 3104/18/5488
f 3030/16/5489 3031/17/5489 2860/18/5489
f 3031/16/5490 2858/17/5490 2860/18/5490
f 3107/16/5491 3032/17/5491 3033/18/5491
f 3115/16/5492 3112/17/5492 3034/18/5492
f 3038/16/5493 3026/17/5493 3037/18/5493
f 3119/16/5494 3113/17/5494 3116/18/5494
f 3028/16/5495 3026/17/5495 3027/18/5495
f 3029/16/5496 3110/17/5496 2856/18/5496
f 2855/16/5496 3029/17/5496 2856/18/5496
f 3123/16/5497 3121/17/5497 3124/18/5497
f 3120/16/5498 3121/17/5498 3123/18/5498
f 2911/16/5499 3125/17/5499 3126/18/5499
f 2910/16/5500 3125/17/5500 2911/18/5500
f 3121/16/5501 3127/17/5501 3124/18/5501
f 3126/16/5502 3125/17/5502 3128/18/5502
f 3125/16/5503 3130/17/5503 3128/18/5503
f 3129/16/5504 3130/17/5504 3125/18/5504
f 3130/16/5505 3129/17/5505 3131/18/5505
f 3129/16/5506 3132/17/5506 3131/18/5506
f 3120/16/5507 3132/17/5507 3129/18/5507
f 3132/16/5508 3120/17/5508 3122/18/5508
f 3122/16/5509 3120/17/5509 3123/18/5509
f 2910/16/5510 2909/17/5510 3125/18/5510
f 2909/16/5511 3133/17/5511 3125/18/5511
f 3125/16/5512 3133/17/5512 3129/18/5512
f 3133/16/5513 3134/17/5513 3129/18/5513
f 3129/16/5514 3134/17/5514 3120/18/5514
f 3134/16/5515 3135/17/5515 3120/18/5515
f 3120/16/5516 3135/17/5516 3121/18/5516
f 3136/16/5517 3137/17/5517 3138/18/5517
f 3135/16/5518 3127/17/5518 3121/18/5518
f 3135/16/5519 3138/17/5519 3127/18/5519
f 3135/16/5520 3136/17/5520 3138/18/5520
f 3137/16/5521 3140/17/5521 3138/18/5521
f 3156/16/5522 3141/17/5522 3139/18/5522
f 3137/16/5523 3142/17/5523 3140/18/5523
f 3142/16/5524 3137/17/5524 3144/18/5524
f 3137/16/5525 3143/17/5525 3144/18/5525
f 3143/16/5526 3145/17/5526 3144/18/5526
f 3145/16/5527 3146/17/5527 3147/18/5527
f 3143/16/5528 3146/17/5528 3145/18/5528
f 3146/16/5529 3148/17/5529 3147/18/5529
f 3148/16/5530 3146/17/5530 3149/18/5530
f 3146/16/5531 3151/17/5531 3149/18/5531
f 3150/16/5532 3151/17/5532 3146/18/5532
f 3151/16/5533 3150/17/5533 3152/18/5533
f 3152/16/5534 3150/17/5534 3154/18/5534
f 3153/16/5535 3154/17/5535 3150/18/5535
f 3154/16/5536 3153/17/5536 3155/18/5536
f 3153/16/5537 3156/17/5537 3155/18/5537
f 3155/16/5538 3156/17/5538 3157/18/5538
f 3157/16/5539 3156/17/5539 3139/18/5539
f 3162/16/5540 3158/17/5540 3156/18/5540
f 3137/16/5541 3159/17/5541 3143/18/5541
f 3136/16/5542 3159/17/5542 3137/18/5542
f 3143/16/5543 3159/17/5543 3146/18/5543
f 3159/16/5544 3160/17/5544 3146/18/5544
f 3146/16/5545 3160/17/5545 3150/18/5545
f 3160/16/5546 3161/17/5546 3150/18/5546
f 3150/16/5547 3161/17/5547 3153/18/5547
f 3161/16/5548 3162/17/5548 3153/18/5548
f 3153/16/5549 3162/17/5549 3156/18/5549
f 2905/16/5550 2904/17/5550 2913/18/5550
f 3158/16/5551 3141/17/5551 3156/18/5551
f 3158/16/5552 2913/17/5552 3141/18/5552
f 3158/16/5553 2905/17/5553 2913/18/5553
f 2907/16/5554 2905/17/5554 3163/18/5554
f 3163/16/5554 2905/17/5554 3165/18/5554
f 3165/16/5554 2905/17/5554 3164/18/5554
f 3166/16/5554 2907/17/5554 3163/18/5554
f 3166/16/5554 2909/17/5554 2907/18/5554
f 2901/16/5554 2909/17/5554 3166/18/5554
f 2901/16/5554 3133/17/5554 2909/18/5554
f 2898/16/5554 3133/17/5554 2901/18/5554
f 2898/16/5554 3134/17/5554 3133/18/5554
f 2895/16/5554 3134/17/5554 2898/18/5554
f 2905/16/5554 3158/17/5554 3164/18/5554
f 3168/16/5554 3158/17/5554 3167/18/5554
f 3164/16/5554 3158/17/5554 3168/18/5554
f 2895/16/5554 2892/17/5554 3134/18/5554
f 3158/16/5554 3162/17/5554 3167/18/5554
f 2892/16/5554 3135/17/5554 3134/18/5554
f 3162/16/5554 3169/17/5554 3167/18/5554
f 2892/16/5554 2889/17/5554 3135/18/5554
f 3161/16/5554 3169/17/5554 3162/18/5554
f 3161/16/5554 3170/17/5554 3169/18/5554
f 2889/16/5554 2902/17/5554 3135/18/5554
f 3160/16/5554 3170/17/5554 3161/18/5554
f 3135/16/5554 2902/17/5554 3136/18/5554
f 3160/16/5554 2890/17/5554 3170/18/5554
f 3159/16/5554 2890/17/5554 3160/18/5554
f 3159/16/5554 2894/17/5554 2890/18/5554
f 2902/16/5554 2896/17/5554 3136/18/5554
f 3159/16/5554 2896/17/5554 2894/18/5554
f 3136/16/5554 2896/17/5554 3159/18/5554
f 3171/16/5555 3164/17/5555 3172/18/5555
f 3164/16/5556 3168/17/5556 3172/18/5556
f 2899/16/5557 2901/17/5557 3173/18/5557
f 2901/16/5558 3166/17/5558 3173/18/5558
f 3172/16/5559 3167/17/5559 3174/18/5559
f 3168/16/5560 3167/17/5560 3172/18/5560
f 3173/16/5561 3166/17/5561 3175/18/5561
f 3166/16/5562 3163/17/5562 3175/18/5562
f 3174/16/5563 3167/17/5563 3176/18/5563
f 3175/16/5564 3163/17/5564 3177/18/5564
f 3167/16/5565 3169/17/5565 3176/18/5565
f 3176/16/5566 3169/17/5566 3178/18/5566
f 3177/16/5567 3165/17/5567 3179/18/5567
f 3163/16/5568 3165/17/5568 3177/18/5568
f 3178/16/5569 3170/17/5569 3180/18/5569
f 3169/16/5570 3170/17/5570 3178/18/5570
f 3179/16/5571 3164/17/5571 3171/18/5571
f 3165/16/5572 3164/17/5572 3179/18/5572
f 3180/16/5573 3170/17/5573 2885/18/5573
f 3177/16/5554 3179/17/5554 3181/18/5554
f 3182/16/5574 3173/17/5574 3175/18/5574
f 3179/16/5554 3183/17/5554 3181/18/5554
f 3179/16/5554 3171/17/5554 3183/18/5554
f 3182/16/5575 2899/17/5575 3173/18/5575
f 2872/16/5574 2899/17/5574 3182/18/5574
f 3183/16/5554 3172/17/5554 3184/18/5554
f 3171/16/5554 3172/17/5554 3183/18/5554
f 2876/16/5574 2899/17/5574 2872/18/5574
f 3172/16/5554 3174/17/5554 3184/18/5554
f 2881/16/5554 2891/17/5554 2878/18/5554
f 3176/16/5554 3178/17/5554 3185/18/5554
f 2881/16/5574 2884/17/5574 2891/18/5574
f 3178/16/5575 3180/17/5575 3185/18/5575
f 2887/16/5554 2903/17/5554 2884/18/5554
f 3180/16/5576 3186/17/5576 3185/18/5576
f 2887/16/5554 2871/17/5554 2903/18/5554
f 2885/16/5554 3186/17/5554 3180/18/5554
f 2871/16/5554 2900/17/5554 2903/18/5554
f 2885/16/5554 2893/17/5554 2880/18/5554
f 2871/16/5554 2874/17/5554 2900/18/5554
f 2900/16/5554 2874/17/5554 2897/18/5554
f 2874/16/5554 2880/17/5554 2893/18/5554
f 3183/16/5577 3187/17/5577 3181/18/5577
f 2888/16/5578 3188/17/5578 3186/18/5578
f 3187/16/5579 3189/17/5579 3181/18/5579
f 3186/16/5580 3188/17/5580 3185/18/5580
f 3181/16/5581 3189/17/5581 3177/18/5581
f 3189/16/5582 3190/17/5582 3177/18/5582
f 3188/16/5583 3191/17/5583 3185/18/5583
f 3190/16/5584 3192/17/5584 3177/18/5584
f 3177/16/5585 3192/17/5585 3175/18/5585
f 3185/16/5586 3191/17/5586 3176/18/5586
f 3175/16/5587 3192/17/5587 3182/18/5587
f 3176/16/5588 3193/17/5588 3174/18/5588
f 3191/16/5589 3193/17/5589 3176/18/5589
f 3192/16/5590 3194/17/5590 3182/18/5590
f 3174/16/5591 3193/17/5591 3184/18/5591
f 3182/16/5592 3194/17/5592 2872/18/5592
f 3193/16/5593 3195/17/5593 3184/18/5593
f 3184/16/5594 3195/17/5594 3183/18/5594
f 3195/16/5595 3187/17/5595 3183/18/5595
f 2999/16/5596 2995/17/5596 3191/18/5596
f 3191/16/5597 2995/17/5597 3193/18/5597
f 3191/16/5598 3010/17/5598 2999/18/5598
f 2995/16/5599 2996/17/5599 3193/18/5599
f 3188/16/5600 2993/17/5600 3191/18/5600
f 3191/16/5601 2993/17/5601 3010/18/5601
f 2996/16/5602 3016/17/5602 3193/18/5602
f 3188/16/5603 2991/17/5603 2993/18/5603
f 3193/16/5604 2997/17/5604 3195/18/5604
f 3016/16/5605 2997/17/5605 3193/18/5605
f 3188/16/5606 3004/17/5606 2991/18/5606
f 2997/16/5607 2998/17/5607 3195/18/5607
f 3188/16/5608 3005/17/5608 3004/18/5608
f 2998/16/5609 3000/17/5609 3195/18/5609
f 3000/16/5610 3007/17/5610 3195/18/5610
f 3007/16/5611 3009/17/5611 3195/18/5611
f 3195/16/5612 3009/17/5612 3187/18/5612
f 3188/16/5613 2859/17/5613 3005/18/5613
f 3005/16/5614 2859/17/5614 3017/18/5614
f 3009/16/5615 3013/17/5615 3187/18/5615
f 2888/16/5616 2859/17/5616 3188/18/5616
f 2883/16/5617 3030/17/5617 2888/18/5617
f 3030/16/5618 2859/17/5618 2888/18/5618
f 2883/16/5619 3108/17/5619 3030/18/5619
f 3013/16/5620 3002/17/5620 3187/18/5620
f 3002/16/5621 3189/17/5621 3187/18/5621
f 3030/16/5622 2860/17/5622 2859/18/5622
f 2883/16/5623 3028/17/5623 3108/18/5623
f 2883/16/5624 2877/17/5624 3028/18/5624
f 2877/16/5625 3026/17/5625 3028/18/5625
f 3002/16/5626 2990/17/5626 3189/18/5626
f 2990/16/5627 3001/17/5627 3189/18/5627
f 2877/16/5628 3037/17/5628 3026/18/5628
f 3001/16/5629 3190/17/5629 3189/18/5629
f 3001/16/5630 3008/17/5630 3190/18/5630
f 3037/16/5631 2877/17/5631 3036/18/5631
f 3018/16/5632 3019/17/5632 3008/18/5632
f 3019/16/5633 3190/17/5633 3008/18/5633
f 2877/16/5634 3117/17/5634 3036/18/5634
f 2877/16/5635 2873/17/5635 3117/18/5635
f 3019/16/5616 3192/17/5616 3190/18/5616
f 2873/16/5636 3035/17/5636 3117/18/5636
f 2873/16/5637 3034/17/5637 3035/18/5637
f 3019/16/5638 2832/17/5638 3192/18/5638
f 2832/16/5639 2830/17/5639 3192/18/5639
f 2873/16/5640 3115/17/5640 3034/18/5640
f 2873/16/5641 2870/17/5641 3115/18/5641
f 2830/16/5642 2831/17/5642 3192/18/5642
f 3115/16/5643 2870/17/5643 3112/18/5643
f 3112/16/5644 2870/17/5644 3109/18/5644
f 2831/16/5645 3194/17/5645 3192/18/5645
f 2833/16/5646 3194/17/5646 2831/18/5646
f 3109/16/5647 2870/17/5647 3033/18/5647
f 2834/16/5648 3194/17/5648 2833/18/5648
f 3033/16/5649 2870/17/5649 3107/18/5649
f 3107/16/5650 2886/17/5650 3032/18/5650
f 2870/16/5651 2886/17/5651 3107/18/5651
f 3032/16/5652 2886/17/5652 3119/18/5652
f 3119/16/5653 2886/17/5653 3113/18/5653
f 3025/16/5654 3194/17/5654 2834/18/5654
f 2856/16/5655 3110/17/5655 2851/18/5655
f 3113/16/5656 2886/17/5656 3114/18/5656
f 3025/16/5657 2875/17/5657 3194/18/5657
f 3023/16/5658 2875/17/5658 3025/18/5658
f 2886/16/5659 2882/17/5659 3114/18/5659
f 3024/16/5660 2875/17/5660 3023/18/5660
f 3114/16/5661 2882/17/5661 3118/18/5661
f 2851/16/5662 2875/17/5662 3024/18/5662
f 3110/16/5663 2879/17/5663 2851/18/5663
f 2851/16/5616 2879/17/5616 2875/18/5616
f 3118/16/5664 2882/17/5664 3111/18/5664
f 3111/16/5665 2879/17/5665 3110/18/5665
f 2882/16/5666 2879/17/5666 3111/18/5666
f 3024/16/5667 2839/17/5667 2851/18/5667
f 2839/16/5668 2850/17/5668 2851/18/5668
f 2836/16/5669 3021/17/5669 2864/18/5669
f 2850/16/5670 2839/17/5670 3196/18/5670
f 2838/16/5671 3196/17/5671 2839/18/5671
f 2838/16/5672 2837/17/5672 3196/18/5672
f 3196/16/5673 2835/17/5673 2864/18/5673
f 2837/16/5674 2835/17/5674 3196/18/5674
f 2836/16/5675 2864/17/5675 2835/18/5675
f 3020/16/5676 2864/17/5676 3021/18/5676
f 2864/16/5677 2919/17/5677 2863/18/5677
f 3020/16/5678 2919/17/5678 2864/18/5678
f 2923/16/5679 3196/17/5679 2869/18/5679
f 2924/16/5680 3196/17/5680 2923/18/5680
f 2922/16/5681 2850/17/5681 2924/18/5681
f 2924/16/5682 2850/17/5682 3196/18/5682
f 2864/16/5683 2869/17/5683 3196/18/5683
f 2863/16/5684 3197/17/5684 2866/18/5684
f 3197/16/5685 2920/17/5685 2866/18/5685
f 2921/16/5686 3200/17/5686 2823/18/5687
f 2824/16/5688 2854/17/5688 2922/18/5688
f 2922/16/5689 2854/17/5689 2850/18/5689
f 3201/16/5690 2920/17/5690 3197/18/5690
f 3201/16/5691 3199/17/5691 2920/18/5691
f 3201/16/5692 3198/17/5692 3199/18/5692
f 3201/16/5693 2921/17/5693 3198/18/5693
f 2841/16/5694 3200/17/5694 3201/18/5694
f 3201/16/5695 3200/17/5695 2921/18/5695
f 2841/16/5696 2823/17/5696 3200/18/5696
f 2841/16/5697 2825/17/5697 2823/18/5697
f 2843/16/5698 2826/17/5698 2841/18/5698
f 2841/16/5699 2826/17/5699 2825/18/5699
f 2843/16/5700 2827/17/5700 2826/18/5700
f 2854/16/5701 2824/17/5701 2843/18/5701
f 2843/16/5702 2824/17/5702 2827/18/5702
f 2822/16/5703 2812/17/5703 2967/18/5703
f 2812/16/5704 2813/17/5704 2967/18/5704
f 2859/16/5705 2804/17/5705 3017/18/5705
f 2803/16/5706 2804/17/5706 2859/18/5706
f 2813/16/5707 2963/17/5707 2967/18/5707
f 2813/16/5708 2814/17/5708 2963/18/5708
f 3017/16/5709 2804/17/5709 2971/18/5709
f 2804/16/5710 2970/17/5710 2971/18/5710
f 2804/16/5711 2805/17/5711 2970/18/5711
f 2814/16/5712 2815/17/5712 2963/18/5712
f 2805/16/5713 2806/17/5713 2969/18/5713
f 2964/16/5714 3019/17/5714 3018/18/5714
f 2806/16/5715 2807/17/5715 2969/18/5715
f 2807/16/5716 2801/17/5716 2969/18/5716
f 2801/16/5717 2968/17/5717 2969/18/5717
f 2801/16/5718 2808/17/5718 2968/18/5718
f 2963/16/5719 2816/17/5719 2964/18/5719
f 2815/16/5720 2816/17/5720 2963/18/5720
f 2964/16/5721 2816/17/5721 3019/18/5721
f 3019/16/5722 2816/17/5722 2863/18/5722
f 2816/16/5723 3197/17/5723 2863/18/5723
f 2816/16/5724 2817/17/5724 3197/18/5724
f 2808/16/5725 2809/17/5725 2968/18/5725
f 2809/16/5726 2965/17/5726 2968/18/5726
f 2817/16/5727 2818/17/5727 3201/18/5727
f 2809/16/5728 2810/17/5728 2965/18/5728
f 2810/16/5729 2811/17/5729 2965/18/5729
f 2818/16/5730 2819/17/5730 3201/18/5730
f 3201/16/5731 2819/17/5731 2841/18/5731
f 2811/16/5732 2820/17/5732 2965/18/5732
f 2820/16/5733 2966/17/5733 2965/18/5733
f 2819/16/5734 2802/17/5734 2841/18/5734
f 2969/16/5735 2970/17/5735 2805/18/5735
f 3201/16/5736 3197/17/5736 2817/18/5736
f 2820/16/5737 2821/17/5737 2966/18/5737
f 2821/16/5738 2822/17/5738 2966/18/5738
f 2822/16/5739 2967/17/5739 2966/18/5739
f 2801/16/5740 3219/17/5740 2808/18/5740
f 2801/16/5741 3220/17/5741 3219/18/5741
f 2808/16/5742 3221/17/5742 2809/18/5742
f 3219/16/5743 3221/17/5743 2808/18/5743
f 2807/16/5744 3222/17/5744 2801/18/5744
f 2801/16/5745 3222/17/5745 3220/18/5745
f 2809/16/5746 3223/17/5746 2810/18/5746
f 3221/16/5747 3223/17/5747 2809/18/5747
f 2805/16/5748 3222/17/5748 2806/18/5748
f 2806/16/5749 3222/17/5749 2807/18/5749
f 2805/16/5750 3224/17/5750 3222/18/5750
f 2804/16/5751 3224/17/5751 2805/18/5751
f 2810/16/5752 3225/17/5752 2811/18/5752
f 3223/16/5753 3225/17/5753 2810/18/5753
f 2804/16/5754 3226/17/5754 3224/18/5754
f 2803/16/5755 3226/17/5755 2804/18/5755
f 2811/16/5756 3225/17/5756 2820/18/5756
f 3215/16/5757 3226/17/5757 2803/18/5757
f 2820/16/5758 3227/17/5758 2821/18/5758
f 3225/16/5759 3227/17/5759 2820/18/5759
f 3215/16/5760 3228/17/5760 3226/18/5760
f 2821/16/5761 3227/17/5761 2822/18/5761
f 3214/16/5762 3228/17/5762 3215/18/5762
f 3214/16/5763 3213/17/5763 3228/18/5763
f 3227/16/5764 3229/17/5764 2822/18/5764
f 3213/16/5765 3230/17/5765 3228/18/5765
f 3229/16/5766 2812/17/5766 2822/18/5766
f 3213/16/5767 3231/17/5767 3230/18/5767
f 3213/16/5768 3212/17/5768 3231/18/5768
f 3229/16/5769 3232/17/5769 2812/18/5769
f 3232/16/5770 2813/17/5770 2812/18/5770
f 3212/16/5771 2853/17/5771 3231/18/5771
f 3232/16/5772 3233/17/5772 2813/18/5772
f 2853/16/5773 3234/17/5773 3231/18/5773
f 3233/16/5774 2814/17/5774 2813/18/5774
f 2849/16/5775 3234/17/5775 2853/18/5775
f 3233/16/5776 3235/17/5776 2814/18/5776
f 2849/16/5777 2847/17/5777 3234/18/5777
f 2847/16/5778 3236/17/5778 3234/18/5778
f 3235/16/5779 3237/17/5779 2814/18/5779
f 3237/16/5780 2815/17/5780 2814/18/5780
f 2847/16/5781 3238/17/5781 3236/18/5781
f 3237/16/5782 2816/17/5782 2815/18/5782
f 2847/16/5783 3211/17/5783 3238/18/5783
f 3237/16/5784 3239/17/5784 2816/18/5784
f 3211/16/5785 3240/17/5785 3238/18/5785
f 3239/16/5786 2817/17/5786 2816/18/5786
f 3211/16/5787 2845/17/5787 3240/18/5787
f 2845/16/5788 3241/17/5788 3240/18/5788
f 2845/16/5789 3218/17/5789 3241/18/5789
f 3242/16/5790 2818/17/5790 3239/18/5790
f 3239/16/5791 2818/17/5791 2817/18/5791
f 3242/16/5792 3243/17/5792 2818/18/5792
f 3218/16/5793 3217/17/5793 3241/18/5793
f 3241/16/5794 3217/17/5794 3244/18/5794
f 3217/16/5795 3216/17/5795 3244/18/5795
f 3243/16/5796 2819/17/5796 2818/18/5796
f 3245/16/5797 2819/17/5797 3243/18/5797
f 3245/16/5798 2802/17/5798 2819/18/5798
f 3216/16/5799 3210/17/5799 3244/18/5799
f 3244/16/5800 3210/17/5800 3246/18/5800
f 3245/16/5801 3203/17/5801 2802/18/5801
f 3247/16/5802 3203/17/5802 3245/18/5802
f 3246/16/5803 3209/17/5803 3248/18/5803
f 3210/16/5804 3209/17/5804 3246/18/5804
f 3249/16/5805 3204/17/5805 3247/18/5805
f 3247/16/5806 3204/17/5806 3203/18/5806
f 3249/16/5807 3205/17/5807 3204/18/5807
f 3248/16/5808 3208/17/5808 3250/18/5808
f 3209/16/5809 3208/17/5809 3248/18/5809
f 3249/16/5810 3206/17/5810 3205/18/5810
f 3251/16/5811 3202/17/5811 3249/18/5811
f 3249/16/5812 3202/17/5812 3206/18/5812
f 3250/16/5813 3207/17/5813 3252/18/5813
f 3208/16/5814 3207/17/5814 3250/18/5814
f 3252/16/5815 3202/17/5815 3251/18/5815
f 3252/16/5816 3207/17/5816 3202/18/5816
o node1
v 0.074474 0.031585 0.088677
v 0.073806 0.030907 0.091765
v 0.071016 0.028034 0.074417
v 0.072538 0.029611 0.075769
v 0.072897 0.029979 0.093489
v 0.071835 0.028885 0.094343
v 0.073671 0.030770 0.077990
v 0.074279 0.031387 0.080344
v 0.074591 0.031703 0.083411
v 0.053453 0.006675 0.078147
v 0.054952 0.008898 0.092875
v 0.054044 0.007566 0.089708
v 0.053528 0.006789 0.084982
v 0.065641 0.022294 0.094379
v 0.059001 0.014393 0.094379
v 0.066354 0.023052 0.072330
v 0.055789 0.010082 0.070507
v 0.056867 0.011565 0.069733
v 0.053638 0.006955 0.075737
v 0.058163 0.013284 0.069385
v 0.060290 0.016000 0.069572
v 0.054072 0.007607 0.073641
v 0.054831 0.008722 0.071754
v 0.054795 0.008667 0.090033
v 0.054362 0.008036 0.087199
v 0.060622 0.016409 0.070939
v 0.054112 0.007667 0.083372
v 0.072664 0.029739 0.092174
v 0.071481 0.028518 0.093317
v 0.058796 0.014103 0.070536
v 0.073533 0.030629 0.089402
v 0.069959 0.026976 0.093701
v 0.054139 0.007706 0.076832
v 0.057364 0.012232 0.070733
v 0.073792 0.030892 0.084487
v 0.073414 0.030507 0.080129
v 0.056257 0.010732 0.071386
v 0.060922 0.016788 0.093700
v 0.054659 0.008471 0.074111
v 0.072528 0.029599 0.077587
v 0.055359 0.009477 0.072473
v 0.071617 0.028659 0.076249
v 0.070309 0.027343 0.075320
v 0.057134 0.011925 0.093673
v 0.056241 0.010711 0.093205
v 0.056090 0.010502 0.094334
v 0.055456 0.009614 0.092049
v 0.071513 0.026626 0.075493
v 0.061816 0.015417 0.071124
v 0.062513 0.015130 0.071574
v 0.068182 0.022726 0.074041
v 0.068386 0.021931 0.074264
v 0.066082 0.019346 0.073223
v 0.065433 0.019689 0.072797
v 0.062946 0.015613 0.071817
v 0.066680 0.019922 0.073751
v 0.062949 0.015563 0.071931
v 0.074562 0.028480 0.079968
v 0.074127 0.027957 0.078571
v 0.074270 0.028187 0.078926
v 0.073737 0.027562 0.077718
v 0.073340 0.027084 0.077246
v 0.073268 0.027134 0.076978
v 0.072908 0.026697 0.076597
v 0.075011 0.028893 0.083893
v 0.074915 0.028722 0.082855
v 0.072222 0.026066 0.075989
v 0.074772 0.028684 0.081065
v 0.072357 0.026068 0.076249
v 0.074667 0.028488 0.080628
v 0.074960 0.028890 0.082802
v 0.074970 0.028772 0.084850
v 0.074344 0.028144 0.079344
v 0.074973 0.028871 0.086974
v 0.074344 0.028201 0.090988
v 0.074602 0.028453 0.090073
v 0.074994 0.028853 0.086231
v 0.074793 0.028682 0.089000
v 0.074903 0.028752 0.087896
v 0.071785 0.025623 0.093203
v 0.073373 0.027131 0.092418
v 0.072585 0.026390 0.092986
v 0.073113 0.027005 0.092748
v 0.073566 0.027466 0.092360
v 0.071214 0.024946 0.093182
v 0.074020 0.027938 0.091743
v 0.062826 0.015494 0.093188
v 0.064412 0.017380 0.093179
v 0.066154 0.019390 0.093166
v 0.067961 0.021414 0.093167
v 0.069421 0.023012 0.093170
v 0.062118 0.014602 0.093164
v 0.059106 0.010955 0.093273
v 0.059222 0.010860 0.093101
v 0.060433 0.012445 0.093113
v 0.059105 0.010955 0.093273
v 0.059105 0.010955 0.093273
v 0.059105 0.010955 0.093273
v 0.059105 0.010955 0.093273
v 0.059105 0.010955 0.093273
v 0.059105 0.010955 0.093273
v 0.058619 0.010293 0.093226
v 0.059287 0.010880 0.092695
v 0.059234 0.010855 0.093040
v 0.056381 0.006950 0.087609
v 0.056527 0.007165 0.088637
v 0.056717 0.007431 0.089634
v 0.056094 0.006515 0.083129
v 0.057002 0.007837 0.090734
v 0.056145 0.006580 0.084290
v 0.057123 0.008272 0.091608
v 0.057424 0.008416 0.091776
v 0.057816 0.008996 0.092468
v 0.058395 0.009809 0.093027
v 0.058822 0.010371 0.093134
v 0.056215 0.006702 0.085796
v 0.056081 0.006471 0.080248
v 0.056059 0.006479 0.078199
v 0.060136 0.012129 0.071062
v 0.059641 0.011441 0.071127
v 0.059051 0.010653 0.071305
v 0.058628 0.010035 0.071555
v 0.058273 0.009629 0.071683
v 0.057963 0.009189 0.071956
v 0.057518 0.008599 0.072429
v 0.057055 0.007865 0.073312
v 0.056714 0.007452 0.073972
v 0.056557 0.007140 0.074720
v 0.056344 0.006907 0.075368
v 0.056212 0.006650 0.076475
v 0.056154 0.006543 0.077361
v 0.061553 0.013972 0.071224
v 0.061819 0.014182 0.071408
v 0.060673 0.012762 0.071120
v 0.073340 0.027266 0.087792
v 0.070592 0.024383 0.077183
v 0.073904 0.027669 0.091774
v 0.073628 0.027536 0.082612
v 0.073199 0.027186 0.084671
v 0.071066 0.024923 0.090847
v 0.062190 0.016695 0.077280
v 0.061870 0.016840 0.083824
v 0.072432 0.026329 0.079633
v 0.059898 0.014890 0.081141
v 0.072470 0.026382 0.089513
v 0.060106 0.014946 0.085432
v 0.060605 0.015062 0.087943
v 0.066453 0.020472 0.076339
v 0.063934 0.018702 0.086025
v 0.067600 0.021596 0.090432
v 0.062770 0.017241 0.088167
v 0.067833 0.021914 0.077341
v 0.062724 0.017589 0.080282
v 0.067100 0.021631 0.080969
v 0.065512 0.020307 0.083620
v 0.060748 0.015126 0.076224
v 0.062023 0.016067 0.074999
v 0.063183 0.017151 0.074959
v 0.064128 0.018148 0.090276
v 0.064160 0.017156 0.073815
v 0.065707 0.019059 0.074759
v 0.066668 0.020009 0.074895
v 0.059582 0.013897 0.078003
v 0.061382 0.014137 0.073731
v 0.060189 0.012641 0.074669
v 0.060208 0.012279 0.073901
v 0.062475 0.015066 0.072931
v 0.062605 0.015793 0.073826
v 0.059211 0.010779 0.074731
v 0.059274 0.011121 0.075712
v 0.060857 0.013051 0.073234
v 0.059870 0.013826 0.076606
v 0.059427 0.011719 0.076157
v 0.060515 0.014642 0.075817
v 0.059128 0.011471 0.077966
v 0.058790 0.010427 0.077635
v 0.061487 0.015451 0.074965
v 0.059953 0.014645 0.078024
v 0.059828 0.014795 0.083037
v 0.059570 0.013717 0.085452
v 0.059681 0.014364 0.084753
v 0.058780 0.010403 0.083633
v 0.059062 0.011310 0.081893
v 0.059162 0.011440 0.084995
v 0.059384 0.013683 0.081807
v 0.059533 0.014254 0.081411
v 0.059447 0.011742 0.087676
v 0.060015 0.014185 0.087450
v 0.059041 0.010730 0.087681
v 0.060363 0.014333 0.088478
v 0.060864 0.013713 0.090246
v 0.062496 0.016576 0.089915
v 0.061752 0.014619 0.090940
v 0.061681 0.014153 0.091598
v 0.061710 0.015757 0.089676
v 0.059625 0.011485 0.089935
v 0.063497 0.016435 0.091584
v 0.059871 0.012304 0.089201
v 0.060546 0.012702 0.090990
v 0.060987 0.014980 0.089233
v 0.065962 0.019135 0.092208
v 0.067130 0.020673 0.091376
v 0.065607 0.019612 0.090405
v 0.069418 0.023069 0.091572
v 0.057519 0.008178 0.074204
v 0.059516 0.011126 0.072410
v 0.056755 0.007101 0.076603
v 0.057931 0.008752 0.076856
v 0.057392 0.007893 0.076308
v 0.057380 0.008306 0.072775
v 0.056952 0.007277 0.081581
v 0.056825 0.007194 0.085260
v 0.057954 0.008797 0.083556
v 0.057594 0.008172 0.086503
v 0.057209 0.007790 0.089318
v 0.058275 0.009188 0.089824
v 0.058152 0.009200 0.091883
v 0.059454 0.011074 0.091814
v 0.061954 0.014335 0.092543
v 0.071853 0.025528 0.093008
v 0.074785 0.029329 0.082263
v 0.074566 0.030006 0.083219
v 0.073619 0.028838 0.078018
v 0.073047 0.028291 0.076987
v 0.074123 0.028957 0.079131
v 0.074808 0.029615 0.085161
v 0.074265 0.029578 0.080253
v 0.072401 0.027542 0.076168
v 0.055028 0.006753 0.078037
v 0.055196 0.006898 0.076475
v 0.055344 0.007453 0.074633
v 0.055834 0.007136 0.074932
v 0.055903 0.007950 0.073404
v 0.056322 0.008547 0.072540
v 0.056793 0.009167 0.071894
v 0.057510 0.010200 0.071220
v 0.058561 0.011774 0.070659
v 0.058695 0.010540 0.071206
v 0.059699 0.013128 0.070593
v 0.060837 0.013140 0.071032
v 0.061242 0.015394 0.070886
v 0.057916 0.011078 0.093655
v 0.058816 0.011484 0.093530
v 0.057153 0.009782 0.093132
v 0.056675 0.009036 0.092444
v 0.056171 0.008633 0.091742
v 0.056113 0.007833 0.090412
v 0.055617 0.007898 0.090042
v 0.055745 0.007213 0.088207
v 0.055192 0.007221 0.087185
v 0.054991 0.006857 0.083358
v 0.055426 0.006795 0.085122
v 0.055447 0.006601 0.081050
v 0.062944 0.017130 0.093641
v 0.061663 0.015131 0.093535
v 0.071114 0.026264 0.093642
v 0.073957 0.029149 0.091269
v 0.074345 0.029514 0.089805
v 0.072121 0.027216 0.093382
v 0.073384 0.028653 0.092353
v 0.074571 0.029848 0.087769
v 0.072755 0.027941 0.093016
vn 0.8263 -0.5632 -0.0006
vn 0.7634 -0.6393 -0.0922
vn 0.7559 -0.6546 0.0117
vn 0.8303 -0.5573 0.0010
vn 0.8317 -0.5552 -0.0007
vn 0.7181 -0.6959 -0.0005
vn 0.7150 -0.6992 0.0006
vn 0.7180 -0.6960 0.0015
vn 0.7844 -0.6202 -0.0055
vn 0.8324 -0.5541 0.0001
vn 0.7148 -0.6993 -0.0003
vn 0.7127 -0.7015 0.0002
vn 0.7123 -0.7018 0.0055
vn 0.7873 -0.6166 0.0060
vn 0.7255 -0.6822 -0.0910
vn 0.8326 -0.5539 0.0001
vn 0.7938 -0.6081 -0.0037
vn 0.7126 -0.7015 -0.0000
vn 0.7122 -0.7020 0.0001
vn 0.7986 -0.6018 0.0041
vn 0.8321 -0.5546 -0.0008
vn 0.7122 -0.7019 0.0002
vn 0.7131 -0.7011 -0.0005
vn 0.8039 -0.5948 -0.0032
vn 0.7360 -0.6529 0.1790
vn 0.7130 -0.7011 -0.0001
vn 0.8098 -0.5867 0.0031
vn 0.8270 -0.5622 -0.0000
vn 0.8317 -0.5552 -0.0003
vn 0.7152 -0.6989 0.0004
vn 0.7615 -0.6400 -0.1026
vn 0.8127 -0.5827 -0.0015
vn 0.7153 -0.6988 -0.0003
vn 0.8187 -0.5743 0.0024
vn 0.8269 -0.5623 0.0004
vn 0.8202 -0.5720 -0.0011
vn 0.7187 -0.6953 -0.0003
vn 0.7054 -0.7087 0.0101
vn 0.7190 -0.6950 0.0010
vn 0.7871 -0.6136 0.0631
vn 0.8006 -0.5987 -0.0243
vn 0.8059 -0.5920 -0.0013
vn 0.7220 -0.6910 0.0367
vn 0.8148 -0.5797 0.0021
vn 0.8154 -0.5789 -0.0046
vn 0.8185 -0.5745 0.0012
vn 0.8263 -0.5633 -0.0001
vn 0.2399 0.1725 -0.9553
vn 0.2227 0.1861 -0.9570
vn 0.5109 -0.0980 -0.8540
vn 0.5091 -0.0965 -0.8553
vn 0.3821 0.0381 -0.9233
vn 0.4516 -0.0439 -0.8911
vn 0.5034 -0.1110 -0.8569
vn 0.5076 -0.1145 -0.8540
vn 0.5083 -0.1090 -0.8543
vn 0.5048 -0.1062 -0.8567
vn 0.5274 -0.1384 -0.8383
vn 0.7506 -0.5333 -0.3902
vn 0.7524 -0.5444 -0.3708
vn 0.7772 -0.5188 -0.3560
vn 0.7844 -0.5619 -0.2625
vn 0.7705 -0.5982 -0.2200
vn 0.7839 -0.5500 -0.2879
vn 0.8587 -0.4108 -0.3064
vn 0.8483 -0.4310 -0.3074
vn 0.9281 -0.3679 -0.0572
vn 0.7870 -0.4614 -0.4096
vn 0.9563 -0.2821 -0.0768
vn 0.9718 -0.1807 -0.1516
vn 0.9300 -0.3386 -0.1429
vn 0.9610 -0.2731 -0.0441
vn 0.9473 -0.2547 -0.1941
vn 0.9389 -0.2832 -0.1956
vn 0.9499 -0.3125 0.0015
vn 0.8874 -0.4571 0.0600
vn 0.9537 -0.2988 0.0339
vn 0.6661 -0.5527 0.5008
vn 0.7471 -0.6287 0.2157
vn 0.6532 -0.5661 0.5029
vn 0.7641 -0.4987 0.4091
vn 0.7933 -0.3755 0.4793
vn 0.8393 -0.4272 0.3363
vn 0.8634 -0.3256 0.3854
vn 0.8977 -0.3542 0.2622
vn 0.5550 -0.4374 0.7075
vn 0.6953 -0.5349 0.4801
vn 0.7842 -0.6100 -0.1139
vn 0.7767 -0.5950 0.2069
vn -0.0000 -0.0000 1.0000
vn -0.0196 -0.0543 0.9983
vn -0.0196 -0.0542 0.9983
vn 0.5018 -0.4228 0.7547
vn 0.1924 -0.8891 0.4154
vn 0.5078 -0.5170 0.6891
vn 0.7744 -0.6257 0.0940
vn 0.3723 -0.4614 -0.8053
vn 0.3837 -0.5590 -0.7351
vn 0.3733 -0.5605 -0.7392
vn 0.7739 -0.4979 -0.3915
vn 0.5405 -0.7354 -0.4088
vn 0.5503 -0.8053 -0.2204
vn 0.5175 -0.8451 -0.1341
vn 0.7190 -0.4306 -0.5456
vn 0.7240 -0.4845 -0.4911
vn 0.6650 -0.4314 -0.6096
vn 0.9062 -0.4226 -0.0143
vn 0.6776 -0.7355 -0.0002
vn 0.7865 -0.5941 -0.1690
vn 0.7591 -0.6508 -0.0162
vn 0.8147 -0.5695 -0.1088
vn 0.7974 -0.5982 -0.0797
vn 0.7327 -0.6805 -0.0071
vn 0.6102 -0.7922 -0.0074
vn 0.7001 -0.7131 0.0372
vn 0.7000 -0.7130 0.0405
vn 0.6883 -0.7250 -0.0242
vn 0.7039 -0.7079 -0.0582
vn 0.6747 -0.7377 0.0259
vn 0.6782 -0.7344 0.0255
vn 0.7015 -0.7116 -0.0402
vn 0.7146 -0.6984 -0.0389
vn 0.6837 -0.7259 -0.0746
vn 0.6882 -0.7248 -0.0325
vn 0.6951 -0.7102 -0.1118
vn 0.7108 -0.6949 -0.1090
vn 0.7046 -0.7030 -0.0961
vn 0.6891 -0.7189 0.0913
vn 0.6900 -0.7236 0.0189
vn 0.6656 -0.7455 0.0350
vn 0.6999 -0.7110 0.0679
vn 0.7090 -0.6887 -0.1515
vn 0.6751 -0.7312 0.0975
vn 0.6731 -0.7294 0.1221
vn 0.7038 -0.7077 -0.0616
vn 0.6690 -0.7432 0.0132
vn 0.6750 -0.7370 0.0364
vn 0.6647 -0.7467 0.0254
vn 0.6699 -0.7383 0.0778
vn 0.7031 -0.6941 -0.1545
vn 0.6762 -0.7214 0.1495
vn 0.6781 -0.7197 0.1489
vn 0.6917 -0.7129 0.1156
vn 0.7017 -0.6958 -0.1529
vn 0.7094 -0.7047 -0.0091
vn 0.6773 -0.7343 -0.0461
vn 0.6765 -0.7356 -0.0357
vn 0.6739 -0.7242 0.1462
vn 0.6992 -0.7001 -0.1451
vn 0.6932 -0.7125 -0.1087
vn 0.6677 -0.7444 -0.0112
vn 0.6922 -0.7216 0.0095
vn 0.6698 -0.7384 0.0777
vn 0.5769 -0.6538 0.4896
vn 0.6671 -0.7399 0.0866
vn 0.5554 -0.6853 0.4711
vn 0.5777 -0.7248 0.3755
vn 0.6310 -0.6895 0.3557
vn 0.6144 -0.7200 0.3226
vn 0.6647 -0.7339 0.1402
vn 0.7141 -0.6929 0.1000
vn 0.6429 -0.6963 0.3193
vn 0.9377 -0.3268 0.1181
vn 0.8277 -0.4995 0.2557
vn 0.8562 -0.5024 0.1202
vn 0.6162 -0.6423 0.4558
vn 0.8945 -0.3955 0.2083
vn 0.8950 -0.3896 0.2173
vn 0.9153 -0.2586 0.3089
vn 0.8696 -0.3443 0.3538
vn 0.9353 -0.3367 0.1084
vn 0.6556 -0.5954 0.4644
vn 0.5885 -0.6673 0.4565
vn 0.7220 -0.6420 0.2581
vn 0.9472 -0.2439 0.2082
vn 0.9735 -0.1842 0.1356
vn 0.8542 -0.4796 0.2010
vn 0.8711 -0.4378 0.2225
vn 0.7424 -0.5688 0.3540
vn 0.7453 -0.5395 0.3918
vn 0.7475 -0.6006 0.2837
vn 0.8175 -0.3808 0.4320
vn 0.8329 -0.5056 0.2250
vn 0.6792 -0.5308 0.5069
vn 0.8021 -0.5608 0.2051
vn 0.7694 -0.4691 0.4335
vn 0.9848 -0.1666 -0.0487
vn 0.9835 -0.1588 -0.0867
vn 0.9512 -0.3085 0.0033
vn 0.9552 -0.2960 0.0004
vn 0.9453 -0.3258 -0.0168
vn 0.9905 -0.1352 -0.0262
vn 0.9820 -0.1843 0.0407
vn 0.9909 -0.1339 0.0111
vn 0.9730 -0.2276 0.0378
vn 0.8937 -0.4446 0.0594
vn 0.8752 -0.4808 0.0529
vn 0.9611 -0.2741 -0.0337
vn 0.9266 -0.3717 -0.0567
vn 0.9087 -0.4166 -0.0266
vn 0.9745 -0.2192 -0.0477
vn 0.9585 -0.2374 -0.1579
vn 0.9409 -0.3097 -0.1370
vn 0.8562 -0.4976 -0.1390
vn 0.8741 -0.4612 -0.1522
vn 0.8396 -0.5395 -0.0634
vn 0.8682 -0.4962 0.0072
vn 0.9526 -0.3018 -0.0371
vn 0.9219 -0.3700 -0.1147
vn 0.9181 -0.3793 -0.1155
vn 0.7359 -0.5875 -0.3364
vn 0.7352 -0.6443 -0.2108
vn 0.9548 -0.2383 -0.1777
vn 0.8675 -0.4414 -0.2292
vn 0.9118 -0.3149 -0.2635
vn 0.8625 -0.4524 -0.2269
vn 0.8060 -0.4937 -0.3265
vn 0.7857 -0.5417 -0.2986
vn 0.8328 -0.4793 -0.2769
vn 0.8667 -0.3402 -0.3649
vn 0.7761 -0.5717 -0.2660
vn 0.8464 -0.3800 -0.3732
vn 0.7021 -0.5383 -0.4661
vn 0.7106 -0.5110 -0.4837
vn 0.8605 -0.4581 -0.2228
vn 0.7779 -0.6195 -0.1050
vn 0.8058 -0.5797 -0.1207
vn 0.7859 -0.4306 -0.4438
vn 0.7678 -0.4632 -0.4426
vn 0.7471 -0.6477 -0.1494
vn 0.6751 -0.6520 -0.3453
vn 0.6650 -0.5923 -0.4549
vn 0.6692 -0.5907 -0.4508
vn 0.7048 -0.6500 -0.2841
vn 0.6708 -0.6692 -0.3197
vn 0.7463 -0.6368 -0.1937
vn 0.7303 -0.6789 -0.0760
vn 0.6905 -0.6938 -0.2047
vn 0.7137 -0.6633 -0.2251
vn 0.7209 -0.6904 0.0604
vn 0.7385 -0.6717 0.0591
vn 0.7681 -0.6386 0.0465
vn 0.7370 -0.6696 0.0927
vn 0.8025 -0.5915 -0.0787
vn 0.7993 -0.6009 0.0042
vn 0.7651 -0.6425 0.0431
vn 0.6901 -0.5416 -0.4800
vn 0.6987 -0.7058 -0.1166
vn 0.7079 -0.7007 -0.0892
vn 0.8790 -0.4742 0.0501
vn 0.7141 -0.6877 -0.1310
vn 0.8430 -0.5378 0.0134
vn 0.8856 -0.4533 0.1012
vn 0.6957 -0.7180 0.0237
vn 0.8622 -0.5051 0.0377
vn 0.8399 -0.5419 0.0292
vn 0.7947 -0.6046 -0.0539
vn 0.7991 -0.5946 0.0890
vn 0.7578 -0.6392 -0.1308
vn 0.7211 -0.6628 -0.2019
vn 0.7836 -0.6163 -0.0787
vn 0.6439 -0.6763 -0.3578
vn 0.7820 -0.6064 0.1442
vn 0.6444 -0.7630 -0.0501
vn 0.7393 -0.6157 -0.2726
vn 0.7779 -0.6084 -0.1572
vn 0.7717 -0.6347 -0.0392
vn 0.6477 -0.7573 -0.0840
vn 0.8197 -0.5722 -0.0279
vn 0.8343 -0.5513 0.0008
vn 0.8446 -0.5353 0.0079
vn 0.6533 -0.7570 -0.0100
vn 0.8892 -0.4575 -0.0000
vn 0.8898 -0.4563 -0.0004
vn 0.6801 -0.7331 -0.0009
vn 0.7779 -0.6283 -0.0085
vn 0.7703 -0.6163 0.1641
vn 0.8624 -0.5052 -0.0322
vn 0.8213 -0.5696 0.0306
vn 0.8172 -0.5740 -0.0514
vn 0.6691 -0.7421 0.0405
vn 0.6529 -0.7558 0.0493
vn 0.7739 -0.6330 0.0198
vn 0.6348 -0.7695 0.0705
vn 0.6727 -0.7399 0.0081
vn 0.6234 -0.7768 0.0886
vn 0.6710 -0.7415 0.0063
vn 0.7904 -0.6121 0.0249
vn 0.6335 -0.7646 0.1182
vn 0.8450 -0.5346 -0.0100
vn 0.7785 -0.6275 0.0126
vn 0.8894 -0.4568 -0.0171
vn 0.6820 -0.7208 0.1238
vn 0.8844 -0.4663 -0.0194
vn 0.7882 -0.5996 0.1389
vn 0.7207 -0.6842 0.1111
vn 0.6443 -0.7641 0.0319
vn 0.7851 -0.6173 0.0506
vn 0.6593 -0.7518 0.0136
vn 0.7106 -0.6828 0.1698
vn 0.8416 -0.5400 -0.0115
vn 0.7319 -0.6537 0.1923
vn 0.8621 -0.5039 -0.0544
vn 0.8210 -0.5686 0.0525
vn 0.8391 -0.5425 0.0399
vn 0.7881 -0.6114 -0.0714
vn 0.7812 -0.6214 0.0604
vn 0.7943 -0.6024 0.0784
vn 0.7861 -0.6155 0.0566
vn 0.7897 -0.6051 0.1011
vn 0.7641 -0.6424 0.0590
vn 0.7671 -0.6335 0.1013
vn 0.6780 -0.6311 0.3768
vn 0.7377 -0.6660 -0.1107
vn 0.6341 -0.5800 0.5113
vn 0.7243 -0.6810 0.1080
vn 0.7457 -0.6658 0.0274
vn 0.7554 -0.6549 0.0226
vn 0.6780 -0.7351 -0.0007
vn 0.6610 -0.7502 -0.0178
vn 0.8555 -0.5175 0.0153
vn 0.7472 -0.6645 0.0120
vn 0.7620 -0.6474 0.0141
vn 0.8210 -0.5658 0.0760
vn 0.7321 -0.6803 0.0367
vn 0.8055 0.2049 -0.5560
vn 0.8558 0.1918 -0.4805
vn 0.8580 0.1969 -0.4744
vn 0.9456 0.3223 -0.0453
vn 0.9315 0.3612 -0.0430
vn 0.9406 0.3370 -0.0407
vn 0.8637 0.2770 -0.4210
vn 0.7414 0.5433 -0.3940
vn 0.9081 0.2606 -0.3277
vn 0.9018 0.3198 -0.2906
vn 0.5877 0.0270 -0.8086
vn 0.9215 0.3103 -0.2336
vn 0.6571 0.0119 -0.7537
vn 0.9186 0.3438 -0.1950
vn 0.6947 0.0529 -0.7173
vn 0.8521 0.4988 -0.1585
vn 0.9655 0.2246 -0.1314
vn 0.7103 0.1413 -0.6895
vn 0.7912 0.1560 -0.5913
vn 0.4924 -0.1486 -0.8576
vn -0.2409 -0.9653 -0.1007
vn -0.2495 -0.9614 -0.1161
vn -0.2353 -0.9629 -0.1321
vn -0.3863 -0.8742 -0.2942
vn -0.2155 -0.9453 -0.2447
vn -0.2304 -0.9430 -0.2403
vn -0.1023 -0.9248 -0.3663
vn -0.1132 -0.9082 -0.4028
vn -0.2650 -0.8460 -0.4626
vn -0.2009 -0.8608 -0.4676
vn -0.1051 -0.8174 -0.5663
vn -0.1059 -0.7933 -0.5996
vn -0.0304 -0.7636 -0.6450
vn -0.0087 -0.7179 -0.6961
vn -0.0905 -0.7416 -0.6648
vn 0.0527 -0.6484 -0.7595
vn 0.0636 -0.5757 -0.8152
vn 0.0547 -0.5543 -0.8305
vn 0.1015 -0.3934 -0.9138
vn 0.1353 -0.5085 -0.8504
vn 0.2728 -0.3644 -0.8904
vn 0.2992 -0.3003 -0.9057
vn 0.2986 -0.2955 -0.9075
vn 0.3869 -0.2478 -0.8882
vn 0.3397 -0.3513 -0.8725
vn 0.3577 -0.1242 -0.9255
vn 0.3851 -0.1284 -0.9139
vn 0.4005 -0.1353 -0.9062
vn -0.5083 -0.5731 -0.6428
vn -0.5739 -0.5656 -0.5922
vn -0.5640 -0.6440 -0.5169
vn 0.0863 0.1046 -0.9908
vn 0.1157 0.0492 -0.9921
vn -0.7059 -0.6352 -0.3134
vn -0.6409 -0.7193 -0.2681
vn 0.0054 -0.0534 -0.9986
vn -0.0786 -0.0447 -0.9959
vn -0.6308 -0.7634 -0.1389
vn -0.1513 -0.2407 -0.9587
vn -0.2275 -0.2424 -0.9431
vn -0.2783 -0.3816 -0.8814
vn -0.4160 -0.4067 -0.8134
vn -0.4152 -0.4857 -0.7692
vn -0.1228 -0.4984 0.8582
vn -0.1228 -0.4985 0.8582
vn 0.2963 -0.2823 0.9124
vn -0.2569 -0.9665 -0.0011
vn 0.2541 -0.2788 0.9261
vn 0.0858 -0.4156 0.9055
vn 0.0908 -0.4139 0.9058
vn 0.0803 -0.6031 0.7936
vn -0.0390 -0.6641 0.7467
vn -0.0402 -0.7542 0.6554
vn -0.0191 -0.7432 0.6688
vn -0.2102 -0.7752 0.5957
vn -0.4533 -0.7548 0.4741
vn -0.2421 -0.8266 0.5081
vn -0.1610 -0.8746 0.4573
vn -0.1302 -0.9187 0.3729
vn -0.5092 -0.8174 0.2695
vn -0.3456 -0.8868 0.3068
vn -0.2385 -0.9260 0.2928
vn -0.2214 -0.9286 0.2978
vn -0.1834 -0.9568 0.2254
vn -0.3076 -0.9381 0.1592
vn -0.2452 -0.9570 0.1553
vn -0.2502 -0.9559 0.1541
vn -0.5547 -0.8250 0.1077
vn -0.1902 -0.9778 0.0880
vn -0.3117 -0.9492 0.0434
vn -0.2709 -0.9616 0.0442
vn -0.1825 -0.9831 0.0158
vn -0.2235 -0.9745 -0.0181
vn -0.4313 -0.9021 0.0145
vn -0.2168 -0.9741 0.0641
vn -0.7270 -0.6865 -0.0072
vn -0.6778 -0.7352 0.0096
vn 0.3575 -0.2965 0.8856
vn 0.3301 -0.2594 0.9076
vn 0.3598 -0.3084 0.8806
vn 0.2715 -0.2233 0.9362
vn 0.2073 -0.1631 0.9646
vn 0.3087 -0.2918 0.9053
vn 0.3264 -0.2997 0.8965
vn 0.3405 -0.2544 0.9052
vn 0.3751 -0.2941 0.8791
vn 0.3516 -0.3143 0.8818
vn 0.3521 -0.3149 0.8814
vn 0.3316 -0.2821 0.9003
vn -0.1953 -0.2657 0.9441
vn -0.2094 -0.2139 0.9542
vn -0.6953 -0.7096 0.1139
vn -0.6733 -0.7319 0.1051
vn -0.6752 -0.6915 0.2570
vn -0.6603 -0.7028 0.2648
vn -0.6238 -0.6087 0.4903
vn -0.6043 -0.6404 0.4739
vn -0.4837 -0.5629 0.6702
vn -0.4639 -0.4634 0.7550
vn -0.4093 -0.4633 0.7860
vn 0.9322 0.2825 0.2262
vn 0.5169 -0.1170 0.8480
vn 0.5322 -0.0383 0.8457
vn 0.9042 0.2714 0.3297
vn 0.9019 0.2972 0.3135
vn 0.8038 0.5946 0.0199
vn 0.4223 -0.1886 0.8866
vn 0.8661 0.2206 0.4486
vn 0.9674 0.2530 0.0114
vn 0.4059 -0.1861 0.8947
vn 0.9477 0.3137 0.0581
vn 0.9294 0.3688 0.0174
vn 0.3119 -0.2912 0.9044
vn 0.8028 0.2531 0.5399
vn 0.9473 0.3007 0.1102
vn 0.9468 0.3010 0.1141
vn 0.7541 0.1195 0.6457
vn 0.9254 0.3442 0.1588
vn 0.6621 0.1060 0.7419
vn 0.6370 0.0233 0.7705
vn 0.3521 0.3104 -0.8830
vn 0.3167 0.3164 -0.8942
vn 0.6540 0.7465 -0.1228
vn 0.7379 0.6534 -0.1692
vn 0.7022 0.5902 -0.3983
vn 0.6238 0.6415 -0.4465
vn 0.6014 0.5176 -0.6086
vn 0.4941 0.5166 -0.6992
vn 0.4997 0.4055 -0.7654
vn 0.0092 -0.0127 0.9999
vn 0.0336 -0.0255 0.9991
vn 0.0345 -0.0306 0.9989
vn 0.0330 -0.0296 0.9990
vn 0.7609 0.6216 0.1861
vn 0.6724 0.7364 0.0750
vn 0.7682 0.6399 0.0215
vn 0.1253 0.1215 0.9846
vn 0.1408 0.1188 0.9829
vn 0.3094 0.1990 0.9299
vn 0.3805 0.4081 0.8299
vn 0.4059 0.4045 0.8195
vn 0.6365 0.5166 0.5726
vn 0.6001 0.6876 0.4089
vn 0.6963 0.6310 0.3421
vt 0.787500 0.300000
vt 0.837500 0.300000
vt 0.837500 0.700000
usemtl material_0
f 3277/19/5817 3276/20/5817 3264/21/5817
f 3278/19/5818 3268/20/5818 3295/21/5818
f 3273/19/5819 3268/20/5819 3278/21/5819
f 3265/19/5820 3277/20/5820 3264/21/5820
f 3265/19/5821 3279/20/5821 3277/21/5821
f 3281/19/5822 3280/20/5822 3257/21/5822
f 3280/19/5823 3254/20/5823 3257/21/5823
f 3281/19/5824 3257/20/5824 3258/21/5824
f 3273/19/5825 3278/20/5825 3282/21/5825
f 3262/19/5826 3279/20/5826 3265/21/5826
f 3283/19/5827 3254/20/5827 3280/21/5827
f 3283/19/5828 3253/20/5828 3254/21/5828
f 3284/19/5829 3281/20/5829 3258/21/5829
f 3272/19/5830 3273/20/5830 3282/21/5830
f 3266/19/5831 3284/20/5831 3258/21/5831
f 3262/19/5832 3285/20/5832 3279/21/5832
f 3272/19/5833 3282/20/5833 3286/21/5833
f 3287/19/5834 3253/20/5834 3283/21/5834
f 3261/19/5835 3253/20/5835 3287/21/5835
f 3270/19/5836 3272/20/5836 3286/21/5836
f 3271/19/5837 3285/20/5837 3262/21/5837
f 3288/19/5838 3261/20/5838 3287/21/5838
f 3288/19/5839 3260/20/5839 3261/21/5839
f 3270/19/5840 3286/20/5840 3289/21/5840
f 3290/19/5841 3284/20/5841 3266/21/5841
f 3259/19/5842 3260/20/5842 3288/21/5842
f 3269/19/5843 3270/20/5843 3289/21/5843
f 3274/19/5844 3291/20/5844 3285/21/5844
f 3274/19/5845 3285/20/5845 3271/21/5845
f 3292/19/5846 3259/20/5846 3288/21/5846
f 3267/19/5847 3290/20/5847 3266/21/5847
f 3269/19/5848 3289/20/5848 3293/21/5848
f 3256/19/5849 3259/20/5849 3292/21/5849
f 3275/19/5850 3269/20/5850 3293/21/5850
f 3275/19/5851 3291/20/5851 3274/21/5851
f 3275/19/5852 3293/20/5852 3291/21/5852
f 3294/19/5853 3256/20/5853 3292/21/5853
f 3255/19/5854 3294/20/5854 3295/21/5854
f 3255/19/5855 3256/20/5855 3294/21/5855
f 3296/19/5856 3290/20/5856 3267/21/5856
f 3298/19/5857 3296/20/5857 3267/21/5857
f 3297/19/5858 3296/20/5858 3298/21/5858
f 3268/19/5859 3255/20/5859 3295/21/5859
f 3297/19/5860 3298/20/5860 3263/21/5860
f 3299/19/5861 3297/20/5861 3263/21/5861
f 3276/19/5862 3299/20/5862 3263/21/5862
f 3264/19/5863 3276/20/5863 3263/21/5863
f 3493/19/5864 3295/20/5864 3300/21/5864
f 3278/19/5865 3295/20/5865 3493/21/5865
f 3306/19/5866 3302/20/5866 3301/21/5866
f 3306/19/5867 3305/20/5867 3302/21/5867
f 3301/19/5868 3493/20/5868 3306/21/5868
f 3306/19/5869 3493/20/5869 3303/21/5869
f 3300/19/5870 3304/20/5870 3303/21/5870
f 3300/19/5871 3319/20/5871 3304/21/5871
f 3303/19/5872 3304/20/5872 3305/21/5872
f 3303/19/5873 3305/20/5873 3306/21/5873
f 3303/19/5874 3493/20/5874 3300/21/5874
f 3321/19/5875 3304/20/5875 3319/21/5875
f 3308/19/5876 3304/20/5876 3321/21/5876
f 3305/19/5877 3307/20/5877 3302/21/5877
f 3309/19/5878 3307/20/5878 3308/21/5878
f 3305/19/5879 3304/20/5879 3308/21/5879
f 3307/19/5880 3305/20/5880 3308/21/5880
f 3315/19/5881 3313/20/5881 3314/21/5881
f 3316/19/5882 3315/20/5882 3314/21/5882
f 3323/19/5883 3322/20/5883 3320/21/5883
f 3316/19/5884 3321/20/5884 3319/21/5884
f 3318/19/5885 3322/20/5885 3323/21/5885
f 3320/19/5886 3322/20/5886 3310/21/5886
f 3325/19/5887 3310/20/5887 3322/21/5887
f 3317/19/5888 3318/20/5888 3323/21/5888
f 3310/19/5889 3325/20/5889 3312/21/5889
f 3325/19/5890 3311/20/5890 3312/21/5890
f 3329/19/5891 3324/20/5891 3317/21/5891
f 3331/19/5892 3330/20/5892 3328/21/5892
f 3329/19/5893 3326/20/5893 3331/21/5893
f 3472/19/5894 3334/20/5894 3332/21/5894
f 3333/19/5895 3334/20/5895 3472/21/5895
f 3472/19/5896 3332/20/5896 3337/21/5896
f 3333/19/5897 3335/20/5897 3334/21/5897
f 3333/19/5898 3336/20/5898 3335/21/5898
f 3389/19/5899 3336/20/5899 3333/21/5899
f 3389/19/5900 3338/20/5900 3336/21/5900
f 3327/19/5901 3338/20/5901 3389/21/5901
f 3367/19/5902 3344/20/5902 3345/21/5902
f 3346/19/5903 3347/20/5903 3367/21/5903
f 3367/19/5904 3347/20/5904 3344/21/5904
f 3356/19/5905 3347/20/5905 3346/21/5905
f 3348/19/5906 3349/20/5906 3350/21/5906
f 3348/19/5906 3351/20/5906 3349/21/5906
f 3348/19/5906 3352/20/5906 3351/21/5906
f 3348/19/5906 3353/20/5906 3352/21/5906
f 3348/19/5906 3345/20/5906 3353/21/5906
f 3354/19/5907 3345/20/5908 3348/21/5907
f 3354/19/5909 3367/20/5909 3345/21/5909
f 3363/19/5910 3361/20/5910 3364/21/5910
f 3366/19/5911 3367/20/5911 3354/21/5911
f 3346/19/5912 3367/20/5912 3355/21/5912
f 3372/19/5913 3373/20/5913 3490/21/5913
f 3373/19/5914 3374/20/5914 3490/21/5914
f 3490/19/5915 3374/20/5915 3375/21/5915
f 3385/19/5916 3302/20/5916 3307/21/5916
f 3376/19/5917 3462/20/5917 3377/21/5917
f 3380/19/5918 3379/20/5918 3378/21/5918
f 3382/19/5919 3381/20/5919 3380/21/5919
f 3302/19/5920 3385/20/5920 3384/21/5920
f 3386/19/5921 3384/20/5921 3385/21/5921
f 3492/19/5922 3384/20/5922 3386/21/5922
f 3324/19/5923 3318/20/5923 3317/21/5923
f 3324/19/5924 3390/20/5924 3318/21/5924
f 3314/19/5925 3321/20/5925 3316/21/5925
f 3325/19/5926 3322/20/5926 3318/21/5926
f 3314/19/5927 3313/20/5927 3311/21/5927
f 3314/19/5928 3311/20/5928 3325/21/5928
f 3318/19/5929 3314/20/5929 3325/21/5929
f 3387/19/5930 3391/20/5930 3390/21/5930
f 3388/19/5931 3321/20/5931 3314/21/5931
f 3395/19/5932 3388/20/5932 3314/21/5932
f 3397/19/5933 3387/20/5933 3389/21/5933
f 3392/19/5934 3389/20/5934 3472/21/5934
f 3390/19/5935 3314/20/5935 3318/21/5935
f 3390/19/5936 3395/20/5936 3314/21/5936
f 3392/19/5937 3397/20/5937 3389/21/5937
f 3398/19/5938 3431/20/5938 3394/21/5938
f 3392/19/5939 3401/20/5939 3397/21/5939
f 3401/19/5940 3394/20/5940 3407/21/5940
f 3392/19/5941 3402/20/5941 3401/21/5941
f 3403/19/5942 3399/20/5942 3398/21/5942
f 3403/19/5943 3398/20/5943 3401/21/5943
f 3405/19/5944 3430/20/5944 3393/21/5944
f 3394/19/5945 3396/20/5945 3407/21/5945
f 3390/19/5946 3406/20/5946 3395/21/5946
f 3396/19/5947 3430/20/5947 3405/21/5947
f 3444/19/5948 3399/20/5948 3403/21/5948
f 3405/19/5949 3393/20/5949 3404/21/5949
f 3404/19/5950 3393/20/5950 3400/21/5950
f 3401/19/5951 3398/20/5951 3394/21/5951
f 3391/19/5952 3406/20/5952 3390/21/5952
f 3407/19/5953 3405/20/5953 3406/21/5953
f 3407/19/5954 3406/20/5954 3391/21/5954
f 3406/19/5955 3404/20/5955 3395/21/5955
f 3411/19/5956 3444/20/5956 3403/21/5956
f 3393/19/5957 3408/20/5957 3409/21/5957
f 3393/19/5958 3409/20/5958 3410/21/5958
f 3393/19/5959 3430/20/5959 3408/21/5959
f 3403/19/5960 3455/20/5960 3411/21/5960
f 3394/19/5961 3431/20/5961 3396/21/5961
f 3387/19/5962 3401/20/5962 3407/21/5962
f 3397/19/5963 3401/20/5963 3387/21/5963
f 3400/19/5964 3393/20/5964 3410/21/5964
f 3402/19/5965 3455/20/5965 3403/21/5965
f 3402/19/5966 3403/20/5966 3401/21/5966
f 3387/19/5967 3407/20/5967 3391/21/5967
f 3407/19/5968 3396/20/5968 3405/21/5968
f 3406/19/5969 3405/20/5969 3404/21/5969
f 3410/19/5970 3420/20/5970 3412/21/5970
f 3388/19/5971 3395/20/5971 3404/21/5971
f 3410/19/5972 3412/20/5972 3413/21/5972
f 3400/19/5973 3410/20/5973 3413/21/5973
f 3413/19/5974 3412/20/5974 3414/21/5974
f 3414/19/5975 3388/20/5975 3400/21/5975
f 3404/19/5976 3400/20/5976 3388/21/5976
f 3388/19/5977 3414/20/5977 3321/21/5977
f 3413/19/5978 3414/20/5978 3400/21/5978
f 3422/19/5979 3425/20/5979 3428/21/5979
f 3418/19/5980 3416/20/5980 3417/21/5980
f 3421/19/5981 3418/20/5981 3422/21/5981
f 3410/19/5982 3409/20/5982 3420/21/5982
f 3418/19/5983 3417/20/5983 3422/21/5983
f 3422/19/5984 3417/20/5984 3425/21/5984
f 3424/19/5985 3425/20/5985 3417/21/5985
f 3417/19/5986 3426/20/5986 3424/21/5986
f 3425/19/5987 3427/20/5987 3428/21/5987
f 3420/19/5988 3409/20/5988 3429/21/5988
f 3412/19/5989 3420/20/5989 3419/21/5989
f 3408/19/5990 3429/20/5990 3409/21/5990
f 3415/19/5991 3425/20/5991 3424/21/5991
f 3427/19/5992 3425/20/5992 3415/21/5992
f 3426/19/5993 3415/20/5993 3424/21/5993
f 3430/19/5994 3415/20/5994 3426/21/5994
f 3420/19/5995 3416/20/5995 3419/21/5995
f 3419/19/5996 3416/20/5996 3423/21/5996
f 3408/19/5997 3426/20/5997 3429/21/5997
f 3417/19/5998 3416/20/5998 3426/21/5998
f 3423/19/5999 3416/20/5999 3418/21/5999
f 3420/19/6000 3429/20/6000 3416/21/6000
f 3408/19/6001 3430/20/6001 3426/21/6001
f 3429/19/6002 3426/20/6002 3416/21/6002
f 3437/19/6003 3432/20/6003 3436/21/6003
f 3436/19/6004 3432/20/6004 3439/21/6004
f 3427/19/6005 3435/20/6005 3428/21/6005
f 3428/19/6006 3435/20/6006 3434/21/6006
f 3436/19/6007 3434/20/6007 3435/21/6007
f 3436/19/6008 3435/20/6008 3437/21/6008
f 3415/19/6009 3437/20/6009 3427/21/6009
f 3427/19/6010 3437/20/6010 3435/21/6010
f 3415/19/6011 3438/20/6011 3437/21/6011
f 3430/19/6012 3438/20/6012 3415/21/6012
f 3430/19/6013 3396/20/6013 3438/21/6013
f 3438/19/6014 3433/20/6014 3437/21/6014
f 3441/19/6015 3436/20/6015 3439/21/6015
f 3438/19/6016 3431/20/6016 3433/21/6016
f 3437/19/6017 3433/20/6017 3432/21/6017
f 3439/19/6018 3432/20/6018 3440/21/6018
f 3432/19/6019 3433/20/6019 3440/21/6019
f 3440/19/6020 3433/20/6020 3399/21/6020
f 3433/19/6021 3398/20/6021 3399/21/6021
f 3433/19/6022 3431/20/6022 3398/21/6022
f 3438/19/6023 3396/20/6023 3431/21/6023
f 3441/19/6024 3434/20/6024 3436/21/6024
f 3439/19/6025 3448/20/6025 3441/21/6025
f 3450/19/6026 3448/20/6026 3439/21/6026
f 3445/19/6027 3449/20/6027 3446/21/6027
f 3444/19/6028 3447/20/6028 3399/21/6028
f 3439/19/6029 3440/20/6029 3450/21/6029
f 3443/19/6030 3451/20/6030 3450/21/6030
f 3440/19/6031 3442/20/6031 3450/21/6031
f 3399/19/6032 3442/20/6032 3440/21/6032
f 3443/19/6033 3446/20/6033 3451/21/6033
f 3445/19/6034 3446/20/6034 3443/21/6034
f 3399/19/6035 3452/20/6035 3442/21/6035
f 3450/19/6036 3442/20/6036 3443/21/6036
f 3399/19/6037 3447/20/6037 3452/21/6037
f 3442/19/6038 3452/20/6038 3443/21/6038
f 3444/19/6039 3449/20/6039 3447/21/6039
f 3447/19/6040 3449/20/6040 3445/21/6040
f 3451/19/6041 3448/20/6041 3450/21/6041
f 3446/19/6042 3449/20/6042 3471/21/6042
f 3451/19/6043 3446/20/6043 3471/21/6043
f 3443/19/6044 3452/20/6044 3445/21/6044
f 3452/19/6045 3447/20/6045 3445/21/6045
f 3449/19/6046 3454/20/6046 3453/21/6046
f 3411/19/6047 3455/20/6047 3454/21/6047
f 3411/19/6048 3454/20/6048 3449/21/6048
f 3444/19/6049 3411/20/6049 3449/21/6049
f 3454/19/6050 3402/20/6050 3456/21/6050
f 3455/19/6051 3402/20/6051 3454/21/6051
f 3449/19/6052 3453/20/6052 3471/21/6052
f 3456/19/6053 3392/20/6053 3472/21/6053
f 3402/19/6054 3392/20/6054 3456/21/6054
f 3453/19/6055 3454/20/6055 3456/21/6055
f 3414/19/6056 3308/20/6056 3321/21/6056
f 3412/19/6057 3308/20/6057 3414/21/6057
f 3419/19/6058 3309/20/6058 3412/21/6058
f 3412/19/6059 3309/20/6059 3308/21/6059
f 3457/19/6060 3374/20/6060 3458/21/6060
f 3385/19/6061 3419/20/6061 3458/21/6061
f 3385/19/6062 3309/20/6062 3419/21/6062
f 3386/19/6063 3372/20/6063 3371/21/6063
f 3457/19/6064 3380/20/6064 3378/21/6064
f 3457/19/6065 3459/20/6065 3380/21/6065
f 3460/19/6066 3422/20/6066 3428/21/6066
f 3462/19/6067 3457/20/6067 3378/21/6067
f 3458/19/6068 3460/20/6068 3461/21/6068
f 3460/19/6069 3421/20/6069 3422/21/6069
f 3383/19/6070 3459/20/6070 3370/21/6070
f 3421/19/6071 3460/20/6071 3458/21/6071
f 3458/19/6072 3418/20/6072 3421/21/6072
f 3458/19/6073 3374/20/6073 3386/21/6073
f 3458/19/6074 3423/20/6074 3418/21/6074
f 3457/19/6075 3462/20/6075 3374/21/6075
f 3374/19/6076 3462/20/6076 3376/21/6076
f 3385/19/6077 3458/20/6077 3386/21/6077
f 3374/19/6078 3376/20/6078 3375/21/6078
f 3458/19/6079 3419/20/6079 3423/21/6079
f 3459/19/6080 3383/20/6080 3382/21/6080
f 3372/19/6081 3374/20/6081 3373/21/6081
f 3386/19/6082 3374/20/6082 3372/21/6082
f 3457/19/6083 3461/20/6083 3459/21/6083
f 3459/19/6084 3382/20/6084 3380/21/6084
f 3457/19/6085 3458/20/6085 3461/21/6085
f 3463/19/6086 3460/20/6086 3465/21/6086
f 3461/19/6087 3460/20/6087 3463/21/6087
f 3459/19/6088 3369/20/6088 3370/21/6088
f 3465/19/6089 3460/20/6089 3434/21/6089
f 3428/19/6090 3434/20/6090 3460/21/6090
f 3459/19/6091 3463/20/6091 3369/21/6091
f 3461/19/6092 3463/20/6092 3459/21/6092
f 3366/19/6093 3469/20/6093 3367/21/6093
f 3448/19/6094 3470/20/6094 3468/21/6094
f 3470/19/6095 3355/20/6095 3469/21/6095
f 3448/19/6096 3451/20/6096 3470/21/6096
f 3368/19/6097 3467/20/6097 3357/21/6097
f 3464/19/6098 3467/20/6098 3368/21/6098
f 3464/19/6099 3466/20/6099 3467/21/6099
f 3357/19/6100 3467/20/6100 3358/21/6100
f 3463/19/6101 3360/20/6101 3369/21/6101
f 3358/19/6102 3467/20/6102 3359/21/6102
f 3463/19/6103 3464/20/6103 3360/21/6103
f 3468/19/6104 3467/20/6104 3466/21/6104
f 3359/19/6105 3467/20/6105 3361/21/6105
f 3465/19/6106 3468/20/6106 3466/21/6106
f 3463/19/6107 3466/20/6107 3464/21/6107
f 3465/19/6108 3434/20/6108 3468/21/6108
f 3361/19/6109 3467/20/6109 3364/21/6109
f 3441/19/6110 3468/20/6110 3434/21/6110
f 3367/19/6111 3469/20/6111 3355/21/6111
f 3467/19/6112 3469/20/6112 3364/21/6112
f 3362/19/6113 3464/20/6113 3368/21/6113
f 3468/19/6114 3469/20/6114 3467/21/6114
f 3360/19/6115 3464/20/6115 3362/21/6115
f 3364/19/6116 3469/20/6116 3365/21/6116
f 3463/19/6117 3465/20/6117 3466/21/6117
f 3365/19/6118 3469/20/6118 3366/21/6118
f 3448/19/6119 3468/20/6119 3441/21/6119
f 3469/19/6120 3468/20/6120 3470/21/6120
f 3451/19/6121 3355/20/6121 3470/21/6121
f 3471/19/6122 3355/20/6122 3451/21/6122
f 3339/19/6123 3344/20/6123 3471/21/6123
f 3356/19/6124 3355/20/6124 3347/21/6124
f 3347/19/6125 3471/20/6125 3344/21/6125
f 3355/19/6126 3471/20/6126 3347/21/6126
f 3453/19/6127 3340/20/6127 3339/21/6127
f 3453/19/6128 3339/20/6128 3471/21/6128
f 3472/19/6129 3337/20/6129 3343/21/6129
f 3472/19/6130 3453/20/6130 3456/21/6130
f 3472/19/6131 3343/20/6131 3342/21/6131
f 3453/19/6132 3472/20/6132 3342/21/6132
f 3453/19/6133 3342/20/6133 3341/21/6133
f 3453/19/6134 3341/20/6134 3340/21/6134
f 3324/19/6135 3387/20/6135 3390/21/6135
f 3389/19/6136 3387/20/6136 3324/21/6136
f 3324/19/6137 3329/20/6137 3331/21/6137
f 3324/19/6138 3331/20/6138 3328/21/6138
f 3389/19/6139 3324/20/6139 3328/21/6139
f 3389/19/6140 3328/20/6140 3327/21/6140
f 3472/19/6141 3389/20/6141 3333/21/6141
f 3475/19/6142 3313/20/6142 3476/21/6142
f 3475/19/6143 3311/20/6143 3313/21/6143
f 3475/19/6144 3312/20/6144 3311/21/6144
f 3317/19/6145 3323/20/6145 3473/21/6145
f 3478/19/6146 3473/20/6146 3474/21/6146
f 3478/19/6147 3317/20/6147 3473/21/6147
f 3477/19/6148 3312/20/6148 3475/21/6148
f 3477/19/6149 3475/20/6149 3479/21/6149
f 3477/19/6150 3310/20/6150 3312/21/6150
f 3479/19/6151 3310/20/6151 3477/21/6151
f 3319/19/6152 3300/20/6152 3480/21/6152
f 3479/19/6153 3320/20/6153 3310/21/6153
f 3480/19/6154 3316/20/6154 3319/21/6154
f 3473/19/6155 3320/20/6155 3479/21/6155
f 3480/19/6156 3315/20/6156 3316/21/6156
f 3473/19/6157 3479/20/6157 3474/21/6157
f 3473/19/6158 3323/20/6158 3320/21/6158
f 3476/19/6159 3315/20/6159 3480/21/6159
f 3476/19/6160 3313/20/6160 3315/21/6160
f 3302/19/6161 3384/20/6161 3301/21/6161
f 3481/19/6162 3383/20/6162 3370/21/6162
f 3482/19/6163 3383/20/6163 3481/21/6163
f 3482/19/6164 3382/20/6164 3383/21/6164
f 3484/19/6165 3482/20/6165 3483/21/6165
f 3484/19/6166 3381/20/6166 3382/21/6166
f 3484/19/6167 3382/20/6167 3482/21/6167
f 3484/19/6168 3380/20/6168 3381/21/6168
f 3484/19/6169 3379/20/6169 3380/21/6169
f 3485/19/6170 3484/20/6170 3483/21/6170
f 3485/19/6171 3379/20/6171 3484/21/6171
f 3485/19/6172 3378/20/6172 3379/21/6172
f 3486/19/6173 3378/20/6173 3485/21/6173
f 3486/19/6174 3462/20/6174 3378/21/6174
f 3487/19/6175 3462/20/6175 3486/21/6175
f 3487/19/6176 3377/20/6176 3462/21/6176
f 3487/19/6177 3376/20/6177 3377/21/6177
f 3375/19/6178 3487/20/6178 3488/21/6178
f 3375/19/6179 3376/20/6179 3487/21/6179
f 3490/19/6180 3488/20/6180 3489/21/6180
f 3490/19/6181 3375/20/6181 3488/21/6181
f 3372/19/6182 3490/20/6182 3489/21/6182
f 3371/19/6183 3372/20/6183 3489/21/6183
f 3371/19/6184 3489/20/6184 3491/21/6184
f 3386/19/6185 3371/20/6185 3491/21/6185
f 3492/19/6186 3386/20/6186 3491/21/6186
f 3492/19/6187 3491/20/6187 3493/21/6187
f 3301/19/6188 3492/20/6188 3493/21/6188
f 3384/19/6189 3492/20/6189 3301/21/6189
f 3485/19/6190 3293/20/6190 3486/21/6190
f 3485/19/6191 3291/20/6191 3293/21/6191
f 3483/19/6192 3291/20/6192 3485/21/6192
f 3493/19/6193 3282/20/6193 3278/21/6193
f 3491/19/6194 3282/20/6194 3493/21/6194
f 3483/19/6195 3285/20/6195 3291/21/6195
f 3482/19/6196 3285/20/6196 3483/21/6196
f 3489/19/6197 3282/20/6197 3491/21/6197
f 3489/19/6198 3286/20/6198 3282/21/6198
f 3481/19/6199 3285/20/6199 3482/21/6199
f 3488/19/6200 3286/20/6200 3489/21/6200
f 3488/19/6201 3289/20/6201 3286/21/6201
f 3487/19/6202 3289/20/6202 3488/21/6202
f 3487/19/6203 3293/20/6203 3289/21/6203
f 3486/19/6204 3293/20/6204 3487/21/6204
f 3345/19/6205 3495/20/6206 3352/21/6205
f 3354/19/6207 3352/20/6207 3495/21/6207
f 3370/19/6208 3369/20/6208 3481/21/6208
f 3354/19/6209 3495/20/6209 3494/21/6209
f 3366/19/6210 3494/20/6210 3496/21/6210
f 3366/19/6211 3354/20/6211 3494/21/6211
f 3496/19/6212 3365/20/6212 3366/21/6212
f 3497/19/6213 3365/20/6213 3496/21/6213
f 3497/19/6214 3364/20/6214 3365/21/6214
f 3497/19/6215 3363/20/6215 3364/21/6215
f 3363/19/6216 3497/20/6216 3498/21/6216
f 3499/19/6217 3498/20/6217 3500/21/6217
f 3499/19/6218 3363/20/6218 3498/21/6218
f 3499/19/6219 3361/20/6219 3363/21/6219
f 3499/19/6220 3359/20/6220 3361/21/6220
f 3501/19/6221 3500/20/6221 3502/21/6221
f 3501/19/6222 3499/20/6222 3500/21/6222
f 3358/19/6223 3359/20/6223 3499/21/6223
f 3358/19/6224 3499/20/6224 3501/21/6224
f 3357/19/6225 3358/20/6225 3501/21/6225
f 3504/19/6226 3501/20/6226 3502/21/6226
f 3368/19/6227 3501/20/6227 3504/21/6227
f 3368/19/6228 3357/20/6228 3501/21/6228
f 3504/19/6229 3502/20/6229 3503/21/6229
f 3368/19/6230 3504/20/6230 3362/21/6230
f 3505/19/6231 3504/20/6231 3503/21/6231
f 3505/19/6232 3360/20/6232 3504/21/6232
f 3360/19/6233 3505/20/6233 3369/21/6233
f 3505/19/6234 3481/20/6234 3369/21/6234
f 3505/19/6235 3503/20/6235 3481/21/6235
f 3504/19/6236 3360/20/6236 3362/21/6236
f 3279/19/6237 3285/20/6237 3481/21/6237
f 3503/19/6238 3279/20/6238 3481/21/6238
f 3507/19/6239 3339/20/6239 3340/21/6239
f 3507/19/6240 3340/20/6240 3506/21/6240
f 3507/19/6241 3344/20/6241 3339/21/6241
f 3507/19/6242 3506/20/6242 3494/21/6242
f 3507/19/6243 3494/20/6243 3495/21/6243
f 3508/19/6244 3343/20/6244 3337/21/6244
f 3508/19/6245 3342/20/6245 3343/21/6245
f 3495/19/6246 3345/20/6246 3344/21/6246
f 3495/19/6247 3344/20/6247 3507/21/6247
f 3506/19/6248 3341/20/6248 3342/21/6248
f 3506/19/6249 3342/20/6249 3508/21/6249
f 3340/19/6250 3341/20/6250 3506/21/6250
f 3494/19/6251 3297/20/6251 3496/21/6251
f 3494/19/6252 3296/20/6252 3297/21/6252
f 3502/19/6253 3277/20/6253 3279/21/6253
f 3502/19/6254 3279/20/6254 3503/21/6254
f 3502/19/6255 3276/20/6255 3277/21/6255
f 3500/19/6256 3276/20/6256 3502/21/6256
f 3498/19/6257 3299/20/6257 3276/21/6257
f 3498/19/6258 3276/20/6258 3500/21/6258
f 3497/19/6259 3299/20/6259 3498/21/6259
f 3497/19/6260 3297/20/6260 3299/21/6260
f 3496/19/6261 3297/20/6261 3497/21/6261
f 3510/19/6262 3328/20/6262 3330/21/6262
f 3511/19/6263 3334/20/6263 3335/21/6263
f 3511/19/6264 3335/20/6264 3514/21/6264
f 3509/19/6265 3327/20/6265 3328/21/6265
f 3509/19/6266 3328/20/6266 3510/21/6266
f 3478/19/6267 3474/20/6267 3513/21/6267
f 3511/19/6268 3332/20/6268 3334/21/6268
f 3509/19/6269 3338/20/6269 3327/21/6269
f 3478/19/6270 3329/20/6270 3317/21/6270
f 3508/19/6271 3332/20/6271 3511/21/6271
f 3513/19/6272 3329/20/6272 3478/21/6272
f 3326/19/6273 3329/20/6273 3513/21/6273
f 3508/19/6274 3337/20/6274 3332/21/6274
f 3512/19/6275 3338/20/6275 3509/21/6275
f 3513/19/6276 3331/20/6276 3326/21/6276
f 3513/19/6277 3330/20/6277 3331/21/6277
f 3512/19/6278 3336/20/6278 3338/21/6278
f 3510/19/6279 3330/20/6279 3513/21/6279
f 3514/19/6280 3336/20/6280 3512/21/6280
f 3514/19/6281 3335/20/6281 3336/21/6281
f 3300/19/6282 3294/20/6282 3480/21/6282
f 3300/19/6283 3295/20/6283 3294/21/6283
f 3474/19/6284 3288/20/6284 3287/21/6284
f 3479/19/6285 3288/20/6285 3474/21/6285
f 3475/19/6286 3288/20/6286 3479/21/6286
f 3475/19/6287 3292/20/6287 3288/21/6287
f 3476/19/6288 3292/20/6288 3475/21/6288
f 3476/19/6289 3294/20/6289 3292/21/6289
f 3480/19/6290 3294/20/6290 3476/21/6290
f 3494/19/6291 3290/20/6291 3296/21/6291
f 3506/19/6292 3290/20/6292 3494/21/6292
f 3284/19/6293 3290/20/6293 3506/21/6293
f 3508/19/6294 3284/20/6294 3506/21/6294
f 3513/19/6295 3283/20/6295 3510/21/6295
f 3513/19/6296 3287/20/6296 3283/21/6296
f 3474/19/6297 3287/20/6297 3513/21/6297
f 3508/19/6298 3281/20/6298 3284/21/6298
f 3511/19/6299 3281/20/6299 3508/21/6299
f 3514/19/6300 3281/20/6300 3511/21/6300
f 3514/19/6301 3280/20/6301 3281/21/6301
f 3512/19/6302 3280/20/6302 3514/21/6302
f 3509/19/6303 3280/20/6303 3512/21/6303
f 3509/19/6304 3283/20/6304 3280/21/6304
f 3510/19/6305 3283/20/6305 3509/21/6305
o node4
v -0.013294 0.041951 0.078200
v -0.013611 0.041949 0.078200
v -0.013503 0.041881 0.073257
v -0.013581 0.041852 0.078800
v -0.013308 0.041941 0.068869
v 0.042366 -0.011882 0.089580
v -0.013489 0.041881 0.084215
v -0.013230 0.041967 0.078800
v -0.013448 0.041894 0.084765
v -0.013349 0.041926 0.085646
v -0.012954 0.042051 0.087310
v -0.012347 0.042233 0.088795
v -0.011897 0.042363 0.064147
v -0.011025 0.042615 0.063037
v -0.009865 0.042883 0.062117
v -0.011553 0.042458 0.090059
v 0.042232 -0.012351 0.088769
v 0.042272 -0.012211 0.064688
v -0.010729 0.042675 0.091035
v -0.007631 0.043339 0.061094
v -0.009654 0.042930 0.091997
v -0.008116 0.043248 0.093021
v -0.004868 0.043738 0.060567
v -0.006513 0.043517 0.093806
v 0.042114 -0.012743 0.087896
v -0.005304 0.043707 0.094295
v -0.001363 0.043997 0.060441
v 0.041977 -0.013190 0.078800
v 0.042092 -0.012824 0.066128
v 0.041946 -0.013284 0.068518
v 0.041951 -0.013288 0.078200
v 0.041871 -0.013519 0.074222
v -0.000420 0.044001 0.094300
v 0.001760 0.043969 0.060555
v 0.004140 0.043848 0.094300
v 0.005532 0.043664 0.060550
v 0.010062 0.042856 0.060550
v 0.041949 -0.013611 0.078200
v 0.009792 0.042926 0.094300
v 0.041996 -0.013128 0.086714
v 0.014418 0.041583 0.060550
v 0.014499 0.041558 0.094300
v 0.018046 0.040146 0.060550
v 0.018188 0.040080 0.094300
v 0.041913 -0.013390 0.085324
v 0.022209 0.038010 0.060550
v 0.022328 0.037942 0.094300
v 0.041851 -0.013584 0.078801
v 0.026522 0.035139 0.060550
v 0.026685 0.035015 0.094300
v 0.029600 0.032562 0.060550
v 0.030662 0.031591 0.094300
v 0.032451 0.029753 0.060550
v 0.034204 0.027717 0.094300
v 0.035836 0.025572 0.060550
v 0.041878 -0.013499 0.083950
v 0.041883 -0.013482 0.084346
v 0.037259 0.023450 0.094300
v 0.038632 0.021113 0.060550
v 0.043984 -0.001545 0.060439
v 0.042856 0.010062 0.060550
v 0.041583 0.014418 0.060550
v 0.039821 0.018778 0.094300
v 0.042926 0.009792 0.094300
v 0.040389 0.017470 0.060550
v 0.041558 0.014499 0.094300
v 0.043664 0.005532 0.060550
v 0.043848 0.004140 0.094300
v 0.043975 0.001635 0.060556
v 0.044001 -0.000420 0.094300
v 0.043789 -0.004354 0.060523
v 0.043712 -0.005233 0.094302
v 0.043559 -0.006221 0.060775
v 0.043532 -0.006413 0.093852
v 0.043289 -0.007899 0.061195
v 0.043287 -0.007901 0.093139
v 0.042934 -0.009634 0.061985
v 0.043052 -0.009090 0.092409
v 0.042612 -0.011002 0.063023
v 0.042824 -0.010111 0.091626
v 0.042452 -0.011600 0.063721
v 0.042611 -0.010978 0.090757
v 0.042486 -0.011446 0.090195
v 0.045476 0.044146 0.070959
v 0.047282 0.042333 0.070984
v 0.048640 0.040648 0.070890
v 0.029364 0.071651 0.074567
v 0.048129 0.000433 0.061298
v 0.044213 0.009123 0.061677
v 0.044966 0.000327 0.060648
v 0.047250 -0.001515 0.060914
v 0.046311 -0.003030 0.060678
v 0.047254 0.003785 0.061554
v 0.045507 -0.004470 0.060597
v 0.045048 0.003702 0.061007
v 0.045026 0.002429 0.060846
v 0.044942 -0.005902 0.060669
v 0.049247 0.002053 0.061827
v 0.044429 -0.007053 0.060844
v 0.044038 -0.008145 0.061130
v 0.043562 -0.009122 0.061546
v 0.043164 -0.010035 0.062088
v 0.071872 0.045631 0.076064
v 0.065675 0.054186 0.076720
v 0.076394 0.042620 0.077391
v 0.072158 0.050667 0.080443
v 0.068233 0.044724 0.074409
v 0.070976 0.044713 0.075350
v 0.077479 0.044095 0.080591
v 0.080749 0.039683 0.080676
v 0.061711 0.047745 0.073330
v 0.067842 0.052992 0.077460
v 0.077031 0.042952 0.078262
v 0.063504 0.053708 0.075444
v 0.054474 0.055696 0.073294
v 0.062791 0.052898 0.074902
v 0.077741 0.042962 0.079241
v 0.071319 0.051096 0.079481
v 0.071752 0.051937 0.084198
v 0.060035 0.052048 0.073841
v 0.050588 0.038491 0.068931
v 0.071052 0.052403 0.081737
v 0.056798 0.053183 0.073277
v 0.069735 0.052012 0.078405
v 0.080125 0.038711 0.078260
v 0.069353 0.039987 0.073709
v 0.050977 0.037793 0.068874
v 0.079581 0.038432 0.077486
v 0.074871 0.048057 0.083162
v 0.079160 0.037737 0.076821
v 0.077841 0.037024 0.075818
v 0.076415 0.036037 0.074986
v 0.078538 0.037747 0.076413
v 0.052254 0.032829 0.068199
v 0.052775 0.028253 0.067451
v 0.058258 0.025307 0.068275
v 0.075325 0.047255 0.081747
v 0.069136 0.050339 0.076739
v 0.032187 0.031789 0.063426
v 0.050271 0.034763 0.068134
v 0.065447 0.058953 0.084200
v 0.060409 0.063982 0.083316
v 0.063057 0.061180 0.082048
v 0.034627 0.029110 0.063396
v 0.064100 0.060251 0.083099
v 0.035899 0.027496 0.063332
v 0.041361 0.028538 0.064796
v 0.060572 0.063430 0.081150
v 0.060396 0.063313 0.080403
v 0.037414 0.025342 0.063220
v 0.064394 0.059527 0.081062
v 0.060949 0.062269 0.079525
v 0.063507 0.059348 0.079052
v 0.060348 0.062159 0.078612
v 0.064193 0.059224 0.079930
v 0.067618 0.056508 0.083112
v 0.038095 0.024213 0.063123
v 0.060827 0.060618 0.077619
v 0.071543 0.048759 0.077479
v 0.064361 0.049779 0.074518
v 0.078592 0.043362 0.084198
v 0.067604 0.056294 0.081730
v 0.060991 0.059112 0.076716
v 0.073034 0.048151 0.078419
v 0.065565 0.056418 0.078204
v 0.059570 0.059512 0.076168
v 0.067428 0.056049 0.080474
v 0.050369 0.014209 0.064245
v 0.043109 0.013577 0.062258
v 0.058928 0.058963 0.075620
v 0.041097 0.034803 0.066036
v 0.049013 0.033416 0.067553
v 0.067265 0.055664 0.079473
v 0.048372 0.032853 0.067311
v 0.043549 0.031702 0.065955
v 0.064866 0.056225 0.077451
v 0.075606 0.045884 0.079496
v 0.044289 0.031046 0.065986
v 0.058747 0.057211 0.074890
v 0.066925 0.055507 0.078802
v 0.038734 0.023167 0.063053
v 0.039376 0.022050 0.062976
v 0.040091 0.020857 0.062942
v 0.040635 0.019750 0.062845
v 0.041092 0.018644 0.062705
v 0.041987 0.016700 0.062571
v 0.042706 0.014529 0.062295
v 0.055525 0.011618 0.065215
v 0.043674 0.011515 0.061997
v 0.073447 0.045235 0.076767
v 0.044747 0.045096 0.068978
v 0.064799 0.053694 0.076005
v 0.049108 0.040364 0.068964
v 0.046952 0.042859 0.068980
v 0.079151 0.042255 0.081788
v 0.080982 0.039872 0.082509
v 0.081098 0.039867 0.084200
v 0.048017 0.041692 0.068978
v 0.046035 0.043794 0.068980
v 0.049528 0.039688 0.068976
v 0.046346 0.043086 0.069197
v 0.046527 0.043010 0.069059
v 0.047165 0.042238 0.069105
v 0.046991 0.042629 0.069006
v 0.045625 0.043863 0.069169
v 0.044600 0.044965 0.069084
v 0.045990 0.043598 0.069053
v 0.049895 0.039235 0.068969
v 0.047546 0.041824 0.069103
v 0.047912 0.041590 0.069004
v 0.048130 0.041124 0.069121
v 0.048476 0.040747 0.069100
v 0.048612 0.040817 0.068982
v 0.048915 0.040391 0.069004
v 0.049206 0.039824 0.069130
v 0.049742 0.039192 0.069094
v 0.062380 0.018167 0.068443
v 0.061972 0.017141 0.068425
v 0.062425 0.016812 0.069408
v 0.061120 0.017632 0.067808
v 0.060758 0.016502 0.067654
v 0.060659 0.015470 0.067854
v 0.059223 0.015482 0.066921
v 0.060159 0.015227 0.067475
v 0.060346 0.014331 0.068319
v 0.059888 0.013400 0.068752
v 0.057922 0.012882 0.066321
v 0.059220 0.014297 0.066972
v 0.059774 0.014070 0.067605
v 0.057684 0.013225 0.066178
v 0.058877 0.012091 0.068254
v 0.058796 0.012316 0.067588
v 0.058563 0.012570 0.066969
v 0.056589 0.010837 0.065697
v 0.081183 0.039409 0.082760
v 0.057655 0.010450 0.067645
v 0.057559 0.010583 0.067087
v 0.057793 0.012110 0.066373
v 0.057691 0.011230 0.066665
v 0.055390 0.009176 0.065095
v 0.080411 0.036150 0.082119
v 0.056925 0.010516 0.066101
v 0.080892 0.037342 0.082166
v 0.079813 0.035070 0.081870
v 0.055678 0.010548 0.065189
v 0.056214 0.008453 0.066899
v 0.056483 0.009253 0.066323
v 0.054356 0.007665 0.064567
v 0.053714 0.007693 0.064182
v 0.055501 0.008092 0.065623
v 0.053920 0.008727 0.064327
v 0.055241 0.008230 0.065220
v 0.051641 0.005997 0.063182
v 0.051418 0.004276 0.062945
v 0.054511 0.006778 0.065013
v 0.054822 0.006707 0.065638
v 0.053986 0.005120 0.065736
v 0.053743 0.005704 0.064546
v 0.052287 0.004816 0.063434
v 0.052993 0.005091 0.063940
v 0.053287 0.004315 0.064798
v 0.052848 0.004182 0.064108
v 0.052262 0.003818 0.063559
v 0.052344 0.002456 0.064751
v 0.051143 0.002490 0.062826
v 0.052239 0.002573 0.064204
v 0.051645 0.001998 0.063516
v 0.049281 0.001109 0.061754
v 0.050742 0.000895 0.062793
v 0.081138 0.038963 0.081720
v 0.080941 0.039244 0.080685
v 0.081006 0.037963 0.081364
v 0.079139 0.034408 0.079173
v 0.079209 0.035752 0.077039
v 0.078445 0.036708 0.076064
v 0.079326 0.034854 0.078642
v 0.078759 0.034033 0.078507
v 0.078531 0.034106 0.077444
v 0.078871 0.034848 0.077185
v 0.078317 0.033595 0.077947
v 0.077441 0.035568 0.075303
v 0.078057 0.034941 0.075783
v 0.078570 0.034906 0.076513
v 0.077471 0.033385 0.075985
v 0.077520 0.033889 0.075633
v 0.077725 0.033008 0.077363
v 0.076702 0.033534 0.074881
v 0.076004 0.034659 0.074569
v 0.051386 0.000791 0.064242
v 0.077263 0.032800 0.076399
v 0.081307 0.038945 0.084198
v 0.076867 0.032152 0.076731
v 0.075774 0.032104 0.074589
v 0.080428 0.039269 0.079222
v 0.074174 0.032925 0.073727
v 0.075656 0.030933 0.075968
v 0.075433 0.032337 0.074192
v 0.080945 0.038561 0.080413
v 0.075906 0.031711 0.075150
v 0.074531 0.030496 0.074259
v 0.074731 0.030294 0.074881
v 0.080620 0.038673 0.079202
v 0.080674 0.037896 0.079471
v 0.073922 0.030466 0.073606
v 0.080406 0.037139 0.078994
v 0.074076 0.029347 0.075173
v 0.073962 0.030899 0.073512
v 0.080142 0.037584 0.078051
v 0.071161 0.028816 0.072287
v 0.073850 0.031468 0.073435
v 0.073466 0.029582 0.073638
v 0.073041 0.028622 0.074012
v 0.079855 0.038124 0.077655
v 0.080373 0.036455 0.080059
v 0.072045 0.028563 0.072781
v 0.072144 0.028366 0.072963
v 0.079861 0.036416 0.078003
v 0.079561 0.036958 0.077156
v 0.071912 0.027605 0.073308
v 0.079556 0.035493 0.078193
v 0.070527 0.026276 0.072582
v 0.071374 0.028320 0.072378
v 0.069559 0.026294 0.071616
v 0.070895 0.026041 0.073814
v 0.069944 0.025872 0.072136
v 0.070952 0.026440 0.073107
v 0.078869 0.036278 0.076375
v 0.070037 0.026331 0.071962
v 0.069284 0.026542 0.071459
v 0.077889 0.035312 0.075560
v 0.068280 0.023989 0.071476
v 0.069098 0.024125 0.073010
v 0.069003 0.024372 0.072246
v 0.067882 0.026006 0.070933
v 0.067123 0.024301 0.070514
v 0.067982 0.024116 0.071070
v 0.067406 0.022598 0.071584
v 0.076510 0.034116 0.074700
v 0.067075 0.022630 0.070982
v 0.066363 0.021124 0.071769
v 0.067262 0.023847 0.070603
v 0.065803 0.021609 0.070157
v 0.065264 0.022344 0.069688
v 0.066026 0.022264 0.070110
v 0.065535 0.020812 0.070370
v 0.065674 0.020580 0.070940
v 0.061811 0.019468 0.068231
v 0.075272 0.032933 0.074079
v 0.065159 0.021489 0.069680
v 0.064342 0.019677 0.069658
v 0.063787 0.020144 0.069040
v 0.063005 0.019782 0.068674
v 0.072659 0.029759 0.072924
v 0.064045 0.018803 0.070041
v 0.063279 0.018631 0.069059
v 0.064025 0.018447 0.070697
v 0.062816 0.017596 0.069199
v 0.061213 0.015632 0.068481
v 0.079520 0.034781 0.080149
v 0.042848 -0.013480 0.069031
v 0.044900 -0.012390 0.078199
v 0.045590 -0.011328 0.078200
v 0.046362 -0.009712 0.078200
v 0.045082 -0.012107 0.073657
v 0.042346 -0.013576 0.072411
v 0.043978 -0.013269 0.075866
v 0.043392 -0.013498 0.072729
v 0.043769 -0.013349 0.073160
v 0.045606 -0.011280 0.074247
v 0.042884 -0.013597 0.072471
v 0.044638 -0.012545 0.069068
v 0.044256 -0.013005 0.072870
v 0.044631 -0.012654 0.073032
v 0.042786 -0.013694 0.076398
v 0.042944 -0.013699 0.078200
v 0.043417 -0.013557 0.075820
v 0.042867 -0.013655 0.074430
v 0.042355 -0.013647 0.074863
v 0.043670 -0.013467 0.078200
v 0.046191 -0.010138 0.074527
v 0.044234 -0.013088 0.078200
v 0.044405 -0.012919 0.076036
v 0.048841 -0.004148 0.078200
v 0.050987 0.000343 0.078200
v 0.048749 -0.004340 0.069453
v 0.050019 -0.001644 0.072256
v 0.052876 0.003697 0.069367
v 0.052005 0.002171 0.069402
v 0.054584 0.006599 0.076442
v 0.061223 0.015422 0.070223
v 0.061693 0.015990 0.070402
v 0.060646 0.014748 0.070090
v 0.061167 0.015019 0.069378
v 0.059334 0.013115 0.069844
v 0.052594 0.003305 0.074167
v 0.058373 0.011902 0.069988
v 0.057767 0.011098 0.070194
v 0.057292 0.010474 0.070452
v 0.056819 0.009794 0.070730
v 0.056449 0.009190 0.069048
v 0.057537 0.010518 0.068340
v 0.056653 0.009579 0.070953
v 0.054494 0.006443 0.077435
v 0.053216 0.004398 0.078200
v 0.055607 0.008040 0.070072
v 0.056144 0.008865 0.071539
v 0.055881 0.008513 0.072004
v 0.055615 0.008101 0.072417
v 0.050855 0.000007 0.069468
v 0.051178 0.000696 0.074532
v 0.054145 0.005666 0.067926
v 0.054476 0.006387 0.071918
v 0.055317 0.007672 0.073095
v 0.055042 0.007262 0.073903
v 0.049509 -0.002742 0.063675
v 0.048507 -0.004802 0.064168
v 0.053797 0.005309 0.072202
v 0.050453 -0.000904 0.063751
v 0.054845 0.006977 0.074766
v 0.054677 0.006720 0.075632
v 0.047211 -0.007712 0.067028
v 0.063807 0.018537 0.071411
v 0.065542 0.020525 0.072199
v 0.067250 0.022443 0.072987
v 0.072245 0.027816 0.075374
v 0.071323 0.026803 0.074774
v 0.073806 0.029385 0.076237
v 0.077086 0.032644 0.080691
v 0.076148 0.031806 0.084200
v 0.074896 0.030559 0.078810
v 0.073256 0.028908 0.076546
v 0.076223 0.031758 0.078142
v 0.074912 0.030603 0.082446
v 0.073791 0.029459 0.077522
v 0.074541 0.030227 0.079829
v 0.079942 0.035196 0.084200
v 0.072844 0.028460 0.075970
v 0.074615 0.030308 0.080346
v 0.047186 -0.007616 0.065468
v 0.046004 -0.009678 0.064904
v 0.045273 -0.010710 0.064648
v 0.047089 -0.007558 0.064393
v 0.045881 -0.010312 0.066327
v 0.045235 -0.011336 0.066267
v 0.042751 -0.013175 0.066491
v 0.044690 -0.011759 0.065399
v 0.042405 -0.013416 0.068219
v 0.042719 -0.013432 0.067946
v 0.044007 -0.012827 0.066816
v 0.043647 -0.013221 0.067861
v 0.043996 -0.013075 0.068419
v 0.043271 -0.013392 0.068112
v 0.043508 -0.013343 0.068940
v 0.045132 -0.011901 0.068527
v 0.046040 -0.010284 0.067881
v 0.045506 -0.011376 0.069475
v 0.046268 -0.009941 0.069750
v 0.049787 0.000660 0.062021
v 0.048290 -0.001161 0.061290
v 0.050791 -0.000094 0.063549
v 0.050402 -0.000330 0.062884
v 0.049398 -0.000676 0.061901
v 0.047153 -0.002811 0.060920
v 0.049528 -0.001221 0.062174
v 0.048154 -0.002828 0.061480
v 0.046119 -0.004447 0.060719
v 0.046714 -0.004325 0.060945
v 0.049522 -0.001914 0.062525
v 0.047060 -0.004870 0.061339
v 0.045388 -0.006055 0.060776
v 0.049585 -0.002297 0.063020
v 0.045513 -0.006729 0.061037
v 0.048513 -0.003920 0.062451
v 0.045892 -0.007162 0.061517
v 0.044692 -0.007800 0.061108
v 0.045061 -0.008016 0.061365
v 0.044209 -0.009058 0.061535
v 0.043179 -0.010534 0.062412
v 0.045365 -0.008511 0.061920
v 0.044686 -0.009207 0.061860
v 0.045842 -0.008360 0.062384
v 0.043072 -0.011505 0.063285
v 0.043816 -0.009931 0.061978
v 0.048099 -0.005101 0.062969
v 0.042789 -0.012149 0.064170
v 0.044307 -0.010008 0.062220
v 0.044636 -0.010680 0.063249
v 0.044211 -0.010612 0.062730
v 0.043418 -0.010710 0.062507
v 0.045169 -0.009725 0.062863
v 0.045759 -0.009287 0.063346
v 0.042587 -0.012787 0.065438
v 0.046716 -0.007837 0.063511
v 0.043646 -0.011388 0.063221
v 0.043916 -0.011609 0.063713
v 0.043313 -0.012046 0.063986
v 0.044396 -0.011548 0.064233
v 0.043465 -0.012388 0.064657
v 0.043056 -0.012545 0.064802
v 0.044019 -0.012168 0.064857
v 0.043655 -0.012674 0.065523
v 0.043099 -0.012862 0.065537
v 0.043506 -0.013004 0.066354
v 0.044342 -0.012366 0.066146
v 0.042334 -0.013116 0.066700
v 0.043098 -0.013289 0.067028
v 0.048648 -0.002946 0.061959
v 0.044616 -0.012427 0.067620
v 0.047681 -0.004863 0.061960
v 0.043755 -0.010678 0.062541
v 0.046780 -0.006446 0.061999
v 0.047221 -0.006328 0.062568
v 0.048389 -0.004836 0.063480
v 0.081160 0.038032 0.084200
v 0.080567 0.036348 0.084200
v 0.042662 -0.013327 0.078800
v 0.043289 -0.013271 0.078200
v 0.043732 -0.013002 0.078800
v 0.044298 -0.012577 0.078200
v 0.044927 -0.011683 0.078800
v 0.045560 -0.010695 0.078200
v 0.045962 -0.009676 0.078800
v 0.050452 0.000241 0.078800
v 0.048720 -0.003576 0.078200
v 0.051412 0.001920 0.078200
v 0.054254 0.006839 0.078800
v 0.054309 0.006801 0.078200
v 0.054512 0.006516 0.078200
v 0.055048 0.008643 0.072683
v 0.062703 0.017442 0.071041
v 0.061385 0.017028 0.070673
v 0.054730 0.008197 0.073437
v 0.055305 0.007850 0.073176
v 0.054507 0.007749 0.074383
v 0.060115 0.014379 0.070114
v 0.059728 0.013850 0.070053
v 0.054219 0.007338 0.075826
v 0.054629 0.006868 0.075991
v 0.054563 0.006773 0.076512
v 0.054066 0.007151 0.077103
v 0.058432 0.012213 0.070102
v 0.054006 0.007066 0.078468
v 0.056975 0.011367 0.070455
v 0.057506 0.010946 0.070430
v 0.055675 0.009474 0.071673
v 0.056158 0.009100 0.071586
v 0.063130 0.019163 0.071486
v 0.063782 0.018680 0.071529
v 0.066550 0.023035 0.073046
v 0.067110 0.022470 0.073056
v 0.068992 0.024543 0.073905
v 0.068530 0.025065 0.073927
v 0.070641 0.027424 0.074859
v 0.071859 0.028647 0.075750
v 0.072207 0.027990 0.075596
v 0.074252 0.031161 0.084793
v 0.074565 0.030743 0.084200
v 0.074545 0.030814 0.084800
v 0.071598 0.027312 0.075116
v 0.074645 0.030609 0.082693
v 0.074229 0.031111 0.083332
v 0.074563 0.030509 0.081713
v 0.074500 0.030434 0.081140
v 0.074027 0.030839 0.080946
v 0.074115 0.029993 0.079068
v 0.073695 0.029639 0.077981
v 0.073530 0.029413 0.077510
v 0.073028 0.029873 0.077469
v 0.073121 0.029064 0.076841
v 0.072345 0.029161 0.076321
v 0.072756 0.028587 0.076207
v 0.080459 0.036946 0.084200
v 0.080779 0.039772 0.084200
v 0.030761 0.074581 0.084200
v 0.030624 0.074907 0.084200
v 0.032257 0.076113 0.084200
v 0.035196 0.079942 0.084200
v 0.035429 0.079683 0.084200
v 0.036354 0.080570 0.084200
v 0.036989 0.080478 0.084200
v 0.038028 0.081161 0.084200
v 0.080951 0.038812 0.084200
v 0.038860 0.080953 0.084200
v 0.039570 0.081261 0.084200
v 0.039793 0.080766 0.084200
v 0.048976 0.073766 0.084200
v 0.051583 0.072043 0.084200
v 0.056352 0.067389 0.084200
v 0.058398 0.065958 0.084200
v 0.062746 0.061225 0.084200
v 0.068142 0.055509 0.084200
v 0.073766 0.048976 0.084200
v 0.074967 0.030663 0.084200
v 0.076158 0.032301 0.084200
v 0.079683 0.035429 0.084200
v 0.080437 0.037025 0.084800
v 0.079659 0.035512 0.084800
v 0.080901 0.038889 0.084800
v 0.080755 0.039672 0.084800
v 0.077223 0.044502 0.084800
v 0.070951 0.052274 0.084800
v 0.062846 0.061055 0.084800
v 0.074590 0.030769 0.084200
v 0.054721 0.008546 0.091386
v 0.054446 0.008097 0.090045
v 0.064775 0.021241 0.072125
v 0.054211 0.007790 0.089071
v 0.054075 0.007572 0.087943
v 0.063108 0.019316 0.071382
v 0.072059 0.029099 0.093707
v 0.071953 0.029006 0.094763
v 0.053984 0.007441 0.087180
v 0.073211 0.030284 0.092250
v 0.053914 0.007333 0.086324
v 0.074054 0.031159 0.091939
v 0.053832 0.007217 0.085261
v 0.061425 0.017331 0.070582
v 0.053788 0.007143 0.084137
v 0.053743 0.007084 0.083096
v 0.070645 0.027633 0.094331
v 0.073928 0.031010 0.089863
v 0.069785 0.026707 0.094377
v 0.059510 0.014961 0.069968
v 0.058892 0.014199 0.069859
v 0.068337 0.025156 0.094364
v 0.058182 0.013282 0.069875
v 0.074251 0.031319 0.085522
v 0.066945 0.023640 0.094360
v 0.074265 0.031340 0.084778
v 0.074252 0.031330 0.083758
v 0.053810 0.007174 0.076813
v 0.074207 0.031274 0.082956
v 0.074096 0.031149 0.081671
v 0.063389 0.019647 0.094376
v 0.053903 0.007325 0.075723
v 0.073482 0.030542 0.078603
v 0.061513 0.017456 0.094423
v 0.073174 0.030227 0.077764
v 0.056060 0.010437 0.070795
v 0.072808 0.029865 0.076975
v 0.055707 0.009943 0.071145
v 0.054584 0.008335 0.073041
v 0.060166 0.015812 0.094414
v 0.055384 0.009491 0.071535
v 0.054786 0.008631 0.072568
v 0.072057 0.029087 0.075896
v 0.059153 0.014547 0.094432
v 0.070971 0.027963 0.074923
v 0.057461 0.012324 0.094381
v 0.056702 0.011310 0.094202
v 0.056079 0.010466 0.093838
v 0.068308 0.025142 0.073704
v 0.055664 0.009854 0.093288
v 0.055019 0.008979 0.092227
v 0.071096 0.027901 0.075121
v 0.071441 0.028307 0.075368
v 0.071644 0.028626 0.075493
v 0.072460 0.029475 0.076452
v 0.072725 0.029609 0.076912
v 0.073745 0.030522 0.079416
v 0.073318 0.030214 0.078175
v 0.070534 0.027493 0.074699
v 0.074160 0.031011 0.082150
v 0.074168 0.031242 0.082331
v 0.074244 0.031148 0.084005
v 0.066864 0.023456 0.073156
v 0.069047 0.025743 0.074150
v 0.067295 0.024012 0.073296
v 0.062311 0.018348 0.071047
v 0.062770 0.018881 0.071266
v 0.067598 0.024218 0.073499
v 0.068480 0.025208 0.073878
v 0.064558 0.020898 0.072109
v 0.064923 0.021213 0.072310
v 0.069062 0.025930 0.074067
v 0.065676 0.022220 0.072571
v 0.065714 0.022116 0.072661
v 0.066161 0.022641 0.072859
v 0.061825 0.017722 0.070846
v 0.066469 0.023137 0.072886
v 0.057659 0.012578 0.069994
v 0.054268 0.007539 0.075161
v 0.059272 0.014406 0.070060
v 0.057600 0.012264 0.070184
v 0.054105 0.007444 0.075536
v 0.054021 0.007328 0.076073
v 0.058984 0.014185 0.069985
v 0.057284 0.012073 0.070122
v 0.057019 0.011611 0.070327
v 0.056790 0.011441 0.070272
v 0.058440 0.013474 0.069990
v 0.058156 0.013051 0.070043
v 0.056086 0.010223 0.071079
v 0.055763 0.009823 0.071371
v 0.055418 0.009392 0.071763
v 0.055289 0.009063 0.072148
v 0.055052 0.008994 0.072118
v 0.054916 0.008663 0.072644
v 0.054331 0.007923 0.073960
v 0.054580 0.008232 0.073359
v 0.054140 0.007663 0.074589
v 0.054493 0.007967 0.073944
v 0.054312 0.007710 0.074602
v 0.061009 0.016799 0.070438
v 0.060859 0.016480 0.070444
v 0.060449 0.016131 0.070207
v 0.060439 0.015878 0.070311
v 0.059978 0.015552 0.070064
v 0.059860 0.015163 0.070157
v 0.053730 0.007054 0.078544
v 0.073170 0.028946 0.076683
v 0.074308 0.029992 0.078954
v 0.074770 0.030615 0.083360
v 0.074368 0.030245 0.080113
v 0.074963 0.030654 0.083392
v 0.074771 0.030480 0.081506
v 0.074698 0.030534 0.082161
v 0.074814 0.030584 0.082784
v 0.071220 0.026874 0.074877
v 0.069173 0.024536 0.073845
v 0.065436 0.020567 0.072285
v 0.054500 0.006635 0.077480
v 0.061327 0.015749 0.070417
v 0.059901 0.013866 0.069955
v 0.057849 0.011448 0.070275
v 0.056655 0.009851 0.071021
v 0.059413 0.013430 0.070025
v 0.058753 0.012416 0.069936
v 0.058864 0.012774 0.070047
v 0.058077 0.011602 0.070149
v 0.055528 0.008198 0.072644
v 0.055052 0.007428 0.073961
v 0.054730 0.006918 0.075420
v 0.057139 0.010483 0.070636
v 0.055769 0.008706 0.072105
v 0.054755 0.007102 0.075094
v 0.045785 0.043582 0.070688
v 0.050456 0.035320 0.068481
v 0.050769 0.036184 0.070017
v 0.050697 0.035739 0.068608
v 0.050888 0.036240 0.068704
v 0.050909 0.036683 0.068876
v 0.050807 0.037059 0.070270
v 0.050482 0.037942 0.070408
v 0.050533 0.038040 0.069074
v 0.049003 0.039945 0.070595
v 0.049843 0.034560 0.069552
v 0.048426 0.033126 0.067553
v 0.046455 0.031246 0.066680
v 0.046318 0.031077 0.067957
v 0.046762 0.031490 0.066882
v 0.044278 0.030858 0.067467
v 0.044621 0.031076 0.066270
v 0.045144 0.030951 0.066357
v 0.045794 0.030980 0.066502
v 0.031548 0.043286 0.067510
v 0.032741 0.042390 0.067521
v 0.033997 0.041889 0.066221
v 0.033895 0.041432 0.067593
v 0.034772 0.041236 0.066171
v 0.034994 0.040513 0.067605
v 0.035760 0.040382 0.066215
v 0.035712 0.039849 0.067653
v 0.036553 0.039663 0.066241
v 0.036615 0.039014 0.067669
v 0.038223 0.038059 0.066284
v 0.039712 0.036498 0.066238
v 0.040356 0.035792 0.066244
v 0.041166 0.034265 0.067547
v 0.041211 0.034810 0.066242
v 0.042054 0.033156 0.067545
v 0.050816 0.037548 0.068931
v 0.050583 0.038200 0.068956
v 0.050312 0.038511 0.069016
v 0.050949 0.035785 0.068486
v 0.050890 0.037074 0.068911
v 0.051150 0.036980 0.068762
v 0.049933 0.034613 0.068154
v 0.039607 0.036389 0.066010
v 0.039923 0.036183 0.066093
v 0.040587 0.035460 0.066104
v 0.043598 0.031818 0.066167
v 0.041663 0.034269 0.066222
v 0.041500 0.034323 0.066033
v 0.041912 0.033925 0.066123
v 0.038841 0.037424 0.066226
v 0.038166 0.038007 0.066074
v 0.039263 0.036941 0.066144
v 0.038739 0.037365 0.066039
v 0.048716 0.033313 0.067547
v 0.047348 0.031816 0.066863
v 0.047220 0.031876 0.066962
v 0.047875 0.032496 0.067198
v 0.046384 0.030954 0.066448
v 0.045867 0.030899 0.066366
v 0.044929 0.030846 0.066102
v 0.044034 0.031402 0.066154
v 0.047825 0.041339 0.070639
v 0.050464 0.038180 0.070681
v 0.049588 0.039355 0.070746
v 0.046810 0.042490 0.070700
v 0.048408 0.040737 0.070738
v 0.046285 0.043240 0.070910
v 0.045437 0.044019 0.070812
v 0.050519 0.035547 0.069914
v 0.047417 0.041939 0.070843
v 0.044689 0.044703 0.070681
v 0.049955 0.038755 0.070479
v 0.045419 0.030680 0.067783
v 0.044680 0.030684 0.067625
v 0.043727 0.031131 0.067515
v 0.043279 0.031554 0.067512
v 0.041114 0.034140 0.067698
v 0.042695 0.032334 0.067519
v 0.040526 0.034930 0.067652
v 0.040237 0.034988 0.067795
v 0.041956 0.033005 0.067705
v 0.041605 0.033202 0.067775
v 0.039592 0.035995 0.067659
v 0.040832 0.034095 0.067813
v 0.042628 0.032137 0.067670
v 0.042028 0.047305 0.069206
v 0.043947 0.045551 0.069148
v 0.035542 0.050585 0.068585
v 0.037874 0.050522 0.070438
v 0.038451 0.050278 0.069104
v 0.038708 0.049988 0.070456
v 0.039302 0.049664 0.069084
v 0.039823 0.049189 0.069175
v 0.039995 0.048954 0.070537
v 0.040948 0.048248 0.069188
v 0.041133 0.048005 0.070644
v 0.048517 0.074090 0.084800
v 0.055923 0.067697 0.084800
v 0.039199 0.049923 0.068966
v 0.040276 0.049200 0.068963
v 0.042887 0.046664 0.069045
v 0.040206 0.049016 0.069023
v 0.039609 0.049602 0.068976
v 0.038347 0.050674 0.068924
v 0.043825 0.046011 0.068977
v 0.043985 0.045667 0.069024
v 0.043527 0.046157 0.069006
v 0.043192 0.046279 0.069130
v 0.042623 0.047109 0.068980
v 0.042288 0.047169 0.069073
v 0.041668 0.047965 0.068977
v 0.041799 0.047611 0.069061
v 0.041251 0.048097 0.069057
v 0.040802 0.048502 0.069037
v 0.053415 0.070009 0.081103
v 0.052306 0.071215 0.082083
v 0.054745 0.064070 0.076121
v 0.055814 0.064277 0.076785
v 0.054368 0.067906 0.078712
v 0.055650 0.060365 0.074935
v 0.045478 0.071001 0.075605
v 0.041710 0.074410 0.075816
v 0.053541 0.069177 0.079468
v 0.051746 0.061622 0.074204
v 0.039661 0.080797 0.080802
v 0.043725 0.065860 0.073549
v 0.045532 0.067914 0.074509
v 0.056321 0.056821 0.074019
v 0.040677 0.073210 0.075032
v 0.050380 0.072982 0.083188
v 0.039392 0.080380 0.079272
v 0.052695 0.065051 0.075709
v 0.051870 0.067905 0.076805
v 0.038984 0.079937 0.078227
v 0.038199 0.070366 0.073644
v 0.038398 0.079721 0.077600
v 0.038211 0.078970 0.076892
v 0.038762 0.072576 0.074379
v 0.037315 0.078578 0.076295
v 0.042042 0.075643 0.076589
v 0.035908 0.077209 0.075261
v 0.050779 0.064997 0.075020
v 0.049364 0.073346 0.080749
v 0.034403 0.075951 0.074507
v 0.032930 0.074285 0.073760
v 0.044826 0.077485 0.084198
v 0.043448 0.078347 0.082274
v 0.049499 0.071210 0.077713
v 0.057820 0.066279 0.082085
v 0.035990 0.051035 0.068540
v 0.037359 0.038731 0.066028
v 0.036751 0.039284 0.066017
v 0.048799 0.073267 0.079529
v 0.035954 0.040050 0.066032
v 0.031157 0.032741 0.063398
v 0.030125 0.033716 0.063396
v 0.048397 0.061577 0.073429
v 0.034832 0.040998 0.065999
v 0.055819 0.068242 0.083103
v 0.027591 0.056524 0.068256
v 0.057224 0.065861 0.079530
v 0.024744 0.045031 0.064884
v 0.048470 0.072963 0.078668
v 0.056158 0.065817 0.078218
v 0.032400 0.054064 0.068548
v 0.056301 0.067425 0.081105
v 0.018258 0.060798 0.067758
v 0.046927 0.071495 0.076422
v 0.055548 0.065599 0.077520
v 0.023851 0.059483 0.068342
v 0.020658 0.040220 0.062947
v 0.012713 0.043350 0.062153
v 0.011871 0.049368 0.063558
v 0.010775 0.043871 0.061911
v 0.008841 0.044300 0.061658
v 0.003649 0.046687 0.061382
v 0.054356 0.068856 0.080242
v 0.001292 0.048716 0.061557
v 0.046207 0.076077 0.081411
v 0.043509 0.077735 0.080100
v 0.044890 0.076398 0.079533
v 0.042548 0.078760 0.081022
v 0.046677 0.072676 0.077027
v 0.044576 0.075609 0.078089
v 0.042091 0.078300 0.079119
v 0.042376 0.077498 0.078306
v 0.041893 0.076990 0.077440
v 0.034773 0.050344 0.068139
v 0.027339 0.035974 0.063311
v 0.032420 0.047930 0.067124
v 0.031277 0.046874 0.066629
v 0.030856 0.045804 0.066312
v 0.030856 0.044885 0.066094
v 0.022809 0.039013 0.063082
v 0.025215 0.037483 0.063212
v 0.026281 0.036743 0.063261
v 0.021798 0.039598 0.063016
v 0.019375 0.040775 0.062782
v 0.018382 0.041298 0.062742
v 0.044161 0.076558 0.078867
v 0.039963 0.080949 0.082743
v 0.036302 0.039817 0.066098
v 0.035377 0.040657 0.066098
v 0.033916 0.041834 0.066022
v 0.031422 0.043780 0.065949
v 0.037521 0.038739 0.066189
v 0.037031 0.039209 0.066189
v 0.034294 0.041574 0.066075
v 0.034557 0.050299 0.069969
v 0.036706 0.051156 0.070611
v 0.039219 0.049863 0.070862
v 0.041757 0.047748 0.070954
v 0.043100 0.046630 0.071016
v 0.043730 0.045638 0.070651
v 0.043867 0.045807 0.070991
v 0.043997 0.045455 0.070809
v 0.035273 0.050732 0.070211
v 0.044506 0.045064 0.070920
v 0.035516 0.050608 0.070077
v 0.039549 0.049418 0.070735
v 0.040333 0.048781 0.070781
v 0.034727 0.050189 0.069884
v 0.034604 0.049874 0.069519
v 0.035524 0.050494 0.069793
v 0.041464 0.047816 0.070814
v 0.036429 0.050963 0.070429
v 0.042187 0.047176 0.070834
v 0.036109 0.050742 0.069998
v 0.042503 0.046790 0.070666
v 0.036519 0.050827 0.070195
v 0.042990 0.046470 0.070869
v 0.037439 0.050805 0.070591
v 0.037179 0.050779 0.070355
v 0.038344 0.050422 0.070764
v 0.033203 0.048493 0.067612
v 0.031080 0.046318 0.067941
v 0.031483 0.046755 0.066881
v 0.030719 0.045456 0.067691
v 0.031009 0.045886 0.066555
v 0.030937 0.045233 0.066378
v 0.030683 0.044697 0.067626
v 0.030834 0.044137 0.067618
v 0.031124 0.043737 0.067516
v 0.030626 0.074702 0.083289
v 0.031097 0.074227 0.083239
v 0.027059 0.071376 0.074962
v 0.027095 0.070348 0.074728
v 0.030814 0.074545 0.084800
v 0.027902 0.071105 0.075127
v 0.028535 0.071753 0.075647
v 0.029013 0.072206 0.076135
v 0.028850 0.073003 0.076553
v 0.029488 0.072693 0.076831
v 0.029220 0.073301 0.077122
v 0.029797 0.072932 0.077286
v 0.030025 0.073233 0.077893
v 0.029675 0.073712 0.078058
v 0.030335 0.073420 0.078479
v 0.030258 0.074358 0.080140
v 0.030534 0.074537 0.081684
v 0.030959 0.074112 0.081694
v 0.031024 0.074177 0.082371
v 0.017446 0.062708 0.071042
v 0.018796 0.063887 0.071573
v 0.021177 0.064928 0.072314
v 0.022763 0.066320 0.072946
v 0.022477 0.067111 0.073060
v 0.024467 0.068996 0.073872
v 0.011595 0.057970 0.070224
v 0.012329 0.058527 0.070084
v 0.013306 0.058405 0.070042
v 0.012805 0.058885 0.070041
v 0.007067 0.054003 0.079027
v 0.006796 0.054316 0.078200
v 0.006823 0.054271 0.078800
v 0.006544 0.054516 0.078200
v 0.014105 0.059025 0.070034
v 0.013646 0.059570 0.070033
v 0.006647 0.054512 0.077289
v 0.015081 0.059790 0.070138
v 0.014375 0.060117 0.070112
v 0.006785 0.054582 0.076379
v 0.007363 0.054187 0.075807
v 0.006896 0.054663 0.075766
v 0.016043 0.060524 0.070329
v 0.015658 0.061257 0.070387
v 0.007510 0.054341 0.075134
v 0.007749 0.054507 0.074384
v 0.007853 0.055307 0.073170
v 0.008197 0.054730 0.073437
v 0.008197 0.055524 0.072649
v 0.008643 0.055048 0.072683
v 0.009188 0.055478 0.071966
v 0.008800 0.055887 0.071951
v 0.009874 0.055844 0.071346
v 0.009175 0.056221 0.071502
v 0.009782 0.056612 0.071067
v 0.010581 0.056436 0.070849
v 0.010468 0.057135 0.070638
v 0.011470 0.057029 0.070424
v 0.011182 0.057674 0.070339
v 0.000727 0.044979 0.060680
v -0.000833 0.044773 0.060552
v -0.002015 0.046861 0.060812
v -0.003159 0.046302 0.060675
v -0.004535 0.045622 0.060607
v 0.004223 0.044962 0.061053
v 0.003468 0.044954 0.060931
v -0.005818 0.044916 0.060660
v 0.002472 0.045025 0.060849
v 0.001675 0.045029 0.060772
v -0.007005 0.044448 0.060835
v -0.000400 0.047232 0.061002
v -0.008386 0.043884 0.061219
v -0.009498 0.043419 0.061742
v -0.010276 0.043127 0.062249
v 0.021537 0.065237 0.069721
v 0.023078 0.065816 0.069939
v 0.020949 0.063783 0.069040
v 0.020857 0.064288 0.069256
v 0.018376 0.063967 0.070670
v 0.019970 0.064056 0.069245
v 0.018766 0.064030 0.070067
v 0.018477 0.063156 0.069014
v 0.018819 0.063789 0.069575
v 0.019243 0.062853 0.068606
v 0.018048 0.061347 0.067921
v 0.017862 0.062104 0.068314
v 0.016980 0.061788 0.068326
v 0.039559 0.081103 0.082281
v 0.017451 0.062596 0.068998
v 0.016784 0.062328 0.069229
v 0.016918 0.061012 0.067766
v 0.015826 0.060717 0.067768
v 0.015295 0.061162 0.068778
v 0.014518 0.058591 0.066615
v 0.015955 0.061257 0.068284
v 0.015013 0.060672 0.068180
v 0.013399 0.059887 0.068754
v 0.014631 0.059460 0.067081
v 0.013874 0.059529 0.067410
v 0.013756 0.059913 0.068139
v 0.013775 0.058588 0.066635
v 0.039134 0.081211 0.082610
v 0.012090 0.058876 0.068254
v 0.012431 0.058109 0.066557
v 0.012825 0.056308 0.065626
v 0.037154 0.080829 0.082071
v 0.012013 0.057430 0.066099
v 0.035838 0.080252 0.082136
v 0.012241 0.058702 0.067473
v 0.011477 0.057866 0.066749
v 0.035109 0.079853 0.082379
v 0.010165 0.055216 0.064967
v 0.010437 0.057646 0.067638
v 0.010222 0.056493 0.065769
v 0.009578 0.055745 0.065296
v 0.010541 0.057493 0.066984
v 0.009670 0.056551 0.066100
v 0.008464 0.056223 0.066897
v 0.010303 0.055813 0.065264
v 0.008216 0.053626 0.064161
v 0.008745 0.056209 0.066336
v 0.008058 0.055456 0.065582
v 0.008326 0.055179 0.065116
v 0.006813 0.054605 0.065132
v 0.005750 0.052150 0.063360
v 0.007101 0.054421 0.064757
v 0.006091 0.051474 0.063144
v 0.007169 0.055142 0.065816
v 0.006907 0.053659 0.064176
v 0.005792 0.053330 0.064084
v 0.005682 0.054129 0.065214
v 0.005388 0.053581 0.064491
v 0.005013 0.053917 0.065698
v 0.001127 0.049355 0.061785
v 0.001764 0.051377 0.063246
v 0.001042 0.051317 0.063614
v -0.000823 0.050496 0.063769
v 0.001324 0.051665 0.064191
v 0.003992 0.052796 0.064138
v 0.038419 0.081164 0.082333
v 0.004525 0.053408 0.064847
v 0.004156 0.052574 0.063782
v 0.038016 0.080942 0.080814
v 0.002725 0.050632 0.062490
v 0.004068 0.051983 0.063277
v 0.038964 0.081006 0.080762
v 0.003321 0.052687 0.064470
v 0.038943 0.080710 0.079599
v 0.002768 0.052095 0.063772
v 0.037252 0.080631 0.079957
v 0.002327 0.052273 0.064688
v 0.002085 0.051053 0.062806
v 0.038025 0.080674 0.079388
v 0.036058 0.080245 0.080472
v 0.037123 0.080421 0.079102
v 0.038663 0.080380 0.078669
v 0.034998 0.079739 0.081368
v 0.037460 0.080246 0.078344
v 0.038007 0.079918 0.077704
v 0.037401 0.079143 0.076729
v 0.036750 0.078382 0.076019
v 0.034939 0.078584 0.076494
v 0.034087 0.078362 0.076989
v 0.034569 0.078973 0.077934
v 0.032713 0.077031 0.075985
v 0.037138 0.079829 0.077575
v 0.033450 0.077433 0.075855
v 0.033149 0.076789 0.075162
v 0.035393 0.077512 0.075317
v 0.033069 0.077786 0.077410
v 0.035548 0.079800 0.079071
v 0.032274 0.076986 0.076821
v 0.033776 0.076078 0.074480
v 0.031729 0.076447 0.076372
v 0.035670 0.079577 0.077976
v 0.036338 0.079660 0.077563
v 0.031651 0.075557 0.074648
v 0.036629 0.079328 0.076891
v 0.031087 0.075800 0.076087
v 0.030245 0.074652 0.074789
v 0.031896 0.074246 0.073613
v 0.031621 0.074942 0.074022
v 0.031751 0.074615 0.073782
v 0.030199 0.073990 0.073808
v 0.030274 0.074999 0.075646
v 0.028995 0.073175 0.073775
v 0.029573 0.071766 0.072560
v 0.028532 0.073008 0.074092
v 0.030153 0.073194 0.073172
v 0.030178 0.073595 0.073438
v 0.034840 0.078120 0.075885
v 0.028671 0.072526 0.073187
v 0.028049 0.071282 0.072373
v 0.027619 0.071329 0.072556
v 0.035709 0.078423 0.075989
v 0.027571 0.071889 0.073314
v 0.026394 0.070542 0.072490
v 0.034336 0.077074 0.075033
v 0.026558 0.068326 0.071139
v 0.025903 0.070450 0.072904
v 0.024801 0.069722 0.073287
v 0.025533 0.068161 0.070973
v 0.032942 0.076281 0.074698
v 0.026128 0.069686 0.071750
v 0.024924 0.069010 0.071691
v 0.032984 0.075871 0.074381
v 0.026320 0.069285 0.071465
v 0.024808 0.068386 0.071159
v 0.024129 0.068080 0.071165
v 0.024442 0.069111 0.072364
v 0.023724 0.068237 0.071680
v 0.022503 0.066855 0.070786
v 0.022309 0.067134 0.071444
v 0.022753 0.066513 0.070337
v 0.023443 0.066669 0.070321
v 0.020531 0.065494 0.070617
v 0.020518 0.065141 0.070073
v 0.021040 0.065251 0.069886
v 0.029304 0.072081 0.072671
v 0.034855 0.079594 0.080592
v 0.034686 0.079422 0.079920
v 0.034408 0.079139 0.079167
v 0.034158 0.078887 0.078703
v 0.033829 0.078554 0.078231
v 0.033431 0.078150 0.077774
v 0.030444 0.074749 0.081056
v 0.030548 0.074856 0.081893
v 0.028862 0.073217 0.076482
v 0.031807 0.076148 0.084200
v 0.032644 0.077086 0.080691
v 0.029944 0.074258 0.078807
v 0.030800 0.075169 0.078106
v 0.030592 0.074896 0.082425
v 0.029311 0.074039 0.075184
v 0.027756 0.072197 0.075320
v 0.029407 0.073740 0.077373
v 0.029905 0.074381 0.076307
v 0.030384 0.074701 0.080385
v 0.028236 0.072643 0.075725
v 0.015024 0.061169 0.069386
v 0.015990 0.061694 0.070399
v 0.018537 0.063807 0.071411
v 0.020873 0.066138 0.071677
v 0.020525 0.065542 0.072199
v 0.022439 0.067246 0.072985
v 0.026791 0.071322 0.074758
v 0.024534 0.069172 0.073840
v -0.004020 0.048881 0.063910
v 0.006728 0.054683 0.075603
v 0.004893 0.053653 0.068001
v 0.004848 0.053525 0.071295
v 0.002607 0.052310 0.067227
v 0.015414 0.061215 0.070221
v 0.014801 0.060702 0.070085
v 0.013704 0.059791 0.069915
v 0.013259 0.059443 0.069873
v 0.001189 0.051466 0.069476
v 0.003323 0.052609 0.073339
v 0.010821 0.057662 0.068913
v 0.011208 0.057851 0.070138
v 0.005244 0.053731 0.078200
v 0.006439 0.054494 0.077304
v 0.010412 0.057255 0.070452
v 0.008375 0.055837 0.069937
v 0.009690 0.056733 0.070869
v 0.006935 0.055013 0.067601
v 0.008160 0.055654 0.072347
v 0.006338 0.054445 0.071952
v 0.007663 0.055310 0.073110
v 0.001826 0.051768 0.078199
v -0.001300 0.050188 0.071607
v -0.004662 0.048604 0.071082
v -0.006612 0.047692 0.065799
v -0.008914 0.046704 0.068371
v 0.006955 0.054829 0.074818
v -0.004298 0.048775 0.078200
v -0.000751 0.050447 0.078200
v -0.009338 0.046535 0.078200
v -0.011080 0.045196 0.065304
v -0.009577 0.046075 0.064920
v -0.013219 0.042770 0.066666
v -0.012258 0.044408 0.065984
v -0.011495 0.045225 0.066832
v -0.009882 0.046111 0.066245
v -0.013367 0.042535 0.067612
v -0.012096 0.044757 0.066803
v -0.013461 0.042521 0.068807
v -0.012710 0.044324 0.067619
v -0.013435 0.042771 0.067968
v -0.013423 0.043253 0.068486
v -0.013282 0.043209 0.067114
v -0.013050 0.043790 0.067219
v -0.011484 0.045369 0.068044
v -0.012240 0.044890 0.068749
v -0.013178 0.043857 0.068625
v -0.012874 0.044297 0.069027
v -0.009257 0.046524 0.067610
v -0.011031 0.045704 0.069170
v -0.001199 0.047925 0.061133
v 0.000415 0.049772 0.062024
v -0.001697 0.048935 0.061764
v -0.000525 0.049982 0.062396
v -0.002224 0.048127 0.061326
v -0.002329 0.048944 0.061996
v -0.003865 0.047694 0.061466
v -0.003848 0.046765 0.060873
v -0.005505 0.045650 0.060741
v -0.001830 0.049684 0.062744
v -0.003640 0.048653 0.062434
v -0.005996 0.046548 0.061445
v -0.000600 0.050456 0.063215
v -0.007464 0.044729 0.060986
v -0.005869 0.046042 0.061020
v -0.007505 0.045497 0.061384
v -0.007639 0.045057 0.061174
v -0.007919 0.045975 0.062150
v -0.009299 0.044861 0.062051
v -0.008751 0.044140 0.061380
v -0.009323 0.044322 0.061726
v -0.009879 0.043792 0.061933
v -0.009934 0.044261 0.062134
v -0.004143 0.048652 0.063037
v -0.009440 0.045353 0.062808
v -0.010835 0.043331 0.062615
v -0.006081 0.047836 0.064104
v -0.010773 0.043930 0.062686
v -0.011592 0.043015 0.063397
v -0.010707 0.044491 0.063115
v -0.011493 0.043872 0.063502
v -0.010431 0.045042 0.063588
v -0.011899 0.042715 0.063872
v -0.012242 0.042911 0.064287
v -0.011357 0.043426 0.063125
v -0.012120 0.043291 0.064090
v -0.012184 0.043674 0.064433
v -0.011490 0.044499 0.064307
v -0.012492 0.042533 0.064902
v -0.012558 0.043262 0.064887
v -0.012809 0.043623 0.065860
v -0.012205 0.044030 0.064943
v -0.012870 0.042411 0.065840
v -0.012975 0.043228 0.065927
v -0.012827 0.042871 0.065406
v -0.004701 0.047724 0.061901
v -0.005332 0.047623 0.062261
v -0.007669 0.046563 0.062861
v -0.007534 0.046910 0.063571
v -0.009716 0.045716 0.063964
v -0.013596 0.043034 0.072960
v -0.011995 0.045181 0.078199
v -0.010959 0.045789 0.078199
v -0.013599 0.042540 0.072483
v -0.012785 0.044519 0.073818
v -0.012218 0.044993 0.073202
v -0.013699 0.042908 0.078200
v -0.013504 0.043545 0.075713
v -0.013159 0.044127 0.075639
v -0.013436 0.043562 0.072748
v -0.013662 0.042997 0.075787
v -0.013219 0.043968 0.072975
v -0.013521 0.043548 0.078200
v -0.011381 0.045541 0.073392
v -0.010367 0.046082 0.073112
v -0.013237 0.044039 0.078200
v -0.013672 0.042466 0.075348
v -0.012715 0.044619 0.078200
v -0.013231 0.043242 0.078800
v -0.013253 0.043335 0.078200
v -0.012448 0.044365 0.078800
v -0.012519 0.044353 0.078200
v -0.010616 0.045596 0.078200
v -0.010401 0.045634 0.078800
v -0.002497 0.049154 0.078800
v -0.001356 0.049755 0.078200
v 0.003888 0.052431 0.078800
v 0.004239 0.052705 0.078200
v 0.035535 0.079690 0.084800
v 0.037752 0.080704 0.084800
v 0.039522 0.080853 0.084800
v 0.030769 0.074590 0.084200
v 0.029717 0.072658 0.093124
v 0.030119 0.073047 0.092564
v 0.030189 0.073102 0.093763
v 0.011645 0.056937 0.070184
v 0.030783 0.073683 0.092811
v 0.030520 0.073436 0.091760
v 0.031160 0.074054 0.091939
v 0.010417 0.056047 0.093797
v 0.031522 0.074380 0.090731
v 0.014452 0.059109 0.069921
v 0.014961 0.059510 0.069968
v 0.015552 0.059978 0.070064
v 0.031661 0.074527 0.090022
v 0.016131 0.060449 0.070207
v 0.031100 0.074042 0.088973
v 0.012341 0.057460 0.094420
v 0.016780 0.060972 0.070388
v 0.031842 0.074707 0.088724
v 0.031188 0.074126 0.088199
v 0.017331 0.061425 0.070582
v 0.031916 0.074784 0.087909
v 0.031284 0.074208 0.087206
v 0.014142 0.058845 0.094402
v 0.031278 0.074226 0.086247
v 0.016365 0.060623 0.094395
v 0.031333 0.074262 0.084573
v 0.032023 0.074902 0.085105
v 0.031330 0.074252 0.083757
v 0.017879 0.061873 0.094409
v 0.031907 0.074793 0.081986
v 0.031274 0.074207 0.082956
v 0.019529 0.063278 0.094401
v 0.031133 0.074055 0.081148
v 0.023623 0.066859 0.094800
v 0.007338 0.053917 0.075689
v 0.031543 0.074425 0.079585
v 0.021800 0.065273 0.094378
v 0.007599 0.054087 0.074743
v 0.007962 0.054326 0.073764
v 0.031095 0.073980 0.077999
v 0.023495 0.066794 0.094398
v 0.008886 0.054943 0.071959
v 0.027281 0.070334 0.074617
v 0.027911 0.070924 0.074902
v 0.030334 0.073286 0.078063
v 0.029961 0.072903 0.077146
v 0.030706 0.073595 0.077025
v 0.025196 0.068397 0.094323
v 0.028573 0.071563 0.075390
v 0.030254 0.073165 0.076178
v 0.029094 0.072038 0.074742
v 0.029643 0.072570 0.075318
v 0.027619 0.070634 0.094331
v 0.010349 0.055997 0.070842
v 0.029006 0.071953 0.094763
v 0.028440 0.071421 0.094079
v 0.029099 0.072059 0.093707
v 0.031396 0.074157 0.078755
v 0.030577 0.073277 0.076566
v 0.030100 0.072727 0.075723
v 0.029448 0.072016 0.074895
v 0.032190 0.074796 0.084799
v 0.029933 0.072431 0.075402
v 0.030416 0.072928 0.076099
v 0.030953 0.073465 0.077077
v 0.031075 0.073638 0.077450
v 0.031416 0.073934 0.078299
v 0.031921 0.074507 0.080707
v 0.032021 0.074605 0.081418
v 0.032125 0.074717 0.082542
v 0.032182 0.074780 0.083857
v 0.031685 0.074262 0.079447
v 0.031777 0.074376 0.079937
v 0.028367 0.071467 0.075380
v 0.029040 0.072032 0.075891
v 0.029450 0.072412 0.076355
v 0.029465 0.072531 0.076594
v 0.030702 0.073636 0.079120
v 0.030103 0.073129 0.077723
v 0.030950 0.074019 0.081116
v 0.031208 0.074149 0.082162
v 0.031145 0.074241 0.083901
v 0.031132 0.074262 0.084778
v 0.027443 0.070658 0.074867
v 0.022103 0.065707 0.072658
v 0.018214 0.062285 0.071080
v 0.017722 0.061825 0.070846
v 0.022232 0.065682 0.072569
v 0.023048 0.066469 0.072971
v 0.019062 0.063084 0.071470
v 0.023450 0.066859 0.073154
v 0.024249 0.067596 0.073488
v 0.021501 0.065065 0.072320
v 0.024944 0.068298 0.073824
v 0.026720 0.069912 0.074519
v 0.012578 0.057659 0.069994
v 0.007651 0.054250 0.074789
v 0.012676 0.057906 0.070104
v 0.007457 0.054099 0.075463
v 0.012014 0.057304 0.070196
v 0.007328 0.054019 0.076074
v 0.012086 0.057514 0.070236
v 0.011422 0.056872 0.070397
v 0.010248 0.056062 0.071044
v 0.009788 0.055621 0.071318
v 0.009467 0.055507 0.071693
v 0.009120 0.055137 0.071946
v 0.009069 0.055242 0.072136
v 0.008724 0.054897 0.072532
v 0.008419 0.054699 0.073010
v 0.007927 0.054360 0.073974
v 0.007860 0.054426 0.074192
v 0.016850 0.061203 0.070592
v 0.007108 0.054050 0.077424
v 0.013917 0.058697 0.069903
v 0.013245 0.058174 0.069920
v 0.030291 0.074583 0.080252
v 0.030466 0.074639 0.081494
v 0.030614 0.074900 0.083029
v 0.030557 0.074705 0.082404
v 0.027916 0.072168 0.075533
v 0.029428 0.073673 0.077559
v 0.028376 0.072630 0.075987
v 0.029992 0.074089 0.079043
v 0.029123 0.073430 0.076937
v 0.020567 0.065436 0.072285
v 0.012512 0.058836 0.069922
v 0.012110 0.058535 0.069935
v 0.011650 0.058183 0.070029
v 0.008878 0.056156 0.071506
v 0.007955 0.055517 0.072641
v 0.007247 0.055032 0.073953
v 0.007464 0.055040 0.073963
v 0.014119 0.060106 0.069990
v 0.007106 0.054791 0.074979
v 0.006608 0.054591 0.076369
v 0.008484 0.055883 0.071914
v 0.037993 0.050558 0.069070
v 0.037515 0.050953 0.068863
v 0.038362 0.050491 0.068970
v 0.037183 0.050861 0.068949
v 0.036094 0.050842 0.068692
v 0.036862 0.051143 0.068739
v 0.036694 0.050920 0.068848
v 0.035076 0.050297 0.068356
v 0.034641 0.049973 0.068156
v 0.031893 0.047240 0.066965
v 0.031804 0.047330 0.066862
v 0.032916 0.048414 0.067341
v 0.033352 0.048736 0.067572
v 0.032581 0.047925 0.067265
v 0.031775 0.043632 0.066161
v 0.031241 0.046448 0.066677
v 0.031112 0.044520 0.066216
v 0.031382 0.044056 0.066225
v 0.031032 0.046431 0.068217
v 0.030471 0.044524 0.067779
v 0.030689 0.045823 0.068019
v 0.030519 0.045289 0.067909
v 0.001827 0.044809 0.060575
v 0.002761 0.044800 0.060595
v 0.006373 0.044349 0.060562
v 0.007871 0.044120 0.060564
v 0.010402 0.043600 0.060567
v 0.015471 0.042093 0.060576
v 0.018259 0.040935 0.060566
v 0.022471 0.038793 0.060571
v 0.023481 0.038179 0.060567
v 0.024696 0.037438 0.060578
v 0.025776 0.036722 0.060585
v 0.026724 0.035983 0.060566
v 0.027525 0.035428 0.060583
v 0.028483 0.034683 0.060593
v 0.029789 0.033507 0.060569
v 0.030627 0.032775 0.060575
v 0.033525 0.029717 0.060560
v 0.036117 0.026533 0.060566
v 0.038353 0.023200 0.060571
v 0.038942 0.022253 0.060580
v 0.039837 0.020572 0.060572
v 0.042410 0.014560 0.060573
v 0.043023 0.012587 0.060569
v 0.043865 0.009196 0.060564
v 0.044433 0.006335 0.060587
v 0.044537 0.005110 0.060570
v 0.044744 0.003627 0.060596
v 0.044807 0.002224 0.060583
v 0.044772 -0.000764 0.060553
v 0.041617 0.016990 0.060660
v 0.014123 0.042706 0.060705
v 0.041198 0.017763 0.060585
v 0.041438 0.017544 0.060752
v 0.040977 0.018560 0.060709
v 0.040740 0.018786 0.060584
v 0.012853 0.043104 0.060704
v 0.040525 0.019346 0.060615
v 0.011875 0.043245 0.060575
v 0.040182 0.020199 0.060687
v 0.039468 0.021479 0.060644
v 0.011596 0.043461 0.060705
v 0.010642 0.043652 0.060640
v 0.039469 0.021605 0.060729
v 0.010092 0.043839 0.060714
v 0.038403 0.023387 0.060673
v 0.037750 0.024458 0.060707
v 0.007571 0.044363 0.060762
v 0.037578 0.024518 0.060588
v 0.005870 0.044600 0.060710
v 0.004774 0.044721 0.060700
v 0.036841 0.025612 0.060587
v 0.036996 0.025585 0.060707
v 0.003474 0.044833 0.060688
v 0.036097 0.026826 0.060691
v 0.044901 0.003773 0.060921
v 0.035348 0.027805 0.060691
v 0.035205 0.027734 0.060568
v 0.044860 0.004320 0.061001
v 0.045005 0.001197 0.060723
v 0.044722 0.004779 0.060703
v 0.034116 0.029309 0.060692
v 0.034507 0.028699 0.060592
v 0.029862 0.033644 0.060717
v 0.030835 0.032771 0.060752
v 0.044599 0.005871 0.060708
v 0.028774 0.034590 0.060741
v 0.029294 0.034052 0.060629
v 0.044394 0.007240 0.060704
v 0.044184 0.007458 0.060562
v 0.044082 0.009024 0.060711
v 0.027458 0.035650 0.060744
v 0.044238 0.007943 0.060655
v 0.025886 0.036792 0.060713
v 0.043532 0.011333 0.060708
v 0.024664 0.037600 0.060682
v 0.023585 0.038290 0.060689
v 0.043283 0.012300 0.060746
v 0.043347 0.011691 0.060605
v 0.022521 0.038926 0.060691
v 0.042897 0.013586 0.060746
v 0.043026 0.012951 0.060644
v 0.021342 0.039588 0.060694
v 0.021308 0.039444 0.060571
v 0.042473 0.014858 0.060746
v 0.042625 0.014214 0.060644
v 0.019900 0.040324 0.060677
v 0.020128 0.040059 0.060570
v 0.042011 0.016117 0.060746
v 0.042188 0.015464 0.060644
v 0.018646 0.040918 0.060676
v 0.041790 0.016350 0.060590
v 0.017573 0.041400 0.060694
v 0.016634 0.041641 0.060574
v 0.016627 0.041772 0.060675
v 0.015770 0.042136 0.060724
v 0.032269 0.031368 0.060745
v 0.032657 0.030743 0.060570
v 0.014475 0.042448 0.060577
v 0.013149 0.042875 0.060575
v 0.007951 0.044239 0.060657
v 0.006665 0.044448 0.060654
v 0.005109 0.044539 0.060571
v 0.015046 0.042394 0.060717
v 0.029130 0.034465 0.063277
v 0.028146 0.035301 0.063302
v 0.043863 0.010457 0.061807
v 0.043487 0.011896 0.061960
v 0.006262 0.044597 0.061160
v 0.044153 0.009055 0.061585
v 0.029940 0.033759 0.063294
v 0.008148 0.044311 0.061446
v 0.044590 0.006273 0.061131
v 0.031774 0.032036 0.063309
v 0.032779 0.031037 0.063337
v 0.010149 0.043904 0.061721
v 0.011535 0.043595 0.061951
v 0.033622 0.030127 0.063340
v 0.012533 0.043298 0.062011
v 0.034353 0.029245 0.063275
v 0.035038 0.028419 0.063252
v 0.035771 0.027489 0.063221
v 0.036456 0.026573 0.063189
v 0.016116 0.042144 0.062470
v 0.037226 0.025465 0.063109
v 0.017231 0.041703 0.062580
v 0.019532 0.040648 0.062729
v 0.039952 0.020930 0.062848
v 0.020892 0.039979 0.062854
v 0.040494 0.019852 0.062756
v 0.022818 0.038904 0.062960
v 0.041475 0.017682 0.062553
v 0.023971 0.038252 0.063109
v 0.041929 0.016576 0.062455
v 0.024852 0.037642 0.063081
v 0.042334 0.015500 0.062347
v 0.025861 0.036956 0.063126
v 0.026940 0.036179 0.063172
v 0.043067 0.013328 0.062110
v 0.004407 0.044824 0.060963
v 0.006270 0.044740 0.061315
v 0.015190 0.042524 0.062408
v 0.013798 0.042921 0.062161
v 0.013984 0.042961 0.062292
v 0.010727 0.043788 0.061811
v 0.008988 0.044160 0.061576
v 0.030993 0.032772 0.063260
v 0.029175 0.034537 0.063381
v 0.021944 0.039418 0.062944
v 0.044711 0.006295 0.061309
v 0.042525 -0.013716 0.078800
v 0.045394 -0.011676 0.078800
v 0.054483 0.006558 0.078801
v 0.053534 0.004918 0.078800
v 0.051460 0.001247 0.078800
v 0.043666 -0.013483 0.078800
v 0.049319 -0.003113 0.078800
v 0.046170 -0.010171 0.078800
v 0.081229 0.038343 0.084800
v 0.081297 0.039024 0.084803
v 0.081099 0.039890 0.084800
v 0.080970 0.037353 0.084801
v 0.080452 0.036124 0.084802
v 0.079978 0.035252 0.084800
v 0.076175 0.046509 0.084800
v 0.074876 0.030603 0.084800
v 0.072252 0.051353 0.084800
v 0.065387 0.059017 0.084800
v 0.058419 0.065946 0.084800
v 0.051374 0.072224 0.084800
v 0.043914 0.078185 0.084801
v 0.039857 0.081117 0.084800
v 0.039254 0.081274 0.084800
v 0.038461 0.081247 0.084800
v 0.037456 0.081003 0.084801
v 0.035336 0.080076 0.084800
v 0.031754 0.076098 0.084800
v 0.030612 0.074842 0.084800
v -0.013716 0.042525 0.078800
v -0.011403 0.045547 0.078800
v 0.006558 0.054483 0.078801
v 0.004918 0.053534 0.078800
v -0.013483 0.043666 0.078800
v 0.001275 0.051475 0.078800
v -0.003114 0.049318 0.078800
v -0.008337 0.046963 0.078801
v 0.029205 0.071649 0.094791
v 0.046800 0.075872 0.087304
v 0.050413 0.072943 0.087346
v 0.050379 0.068600 0.095149
v 0.044820 0.077057 0.089778
v 0.044168 0.069932 0.096298
v 0.044180 0.076412 0.092691
v 0.038926 0.079488 0.093708
v 0.044625 0.076721 0.091414
v 0.042161 0.072836 0.096003
v 0.043242 0.078519 0.088002
v 0.039039 0.080052 0.092860
v 0.039285 0.080313 0.092112
v 0.048536 0.071337 0.094423
v 0.059497 0.064869 0.086384
v 0.039531 0.080583 0.091029
v 0.031866 0.073184 0.096774
v 0.029705 0.070786 0.096796
v 0.042924 0.073584 0.095594
v 0.039805 0.080745 0.089724
v 0.039921 0.080929 0.088039
v 0.049259 0.072058 0.093157
v 0.039949 0.081043 0.086043
v 0.045106 0.063562 0.096782
v 0.062616 0.044914 0.096796
v 0.062281 0.048166 0.096728
v 0.050117 0.062359 0.096605
v 0.060515 0.053575 0.096467
v 0.054949 0.069084 0.086389
v 0.059304 0.064902 0.088186
v 0.054878 0.069005 0.088173
v 0.053523 0.061483 0.096340
v 0.061017 0.055991 0.095986
v 0.033128 0.074186 0.096711
v 0.059270 0.064623 0.089854
v 0.055541 0.062742 0.095622
v 0.054805 0.068776 0.089838
v 0.062742 0.056561 0.095261
v 0.058260 0.061662 0.094982
v 0.049738 0.072511 0.091682
v 0.051135 0.065757 0.095929
v 0.058970 0.064370 0.091466
v 0.055518 0.067568 0.091536
v 0.034717 0.074680 0.096606
v 0.053597 0.069332 0.091422
v 0.062906 0.057983 0.094422
v 0.042641 0.074881 0.095118
v 0.057813 0.063208 0.094305
v 0.061920 0.060438 0.093148
v 0.054690 0.064654 0.095200
v 0.050032 0.072817 0.090110
v 0.056206 0.063606 0.095003
v 0.043288 0.075531 0.094412
v 0.062700 0.060720 0.091393
v 0.043825 0.076055 0.093532
v 0.058601 0.064055 0.092658
v 0.054175 0.068169 0.092656
v 0.054087 0.066705 0.094293
v 0.035091 0.075052 0.096525
v 0.058273 0.063688 0.093499
v 0.052775 0.066769 0.094994
v 0.035187 0.076312 0.096329
v 0.053827 0.067820 0.093499
v 0.052271 0.068271 0.094328
v 0.027702 0.071971 0.093923
v 0.028858 0.072092 0.093558
v 0.030633 0.074750 0.086152
v 0.031112 0.074260 0.085792
v 0.030629 0.074664 0.086954
v 0.028271 0.071437 0.093924
v 0.031063 0.074230 0.086923
v 0.030416 0.074518 0.089107
v 0.030887 0.074023 0.089198
v 0.030237 0.074313 0.090217
v 0.026742 0.071146 0.094161
v 0.030573 0.073699 0.090809
v 0.026919 0.070178 0.094213
v 0.025770 0.069149 0.094224
v 0.029720 0.073843 0.091856
v 0.029758 0.072969 0.092615
v 0.029304 0.073344 0.092662
v 0.029325 0.072541 0.093160
v 0.028892 0.072960 0.093165
v 0.007083 0.054712 0.087294
v 0.006922 0.054645 0.086370
v 0.006793 0.054601 0.085494
v 0.011848 0.058222 0.094200
v 0.012014 0.057501 0.094203
v 0.011380 0.057877 0.094161
v 0.006737 0.054524 0.084381
v 0.010760 0.057446 0.094059
v 0.011258 0.056869 0.094050
v 0.010541 0.056421 0.093726
v 0.009079 0.056178 0.092902
v 0.007836 0.055284 0.090597
v 0.007464 0.055030 0.089402
v 0.007350 0.054929 0.088859
v 0.007148 0.054856 0.088178
v -0.007270 0.044256 0.093512
v -0.009013 0.043669 0.092497
v -0.005644 0.044825 0.094230
v -0.003581 0.044712 0.094308
v -0.000209 0.045330 0.094315
v 0.012011 0.044578 0.094310
v 0.025564 0.038373 0.094311
v 0.032134 0.032928 0.094304
v 0.040811 0.021185 0.094308
v 0.043892 0.013361 0.094308
v 0.045174 -0.001133 0.094308
v 0.045053 0.009115 0.094287
v 0.045459 0.001097 0.094310
v 0.007967 0.046968 0.094449
v 0.010877 0.046870 0.094586
v 0.029717 0.038577 0.094892
v 0.025093 0.041651 0.094874
v 0.031692 0.040426 0.096104
v 0.026569 0.047936 0.096774
v 0.035561 0.038493 0.096487
v 0.018694 0.042262 0.094318
v 0.022530 0.041804 0.094525
v 0.008043 0.046292 0.094315
v 0.026812 0.039129 0.094507
v 0.025390 0.046901 0.096556
v 0.013158 0.047523 0.094991
v 0.003031 0.045543 0.094307
v 0.006531 0.045570 0.094263
v 0.028292 0.037443 0.094403
v 0.028825 0.045245 0.096660
v 0.030912 0.042813 0.096535
v 0.018424 0.043654 0.094510
v 0.018432 0.053238 0.096785
v 0.013476 0.054806 0.096782
v 0.013696 0.051524 0.096327
v 0.033073 0.043376 0.096789
v 0.017604 0.052079 0.096650
v 0.035296 0.040264 0.096711
v 0.016147 0.050737 0.096274
v 0.008254 0.047693 0.094732
v 0.024291 0.046551 0.096344
v 0.034158 0.034826 0.094914
v 0.032074 0.034907 0.094474
v 0.018711 0.047928 0.095912
v 0.022650 0.045746 0.095839
v 0.029461 0.045950 0.096776
v 0.025421 0.044570 0.095989
v 0.029508 0.042438 0.096193
v 0.020939 0.043912 0.094878
v 0.040625 0.035981 0.096784
v 0.014397 0.050585 0.096066
v 0.010667 0.048169 0.094926
v 0.002412 0.046796 0.094830
v 0.002797 0.046161 0.094482
v 0.010970 0.053106 0.096667
v 0.014903 0.053042 0.096665
v 0.011861 0.052419 0.096539
v 0.010972 0.050946 0.096162
v 0.007312 0.050817 0.096340
v 0.005510 0.049063 0.095755
v 0.011124 0.049908 0.095705
v 0.000362 0.047382 0.095546
v 0.059353 0.017054 0.096796
v 0.051647 0.020586 0.096773
v 0.022490 0.064131 0.096789
v 0.046764 0.028837 0.096789
v 0.013982 0.056880 0.096802
v 0.049620 0.024684 0.096790
v 0.064109 0.022462 0.096789
v 0.020150 0.062145 0.096785
v 0.054331 0.016174 0.096789
v 0.038197 0.078832 0.094707
v 0.035226 0.077444 0.095921
v 0.034873 0.077956 0.095499
v 0.037417 0.078519 0.095195
v 0.036389 0.078222 0.095522
v 0.033812 0.076871 0.095924
v 0.030571 0.075035 0.095079
v 0.036872 0.077820 0.095658
v 0.033943 0.076226 0.096302
v 0.032543 0.076097 0.095870
v 0.029689 0.074425 0.094585
v 0.036024 0.077090 0.096055
v 0.031076 0.074913 0.095821
v 0.032310 0.075346 0.096247
v 0.035164 0.079912 0.088270
v 0.032628 0.074870 0.096529
v 0.034172 0.075566 0.096511
v 0.036681 0.080558 0.090211
v 0.034920 0.079654 0.091144
v 0.031108 0.073539 0.096587
v 0.029686 0.073358 0.096036
v 0.029377 0.073508 0.095627
v 0.036074 0.080119 0.091960
v 0.034291 0.079024 0.092975
v 0.030303 0.073264 0.096426
v 0.034774 0.079289 0.093090
v 0.027794 0.071900 0.095705
v 0.034925 0.078979 0.094216
v 0.033921 0.078464 0.093952
v 0.038834 0.081267 0.086503
v 0.032956 0.077676 0.094000
v 0.036635 0.080657 0.087808
v 0.038096 0.081146 0.087167
v 0.037512 0.080936 0.088563
v 0.039442 0.081224 0.086468
v 0.038469 0.081074 0.089321
v 0.037844 0.080920 0.089923
v 0.039634 0.081084 0.087957
v 0.039079 0.081136 0.088762
v 0.039407 0.080962 0.089589
v 0.038165 0.080811 0.091044
v 0.037211 0.080487 0.091960
v 0.038881 0.080870 0.090745
v 0.035403 0.079511 0.093447
v 0.036494 0.080011 0.093125
v 0.037667 0.080247 0.093039
v 0.035633 0.079315 0.094202
v 0.036590 0.079702 0.093967
v 0.036919 0.079456 0.094428
v 0.033598 0.077877 0.094702
v 0.035825 0.078948 0.094847
v 0.034470 0.078215 0.095041
v 0.033538 0.077260 0.095467
v 0.038223 0.079421 0.094216
v 0.038472 0.079834 0.093623
v 0.032083 0.076201 0.095382
v 0.032555 0.077062 0.094644
v 0.029376 0.073822 0.095211
v 0.027624 0.072117 0.095237
v 0.028219 0.071673 0.096188
v 0.038000 0.080536 0.092218
v 0.038642 0.080580 0.091996
v 0.038506 0.080298 0.092783
v 0.037810 0.080021 0.093546
v 0.037389 0.079476 0.094414
v 0.036752 0.079002 0.094924
v 0.035996 0.078417 0.095369
v 0.009522 0.053283 0.096727
v 0.007460 0.051803 0.096597
v 0.005176 0.050491 0.096422
v 0.004051 0.049657 0.096264
v 0.001881 0.048321 0.095907
v -0.000660 0.047009 0.095439
v -0.001695 0.046397 0.095123
v -0.002761 0.045938 0.094879
v 0.032335 0.076825 0.092470
v 0.029102 0.073447 0.093007
v 0.029830 0.074174 0.092714
v 0.030539 0.074850 0.088635
v 0.030589 0.074898 0.087794
v 0.030639 0.074944 0.086904
v 0.031427 0.075781 0.090815
v 0.029775 0.074099 0.091871
v 0.029521 0.073977 0.093848
v 0.033116 0.077599 0.089689
v 0.030665 0.074968 0.086005
v 0.030037 0.074357 0.091129
v 0.027505 0.071985 0.094076
v 0.028226 0.072624 0.093769
v 0.026855 0.071387 0.094185
v 0.025883 0.070467 0.094236
v 0.024125 0.069110 0.094598
v 0.021506 0.066728 0.094600
v 0.019388 0.064565 0.094242
v 0.018467 0.064040 0.094590
v 0.017400 0.062857 0.094236
v 0.015296 0.061149 0.094253
v 0.013859 0.060256 0.094599
v 0.013621 0.059833 0.094270
v 0.011684 0.058439 0.094372
v 0.011641 0.058406 0.094372
v 0.001564 0.051651 0.089232
v 0.006877 0.054765 0.087382
v -0.004347 0.048751 0.083870
v 0.004527 0.053310 0.088022
v -0.000047 0.050797 0.083159
v 0.008472 0.055879 0.092393
v 0.003095 0.052472 0.082556
v 0.008004 0.055541 0.091486
v 0.005289 0.053762 0.082130
v 0.006323 0.054441 0.090800
v 0.006378 0.054459 0.081916
v 0.006668 0.055005 0.094508
v 0.009731 0.057123 0.094590
v 0.003893 0.053219 0.094377
v 0.007842 0.055542 0.093482
v 0.002755 0.052359 0.091869
v -0.001249 0.050219 0.088998
v 0.006728 0.054672 0.086402
v 0.007474 0.055184 0.090183
v 0.001709 0.051909 0.094271
v -0.001681 0.050035 0.093705
v -0.005202 0.048338 0.092267
v 0.006591 0.054592 0.085369
v 0.011041 0.057887 0.094255
v 0.010527 0.057448 0.094105
v 0.010024 0.057051 0.093917
v 0.007141 0.054953 0.088884
v 0.009646 0.056738 0.093646
v 0.006525 0.054540 0.084181
v 0.006264 0.054486 0.092831
v 0.008976 0.056239 0.093069
v 0.006408 0.054470 0.080149
v 0.006426 0.054471 0.079224
v 0.024533 0.067713 0.096380
v 0.025274 0.069131 0.095989
v 0.023768 0.068543 0.095124
v 0.026822 0.069357 0.096568
v 0.025906 0.067968 0.096691
v 0.023577 0.068099 0.095484
v 0.023898 0.067952 0.095903
v 0.022679 0.067520 0.095151
v 0.022606 0.067224 0.095469
v 0.026147 0.067510 0.096786
v 0.023346 0.067168 0.096094
v 0.024457 0.066967 0.096606
v 0.021539 0.066558 0.095042
v 0.020757 0.065672 0.095331
v 0.024053 0.065900 0.096751
v 0.021116 0.065513 0.095843
v 0.021277 0.065082 0.096218
v 0.019616 0.064848 0.095061
v 0.018993 0.064056 0.095422
v 0.021928 0.064977 0.096513
v 0.018940 0.063222 0.096109
v 0.020010 0.064493 0.095876
v 0.017920 0.063267 0.095274
v 0.019260 0.062851 0.096435
v 0.018259 0.063100 0.095767
v 0.017368 0.061766 0.096188
v 0.016110 0.061894 0.095020
v 0.016161 0.061638 0.095469
v 0.016607 0.061578 0.095889
v 0.017399 0.060666 0.096642
v 0.016063 0.060432 0.096323
v 0.015055 0.060253 0.095937
v 0.015805 0.059472 0.096609
v 0.016847 0.059394 0.096785
v 0.013577 0.059081 0.095946
v 0.013649 0.058494 0.096337
v 0.013712 0.057843 0.096604
v 0.014263 0.057758 0.096727
v 0.011794 0.057589 0.096049
v 0.028878 0.070796 0.096706
v 0.025841 0.070457 0.095162
v 0.027971 0.070824 0.096462
v 0.027045 0.070847 0.095976
v 0.026387 0.070592 0.095656
v 0.024892 0.069562 0.095157
v 0.025104 0.069446 0.095572
v 0.021146 0.063854 0.096638
v 0.019737 0.062350 0.096699
v 0.014855 0.060665 0.095364
v 0.013096 0.059459 0.095079
v 0.013519 0.059496 0.095501
v 0.012339 0.058327 0.095775
v 0.012073 0.058547 0.095291
v 0.022009 0.066388 0.095766
v -0.009998 0.043605 0.091786
v -0.008410 0.044372 0.092912
v -0.008310 0.044929 0.092933
v -0.005227 0.047197 0.094052
v -0.011300 0.045283 0.088201
v -0.010678 0.045783 0.087693
v -0.007880 0.045815 0.092978
v -0.008488 0.046795 0.090105
v -0.005627 0.047418 0.093662
v -0.013478 0.043066 0.085426
v -0.013586 0.042305 0.084438
v -0.013607 0.042734 0.084571
v -0.006432 0.046361 0.093701
v -0.012464 0.044428 0.087162
v -0.001957 0.049788 0.093997
v -0.013472 0.042376 0.085495
v -0.009500 0.044310 0.092160
v -0.012876 0.043827 0.087082
v -0.013213 0.043766 0.085678
v -0.007405 0.045703 0.093319
v -0.003305 0.048644 0.094313
v -0.003530 0.048737 0.094046
v -0.010576 0.045443 0.089834
v -0.009007 0.046376 0.090825
v -0.012269 0.044068 0.088513
v -0.011884 0.044665 0.088407
v -0.006761 0.045187 0.093749
v -0.013336 0.042637 0.086328
v -0.004038 0.047826 0.094392
v 0.000123 0.050889 0.094369
v -0.012900 0.043069 0.087734
v -0.012671 0.043718 0.087899
v -0.004890 0.046276 0.094444
v -0.000786 0.049875 0.094892
v -0.004654 0.045540 0.094575
v -0.003240 0.047575 0.094824
v -0.001217 0.048360 0.095341
v -0.007179 0.047318 0.091814
v 0.000252 0.050749 0.094741
v -0.011265 0.044845 0.089564
v -0.011656 0.044296 0.089544
v -0.001582 0.048987 0.095015
v -0.002039 0.046974 0.095300
v 0.003723 0.052920 0.094872
v 0.000715 0.049407 0.095682
v 0.001603 0.051090 0.095317
v 0.003028 0.052236 0.095180
v -0.010170 0.046174 0.084962
v -0.001093 0.047240 0.095497
v -0.000002 0.047898 0.095717
v -0.011289 0.045577 0.085480
v 0.005055 0.053280 0.095546
v 0.007082 0.055114 0.094962
v -0.012403 0.043447 0.088724
v 0.002403 0.049041 0.096102
v 0.003816 0.050936 0.096135
v 0.003688 0.051847 0.095813
v 0.001341 0.050423 0.095559
v 0.005973 0.053391 0.095930
v -0.013523 0.043317 0.084548
v 0.006610 0.054495 0.095424
v 0.008548 0.055156 0.096050
v 0.008482 0.055684 0.095584
v 0.007830 0.053263 0.096508
v 0.006648 0.051657 0.096551
v -0.009211 0.046002 0.091359
v -0.012144 0.042919 0.089312
v 0.009335 0.056650 0.095083
v -0.010696 0.045087 0.090314
v 0.009927 0.056536 0.095790
v -0.011879 0.043682 0.089601
v 0.009912 0.055645 0.096338
v 0.010868 0.057695 0.095214
v 0.005931 0.052850 0.096156
v -0.010517 0.044883 0.090853
v -0.009542 0.045500 0.091587
v 0.008900 0.054594 0.096422
v 0.011057 0.056797 0.096209
v 0.011450 0.056235 0.096573
v 0.010947 0.055049 0.096723
v -0.013231 0.043281 0.086481
v -0.005173 0.048213 0.093035
v -0.011560 0.043161 0.090165
v -0.008270 0.046305 0.092272
v -0.012379 0.044868 0.084704
v -0.010208 0.044671 0.091391
v -0.013058 0.044198 0.084354
v -0.009066 0.046618 0.088148
v -0.007436 0.046992 0.092304
v -0.011234 0.043685 0.090526
v -0.012084 0.044996 0.086123
v -0.013350 0.043705 0.084797
v -0.012818 0.044332 0.085811
v -0.011193 0.044173 0.090417
v -0.013049 0.042480 0.087289
v -0.009441 0.044940 0.092052
v -0.008511 0.045836 0.092439
v -0.012565 0.042590 0.088497
v -0.010380 0.044082 0.091407
v -0.010952 0.043231 0.090884
v -0.006961 0.046741 0.093144
v -0.005794 0.047625 0.093326
v -0.013691 0.042416 0.080898
v -0.010058 0.046230 0.078801
v -0.013687 0.042903 0.080697
v -0.011430 0.045528 0.081355
v -0.013597 0.043334 0.080734
v -0.012370 0.044915 0.078801
v -0.013363 0.043840 0.080926
v -0.012971 0.044374 0.078801
v 0.023944 0.068624 0.094230
v 0.024292 0.067758 0.094218
v 0.023410 0.068165 0.094239
v 0.020253 0.064165 0.094211
v 0.018264 0.062369 0.094236
v 0.015123 0.059842 0.094219
v 0.013737 0.058680 0.094239
v 0.013445 0.059573 0.094213
v 0.030162 0.072761 0.093969
v 0.030599 0.073129 0.093466
v 0.031104 0.073650 0.092546
v 0.032186 0.074719 0.087251
v 0.032039 0.074584 0.088899
v 0.031935 0.074468 0.089697
v 0.031823 0.074354 0.090328
v 0.031638 0.074099 0.091342
v 0.031342 0.073830 0.092120
v 0.030994 0.073446 0.092934
v 0.030425 0.072735 0.093959
v 0.031472 0.074179 0.091291
v 0.029949 0.072185 0.094485
v 0.029689 0.072177 0.094467
v 0.031976 0.074835 0.086995
v 0.031758 0.074632 0.089384
v 0.030169 0.073269 0.092002
v 0.030491 0.073499 0.091446
v 0.030333 0.073502 0.091481
v 0.026554 0.069639 0.094378
v 0.030769 0.073709 0.090805
v 0.030897 0.073845 0.090184
v 0.031012 0.073949 0.089623
v 0.027005 0.070081 0.094339
v 0.031042 0.074159 0.087834
v 0.027669 0.070822 0.094135
v 0.027288 0.070509 0.094179
v 0.031195 0.074207 0.086785
v 0.031336 0.074259 0.085703
v 0.028597 0.071708 0.093811
v 0.029040 0.072106 0.093570
v 0.029598 0.072639 0.093052
v 0.030014 0.073048 0.092454
v 0.030721 0.073863 0.090135
v 0.015647 0.060086 0.094324
v 0.016003 0.060463 0.094254
v 0.016826 0.061165 0.094239
v 0.017260 0.061410 0.094323
v 0.017736 0.061867 0.094269
v 0.014315 0.059114 0.094257
v 0.014965 0.059564 0.094304
v 0.019593 0.063444 0.094271
v 0.020316 0.064025 0.094308
v 0.021345 0.064889 0.094350
v 0.020608 0.064355 0.094256
v 0.021522 0.065198 0.094239
v 0.023415 0.066859 0.094256
v 0.023979 0.067316 0.094287
v 0.022154 0.065742 0.094235
v 0.022570 0.066042 0.094285
v 0.013157 0.058090 0.094390
v 0.013003 0.058102 0.094256
v 0.024756 0.068037 0.094287
v 0.026317 0.069543 0.094258
v 0.012291 0.057527 0.094278
v 0.011298 0.056686 0.094224
v 0.010611 0.056274 0.093805
v 0.029955 0.074078 0.091232
v 0.030230 0.074504 0.090248
v 0.030570 0.074773 0.087416
v 0.030611 0.074840 0.086651
v 0.028679 0.073014 0.093395
v 0.029072 0.073313 0.092956
v 0.028320 0.072513 0.093611
v 0.029445 0.073757 0.092438
v 0.021314 0.066263 0.094240
v 0.011713 0.058318 0.094237
v 0.011641 0.058406 0.094372
v 0.011848 0.058222 0.094200
v 0.008599 0.055835 0.092239
v 0.007668 0.055187 0.090149
v 0.010061 0.056894 0.093749
v 0.006704 0.054586 0.085139
v 0.009418 0.056475 0.093311
v 0.006622 0.054512 0.083314
v 0.008193 0.055522 0.091439
v 0.006600 0.054471 0.081082
v 0.006600 0.054465 0.080116
v 0.006460 0.054479 0.080978
v 0.067150 0.051335 0.095405
v 0.068912 0.051619 0.094272
v 0.069699 0.051681 0.093499
v 0.065959 0.055527 0.093849
v 0.076764 0.042185 0.094061
v 0.077885 0.042940 0.091631
v 0.067540 0.055882 0.090775
v 0.063834 0.059972 0.090287
v 0.069759 0.052371 0.092646
v 0.065619 0.057226 0.092299
v 0.078565 0.037810 0.095035
v 0.064735 0.059404 0.088804
v 0.063676 0.060724 0.086738
v 0.077755 0.036823 0.095692
v 0.074553 0.046785 0.092396
v 0.067658 0.052142 0.094810
v 0.067155 0.047340 0.096323
v 0.077174 0.042546 0.093342
v 0.069616 0.041940 0.096577
v 0.069310 0.049969 0.094942
v 0.079007 0.038563 0.094392
v 0.069975 0.052548 0.091999
v 0.070525 0.050048 0.094047
v 0.068207 0.048465 0.095885
v 0.071865 0.049556 0.093047
v 0.071087 0.048428 0.094652
v 0.077155 0.044529 0.090301
v 0.072305 0.048055 0.093943
v 0.080055 0.039207 0.092703
v 0.072361 0.049721 0.092027
v 0.073656 0.046975 0.093443
v 0.072488 0.046388 0.094809
v 0.071814 0.045847 0.095381
v 0.076013 0.046348 0.088985
v 0.073827 0.045696 0.094262
v 0.074130 0.044096 0.094920
v 0.067615 0.056528 0.087024
v 0.079582 0.039020 0.093517
v 0.080822 0.039919 0.088954
v 0.080463 0.039383 0.091626
v 0.080670 0.039688 0.090374
v 0.069829 0.053618 0.089791
v 0.079055 0.042651 0.086828
v 0.070536 0.053141 0.088119
v 0.073453 0.039935 0.096236
v 0.081018 0.039879 0.087391
v 0.070987 0.052783 0.086358
v 0.075062 0.047831 0.087137
v 0.072902 0.050208 0.088993
v 0.074647 0.041128 0.095710
v 0.072954 0.049748 0.090449
v 0.070216 0.052757 0.091034
v 0.074912 0.047071 0.091082
v 0.075640 0.034404 0.096503
v 0.074092 0.030919 0.088712
v 0.074663 0.030629 0.086962
v 0.070232 0.026908 0.094198
v 0.070415 0.025828 0.094238
v 0.074230 0.031090 0.086664
v 0.071147 0.026742 0.094161
v 0.070822 0.027668 0.094135
v 0.071965 0.027688 0.093927
v 0.071550 0.028292 0.093875
v 0.072500 0.028310 0.093620
v 0.072106 0.028872 0.093548
v 0.072556 0.029337 0.093143
v 0.073092 0.029029 0.093020
v 0.072998 0.029783 0.092573
v 0.073356 0.030164 0.091870
v 0.074012 0.029971 0.091264
v 0.073606 0.030412 0.091206
v 0.054459 0.006626 0.080972
v 0.057542 0.010843 0.094096
v 0.054023 0.007105 0.082731
v 0.054505 0.006624 0.083209
v 0.058068 0.011641 0.094197
v 0.054540 0.006700 0.084346
v 0.057563 0.012237 0.094231
v 0.058222 0.011848 0.094200
v 0.054158 0.007263 0.085560
v 0.054710 0.007072 0.087257
v 0.054360 0.007593 0.087952
v 0.054827 0.007190 0.088120
v 0.054928 0.007335 0.088821
v 0.054591 0.007924 0.089444
v 0.055523 0.008187 0.091437
v 0.055301 0.008989 0.092082
v 0.055836 0.008626 0.092258
v 0.055692 0.009548 0.092868
v 0.056163 0.009097 0.092892
v 0.056441 0.009435 0.093274
v 0.056195 0.010304 0.093571
v 0.056741 0.009982 0.093635
v 0.056565 0.010788 0.093855
v 0.057043 0.010266 0.093841
v 0.076305 0.035125 0.096333
v 0.075193 0.032163 0.096265
v 0.071934 0.027425 0.095225
v 0.074408 0.029665 0.094583
v 0.073468 0.031278 0.096644
v 0.073669 0.029655 0.095749
v 0.073227 0.030416 0.096474
v 0.073214 0.029884 0.096250
v 0.074216 0.033042 0.096711
v 0.071618 0.029271 0.096618
v 0.072769 0.031740 0.096791
v 0.080294 0.035883 0.088061
v 0.081092 0.037809 0.086205
v 0.079739 0.034995 0.090426
v 0.081214 0.038389 0.086637
v 0.081206 0.039491 0.086769
v 0.080911 0.037480 0.088868
v 0.081109 0.038329 0.088742
v 0.080718 0.036800 0.087959
v 0.080198 0.035855 0.090205
v 0.081187 0.039133 0.088123
v 0.080616 0.037017 0.090767
v 0.079988 0.035686 0.091698
v 0.080994 0.039345 0.089526
v 0.080991 0.038744 0.090136
v 0.079235 0.034500 0.092582
v 0.080385 0.036880 0.092023
v 0.080770 0.039045 0.091069
v 0.079979 0.036250 0.092960
v 0.079513 0.035368 0.093390
v 0.080229 0.037148 0.092912
v 0.080507 0.038769 0.092141
v 0.078669 0.033942 0.093426
v 0.078755 0.034624 0.094339
v 0.079646 0.036315 0.093974
v 0.079119 0.035452 0.094414
v 0.080005 0.038504 0.093368
v 0.077798 0.033361 0.094511
v 0.076695 0.031978 0.094307
v 0.078425 0.034955 0.095076
v 0.077766 0.033769 0.095048
v 0.079382 0.037996 0.094370
v 0.077721 0.034200 0.095412
v 0.077054 0.032524 0.094593
v 0.076036 0.031889 0.095392
v 0.076855 0.033265 0.095669
v 0.078507 0.037222 0.095259
v 0.078229 0.036314 0.095528
v 0.075975 0.031519 0.094963
v 0.071860 0.027877 0.095818
v 0.075661 0.031917 0.095808
v 0.077112 0.035984 0.096051
v 0.076665 0.033814 0.096060
v 0.074394 0.029927 0.095136
v 0.074708 0.031185 0.096069
v 0.076602 0.034543 0.096222
v 0.080922 0.037986 0.090120
v 0.080670 0.038074 0.091751
v 0.080300 0.037960 0.092917
v 0.079980 0.037439 0.093647
v 0.079538 0.037217 0.094327
v 0.079203 0.036352 0.094672
v 0.078464 0.035698 0.095293
v 0.079063 0.036895 0.094857
v 0.077561 0.034992 0.095827
v 0.075275 0.033119 0.096499
v 0.051363 0.008588 0.096402
v 0.051301 0.012107 0.096257
v 0.052514 0.013709 0.096561
v 0.050610 0.014049 0.096048
v 0.050343 0.009735 0.095985
v 0.049871 0.006105 0.096090
v 0.048845 0.006679 0.095520
v 0.049325 0.011058 0.095429
v 0.048207 0.002867 0.095662
v 0.047090 0.001042 0.095192
v 0.047600 0.008106 0.094696
v 0.046652 0.002580 0.094723
v 0.045588 -0.000250 0.094377
v 0.046585 0.007018 0.094371
v 0.046123 0.003249 0.094442
v 0.052648 0.009776 0.096634
v 0.045684 -0.002145 0.094566
v 0.052953 0.016375 0.096692
v 0.051826 0.016610 0.096535
v 0.050294 0.016443 0.096209
v 0.045731 0.005732 0.094271
v 0.047980 0.012245 0.094994
v 0.049221 0.022853 0.096674
v 0.048125 0.010492 0.094905
v 0.047245 0.009986 0.094582
v 0.046053 0.009230 0.094329
v 0.047698 0.017209 0.095615
v 0.048527 0.021226 0.096407
v 0.046812 0.024183 0.096392
v 0.046719 0.027700 0.096737
v 0.046302 0.014104 0.094769
v 0.044984 0.017659 0.094782
v 0.045175 0.024447 0.095989
v 0.043920 0.017542 0.094498
v 0.045099 0.012429 0.094386
v 0.045081 0.028216 0.096575
v 0.043273 0.023425 0.095095
v 0.043258 0.020778 0.094660
v 0.043005 0.017206 0.094337
v 0.040618 0.024716 0.094533
v 0.041250 0.033407 0.096621
v 0.041359 0.021826 0.094388
v 0.040418 0.032601 0.096312
v 0.040371 0.030948 0.095881
v 0.043535 0.028031 0.096202
v 0.041136 0.026257 0.094944
v 0.039106 0.028991 0.094891
v 0.046631 0.019655 0.095630
v 0.037215 0.031965 0.095038
v 0.036711 0.035733 0.096084
v 0.036430 0.028760 0.094332
v 0.035853 0.031523 0.094558
v 0.041883 -0.013522 0.083767
v 0.044629 -0.006141 0.094023
v 0.042972 -0.010331 0.091430
v 0.044274 -0.005494 0.094251
v 0.043819 -0.009019 0.092507
v 0.043430 -0.009771 0.091944
v 0.044420 -0.007196 0.093552
v 0.047505 0.000595 0.095602
v 0.046741 -0.001093 0.095307
v 0.054902 0.011749 0.096785
v 0.052971 0.009034 0.096701
v 0.051293 0.006580 0.096537
v 0.049715 0.004375 0.096254
v 0.048486 0.002070 0.095964
v 0.046420 -0.002034 0.095167
v 0.075712 0.031378 0.088826
v 0.074903 0.030592 0.087795
v 0.075404 0.031047 0.091792
v 0.074093 0.029769 0.091880
v 0.077476 0.032995 0.090054
v 0.074844 0.030536 0.088636
v 0.074942 0.030638 0.086904
v 0.074971 0.030666 0.086004
v 0.074421 0.030034 0.093200
v 0.074375 0.030056 0.091073
v 0.072014 0.027536 0.094069
v 0.072625 0.028225 0.093781
v 0.073106 0.028742 0.093396
v 0.073566 0.029218 0.092949
v 0.070658 0.025760 0.094638
v 0.067804 0.022708 0.094597
v 0.064736 0.019516 0.094279
v 0.064537 0.019033 0.094596
v 0.063250 0.017836 0.094250
v 0.061627 0.015903 0.094240
v 0.061341 0.015214 0.094602
v 0.057498 0.010252 0.094603
v 0.058439 0.011684 0.094372
v 0.058406 0.011641 0.094372
v 0.054857 0.006988 0.088222
v 0.053693 0.005163 0.086880
v 0.049355 -0.003035 0.085672
v 0.052560 0.003235 0.087121
v 0.050806 -0.000028 0.083156
v 0.055912 0.008503 0.092580
v 0.052339 0.002860 0.082601
v 0.053520 0.004895 0.082206
v 0.054502 0.006455 0.082975
v 0.054522 0.005961 0.094512
v 0.055523 0.007964 0.091460
v 0.052081 0.002003 0.094290
v 0.054589 0.006356 0.093384
v 0.052287 0.002606 0.092172
v 0.054698 0.006769 0.086668
v 0.049640 -0.002463 0.093554
v 0.048325 -0.005222 0.092275
v 0.051037 0.000383 0.089260
v 0.046786 -0.008716 0.088097
v 0.055207 0.007514 0.090242
v 0.051001 0.000104 0.093983
v 0.054653 0.006693 0.086152
v 0.054535 0.006502 0.084352
v 0.058027 0.011235 0.094275
v 0.057453 0.010538 0.094109
v 0.053599 0.004951 0.090668
v 0.056814 0.009710 0.093817
v 0.056534 0.009384 0.093444
v 0.054460 0.006386 0.081901
v 0.054750 0.006795 0.091375
v 0.054470 0.006408 0.080149
v 0.054471 0.006426 0.079224
v 0.069279 0.024742 0.095372
v 0.068373 0.023563 0.095089
v 0.066836 0.023997 0.096521
v 0.067943 0.025733 0.096659
v 0.067930 0.024454 0.096242
v 0.062918 0.018527 0.096078
v 0.066926 0.025376 0.096773
v 0.062723 0.018849 0.096338
v 0.066559 0.021571 0.095092
v 0.062723 0.020363 0.096737
v 0.067186 0.022525 0.095428
v 0.067854 0.023481 0.095653
v 0.061187 0.017613 0.096534
v 0.064534 0.021385 0.096500
v 0.065116 0.022765 0.096677
v 0.060274 0.017563 0.096745
v 0.061062 0.016668 0.096253
v 0.064633 0.020832 0.096247
v 0.065802 0.021004 0.095446
v 0.059885 0.015509 0.096375
v 0.060254 0.014930 0.095868
v 0.066180 0.022057 0.095964
v 0.065273 0.020602 0.095640
v 0.066043 0.022390 0.096234
v 0.064889 0.019694 0.095113
v 0.064029 0.019052 0.095522
v 0.071087 0.026722 0.095456
v 0.071171 0.028066 0.096360
v 0.062942 0.018029 0.095739
v 0.063187 0.017705 0.095099
v 0.061598 0.016737 0.095962
v 0.062104 0.016362 0.095024
v 0.062413 0.017082 0.095458
v 0.061495 0.015972 0.095459
v 0.070246 0.026213 0.095812
v 0.060634 0.014670 0.095188
v 0.069945 0.026358 0.096126
v 0.069502 0.026650 0.096467
v 0.070486 0.028777 0.096736
v 0.057254 0.010164 0.095053
v 0.057442 0.011130 0.095763
v 0.056858 0.011162 0.096220
v 0.056349 0.012509 0.096748
v 0.069612 0.028493 0.096792
v 0.068232 0.024276 0.095956
v 0.064340 0.019984 0.095971
v 0.047322 -0.006512 0.092982
v 0.042443 -0.013337 0.086231
v 0.044670 -0.012113 0.087659
v 0.044697 -0.008736 0.092667
v 0.044710 -0.009837 0.091760
v 0.043824 -0.010815 0.090993
v 0.043680 -0.012251 0.088896
v 0.043288 -0.012571 0.088428
v 0.043596 -0.011525 0.090156
v 0.046856 -0.007808 0.091992
v 0.046177 -0.008638 0.091948
v 0.045501 -0.009151 0.092028
v 0.042849 -0.012902 0.087759
v 0.042454 -0.013032 0.087317
v 0.045246 -0.009893 0.091363
v 0.046374 -0.009065 0.090631
v 0.046763 -0.007072 0.093026
v 0.044208 -0.010018 0.091728
v 0.046232 -0.007187 0.093273
v 0.044316 -0.011877 0.089062
v 0.046810 -0.008390 0.090531
v 0.044239 -0.008786 0.092665
v 0.046848 -0.006352 0.093525
v 0.046298 -0.007762 0.092791
v 0.043686 -0.010317 0.091507
v 0.045731 -0.009932 0.090544
v 0.047861 -0.005954 0.092654
v 0.044507 -0.011189 0.090155
v 0.043271 -0.011544 0.090172
v 0.048846 -0.003584 0.093838
v 0.045153 -0.011170 0.089065
v 0.045746 -0.009620 0.091128
v 0.045822 -0.008266 0.092661
v 0.043341 -0.010338 0.091474
v 0.044036 -0.011057 0.090647
v 0.042537 -0.012778 0.088013
v 0.045829 -0.009039 0.091865
v 0.047302 -0.005805 0.093615
v 0.044704 -0.008103 0.093067
v 0.044855 -0.009105 0.092365
v 0.044116 -0.011683 0.089658
v 0.043407 -0.012149 0.089223
v 0.042995 -0.012415 0.088806
v 0.043536 -0.012797 0.087722
v 0.043164 -0.013001 0.087385
v 0.044756 -0.011586 0.088990
v 0.042414 -0.013611 0.084253
v 0.043641 -0.013405 0.084531
v 0.043380 -0.013415 0.085327
v 0.042883 -0.013569 0.084891
v 0.044830 -0.010958 0.090188
v 0.045425 -0.008464 0.092682
v 0.045036 -0.010571 0.090594
v 0.043818 -0.011773 0.089698
v 0.045255 -0.008036 0.093033
v 0.045917 -0.006766 0.093632
v 0.047313 -0.004961 0.094141
v 0.045023 -0.009567 0.091896
v 0.045540 -0.010504 0.089689
v 0.042671 -0.012331 0.088944
v 0.046885 -0.005516 0.094022
v 0.042518 -0.012505 0.088581
v 0.042453 -0.013521 0.085214
v 0.044154 -0.009494 0.092172
v 0.042897 -0.013395 0.086035
v 0.042994 -0.012030 0.089483
v 0.045328 -0.010545 0.090149
v 0.044331 -0.010964 0.090631
v 0.045814 -0.007424 0.093272
v 0.048159 -0.004575 0.093809
v 0.048209 -0.003825 0.094298
v 0.044813 -0.011258 0.089631
v 0.045071 -0.007422 0.093420
v 0.043279 -0.010983 0.090846
v 0.044161 -0.008116 0.093067
v 0.042738 -0.011811 0.089772
v 0.044725 -0.010489 0.091008
v 0.046475 -0.007891 0.092490
v 0.050398 -0.000805 0.094195
v 0.049215 -0.002145 0.094596
v 0.045582 -0.006399 0.093872
v 0.049772 -0.001629 0.094390
v 0.045090 -0.006287 0.093961
v 0.043010 -0.011374 0.090378
v 0.045597 -0.011271 0.085200
v 0.044977 -0.012248 0.084064
v 0.044610 -0.012671 0.084469
v 0.045817 -0.010702 0.087221
v 0.044334 -0.012894 0.085229
v 0.045040 -0.012004 0.086330
v 0.044426 -0.010350 0.091340
v 0.046237 -0.004991 0.094403
v 0.045436 -0.011035 0.088429
v 0.045009 -0.011741 0.087718
v 0.048069 -0.003146 0.094708
v 0.047346 -0.002862 0.095009
v 0.049229 -0.001062 0.095128
v 0.050258 0.000031 0.095069
v 0.048856 -0.000592 0.095426
v 0.046750 -0.002374 0.095214
v 0.047400 -0.000755 0.095568
v 0.050686 0.001470 0.095500
v 0.042199 -0.013464 0.085344
v 0.047932 0.000261 0.095765
v 0.051438 0.003284 0.095837
v 0.048314 0.000964 0.095884
v 0.053067 0.005512 0.095915
v 0.049314 0.002818 0.096158
v 0.050223 0.002371 0.095939
v 0.051491 0.005178 0.096317
v 0.050060 0.004165 0.096321
v 0.053616 0.007368 0.096313
v 0.044457 -0.012284 0.087702
v 0.044160 -0.012503 0.087693
v 0.050891 0.005631 0.096468
v 0.054834 0.008502 0.096200
v 0.053905 0.008925 0.096590
v 0.052067 0.007695 0.096629
v 0.056001 0.010895 0.096502
v 0.045102 -0.005194 0.094396
v 0.044006 -0.013010 0.086070
v 0.045801 -0.004173 0.094725
v 0.043390 -0.013285 0.086110
v 0.051192 0.001008 0.094814
v 0.046398 -0.002898 0.095067
v 0.043825 -0.012767 0.087446
v 0.052504 0.003024 0.094806
v 0.052345 0.003375 0.095321
v 0.053903 0.005209 0.094849
v 0.054013 0.005842 0.095359
v 0.055321 0.007422 0.095038
v 0.056523 0.009537 0.095495
v 0.054928 0.007591 0.095692
v 0.055522 0.008831 0.095945
v 0.043933 -0.012358 0.088446
v 0.043098 -0.013637 0.082404
v 0.046250 -0.010002 0.084793
v 0.045505 -0.011464 0.082161
v 0.042449 -0.013685 0.081694
v 0.042740 -0.013703 0.080485
v 0.043338 -0.013595 0.080709
v 0.043769 -0.013394 0.081979
v 0.044538 -0.012812 0.078800
v 0.044209 -0.013080 0.082683
v 0.058763 0.013785 0.094224
v 0.059919 0.015215 0.094217
v 0.061258 0.016918 0.094231
v 0.062859 0.018827 0.094232
v 0.064744 0.019705 0.094213
v 0.064080 0.020168 0.094213
v 0.065936 0.022322 0.094226
v 0.071947 0.028880 0.093681
v 0.074224 0.031218 0.086152
v 0.072403 0.029347 0.093305
v 0.074247 0.031150 0.085661
v 0.072854 0.029813 0.092763
v 0.069585 0.026297 0.094231
v 0.070111 0.026968 0.094273
v 0.073226 0.030200 0.092111
v 0.073631 0.030656 0.091037
v 0.070508 0.027288 0.094179
v 0.073730 0.030622 0.090671
v 0.073779 0.030841 0.090512
v 0.073870 0.030762 0.090052
v 0.073965 0.030894 0.089443
v 0.074042 0.031100 0.088973
v 0.071442 0.028359 0.093964
v 0.074155 0.031029 0.087916
v 0.060669 0.016321 0.094288
v 0.061516 0.017365 0.094308
v 0.062035 0.017929 0.094266
v 0.062308 0.018377 0.094376
v 0.058012 0.012921 0.094272
v 0.062978 0.019113 0.094314
v 0.058730 0.013922 0.094317
v 0.059217 0.014481 0.094271
v 0.063857 0.020138 0.094320
v 0.064237 0.020518 0.094277
v 0.064631 0.021047 0.094340
v 0.064983 0.021350 0.094267
v 0.065511 0.022050 0.094352
v 0.066020 0.022606 0.094349
v 0.066508 0.023045 0.094264
v 0.067884 0.024588 0.094287
v 0.068600 0.025221 0.094223
v 0.069183 0.026012 0.094312
v 0.058090 0.013157 0.094390
v 0.059937 0.015445 0.094316
v 0.054173 0.007500 0.087213
v 0.054173 0.007407 0.086586
v 0.054037 0.007316 0.085750
v 0.053933 0.007213 0.084610
v 0.054003 0.007157 0.083655
v 0.057127 0.011567 0.094134
v 0.054085 0.007198 0.084632
v 0.053882 0.007124 0.082693
v 0.053733 0.007064 0.081987
v 0.056302 0.010643 0.093824
v 0.056012 0.010261 0.093571
v 0.055170 0.009045 0.092163
v 0.055016 0.008806 0.091711
v 0.054854 0.008631 0.091403
v 0.054968 0.008533 0.091167
v 0.054573 0.008281 0.090581
v 0.054004 0.007095 0.081943
v 0.054455 0.007967 0.089475
v 0.054213 0.007652 0.088109
v 0.054709 0.008204 0.090290
v 0.054322 0.007796 0.088800
v 0.073369 0.029085 0.092956
v 0.074213 0.029964 0.091207
v 0.073715 0.029444 0.092426
v 0.073466 0.029404 0.092496
v 0.073857 0.029734 0.091821
v 0.074504 0.030230 0.090247
v 0.074313 0.030238 0.090216
v 0.074520 0.030418 0.089094
v 0.074773 0.030570 0.087419
v 0.074840 0.030611 0.086651
v 0.074750 0.030633 0.086153
v 0.072927 0.028755 0.093272
v 0.071386 0.026854 0.094186
v 0.068536 0.023870 0.094224
v 0.068336 0.023537 0.094278
v 0.066438 0.021481 0.094255
v 0.059644 0.013427 0.094241
v 0.058151 0.011551 0.094221
v 0.058162 0.011766 0.094195
v 0.058406 0.011641 0.094372
v 0.054768 0.006905 0.087388
v 0.054650 0.006925 0.086402
v 0.054579 0.006822 0.085424
v 0.054593 0.006659 0.085186
v 0.056223 0.008961 0.093020
v 0.057131 0.010119 0.093975
v 0.055851 0.008457 0.092310
v 0.055203 0.007728 0.090274
v 0.055067 0.007470 0.089528
v 0.055056 0.007279 0.089615
v 0.054976 0.007210 0.088991
v 0.054485 0.006489 0.081125
v 0.054466 0.006593 0.080120
v -0.004730 0.044914 0.094431
v -0.003978 0.045387 0.094604
v -0.001929 0.045372 0.094386
v -0.005236 0.044454 0.094318
v -0.000994 0.045709 0.094471
v -0.001306 0.045307 0.094337
v 0.000175 0.045547 0.094349
v 0.045532 -0.001426 0.094414
v 0.044367 -0.005232 0.094308
v 0.044915 -0.004643 0.094424
v 0.045466 -0.003794 0.094637
v 0.000980 0.047979 0.095813
v 0.000130 0.047657 0.095695
v -0.001668 0.046682 0.095288
v -0.002485 0.046397 0.095129
v 0.002912 0.048944 0.096087
v 0.003601 0.049705 0.096256
v 0.001365 0.048435 0.095946
v -0.003572 0.045884 0.094832
v -0.003415 0.046296 0.094938
v 0.046014 -0.002768 0.094936
v 0.049183 0.003081 0.096155
v 0.046953 -0.001343 0.095402
v 0.048757 0.001848 0.096021
v 0.047739 0.000511 0.095726
v 0.050376 0.005021 0.096408
v 0.044817 -0.005104 0.094389
vn 0.3050 -0.9523 -0.0000
vn 0.3024 -0.9532 0.0001
vn -0.9350 0.3547 -0.0038
vn 0.2056 0.0989 -0.9736
vn 0.1765 0.0770 -0.9813
vn 0.1078 0.0368 -0.9935
vn 0.1632 0.0567 -0.9850
vn 0.1594 0.0552 -0.9857
vn 0.1185 0.0259 -0.9926
vn 0.1017 -0.0007 -0.9948
vn 0.2329 0.1421 -0.9621
vn 0.5784 0.1680 -0.7983
vn 0.0405 -0.0328 -0.9986
vn 0.0382 -0.0653 -0.9971
vn -0.0444 -0.1285 -0.9907
vn -0.0486 -0.1294 -0.9904
vn 0.2335 0.1344 -0.9630
vn -0.1234 -0.2093 -0.9700
vn -0.1558 -0.2162 -0.9639
vn 0.2520 0.1388 -0.9577
vn -0.1835 -0.3085 -0.9333
vn -0.3460 -0.3291 -0.8786
vn 0.2180 0.1193 -0.9686
vn -0.2913 -0.3914 -0.8729
vn -0.4675 -0.4618 -0.7538
vn 0.1959 0.0934 -0.9762
vn 0.2488 0.1988 -0.9479
vn 0.3302 0.3072 -0.8925
vn 0.7636 0.5597 -0.3219
vn 0.7633 0.5571 -0.3271
vn 0.2200 0.1903 -0.9567
vn 0.5038 0.4616 -0.7302
vn 0.2350 0.2236 -0.9459
vn 0.6610 0.5847 -0.4703
vn 0.6593 0.5843 -0.4732
vn 0.6930 0.5070 -0.5125
vn 0.6952 0.5074 -0.5092
vn 0.2139 0.1976 -0.9567
vn 0.6176 0.5592 -0.5531
vn 0.4993 0.3765 -0.7804
vn 0.6341 0.4686 -0.6151
vn 0.6257 0.4568 -0.6323
vn 0.4536 0.3473 -0.8207
vn 0.5361 0.3911 -0.7481
vn 0.4105 0.3093 -0.8578
vn 0.3162 0.2368 -0.9186
vn 0.5123 0.3801 -0.7701
vn 0.3914 0.2963 -0.8712
vn 0.2428 0.2241 -0.9438
vn 0.3489 0.2566 -0.9014
vn 0.2233 0.1875 -0.9566
vn 0.2842 0.2054 -0.9365
vn 0.5815 0.5218 -0.6242
vn 0.2306 0.1826 -0.9558
vn 0.2320 0.1819 -0.9556
vn 0.2814 0.1999 -0.9385
vn 0.2659 0.1791 -0.9472
vn 0.2373 0.1744 -0.9556
vn 0.2524 0.1561 -0.9549
vn 0.2474 0.1664 -0.9545
vn 0.2811 0.2554 -0.9251
vn 0.7659 0.6355 -0.0974
vn 0.7578 0.6413 -0.1202
vn 0.0293 0.1421 -0.9894
vn 0.2113 0.1864 -0.9595
vn 0.4994 0.4456 -0.7430
vn 0.1915 0.2229 -0.9558
vn 0.2151 0.1880 -0.9583
vn 0.2007 0.2066 -0.9576
vn 0.7064 0.7034 -0.0790
vn 0.5601 0.5172 -0.6472
vn 0.7093 0.7038 -0.0384
vn 0.2172 0.2024 -0.9549
vn 0.6966 0.6869 -0.2070
vn 0.2762 0.2495 -0.9281
vn 0.6854 0.6773 -0.2676
vn 0.7549 0.6262 -0.1947
vn 0.4397 0.3915 -0.8083
vn 0.6814 0.6674 -0.3004
vn 0.7261 0.6824 -0.0843
vn 0.2112 0.2097 -0.9547
vn 0.6615 0.6561 -0.3633
vn 0.5801 0.5045 -0.6395
vn 0.2141 0.2075 -0.9545
vn 0.7238 0.6801 -0.1168
vn 0.6493 0.6360 -0.4170
vn 0.7816 0.6235 0.0179
vn 0.7237 0.6809 -0.1128
vn 0.2519 0.1604 -0.9544
vn 0.6617 0.5636 -0.4944
vn 0.5930 0.5787 -0.5598
vn 0.7167 0.6777 -0.1643
vn 0.5721 0.5624 -0.5969
vn 0.5190 0.4506 -0.7264
vn 0.7140 0.6616 -0.2292
vn 0.2631 0.1617 -0.9511
vn 0.2752 0.1531 -0.9491
vn 0.2627 0.1668 -0.9503
vn 0.6934 0.6555 -0.2994
vn 0.2708 0.1618 -0.9490
vn 0.2099 0.2017 -0.9567
vn 0.2211 0.1922 -0.9561
vn 0.2156 0.1984 -0.9561
vn 0.2282 0.1983 -0.9532
vn 0.5979 0.5086 -0.6195
vn 0.2263 0.1997 -0.9534
vn 0.4224 0.3644 -0.8300
vn 0.2159 0.2079 -0.9540
vn 0.2371 0.2049 -0.9496
vn 0.6841 0.6362 -0.3567
vn 0.2211 0.1615 -0.9618
vn 0.2199 0.1956 -0.9557
vn 0.2168 0.2003 -0.9554
vn 0.2186 0.1990 -0.9553
vn 0.2139 0.2195 -0.9519
vn 0.7197 0.5909 -0.3645
vn 0.5493 0.5298 -0.6462
vn 0.6574 0.6220 -0.4254
vn 0.7437 0.6683 -0.0175
vn 0.2311 0.1835 -0.9554
vn 0.2105 0.2145 -0.9538
vn 0.7555 0.6061 -0.2488
vn 0.2213 0.1987 -0.9547
vn 0.2250 0.1951 -0.9546
vn 0.2481 0.1761 -0.9526
vn 0.2272 0.1824 -0.9566
vn 0.3701 0.3183 -0.8728
vn 0.3791 0.3240 -0.8668
vn 0.2297 0.1891 -0.9547
vn 0.2230 0.1928 -0.9556
vn 0.2418 0.1771 -0.9540
vn 0.2150 0.2096 -0.9539
vn 0.2399 0.1796 -0.9540
vn 0.2568 0.1633 -0.9526
vn 0.6885 0.5649 -0.4548
vn 0.6212 0.5869 -0.5193
vn 0.6555 0.3049 -0.6909
vn 0.2375 0.1812 -0.9543
vn 0.2590 0.1586 -0.9528
vn 0.4981 0.4855 -0.7185
vn 0.2442 0.1871 -0.9515
vn 0.2334 0.2119 -0.9490
vn 0.2579 0.1685 -0.9513
vn 0.2570 0.1692 -0.9515
vn 0.6452 0.6048 -0.4669
vn 0.2462 0.1714 -0.9539
vn 0.5094 0.4262 -0.7476
vn 0.3436 0.2948 -0.8917
vn 0.2049 0.2019 -0.9577
vn 0.2634 0.2221 -0.9388
vn 0.3242 0.2747 -0.9052
vn 0.4550 0.3798 -0.8054
vn 0.4256 0.4051 -0.8092
vn 0.7900 0.6064 -0.0901
vn 0.7447 0.5961 -0.3002
vn 0.2204 0.1898 -0.9568
vn 0.2063 0.2018 -0.9575
vn 0.2086 0.1992 -0.9575
vn 0.3453 0.3300 -0.8785
vn 0.7492 0.6563 -0.0887
vn 0.7441 0.6590 -0.1096
vn 0.2537 0.2107 -0.9441
vn 0.3937 0.3773 -0.8382
vn 0.6828 0.5417 -0.4902
vn 0.5993 0.4827 -0.6386
vn 0.4835 0.4589 -0.7454
vn 0.6799 0.5378 -0.4985
vn 0.3144 0.2605 -0.9129
vn 0.7910 0.6045 -0.0944
vn 0.5401 0.4370 -0.7193
vn 0.8115 0.5818 -0.0542
vn 0.2127 0.1957 -0.9573
vn 0.3749 0.3550 -0.8564
vn 0.6068 0.4855 -0.6294
vn 0.7827 0.5975 -0.1745
vn 0.7307 0.6435 -0.2280
vn 0.7265 0.6432 -0.2418
vn 0.4291 0.4072 -0.8062
vn 0.2192 0.1905 -0.9569
vn 0.8024 0.5907 -0.0854
vn 0.2875 0.2672 -0.9198
vn 0.7457 0.5744 -0.3376
vn 0.8056 0.5703 -0.1609
vn 0.5593 0.5129 -0.6512
vn 0.7059 0.6223 -0.3383
vn 0.7000 0.6207 -0.3533
vn 0.7876 0.5797 -0.2086
vn -0.5318 -0.4341 -0.7271
vn -0.2237 -0.1560 -0.9621
vn -0.4169 -0.3940 -0.8191
vn -0.6372 -0.5588 -0.5308
vn -0.6030 -0.6014 -0.5241
vn -0.3411 -0.3269 -0.8813
vn -0.2812 -0.2791 -0.9182
vn -0.1088 -0.0785 -0.9910
vn -0.5945 -0.5712 -0.5659
vn -0.4742 -0.4151 -0.7764
vn -0.6322 -0.5821 -0.5114
vn -0.4831 -0.3849 -0.7864
vn -0.5083 -0.4267 -0.7480
vn -0.2920 -0.2758 -0.9158
vn -0.2649 -0.2600 -0.9286
vn -0.5286 -0.4054 -0.7458
vn -0.2313 -0.1482 -0.9615
vn -0.5092 -0.4009 -0.7616
vn -0.3239 -0.2928 -0.8996
vn -0.1516 -0.1369 -0.9789
vn -0.4586 -0.4054 -0.7908
vn -0.4853 -0.4419 -0.7544
vn -0.5139 -0.4308 -0.7418
vn -0.1330 -0.1164 -0.9843
vn -0.2291 -0.2121 -0.9500
vn -0.4770 -0.3947 -0.7853
vn -0.4869 -0.4186 -0.7666
vn -0.1455 -0.1034 -0.9839
vn -0.1675 -0.1214 -0.9784
vn 0.4404 -0.0181 -0.8976
vn 0.4517 -0.0396 -0.8913
vn 0.5878 -0.1652 -0.7920
vn 0.8028 -0.5261 -0.2806
vn 0.4815 -0.0390 -0.8756
vn 0.4770 -0.0362 -0.8781
vn 0.8094 -0.5230 -0.2670
vn 0.8075 -0.5216 -0.2754
vn 0.6889 -0.2986 -0.6605
vn 0.4733 -0.0396 -0.8800
vn 0.8180 -0.5123 -0.2617
vn 0.8189 -0.5057 -0.2714
vn 0.6025 -0.1534 -0.7832
vn 0.4994 -0.0547 -0.8646
vn 0.9333 0.3327 -0.1351
vn 0.7471 -0.3599 -0.5588
vn 0.9061 0.3935 -0.1555
vn 0.3740 0.0763 -0.9243
vn 0.8266 -0.4991 -0.2601
vn 0.8184 -0.4905 -0.2995
vn 0.8382 -0.4747 -0.2683
vn 0.6610 -0.1994 -0.7234
vn 0.3695 0.0798 -0.9258
vn 0.8393 -0.4601 -0.2897
vn 0.7140 -0.2161 -0.6659
vn 0.8534 -0.4642 -0.2371
vn 0.3947 0.0751 -0.9157
vn 0.6341 -0.1122 -0.7650
vn 0.8609 -0.4299 -0.2722
vn 0.8640 -0.4318 -0.2590
vn 0.4991 -0.0193 -0.8663
vn 0.3862 0.0848 -0.9185
vn 0.4742 0.0111 -0.8804
vn 0.6604 -0.1505 -0.7357
vn 0.7720 -0.2480 -0.5852
vn 0.9705 0.2037 -0.1292
vn 0.9259 -0.3709 -0.0721
vn 0.8384 -0.4813 -0.2558
vn 0.4513 0.1850 -0.8730
vn 0.8202 -0.5310 -0.2127
vn 0.7856 -0.2214 -0.5777
vn 0.7879 -0.2430 -0.5659
vn 0.7847 -0.4036 -0.4705
vn 0.3613 0.1695 -0.9169
vn 0.8331 -0.3228 -0.4491
vn 0.7126 -0.2717 -0.6469
vn 0.7444 -0.4286 -0.5121
vn 0.7123 -0.3364 -0.6160
vn 0.7447 -0.4511 -0.4918
vn 0.7638 -0.5319 -0.3657
vn 0.6452 -0.2728 -0.7137
vn 0.7538 -0.5759 -0.3166
vn 0.3012 0.1399 -0.9432
vn 0.7598 -0.5713 -0.3104
vn 0.9630 0.1038 -0.2485
vn 0.7326 -0.4640 -0.4980
vn 0.3021 0.1224 -0.9454
vn 0.9728 -0.1625 -0.1649
vn 0.9651 -0.0233 -0.2609
vn 0.7386 -0.5347 -0.4107
vn 0.6358 -0.2895 -0.7155
vn 0.5803 -0.2235 -0.7831
vn 0.6686 -0.3680 -0.6462
vn 0.4414 -0.0343 -0.8966
vn 0.9389 -0.0526 -0.3402
vn 0.8825 0.0987 -0.4599
vn 0.9376 -0.1293 -0.3228
vn 0.5552 -0.2250 -0.8007
vn 0.6684 -0.3680 -0.6464
vn 0.7393 -0.5337 -0.4106
vn 0.8796 -0.4704 -0.0706
vn 0.7152 -0.5048 -0.4834
vn 0.8666 0.1037 -0.4881
vn 0.7443 -0.6032 -0.2867
vn 0.2876 0.1221 -0.9499
vn 0.3919 -0.0003 -0.9200
vn 0.9133 -0.2052 -0.3518
vn 0.7014 -0.4607 -0.5438
vn 0.6895 0.2371 -0.6844
vn 0.8283 0.0311 -0.5594
vn 0.7159 -0.4576 -0.5273
vn 0.7381 -0.5377 -0.4074
vn 0.7327 -0.5298 -0.4272
vn 0.7419 0.0974 -0.6634
vn 0.8859 -0.4339 -0.1641
vn 0.8792 -0.1935 -0.4353
vn 0.8709 -0.2113 -0.4437
vn 0.7488 -0.6014 -0.2786
vn 0.3888 -0.0018 -0.9213
vn 0.5587 -0.2081 -0.8028
vn 0.6765 -0.3764 -0.6330
vn 0.7155 0.0702 -0.6951
vn 0.5377 0.2248 -0.8126
vn 0.4564 -0.0536 -0.8882
vn 0.6525 0.0999 -0.7512
vn 0.8092 -0.1822 -0.5587
vn 0.4713 0.2426 -0.8480
vn 0.7176 -0.4864 -0.4985
vn 0.8384 -0.4768 -0.2642
vn 0.6160 0.0382 -0.7868
vn 0.5836 -0.2275 -0.7795
vn 0.7540 -0.5921 -0.2844
vn 0.6969 -0.1095 -0.7087
vn 0.7420 -0.4981 -0.4488
vn 0.3201 0.0895 -0.9432
vn 0.7414 -0.5006 -0.4470
vn 0.5900 -0.2339 -0.7728
vn 0.5106 0.0297 -0.8593
vn 0.7461 -0.5028 -0.4365
vn 0.6840 -0.3800 -0.6226
vn 0.7623 -0.5763 -0.2947
vn 0.7008 -0.3918 -0.5961
vn 0.6330 -0.2681 -0.7262
vn 0.5203 -0.1124 -0.8465
vn 0.3275 0.0856 -0.9410
vn 0.7014 -0.3946 -0.5936
vn 0.5365 -0.0851 -0.8396
vn 0.3237 0.0887 -0.9420
vn 0.7528 -0.4900 -0.4395
vn 0.7553 -0.5216 -0.3969
vn 0.4763 -0.0375 -0.8785
vn 0.7721 -0.5791 -0.2618
vn 0.7180 -0.3948 -0.5733
vn 0.4598 -0.0475 -0.8868
vn 0.3275 0.0837 -0.9411
vn 0.4334 -0.0256 -0.9008
vn 0.6066 -0.2342 -0.7597
vn 0.7363 -0.4658 -0.4908
vn 0.7681 -0.5053 -0.3934
vn 0.7739 -0.5660 -0.2840
vn 0.6335 -0.2585 -0.7293
vn 0.7628 -0.4592 -0.4552
vn 0.7147 -0.3974 -0.5756
vn 0.7272 -0.4005 -0.5574
vn 0.7851 -0.5456 -0.2932
vn 0.6046 -0.2271 -0.7635
vn 0.7279 -0.3872 -0.5659
vn 0.7848 -0.4919 -0.3771
vn 0.7592 -0.4466 -0.4735
vn 0.7376 -0.3916 -0.5501
vn 0.6000 -0.2072 -0.7727
vn 0.6520 -0.2039 -0.7303
vn 0.7934 -0.5521 -0.2564
vn 0.3385 0.0880 -0.9368
vn 0.7419 -0.3696 -0.5595
vn 0.7683 -0.4557 -0.4495
vn 0.3430 0.0847 -0.9355
vn 0.6315 -0.2387 -0.7378
vn 0.7128 -0.3081 -0.6301
vn 0.6641 -0.2981 -0.6857
vn 0.5684 -0.1494 -0.8091
vn 0.7745 -0.4275 -0.4662
vn 0.3774 0.0471 -0.9249
vn 0.3594 0.0744 -0.9302
vn 0.7280 -0.2901 -0.6212
vn 0.7872 -0.4075 -0.4628
vn 0.7897 -0.4394 -0.4281
vn 0.3709 0.0784 -0.9253
vn 0.4973 -0.0449 -0.8664
vn 0.6506 -0.2304 -0.7237
vn 0.8109 -0.4261 -0.4011
vn 0.6627 -0.2112 -0.7185
vn 0.5126 -0.0311 -0.8581
vn 0.6115 -0.1341 -0.7798
vn 0.7575 -0.2864 -0.5867
vn 0.7679 -0.3618 -0.5285
vn 0.5011 -0.0236 -0.8651
vn 0.5116 -0.0494 -0.8578
vn 0.5090 -0.0479 -0.8594
vn 0.3980 0.0493 -0.9161
vn 0.6455 -0.1988 -0.7374
vn 0.7954 -0.3953 -0.4593
vn 0.7535 -0.2957 -0.5872
vn 0.4241 0.0425 -0.9046
vn 0.8021 -0.3985 -0.4448
vn 0.6609 -0.1989 -0.7236
vn 0.7717 -0.3094 -0.5557
vn 0.8086 -0.3834 -0.4463
vn 0.8694 -0.4214 -0.2578
vn 0.8072 -0.3514 -0.4743
vn 0.8525 -0.3726 -0.3667
vn 0.8798 -0.4254 -0.2122
vn 0.8189 -0.3515 -0.4538
vn 0.9961 0.0571 -0.0673
vn 0.7197 -0.2358 -0.6530
vn 0.6080 -0.1141 -0.7857
vn 0.7383 -0.2350 -0.6322
vn 0.9919 -0.1067 -0.0683
vn 0.8219 -0.3386 -0.4582
vn 0.8337 -0.3416 -0.4340
vn 0.9833 0.0716 -0.1674
vn 0.7384 -0.2354 -0.6320
vn 0.8758 0.3775 -0.3007
vn 0.9890 -0.0881 -0.1192
vn 0.5366 -0.0265 -0.8434
vn 0.9015 0.3008 -0.3111
vn 0.8032 -0.4878 -0.3420
vn 0.7950 -0.5132 -0.3235
vn 0.9458 -0.3076 -0.1036
vn 0.6988 -0.4215 -0.5779
vn 0.9578 -0.2393 -0.1595
vn 0.8521 0.2890 -0.4363
vn 0.2795 0.1286 -0.9515
vn 0.9509 -0.2731 -0.1460
vn 0.3901 0.0032 -0.9208
vn 0.6473 -0.3140 -0.6945
vn 0.5243 -0.1692 -0.8346
vn 0.7242 0.3039 -0.6190
vn 0.7356 -0.5025 -0.4542
vn 0.8862 -0.4556 -0.0839
vn 0.9067 -0.3672 -0.2077
vn 0.9051 -0.3497 -0.2419
vn 0.6339 -0.3267 -0.7010
vn 0.8800 -0.4552 -0.1358
vn 0.8690 -0.3583 -0.3412
vn 0.8471 -0.5142 -0.1344
vn 0.7383 -0.5140 -0.4367
vn 0.3257 0.0741 -0.9426
vn 0.8604 -0.3771 -0.3429
vn 0.6827 -0.3827 -0.6225
vn 0.8242 -0.5415 -0.1655
vn 0.8329 -0.3768 -0.4053
vn 0.4537 -0.0578 -0.8893
vn 0.4373 -0.0426 -0.8983
vn 0.8098 -0.5472 -0.2116
vn 0.3772 0.2152 -0.9008
vn 0.5895 -0.2301 -0.7743
vn 0.8037 -0.4425 -0.3979
vn 0.4450 -0.0456 -0.8944
vn 0.5343 0.0902 -0.8405
vn 0.7695 -0.3136 -0.5564
vn 0.7859 -0.5684 -0.2434
vn 0.7991 -0.5383 -0.2678
vn 0.6057 -0.2606 -0.7518
vn 0.7101 -0.3845 -0.5898
vn 0.6515 -0.1510 -0.7435
vn 0.7663 -0.4922 -0.4129
vn 0.3818 0.1350 -0.9143
vn 0.4579 -0.0249 -0.8886
vn 0.7688 -0.5921 -0.2416
vn 0.5699 -0.0677 -0.8189
vn 0.7751 -0.4278 -0.4651
vn 0.6826 -0.2583 -0.6836
vn 0.3589 0.1107 -0.9268
vn 0.7178 -0.4599 -0.5227
vn 0.7608 -0.5955 -0.2578
vn 0.4552 -0.0452 -0.8893
vn 0.7468 -0.6030 -0.2806
vn 0.4365 -0.0356 -0.8990
vn 0.5557 -0.1883 -0.8098
vn 0.7464 -0.5983 -0.2915
vn 0.5834 -0.2296 -0.7791
vn 0.7561 -0.5943 -0.2740
vn 0.6769 -0.3763 -0.6326
vn 0.7644 -0.5799 -0.2818
vn 0.4228 -0.0483 -0.9050
vn 0.7761 -0.5690 -0.2717
vn 0.4880 -0.0849 -0.8687
vn 0.4673 -0.0544 -0.8824
vn 0.4391 -0.0413 -0.8975
vn 0.6297 -0.2375 -0.7396
vn 0.7878 -0.5508 -0.2754
vn 0.3247 0.0942 -0.9411
vn -0.0406 -0.9987 -0.0297
vn -0.0740 -0.9965 -0.0392
vn 0.8385 -0.5449 -0.0001
vn -0.0350 -0.9988 -0.0335
vn 0.1982 -0.9795 -0.0353
vn 0.6360 -0.7716 -0.0088
vn 0.6867 -0.7269 -0.0124
vn 0.2079 -0.9776 -0.0335
vn 0.3928 -0.9193 -0.0254
vn 0.8458 -0.5335 -0.0029
vn 0.4577 -0.8886 -0.0294
vn 0.6521 -0.7576 -0.0263
vn 0.5680 -0.8228 -0.0203
vn 0.6880 -0.7254 -0.0187
vn 0.7861 -0.6179 -0.0172
vn 0.8268 -0.5623 -0.0146
vn 0.7798 -0.6259 -0.0158
vn 0.2019 -0.9793 -0.0111
vn 0.8471 -0.5313 -0.0071
vn 0.8840 -0.4673 -0.0092
vn 0.8905 -0.4550 -0.0045
vn 0.9292 -0.3696 -0.0004
vn -0.0880 -0.9961 0.0046
vn -0.2326 -0.9724 -0.0180
vn 0.2246 -0.9742 -0.0204
vn -0.2211 -0.9749 -0.0272
vn 0.2047 -0.9785 -0.0270
vn 0.3883 -0.9213 -0.0208
vn -0.1017 -0.9948 -0.0019
vn 0.9021 -0.4314 0.0080
vn 0.8902 -0.4555 -0.0018
vn 0.5683 -0.8226 -0.0196
vn 0.1939 -0.9808 -0.0201
vn 0.3048 -0.9524 0.0036
vn 0.4577 -0.8890 -0.0151
vn 0.5580 -0.8298 0.0032
vn 0.4573 -0.8892 -0.0091
vn 0.7701 -0.6379 0.0017
vn 0.7521 -0.6590 -0.0107
vn 0.6363 -0.7714 -0.0099
vn -0.0356 -0.9990 -0.0286
vn 0.7238 -0.6900 0.0034
vn -0.0335 -0.9992 -0.0212
vn -0.2803 -0.9590 -0.0432
vn -0.2999 -0.9531 -0.0407
vn 0.9143 -0.4051 0.0007
vn 0.9134 -0.4070 -0.0007
vn 0.9048 -0.4259 -0.0002
vn 0.8947 -0.4467 0.0036
vn 0.9023 -0.4310 -0.0028
vn 0.8763 -0.4818 -0.0007
vn 0.8166 -0.5772 0.0076
vn 0.8535 -0.5195 0.0412
vn 0.6978 -0.6631 0.2708
vn 0.7057 -0.6563 0.2670
vn -0.0572 -0.1033 0.9930
vn 0.3159 -0.1392 0.9385
vn 0.7499 -0.6320 0.1955
vn 0.8251 -0.5647 0.0210
vn 0.8054 -0.5900 0.0560
vn 0.8612 -0.5081 0.0090
vn 0.7853 -0.6087 0.1129
vn 0.8044 -0.5911 0.0590
vn 0.8723 -0.4890 0.0021
vn 0.8075 -0.5889 0.0336
vn 0.8464 -0.5325 0.0012
vn 0.7950 -0.5984 0.0994
vn 0.8686 -0.4955 0.0105
vn 0.8484 -0.5293 0.0026
vn 0.8215 -0.5698 0.0195
vn 0.8599 -0.5104 0.0058
vn 0.8187 -0.5735 0.0293
vn 0.8165 -0.5767 0.0252
vn 0.8452 -0.5343 0.0107
vn 0.8831 -0.4691 0.0076
vn 0.8791 -0.4767 0.0047
vn 0.8312 -0.5558 0.0114
vn 0.8278 -0.5585 0.0536
vn 0.8309 -0.5562 0.0136
vn 0.7041 -0.6588 0.2650
vn 0.7197 -0.6491 0.2463
vn 0.8526 -0.5217 0.0301
vn 0.8395 -0.5427 0.0282
vn 0.8346 -0.5508 0.0051
vn 0.8784 -0.4778 -0.0059
vn 0.8946 -0.4468 0.0038
vn 0.7525 -0.6310 0.1885
vn 0.7525 -0.6310 0.1888
vn 0.8081 -0.5787 0.1101
vn 0.8684 -0.4949 0.0308
vn 0.8326 -0.5538 0.0069
vn 0.7615 -0.6200 0.1892
vn 0.7977 -0.5919 0.1158
vn 0.8222 -0.5635 0.0810
vn 0.8667 -0.4977 0.0339
vn 0.5289 -0.0451 -0.8475
vn 0.8831 -0.4690 0.0127
vn 0.8487 -0.5283 0.0249
vn 0.8489 -0.5280 0.0243
vn 0.8418 -0.5398 0.0028
vn 0.9113 -0.4116 -0.0058
vn 0.9139 -0.4057 -0.0156
vn 0.8363 -0.5431 0.0749
vn 0.8948 -0.4465 0.0040
vn 0.9043 -0.4268 0.0009
vn 0.8893 -0.4572 0.0104
vn 0.8989 -0.4381 -0.0029
vn 0.6759 -0.6768 0.2918
vn 0.6750 -0.6763 0.2950
vn 0.6606 -0.6928 0.2892
vn 0.6589 -0.6920 0.2950
vn 0.6569 -0.7000 0.2800
vn 0.6401 -0.7073 0.3001
vn 0.6419 -0.7092 0.2916
vn 0.6314 -0.7166 0.2962
vn 0.6330 -0.7186 0.2881
vn 0.6346 -0.7229 0.2734
vn 0.6022 -0.7340 0.3141
vn 0.6934 -0.7206 0.0057
vn 0.6959 -0.7179 0.0165
vn 0.6613 -0.7500 0.0134
vn 0.6615 -0.7457 0.0795
vn 0.6703 -0.7404 0.0497
vn 0.6963 -0.7177 0.0017
vn 0.6955 -0.7185 0.0039
vn 0.6614 -0.7474 0.0623
vn 0.6470 -0.7451 0.1621
vn 0.6949 -0.7190 0.0081
vn 0.6662 -0.7457 0.0001
vn 0.6637 -0.7480 0.0038
vn 0.6465 -0.7415 0.1793
vn 0.6412 -0.7401 0.2026
vn 0.6818 -0.7302 0.0441
vn 0.6754 -0.7358 0.0495
vn 0.6853 -0.7282 0.0093
vn 0.6638 -0.7468 0.0418
vn 0.7004 -0.7137 0.0118
vn 0.6655 -0.7456 0.0338
vn 0.6719 -0.7316 0.1153
vn 0.6992 -0.7149 0.0114
vn 0.6628 -0.7483 0.0271
vn 0.6774 -0.7352 0.0262
vn 0.6791 -0.7295 0.0821
vn 0.6332 -0.7740 0.0066
vn 0.6659 -0.7396 0.0977
vn 0.6592 -0.7462 0.0928
vn 0.8834 -0.4570 -0.1041
vn 0.8678 -0.4774 -0.1379
vn 0.7841 -0.5848 -0.2077
vn 0.8231 -0.5360 -0.1878
vn 0.8969 -0.4403 -0.0416
vn 0.8391 -0.5201 -0.1594
vn 0.8819 -0.4598 -0.1041
vn 0.1053 -0.9883 -0.1101
vn 0.3815 -0.9227 -0.0554
vn 0.0892 -0.9945 -0.0549
vn 0.8445 -0.5274 -0.0935
vn 0.8866 -0.4552 -0.0823
vn 0.2029 -0.9792 -0.0010
vn 0.9042 -0.4252 -0.0408
vn 0.4453 -0.8943 -0.0440
vn 0.6762 -0.7334 -0.0698
vn 0.8603 -0.5063 -0.0588
vn 0.9055 -0.4231 -0.0327
vn 0.8849 -0.4652 -0.0224
vn 0.3277 0.0380 -0.9440
vn 0.5050 -0.0696 -0.8603
vn 0.7765 -0.2585 -0.5746
vn 0.7528 -0.2544 -0.6072
vn 0.6865 -0.1886 -0.7022
vn 0.8804 -0.4210 -0.2184
vn 0.5242 -0.1391 -0.8401
vn 0.2920 -0.0672 -0.9540
vn 0.7656 -0.2956 -0.5713
vn 0.4821 -0.1385 -0.8651
vn 0.4808 -0.1535 -0.8633
vn 0.1976 -0.0552 -0.9787
vn 0.7451 -0.3061 -0.5926
vn 0.1988 -0.1249 -0.9720
vn 0.1915 -0.1245 -0.9736
vn 0.5448 -0.2361 -0.8047
vn 0.8754 -0.4228 -0.2342
vn 0.8201 -0.3975 -0.4116
vn 0.1572 -0.2170 -0.9634
vn 0.8751 -0.4414 -0.1984
vn 0.3062 -0.2945 -0.9052
vn 0.2047 -0.2613 -0.9433
vn 0.3865 -0.3525 -0.8523
vn 0.1231 -0.2920 -0.9485
vn 0.8369 -0.4377 -0.3287
vn 0.1673 -0.3737 -0.9123
vn 0.6758 -0.4406 -0.5909
vn -0.4043 -0.5058 -0.7620
vn 0.8713 -0.4470 -0.2027
vn 0.8796 -0.4585 -0.1272
vn 0.6907 -0.4519 -0.5645
vn -0.0702 -0.4866 -0.8708
vn 0.0306 -0.4630 -0.8858
vn -0.3563 -0.6671 -0.6543
vn -0.4501 -0.7153 -0.5346
vn 0.6115 -0.5466 -0.5720
vn 0.7384 -0.5166 -0.4334
vn 0.6745 -0.5177 -0.5263
vn 0.6046 -0.5650 -0.5614
vn 0.6089 -0.5456 -0.5758
vn 0.8477 -0.4749 -0.2363
vn -0.3536 -0.8852 -0.3023
vn 0.4582 -0.6890 -0.5615
vn 0.5297 -0.6697 -0.5205
vn 0.7319 -0.5638 -0.3828
vn -0.0526 -0.7995 -0.5984
vn 0.5793 -0.6757 -0.4559
vn 0.7408 -0.5732 -0.3502
vn 0.7287 -0.5915 -0.3451
vn 0.1601 -0.8637 -0.4779
vn 0.4627 -0.7795 -0.4223
vn -0.0823 -0.9960 -0.0346
vn 0.5362 -0.7384 -0.4088
vn 0.6583 -0.6941 -0.2912
vn 0.7294 -0.6171 -0.2952
vn 0.4554 -0.8109 -0.3675
vn 0.3238 0.0844 -0.9424
vn 0.6109 -0.1073 -0.7844
vn 0.3476 0.0399 -0.9368
vn 0.4550 -0.0164 -0.8904
vn 0.5839 -0.7676 -0.2644
vn 0.6515 -0.7081 -0.2722
vn 0.6633 -0.1512 -0.7330
vn -0.3689 -0.9150 -0.1632
vn -0.0533 -0.9831 -0.1749
vn 0.6253 -0.2257 -0.7471
vn 0.6771 -0.7192 -0.1558
vn 0.6471 -0.2324 -0.7261
vn 0.7554 -0.6340 -0.1657
vn 0.7532 -0.6364 -0.1665
vn 0.7987 -0.5913 -0.1115
vn 0.6446 -0.7562 -0.1128
vn 0.8558 -0.5114 -0.0781
vn 0.6298 -0.2874 -0.7217
vn 0.7651 -0.6408 -0.0636
vn 0.7713 -0.3690 -0.5186
vn 0.3484 -0.0302 -0.9369
vn 0.2826 -0.0254 -0.9589
vn 0.8378 -0.3752 -0.3966
vn 0.8511 -0.3784 -0.3638
vn 0.3747 -0.1237 -0.9189
vn 0.3845 -0.2067 -0.8997
vn 0.4399 -0.2529 -0.8617
vn 0.4961 -0.2795 -0.8221
vn 0.6676 -0.3372 -0.6638
vn 0.3417 -0.4170 -0.8422
vn 0.0240 -0.4019 -0.9154
vn 0.3631 -0.5199 -0.7732
vn 0.3045 -0.5361 -0.7873
vn -0.0560 -0.5416 -0.8388
vn -0.0657 -0.5439 -0.8366
vn 0.7495 -0.3784 -0.5432
vn 0.1361 -0.6036 -0.7856
vn 0.2798 -0.5926 -0.7554
vn 0.6550 -0.3843 -0.6506
vn 0.5602 -0.3439 -0.7536
vn 0.3729 -0.6327 -0.6787
vn -0.2697 -0.6275 -0.7304
vn -0.1794 -0.6470 -0.7411
vn 0.1364 -0.6963 -0.7047
vn 0.6626 -0.3926 -0.6378
vn 0.3644 -0.6728 -0.6438
vn 0.0678 -0.7126 -0.6983
vn 0.5283 -0.3788 -0.7599
vn -0.3270 -0.7113 -0.6222
vn 0.7694 -0.4355 -0.4674
vn 0.3258 -0.7825 -0.5307
vn 0.0882 -0.7740 -0.6270
vn 0.8563 -0.4494 -0.2545
vn 0.7518 -0.4398 -0.4912
vn 0.3556 -0.7971 -0.4881
vn 0.3985 -0.4559 -0.7958
vn -0.0170 -0.8506 -0.5255
vn 0.8059 -0.4510 -0.3837
vn -0.3685 -0.8056 -0.4640
vn 0.5368 -0.4621 -0.7059
vn 0.5714 -0.4318 -0.6979
vn 0.7450 -0.4617 -0.4814
vn 0.2005 -0.8950 -0.3985
vn 0.2914 -0.8876 -0.3568
vn -0.0593 -0.9176 -0.3931
vn -0.2762 -0.9149 -0.2944
vn -0.0738 -0.9393 -0.3350
vn 0.1089 -0.9556 -0.2737
vn 0.5748 -0.7797 -0.2484
vn 0.5103 -0.8269 -0.2365
vn 0.8160 -0.4768 -0.3267
vn -0.2021 -0.9636 -0.1748
vn -0.2242 -0.9581 -0.1784
vn 0.4632 -0.8700 -0.1689
vn 0.5464 -0.8282 -0.1245
vn 0.3295 -0.9336 -0.1408
vn 0.3662 -0.9155 -0.1664
vn 0.7739 -0.4884 -0.4031
vn 0.5974 -0.5710 -0.5630
vn -0.1832 -0.8662 -0.4650
vn 0.2130 -0.9393 -0.2690
vn 0.2983 -0.9043 -0.3054
vn 0.7986 -0.4875 -0.3531
vn 0.8533 -0.4778 -0.2088
vn 0.8194 -0.5121 -0.2574
vn 0.8744 -0.4686 -0.1258
vn 0.8176 -0.5148 -0.2578
vn 0.8502 -0.4847 -0.2054
vn 0.9431 -0.3323 -0.0117
vn 0.9273 -0.3729 -0.0340
vn 0.8789 -0.4765 -0.0206
vn 0.9699 -0.2390 -0.0469
vn 0.9861 -0.1584 -0.0497
vn 0.8770 -0.4800 -0.0226
vn 0.9272 0.3692 -0.0628
vn 0.9753 0.2205 -0.0128
vn -0.1938 -0.9669 0.1659
vn 0.0123 -0.9967 -0.0802
vn 0.2838 -0.9357 0.2095
vn 0.5660 -0.8230 -0.0491
vn 0.7232 -0.6552 0.2184
vn 0.8300 -0.5564 -0.0406
vn 0.8743 -0.4509 0.1799
vn 0.9073 -0.4108 0.0895
vn 0.9126 -0.4052 -0.0553
vn 0.8796 -0.4307 0.2022
vn 0.8663 -0.4993 -0.0112
vn 0.8548 -0.5073 0.1093
vn -0.0000 -0.0000 1.0000
vn 0.0007 -0.0005 1.0000
vn 0.0012 -0.0008 1.0000
vn 0.0005 -0.0005 1.0000
vn 0.0011 -0.0005 1.0000
vn -0.0001 -0.0001 1.0000
vn 0.0011 -0.0006 1.0000
vn 0.0003 -0.0001 1.0000
vn 0.0012 -0.0009 1.0000
vn 0.5959 0.5342 0.5996
vn 0.5780 0.5723 0.5817
vn -0.2104 -0.1830 0.9603
vn 0.6944 0.5161 0.5015
vn 0.6031 0.6566 0.4530
vn -0.1319 -0.1017 0.9860
vn -0.1428 -0.1883 0.9717
vn 0.6663 0.6520 0.3619
vn -0.1399 -0.0999 0.9851
vn 0.6469 0.6623 0.3780
vn -0.0658 -0.0662 0.9956
vn -0.0661 -0.0764 0.9949
vn 0.6744 0.6861 0.2729
vn -0.0341 -0.0402 0.9986
vn 0.6646 0.7001 0.2612
vn 0.6969 0.6848 0.2132
vn 0.0062 0.0274 0.9996
vn 0.0240 -0.0318 0.9992
vn 0.7020 0.6972 0.1453
vn 0.7236 0.6653 0.1839
vn 0.0259 0.0778 0.9966
vn 0.1044 0.1031 0.9892
vn 0.8117 0.5782 0.0822
vn 0.1063 0.1424 0.9841
vn 0.7355 0.6735 0.0743
vn 0.6584 0.7526 0.0013
vn 0.1846 0.1645 0.9690
vn 0.1834 0.1737 0.9676
vn 0.6645 0.7471 0.0136
vn 0.2702 0.2861 0.9193
vn 0.2778 0.2839 0.9177
vn 0.3718 0.4435 0.8155
vn 0.4219 0.3496 0.8365
vn 0.4968 0.4708 0.7291
vn 0.4278 0.4823 0.7644
vn 0.4609 0.5335 0.7092
vn 0.5408 0.5255 0.6568
vn -0.2055 -0.1970 0.9586
vn -0.2085 -0.1962 0.9581
vn -0.2111 -0.1997 0.9568
vn -0.2074 -0.2015 0.9573
vn -0.2076 -0.2016 0.9572
vn -0.2164 -0.1973 0.9562
vn -0.2008 -0.2185 0.9549
vn -0.2153 -0.1961 0.9567
vn -0.2102 -0.1907 0.9589
vn -0.1947 -0.2132 0.9574
vn -0.7636 -0.6437 0.0512
vn -0.3374 -0.3810 0.8608
vn -0.3530 -0.3075 0.8837
vn -0.7879 -0.6155 0.0185
vn -0.7867 -0.6172 0.0129
vn -0.7337 -0.6773 0.0538
vn -0.6991 -0.7079 0.1004
vn -0.2784 -0.2443 0.9289
vn -0.2792 -0.2646 0.9231
vn -0.7149 -0.6871 0.1299
vn -0.6922 -0.7019 0.1678
vn -0.6810 -0.7107 0.1767
vn -0.6846 -0.6961 0.2163
vn -0.6248 -0.7335 0.2675
vn -0.6615 -0.6769 0.3228
vn -0.5678 -0.6922 0.4456
vn -0.7050 -0.5928 0.3893
vn -0.6046 -0.6153 0.5059
vn -0.6140 -0.5819 0.5334
vn -0.5538 -0.5492 0.6259
vn -0.6183 -0.5248 0.5850
vn -0.5303 -0.4760 0.7016
vn -0.5224 -0.5097 0.6836
vn -0.4269 -0.4602 0.7784
vn -0.4341 -0.4175 0.7983
vn -0.0001 0.0001 1.0000
vn -0.0001 0.0004 1.0000
vn 0.0005 -0.0018 1.0000
vn 0.0047 0.0009 1.0000
vn 0.0046 0.0012 1.0000
vn 0.0006 0.0003 1.0000
vn 0.0030 0.0040 1.0000
vn 0.0015 0.0023 1.0000
vn 0.0022 0.0017 1.0000
vn 0.0034 0.0029 1.0000
vn 0.0002 -0.0002 1.0000
vn 0.0052 0.0041 1.0000
vn 0.0035 0.0027 1.0000
vn 0.8851 -0.4550 0.0976
vn 0.8864 -0.4536 0.0922
vn 0.9645 -0.2403 0.1099
vn 0.9647 -0.2542 0.0686
vn 0.9806 0.1833 0.0689
vn 0.9827 0.1759 0.0577
vn 0.8005 0.5854 0.1288
vn 0.7938 0.6048 -0.0639
vn 0.7633 0.6159 0.1949
vn 0.7575 0.6521 -0.0311
vn 0.7181 0.6629 0.2116
vn 0.7252 0.6847 0.0727
vn 0.6949 -0.7115 0.1047
vn 0.6765 -0.7364 -0.0066
vn 0.6583 -0.7418 0.1283
vn 0.7249 -0.6809 0.1047
vn -0.7250 0.3750 0.5777
vn -0.7616 0.2964 0.5763
vn -0.7540 0.2409 0.6111
vn -0.7659 0.3070 0.5649
vn -0.7543 0.2413 0.6106
vn -0.7655 0.1372 0.6286
vn -0.8274 0.1994 0.5250
vn -0.9131 0.0374 0.4059
vn -0.8972 0.1950 0.3963
vn -0.9485 0.0712 0.3087
vn -0.9369 0.1084 0.3323
vn -0.9425 0.0377 0.3321
vn -0.7012 0.3556 0.6180
vn -0.9915 -0.0587 0.1161
vn 0.0903 -0.7002 0.7082
vn -0.9984 -0.0049 0.0569
vn -0.9983 -0.0018 0.0582
vn -0.4498 -0.5461 0.7067
vn -0.8747 0.1737 0.4525
vn -0.8319 0.0754 0.5497
vn -0.8753 0.1259 0.4669
vn -0.9979 -0.0168 0.0631
vn -0.9974 0.0694 0.0185
vn -0.9981 0.0606 0.0120
vn -0.9973 0.0722 0.0091
vn -0.4517 0.0652 0.8898
vn -0.5007 0.1173 0.8576
vn -0.6183 0.2403 0.7484
vn -0.6898 0.3380 0.6402
vn -0.6526 0.3502 0.6720
vn 0.6917 -0.7085 0.1401
vn -0.6787 0.3243 0.6589
vn -0.6301 0.2679 0.7289
vn -0.6807 0.3909 0.6195
vn -0.6619 0.3474 0.6642
vn -0.4467 0.0466 0.8935
vn -0.5785 0.1944 0.7922
vn -0.7471 0.4127 0.5211
vn -0.6304 0.2818 0.7233
vn -0.7581 0.5572 0.3388
vn -0.6286 0.2310 0.7426
vn -0.6828 0.4043 0.6086
vn -0.7634 0.4777 0.4348
vn -0.6774 0.3652 0.6386
vn -0.6932 0.3984 0.6006
vn -0.5128 0.1109 0.8513
vn -0.7163 0.4492 0.5340
vn -0.6753 0.3535 0.6474
vn -0.7185 0.4376 0.5406
vn -0.7390 0.4447 0.5061
vn -0.6427 0.2563 0.7220
vn -0.6726 0.3489 0.6526
vn -0.7617 0.5326 0.3690
vn -0.6965 0.3704 0.6146
vn -0.4950 0.1088 0.8620
vn -0.6760 0.3272 0.6603
vn -0.6999 0.4032 0.5896
vn -0.7106 0.3752 0.5952
vn -0.7182 0.4173 0.5569
vn -0.5466 0.5051 0.6679
vn 0.1328 0.9460 0.2959
vn 0.2567 0.9353 0.2436
vn -0.5729 0.5844 0.5747
vn -0.5103 0.4111 0.7554
vn -0.4532 0.7349 0.5045
vn -0.4199 0.7056 0.5708
vn -0.1725 0.6686 0.7234
vn -0.4345 0.7455 0.5054
vn -0.4575 0.7887 0.4107
vn -0.0529 0.7967 0.6021
vn -0.4366 0.8079 0.3957
vn -0.4167 0.8401 0.3472
vn -0.5200 0.4686 0.7142
vn -0.0139 0.8634 0.5043
vn -0.4057 0.8705 0.2786
vn -0.2102 0.9024 0.3762
vn 0.0759 0.8941 0.4413
vn -0.2241 0.9272 0.3002
vn -0.6310 0.3006 0.7152
vn 0.6982 0.5613 0.4444
vn -0.2762 0.9388 0.2061
vn 0.1465 0.9424 0.3008
vn -0.6595 0.3098 0.6849
vn -0.3552 0.9137 0.1974
vn -0.6240 0.3544 0.6965
vn 0.1506 0.9755 0.1604
vn -0.1069 0.9793 0.1721
vn -0.3223 0.9411 0.1027
vn -0.4086 0.9030 0.1327
vn -0.5932 0.3517 0.7242
vn -0.6646 0.3237 0.6734
vn -0.0255 0.9978 0.0615
vn 0.0102 0.9975 0.0699
vn -0.6142 0.3226 0.7202
vn -0.5978 0.3735 0.7093
vn -0.4685 0.3359 0.8171
vn -0.6377 0.5036 0.5829
vn -0.7080 0.2893 0.6442
vn -0.6847 0.4764 0.5516
vn -0.6369 0.5001 0.5868
vn -0.4557 0.5208 0.7219
vn -0.6329 0.3095 0.7097
vn -0.3456 0.4843 0.8038
vn -0.5893 0.2420 0.7708
vn -0.6663 0.5140 0.5402
vn -0.6656 0.5135 0.5416
vn -0.4960 0.7671 0.4068
vn 0.0621 0.6437 0.7628
vn -0.0171 0.7631 0.6461
vn -0.2940 0.7731 0.5621
vn -0.2990 0.8405 0.4518
vn -0.0607 0.8667 0.4952
vn -0.5024 0.8239 0.2623
vn -0.0066 0.9117 0.4107
vn 0.2967 0.8592 0.4168
vn -0.2764 0.9148 0.2946
vn -0.5646 0.5274 0.6349
vn 0.1503 0.9417 0.3009
vn -0.0932 -0.9770 0.1919
vn 0.1322 -0.9830 0.1276
vn -0.3143 -0.9469 0.0675
vn -0.1933 -0.9759 0.1015
vn 0.1988 -0.9800 0.0096
vn 0.3144 -0.7199 0.6188
vn 0.1241 -0.9829 0.1362
vn -0.0094 -0.9913 0.1316
vn -0.0673 -0.9950 0.0740
vn 0.1917 -0.7563 0.6255
vn 0.2801 -0.8003 0.5301
vn 0.1820 -0.9781 0.1006
vn -0.2115 -0.9704 0.1162
vn 0.2759 -0.8669 0.4152
vn -0.2043 -0.9719 0.1172
vn -0.1932 -0.8163 0.5444
vn 0.3050 -0.9517 0.0356
vn 0.2172 -0.8964 0.3864
vn 0.1347 -0.8870 0.4417
vn 0.0099 -0.8018 0.5975
vn 0.2752 -0.9610 0.0265
vn -0.3298 -0.8012 0.4992
vn 0.1510 -0.9428 0.2971
vn -0.1642 -0.9856 0.0400
vn 0.1892 -0.9796 0.0670
vn 0.1464 -0.9558 0.2550
vn 0.1284 -0.9659 0.2248
vn 0.1883 -0.8362 0.5151
vn 0.2023 -0.9622 0.1825
vn 0.2584 -0.6557 0.7094
vn 0.0722 -0.5260 0.8474
vn 0.2616 -0.5355 0.8030
vn 0.3120 -0.5715 0.7590
vn 0.3489 -0.5956 0.7236
vn 0.3105 -0.5719 0.7592
vn 0.2465 -0.5504 0.7977
vn 0.3146 -0.6055 0.7310
vn 0.3470 -0.5981 0.7224
vn 0.2771 -0.5657 0.7766
vn 0.2751 -0.5700 0.7742
vn 0.2448 -0.5575 0.7933
vn 0.9954 -0.0483 0.0826
vn 0.9931 0.0882 0.0776
vn 0.9995 -0.0239 -0.0208
vn 0.7100 -0.3839 0.5903
vn 0.4200 -0.5942 0.6860
vn 0.4944 -0.5551 0.6689
vn 0.3927 -0.5161 0.7612
vn 0.3148 -0.3974 0.8620
vn 0.6753 -0.4887 0.5525
vn 0.5010 -0.3943 0.7704
vn 0.7308 -0.3025 0.6119
vn 0.3986 -0.5590 0.7270
vn 0.7249 -0.2995 0.6203
vn 0.8361 -0.5389 0.1031
vn 0.7504 -0.1797 0.6361
vn 0.4744 -0.4342 0.7658
vn 0.7400 -0.1688 0.6511
vn 0.4784 -0.4099 0.7766
vn 0.5555 -0.5160 0.6520
vn 0.8288 -0.1420 0.5412
vn 0.8315 -0.1550 0.5335
vn 0.6086 -0.4011 0.6846
vn 0.6021 -0.3740 0.7054
vn 0.9028 -0.1339 0.4087
vn 0.7568 0.1036 0.6454
vn 0.7002 -0.3601 0.6165
vn 0.6094 -0.2980 0.7347
vn 0.6139 -0.3128 0.7248
vn 0.7314 -0.3127 0.6061
vn 0.8954 -0.1630 0.4144
vn 0.8163 0.1910 0.5451
vn 0.7513 -0.6487 -0.1211
vn 0.9284 -0.0305 0.3703
vn 0.9590 -0.0592 0.2770
vn 0.9568 -0.1445 0.2523
vn 0.9318 -0.0944 0.3505
vn 0.9757 -0.1212 0.1825
vn 0.9660 0.0182 0.2580
vn 0.9824 -0.0874 0.1649
vn 0.9616 0.2005 0.1874
vn 0.9824 -0.0866 0.1657
vn 0.9620 0.1991 0.1867
vn 0.9925 0.0318 0.1181
vn 0.9886 0.0636 0.1367
vn -0.7542 -0.6540 -0.0589
vn -0.7282 -0.6839 -0.0459
vn -0.7208 -0.6913 -0.0511
vn -0.7135 -0.6986 -0.0537
vn -0.7315 -0.6801 -0.0484
vn -0.7276 -0.6823 -0.0715
vn -0.9248 0.3738 -0.0705
vn -0.8601 0.5084 -0.0419
vn -0.9279 0.3666 -0.0680
vn -0.9930 0.0814 -0.0861
vn -0.9934 0.0692 -0.0915
vn -0.9972 -0.0440 -0.0612
vn -0.9400 -0.3357 -0.0601
vn -0.9396 -0.3368 -0.0610
vn -0.8393 -0.5390 -0.0711
vn -0.8236 -0.5648 -0.0515
vn -0.7630 -0.6408 -0.0849
vn -0.7824 -0.6201 -0.0576
vn -0.7633 -0.6431 -0.0622
vn -0.7688 -0.6372 -0.0543
vn -0.7503 -0.6581 -0.0629
vn -0.7976 0.6025 -0.0284
vn -0.8140 0.5783 -0.0550
vn -0.6982 0.7157 -0.0140
vn -0.6986 0.7153 -0.0179
vn -0.6987 0.7152 -0.0178
vn -0.6349 0.7719 0.0336
vn 0.6559 0.6961 0.2919
vn 0.6657 0.6887 0.2872
vn 0.4462 0.8531 0.2704
vn 0.4232 0.8622 0.2784
vn 0.2988 0.9201 0.2533
vn 0.1825 0.9465 0.2660
vn -0.0359 0.9805 0.1933
vn -0.0889 0.9752 0.2025
vn -0.3942 0.9137 0.0988
vn -0.4155 0.9065 0.0752
vn 0.5727 0.7656 0.2930
vn 0.5997 0.7449 0.2923
vn 0.5888 0.7597 0.2761
vn 0.6148 0.7385 0.2770
vn 0.6280 0.7233 0.2872
vn 0.6217 0.7339 0.2736
vn 0.6398 0.7135 0.2855
vn 0.6468 0.7045 0.2920
vn 0.6387 0.7144 0.2858
vn 0.6771 0.6806 0.2798
vn 0.6644 0.6937 0.2780
vn 0.6951 0.6575 0.2909
vn 0.7061 0.6468 0.2881
vn 0.7187 0.6284 0.2975
vn 0.7101 0.6356 0.3029
vn 0.7225 0.6289 0.2874
vn 0.7421 0.6090 0.2798
vn 0.7638 0.5871 0.2680
vn 0.7492 0.5991 0.2824
vn 0.7565 0.5911 0.2797
vn 0.7662 0.5716 0.2936
vn -0.7334 -0.2385 -0.6366
vn -0.5761 -0.3595 -0.7340
vn -0.2970 -0.0753 -0.9519
vn -0.2261 -0.1622 -0.9605
vn -0.3001 -0.2329 -0.9250
vn -0.5293 -0.3552 -0.7705
vn -0.5085 -0.3351 -0.7932
vn -0.3925 0.0428 -0.9187
vn -0.5041 -0.0410 -0.8627
vn -0.2580 -0.0559 -0.9645
vn -0.2775 -0.0761 -0.9577
vn -0.9480 -0.0748 0.3092
vn -0.4022 0.2701 -0.8748
vn -0.8532 0.1277 -0.5056
vn -0.5069 -0.0415 -0.8610
vn -0.4607 0.3318 -0.8232
vn -0.4524 0.4875 -0.7468
vn -0.5297 0.5683 -0.6296
vn -0.3018 0.5748 -0.7606
vn -0.3140 0.6077 -0.7294
vn 0.4801 0.4295 -0.7649
vn 0.6164 0.4998 -0.6085
vn 0.6976 0.5484 -0.4612
vn 0.7689 0.6112 -0.1877
vn 0.6575 0.6712 -0.3423
vn 0.5979 0.6117 -0.5181
vn 0.5400 0.5003 -0.6768
vn 0.6952 0.6285 -0.3487
vn 0.5039 0.4867 -0.7136
vn 0.7073 0.6620 -0.2479
vn 0.6926 0.6307 -0.3501
vn 0.7198 0.6274 -0.2972
vn 0.7006 0.5853 -0.4081
vn 0.6923 0.6289 -0.3539
vn 0.6980 0.5894 -0.4068
vn 0.6875 0.5902 -0.4231
vn 0.5182 0.4752 -0.7111
vn 0.6786 0.6093 -0.4101
vn 0.6221 0.5833 -0.5223
vn -0.1711 0.5441 -0.8214
vn -0.4560 0.6896 -0.5626
vn -0.2284 0.5670 -0.7914
vn -0.5110 0.7151 -0.4769
vn -0.5469 0.7324 -0.4056
vn -0.4287 0.6451 -0.6325
vn -0.2946 0.5962 -0.7468
vn -0.1730 0.5487 -0.8179
vn -0.3230 0.6625 -0.6758
vn -0.1701 0.8049 -0.5684
vn 0.0599 0.6136 -0.7874
vn -0.2585 0.6378 -0.7255
vn -0.6505 0.7555 0.0776
vn -0.2604 0.6398 -0.7231
vn 0.0833 0.8761 -0.4748
vn 0.2790 0.7816 -0.5579
vn -0.1556 0.9170 0.3674
vn 0.0529 0.9064 -0.4192
vn 0.5953 0.6387 -0.4876
vn 0.5059 0.8352 -0.2156
vn 0.3183 0.5831 -0.7474
vn 0.5958 0.6506 -0.4709
vn -0.7021 -0.5975 0.3873
vn -0.5999 -0.5089 0.6174
vn -0.6544 -0.6375 0.4067
vn -0.5960 -0.5431 0.5915
vn -0.4913 -0.4379 0.7529
vn -0.5896 -0.5274 0.6118
vn -0.6914 -0.6047 0.3953
vn -0.6487 -0.5897 0.4811
vn -0.6539 -0.6011 0.4595
vn -0.4521 -0.4339 0.7794
vn -0.6289 -0.5846 0.5126
vn -0.6294 -0.5890 0.5070
vn -0.5042 -0.5828 0.6373
vn -0.4816 -0.4696 0.7400
vn -0.6137 -0.6279 0.4786
vn -0.4978 -0.4958 0.7115
vn -0.8925 -0.3683 0.2602
vn -0.7029 -0.5993 0.3831
vn -0.7506 -0.5226 0.4044
vn -0.7662 -0.5854 0.2650
vn -0.6829 -0.5907 0.4297
vn 0.3315 0.2387 0.9128
vn 0.4698 0.3959 0.7890
vn 0.5501 0.4119 0.7264
vn 0.6150 0.4910 0.6170
vn 0.6132 0.4926 0.6176
vn 0.5331 0.3928 0.7494
vn 0.4694 0.4064 0.7839
vn 0.5401 0.3883 0.7466
vn 0.5535 0.4089 0.7256
vn 0.3199 0.2423 0.9159
vn 0.3296 0.2470 0.9113
vn -0.6834 -0.7272 -0.0645
vn -0.6622 -0.7478 -0.0481
vn -0.6962 -0.7154 -0.0591
vn -0.6920 -0.7196 -0.0583
vn -0.6704 -0.7373 -0.0837
vn 0.5451 -0.8365 -0.0554
vn 0.4077 -0.9109 -0.0631
vn 0.4329 -0.8984 -0.0746
vn 0.2212 -0.9745 -0.0385
vn 0.1472 -0.9860 -0.0779
vn -0.0581 -0.9966 -0.0586
vn -0.1013 -0.9915 -0.0815
vn -0.3412 -0.9384 -0.0547
vn -0.3430 -0.9377 -0.0559
vn -0.5362 -0.8404 -0.0787
vn -0.5162 -0.8538 -0.0677
vn -0.5848 -0.8088 -0.0627
vn -0.6600 -0.7431 -0.1108
vn -0.6233 -0.7799 -0.0559
vn -0.6369 -0.7695 -0.0477
vn -0.6400 -0.7666 -0.0515
vn -0.6569 -0.7528 -0.0424
vn 0.5939 0.7898 0.1533
vn 0.6058 0.7948 0.0350
vn 0.6514 0.7546 0.0794
vn 0.6512 0.7533 0.0921
vn 0.6869 0.7160 0.1246
vn 0.6914 0.7171 0.0876
vn -0.1680 -0.2482 -0.9540
vn -0.3780 -0.4503 -0.8089
vn -0.5259 -0.6375 -0.5631
vn -0.5145 -0.6657 -0.5405
vn -0.1550 -0.2263 -0.9617
vn -0.1657 -0.2422 -0.9560
vn -0.3170 -0.3532 -0.8802
vn -0.5384 -0.5277 -0.6570
vn -0.5383 -0.5278 -0.6570
vn -0.2326 -0.2355 -0.9436
vn -0.4538 -0.4897 -0.7445
vn -0.1950 -0.2108 -0.9579
vn -0.4848 -0.5364 -0.6909
vn -0.2000 -0.2218 -0.9544
vn -0.3045 -0.3112 -0.9002
vn -0.4565 -0.5207 -0.7214
vn -0.2998 -0.3087 -0.9027
vn -0.3081 -0.3652 -0.8785
vn -0.2726 -0.3146 -0.9092
vn -0.5886 -0.6301 -0.5065
vn -0.2815 -0.3170 -0.9057
vn -0.5857 -0.6612 -0.4689
vn -0.5143 -0.6136 -0.5991
vn -0.1854 -0.2411 -0.9526
vn -0.5678 -0.6592 -0.4930
vn -0.5519 -0.6264 -0.5506
vn -0.2359 -0.2770 -0.9314
vn -0.2823 -0.3562 -0.8907
vn -0.5518 -0.6374 -0.5379
vn -0.3775 -0.5042 -0.7767
vn 0.5777 0.8022 -0.1508
vn 0.2589 0.3271 -0.9088
vn 0.2116 0.2547 -0.9436
vn 0.5574 0.7709 -0.3082
vn 0.5687 0.7766 -0.2710
vn 0.5538 0.7458 -0.3702
vn 0.4568 0.5009 -0.7351
vn 0.5120 0.7009 -0.4967
vn 0.5113 0.6944 -0.5063
vn 0.1998 0.2649 -0.9433
vn 0.4550 0.6196 -0.6397
vn 0.4648 0.6257 -0.6264
vn 0.4120 0.5688 -0.7119
vn 0.4077 0.4478 -0.7958
vn 0.3402 0.4661 -0.8168
vn 0.1992 0.2629 -0.9440
vn 0.2853 0.4010 -0.8705
vn 0.3244 0.4385 -0.8382
vn 0.2680 0.3802 -0.8852
vn 0.3096 0.3418 -0.8873
vn 0.2598 0.3611 -0.8956
vn 0.6331 0.7469 -0.2032
vn 0.1846 0.2281 -0.9560
vn 0.2107 0.3044 -0.9290
vn 0.2132 0.3107 -0.9263
vn 0.1785 0.2667 -0.9471
vn 0.1765 0.2366 -0.9554
vn 0.1779 0.2345 -0.9557
vn 0.1791 0.2688 -0.9464
vn 0.1624 0.2467 -0.9554
vn 0.7048 0.7092 0.0182
vn 0.1611 0.2524 -0.9541
vn 0.6158 0.7827 -0.0904
vn 0.5284 0.5959 -0.6047
vn 0.1940 0.2132 -0.9575
vn 0.6915 0.7111 -0.1273
vn 0.1961 0.2099 -0.9579
vn 0.6910 0.7107 -0.1321
vn 0.1887 0.2214 -0.9568
vn 0.2676 0.2981 -0.9163
vn 0.5159 0.5779 -0.6323
vn 0.6235 0.7259 -0.2903
vn 0.6189 0.6200 -0.4823
vn 0.1900 0.2277 -0.9550
vn 0.2249 0.1907 -0.9555
vn 0.6102 0.7129 -0.3457
vn 0.6124 0.7181 -0.3306
vn 0.2012 0.2117 -0.9564
vn 0.2191 0.2482 -0.9436
vn 0.2000 0.2134 -0.9563
vn 0.6271 0.7786 -0.0228
vn 0.6800 0.7287 -0.0817
vn 0.4697 0.5306 -0.7055
vn 0.6399 0.6642 -0.3864
vn 0.6803 0.7296 -0.0692
vn 0.6267 0.7674 -0.1353
vn 0.5703 0.6609 -0.4878
vn 0.5770 0.6761 -0.4582
vn 0.6700 0.7139 -0.2038
vn 0.6095 0.6327 -0.4777
vn 0.5519 0.5661 -0.6123
vn 0.1591 0.2531 -0.9543
vn 0.6260 0.7629 -0.1618
vn 0.3746 0.4278 -0.8226
vn 0.3679 0.4210 -0.8291
vn 0.5337 0.5529 -0.6400
vn 0.5395 0.6244 -0.5649
vn 0.6601 0.7026 -0.2655
vn 0.5933 0.6261 -0.5059
vn 0.2157 0.2421 -0.9460
vn 0.6660 0.7458 -0.0129
vn 0.4787 0.4896 -0.7288
vn 0.4833 0.4979 -0.7201
vn 0.2538 0.2953 -0.9211
vn 0.5961 0.6289 -0.4990
vn 0.1633 0.2610 -0.9514
vn 0.1799 0.2493 -0.9516
vn 0.3073 0.3572 -0.8820
vn 0.1684 0.2563 -0.9518
vn 0.6483 0.6976 -0.3050
vn 0.1601 0.2679 -0.9500
vn 0.1649 0.2655 -0.9499
vn 0.6174 0.7816 -0.0890
vn 0.5904 0.7702 -0.2413
vn 0.4473 0.5205 -0.7273
vn 0.5576 0.7378 -0.3804
vn 0.1932 0.2143 -0.9575
vn 0.2032 0.2034 -0.9578
vn 0.3796 0.3931 -0.8375
vn 0.4711 0.6206 -0.6269
vn 0.6454 0.6940 -0.3192
vn 0.2693 0.3531 -0.8960
vn 0.1871 0.2231 -0.9567
vn 0.1888 0.2213 -0.9568
vn 0.2118 0.2008 -0.9565
vn 0.3273 0.3573 -0.8748
vn 0.1695 0.2420 -0.9554
vn 0.4278 0.4394 -0.7899
vn 0.1877 0.2249 -0.9561
vn 0.6618 0.7393 -0.1242
vn 0.3274 0.3341 -0.8839
vn 0.1815 0.2212 -0.9582
vn 0.1850 0.2346 -0.9543
vn 0.2185 0.1961 -0.9559
vn -0.3883 -0.4432 -0.8080
vn 0.2009 0.2117 -0.9565
vn 0.2008 0.2221 -0.9541
vn 0.2078 0.2218 -0.9527
vn 0.4109 0.4831 -0.7732
vn 0.2049 0.2509 -0.9461
vn 0.1922 0.2099 -0.9586
vn 0.1195 0.2385 -0.9638
vn 0.1913 0.2197 -0.9566
vn 0.4147 0.4306 -0.8016
vn 0.6583 0.7354 -0.1605
vn 0.1944 0.2253 -0.9547
vn 0.6583 0.7354 -0.1606
vn 0.5962 0.7553 -0.2722
vn 0.3425 0.4006 -0.8498
vn 0.1944 0.2265 -0.9544
vn 0.5110 0.6227 -0.5925
vn 0.1952 0.2221 -0.9553
vn 0.1731 0.2309 -0.9575
vn 0.2169 0.2240 -0.9502
vn 0.1996 0.2238 -0.9540
vn 0.2086 0.2250 -0.9518
vn 0.1942 0.2216 -0.9556
vn 0.1786 0.2361 -0.9552
vn 0.0140 0.1364 0.9905
vn 0.1872 0.2259 -0.9560
vn 0.5917 0.7389 -0.3223
vn 0.3629 0.6370 -0.6801
vn 0.5918 0.7436 -0.3110
vn 0.2054 0.1996 -0.9581
vn 0.1913 0.2225 -0.9560
vn 0.1839 0.2346 -0.9546
vn 0.1726 0.2468 -0.9536
vn 0.1729 0.2462 -0.9537
vn 0.1602 0.2586 -0.9526
vn 0.1744 0.2705 -0.9468
vn 0.1874 0.2369 -0.9533
vn 0.6543 0.7521 -0.0798
vn 0.1815 0.2481 -0.9516
vn 0.1807 0.2513 -0.9509
vn 0.1855 0.2480 -0.9508
vn 0.2543 0.5895 -0.7667
vn 0.6247 0.6867 -0.3718
vn 0.6014 0.6594 -0.4511
vn 0.5499 0.7153 -0.4312
vn 0.5572 0.6934 -0.4568
vn 0.4596 0.5747 -0.6771
vn 0.5594 0.6989 -0.4457
vn 0.2820 0.2899 -0.9146
vn 0.5215 0.6915 -0.4999
vn 0.6442 0.7196 -0.2592
vn 0.1592 0.2617 -0.9519
vn 0.5945 0.7864 -0.1681
vn 0.5193 0.6662 -0.5353
vn 0.5296 0.6643 -0.5275
vn 0.3503 0.3713 -0.8599
vn 0.3841 0.4841 -0.7862
vn 0.4041 0.5204 -0.7522
vn 0.2202 0.2937 -0.9302
vn 0.2696 0.3263 -0.9060
vn 0.2144 0.2603 -0.9414
vn 0.3328 0.4200 -0.8443
vn 0.3389 0.4328 -0.8354
vn 0.5833 0.8121 -0.0163
vn 0.6552 0.7529 -0.0622
vn 0.3340 0.3548 -0.8732
vn 0.3935 0.5220 -0.7567
vn 0.4631 0.5760 -0.6736
vn 0.2651 0.2882 -0.9201
vn 0.5916 0.8038 -0.0636
vn 0.5780 0.8016 -0.1526
vn 0.5390 0.5506 -0.6375
vn 0.5282 0.6258 -0.5739
vn 0.4517 0.5096 -0.7323
vn 0.5597 0.7002 -0.4432
vn 0.5655 0.7059 -0.4266
vn 0.6775 0.6508 -0.3427
vn 0.5568 0.5836 -0.5910
vn 0.5578 0.5818 -0.5919
vn 0.4781 0.5111 -0.7143
vn 0.6265 0.6994 -0.3441
vn 0.6011 0.6258 -0.4970
vn 0.6129 0.6900 -0.3851
vn 0.4861 0.5901 -0.6445
vn 0.5346 0.5805 -0.6141
vn 0.6307 0.6820 -0.3703
vn 0.5859 0.7231 -0.3659
vn 0.5518 0.7179 -0.4244
vn 0.4600 0.5243 -0.7166
vn 0.5345 0.5750 -0.6194
vn -0.4155 -0.5199 0.7464
vn -0.6025 -0.7230 0.3380
vn -0.4895 -0.5540 0.6734
vn -0.4773 -0.5428 0.6911
vn -0.6071 -0.7234 0.3287
vn -0.4635 -0.5192 0.7180
vn 0.0555 -0.5553 0.8298
vn 0.1275 -0.6025 0.7879
vn 0.2696 -0.7722 0.5754
vn 0.4531 -0.8231 0.3424
vn 0.0013 -0.6883 0.7254
vn 0.0140 -0.7211 0.6927
vn 0.2513 -0.8960 0.3660
vn -0.6036 -0.6732 0.4272
vn 0.1201 -0.8367 0.5343
vn 0.2165 -0.9759 -0.0279
vn -0.2130 -0.4917 0.8443
vn -0.4415 -0.4886 0.7525
vn -0.4200 -0.4387 0.7945
vn -0.1717 -0.8786 0.4455
vn -0.5521 -0.5356 0.6390
vn -0.6142 -0.6795 0.4012
vn -0.1965 -0.9280 0.3166
vn -0.6609 -0.6661 0.3457
vn -0.5946 -0.6312 0.4980
vn -0.4158 -0.8805 0.2275
vn -0.3551 -0.8039 0.4771
vn -0.4208 -0.8366 0.3508
vn -0.6172 -0.7000 0.3593
vn -0.6008 -0.6908 0.4023
vn -0.4827 -0.7388 0.4703
vn -0.4650 -0.5015 0.7296
vn -0.6132 -0.6794 0.4030
vn -0.4336 -0.4279 0.7930
vn -0.6022 -0.7318 0.3192
vn -0.5005 -0.5372 0.6789
vn -0.6144 -0.6602 0.4321
vn -0.6591 -0.6740 0.3336
vn 0.5714 -0.8180 -0.0661
vn 0.6085 -0.7924 -0.0417
vn 0.7141 -0.6998 -0.0165
vn 0.7228 -0.6903 -0.0311
vn 0.7140 -0.6999 -0.0177
vn 0.7730 -0.6335 0.0333
vn 0.9120 -0.4032 0.0748
vn 0.9147 -0.3954 0.0838
vn 0.9695 -0.1575 0.1879
vn 0.9829 -0.0614 0.1738
vn 0.9350 0.2484 0.2533
vn 0.9483 0.1717 0.2670
vn 0.8090 0.5122 0.2884
vn 0.8234 0.4844 0.2957
vn 0.6995 0.6549 0.2859
vn 0.7215 0.6247 0.2988
vn -0.7045 -0.7066 0.0667
vn -0.6625 -0.7491 -0.0009
vn -0.6636 -0.7480 0.0142
vn -0.6584 -0.7526 0.0084
vn -0.1839 -0.2246 0.9569
vn -0.2847 -0.3390 0.8967
vn -0.2667 -0.2648 0.9267
vn -0.4142 -0.3940 0.8205
vn -0.3774 -0.3263 0.8666
vn -0.4885 -0.4821 0.7273
vn -0.4471 -0.3933 0.8034
vn -0.5432 -0.5453 0.6384
vn -0.5354 -0.4761 0.6976
vn -0.5322 -0.5450 0.6479
vn -0.5754 -0.6081 0.5469
vn -0.5589 -0.6403 0.5269
vn -0.5846 -0.6769 0.4472
vn -0.5991 -0.6140 0.5138
vn -0.6447 -0.7376 0.2005
vn -0.7032 -0.7002 0.1235
vn -0.7023 -0.6990 0.1346
vn -0.6992 -0.7061 0.1124
vn -0.6756 -0.7306 0.0990
vn -0.2088 -0.1932 0.9587
vn -0.2057 -0.2047 0.9570
vn -0.2107 -0.1987 0.9571
vn -0.2128 -0.1943 0.9576
vn -0.2032 -0.2106 0.9562
vn -0.2092 -0.1968 0.9579
vn -0.1945 -0.2078 0.9586
vn -0.2010 -0.2035 0.9582
vn -0.2096 -0.2092 0.9551
vn -0.1878 -0.2246 0.9562
vn 0.1153 0.0968 0.9886
vn 0.1178 0.1530 0.9812
vn 0.0499 0.0535 0.9973
vn 0.0508 0.0610 0.9968
vn 0.7323 0.6807 0.0178
vn 0.0047 0.0060 1.0000
vn 0.0047 0.0063 1.0000
vn 0.6209 0.7837 -0.0182
vn 0.7021 0.7110 0.0392
vn 0.6945 0.7155 0.0762
vn -0.0638 -0.0594 0.9962
vn -0.0649 -0.0526 0.9965
vn 0.6754 0.7203 0.1580
vn 0.6874 0.6937 0.2152
vn 0.6635 0.7294 0.1663
vn -0.0966 -0.1289 0.9869
vn -0.0963 -0.1301 0.9868
vn 0.6701 0.6832 0.2902
vn -0.1746 -0.1685 0.9701
vn 0.6556 0.6923 0.3014
vn 0.6318 0.6893 0.3544
vn -0.1751 -0.2177 0.9602
vn 0.6486 0.6540 0.3894
vn 0.5422 0.6797 0.4940
vn 0.6569 0.6026 0.4531
vn 0.5325 0.5965 0.6005
vn 0.5725 0.5778 0.5817
vn 0.5055 0.5052 0.6995
vn 0.5013 0.5188 0.6925
vn 0.4391 0.5054 0.7428
vn 0.4509 0.4559 0.7674
vn 0.3828 0.3558 0.8526
vn 0.3175 0.3574 0.8784
vn 0.3136 0.3206 0.8938
vn 0.2303 0.3153 0.9206
vn 0.2265 0.2261 0.9474
vn 0.1350 0.1886 0.9727
vn 0.1490 0.1864 0.9711
vn 0.1718 0.2641 -0.9491
vn 0.0749 0.1781 -0.9812
vn 0.0596 0.1562 -0.9859
vn 0.0453 0.1484 -0.9879
vn 0.0284 0.1230 -0.9920
vn -0.4965 -0.4329 -0.7524
vn -0.0006 0.1007 -0.9949
vn -0.0380 0.0281 -0.9989
vn 0.1483 0.2329 -0.9611
vn 0.1528 0.2342 -0.9601
vn -0.0586 0.0317 -0.9978
vn 0.0962 0.2415 -0.9656
vn -0.1343 -0.0299 -0.9905
vn 0.1209 0.2245 -0.9670
vn -0.1671 -0.1337 -0.9768
vn -0.2292 -0.0967 -0.9686
vn 0.0954 0.1919 -0.9768
vn -0.3167 -0.3891 -0.8650
vn 0.1208 0.2237 -0.9671
vn -0.3271 -0.2450 -0.9127
vn -0.4429 -0.2910 -0.8480
vn 0.0861 0.1835 -0.9792
vn 0.0112 0.3944 -0.9189
vn -0.5581 0.7769 -0.2914
vn -0.1218 0.5059 -0.8540
vn -0.2666 0.6300 -0.7294
vn -0.5598 0.7797 -0.2804
vn 0.0185 0.3955 -0.9183
vn -0.0784 0.4834 -0.8719
vn 0.0114 0.4063 -0.9137
vn -0.5520 0.7874 -0.2745
vn -0.0560 0.4498 -0.8914
vn -0.5425 0.7824 -0.3060
vn 0.4924 0.8584 -0.1437
vn -0.3922 0.7341 -0.5544
vn -0.4634 0.7605 -0.4547
vn 0.4090 0.8596 -0.3062
vn 0.3332 0.8524 -0.4030
vn -0.1477 0.5427 -0.8268
vn 0.4014 0.7766 -0.4856
vn -0.5477 0.7974 -0.2533
vn 0.1008 0.3177 -0.9428
vn -0.5383 0.8050 -0.2492
vn -0.2564 0.6398 -0.7245
vn -0.5341 0.7992 -0.2759
vn -0.0259 0.4747 -0.8798
vn -0.5220 0.8096 -0.2685
vn -0.1540 0.5650 -0.8106
vn -0.1774 0.6228 -0.7620
vn -0.0261 0.4525 -0.8914
vn -0.5207 0.8060 -0.2814
vn -0.4142 0.7821 -0.4656
vn 0.0939 0.3364 -0.9370
vn -0.0565 0.5047 -0.8615
vn -0.4031 0.9134 -0.0573
vn -0.5039 0.8169 -0.2806
vn 0.3054 0.7748 -0.5535
vn -0.0077 0.4468 -0.8946
vn -0.1977 0.6398 -0.7427
vn -0.0866 0.5280 -0.8448
vn -0.5047 0.8197 -0.2709
vn 0.2798 0.6210 -0.7322
vn -0.1877 0.6258 -0.7571
vn 0.2765 0.5585 -0.7821
vn -0.4941 0.8261 -0.2708
vn -0.4948 0.8270 -0.2670
vn -0.1762 0.6300 -0.7564
vn -0.0819 0.4615 -0.8834
vn -0.2873 0.7412 -0.6067
vn -0.1375 0.6107 -0.7798
vn -0.4000 0.8045 -0.4392
vn -0.2907 0.7506 -0.5934
vn -0.4811 0.8371 -0.2604
vn 0.0014 0.4507 -0.8927
vn 0.0957 0.3467 -0.9331
vn -0.3753 0.8140 -0.4433
vn -0.2399 0.7021 -0.6705
vn -0.2800 0.7581 -0.5889
vn -0.4658 0.8407 -0.2759
vn -0.4518 0.8406 -0.2990
vn 0.0021 0.4744 -0.8803
vn -0.4036 0.8573 -0.3195
vn -0.2132 0.7231 -0.6570
vn -0.3553 0.8090 -0.4683
vn 0.1530 0.9806 -0.1228
vn -0.2734 0.7544 -0.5968
vn -0.4529 0.8553 -0.2517
vn -0.1667 0.6547 -0.7373
vn -0.0082 0.5096 -0.8603
vn -0.0238 0.9939 -0.1079
vn 0.1050 0.3507 -0.9306
vn 0.2911 0.9259 -0.2406
vn -0.2396 0.9678 -0.0777
vn 0.0261 0.4576 -0.8888
vn -0.1624 0.6548 -0.7381
vn -0.2583 0.7616 -0.5943
vn -0.2659 0.7830 -0.5623
vn -0.4208 0.8617 -0.2835
vn -0.4323 0.8612 -0.2671
vn -0.0766 0.9799 -0.1844
vn -0.1817 0.7244 -0.6650
vn -0.3683 0.8326 -0.4138
vn -0.2038 0.9574 -0.2046
vn -0.1878 0.9652 -0.1823
vn -0.2739 0.9563 -0.1023
vn -0.4168 0.8783 -0.2340
vn -0.4913 0.8699 -0.0441
vn -0.0412 0.5594 -0.8279
vn -0.0008 0.9254 -0.3789
vn 0.0424 0.9375 -0.3455
vn -0.0740 0.9894 -0.1249
vn 0.1790 0.7131 -0.6778
vn -0.3504 0.8486 -0.3963
vn -0.4219 0.8354 -0.3521
vn -0.4436 0.7992 -0.4056
vn -0.1712 0.9407 -0.2929
vn -0.0200 0.8824 -0.4700
vn 0.0198 0.8963 -0.4430
vn -0.3689 0.7681 -0.5233
vn -0.3626 0.7562 -0.5447
vn 0.1198 0.3964 -0.9102
vn -0.4877 0.7525 -0.4426
vn -0.4414 0.7451 -0.5001
vn -0.3712 0.7038 -0.6057
vn -0.5657 0.7843 -0.2547
vn 0.0065 0.8038 -0.5949
vn -0.2523 0.9123 -0.3224
vn -0.1831 0.8943 -0.4083
vn -0.2965 0.9075 -0.2975
vn -0.5733 0.7549 -0.3185
vn 0.1221 0.3140 -0.9415
vn -0.5221 0.7478 -0.4101
vn 0.0485 0.7672 -0.6396
vn -0.3550 0.6755 -0.6463
vn -0.6027 0.7466 -0.2816
vn -0.1725 0.8509 -0.4961
vn -0.0168 0.4104 -0.9117
vn 0.0160 0.6981 -0.7158
vn -0.3352 0.6532 -0.6789
vn 0.1243 0.2871 -0.9498
vn -0.4692 0.7137 -0.5201
vn -0.4617 0.8578 -0.2259
vn -0.5423 0.7363 -0.4048
vn 0.0480 0.6588 -0.7508
vn -0.2049 0.7879 -0.5807
vn -0.2421 0.8236 -0.5128
vn -0.2162 0.7941 -0.5680
vn -0.4473 0.8375 -0.3139
vn -0.2573 0.5998 -0.7577
vn -0.3613 0.6632 -0.6554
vn -0.4767 0.7229 -0.5003
vn -0.1442 0.6657 -0.7322
vn -0.4937 0.7878 -0.3681
vn -0.0333 0.6002 -0.7991
vn -0.3429 0.6696 -0.6588
vn -0.4210 0.7031 -0.5730
vn -0.1495 0.5956 -0.7893
vn -0.1445 0.5278 -0.8370
vn -0.3410 0.6664 -0.6630
vn -0.1531 0.5437 -0.8252
vn -0.3533 0.6708 -0.6521
vn 0.1036 0.3085 -0.9456
vn -0.1368 0.5199 -0.8432
vn -0.2919 0.6343 -0.7159
vn -0.1800 0.5522 -0.8141
vn -0.3102 0.6642 -0.6801
vn -0.4780 0.7496 -0.4578
vn -0.3686 0.6872 -0.6260
vn -0.2377 0.5966 -0.7665
vn 0.0808 0.3310 -0.9402
vn -0.2332 0.6135 -0.7544
vn -0.4075 0.7193 -0.5626
vn -0.3662 0.7023 -0.6104
vn -0.4708 0.7448 -0.4728
vn -0.4836 0.7646 -0.4261
vn 0.0980 0.3168 -0.9434
vn -0.1305 0.5380 -0.8328
vn -0.3842 0.7201 -0.5778
vn -0.2970 0.6682 -0.6821
vn -0.2269 0.6078 -0.7610
vn -0.4641 0.7557 -0.4621
vn -0.4784 0.7674 -0.4269
vn -0.0145 0.4585 -0.8886
vn -0.3292 0.6865 -0.6483
vn -0.2369 0.6370 -0.7335
vn -0.4837 0.7750 -0.4067
vn -0.4186 0.7614 -0.4950
vn 0.0093 0.3926 -0.9197
vn -0.3321 0.6916 -0.6414
vn -0.1593 0.5859 -0.7946
vn -0.4583 0.7814 -0.4236
vn -0.3032 0.6949 -0.6521
vn -0.4129 0.7549 -0.5096
vn 0.0831 0.3437 -0.9354
vn -0.4444 0.7612 -0.4723
vn -0.0473 0.4765 -0.8779
vn -0.4121 0.7772 -0.4755
vn -0.2439 0.6693 -0.7019
vn -0.3079 0.6998 -0.6445
vn -0.4256 0.7826 -0.4542
vn -0.4251 0.7964 -0.4302
vn -0.3084 0.7231 -0.6181
vn -0.2996 0.7203 -0.6256
vn -0.4078 0.7962 -0.4470
vn 0.0934 0.3487 -0.9326
vn -0.2935 0.7301 -0.6171
vn -0.3016 0.7328 -0.6099
vn -0.4072 0.8044 -0.4325
vn 0.0051 0.4444 -0.8958
vn 0.0736 0.3776 -0.9230
vn -0.3993 0.8107 -0.4282
vn -0.3732 0.8063 -0.4590
vn -0.0042 0.4781 -0.8783
vn -0.1172 0.6162 -0.7788
vn -0.3496 0.8229 -0.4479
vn -0.3538 0.8228 -0.4447
vn 0.1014 0.3577 -0.9283
vn -0.3482 0.8330 -0.4300
vn -0.1625 0.6243 -0.7641
vn -0.3590 0.8665 -0.3468
vn -0.3191 0.8082 -0.4949
vn -0.1190 0.6212 -0.7746
vn -0.4718 0.7099 -0.5229
vn -0.4027 0.6781 -0.6148
vn -0.5169 0.7277 -0.4508
vn 0.1055 0.2992 -0.9483
vn -0.0561 0.5439 -0.8373
vn -0.5147 0.7491 -0.4170
vn 0.2916 0.9405 -0.1746
vn 0.1329 0.2766 -0.9518
vn 0.0185 0.9689 -0.2467
vn -0.4978 0.7314 -0.4661
vn -0.5158 0.7295 -0.4492
vn -0.3461 0.9325 -0.1033
vn -0.4979 0.7364 -0.4580
vn 0.2531 0.7941 -0.5525
vn -0.4752 0.8773 -0.0668
vn -0.3651 0.9173 -0.1587
vn -0.3586 0.9176 -0.1716
vn -0.4806 0.8737 -0.0752
vn -0.3538 0.9081 -0.2241
vn -0.4815 0.8706 -0.1016
vn -0.4815 0.8705 -0.1014
vn -0.5053 0.8526 -0.1335
vn 0.1853 0.5806 -0.7928
vn -0.5142 0.8386 -0.1800
vn -0.5044 0.8446 -0.1795
vn -0.5420 0.8169 -0.1973
vn 0.1670 0.4482 -0.8782
vn 0.0468 0.5820 -0.8118
vn -0.5437 0.8049 -0.2377
vn -0.5494 0.8009 -0.2383
vn -0.5527 0.7957 -0.2478
vn -0.5572 0.7834 -0.2754
vn 0.1297 0.3907 -0.9113
vn -0.2783 0.7067 -0.6505
vn -0.2164 0.6770 -0.7034
vn -0.5802 0.7708 -0.2630
vn -0.0206 0.4940 -0.8692
vn 0.0452 0.4652 -0.8840
vn 0.0002 0.4302 -0.9027
vn 0.0100 0.4192 -0.9078
vn 0.1080 0.3324 -0.9369
vn -0.1938 0.5879 -0.7854
vn -0.3538 0.6758 -0.6466
vn -0.7328 0.6660 0.1395
vn -0.1684 0.5382 -0.8258
vn -0.5174 0.7365 -0.4357
vn -0.6070 0.7436 -0.2803
vn -0.3487 0.6502 -0.6750
vn -0.6062 0.7470 -0.2730
vn 0.0375 0.3608 -0.9319
vn -0.0307 0.4297 -0.9025
vn -0.0840 0.4616 -0.8831
vn -0.4670 0.7106 -0.5263
vn -0.5400 0.7411 -0.3990
vn -0.2086 0.5503 -0.8085
vn -0.5997 0.7496 -0.2801
vn 0.0080 0.3387 -0.9409
vn -0.5415 0.7410 -0.3970
vn -0.5955 0.7481 -0.2928
vn -0.0268 0.4329 -0.9011
vn 0.0058 0.3974 -0.9176
vn -0.2613 0.5890 -0.7648
vn -0.1612 0.5207 -0.8384
vn -0.5941 0.7576 -0.2705
vn -0.4792 0.7502 -0.4556
vn -0.5824 0.7635 -0.2789
vn -0.2868 0.6227 -0.7280
vn -0.4678 0.7330 -0.4939
vn -0.0011 0.4014 -0.9159
vn -0.1399 0.5216 -0.8416
vn -0.5758 0.7606 -0.3000
vn -0.0109 0.4130 -0.9107
vn -0.3317 0.6514 -0.6823
vn 0.0965 0.3173 -0.9434
vn -0.0292 0.4193 -0.9074
vn -0.4729 0.7439 -0.4722
vn -0.1401 0.5356 -0.8328
vn -0.5773 0.7673 -0.2794
vn -0.0515 0.4690 -0.8817
vn -0.7496 0.6616 0.0188
vn -0.7239 0.6899 0.0082
vn -0.7490 0.6625 0.0078
vn -0.7498 0.6616 0.0142
vn -0.7231 0.6907 0.0074
vn -0.7373 0.6717 0.0728
vn -0.7437 0.6645 0.0737
vn -0.7449 0.6643 0.0616
vn -0.7333 0.6795 0.0222
vn -0.7240 0.6898 0.0017
vn -0.7277 0.6339 0.2619
vn -0.7461 0.6550 0.1196
vn -0.7379 0.6453 0.1980
vn -0.7340 0.6723 0.0968
vn -0.7218 0.6919 0.0177
vn -0.7457 0.6662 0.0001
vn -0.7476 0.6641 0.0032
vn -0.7412 0.6445 0.1877
vn -0.7398 0.6456 0.1895
vn -0.7452 0.6649 0.0517
vn -0.7390 0.6397 0.2114
vn -0.7273 0.6863 0.0098
vn -0.7785 0.6275 -0.0133
vn -0.7445 0.6665 0.0376
vn -0.7444 0.6667 0.0366
vn -0.7250 0.6887 0.0091
vn -0.7378 0.6580 0.1503
vn -0.7261 0.6863 0.0419
vn -0.7210 0.6927 0.0198
vn -0.7480 0.6631 0.0276
vn -0.8413 0.5393 0.0365
vn -0.7396 0.6664 0.0941
vn -0.7453 0.6618 0.0811
vn -0.6767 0.6755 0.2927
vn -0.6763 0.6748 0.2953
vn -0.6919 0.6601 0.2927
vn -0.6919 0.6602 0.2921
vn -0.7001 0.6560 0.2820
vn -0.7071 0.6373 0.3063
vn -0.7089 0.6403 0.2957
vn -0.7195 0.6338 0.2841
vn -0.7224 0.6231 0.2996
vn -0.5129 0.8580 0.0262
vn -0.5756 0.8177 0.0081
vn -0.6634 0.6973 0.2714
vn -0.3864 0.3023 0.8714
vn -0.6524 0.7099 0.2655
vn -0.4972 0.8675 0.0180
vn -0.4955 0.8685 0.0134
vn -0.6394 0.7180 0.2751
vn -0.5971 0.7991 0.0703
vn -0.5901 0.8049 0.0624
vn -0.5294 0.8483 0.0042
vn -0.5444 0.8387 -0.0114
vn -0.5961 0.8000 0.0682
vn -0.6195 0.7724 0.1397
vn -0.6178 0.7757 0.1291
vn -0.5812 0.8111 0.0661
vn -0.5753 0.8175 0.0252
vn -0.5712 0.8206 0.0165
vn -0.5811 0.8117 0.0585
vn -0.5267 0.8501 0.0049
vn -0.4847 0.8744 0.0224
vn -0.5609 0.8278 0.0118
vn -0.5114 0.8594 0.0038
vn -0.5656 0.8246 0.0121
vn -0.5777 0.8133 0.0693
vn -0.5412 0.8407 0.0155
vn -0.4785 0.8781 0.0045
vn -0.5561 0.8310 0.0120
vn -0.5579 0.8297 0.0182
vn -0.6566 0.7178 0.2316
vn -0.6480 0.7261 0.2300
vn -0.5166 0.8553 0.0398
vn -0.5433 0.8390 0.0305
vn -0.5494 0.8355 0.0041
vn -0.4553 0.8904 0.0024
vn -0.4255 0.9049 -0.0032
vn -0.5481 0.8353 0.0433
vn -0.6252 0.7567 0.1911
vn -0.6299 0.7555 0.1801
vn -0.5804 0.8050 0.1226
vn -0.3834 0.9225 -0.0454
vn -0.6185 0.7657 0.1765
vn -0.5849 0.8036 0.1103
vn -0.5559 0.8312 0.0083
vn -0.4418 0.8782 -0.1835
vn -0.5173 0.8546 0.0448
vn -0.5330 0.8457 0.0254
vn -0.4185 0.9082 -0.0025
vn -0.5003 0.8648 0.0428
vn -0.5348 0.8450 0.0019
vn -0.4080 0.9130 -0.0072
vn -0.5440 0.8364 0.0677
vn -0.5394 0.8393 0.0683
vn -0.4508 0.8926 0.0073
vn -0.4514 0.8923 0.0080
vn -0.4563 0.8898 0.0030
vn -0.4979 0.8672 -0.0034
vn -0.4071 0.9134 -0.0019
vn -0.4260 0.9047 0.0002
vn -0.4061 0.9138 -0.0011
vn -0.4264 0.9045 -0.0001
vn -0.0649 0.9978 -0.0121
vn -0.0601 0.9981 -0.0150
vn -0.2455 0.9681 -0.0499
vn -0.3330 0.9429 -0.0101
vn -0.4027 0.9145 -0.0397
vn -0.4761 0.8793 -0.0159
vn -0.4855 0.8740 -0.0196
vn 0.4306 0.8993 -0.0762
vn 0.1847 0.9794 -0.0815
vn -0.5339 0.8144 -0.2276
vn -0.4704 0.8725 -0.1319
vn -0.6346 0.7310 -0.2510
vn -0.5279 0.8343 -0.1587
vn -0.6224 0.7566 -0.2002
vn -0.5987 0.7811 -0.1770
vn -0.9831 -0.1646 -0.0796
vn -0.9618 -0.2622 -0.0790
vn -0.9848 0.1377 -0.1056
vn -0.5156 0.8450 -0.1416
vn -0.9164 0.3857 -0.1067
vn -0.4376 0.8971 -0.0607
vn -0.4437 0.8936 -0.0676
vn -0.9989 0.0438 -0.0180
vn -0.5061 0.8569 -0.0977
vn -0.7843 0.6152 -0.0793
vn -0.3127 0.8193 -0.4806
vn -0.0059 0.4886 -0.8725
vn 0.0779 0.2699 -0.9597
vn -0.4078 0.8839 -0.2289
vn 0.0573 0.2475 -0.9672
vn -0.1585 0.6342 -0.7568
vn -0.0307 0.4559 -0.8895
vn -0.1048 0.5258 -0.8441
vn -0.0702 0.4826 -0.8730
vn -0.3090 0.8103 -0.4979
vn -0.3164 0.8079 -0.4972
vn -0.2417 0.6852 -0.6871
vn -0.0889 0.2757 -0.9571
vn -0.1224 0.2937 -0.9480
vn -0.2179 0.5711 -0.7914
vn -0.2084 0.5237 -0.8260
vn -0.3219 0.7714 -0.5490
vn -0.3488 0.7719 -0.5316
vn -0.2454 0.5186 -0.8191
vn -0.2978 0.5681 -0.7672
vn -0.2054 0.1810 -0.9618
vn -0.4313 0.8704 -0.2374
vn -0.2834 0.3673 -0.8859
vn -0.2780 0.3608 -0.8903
vn -0.4186 0.8390 -0.3477
vn -0.3412 0.4881 -0.8034
vn -0.4506 0.8771 -0.1663
vn -0.4515 0.4930 -0.7437
vn -0.4254 0.6470 -0.6328
vn -0.4545 0.4755 -0.7532
vn -0.4572 0.6229 -0.6349
vn -0.5250 0.4573 -0.7179
vn -0.5182 -0.0940 -0.8501
vn -0.5073 0.6760 -0.5345
vn -0.5990 0.5550 -0.5772
vn -0.6401 -0.2578 -0.7238
vn -0.5627 0.6409 -0.5221
vn -0.7039 -0.0643 -0.7074
vn -0.6667 0.5006 -0.5521
vn -0.5734 0.6796 -0.4576
vn -0.7931 -0.1329 -0.5944
vn -0.7759 0.2530 -0.5779
vn -0.6790 0.5803 -0.4497
vn -0.7899 0.3300 -0.5169
vn -0.9133 0.3942 -0.1022
vn -0.6220 0.6654 -0.4128
vn -0.8489 0.2662 -0.4566
vn 0.0494 0.3471 -0.9365
vn -0.1501 0.6504 -0.7446
vn -0.1905 0.7195 -0.6678
vn -0.8535 0.3764 -0.3604
vn -0.9191 0.1499 -0.3644
vn -0.8846 0.3136 -0.3452
vn -0.8255 0.4461 -0.3457
vn -0.0909 0.4107 -0.9072
vn -0.9883 0.0114 -0.1519
vn -0.7635 0.6204 -0.1794
vn -0.9833 -0.0111 -0.1815
vn -0.2592 0.6292 -0.7328
vn -0.3211 0.6759 -0.6634
vn -0.7012 0.6951 -0.1584
vn -0.2162 0.4248 -0.8791
vn -0.6589 0.7456 -0.0997
vn -0.6078 0.7879 -0.0988
vn -0.5916 0.8012 -0.0902
vn -0.4801 0.8746 -0.0672
vn -0.3557 0.7364 -0.5755
vn -0.4601 0.8860 -0.0578
vn -0.3369 0.6394 -0.6911
vn -0.4325 0.9015 -0.0182
vn -0.5521 0.8334 -0.0260
vn -0.0486 0.3296 -0.9429
vn -0.0483 0.3220 -0.9455
vn -0.4202 0.8552 -0.3033
vn -0.1302 0.1632 -0.9780
vn -0.2190 0.1986 -0.9553
vn -0.3513 0.5479 -0.7592
vn -0.2852 0.0480 -0.9573
vn -0.3361 0.1096 -0.9354
vn -0.4101 0.7587 -0.5061
vn -0.4104 0.3283 -0.8508
vn -0.4072 0.2800 -0.8694
vn -0.4325 0.0197 -0.9014
vn -0.4290 -0.0441 -0.9022
vn -0.4738 0.1586 -0.8662
vn -0.5612 -0.0567 -0.8257
vn -0.5529 0.2725 -0.7874
vn -0.6222 0.1565 -0.7670
vn -0.5999 0.2546 -0.7585
vn -0.4216 0.6919 -0.5861
vn -0.5956 -0.2855 -0.7508
vn -0.6760 0.1565 -0.7201
vn -0.4303 0.7124 -0.5544
vn -0.6664 -0.3575 -0.6543
vn -0.4622 0.7563 -0.4630
vn -0.4533 0.8079 -0.3767
vn -0.7255 0.3024 -0.6182
vn -0.6352 -0.4772 -0.6073
vn -0.4609 0.8085 -0.3658
vn -0.7868 0.0437 -0.6156
vn -0.8042 -0.0475 -0.5925
vn -0.7608 -0.4019 -0.5096
vn -0.7987 -0.3107 -0.5153
vn -0.7241 0.5453 -0.4223
vn -0.7266 0.5489 -0.4132
vn -0.8860 0.0468 -0.4613
vn -0.8754 -0.0362 -0.4821
vn -0.8701 -0.1749 -0.4608
vn -0.4726 0.8238 -0.3131
vn -0.4583 0.8735 -0.1643
vn -0.8755 -0.2857 -0.3898
vn -0.4965 0.7466 -0.4428
vn -0.9308 -0.2010 -0.3054
vn -0.6868 0.6715 -0.2782
vn -0.9552 0.0322 -0.2942
vn -0.7731 0.5828 -0.2504
vn -0.5951 0.5312 -0.6031
vn -0.9625 0.1122 -0.2470
vn -0.9104 0.3441 -0.2298
vn -0.8949 0.3953 -0.2071
vn -0.4726 0.8577 -0.2024
vn -0.8032 0.5871 -0.1012
vn -0.6978 0.7131 -0.0673
vn -0.7839 0.5840 -0.2107
vn -0.5171 0.7734 -0.3666
vn -0.5289 0.7653 -0.3668
vn -0.4987 0.8123 -0.3025
vn -0.4987 0.8330 -0.2397
vn -0.4562 0.8873 -0.0674
vn -0.5854 0.7573 -0.2896
vn -0.5735 0.7676 -0.2860
vn -0.4769 0.8579 -0.1912
vn -0.9646 -0.2595 -0.0465
vn -0.9993 0.0292 -0.0250
vn -0.9823 -0.1840 -0.0358
vn -0.9987 0.0356 -0.0368
vn -0.9984 0.0413 -0.0375
vn -0.9237 0.3818 -0.0303
vn -0.9591 0.2820 -0.0232
vn -0.8775 0.4792 -0.0205
vn -0.8123 0.5828 -0.0225
vn -0.7746 0.6322 -0.0151
vn -0.6885 0.7249 -0.0210
vn -0.9612 0.2753 -0.0190
vn -0.6497 0.7600 -0.0143
vn -0.9958 -0.0912 0.0047
vn -0.5545 0.8320 -0.0164
vn -0.8612 0.5082 -0.0110
vn -0.5460 0.8377 -0.0129
vn -0.4718 0.8817 -0.0050
vn -0.4311 0.9022 -0.0138
vn -0.9761 -0.2163 -0.0184
vn -0.9994 0.0305 -0.0142
vn -0.5062 0.8624 -0.0001
vn -0.5469 0.8371 -0.0072
vn -0.4716 0.8818 -0.0041
vn -0.4180 0.9085 0.0037
vn -0.3971 0.9178 -0.0014
vn -0.9634 0.2679 -0.0071
vn -0.9608 0.2772 -0.0045
vn -0.8782 0.4780 -0.0175
vn -0.9589 0.2831 -0.0205
vn -0.8658 0.5004 -0.0093
vn -0.8610 0.5086 -0.0067
vn -0.7424 0.6699 0.0003
vn -0.6159 0.7878 -0.0079
vn -0.6409 0.7676 -0.0003
vn -0.7322 0.6811 -0.0036
vn -0.7702 0.6375 -0.0208
vn -0.9990 0.0377 -0.0229
vn -0.9837 -0.1773 -0.0299
vn -0.9945 -0.0004 0.1051
vn -0.9987 0.0291 0.0422
vn -0.8146 0.5678 0.1187
vn -0.8081 0.5830 0.0840
vn -0.5463 0.8362 0.0477
vn -0.5222 0.8423 0.1338
vn -0.4052 0.9100 0.0875
vn -0.4060 0.9039 0.1347
vn -0.4565 0.8894 0.0241
vn -0.4624 0.8771 0.1303
vn -0.5291 0.8441 0.0873
vn -0.5315 0.8438 0.0747
vn -0.0004 0.0008 1.0000
vn -0.0011 0.0018 1.0000
vn -0.0002 -0.0000 1.0000
vn -0.0002 0.0010 1.0000
vn -0.0009 0.0015 1.0000
vn -0.0008 0.0013 1.0000
vn -0.0004 0.0009 1.0000
vn -0.0005 0.0008 1.0000
vn -0.0008 0.0016 1.0000
vn 0.0004 -0.0003 1.0000
vn 0.0002 -0.0005 1.0000
vn -0.4534 0.8886 0.0685
vn -0.4085 0.8939 0.1844
vn -0.2455 0.9681 -0.0509
vn -0.0815 0.9647 0.2505
vn 0.1963 0.9791 -0.0535
vn -0.7113 0.6949 0.1052
vn -0.7369 0.6760 -0.0056
vn -0.7420 0.6592 0.1223
vn -0.7066 0.6997 0.1051
vn 0.6907 -0.7231 -0.0073
vn 0.6930 -0.7209 -0.0075
vn 0.6923 -0.7216 -0.0036
vn 0.6954 -0.7186 -0.0051
vn 0.6928 -0.7210 0.0128
vn 0.6624 -0.7480 -0.0416
vn 0.6635 -0.7477 -0.0269
vn 0.6625 -0.7486 -0.0248
vn 0.6654 -0.7465 -0.0019
vn 0.6716 -0.7406 -0.0204
vn 0.6727 -0.7398 -0.0147
vn 0.6676 -0.7445 0.0002
vn 0.6666 -0.7454 -0.0048
vn 0.6683 -0.7438 -0.0086
vn 0.6709 -0.7415 0.0033
vn 0.6717 -0.7408 0.0020
vn 0.6683 -0.7437 -0.0180
vn 0.6981 -0.7153 0.0325
vn 0.6634 -0.7482 -0.0097
vn 0.6816 -0.7317 -0.0041
vn 0.6772 -0.7358 0.0065
vn 0.6841 -0.7294 -0.0001
vn 0.6756 -0.7372 -0.0052
vn 0.6770 -0.7360 -0.0036
vn 0.6799 -0.7331 0.0183
vn 0.6860 -0.7276 0.0078
vn 0.6821 -0.7313 0.0059
vn 0.6597 -0.7509 -0.0292
vn 0.6798 -0.7332 0.0134
vn 0.6654 -0.7407 -0.0922
vn 0.6830 -0.7300 0.0270
vn 0.6803 -0.7261 -0.0994
vn 0.6746 -0.7379 0.0216
vn 0.6815 -0.7318 0.0079
vn 0.6715 -0.7284 -0.1359
vn 0.6849 -0.7286 0.0097
vn 0.6863 -0.7261 0.0415
vn 0.6859 -0.7274 0.0186
vn 0.6717 -0.7408 0.0124
vn 0.6857 -0.7277 0.0170
vn 0.6727 -0.6576 0.3392
vn 0.6374 -0.7115 -0.2958
vn 0.6873 -0.7263 0.0103
vn 0.6905 -0.7232 -0.0093
vn 0.6920 -0.7218 -0.0116
vn 0.6917 -0.7220 -0.0116
vn 0.6917 -0.7221 -0.0086
vn -0.3488 -0.8720 0.3434
vn -0.4803 -0.6517 0.5870
vn -0.4222 -0.5769 0.6992
vn -0.5419 -0.5722 0.6155
vn -0.4724 -0.5492 0.6894
vn -0.4592 -0.5213 0.7193
vn -0.4395 -0.4422 0.7818
vn -0.3727 -0.4766 0.7962
vn -0.3555 -0.9335 0.0460
vn -0.6129 -0.7787 0.1341
vn -0.3876 -0.9006 0.1967
vn -0.5429 -0.7662 0.3438
vn -0.5510 -0.7594 0.3461
vn -0.4611 -0.8054 0.3725
vn -0.5307 -0.7110 0.4614
vn -0.4657 -0.7438 0.4794
vn -0.4699 -0.6580 0.5884
vn -0.5506 -0.5658 0.6137
vn -0.4839 -0.7230 0.4931
vn -0.5082 -0.8610 0.0194
vn -0.4668 -0.8821 0.0627
vn -0.5503 -0.4513 0.7025
vn -0.4843 -0.8550 0.1855
vn -0.5878 -0.7567 0.2862
vn -0.2592 -0.6110 0.7480
vn -0.5261 -0.8167 0.2370
vn 0.3643 -0.7182 0.5929
vn 0.2497 -0.7492 0.6135
vn 0.2170 -0.7308 0.6472
vn 0.1303 -0.7873 0.6027
vn 0.0243 -0.8268 0.5619
vn -0.1166 -0.8718 0.4759
vn 0.1487 -0.9325 0.3292
vn -0.1111 -0.8713 0.4781
vn -0.0025 -0.9522 0.3055
vn 0.1743 -0.9815 0.0787
vn -0.0387 -0.9943 0.0997
vn 0.3282 -0.7640 0.5555
vn -0.0216 -0.9981 0.0580
vn -0.0200 -0.9981 0.0586
vn 0.1844 -0.8839 0.4297
vn 0.3154 -0.7395 0.5947
vn 0.1710 -0.7935 0.5840
vn -0.0033 -0.8145 0.5801
vn 0.3316 -0.8524 0.4043
vn -0.2157 -0.7967 0.5646
vn 0.2011 -0.8866 0.4165
vn 0.1239 -0.9337 0.3358
vn -0.1522 -0.9755 0.1586
vn -0.0642 -0.9949 0.0774
vn 0.0696 -0.9974 0.0170
vn 0.0655 -0.9978 0.0117
vn 0.0209 -0.9995 0.0242
vn 0.3384 -0.6761 0.6545
vn 0.3355 -0.6760 0.6561
vn 0.2233 -0.6205 0.7517
vn 0.2778 -0.6500 0.7073
vn 0.2495 -0.6240 0.7405
vn 0.2012 -0.5861 0.7848
vn 0.1526 -0.5597 0.8145
vn 0.2610 -0.6184 0.7412
vn 0.3590 -0.6353 0.6838
vn 0.2550 -0.6132 0.7477
vn 0.2351 -0.5987 0.7657
vn 0.1628 -0.5362 0.8282
vn 0.3333 -0.6648 0.6685
vn 0.3306 -0.6693 0.6654
vn 0.9478 -0.0673 0.3117
vn 0.8975 -0.3596 0.2553
vn 0.8777 0.2790 0.3896
vn 0.9265 0.1731 0.3341
vn 0.9202 0.2304 0.3164
vn 0.9658 0.1100 0.2350
vn 0.5760 -0.5986 0.5567
vn 0.9629 0.1509 0.2238
vn 0.4911 -0.2907 0.8212
vn 0.6944 -0.2703 0.6669
vn 0.7009 -0.4990 0.5096
vn 0.7314 -0.3549 0.5822
vn 0.7606 -0.3609 0.5396
vn 0.7110 -0.6024 0.3627
vn 0.7000 -0.1181 0.7043
vn 0.7634 -0.3429 0.5474
vn 0.7784 0.0558 0.6253
vn 0.8050 -0.1415 0.5762
vn 0.6801 -0.7207 0.1345
vn 0.5793 -0.7183 0.3853
vn 0.5686 -0.3045 0.7642
vn 0.8236 -0.5104 0.2472
vn 0.5467 -0.0506 0.8358
vn 0.8765 -0.1251 0.4649
vn 0.8719 -0.4394 0.2162
vn 0.9229 -0.1821 0.3393
vn 0.8816 0.1403 0.4506
vn 0.3261 -0.6780 0.6588
vn 0.9189 -0.3474 0.1867
vn 0.9121 -0.3656 0.1857
vn 0.3642 -0.6504 0.6666
vn 0.8978 -0.4192 0.1351
vn 0.9862 0.0438 0.1595
vn 0.3500 -0.5915 0.7264
vn 0.3914 -0.5946 0.7023
vn 0.3504 -0.6640 0.6606
vn 0.3667 -0.6515 0.6641
vn 0.3772 -0.5654 0.7335
vn 0.3769 -0.5231 0.7644
vn 0.5564 -0.5116 0.6547
vn 0.3943 -0.3008 0.8684
vn 0.5004 -0.3245 0.8027
vn 0.4218 -0.5357 0.7315
vn 0.4136 -0.5066 0.7565
vn 0.6800 0.1686 0.7135
vn 0.7837 -0.4295 0.4488
vn 0.8363 -0.3518 0.4206
vn 0.8526 -0.0589 0.5193
vn 0.8876 0.0190 0.4603
vn 0.8095 -0.5434 0.2225
vn 0.4724 -0.5076 0.7205
vn -0.8012 0.5977 0.0288
vn -0.9506 0.2858 0.1214
vn -0.9876 0.0781 0.1359
vn -0.9458 -0.2568 0.1989
vn -0.9827 0.1720 0.0680
vn -0.9155 -0.3842 0.1194
vn -0.9989 -0.0457 0.0089
vn -0.9193 -0.3842 0.0855
vn -0.7228 0.3541 0.5935
vn -0.8136 0.3652 0.4524
vn -0.9725 0.2181 0.0814
vn -0.8347 0.3024 0.4603
vn -0.8146 0.2225 0.5356
vn -0.9838 0.1760 0.0345
vn -0.9961 0.0435 0.0769
vn -0.8874 0.1884 0.4207
vn -0.8554 0.0870 0.5106
vn -0.8829 0.2849 0.3732
vn -0.9772 0.1883 0.0984
vn -0.8639 0.4348 0.2542
vn -0.8927 -0.0282 0.4497
vn -0.9800 -0.1845 0.0748
vn -0.9167 0.3310 0.2238
vn -0.8764 -0.1799 0.4466
vn -0.7527 0.2634 0.6034
vn -0.9576 0.1046 0.2685
vn -0.8960 -0.0193 0.4437
vn -0.9732 0.0407 0.2261
vn -0.9734 0.0309 0.2269
vn -0.6176 0.1909 0.7630
vn -0.5377 0.2647 0.8006
vn -0.5719 0.3128 0.7584
vn -0.5718 0.3103 0.7595
vn -0.5957 0.3488 0.7235
vn -0.6177 0.3627 0.6977
vn -0.6117 0.3359 0.7162
vn -0.6248 0.3639 0.6908
vn -0.5976 0.3469 0.7229
vn -0.5621 0.2707 0.7815
vn -0.5696 0.2664 0.7776
vn -0.5098 0.5067 0.6952
vn -0.4334 0.6073 0.6658
vn -0.5999 0.4366 0.6704
vn -0.5310 0.4204 0.7357
vn -0.5488 0.4733 0.6890
vn -0.4178 0.3432 0.8412
vn -0.3974 0.4966 0.7717
vn -0.4649 0.6221 0.6300
vn -0.3957 0.6824 0.6146
vn -0.3928 0.6749 0.6247
vn -0.5602 0.4051 0.7226
vn -0.4061 0.4243 0.8093
vn -0.3229 0.7487 0.5790
vn -0.3119 0.7348 0.6024
vn -0.2343 0.7840 0.5749
vn -0.4665 0.5102 0.7225
vn -0.1771 0.8309 0.5275
vn -0.3862 0.5983 0.7021
vn -0.1921 0.8914 0.4106
vn -0.3544 0.6806 0.6413
vn 0.1489 0.7291 0.6680
vn -0.2913 0.9187 0.2669
vn -0.3564 0.7257 0.5885
vn -0.0818 0.9118 0.4025
vn -0.2279 0.7777 0.5858
vn -0.1226 0.8183 0.5616
vn -0.0413 0.9312 0.3621
vn -0.0421 0.9158 0.3995
vn -0.0939 0.9313 0.3519
vn -0.0709 0.9572 0.2805
vn -0.0488 0.9538 0.2964
vn -0.0459 0.9845 0.1693
vn -0.0459 0.9757 0.2142
vn -0.0099 0.9720 0.2347
vn 0.0030 0.9928 0.1197
vn 0.0413 0.9896 0.1375
vn 0.0560 0.9829 0.1754
vn 0.0442 0.9955 0.0833
vn -0.0817 0.9927 0.0884
vn -0.0893 0.9959 -0.0136
vn -0.3019 -0.7022 -0.6448
vn -0.0126 -0.2468 -0.9690
vn -0.3214 -0.8831 0.3419
vn -0.3821 -0.5048 -0.7741
vn -0.4118 -0.6029 -0.6833
vn -0.3088 -0.5960 -0.7413
vn -0.1775 -0.2554 -0.9504
vn -0.0728 -0.5297 -0.8451
vn 0.0434 -0.7627 -0.6453
vn 0.0358 -0.4585 -0.8880
vn 0.2737 -0.5791 -0.7680
vn 0.2507 -0.5118 -0.8217
vn 0.4884 -0.4130 -0.7687
vn 0.4665 -0.3782 -0.7996
vn 0.3084 -0.8447 0.4375
vn 0.5438 -0.2312 -0.8067
vn 0.7113 -0.5151 -0.4783
vn 0.5850 -0.2446 -0.7733
vn 0.5915 -0.2530 -0.7656
vn 0.6630 -0.4986 -0.5584
vn 0.4862 -0.1206 -0.8655
vn 0.7288 -0.5491 -0.4092
vn 0.7221 -0.5321 -0.4421
vn 0.5951 -0.2820 -0.7526
vn 0.6214 -0.3096 -0.7197
vn 0.6882 -0.3746 -0.6213
vn 0.6208 -0.3131 -0.7188
vn 0.7901 -0.1339 -0.5982
vn 0.8540 -0.2536 -0.4542
vn 0.4972 -0.1377 -0.8567
vn 0.6238 -0.2424 -0.7431
vn 0.7550 -0.6508 0.0805
vn 0.7358 0.3159 -0.5990
vn 0.8349 0.0567 -0.5474
vn 0.9234 0.0893 -0.3734
vn 0.8209 0.4640 -0.3329
vn 0.5910 0.4813 -0.6473
vn 0.4224 0.2621 0.8677
vn 0.1121 -0.4931 0.8627
vn 0.5335 -0.7209 0.4423
vn 0.5578 -0.7290 0.3968
vn 0.7601 -0.5440 0.3554
vn 0.6869 -0.4525 0.5687
vn 0.8086 -0.3542 0.4697
vn 0.7676 -0.0905 0.6344
vn 0.6616 -0.1661 0.7313
vn 0.5104 0.1249 0.8508
vn 0.0081 0.0232 -0.9997
vn 0.0222 0.0221 -0.9995
vn 0.0025 0.0458 -0.9989
vn -0.0081 0.0201 -0.9998
vn -0.0037 0.0222 -0.9997
vn 0.0036 0.0132 -0.9999
vn 0.0030 0.0166 -0.9999
vn 0.0051 0.0203 -0.9998
vn 0.0101 0.0181 -0.9998
vn 0.0080 0.0275 -0.9996
vn 0.0108 0.0302 -0.9995
vn 0.0104 0.0303 -0.9995
vn 0.0101 0.0310 -0.9995
vn 0.0102 0.0257 -0.9996
vn 0.0036 0.0195 -0.9998
vn 0.0105 0.0176 -0.9998
vn 0.0107 0.0208 -0.9997
vn 0.0114 0.0215 -0.9997
vn 0.0126 0.0223 -0.9997
vn 0.0100 0.0231 -0.9997
vn 0.0124 0.0055 -0.9999
vn 0.0170 0.0255 -0.9995
vn 0.0308 0.0364 -0.9989
vn -0.0044 0.0199 -0.9998
vn 0.0290 0.0119 -0.9995
vn 0.0265 0.0204 -0.9994
vn 0.0302 0.0360 -0.9989
vn -0.0000 0.0202 -0.9998
vn 0.0206 0.0160 -0.9997
vn 0.0198 0.0201 -0.9996
vn 0.0149 0.0171 -0.9997
vn 0.0103 0.0181 -0.9998
vn 0.0090 -0.0223 -0.9997
vn 0.0526 0.0629 -0.9966
vn 0.0160 0.0129 -0.9998
vn 0.0149 0.0126 -0.9998
vn 0.0370 0.0062 -0.9993
vn 0.0362 0.0243 -0.9990
vn 0.0451 0.0390 -0.9982
vn 0.0204 0.0128 -0.9997
vn 0.0395 0.0154 -0.9991
vn 0.0264 0.0189 -0.9995
vn 0.0190 0.0025 -0.9998
vn 0.0348 0.0168 -0.9993
vn 0.0376 0.0160 -0.9992
vn 0.0418 0.0164 -0.9990
vn 0.0388 0.0126 -0.9992
vn 0.0253 0.0181 -0.9995
vn 0.0205 0.0060 -0.9998
vn 0.0266 0.0108 -0.9996
vn 0.0189 0.0061 -0.9998
vn 0.0173 0.0042 -0.9998
vn 0.0138 0.0025 -0.9999
vn 0.0583 -0.0096 -0.9983
vn 0.0311 0.0165 -0.9994
vn 0.0158 -0.0153 -0.9998
vn 0.0469 0.0023 -0.9989
vn 0.0247 0.0109 -0.9996
vn 0.0257 0.0095 -0.9996
vn 0.0372 0.1171 -0.9924
vn 0.7133 0.2973 -0.6347
vn 0.6496 0.2902 -0.7027
vn 0.6483 0.2877 -0.7049
vn 0.7199 0.3410 -0.6045
vn 0.5761 0.2966 -0.7617
vn 0.6750 0.4066 -0.6158
vn 0.6352 0.3585 -0.6841
vn 0.5039 0.3062 -0.8076
vn 0.6124 0.3949 -0.6849
vn 0.1398 0.8537 -0.5017
vn 0.6030 0.4061 -0.6866
vn 0.6118 0.4098 -0.6766
vn 0.1090 0.9675 -0.2283
vn 0.5996 0.4257 -0.6777
vn 0.4928 0.3696 -0.7877
vn 0.8747 0.1080 -0.4724
vn 0.7520 0.0404 -0.6580
vn 0.4869 0.3706 -0.7910
vn 0.4898 0.3740 -0.7875
vn 0.4899 0.3740 -0.7875
vn -0.0000 0.5240 -0.8517
vn 0.9564 0.1118 -0.2697
vn 0.7467 0.0527 -0.6631
vn 0.8875 0.0590 -0.4571
vn 0.5903 0.4841 -0.6460
vn 0.6730 0.0807 -0.7352
vn 0.4658 0.4256 -0.7758
vn 0.5365 0.5728 -0.6198
vn 0.7069 0.0702 -0.7038
vn 0.4613 0.5226 -0.7170
vn 0.5402 0.6364 -0.5506
vn 0.6174 0.0819 -0.7824
vn 0.3712 0.4286 -0.8237
vn 0.5067 0.6151 -0.6040
vn 0.5048 0.6279 -0.5923
vn 0.4770 0.6054 -0.6372
vn 0.4544 0.6084 -0.6506
vn 0.6246 0.1296 -0.7701
vn 0.4086 0.6099 -0.6790
vn 0.3835 0.5505 -0.7415
vn 0.3382 0.5374 -0.7725
vn 0.3446 0.5534 -0.7583
vn 0.7074 0.1678 -0.6866
vn 0.6306 0.1436 -0.7627
vn 0.3455 0.0871 -0.9344
vn 0.3335 0.5598 -0.7586
vn 0.3282 0.5454 -0.7712
vn 0.7822 0.2175 -0.5839
vn 0.8293 0.2492 -0.5002
vn 0.3175 0.5667 -0.7603
vn 0.3193 0.5720 -0.7556
vn 0.7903 0.2507 -0.5591
vn 0.8214 0.2736 -0.5005
vn 0.3013 0.5783 -0.7581
vn 0.2969 0.5637 -0.7708
vn 0.7820 0.2737 -0.5599
vn 0.8124 0.2978 -0.5014
vn 0.2551 0.5402 -0.8019
vn 0.7375 0.2943 -0.6078
vn 0.8466 0.3419 -0.4079
vn 0.2470 0.5776 -0.7781
vn 0.2499 0.5964 -0.7628
vn 0.7249 0.3349 -0.6019
vn 0.2462 0.6748 -0.6957
vn 0.2311 0.5987 -0.7669
vn 0.5729 0.5300 -0.6252
vn 0.4443 0.3834 -0.8097
vn 0.2361 0.6715 -0.7024
vn 0.5083 0.5094 -0.6944
vn 0.2107 0.6698 -0.7120
vn 0.5430 0.5579 -0.6277
vn 0.1906 0.6747 -0.7131
vn 0.7193 0.3820 -0.5802
vn 0.5753 0.2954 -0.7627
vn 0.1349 0.5393 -0.8312
vn 0.4971 0.2685 -0.8251
vn 0.0835 0.5378 -0.8389
vn 0.0808 0.6702 -0.7377
vn 0.5037 0.3063 -0.8077
vn 0.1777 0.8937 -0.4119
vn 0.1259 0.5579 -0.8203
vn 0.1318 0.6378 -0.7589
vn 0.0951 0.5735 -0.8136
vn 0.0768 0.5506 -0.8312
vn 0.0789 0.6781 -0.7307
vn 0.0851 0.9620 -0.2595
vn 0.0647 0.6527 -0.7548
vn 0.0646 0.6730 -0.7368
vn 0.6854 0.0321 -0.7275
vn 0.4217 0.0039 -0.9067
vn 0.9556 0.1088 -0.2738
vn 0.4764 0.5121 -0.7147
vn 0.5502 0.1657 -0.8185
vn 0.5464 0.1732 -0.8194
vn 0.5337 0.1680 -0.8288
vn 0.5856 0.2049 -0.7842
vn 0.4324 0.5853 -0.6859
vn 0.3010 0.4081 -0.8619
vn 0.5514 0.1985 -0.8103
vn 0.5835 0.2415 -0.7754
vn 0.4406 0.2167 -0.8712
vn 0.2520 0.5305 -0.8094
vn 0.2456 0.5759 -0.7797
vn 0.2369 0.6651 -0.7082
vn 0.2468 0.6736 -0.6966
vn 0.2098 0.6496 -0.7308
vn 0.1902 0.6544 -0.7318
vn 0.1840 0.6699 -0.7193
vn 0.2004 0.8090 -0.5526
vn 0.1032 0.6148 -0.7819
vn 0.1368 0.8798 -0.4552
vn 0.6713 0.0791 -0.7369
vn 0.7723 0.1142 -0.6249
vn 0.6438 0.1255 -0.7548
vn 0.8346 0.1475 -0.5307
vn 0.5419 0.1003 -0.8345
vn 0.7644 0.2206 -0.6058
vn 0.3487 0.8696 -0.3496
vn 0.7257 0.2648 -0.6351
vn 0.6541 0.7544 -0.0547
vn 0.6457 0.7617 -0.0532
vn 0.9671 0.2305 -0.1073
vn 0.9621 0.2601 -0.0822
vn 0.1322 0.9852 -0.1094
vn 0.9727 0.2154 -0.0865
vn 0.6681 0.7422 -0.0531
vn 0.6568 0.7522 -0.0532
vn 0.1407 0.9831 -0.1168
vn 0.6987 0.7141 -0.0442
vn 0.9814 0.1716 -0.0856
vn 0.6824 0.7297 -0.0432
vn 0.1586 0.9856 -0.0593
vn 0.9833 0.1664 -0.0743
vn 0.9821 0.1469 -0.1178
vn 0.6866 0.7249 -0.0564
vn 0.1887 0.9783 -0.0852
vn 0.2002 0.9740 -0.1062
vn 0.9830 0.1435 -0.1146
vn 0.2237 0.9717 -0.0753
vn 0.7051 0.7075 -0.0483
vn 0.2430 0.9670 -0.0761
vn 0.2312 0.9684 -0.0935
vn 0.7418 0.6672 -0.0678
vn 0.7321 0.6788 -0.0572
vn 0.2717 0.9581 -0.0904
vn 0.2887 0.9548 -0.0711
vn 0.7669 0.6395 -0.0546
vn 0.2986 0.9519 -0.0683
vn 0.7678 0.6384 -0.0547
vn 0.2931 0.9531 -0.0754
vn 0.7723 0.6326 -0.0583
vn 0.3203 0.9449 -0.0681
vn 0.7838 0.6186 -0.0536
vn 0.7931 0.6064 -0.0567
vn 0.7985 0.5996 -0.0542
vn 0.8088 0.5853 -0.0571
vn 0.3360 0.9392 -0.0713
vn 0.3247 0.9437 -0.0638
vn 0.8184 0.5725 -0.0499
vn 0.8299 0.5555 -0.0518
vn 0.3752 0.9235 -0.0800
vn 0.3739 0.9241 -0.0788
vn 0.8204 0.5687 -0.0594
vn 0.8509 0.5209 -0.0686
vn 0.4074 0.9098 -0.0790
vn 0.4019 0.9127 -0.0734
vn 0.8493 0.5233 -0.0696
vn 0.8569 0.5104 -0.0719
vn 0.4272 0.9018 -0.0656
vn 0.5910 0.7925 -0.1506
vn 0.8632 0.5008 -0.0634
vn 0.8897 0.4528 -0.0583
vn 0.8856 0.4612 -0.0547
vn 0.4545 0.8883 -0.0660
vn 0.4453 0.8933 -0.0610
vn 0.8897 0.4529 -0.0583
vn 0.4885 0.8701 -0.0650
vn 0.4735 0.8788 -0.0603
vn 0.8979 0.4346 -0.0701
vn 0.5121 0.8569 -0.0587
vn 0.8936 0.4448 -0.0603
vn 0.5070 0.8600 -0.0580
vn 0.9102 0.4111 -0.0501
vn 0.5367 0.8407 -0.0725
vn 0.9231 0.3782 -0.0692
vn 0.4974 0.8650 -0.0659
vn 0.9264 0.3726 -0.0552
vn 0.9225 0.3829 -0.0482
vn 0.5520 0.8318 -0.0577
vn 0.5671 0.8216 -0.0587
vn 0.9374 0.3436 -0.0564
vn 0.9329 0.3564 -0.0505
vn 0.5875 0.8078 -0.0488
vn 0.5633 0.8247 -0.0502
vn 0.9461 0.3151 -0.0752
vn 0.9309 0.3598 -0.0635
vn 0.5850 0.8094 -0.0514
vn 0.9557 0.2872 -0.0649
vn 0.9530 0.2962 -0.0629
vn 0.6261 0.7773 -0.0623
vn 0.5912 0.8050 -0.0491
vn 0.9648 0.2513 -0.0781
vn 0.9557 0.2870 -0.0648
vn 0.0727 0.6938 -0.7165
vn 0.0218 0.7604 -0.6491
vn 0.0163 0.8954 -0.4449
vn 0.1056 0.8007 -0.5897
vn 0.1148 0.6479 -0.7530
vn 0.1372 0.8881 -0.4387
vn 0.0359 0.6814 -0.7311
vn 0.2115 0.7265 -0.6539
vn 0.2097 0.7146 -0.6674
vn 0.1651 0.6861 -0.7085
vn 0.1599 0.7227 -0.6724
vn 0.3063 0.6307 -0.7130
vn 0.2900 0.7215 -0.6288
vn 0.2604 0.7538 -0.6033
vn 0.2855 0.4788 -0.8302
vn 0.0567 -0.4204 -0.9056
vn 0.2426 0.6932 -0.6786
vn 0.2347 0.6617 -0.7121
vn 0.5098 0.5316 -0.6764
vn 0.5678 0.6240 -0.5369
vn 0.5020 0.5305 -0.6831
vn 0.4971 0.5625 -0.6606
vn 0.5176 0.5793 -0.6297
vn 0.4923 0.5981 -0.6324
vn 0.5265 0.6924 -0.4933
vn 0.5141 0.7080 -0.4842
vn 0.4908 0.7307 -0.4745
vn 0.4187 0.6926 -0.5873
vn 0.3924 0.5983 -0.6986
vn 0.5233 0.6349 -0.5685
vn 0.3848 0.7171 -0.5811
vn 0.5128 0.6810 -0.5228
vn 0.3124 0.6883 -0.6547
vn 0.2893 0.7196 -0.6312
vn 0.4931 0.6900 -0.5298
vn 0.2783 0.6667 -0.6914
vn 0.2450 0.6828 -0.6883
vn 0.5838 0.5824 -0.5656
vn 0.4580 0.6797 -0.5729
vn 0.3852 0.6308 -0.6736
vn 0.3756 0.5909 -0.7139
vn 0.3697 0.6221 -0.6902
vn 0.2296 0.6591 -0.7161
vn 0.6541 0.4472 -0.6100
vn 0.6309 0.4755 -0.6131
vn 0.5776 0.4814 -0.6593
vn 0.5453 0.5012 -0.6719
vn 0.5598 0.5169 -0.6476
vn 0.7190 0.2518 -0.6478
vn 0.6431 0.2451 -0.7255
vn 0.6905 0.2737 -0.6696
vn 0.6679 0.3188 -0.6725
vn 0.6977 0.2740 -0.6619
vn 0.6567 0.3299 -0.6782
vn 0.6440 0.3809 -0.6634
vn 0.6458 0.4057 -0.6468
vn 0.6500 0.3029 -0.6969
vn 0.7741 0.3254 -0.5431
vn 0.6596 0.4992 -0.5618
vn 0.5690 0.4498 -0.6884
vn 0.5631 0.4658 -0.6826
vn 0.5408 0.4678 -0.6991
vn 0.4903 0.4724 -0.7324
vn 0.7561 0.3846 -0.5295
vn 0.6718 0.3597 -0.6476
vn 0.6776 0.3873 -0.6253
vn 0.8087 0.1497 -0.5688
vn 0.7943 0.2172 -0.5674
vn 0.7426 0.2135 -0.6348
vn 0.5569 0.1612 -0.8148
vn 0.5386 0.0972 -0.8369
vn 0.0005 -0.0002 -1.0000
vn -0.0003 0.0001 -1.0000
vn 0.0036 -0.0013 -1.0000
vn -0.0000 -0.0000 -1.0000
vn -0.0001 -0.0009 -1.0000
vn -0.0019 -0.0020 -1.0000
vn 0.0005 -0.0009 -1.0000
vn 0.0003 -0.0002 -1.0000
vn 0.0006 -0.0002 -1.0000
vn 0.0065 0.0039 -1.0000
vn 0.0028 -0.0025 -1.0000
vn 0.0074 0.0013 -1.0000
vn 0.0044 -0.0026 -1.0000
vn 0.0041 -0.0022 -1.0000
vn 0.0015 0.0012 -1.0000
vn 0.0042 -0.0022 -1.0000
vn 0.0008 0.0006 -1.0000
vn 0.0006 0.0005 -1.0000
vn 0.0003 -0.0003 -1.0000
vn 0.0001 -0.0001 -1.0000
vn 0.0004 0.0003 -1.0000
vn 0.0003 0.0002 -1.0000
vn 0.0003 0.0003 -1.0000
vn 0.0001 0.0001 -1.0000
vn 0.0007 0.0011 -1.0000
vn 0.0011 0.0015 -1.0000
vn 0.0003 0.0001 -1.0000
vn -0.0000 0.0004 -1.0000
vn -0.0001 0.0004 -1.0000
vn -0.0000 0.0006 -1.0000
vn -0.0016 0.0026 -1.0000
vn -0.0009 0.0033 -1.0000
vn -0.0002 0.0002 -1.0000
vn -0.0001 0.0001 -1.0000
vn -0.0001 0.0021 -1.0000
vn -0.0030 0.0026 -1.0000
vn 0.0016 -0.0015 -1.0000
vn -0.0020 0.0032 -1.0000
vn -0.0023 0.0025 -1.0000
vn -0.0022 0.0025 -1.0000
vn -0.0008 0.0006 -1.0000
vn -0.0011 0.0008 -1.0000
vn -0.0001 -0.0002 -1.0000
vn -0.0009 0.0021 -1.0000
vn -0.0014 0.0028 -1.0000
vn 0.0486 -0.0585 -0.9971
vn 0.6745 0.7258 0.1350
vn 0.4208 0.5871 0.6915
vn 0.6295 0.7768 0.0182
vn 0.6243 0.7812 0.0023
vn 0.4544 0.6156 0.6438
vn 0.6739 0.7274 0.1296
vn 0.6070 0.7872 0.1089
vn 0.5008 0.6879 0.5253
vn 0.5085 0.6944 0.5093
vn 0.7051 0.7091 -0.0019
vn 0.5314 0.7305 0.4288
vn 0.1858 0.2255 0.9564
vn 0.5508 0.7466 0.3732
vn 0.5573 0.7670 0.3181
vn 0.0037 0.0059 1.0000
vn 0.4174 0.4848 0.7686
vn 0.6018 0.7975 0.0433
vn 0.5769 0.7840 0.2292
vn 0.2272 0.2783 0.9332
vn 0.5766 0.7871 0.2192
vn 0.5860 0.7986 0.1370
vn 0.2688 0.3208 0.9082
vn 0.0236 0.0334 0.9992
vn 0.5835 0.8021 0.1275
vn 0.5039 0.5946 0.6266
vn 0.5056 0.5953 0.6244
vn 0.6786 0.7322 0.0593
vn 0.6785 0.7322 0.0594
vn 0.5924 0.8046 0.0405
vn 0.5869 0.8079 0.0540
vn 0.5857 0.8105 0.0053
vn 0.1048 0.1085 0.9886
vn 0.0472 0.0599 0.9971
vn 0.5670 0.6517 0.5038
vn 0.6793 0.7330 0.0356
vn 0.0470 0.0489 0.9977
vn 0.6034 0.7016 0.3791
vn 0.5921 0.6961 0.4061
vn 0.3439 0.3498 0.8714
vn 0.1915 0.1994 0.9610
vn 0.4301 0.4216 0.7983
vn 0.3104 0.3866 0.8684
vn 0.4591 0.4644 0.7573
vn 0.2267 0.2349 0.9452
vn 0.6488 0.7217 0.2412
vn 0.5478 0.5481 0.6321
vn 0.6242 0.7366 0.2603
vn 0.5466 0.5445 0.6362
vn 0.3541 0.3489 0.8677
vn 0.3456 0.3559 0.8683
vn 0.3838 0.4767 0.7908
vn 0.3670 0.4613 0.8078
vn 0.6651 0.7464 -0.0217
vn 0.6368 0.7369 0.2268
vn 0.6009 0.6197 0.5048
vn 0.6473 0.6534 0.3925
vn 0.6568 0.6536 0.3762
vn 0.4758 0.5970 0.6459
vn 0.4898 0.6072 0.6257
vn 0.6453 0.7539 0.1232
vn 0.6828 0.6929 0.2316
vn 0.6418 0.7554 0.1320
vn 0.5319 0.6752 0.5110
vn 0.4244 0.4678 0.7753
vn 0.6175 0.6957 0.3670
vn 0.4467 0.4786 0.7559
vn 0.1090 0.1256 0.9861
vn 0.6827 0.6917 0.2356
vn 0.6978 0.6991 0.1561
vn 0.5824 0.7198 0.3777
vn 0.5686 0.7162 0.4047
vn 0.5327 0.5698 0.6257
vn 0.5251 0.5651 0.6363
vn 0.0936 0.1222 0.9881
vn 0.1612 0.1833 0.9698
vn 0.6541 0.7541 0.0594
vn 0.6515 0.7580 0.0318
vn 0.6978 0.7040 0.1318
vn 0.5874 0.6323 0.5050
vn 0.5878 0.6325 0.5044
vn 0.1060 0.1445 0.9838
vn 0.6057 0.7521 0.2598
vn 0.1397 0.1919 0.9714
vn 0.1467 0.1998 0.9688
vn 0.6055 0.7624 0.2282
vn 0.7035 0.7050 0.0898
vn 0.4469 0.4642 0.7647
vn 0.6269 0.6747 0.3895
vn 0.6339 0.6763 0.3751
vn 0.2843 0.3234 0.9025
vn 0.2884 0.3268 0.9000
vn 0.0503 0.0628 0.9968
vn 0.4342 0.4681 0.7696
vn 0.2008 0.2781 0.9393
vn 0.2138 0.2915 0.9324
vn 0.3734 0.4188 0.8278
vn 0.7003 0.7112 0.0620
vn 0.4310 0.4825 0.7625
vn 0.5085 0.5750 0.6409
vn 0.6210 0.7735 0.1266
vn 0.6243 0.7718 0.1211
vn 0.4176 0.4815 0.7705
vn 0.2720 0.3753 0.8861
vn 0.2804 0.3842 0.8796
vn 0.7041 0.7101 0.0032
vn 0.6615 0.7122 0.2349
vn 0.6641 0.7121 0.2280
vn 0.3310 0.4580 0.8250
vn 0.0866 0.1082 0.9903
vn 0.3656 0.4932 0.7893
vn -0.2423 -0.2608 -0.9345
vn -0.2914 -0.2550 -0.9220
vn -0.8266 -0.5622 -0.0254
vn -0.6647 -0.7470 -0.0153
vn -0.7112 -0.7029 0.0113
vn -0.7406 -0.6677 -0.0756
vn -0.7078 -0.7047 -0.0491
vn -0.7077 -0.7030 -0.0709
vn -0.6603 -0.7421 -0.1156
vn -0.7026 -0.6957 -0.1495
vn -0.6817 -0.6921 -0.2374
vn -0.0899 -0.1782 -0.9799
vn -0.1613 -0.1746 -0.9713
vn -0.7120 -0.6485 -0.2691
vn -0.0539 -0.0739 -0.9958
vn -0.6495 -0.6810 -0.3382
vn -0.0393 -0.0606 -0.9974
vn -0.0381 -0.0604 -0.9974
vn -0.6658 -0.6175 -0.4188
vn -0.0194 0.0108 -0.9998
vn -0.6328 -0.6152 -0.4703
vn -0.6292 -0.6168 -0.4730
vn -0.5339 -0.5673 -0.6270
vn -0.5241 -0.5710 -0.6318
vn -0.4683 -0.4744 -0.7454
vn -0.4692 -0.4742 -0.7450
vn -0.3742 -0.3699 -0.8504
vn -0.3693 -0.3709 -0.8521
vn 0.6244 0.7810 -0.0095
vn 0.7301 0.6830 0.0229
vn 0.0727 0.0127 -0.9973
vn 0.1100 0.0765 -0.9910
vn 0.1083 0.1090 -0.9881
vn 0.2426 0.2240 -0.9439
vn 0.2398 0.2870 -0.9274
vn -0.4684 -0.0366 0.8827
vn -0.4277 -0.0794 0.9004
vn -0.5369 -0.1004 0.8377
vn -0.3931 -0.0365 0.9188
vn -0.5227 -0.0539 0.8508
vn -0.3663 -0.0575 0.9287
vn 0.0105 -0.0312 0.9995
vn -0.0164 0.0148 0.9998
vn 0.0007 -0.0278 0.9996
vn 0.0200 -0.0147 0.9997
vn -0.0004 -0.0115 0.9999
vn 0.0026 -0.0026 1.0000
vn -0.0009 -0.0049 1.0000
vn -0.0009 -0.0052 1.0000
vn -0.0013 -0.0046 1.0000
vn -0.0033 -0.0062 1.0000
vn -0.0031 -0.0077 1.0000
vn -0.0032 -0.0077 1.0000
vn -0.0027 -0.0052 1.0000
vn -0.0028 -0.0042 1.0000
vn -0.0014 -0.0016 1.0000
vn -0.0023 -0.0040 1.0000
vn -0.0016 -0.0014 1.0000
vn -0.0025 -0.0018 1.0000
vn -0.0040 -0.0026 1.0000
vn -0.0036 -0.0020 1.0000
vn -0.0042 -0.0017 1.0000
vn -0.0044 -0.0017 1.0000
vn -0.0042 -0.0012 1.0000
vn -0.0082 0.0014 1.0000
vn 0.0049 -0.0037 1.0000
vn 0.0064 0.0010 1.0000
vn -0.0068 0.0009 1.0000
vn 0.0168 -0.0015 0.9999
vn -0.0067 -0.0002 1.0000
vn -0.0072 0.0002 1.0000
vn 0.0088 0.0080 0.9999
vn -0.2142 -0.2409 0.9466
vn -0.0529 -0.1999 0.9784
vn 0.0272 -0.1914 0.9811
vn -0.0680 -0.1221 0.9902
vn -0.0771 -0.1300 0.9885
vn 0.0132 -0.0981 0.9951
vn -0.1686 -0.2177 0.9613
vn -0.1425 -0.1853 0.9723
vn -0.1747 -0.2574 0.9504
vn -0.0519 -0.1465 0.9878
vn -0.0508 -0.0801 0.9955
vn -0.0712 -0.1500 0.9861
vn -0.0721 -0.1263 0.9894
vn -0.1221 -0.1423 0.9823
vn -0.0992 -0.1668 0.9810
vn -0.1190 -0.2156 0.9692
vn -0.1352 -0.2472 0.9595
vn -0.2099 -0.2106 0.9548
vn -0.1664 -0.3315 0.9287
vn 0.0116 0.1114 0.9937
vn -0.0601 -0.0679 0.9959
vn -0.0155 -0.0383 0.9991
vn -0.1365 -0.1674 0.9764
vn -0.0638 -0.1502 0.9866
vn -0.1328 -0.3156 0.9395
vn -0.0984 -0.2534 0.9623
vn -0.1118 -0.2709 0.9561
vn -0.0516 -0.1443 0.9882
vn -0.1450 -0.2385 0.9602
vn -0.0792 -0.0815 0.9935
vn -0.0775 -0.1293 0.9886
vn -0.0842 -0.1127 0.9901
vn -0.2070 -0.2255 0.9520
vn -0.0698 -0.1007 0.9925
vn -0.1458 -0.2948 0.9444
vn -0.1633 -0.2632 0.9508
vn -0.2973 -0.3219 0.8989
vn -0.2678 -0.3116 0.9117
vn -0.1704 -0.2351 0.9569
vn -0.1116 -0.2364 0.9652
vn -0.2095 -0.2424 0.9473
vn -0.0926 -0.1302 0.9872
vn -0.0731 -0.0978 0.9925
vn -0.1702 -0.2349 0.9570
vn -0.0775 -0.0877 0.9931
vn -0.0579 -0.0711 0.9958
vn -0.0286 -0.0959 0.9950
vn -0.0664 -0.2014 0.9773
vn -0.0393 -0.1875 0.9815
vn -0.0839 -0.3238 0.9424
vn -0.1754 -0.3236 0.9298
vn -0.1908 -0.3315 0.9240
vn -0.1457 -0.2691 0.9520
vn -0.0438 -0.2970 0.9539
vn -0.0871 -0.2986 0.9504
vn -0.1151 -0.2476 0.9620
vn -0.2165 -0.3270 0.9199
vn -0.2177 -0.3223 0.9213
vn -0.0170 -0.4051 0.9141
vn 0.0075 -0.4105 0.9118
vn -0.1008 -0.2931 0.9507
vn -0.2585 -0.3210 0.9111
vn -0.1405 -0.2517 0.9576
vn -0.0941 -0.2665 0.9592
vn -0.0036 -0.3627 0.9319
vn -0.1720 -0.2292 0.9581
vn -0.0543 -0.2613 0.9637
vn 0.0661 -0.3857 0.9203
vn 0.0429 -0.3824 0.9230
vn 0.0138 -0.2671 0.9636
vn -0.0006 -0.0669 0.9978
vn 0.0566 -0.2798 0.9584
vn 0.0147 -0.1643 0.9863
vn -0.0068 -0.2444 0.9696
vn 0.0673 -0.3932 0.9170
vn 0.1398 -0.5321 0.8351
vn 0.1142 -0.5836 0.8040
vn 0.1157 -0.6189 0.7769
vn 0.0825 -0.4396 0.8944
vn 0.0516 -0.4553 0.8888
vn 0.0461 -0.2555 0.9657
vn -0.0025 -0.1859 0.9826
vn -0.0290 -0.0898 0.9955
vn 0.0051 -0.2213 0.9752
vn 0.0291 -0.3987 0.9166
vn 0.1335 -0.4342 0.8908
vn 0.0583 -0.3691 0.9275
vn 0.0811 -0.4873 0.8695
vn 0.0879 -0.4772 0.8744
vn 0.1021 -0.6278 0.7717
vn 0.0003 -0.0008 1.0000
vn -0.0064 -0.0075 1.0000
vn 0.0180 -0.0137 0.9997
vn 0.0002 0.0009 1.0000
vn -0.0006 -0.0001 1.0000
vn -0.0002 -0.0008 1.0000
vn -0.0000 -0.0003 1.0000
vn -0.0004 -0.0000 1.0000
vn -0.0005 0.0001 1.0000
vn -0.0022 0.0005 1.0000
vn -0.0002 -0.0003 1.0000
vn 0.0009 -0.0007 1.0000
vn 0.0005 -0.0000 1.0000
vn -0.0023 0.0017 1.0000
vn -0.0003 0.0005 1.0000
vn -0.0006 0.0002 1.0000
vn -0.0012 -0.0010 1.0000
vn -0.0018 0.0026 1.0000
vn -0.0003 -0.0026 1.0000
vn 0.0003 0.0005 1.0000
vn 0.0322 0.4170 0.9083
vn -0.0442 0.3403 0.9393
vn -0.2330 0.3763 0.8967
vn -0.4464 0.8946 0.0200
vn -0.1087 0.2660 0.9578
vn 0.0683 0.1478 0.9867
vn -0.5446 0.5662 0.6188
vn -0.4997 0.8574 0.1231
vn 0.0463 0.1087 0.9930
vn -0.0993 0.1869 0.9773
vn -0.1424 0.2051 0.9683
vn -0.0029 0.2166 0.9763
vn -0.5853 0.7371 0.3377
vn -0.1437 0.9894 0.0201
vn -0.5939 0.7375 0.3215
vn -0.0337 0.9994 -0.0042
vn -0.3200 0.9472 0.0215
vn -0.6500 0.6995 0.2970
vn 0.0713 0.9972 0.0217
vn -0.2935 0.9557 0.0213
vn -0.4005 0.9163 -0.0040
vn 0.3676 0.9291 0.0403
vn -0.2368 0.9715 0.0050
vn -0.3380 0.9400 0.0452
vn -0.2046 0.9769 0.0616
vn -0.1800 0.9816 0.0643
vn -0.4397 0.8970 0.0453
vn 0.3597 0.9326 0.0294
vn -0.2781 0.9573 0.0793
vn 0.1904 0.9794 0.0678
vn -0.4379 0.8979 0.0437
vn -0.4213 0.9033 0.0803
vn 0.2442 0.9639 0.1059
vn -0.1880 0.9710 0.1478
vn -0.2677 0.9560 0.1199
vn 0.4406 0.8886 0.1276
vn 0.3137 0.9245 0.2165
vn -0.1288 0.9694 0.2090
vn -0.3546 0.9106 0.2124
vn -0.4496 0.8834 0.1317
vn -0.1693 0.9445 0.2815
vn -0.1489 0.9501 0.2741
vn -0.3124 0.8920 0.3265
vn -0.3980 0.8512 0.3420
vn -0.4155 0.8921 0.1774
vn -0.3583 0.7755 0.5199
vn -0.1658 0.8154 0.5547
vn -0.2028 0.8236 0.5296
vn -0.4692 0.7620 0.4462
vn -0.5118 0.8146 0.2731
vn -0.4618 0.8373 0.2928
vn -0.4778 0.7016 0.5286
vn -0.4958 0.8179 0.2920
vn -0.6130 0.7630 0.2052
vn 0.3933 0.6687 0.6310
vn -0.3350 0.6096 0.7185
vn -0.3529 0.6458 0.6770
vn -0.4991 0.7735 0.3907
vn -0.2127 0.5302 0.8208
vn -0.4937 0.6300 0.5995
vn -0.1872 0.4674 0.8640
vn -0.3836 0.5778 0.7205
vn 0.1439 0.4664 0.8728
vn -0.5099 0.6067 0.6098
vn 0.0801 0.4031 0.9116
vn -0.3416 0.5040 0.7933
vn -0.2687 0.4451 0.8542
vn -0.0075 0.3395 0.9406
vn -0.0410 0.2890 0.9564
vn -0.4189 0.4707 0.7765
vn -0.3016 0.3666 0.8801
vn -0.2721 0.3500 0.8963
vn -0.0793 0.2013 0.9763
vn -0.6569 0.6799 0.3259
vn -0.4290 0.4445 0.7863
vn -0.6027 0.6179 0.5049
vn 0.2520 0.9677 0.0004
vn -0.1143 0.9920 0.0533
vn -0.0448 0.9970 0.0626
vn 0.0728 0.9961 0.0498
vn -0.5885 0.6321 0.5042
vn -0.5872 0.6337 0.5036
vn -0.4348 0.5080 0.7436
vn 0.4617 0.8852 0.0567
vn -0.4331 0.4918 0.7553
vn -0.5417 0.5698 0.6180
vn -0.6086 0.6325 0.4791
vn 0.0224 0.9906 0.1352
vn -0.5259 0.6816 0.5087
vn -0.5659 0.6927 0.4471
vn -0.6075 0.6817 0.4077
vn -0.5886 0.6444 0.4881
vn -0.6546 0.6810 0.3282
vn -0.1182 0.9845 0.1292
vn -0.3050 0.9434 0.1307
vn -0.6560 0.7068 0.2647
vn -0.0199 0.9889 0.1472
vn 0.1501 0.9778 0.1462
vn 0.4426 0.8876 0.1272
vn 0.0123 0.9736 0.2281
vn 0.0162 0.9730 0.2302
vn -0.3017 0.9332 0.1954
vn 0.4161 0.8875 0.1979
vn 0.2886 0.9191 0.2683
vn -0.1590 0.9208 0.3561
vn 0.0581 0.9341 0.3523
vn -0.2726 0.8927 0.3588
vn 0.0482 0.9376 0.3442
vn 0.3202 0.8995 0.2973
vn -0.0885 0.9004 0.4260
vn 0.2996 0.8805 0.3672
vn 0.0638 0.9181 0.3912
vn 0.1860 0.8571 0.4804
vn -0.0459 0.8557 0.5155
vn -0.0232 0.8745 0.4844
vn 0.3333 0.8510 0.4057
vn -0.3392 0.7704 0.5398
vn 0.3127 0.8263 0.4685
vn -0.0987 0.7515 0.6523
vn 0.1583 0.7996 0.5793
vn 0.1956 0.7643 0.6145
vn -0.2867 0.7028 0.6510
vn 0.4468 0.7158 0.5367
vn -0.0120 0.7407 0.6717
vn -0.1006 0.6808 0.7255
vn -0.1857 0.6577 0.7300
vn 0.1463 0.6278 0.7645
vn 0.4500 0.5604 0.6953
vn -0.0065 0.6102 0.7922
vn 0.0917 0.5785 0.8105
vn -0.1407 0.5703 0.8093
vn 0.2206 0.6203 0.7527
vn 0.2192 0.6192 0.7540
vn -0.0661 0.5313 0.8446
vn 0.1337 -0.4339 0.8910
vn -0.0116 -0.0065 0.9999
vn 0.0277 -0.1084 0.9937
vn 0.0259 -0.1231 0.9921
vn 0.0781 -0.2621 0.9619
vn 0.0770 -0.2620 0.9620
vn 0.0811 -0.2910 0.9533
vn 0.1330 -0.4722 0.8714
vn 0.1475 -0.5537 0.8196
vn -0.2738 0.1285 0.9532
vn 0.1608 -0.6534 0.7397
vn -0.7163 0.6957 -0.0545
vn -0.7313 0.6820 -0.0128
vn -0.7279 0.6849 -0.0326
vn -0.7141 0.7000 -0.0081
vn -0.7385 0.6740 -0.0199
vn -0.7213 0.6926 -0.0032
vn -0.7233 0.6905 -0.0048
vn -0.7205 0.6934 -0.0027
vn -0.7210 0.6929 -0.0022
vn -0.7286 0.6800 -0.0823
vn -0.7215 0.6923 -0.0143
vn -0.6690 0.6672 -0.3275
vn -0.7105 0.6889 -0.1433
vn -0.7501 0.6614 -0.0041
vn -0.7392 0.6724 -0.0379
vn -0.6981 0.6815 -0.2197
vn -0.7338 0.6794 -0.0042
vn -0.7431 0.6691 0.0016
vn -0.6983 0.7148 0.0375
vn -0.7282 0.6807 -0.0798
vn -0.7507 0.6606 -0.0062
vn -0.7057 0.6653 -0.2435
vn -0.7310 0.6776 -0.0811
vn -0.7425 0.6694 -0.0249
vn -0.7443 0.6674 -0.0234
vn -0.7587 0.6510 -0.0240
vn -0.7365 0.6723 -0.0749
vn -0.6945 0.6742 -0.2514
vn -0.6340 0.6472 -0.4233
vn -0.5801 0.6060 -0.5443
vn -0.5929 0.6360 -0.4940
vn -0.5736 0.6318 -0.5214
vn -0.5777 0.6349 -0.5130
vn -0.5629 0.6382 -0.5252
vn -0.5627 0.6380 -0.5257
vn -0.5639 0.6577 -0.4994
vn -0.5242 0.6403 -0.5615
vn -0.5427 0.6848 -0.4863
vn -0.5339 0.6488 -0.5422
vn -0.5225 0.6937 -0.4957
vn -0.5134 0.6741 -0.5311
vn -0.5209 0.6878 -0.5056
vn -0.5454 0.8382 -0.0089
vn -0.4296 0.9030 0.0006
vn -0.5069 0.8620 0.0006
vn -0.5275 0.7761 -0.3455
vn -0.5280 0.8325 -0.1680
vn -0.5222 0.8460 -0.1074
vn -0.5097 0.8567 -0.0795
vn -0.4716 0.8815 -0.0235
vn -0.5169 0.8560 -0.0026
vn -0.4534 0.8913 -0.0051
vn -0.5451 0.8383 -0.0087
vn -0.4290 0.9033 0.0011
vn -0.5055 0.8608 -0.0588
vn -0.4778 0.8774 -0.0436
vn -0.4106 0.9118 0.0017
vn -0.5366 0.7567 -0.3734
vn -0.4095 0.9123 0.0031
vn -0.5013 0.8653 -0.0007
vn -0.4327 0.9015 -0.0044
vn -0.4900 0.8717 -0.0053
vn -0.5327 0.8279 -0.1758
vn -0.5301 0.8479 -0.0026
vn -0.5451 0.8383 -0.0088
vn -0.4703 0.8825 0.0006
vn -0.5310 0.8474 -0.0036
vn -0.4919 0.8706 -0.0114
vn -0.5220 0.8529 -0.0086
vn -0.5381 0.8429 0.0049
vn -0.5446 0.8340 -0.0888
vn -0.5328 0.7165 -0.4503
vn 0.5961 -0.7978 0.0905
vn -0.5379 0.8125 -0.2249
vn -0.5405 0.8397 -0.0529
vn -0.5112 0.8588 -0.0337
vn -0.5382 0.8421 -0.0341
vn -0.4533 0.8913 -0.0067
vn -0.5365 0.8431 -0.0373
vn -0.5087 0.8607 -0.0216
vn -0.5357 0.8430 -0.0491
vn -0.4110 0.9116 0.0021
vn -0.4410 0.8975 0.0058
vn -0.4713 0.8820 -0.0057
vn -0.5261 0.8504 -0.0088
vn -0.4966 0.8581 -0.1307
vn -0.5326 0.8463 0.0012
vn -0.5074 0.8617 -0.0026
vn -0.5394 0.8421 -0.0041
vn -0.4302 0.9027 -0.0036
vn -0.4920 0.8706 0.0073
vn -0.6423 0.6979 0.3168
vn -0.2260 0.2322 0.9460
vn -0.6464 0.6962 0.3122
vn -0.1291 0.1373 0.9821
vn -0.5944 0.6453 0.4799
vn -0.6310 0.6941 0.3464
vn -0.2086 0.2213 0.9526
vn -0.6285 0.7091 0.3196
vn -0.5947 0.6520 0.4704
vn -0.5953 0.6698 0.4439
vn -0.6285 0.7092 0.3193
vn -0.6138 0.6751 0.4093
vn -0.5899 0.6694 0.4515
vn -0.4556 0.5167 0.7249
vn -0.6286 0.7153 0.3052
vn -0.4217 0.4967 0.7586
vn -0.3558 0.4321 0.8287
vn -0.2721 0.3180 0.9082
vn -0.4217 0.4900 0.7629
vn -0.2740 0.3408 0.8993
vn -0.1512 0.1748 0.9729
vn -0.2677 0.3398 0.9016
vn -0.3810 0.4802 0.7901
vn -0.2692 0.3436 0.8997
vn -0.1485 0.2003 0.9684
vn -0.0951 0.1151 0.9888
vn -0.6463 0.6775 0.3511
vn -0.1591 0.1714 0.9723
vn -0.4974 0.5304 0.6865
vn -0.6471 0.6796 0.3455
vn -0.4850 0.5059 0.7133
vn -0.4358 0.4435 0.7832
vn -0.3646 0.3804 0.8499
vn -0.3928 0.4293 0.8133
vn -0.6013 0.6348 0.4852
vn -0.5956 0.6410 0.4840
vn -0.5298 0.5591 0.6377
vn -0.3963 0.4410 0.8053
vn -0.3356 0.3620 0.8697
vn -0.5963 0.6449 0.4780
vn -0.5950 0.6519 0.4700
vn -0.1040 0.1135 0.9881
vn -0.3684 0.4136 0.8326
vn -0.5363 0.5956 0.5980
vn -0.2465 0.2749 0.9293
vn -0.3296 0.3816 0.8636
vn -0.5957 0.7991 0.0809
vn -0.5221 0.6322 0.5725
vn -0.5978 0.7254 0.3412
vn -0.4513 0.5458 0.7060
vn -0.5050 0.5974 0.6229
vn -0.5926 0.7226 0.3560
vn -0.5015 0.6103 0.6133
vn -0.5461 0.6813 0.4874
vn -0.2754 0.2639 0.9244
vn -0.3862 0.4925 0.7799
vn -0.2448 0.2477 0.9374
vn -0.1061 0.1047 0.9888
vn -0.4633 0.6167 0.6364
vn -0.5691 0.7489 0.3396
vn -0.5986 0.6344 0.4891
vn -0.4483 0.5826 0.6780
vn -0.3610 0.4864 0.7957
vn -0.5284 0.5502 0.6465
vn -0.5364 0.5541 0.6366
vn -0.5285 0.5437 0.6520
vn -0.2437 0.2587 0.9347
vn -0.6025 0.6249 0.4965
vn -0.5574 0.6648 0.4973
vn -0.5779 0.6782 0.4539
vn -0.2814 0.2868 0.9157
vn -0.5005 0.6051 0.6192
vn -0.5539 0.6938 0.4602
vn -0.5888 0.7092 0.3878
vn -0.3867 0.4821 0.7861
vn -0.5686 0.7489 0.3403
vn -0.5064 0.6451 0.5722
vn -0.1061 0.1061 0.9887
vn -0.5309 0.7051 0.4701
vn -0.5353 0.5796 0.6144
vn -0.5605 0.7229 0.4041
vn -0.4854 0.5147 0.7067
vn -0.5971 0.6230 0.5052
vn -0.4821 0.6232 0.6158
vn -0.4797 0.6092 0.6315
vn -0.5338 0.5815 0.6139
vn -0.2933 0.3045 0.9062
vn -0.4736 0.5092 0.7186
vn -0.1242 0.1399 0.9823
vn -0.1975 0.2048 0.9587
vn -0.4465 0.4875 0.7503
vn -0.4905 0.5593 0.6682
vn -0.5459 0.5983 0.5865
vn -0.5477 0.6093 0.5734
vn -0.2729 0.3044 0.9126
vn -0.5260 0.6077 0.5950
vn -0.5466 0.6106 0.5731
vn -0.1764 0.1976 0.9643
vn -0.2538 0.2796 0.9260
vn -0.1401 0.1452 0.9794
vn -0.4341 0.4945 0.7530
vn -0.4365 0.5044 0.7450
vn -0.5258 0.6158 0.5868
vn -0.1443 0.1679 0.9752
vn -0.5343 0.6185 0.5762
vn -0.1256 0.1574 0.9795
vn -0.3532 0.4268 0.8325
vn -0.2412 0.2638 0.9339
vn -0.2243 0.2796 0.9335
vn -0.1305 0.1479 0.9804
vn -0.1429 0.1714 0.9748
vn -0.1773 0.2255 0.9580
vn -0.5134 0.5093 0.6907
vn -0.3883 0.3835 0.8380
vn -0.6475 0.6846 0.3348
vn -0.5051 0.4171 0.7555
vn -0.6514 -0.0961 0.7526
vn -0.6711 -0.0689 0.7382
vn -0.6024 0.1890 0.7755
vn -0.5937 0.2492 0.7651
vn -0.5243 0.3841 0.7599
vn -0.9562 -0.2745 0.1016
vn -0.9901 -0.0829 0.1130
vn -0.5828 -0.0428 0.8115
vn -0.5047 0.7473 0.4323
vn -0.9891 0.0061 0.1473
vn -0.5053 0.4099 0.7594
vn -0.5844 -0.0169 0.8113
vn -0.9674 -0.2230 0.1199
vn -0.5353 0.2183 0.8159
vn -0.4940 0.6026 0.6268
vn -0.4960 0.6078 0.6202
vn -0.5682 0.0015 0.8229
vn -0.5493 0.8243 0.1369
vn -0.6835 0.7064 0.1838
vn -0.5128 0.2900 0.8081
vn -0.4788 0.1259 0.8689
vn -0.7898 0.5546 0.2620
vn -0.4537 0.1632 0.8761
vn -0.9582 -0.1888 0.2148
vn -0.4613 0.0491 0.8859
vn -0.4621 0.4788 0.7465
vn -0.4701 0.0322 0.8820
vn -0.6692 0.7074 0.2274
vn -0.4694 0.4906 0.7342
vn -0.4218 0.1550 0.8934
vn -0.4802 0.7408 0.4697
vn -0.4874 0.8375 0.2471
vn -0.3995 -0.0153 0.9166
vn -0.9467 -0.2139 0.2408
vn -0.4128 0.2247 0.8827
vn -0.4564 0.6472 0.6107
vn -0.4532 0.8898 0.0535
vn -0.4564 0.6473 0.6104
vn -0.5846 0.7907 0.1818
vn -0.4792 0.7531 0.4507
vn -0.3781 0.0604 0.9238
vn -0.4988 0.8062 0.3182
vn -0.3602 0.0500 0.9315
vn -0.6894 0.6745 0.2640
vn -0.4634 0.7638 0.4493
vn -0.3177 0.0661 0.9459
vn -0.4738 0.8755 0.0951
vn -0.3363 0.2727 0.9014
vn -0.7720 0.5372 0.3398
vn -0.7680 0.5518 0.3252
vn -0.4124 0.4454 0.7947
vn -0.3928 0.2671 0.8800
vn -0.3162 0.1399 0.9383
vn -0.3129 0.1218 0.9419
vn -0.5026 0.7812 0.3703
vn -0.2990 0.1498 0.9424
vn -0.3151 0.2867 0.9047
vn -0.4341 0.6271 0.6468
vn -0.4992 0.8072 0.3149
vn -0.3836 0.9235 0.0042
vn -0.4350 0.6192 0.6537
vn -0.3907 0.2359 0.8898
vn -0.3721 0.3187 0.8717
vn -0.4114 0.4769 0.7767
vn -0.5083 0.8515 0.1288
vn -0.2443 0.1382 0.9598
vn -0.4374 0.6217 0.6497
vn -0.3673 0.4968 0.7863
vn -0.5265 0.7960 0.2988
vn -0.9024 0.2247 0.3676
vn -0.5286 0.7976 0.2906
vn -0.4613 0.7088 0.5336
vn -0.3719 0.4466 0.8137
vn -0.2102 0.1398 0.9676
vn -0.9849 0.1463 0.0922
vn -0.2315 0.1090 0.9667
vn -0.3695 0.4425 0.8171
vn -0.3164 0.3035 0.8988
vn -0.2571 0.1053 0.9606
vn -0.3842 0.5080 0.7709
vn -0.4245 0.6105 0.6686
vn -0.7528 0.5213 0.4020
vn -0.5468 0.7786 0.3078
vn -0.5467 0.7770 0.3120
vn -0.6898 0.6534 0.3117
vn -0.3558 0.4398 0.8246
vn -0.4224 0.5697 0.7050
vn -0.2105 0.1223 0.9699
vn -0.5075 0.7050 0.4954
vn -0.2276 0.2439 0.9427
vn -0.2151 0.1190 0.9693
vn -0.8994 0.0441 0.4350
vn -0.2719 0.2787 0.9211
vn -0.6151 0.7368 0.2807
vn -0.2729 0.2865 0.9184
vn -0.4336 0.5654 0.7016
vn -0.3841 0.5098 0.7698
vn -0.6542 0.6767 0.3378
vn -0.1974 0.1302 0.9716
vn -0.5072 0.6770 0.5333
vn -0.3062 0.3869 0.8698
vn -0.7546 0.4892 0.4373
vn -0.6687 0.6238 0.4047
vn -0.2692 0.2873 0.9192
vn -0.3992 0.5385 0.7420
vn -0.1658 0.1253 0.9782
vn -0.3293 0.4217 0.8448
vn -0.2644 0.3272 0.9072
vn -0.2869 0.3716 0.8830
vn -0.3052 0.3870 0.8701
vn -0.3046 0.3853 0.8711
vn -0.1548 0.1881 0.9699
vn -0.2271 0.2404 0.9437
vn -0.1835 0.1611 0.9697
vn -0.1765 0.2296 0.9571
vn -0.9421 0.3111 0.1253
vn -0.1715 0.1085 0.9792
vn -0.9411 0.2986 0.1589
vn -0.4641 0.7099 0.5298
vn -0.4893 0.7296 0.4777
vn -0.4727 0.6632 0.5803
vn -0.5032 0.7295 0.4633
vn -0.8664 0.1165 0.4855
vn -0.4877 0.7007 0.5208
vn -0.3183 0.3761 0.8702
vn -0.5548 0.7763 0.2991
vn -0.3996 0.5242 0.7521
vn -0.2797 0.3767 0.8831
vn -0.1288 0.1213 0.9842
vn -0.1885 0.2134 0.9586
vn -0.4815 0.8619 0.1591
vn -0.1289 0.1060 0.9860
vn -0.1861 0.2004 0.9619
vn -0.6935 0.5658 0.4460
vn -0.8334 0.0819 0.5466
vn -0.3658 0.4994 0.7854
vn -0.6382 0.6244 0.4504
vn -0.2583 0.3457 0.9021
vn -0.5823 0.7536 0.3050
vn -0.4579 0.8883 0.0349
vn -0.5662 0.8231 0.0434
vn -0.7154 0.6966 0.0536
vn -0.8194 0.5663 0.0884
vn -0.5485 0.8328 0.0740
vn -0.8260 0.5573 0.0847
vn -0.6868 0.7227 0.0776
vn -0.4702 0.8813 0.0479
vn -0.5702 0.8151 0.1023
vn -0.5963 0.7072 0.3798
vn -0.8049 0.1933 0.5610
vn -0.8147 0.1165 0.5681
vn -0.6953 0.7065 0.1320
vn -0.4726 0.8792 0.0602
vn -0.8229 0.5399 0.1772
vn -0.8259 0.5359 0.1755
vn -0.9072 0.3690 0.2022
vn -0.9874 0.0072 0.1581
vn -0.5228 0.8102 0.2649
vn -0.5200 0.8461 0.1172
vn -0.9726 0.1099 0.2046
vn -0.7005 0.4290 0.5703
vn -0.9150 0.3005 0.2691
vn -0.9239 0.2528 0.2873
vn -0.8130 0.5225 0.2568
vn -0.9586 0.0922 0.2694
vn -0.8334 0.4808 0.2725
vn -0.9568 0.0237 0.2898
vn -0.9477 -0.1972 0.2511
vn -0.6747 0.3958 0.6229
vn -0.8658 0.3179 0.3864
vn -0.9254 -0.0491 0.3758
vn -0.8480 0.3251 0.4187
vn -0.9026 -0.1805 0.3909
vn -0.7471 0.2044 0.6325
vn -0.8965 -0.2271 0.3804
vn -0.7643 0.0328 0.6441
vn -0.8386 0.3442 0.4222
vn -0.6370 0.5273 0.5624
vn -0.8974 0.0667 0.4362
vn -0.6571 0.4080 0.6338
vn -0.8104 0.3391 0.4777
vn -0.7329 0.0775 0.6760
vn -0.5458 0.8008 0.2466
vn -0.7655 0.4415 0.4681
vn -0.8633 -0.1143 0.4915
vn -0.5864 0.5217 0.6196
vn -0.6095 0.3189 0.7258
vn -0.8208 -0.1679 0.5460
vn -0.6913 0.0210 0.7223
vn -0.5634 0.6348 0.5287
vn -0.7420 0.3587 0.5664
vn -0.8086 -0.0966 0.5804
vn -0.6587 0.0684 0.7493
vn -0.7410 0.2321 0.6301
vn -0.5603 0.7637 0.3206
vn -0.5130 0.6782 0.5263
vn -0.7536 -0.1064 0.6487
vn -0.4876 0.6618 0.5695
vn -0.4198 0.5716 0.7050
vn -0.7451 -0.1208 0.6560
vn -0.0528 0.0446 0.9976
vn -0.5729 0.4453 0.6881
vn -0.4806 0.8624 0.1592
vn -0.5633 0.6618 0.4947
vn -0.5316 0.7534 0.3870
vn -0.5332 0.5764 0.6193
vn -0.6661 0.1858 0.7223
vn -0.6793 0.2160 0.7013
vn -0.4853 0.8380 0.2496
vn -0.5694 0.0712 0.8189
vn -0.4973 0.7636 0.4118
vn -0.6701 0.7265 0.1522
vn -0.9353 0.3248 0.1406
vn -0.3921 0.9199 0.0012
vn -0.9716 -0.2357 0.0212
vn -0.9668 -0.2547 0.0178
vn -0.9980 -0.0568 0.0276
vn -0.9996 0.0162 0.0213
vn -0.9892 0.1444 0.0267
vn -0.9791 0.2025 0.0200
vn -0.9187 0.3945 0.0197
vn -0.9804 -0.1968 0.0015
vn -0.8511 0.5245 0.0210
vn -0.9097 0.4149 0.0174
vn -0.9998 0.0126 0.0126
vn -0.7055 0.7086 0.0114
vn -0.7928 0.6094 0.0069
vn -0.9796 0.1995 -0.0250
vn -0.9783 0.2060 -0.0222
vn -0.6690 0.7433 0.0049
vn -0.5496 0.8354 0.0088
vn -0.5570 0.8305 0.0058
vn -0.9097 0.4148 0.0176
vn -0.4689 0.8833 0.0055
vn -0.8101 0.5863 -0.0021
vn -0.4559 0.8900 -0.0002
vn -0.5469 0.8372 0.0004
vn -0.4529 0.8916 0.0018
vn -0.0061 0.0097 -0.9999
vn -0.0067 0.0114 -0.9999
vn -0.0211 0.0056 -0.9998
vn -0.0184 0.0113 -0.9998
vn -0.0043 0.0040 -1.0000
vn 0.0016 0.0134 -0.9999
vn -0.0238 0.0262 -0.9994
vn -0.0280 0.0171 -0.9995
vn 0.0009 0.0022 -1.0000
vn -0.0011 -0.0013 -1.0000
vn 0.0174 -0.0076 -0.9998
vn 0.0077 -0.0265 -0.9996
vn 0.0029 0.0034 -1.0000
vn 0.0207 0.0007 -0.9998
vn 0.0259 -0.0206 -0.9995
vn -0.3034 -0.2806 -0.9106
vn -0.1856 -0.5295 -0.8277
vn -0.2815 -0.4800 -0.8309
vn -0.5164 -0.4129 -0.7503
vn -0.4297 -0.6263 -0.6504
vn -0.4970 -0.7004 -0.5122
vn -0.4656 -0.8344 -0.2950
vn 0.0718 -0.6803 -0.7294
vn -0.0946 -0.6447 -0.7586
vn -0.3183 -0.8829 -0.3453
vn -0.3647 -0.8656 -0.3432
vn 0.0745 -0.5698 -0.8184
vn -0.4085 -0.9094 -0.0780
vn -0.4864 -0.8662 -0.1142
vn -0.4456 -0.8867 -0.1233
vn -0.4213 -0.8935 -0.1555
vn -0.5252 -0.7519 -0.3986
vn -0.2908 -0.8649 -0.4092
vn -0.4393 -0.8733 -0.2106
vn -0.3869 -0.7507 -0.5355
vn -0.4257 -0.8658 -0.2631
vn -0.4945 -0.7047 -0.5087
vn -0.3580 -0.6609 -0.6595
vn -0.4436 -0.8952 -0.0427
vn -0.4706 -0.8623 -0.1871
vn -0.1012 -0.7588 -0.6434
vn -0.4647 -0.8536 -0.2356
vn 0.2975 -0.9091 -0.2916
vn 0.1627 -0.9069 -0.3887
vn 0.2936 -0.9313 -0.2154
vn -0.1080 -0.8949 -0.4330
vn 0.2263 -0.9505 -0.2130
vn 0.5444 -0.5605 -0.6241
vn 0.0249 -0.9838 -0.1778
vn -0.0287 -0.9934 -0.1112
vn -0.0170 -0.9963 -0.0843
vn 0.1018 -0.9946 -0.0191
vn 0.4645 -0.6700 -0.5791
vn 0.5119 -0.6806 -0.5241
vn 0.1010 -0.5941 -0.7981
vn 0.1026 -0.7178 -0.6886
vn -0.0537 -0.6670 -0.7432
vn 0.0579 -0.8066 -0.5882
vn -0.1636 -0.7575 -0.6320
vn -0.0007 -0.8978 -0.4403
vn 0.8630 -0.5007 0.0675
vn -0.0815 -0.9481 -0.3073
vn 0.0442 -0.9550 -0.2934
vn 0.0472 -0.9779 -0.2039
vn -0.0068 -1.0000 -0.0029
vn -0.0060 -1.0000 -0.0028
vn -0.0302 -0.9698 -0.2421
vn -0.0495 -0.9830 -0.1769
vn 0.3136 -0.3599 -0.8787
vn -0.0705 -0.9862 -0.1500
vn 0.3091 -0.6603 -0.6844
vn 0.0168 -0.9951 -0.0977
vn 0.1337 -0.9907 -0.0258
vn -0.0299 -0.9976 -0.0626
vn 0.4529 -0.5274 -0.7189
vn 0.4261 -0.5500 -0.7183
vn 0.5113 -0.5762 -0.6377
vn 0.5023 -0.6837 -0.5294
vn 0.4199 -0.7316 -0.5371
vn 0.3988 -0.7331 -0.5510
vn 0.4443 -0.7705 -0.4570
vn -0.2487 -0.9652 -0.0804
vn 0.3706 -0.8172 -0.4414
vn 0.3886 -0.8165 -0.4271
vn 0.3510 -0.8681 -0.3511
vn 0.3552 -0.8681 -0.3467
vn -0.2031 -0.9785 -0.0346
vn -0.0745 -0.9961 -0.0462
vn 0.5062 -0.5950 -0.6243
vn 0.4477 -0.5499 -0.7052
vn 0.2724 -0.3706 -0.8880
vn 0.3439 -0.4249 -0.8373
vn 0.3762 -0.4590 -0.8048
vn 0.2828 -0.3508 -0.8927
vn 0.3915 -0.5122 -0.7645
vn 0.3674 -0.4410 -0.8189
vn 0.3755 -0.4130 -0.8297
vn 0.3163 -0.3626 -0.8766
vn 0.3383 -0.4336 -0.8352
vn 0.4714 -0.5254 -0.7083
vn 0.4016 -0.4720 -0.7848
vn 0.4870 -0.5702 -0.6616
vn 0.3441 -0.3722 -0.8620
vn 0.4371 -0.4792 -0.7611
vn 0.4910 -0.5304 -0.6910
vn 0.3625 -0.3893 -0.8468
vn 0.4144 -0.4230 -0.8058
vn 0.3477 -0.3655 -0.8634
vn 0.4913 -0.5719 -0.6569
vn 0.6060 -0.7896 -0.0959
vn 0.5318 -0.6163 -0.5808
vn 0.3585 -0.3870 -0.8496
vn 0.4840 -0.6358 -0.6013
vn 0.5785 -0.7247 -0.3744
vn 0.3087 -0.3526 -0.8834
vn 0.5441 -0.5679 -0.6176
vn 0.2760 -0.3768 -0.8842
vn 0.5795 -0.6972 -0.4220
vn 0.5513 -0.6380 -0.5376
vn 0.5316 -0.6393 -0.5556
vn 0.4761 -0.5338 -0.6989
vn 0.5415 -0.6375 -0.5481
vn 0.6217 -0.7111 -0.3284
vn 0.5782 -0.6665 -0.4706
vn 0.2943 -0.3373 -0.8942
vn 0.5849 -0.6457 -0.4909
vn 0.5541 -0.5939 -0.5832
vn 0.5921 -0.6501 -0.4762
vn 0.4978 -0.5371 -0.6810
vn 0.4853 -0.6256 -0.6108
vn 0.3746 -0.4585 -0.8059
vn 0.5369 -0.6820 -0.4966
vn 0.2697 -0.0912 -0.9586
vn 0.4942 -0.5394 -0.6818
vn 0.5729 -0.6435 -0.5076
vn 0.5067 -0.2059 -0.8372
vn 0.6500 -0.5363 -0.5385
vn -0.9638 0.0064 -0.2664
vn -0.9603 0.2185 -0.1737
vn -0.8418 -0.4714 -0.2629
vn -0.9868 -0.0119 -0.1613
vn -0.9777 0.1382 -0.1580
vn -0.9900 -0.0952 -0.1044
vn -0.9540 0.2973 -0.0396
vn -0.9585 0.2816 -0.0448
vn -0.9928 0.1017 -0.0628
vn -0.4664 0.3030 -0.8311
vn -0.5301 0.4442 -0.7223
vn -0.7867 0.0353 -0.6163
vn -0.9866 0.1609 0.0265
vn -0.9062 0.0863 -0.4140
vn -0.5767 0.2811 -0.7671
vn -0.6577 0.3728 -0.6545
vn -0.9721 -0.2234 -0.0720
vn -0.9501 0.3111 -0.0236
vn -0.9906 -0.1356 -0.0199
vn -0.6944 0.2006 -0.6910
vn -0.7363 -0.0260 -0.6762
vn -0.9626 0.2679 -0.0400
vn -0.8038 0.3575 -0.4755
vn -0.9530 0.3023 -0.0196
vn -0.7797 -0.0699 -0.6222
vn -0.8769 0.3272 -0.3521
vn -0.7374 0.2606 -0.6232
vn -0.8955 0.2145 -0.3899
vn -0.9415 0.2171 -0.2576
vn -0.9415 0.1693 -0.2913
vn -0.2505 0.2128 -0.9444
vn -0.1909 0.2038 -0.9602
vn -0.4407 0.5358 -0.7202
vn -0.4696 0.6050 -0.6430
vn -0.1426 0.1783 -0.9736
vn -0.2929 0.3875 -0.8741
vn -0.3279 0.4066 -0.8527
vn -0.4588 0.6105 -0.6456
vn -0.5219 0.5219 -0.6748
vn -0.1442 0.1442 -0.9790
vn -0.0970 0.2390 -0.9662
vn -0.2742 0.6724 -0.6875
vn 0.0048 0.9969 -0.0780
vn -0.0214 0.9991 -0.0354
vn -0.1821 0.8303 -0.5267
vn 0.1353 0.9880 -0.0743
vn -0.0352 0.9985 -0.0420
vn -0.1118 0.9093 -0.4008
vn -0.1370 0.9168 -0.3750
vn 0.0913 0.9956 -0.0217
vn -0.0202 0.9992 -0.0343
vn -0.0611 0.9453 -0.3205
vn -0.4254 0.6357 -0.6441
vn -0.2421 0.3388 -0.9092
vn 0.0023 0.9310 -0.3650
vn -0.2161 0.5084 -0.8335
vn -0.1629 0.4858 -0.8587
vn -0.1448 0.6182 -0.7726
vn 0.0258 0.9591 -0.2820
vn 0.0628 0.9556 -0.2879
vn -0.0985 0.7166 -0.6905
vn -0.0546 0.9798 -0.1922
vn -0.2175 0.8662 -0.4499
vn 0.0779 0.9780 -0.1936
vn -0.2229 0.9748 0.0020
vn 0.0715 0.9973 -0.0187
vn 0.0856 0.9764 -0.1982
vn 0.0945 0.9864 -0.1346
vn 0.0668 0.9886 -0.1352
vn -0.1397 0.8233 -0.5501
vn 0.1792 0.9688 -0.1711
vn 0.2076 0.9724 -0.1065
vn 0.1183 0.9866 -0.1121
vn 0.1265 0.9896 -0.0686
vn 0.1397 0.9874 -0.0741
vn -0.0544 0.9800 -0.1913
vn 0.0254 0.9997 0.0019
vn -0.0416 0.9990 0.0150
vn 0.0691 0.9975 -0.0160
vn -0.2192 0.9757 0.0022
vn 0.0244 0.9997 -0.0067
vn 0.5824 0.5086 0.6341
vn 0.4394 0.4269 0.7904
vn 0.4799 0.3047 0.8227
vn 0.5183 0.4261 0.7415
vn 0.7448 0.5799 0.3302
vn 0.5828 0.5077 0.6345
vn 0.7184 0.6723 0.1789
vn 0.3721 0.2649 0.8896
vn 0.6393 0.5753 0.5101
vn 0.3968 0.2916 0.8703
vn 0.5101 0.4506 0.7326
vn 0.6264 0.5135 0.5864
vn 0.7610 0.5849 0.2806
vn 0.5483 0.4529 0.7031
vn 0.7020 0.6328 0.3267
vn 0.6241 0.5272 0.5766
vn 0.6571 0.5629 0.5013
vn 0.6921 0.5791 0.4307
vn 0.7237 0.5427 0.4264
vn 0.6313 0.5255 0.5703
vn 0.5491 0.4318 0.7155
vn 0.3232 0.2707 0.9068
vn 0.7240 0.5429 0.4255
vn 0.6960 0.5737 0.4318
vn 0.6820 0.5476 0.4848
vn 0.6844 0.6120 0.3964
vn 0.6159 0.4817 0.6234
vn 0.4825 0.2777 0.8307
vn 0.4663 0.4106 0.7836
vn 0.5242 0.4371 0.7309
vn 0.7084 0.6325 0.3132
vn 0.6443 0.4699 0.6034
vn 0.6240 0.4451 0.6423
vn 0.7252 0.6853 0.0662
vn 0.3926 0.3300 0.8585
vn 0.4435 0.3570 0.8221
vn 0.6942 0.4997 0.5180
vn 0.0741 0.0722 0.9946
vn 0.7278 0.6676 0.1572
vn 0.0243 0.0236 0.9994
vn 0.7941 0.5934 0.1315
vn 0.7512 0.5439 0.3740
vn 0.7272 0.6853 0.0386
vn 0.1631 0.1599 0.9736
vn 0.7321 0.6450 0.2191
vn 0.7809 0.5710 0.2531
vn 0.7805 0.5653 0.2670
vn 0.7918 0.6057 0.0786
vn 0.7967 0.5955 0.1031
vn 0.7348 0.6675 0.1202
vn 0.8023 0.5969 -0.0041
vn 0.7925 0.6090 0.0329
vn 0.7947 0.5799 0.1791
vn 0.1465 0.1131 0.9827
vn 0.8049 0.5872 0.0858
vn 0.2900 0.2845 0.9138
vn 0.8132 0.5814 0.0280
vn 0.0324 0.0244 0.9992
vn 0.0328 0.0248 0.9992
vn 0.7770 0.6293 0.0140
vn 0.7352 0.6691 0.1085
vn 0.7687 0.6384 0.0377
vn 0.7654 0.6402 0.0662
vn 0.4234 0.3546 0.8337
vn 0.2334 0.1874 0.9542
vn 0.2189 0.1692 0.9610
vn 0.0590 0.0455 0.9972
vn 0.7656 0.6392 0.0727
vn 0.7434 0.6688 0.0039
vn 0.7449 0.6671 -0.0080
vn 0.7746 0.6242 0.1022
vn 0.0844 0.0754 0.9936
vn 0.7515 0.6364 0.1739
vn 0.7516 0.6460 0.1334
vn 0.7677 0.6185 0.1677
vn 0.1141 0.0987 0.9886
vn 0.3094 0.2497 0.9175
vn 0.7431 0.6356 0.2092
vn 0.7686 0.6134 0.1814
vn 0.7469 0.6625 0.0569
vn 0.3992 0.3000 0.8664
vn 0.5576 0.5477 0.6238
vn 0.1698 0.1583 0.9727
vn 0.2047 0.1827 0.9616
vn 0.6283 0.5893 0.5080
vn 0.7357 0.6137 0.2866
vn 0.7392 0.6089 0.2879
vn 0.7644 0.6092 0.2113
vn 0.6525 0.6474 0.3939
vn 0.2842 0.2591 0.9231
vn 0.2944 0.2735 0.9157
vn 0.0873 0.0600 0.9944
vn 0.7242 0.6143 0.3133
vn 0.7016 0.6575 0.2748
vn 0.4044 0.3641 0.8390
vn 0.7361 0.5908 0.3302
vn 0.4467 0.4160 0.7921
vn 0.5076 0.4613 0.7277
vn 0.1418 0.1038 0.9844
vn 0.1411 0.1031 0.9846
vn 0.6177 0.4811 0.6220
vn 0.4031 0.3002 0.8645
vn 0.6306 0.4872 0.6042
vn 0.1951 0.1352 0.9714
vn 0.6873 0.5347 0.4917
vn 0.6996 0.5944 0.3967
vn 0.5051 0.4606 0.7298
vn 0.5045 0.3702 0.7800
vn 0.6921 0.6615 0.2888
vn 0.2416 0.1790 0.9537
vn 0.5325 0.3981 0.7470
vn 0.6419 0.5830 0.4981
vn 0.5361 0.4060 0.7401
vn 0.2738 0.1937 0.9421
vn -0.6916 -0.7062 -0.1519
vn -0.7385 -0.6642 -0.1156
vn -0.0141 -0.0400 -0.9991
vn -0.0484 -0.0457 -0.9978
vn -0.7094 -0.7027 -0.0543
vn -0.6772 -0.7318 -0.0763
vn -0.7248 -0.6887 0.0177
vn -0.5371 -0.8429 -0.0313
vn -0.0434 -0.0180 -0.9989
vn -0.7639 -0.6453 -0.0127
vn -0.1765 -0.0894 -0.9802
vn -0.0738 -0.0538 -0.9958
vn -0.1717 -0.2007 -0.9645
vn -0.2471 -0.2501 -0.9362
vn -0.2436 -0.2892 -0.9258
vn -0.3430 -0.3519 -0.8709
vn -0.4383 -0.4515 -0.7772
vn -0.3427 -0.4061 -0.8471
vn -0.5096 -0.4849 -0.7108
vn -0.4549 -0.4954 -0.7400
vn -0.5598 -0.5686 -0.6028
vn -0.5555 -0.5786 -0.5972
vn -0.6074 -0.6561 -0.4480
vn -0.6185 -0.6312 -0.4680
vn -0.6631 -0.6575 -0.3577
vn -0.7006 -0.5938 -0.3957
vn -0.6784 -0.6691 -0.3035
vn -0.6974 -0.6699 -0.2546
vn -0.7143 -0.6584 -0.2372
vn -0.6953 -0.7040 -0.1449
vn 0.7761 0.6305 -0.0072
vn 0.7990 0.6011 -0.0163
vn 0.6671 0.7449 0.0102
vn 0.7119 0.7022 -0.0054
vn 0.2261 0.1795 -0.9574
vn 0.7134 0.7007 -0.0142
vn 0.6894 0.7239 -0.0264
vn 0.0595 0.0859 -0.9945
vn 0.7176 0.6961 -0.0231
vn 0.6961 0.7146 -0.0693
vn -0.0258 0.0355 -0.9990
vn 0.0577 0.1059 -0.9927
vn 0.7086 0.7000 -0.0887
vn 0.7025 0.7038 -0.1052
vn 0.7023 0.7041 -0.1049
vn 0.6976 0.7056 -0.1244
vn 0.6848 0.7203 -0.1111
vn 0.6665 0.7254 -0.1721
vn 0.6782 0.7101 -0.1891
vn 0.6789 0.7097 -0.1884
vn 0.6816 0.6907 -0.2415
vn 0.6902 0.6738 -0.2638
vn 0.6962 0.6702 -0.2571
vn 0.6790 0.6468 -0.3473
vn 0.6525 0.6879 -0.3180
vn 0.6194 0.6573 -0.4294
vn 0.6190 0.6575 -0.4296
vn 0.6197 0.5883 -0.5196
vn 0.5869 0.5992 -0.5445
vn 0.5634 0.5151 -0.6460
vn 0.5346 0.5226 -0.6642
vn 0.4766 0.4575 -0.7507
vn 0.4830 0.4024 -0.7777
vn 0.3275 0.3872 -0.8619
vn 0.2878 0.3111 -0.9057
vn 0.3174 0.3145 -0.8946
vn 0.2211 0.2277 -0.9483
vn 0.6794 -0.6563 0.3283
vn 0.3283 -0.2505 0.9107
vn 0.9081 -0.4186 0.0131
vn 0.9951 -0.0987 0.0108
vn 0.8640 -0.5033 0.0136
vn 0.8784 -0.4779 0.0073
vn 0.9484 -0.3163 0.0202
vn 0.9517 -0.3059 0.0269
vn 0.9745 -0.2204 0.0424
vn 0.9720 -0.2319 0.0374
vn 0.9085 -0.4164 0.0351
vn 0.9974 0.0644 0.0310
vn 0.9216 -0.3882 0.0055
vn 0.9989 -0.0316 0.0342
vn 0.8854 -0.4637 0.0335
vn 0.9179 0.3957 0.0304
vn 0.9360 -0.3468 0.0609
vn 0.9470 0.3070 0.0945
vn 0.8876 -0.4547 0.0731
vn 0.9862 0.1164 0.1180
vn 0.9189 0.3800 0.1054
vn 0.9504 0.2990 0.0855
vn 0.8703 -0.4838 0.0924
vn 0.9693 0.1736 0.1744
vn 0.9292 -0.3449 0.1332
vn 0.9111 0.3592 0.2021
vn 0.9220 -0.3508 0.1640
vn 0.9384 -0.2490 0.2397
vn 0.8385 -0.4901 0.2382
vn 0.8942 -0.3189 0.3141
vn 0.9179 -0.2391 0.3167
vn 0.8428 -0.4020 0.3578
vn 0.8662 -0.3445 0.3621
vn 0.8988 0.3176 0.3022
vn 0.7732 -0.5408 0.3313
vn 0.8443 0.3356 0.4178
vn 0.9022 0.1552 0.4024
vn 0.7367 -0.6256 0.2566
vn 0.7665 -0.3827 0.5158
vn 0.7402 -0.4234 0.5223
vn 0.7112 -0.4084 0.5722
vn 0.6296 -0.2482 0.7362
vn 0.6592 -0.5047 0.5575
vn 0.6592 -0.4435 0.6073
vn 0.6051 -0.5950 0.5290
vn 0.6947 -0.6501 0.3078
vn 0.1291 -0.1178 0.9846
vn 0.4266 -0.0111 0.9043
vn 0.5207 -0.3685 0.7701
vn 0.9674 -0.2533 -0.0019
vn 0.3929 -0.0298 0.9191
vn 0.9765 -0.2151 0.0135
vn 0.3361 -0.0070 0.9418
vn 0.9748 0.2229 -0.0077
vn 0.2851 -0.0360 0.9578
vn 0.3374 -0.2723 0.9011
vn 0.2001 -0.0604 0.9779
vn 0.9971 -0.0596 0.0482
vn 0.4152 -0.3603 0.8353
vn 0.9293 -0.3641 0.0620
vn 0.9735 -0.2148 0.0785
vn 0.2034 -0.1232 0.9713
vn 0.1423 -0.0978 0.9850
vn 0.9232 -0.3742 0.0873
vn 0.9655 -0.2442 0.0905
vn 0.9895 -0.0931 0.1110
vn 0.9955 -0.0260 0.0914
vn 0.7467 -0.5074 0.4300
vn 0.7325 -0.6244 0.2714
vn 0.6276 -0.2584 0.7344
vn 0.6957 -0.5761 0.4291
vn 0.7015 -0.6332 0.3271
vn 0.9670 -0.1983 0.1600
vn 0.6289 -0.4951 0.5995
vn 0.5786 -0.3308 0.7455
vn 0.9832 -0.0935 0.1568
vn 0.9682 -0.1953 0.1567
vn 0.6885 -0.6484 0.3248
vn 0.5295 -0.3913 0.7527
vn 0.6627 -0.6110 0.4330
vn 0.8838 -0.4375 0.1661
vn 0.5189 -0.4083 0.7510
vn 0.8878 0.4298 0.1646
vn 0.9629 0.0819 0.2573
vn 0.9752 0.0510 0.2152
vn 0.6037 -0.5468 0.5801
vn 0.5731 -0.5212 0.6324
vn 0.9034 -0.3887 0.1808
vn 0.9587 -0.1782 0.2219
vn 0.6368 -0.5966 0.4883
vn 0.5175 -0.4969 0.6966
vn 0.6338 -0.6060 0.4806
vn 0.4202 -0.3744 0.8266
vn 0.8835 0.4000 0.2438
vn 0.9520 -0.0846 0.2941
vn 0.5143 -0.5014 0.6958
vn 0.3413 -0.3705 0.8639
vn 0.2670 -0.2580 0.9285
vn 0.6924 -0.5920 0.4124
vn 0.9504 0.0512 0.3069
vn 0.8286 -0.4831 0.2829
vn 0.9334 -0.0834 0.3491
vn 0.9131 -0.1629 0.3738
vn 0.8835 0.0992 0.4578
vn 0.8492 -0.1019 0.5182
vn 0.8425 0.3801 0.3817
vn 0.8363 -0.1108 0.5370
vn 0.8163 -0.2280 0.5307
vn 0.8109 0.1304 0.5704
vn 0.8112 0.1317 0.5697
vn 0.7426 -0.2474 0.6224
vn 0.7515 -0.2210 0.6216
vn 0.7532 -0.0307 0.6571
vn 0.7264 0.4446 0.5241
vn 0.7080 0.1039 0.6985
vn 0.6357 0.1507 0.7571
vn 0.6797 -0.0744 0.7297
vn 0.6849 0.3828 0.6200
vn 0.6520 0.4061 0.6403
vn 0.6453 -0.0452 0.7626
vn 0.6931 -0.5535 0.4618
vn 0.6044 0.0510 0.7950
vn 0.5486 0.3331 0.7668
vn 0.5799 0.2388 0.7789
vn 0.5627 -0.0988 0.8207
vn 0.5751 -0.2858 0.7665
vn 0.4434 0.1277 0.8872
vn 0.4389 -0.1589 0.8844
vn 0.4026 0.0818 0.9117
vn 0.3732 -0.1708 0.9119
vn 0.4027 -0.2496 0.8806
vn 0.2909 -0.0861 0.9529
vn -0.2101 0.0366 0.9770
vn -0.3111 0.0678 0.9480
vn -0.2579 0.0121 0.9661
vn -0.4476 0.0838 0.8903
vn -0.4131 0.0642 0.9084
vn -0.5476 0.1223 0.8277
vn -0.5174 0.1117 0.8484
vn -0.4235 0.0488 0.9046
vn -0.3701 0.0680 0.9265
vn -0.4207 0.0476 0.9059
vn -0.0595 -0.0085 0.9982
vn -0.4367 0.1062 0.8933
vn -0.4857 0.1258 0.8650
vn -0.6390 0.1057 0.7619
vn -0.5049 0.0749 0.8599
vn -0.3464 0.0325 0.9375
vn -0.4141 0.0633 0.9080
vn -0.4919 0.0720 0.8677
vn -0.4792 0.0864 0.8735
vn -0.4009 0.0665 0.9137
vn -0.2656 0.0228 0.9638
vn -0.1754 0.0401 0.9837
vn -0.2691 0.0239 0.9628
vn -0.0710 -0.0055 0.9975
vn -0.3228 0.0066 0.9465
vn -0.2545 0.0093 0.9670
vn -0.1001 -0.0639 0.9929
vn -0.1958 -0.1034 0.9752
vn -0.3075 -0.1042 0.9458
vn -0.3262 -0.0750 0.9423
vn -0.1519 -0.0967 0.9836
vn -0.1909 -0.0275 0.9812
vn -0.2586 -0.1343 0.9566
vn -0.3058 -0.0737 0.9492
vn -0.2588 -0.1351 0.9565
vn -0.1060 -0.0068 0.9943
vn -0.2463 -0.1382 0.9593
vn -0.0687 -0.0485 0.9965
vn -0.0631 -0.0431 0.9971
vn -0.2389 -0.0986 0.9660
vn -0.1815 -0.1222 0.9758
vn -0.1892 -0.0877 0.9780
vn -0.1663 -0.0672 0.9838
vn -0.3093 -0.1181 0.9436
vn -0.2590 -0.1502 0.9541
vn -0.1432 -0.0250 0.9894
vn -0.2687 -0.0551 0.9616
vn -0.2170 -0.1370 0.9665
vn -0.3715 -0.0325 0.9279
vn -0.3415 -0.1730 0.9238
vn -0.0515 -0.0436 0.9977
vn -0.2619 -0.1761 0.9489
vn -0.0854 -0.0271 0.9960
vn -0.3250 -0.2035 0.9236
vn -0.2467 -0.0987 0.9640
vn -0.1158 -0.0908 0.9891
vn -0.1306 -0.1051 0.9859
vn -0.2810 -0.1580 0.9466
vn -0.1945 -0.0991 0.9759
vn -0.2720 -0.1547 0.9498
vn -0.0459 -0.0180 0.9988
vn -0.1885 -0.0875 0.9782
vn -0.1972 -0.0917 0.9761
vn -0.2123 -0.1679 0.9627
vn -0.3913 -0.0223 0.9200
vn -0.0828 -0.0453 0.9955
vn -0.2045 -0.1595 0.9658
vn -0.1650 -0.0909 0.9821
vn -0.2124 -0.0703 0.9746
vn -0.3097 -0.2345 0.9215
vn -0.2472 -0.0952 0.9643
vn -0.3073 -0.2318 0.9229
vn -0.1500 -0.0643 0.9866
vn -0.4038 0.0088 0.9148
vn -0.1217 -0.0757 0.9897
vn -0.3406 -0.0074 0.9402
vn -0.3055 -0.0000 0.9522
vn -0.3439 -0.2375 0.9085
vn -0.2770 -0.1347 0.9514
vn -0.3188 -0.1449 0.9367
vn -0.0799 -0.0824 0.9934
vn -0.1538 -0.1464 0.9772
vn -0.0405 -0.0130 0.9991
vn -0.3246 -0.2516 0.9118
vn -0.2529 -0.1690 0.9526
vn -0.2577 -0.2368 0.9368
vn -0.0386 -0.0294 0.9988
vn -0.1842 -0.1806 0.9661
vn -0.3119 -0.1419 0.9394
vn -0.0840 -0.0517 0.9951
vn -0.2662 -0.2472 0.9317
vn -0.1272 -0.0825 0.9884
vn -0.2219 -0.1589 0.9620
vn -0.3338 -0.2932 0.8959
vn -0.0865 -0.0286 0.9958
vn -0.1565 -0.1132 0.9812
vn -0.2622 -0.2134 0.9411
vn -0.3161 -0.1381 0.9386
vn -0.0216 -0.0156 0.9996
vn -0.3103 -0.2925 0.9045
vn -0.3198 -0.1520 0.9352
vn -0.1527 -0.0568 0.9866
vn -0.2552 -0.2321 0.9386
vn -0.1163 -0.1053 0.9876
vn -0.0918 -0.0880 0.9919
vn -0.3332 -0.2024 0.9209
vn -0.0764 -0.0428 0.9962
vn -0.0929 -0.0440 0.9947
vn -0.1513 -0.0658 0.9863
vn -0.0436 -0.3999 0.9155
vn -0.0494 -0.5823 0.8115
vn -0.0376 -0.3499 0.9360
vn -0.0889 -0.6939 0.7145
vn -0.0563 -0.3587 0.9318
vn -0.0744 -0.3457 0.9354
vn -0.0141 -0.6690 0.7431
vn -0.0616 -0.5131 0.8561
vn -0.0394 -0.4574 0.8884
vn -0.0857 -0.5944 0.7996
vn -0.0671 -0.4221 0.9041
vn -0.5977 0.1641 0.7847
vn -0.1050 0.0439 0.9935
vn -0.1286 0.0334 0.9911
vn -0.2330 0.0625 0.9705
vn -0.2205 0.0729 0.9727
vn -0.2602 0.0737 0.9627
vn -0.3639 0.1023 0.9258
vn -0.3342 0.1189 0.9350
vn -0.4688 0.1252 0.8744
vn -0.4907 0.1537 0.8577
vn -0.5192 0.1383 0.8434
vn -0.6137 0.1419 0.7767
vn -0.6389 0.1129 0.7609
vn -0.6388 0.1053 0.7621
vn 0.6970 -0.7170 -0.0074
vn 0.6723 -0.7398 -0.0277
vn 0.7010 -0.7131 -0.0065
vn 0.6972 -0.7164 -0.0249
vn 0.6761 -0.7287 -0.1092
vn 0.6929 -0.7211 -0.0002
vn 0.7351 -0.6776 -0.0222
vn 0.6744 -0.7383 0.0040
vn 0.6979 -0.7161 -0.0104
vn 0.6946 -0.7187 -0.0326
vn 0.6736 -0.7391 0.0024
vn 0.6626 -0.7489 -0.0062
vn 0.6811 -0.7196 -0.1352
vn 0.6656 -0.6690 -0.3308
vn 0.6635 -0.7480 -0.0167
vn 0.6776 -0.7334 -0.0550
vn 0.6961 -0.7180 0.0011
vn 0.6968 -0.7173 -0.0073
vn 0.6964 -0.7161 -0.0473
vn 0.6894 -0.7172 -0.1016
vn 0.6800 -0.7331 -0.0109
vn 0.6731 -0.7386 -0.0368
vn 0.6725 -0.6951 -0.2542
vn 0.6748 -0.6984 -0.2383
vn 0.6444 -0.6320 -0.4304
vn 0.6276 -0.6098 -0.4841
vn 0.6416 -0.5907 -0.4893
vn 0.6458 -0.5973 -0.4756
vn 0.6534 -0.5979 -0.4643
vn 0.6339 -0.5558 -0.5378
vn 0.6570 -0.5840 -0.4767
vn 0.6663 -0.5815 -0.4669
vn 0.6473 -0.5406 -0.5374
vn 0.6519 -0.5463 -0.5259
vn 0.6767 -0.5420 -0.4983
vn 0.6520 -0.5050 -0.5655
vn 0.7695 -0.5558 -0.3146
vn 0.7192 -0.5422 -0.4344
vn 0.8348 -0.5499 -0.0250
vn 0.8617 -0.5074 -0.0070
vn 0.8649 -0.5019 -0.0006
vn 0.8465 -0.5323 -0.0009
vn 0.8105 -0.5384 -0.2308
vn 0.8334 -0.5352 -0.1380
vn 0.8471 -0.5152 -0.1302
vn 0.8299 -0.5579 -0.0060
vn 0.8991 -0.4377 -0.0046
vn 0.8593 -0.5078 -0.0606
vn 0.8718 -0.4870 -0.0535
vn 0.8846 -0.4662 -0.0157
vn 0.8837 -0.4676 -0.0225
vn 0.8346 -0.5507 -0.0131
vn 0.8438 -0.5367 -0.0035
vn 0.9122 -0.4097 0.0065
vn 0.8762 -0.4819 -0.0070
vn 0.8794 -0.4761 -0.0072
vn 0.8809 -0.4733 -0.0038
vn 0.8830 -0.4693 -0.0018
vn 0.8433 -0.5374 -0.0013
vn 0.8620 -0.5070 -0.0029
vn 0.8453 -0.5343 -0.0018
vn 0.8319 -0.5314 -0.1600
vn 0.8460 -0.5332 0.0016
vn 0.6941 -0.5339 -0.4829
vn 0.7569 -0.5328 -0.3784
vn 0.7658 -0.5233 -0.3737
vn 0.8046 -0.5375 -0.2523
vn 0.8497 -0.5272 -0.0084
vn 0.8782 -0.4781 -0.0121
vn 0.8686 -0.4954 -0.0148
vn 0.8368 -0.5474 -0.0051
vn 0.8407 -0.5392 -0.0503
vn 0.8582 -0.5111 -0.0483
vn 0.8550 -0.5167 -0.0442
vn 0.5555 0.3482 -0.7551
vn 0.9015 -0.4327 0.0064
vn 0.8992 -0.4375 -0.0047
vn 0.8507 -0.5188 -0.0843
vn 0.9132 -0.4075 -0.0002
vn 0.8976 -0.4408 0.0058
vn 0.8828 -0.4697 -0.0049
vn 0.8504 -0.5261 -0.0088
vn 0.8581 -0.4966 -0.1307
vn 0.8469 -0.5317 -0.0002
vn 0.8650 -0.5018 0.0001
vn 0.8456 -0.5338 -0.0023
vn 0.9118 -0.4107 0.0038
vn 0.9007 -0.4345 0.0002
vn 0.8707 -0.4918 0.0073
vn 0.3667 -0.3507 0.8617
vn 0.2553 -0.2373 0.9373
vn 0.3679 -0.3186 0.8736
vn 0.5807 -0.5157 0.6300
vn 0.6294 -0.6014 0.4921
vn 0.7059 -0.6423 0.2985
vn 0.6533 -0.5942 0.4691
vn 0.6440 -0.5701 0.5101
vn 0.2472 -0.2256 0.9423
vn 0.5576 -0.5133 0.6524
vn 0.4716 -0.4334 0.7679
vn 0.0481 -0.0423 0.9979
vn 0.6581 -0.5807 0.4792
vn 0.6285 -0.5721 0.5269
vn 0.2517 -0.2272 0.9408
vn 0.7094 -0.6281 0.3198
vn 0.4778 -0.4260 0.7682
vn 0.2309 -0.1996 0.9523
vn 0.5967 -0.5010 0.6269
vn 0.6587 -0.5669 0.4947
vn 0.5268 -0.4613 0.7139
vn 0.7236 -0.6210 0.3012
vn 0.5041 -0.4918 0.7099
vn 0.1032 -0.0877 0.9908
vn 0.6453 -0.6411 0.4155
vn 0.7205 -0.6006 0.3467
vn 0.7223 -0.6037 0.3374
vn 0.0937 -0.0906 0.9915
vn 0.6722 -0.6302 0.3886
vn 0.5863 -0.5602 0.5852
vn 0.7301 -0.6030 0.3215
vn 0.6336 -0.5350 0.5588
vn 0.6150 -0.4896 0.6182
vn 0.6719 -0.6336 0.3835
vn 0.5977 -0.5158 0.6138
vn 0.6761 -0.6443 0.3574
vn 0.6757 -0.5712 0.4660
vn 0.7457 -0.6269 0.2256
vn 0.3255 -0.3119 0.8926
vn 0.6871 -0.5682 0.4529
vn 0.3997 -0.3719 0.8378
vn 0.6888 -0.5528 0.4690
vn 0.5508 -0.4519 0.7018
vn 0.1771 -0.1756 0.9684
vn 0.3208 -0.3107 0.8948
vn 0.7553 -0.5849 0.2957
vn 0.7388 -0.5652 0.3671
vn 0.6714 -0.5195 0.5286
vn 0.3620 -0.3345 0.8701
vn 0.6584 -0.5026 0.5603
vn 0.6595 -0.5949 0.4595
vn 0.5435 -0.4221 0.7256
vn 0.4947 -0.3726 0.7851
vn 0.4688 -0.4317 0.7706
vn 0.2761 -0.2760 0.9207
vn 0.3789 -0.3410 0.8603
vn 0.3801 -0.2960 0.8763
vn 0.3236 -0.2686 0.9073
vn 0.2707 -0.2020 0.9412
vn 0.2548 -0.2370 0.9375
vn 0.7050 -0.6269 0.3317
vn 0.2308 -0.1786 0.9565
vn 0.1751 -0.1705 0.9697
vn 0.0955 -0.0735 0.9927
vn 0.3729 -0.3302 0.8671
vn 0.5634 -0.4978 0.6594
vn 0.6587 -0.5665 0.4952
vn 0.0920 -0.0853 0.9921
vn 0.4715 -0.4159 0.7776
vn 0.1664 -0.1634 0.9724
vn 0.1086 -0.0995 0.9891
vn 0.4495 -0.3789 0.8090
vn 0.4685 -0.4156 0.7796
vn 0.3812 -0.3276 0.8645
vn 0.6354 -0.5630 0.5285
vn 0.1167 -0.1015 0.9880
vn 0.5770 -0.5178 0.6316
vn 0.6682 -0.5285 0.5236
vn 0.5772 -0.5463 0.6070
vn 0.2399 -0.2043 0.9491
vn 0.4919 -0.4721 0.7315
vn 0.4460 -0.3815 0.8097
vn 0.6119 -0.5149 0.6004
vn 0.3991 -0.3624 0.8423
vn 0.5987 -0.4950 0.6297
vn 0.4006 -0.4005 0.8241
vn 0.4849 -0.3069 0.8189
vn 0.1613 -0.1477 0.9758
vn 0.5650 -0.5034 0.6537
vn 0.3934 -0.3087 0.8660
vn 0.1513 -0.1408 0.9784
vn 0.4776 -0.3961 0.7842
vn 0.3854 -0.3912 0.8357
vn 0.4692 -0.3936 0.7905
vn 0.6247 -0.5815 0.5212
vn 0.5879 -0.5726 0.5713
vn 0.1455 -0.1204 0.9820
vn 0.5795 -0.5583 0.5937
vn 0.4639 -0.4442 0.7665
vn 0.5124 -0.4797 0.7123
vn -0.0947 -0.7372 0.6690
vn 0.5664 -0.5811 0.5844
vn 0.5119 -0.8018 0.3084
vn -0.1554 -0.9506 0.2687
vn 0.0604 -0.5750 0.8159
vn 0.6326 -0.6408 0.4350
vn 0.0973 -0.8362 0.5397
vn 0.5099 -0.6200 0.5963
vn 0.0312 -0.7130 0.7004
vn 0.4801 -0.7189 0.5026
vn -0.1284 -0.9762 0.1750
vn 0.2905 -0.8808 0.3740
vn 0.8386 -0.5154 0.1762
vn 0.5067 -0.7653 0.3969
vn 0.0748 -0.8289 0.5543
vn -0.2591 -0.9462 0.1940
vn 0.2015 -0.6851 0.7000
vn 0.6752 -0.6579 0.3335
vn 0.1490 -0.7081 0.6903
vn -0.2326 -0.9177 0.3221
vn 0.4842 -0.6179 0.6194
vn -0.1007 -0.6899 0.7169
vn -0.0257 -0.6956 0.7180
vn 0.2401 -0.8007 0.5488
vn 0.7045 -0.6775 0.2116
vn -0.0851 -0.9324 0.3512
vn 0.5823 -0.6685 0.4626
vn -0.1742 -0.9179 0.3565
vn -0.2306 -0.9523 0.1998
vn -0.0961 -0.6890 0.7183
vn 0.1856 -0.6475 0.7391
vn 0.3943 -0.8268 0.4011
vn 0.1960 -0.8784 0.4359
vn 0.6155 -0.5713 0.5430
vn 0.0540 -0.9085 0.4144
vn 0.7535 -0.6258 0.2013
vn 0.2432 -0.6461 0.7235
vn 0.6378 -0.7295 0.2472
vn 0.6823 -0.6939 0.2302
vn 0.3715 -0.8338 0.4084
vn 0.2412 -0.9681 0.0675
vn 0.3506 -0.6248 0.6976
vn 0.3524 -0.6252 0.6964
vn 0.6118 -0.7041 0.3606
vn 0.3116 -0.8388 0.4464
vn 0.1173 -0.5325 0.8383
vn 0.7531 -0.5884 0.2945
vn 0.2792 -0.4933 0.8238
vn 0.3001 -0.6236 0.7218
vn 0.6831 -0.5822 0.4410
vn 0.4287 -0.4821 0.7641
vn 0.3965 -0.7001 0.5939
vn 0.1010 -0.7002 0.7068
vn -0.1894 -0.8874 0.4202
vn 0.0560 -0.5349 0.8431
vn 0.5605 -0.7754 0.2908
vn 0.5635 -0.7741 0.2885
vn -0.0066 -0.9014 0.4329
vn -0.0527 -0.9029 0.4267
vn -0.1967 -0.8843 0.4235
vn -0.2251 -0.9720 0.0671
vn 0.3398 -0.4920 0.8015
vn 0.4667 -0.7830 0.4113
vn -0.0347 -0.6346 0.7721
vn 0.6115 -0.7042 0.3608
vn -0.0070 -0.9014 0.4330
vn -0.1017 -0.6254 0.7737
vn 0.7965 -0.5780 0.1776
vn -0.0401 -0.9947 0.0949
vn -0.0065 -0.6269 0.7790
vn 0.8355 -0.5182 0.1827
vn 0.7513 -0.5957 0.2840
vn 0.2926 -0.4840 0.8247
vn 0.7183 -0.5118 0.4713
vn 0.6091 -0.5193 0.5994
vn 0.1145 -0.8849 0.4515
vn 0.2009 -0.5719 0.7953
vn 0.1906 -0.5704 0.7990
vn 0.1311 -0.7732 0.6204
vn -0.0298 -0.5893 0.8073
vn -0.1516 -0.8658 0.4768
vn 0.8661 -0.4837 0.1261
vn -0.0150 -0.8688 0.4950
vn 0.7050 -0.6577 0.2655
vn 0.2597 -0.5483 0.7949
vn 0.3548 -0.7875 0.5040
vn 0.5034 -0.6662 0.5502
vn 0.5396 -0.4849 0.6883
vn 0.3084 -0.7922 0.5266
vn 0.0082 -0.5717 0.8204
vn 0.4070 -0.4805 0.7768
vn 0.7052 -0.5788 0.4095
vn 0.2419 -0.8512 0.4658
vn 0.4674 -0.4722 0.7474
vn 0.2816 -0.8002 0.5295
vn -0.1676 -0.8410 0.5144
vn 0.7660 -0.5124 0.3882
vn 0.6302 -0.6805 0.3739
vn 0.1150 -0.5049 0.8555
vn 0.0750 -0.7672 0.6370
vn 0.1410 -0.6319 0.7621
vn 0.1740 -0.4926 0.8527
vn 0.1659 -0.4898 0.8559
vn -0.0551 -0.5109 0.8579
vn -0.0352 -0.5169 0.8553
vn 0.0664 -0.7696 0.6350
vn -0.1166 -0.8364 0.5356
vn -0.1120 -0.8370 0.5356
vn 0.7713 -0.5950 0.2260
vn 0.4170 -0.7522 0.5103
vn 0.0442 -0.6436 0.7641
vn 0.0597 -0.8673 0.4943
vn 0.0110 -0.5132 0.8582
vn 0.5570 -0.7584 0.3384
vn 0.4281 -0.6802 0.5950
vn 0.8099 -0.4929 0.3180
vn 0.5825 -0.6168 0.5293
vn 0.5329 -0.6164 0.5797
vn 0.4482 -0.5438 0.7095
vn 0.6633 -0.4768 0.5769
vn 0.6574 -0.4751 0.5849
vn 0.5883 -0.4691 0.6587
vn 0.4768 -0.7355 0.4814
vn 0.8294 -0.4857 0.2762
vn 0.1327 -0.4549 0.8806
vn 0.1800 -0.9166 0.3571
vn 0.3965 -0.5626 0.7254
vn 0.0099 -0.4686 0.8833
vn 0.0169 -0.4669 0.8842
vn 0.0649 -0.4299 0.9006
vn -0.0586 -0.8046 0.5909
vn 0.7192 -0.4971 0.4855
vn 0.7669 -0.4825 0.4231
vn -0.0225 -0.8061 0.5913
vn 0.6654 -0.7462 0.0214
vn 0.5722 -0.8195 0.0314
vn 0.5562 -0.8307 0.0245
vn 0.7680 -0.5395 0.3452
vn 0.8379 -0.5423 0.0614
vn -0.1541 -0.7915 0.5915
vn 0.3180 -0.7376 0.5956
vn 0.1786 -0.4192 0.8901
vn 0.7188 -0.6799 0.1450
vn 0.4498 -0.7494 0.4859
vn 0.8674 -0.4779 0.1390
vn 0.0333 -0.4301 0.9022
vn 0.7837 -0.6069 0.1326
vn 0.6623 -0.6903 0.2912
vn 0.6642 -0.6879 0.2927
vn 0.1834 -0.4196 0.8890
vn 0.1921 -0.9685 0.1584
vn 0.1740 -0.9738 0.1462
vn 0.7151 -0.6442 0.2714
vn 0.3205 -0.5569 0.7663
vn 0.3140 -0.5548 0.7705
vn 0.3841 -0.4170 0.8237
vn 0.2687 -0.7459 0.6094
vn 0.2448 -0.3803 0.8919
vn 0.0789 -0.3841 0.9199
vn -0.0055 -0.4066 0.9136
vn 0.2265 -0.3739 0.8994
vn 0.2281 -0.3740 0.8989
vn 0.4279 -0.4000 0.8105
vn 0.4297 -0.4024 0.8083
vn 0.4653 -0.3950 0.7922
vn 0.2857 -0.3399 0.8960
vn 0.2023 -0.7404 0.6410
vn 0.2489 -0.3324 0.9097
vn -0.1068 -0.7832 0.6126
vn 0.1194 -0.2575 0.9589
vn 0.3174 -0.3139 0.8948
vn 0.4462 -0.3759 0.8121
vn -0.2565 -0.9616 0.0980
vn -0.2211 -0.9714 0.0871
vn 0.1222 -0.2496 0.9606
vn 0.1348 -0.2365 0.9622
vn -0.1688 -0.9807 0.0987
vn 0.2891 -0.2894 0.9125
vn 0.1318 -0.2165 0.9673
vn 0.1442 -0.2331 0.9617
vn 0.5265 -0.3879 0.7565
vn 0.2978 -0.2947 0.9080
vn 0.4061 -0.3270 0.8533
vn 0.1299 -0.2111 0.9688
vn 0.1567 -0.8353 0.5270
vn 0.5826 -0.5329 0.6137
vn 0.1407 -0.1952 0.9706
vn 0.1391 -0.1937 0.9712
vn 0.2665 -0.2506 0.9307
vn 0.1000 -0.1375 0.9854
vn 0.3636 -0.2969 0.8830
vn 0.2473 -0.2383 0.9392
vn 0.1061 -0.1862 0.9768
vn 0.3576 -0.2957 0.8858
vn 0.2187 -0.2105 0.9528
vn 0.1153 -0.1419 0.9831
vn 0.1300 -0.1553 0.9793
vn 0.3449 -0.2811 0.8956
vn 0.1408 -0.9209 0.3635
vn 0.1025 -0.1227 0.9871
vn 0.2409 -0.2135 0.9468
vn 0.0671 -0.0786 0.9946
vn 0.1037 -0.1140 0.9881
vn 0.8392 -0.5437 0.0091
vn 0.5041 -0.5309 0.6812
vn 0.0082 -0.3700 0.9290
vn 0.8932 -0.4487 0.0297
vn 0.8928 -0.4496 0.0293
vn 0.7757 -0.6294 0.0460
vn 0.8229 -0.5669 0.0380
vn 0.3533 -0.7057 0.6142
vn 0.7380 -0.6712 0.0697
vn 0.1139 -0.5984 0.7931
vn 0.0599 -0.3698 0.9272
vn 0.4257 -0.8956 0.1289
vn 0.5299 -0.8432 0.0907
vn 0.7660 -0.4810 0.4265
vn 0.8207 -0.5617 0.1047
vn 0.6489 -0.7458 0.1505
vn 0.7769 -0.4794 0.4081
vn 0.6892 -0.7121 0.1341
vn 0.0544 -0.3396 0.9390
vn 0.8372 -0.5086 0.2013
vn 0.0967 -0.3186 0.9429
vn 0.6429 -0.4437 0.6244
vn 0.6369 -0.4442 0.6301
vn 0.6388 -0.7529 0.1587
vn 0.5794 -0.7920 0.1925
vn 0.8392 -0.5307 0.1190
vn 0.0698 -0.2895 0.9546
vn 0.0702 -0.3127 0.9473
vn 0.4091 -0.8878 0.2110
vn 0.7816 -0.5073 0.3630
vn 0.5014 -0.8382 0.2144
vn 0.6379 -0.4457 0.6281
vn 0.1228 -0.2575 0.9584
vn 0.5219 -0.3834 0.7620
vn 0.7811 -0.5075 0.3638
vn 0.7969 -0.5096 0.3245
vn 0.8423 -0.5272 0.1126
vn 0.6684 -0.4607 0.5840
vn 0.5240 -0.3876 0.7584
vn 0.7246 -0.5042 0.4699
vn 0.7996 -0.5353 0.2722
vn 0.0028 -0.7690 0.6393
vn 0.1759 -0.9539 0.2432
vn 0.8883 -0.4563 0.0524
vn 0.6986 -0.4683 0.5409
vn 0.3303 -0.9113 0.2458
vn 0.2776 -0.9262 0.2551
vn 0.7712 -0.5420 0.3339
vn 0.5468 -0.4111 0.7294
vn 0.7166 -0.6047 0.3475
vn 0.7753 -0.5483 0.3136
vn 0.4686 -0.3540 0.8094
vn -0.1246 -0.7494 0.6503
vn 0.6145 -0.4626 0.6391
vn 0.4713 -0.3646 0.8031
vn 0.3801 -0.2958 0.8764
vn 0.2228 -0.1939 0.9554
vn 0.2320 -0.9716 0.0466
vn 0.4104 -0.9004 0.1444
vn 0.0156 -0.9627 0.2703
vn -0.0032 -0.9615 0.2749
vn 0.8103 -0.4942 0.3149
vn 0.7108 -0.4605 0.5317
vn 0.7498 -0.4891 0.4457
vn 0.6944 -0.4776 0.5383
vn 0.6783 -0.5014 0.5372
vn 0.7208 -0.5107 0.4687
vn 0.5810 -0.6827 0.4432
vn 0.6045 -0.4271 0.6724
vn 0.5500 -0.4013 0.7324
vn 0.0234 -0.9610 0.2755
vn 0.3302 -0.7009 0.6323
vn 0.4453 -0.8448 0.2968
vn 0.5036 -0.7681 0.3955
vn 0.7419 -0.6422 0.1926
vn 0.8894 -0.4541 0.0520
vn 0.3883 -0.8671 0.3121
vn -0.0599 -0.9867 0.1510
vn 0.0236 -0.9838 0.1779
vn 0.2701 -0.8853 0.3786
vn 0.4476 -0.5438 0.7099
vn 0.8896 -0.4567 0.0021
vn 0.0461 -0.9986 0.0260
vn -0.9544 -0.2984 0.0099
vn -0.2314 -0.9728 0.0137
vn -0.1890 -0.9816 0.0259
vn -0.0206 -0.9997 0.0100
vn 0.9244 -0.3814 -0.0016
vn -0.1922 -0.9813 0.0053
vn 0.1772 -0.9842 0.0011
vn 0.1995 -0.9797 -0.0183
vn 0.1868 -0.9821 -0.0256
vn 0.3901 -0.9207 0.0130
vn 0.5888 -0.8083 -0.0059
vn 0.6103 -0.7922 0.0022
vn 0.6938 -0.7201 0.0091
vn 0.7582 -0.6520 0.0065
vn 0.7986 -0.6018 -0.0022
vn 0.8365 -0.5480 0.0067
vn 0.8920 -0.4520 -0.0012
vn 0.8888 -0.4584 0.0010
vn 0.3470 -0.9378 0.0135
vn 0.3546 -0.9346 0.0274
vn 0.0492 -0.9983 0.0296
vn 0.0410 -0.9987 0.0307
vn -0.0339 0.0219 -0.9992
vn 0.0222 0.0062 -0.9997
vn 0.0134 -0.0154 -0.9998
vn 0.0150 -0.0039 -0.9999
vn 0.0201 -0.0165 -0.9997
vn 0.0082 -0.0063 -0.9999
vn -0.0105 0.0015 -0.9999
vn -0.0058 -0.0085 -0.9999
vn 0.0026 0.0036 -1.0000
vn -0.0047 0.0069 -1.0000
vn 0.0002 -0.0014 -1.0000
vn 0.0109 -0.0019 -0.9999
vn 0.0081 -0.0007 -1.0000
vn -0.7387 0.4383 -0.5121
vn -0.9890 -0.1459 -0.0258
vn -0.7959 0.4538 -0.4009
vn -0.3685 0.3428 -0.8641
vn -0.6039 0.5115 -0.6113
vn -0.8888 0.3426 -0.3044
vn -0.9830 0.1345 -0.1247
vn -0.5128 0.2576 -0.8189
vn -0.6911 0.4884 -0.5327
vn -0.6257 0.1713 -0.7610
vn -0.5814 0.1271 -0.8036
vn -0.9989 -0.0136 -0.0446
vn -0.9998 0.0187 -0.0051
vn -0.9974 0.0702 -0.0162
vn -0.6400 0.0065 -0.7684
vn -0.7257 -0.0904 -0.6821
vn -0.7969 0.0166 -0.6039
vn -0.7970 -0.1958 -0.5714
vn -0.8819 -0.0369 -0.4701
vn -0.9639 -0.0794 -0.2543
vn -0.9643 0.0240 -0.2639
vn -0.9764 0.0700 -0.2044
vn -0.9761 0.0722 -0.2048
vn -0.7193 0.0971 -0.6879
vn -0.9879 0.1030 -0.1161
vn -0.9848 -0.0254 -0.1718
vn -0.4152 0.2586 -0.8722
vn -0.6857 0.5042 -0.5250
vn -0.5647 0.5105 -0.6484
vn -0.6170 0.5455 -0.5673
vn -0.6803 0.5524 -0.4816
vn -0.6872 0.5656 -0.4558
vn -0.6840 0.5641 -0.4626
vn -0.6655 0.5775 -0.4728
vn -0.4554 0.3495 -0.8188
vn -0.4049 0.4064 -0.8191
vn -0.5976 0.4976 -0.6287
vn -0.4000 0.3194 -0.8591
vn -0.4433 0.3475 -0.8263
vn -0.5855 0.5123 -0.6283
vn -0.4285 0.3436 -0.8356
vn -0.4148 0.3481 -0.8407
vn -0.4404 0.3900 -0.8086
vn -0.5821 0.5276 -0.6187
vn -0.3579 0.3135 -0.8796
vn -0.5795 0.5262 -0.6223
vn -0.3641 0.3337 -0.8695
vn -0.5028 0.4968 -0.7073
vn -0.5061 0.4551 -0.7326
vn -0.4575 0.4248 -0.7812
vn -0.4940 0.4950 -0.7148
vn -0.7507 0.5634 0.3450
vn -0.4599 0.3809 -0.8021
vn -0.7181 0.5614 -0.4113
vn -0.4957 0.4170 -0.7618
vn -0.5820 0.5094 -0.6339
vn -0.5435 0.4353 -0.7178
vn -0.5669 0.5015 -0.6536
vn -0.5120 0.4646 -0.7224
vn -0.4828 0.3776 -0.7901
vn -0.5259 0.4297 -0.7341
vn -0.6445 0.5276 -0.5534
vn -0.7517 0.6403 -0.1577
vn -0.6692 0.5700 -0.4767
vn -0.3709 0.3230 -0.8707
vn -0.7338 0.6457 -0.2112
vn -0.6588 0.5718 -0.4889
vn -0.5709 0.5084 -0.6447
vn -0.5160 0.4753 -0.7127
vn -0.5420 0.4924 -0.6810
vn -0.5397 0.4642 -0.7023
vn -0.4074 0.3760 -0.8323
vn -0.6113 0.5629 -0.5563
vn -0.6319 0.5939 -0.4980
vn -0.6521 0.4986 -0.5711
vn -0.5401 0.3804 -0.7507
vn -0.5204 0.3910 -0.7592
vn -0.6757 0.5479 -0.4931
vn -0.6861 0.5356 -0.4923
vn -0.7024 0.5562 -0.4441
vn 0.0949 0.9846 -0.1468
vn -0.2044 0.9762 -0.0727
vn 0.2067 0.9685 -0.1388
vn -0.3227 0.9449 -0.0559
vn 0.1163 0.9882 -0.0996
vn 0.2791 0.9561 -0.0892
vn -0.3529 0.3545 -0.8659
vn -0.2283 0.9708 -0.0742
vn 0.1091 0.9927 -0.0509
vn -0.4552 0.5727 -0.6818
vn -0.2279 0.5796 -0.7824
vn -0.2608 0.6287 -0.7326
vn -0.1433 0.6203 -0.7711
vn -0.5387 0.6359 -0.5526
vn 0.1424 0.9884 -0.0520
vn -0.4372 0.8531 -0.2846
vn 0.0687 0.8724 -0.4839
vn -0.5049 0.7408 -0.4431
vn -0.3973 0.7285 -0.5580
vn -0.5124 0.8391 -0.1827
vn -0.1693 0.7294 -0.6628
vn -0.0105 0.9210 -0.3895
vn -0.1375 0.9400 -0.3122
vn -0.1043 0.9485 -0.2990
vn -0.3142 0.9244 -0.2162
vn -0.4112 0.8996 -0.1468
vn -0.3757 0.9173 -0.1319
vn -0.3770 0.9168 -0.1314
vn -0.3684 0.9191 -0.1394
vn 0.2086 0.9626 -0.1727
vn -0.2758 0.9524 -0.1303
vn -0.1314 0.9805 -0.1462
vn -0.4938 0.7941 -0.3544
vn -0.2624 0.9612 -0.0846
vn 0.0145 0.8086 -0.5882
vn -0.0114 0.8177 -0.5756
vn -0.2940 0.9544 -0.0516
vn -0.5856 0.7069 -0.3967
vn -0.1717 0.9839 -0.0486
vn -0.2725 0.9622 0.0010
vn -0.3124 0.9498 -0.0140
vn 0.1333 0.9909 -0.0162
vn -0.1224 0.9908 -0.0577
vn 0.0104 0.8933 -0.4493
vn -0.4784 0.8331 -0.2776
vn -0.5075 0.8363 -0.2073
vn -0.1324 0.8906 -0.4352
vn -0.1802 0.9583 -0.2217
vn 0.2160 0.9177 -0.3333
vn 0.2320 0.9310 -0.2817
vn 0.1532 0.9623 -0.2246
vn 0.0882 0.9694 -0.2291
vn -0.2822 0.9544 -0.0973
vn -0.1136 0.9935 -0.0028
vn -0.0448 0.9990 -0.0084
vn -0.1516 -0.8936 -0.4225
vn -0.3335 -0.9107 -0.2437
vn 0.1993 -0.9500 -0.2403
vn 0.4047 -0.9055 -0.1278
vn 0.0030 -0.9641 -0.2656
vn -0.1114 -0.9551 -0.2747
vn 0.1335 -0.9784 -0.1578
vn -0.0148 -0.9868 -0.1613
vn 0.2871 -0.9569 -0.0434
vn 0.4436 -0.5317 -0.7215
vn 0.2888 -0.9564 -0.0435
vn 0.3041 -0.4683 -0.8296
vn -0.0969 -0.9898 -0.1046
vn 0.1028 -0.9927 -0.0633
vn 0.1698 -0.9848 0.0380
vn 0.2780 -0.6066 -0.7448
vn 0.0244 -0.9034 -0.4281
vn -0.2255 -0.9716 -0.0713
vn 0.3108 -0.9502 -0.0236
vn 0.3330 -0.7582 -0.5606
vn -0.1370 -0.9904 -0.0198
vn 0.3474 -0.9153 -0.2038
vn 0.5279 -0.7934 -0.3029
vn -0.0384 -0.6646 -0.7462
vn 0.2722 -0.9615 -0.0376
vn 0.0362 -0.8245 -0.5646
vn 0.5458 -0.8149 -0.1952
vn 0.3021 -0.9531 -0.0198
vn -0.0305 -0.8181 -0.5743
vn 0.3601 -0.8898 -0.2804
vn 0.4091 -0.6362 -0.6541
vn 0.2258 -0.8978 -0.3782
vn 0.2942 -0.7318 -0.6148
vn 0.2741 -0.8312 -0.4837
vn 0.2149 -0.2517 -0.9436
vn 0.4025 -0.3643 -0.8398
vn 0.4787 -0.3980 -0.7826
vn 0.6795 -0.5096 -0.5278
vn 0.1428 -0.1028 -0.9844
vn 0.3953 -0.3733 -0.8393
vn 0.4348 -0.3923 -0.8105
vn 0.3552 -0.3183 -0.8789
vn 0.3747 -0.3165 -0.8715
vn 0.3958 -0.3054 -0.8661
vn 0.2529 -0.1274 -0.9590
vn 0.6822 -0.5137 -0.5203
vn 0.6749 -0.6749 0.2983
vn 0.9891 0.0919 -0.1154
vn 0.9858 0.1194 -0.1178
vn 0.9947 0.0802 -0.0643
vn 0.2404 -0.0365 -0.9700
vn 0.9975 -0.0299 -0.0644
vn 0.9992 -0.0289 -0.0290
vn 0.4945 0.1036 -0.8630
vn 0.7492 -0.1403 -0.6473
vn 0.9996 0.0149 -0.0243
vn 0.8038 -0.5883 -0.0891
vn 0.8500 -0.1318 -0.5100
vn 0.5600 -0.3500 -0.7509
vn 0.8478 -0.1103 -0.5187
vn 0.8532 -0.1187 -0.5078
vn 0.4598 -0.1713 -0.8713
vn 0.8993 -0.0516 -0.4343
vn 0.8680 -0.4838 -0.1117
vn 0.6445 -0.2661 -0.7168
vn 0.9394 -0.0324 -0.3413
vn 0.9369 -0.0222 -0.3488
vn 0.8949 -0.0204 -0.4458
vn 0.9695 -0.0221 -0.2439
vn 0.9564 0.0589 -0.2861
vn 0.9837 -0.1415 -0.1106
vn 0.9734 -0.1395 -0.1816
vn 0.9739 0.0890 -0.2086
vn 0.9752 0.1216 -0.1851
vn 0.9865 0.1623 -0.0201
vn 0.9999 -0.0058 -0.0093
vn 0.9419 -0.3354 -0.0148
vn 0.1480 -0.1248 -0.9811
vn 0.9851 0.0704 -0.1567
vn 0.9653 0.2074 -0.1585
vn 0.6302 -0.2157 -0.7459
vn 0.9715 0.2181 -0.0933
vn 0.9967 -0.0549 -0.0596
vn 0.9853 0.1623 -0.0542
vn 0.9199 -0.3650 -0.1434
vn 0.9799 0.0456 -0.1943
vn 0.9648 0.2250 -0.1359
vn 0.9873 -0.1099 -0.1147
vn 0.9853 0.1430 -0.0940
vn 0.9867 0.1243 -0.1052
vn 0.9998 0.0188 0.0078
vn 0.9998 0.0179 0.0017
vn 0.9989 -0.0459 0.0136
vn 0.9877 0.1536 -0.0280
vn 0.9769 -0.2135 0.0025
vn 0.0576 -0.2582 0.9644
vn 0.0900 -0.4646 0.8809
vn 0.0518 -0.2442 0.9683
vn 0.0507 -0.2918 0.9551
vn 0.0897 -0.4684 0.8790
vn 0.0256 -0.3338 0.9423
vn 0.0634 -0.2637 0.9625
vn 0.0142 -0.1797 0.9836
vn 0.0391 -0.3430 0.9385
vn -0.2209 0.0276 0.9749
vn -0.2513 0.0425 0.9670
vn -0.4566 0.0904 0.8850
vn -0.4912 0.1022 0.8650
vn -0.2607 0.0511 0.9641
vn -0.1656 -0.0415 0.9853
vn -0.2454 0.0501 0.9681
vn -0.0772 -0.2180 0.9729
vn 0.0938 -0.4860 0.8689
vn -0.0853 -0.1355 0.9871
vn -0.0474 -0.0503 0.9976
vn -0.1220 -0.1954 0.9731
vn -0.0319 -0.1453 0.9889
vn 0.0460 -0.4473 0.8932
vn 0.0645 -0.4345 0.8984
vn -0.0195 -0.2477 0.9686
vn -0.1090 -0.1477 0.9830
vn -0.0439 -0.3211 0.9460
vn 0.0344 -0.5035 0.8633
vn -0.0399 -0.3141 0.9485
vn -0.1397 -0.2177 0.9660
vn 0.0061 -0.5018 0.8650
vn 0.0061 -0.4809 0.8767
vn -0.1831 -0.1479 0.9719
vn -0.0544 -0.0118 0.9985
vn -0.0360 -0.1853 0.9820
vn -0.0115 -0.2067 0.9783
vn 0.0124 -0.2694 0.9630
vn 0.0084 -0.2860 0.9582
vn -0.1724 -0.1827 0.9679
vn -0.1660 -0.2011 0.9654
vn -0.0179 -0.2213 0.9750
vn -0.0261 -0.4001 0.9161
vn 0.1067 -0.4862 0.8673
vn -0.0196 -0.4689 0.8830
vn -0.1787 -0.1801 0.9673
vn -0.2180 -0.0097 0.9759
vn -0.2765 -0.0785 0.9578
vn -0.4528 0.0491 0.8903
vn -0.3608 -0.0192 0.9325
vn -0.2341 -0.0340 0.9716
vn -0.0363 -0.0567 0.9977
vn -0.3818 0.0286 0.9238
vn -0.1751 -0.1427 0.9742
vn -0.2037 -0.0249 0.9787
vn -0.1258 -0.0501 0.9908
vn -0.2622 -0.1225 0.9572
vn -0.3525 -0.0988 0.9306
vn -0.3714 0.0815 0.9249
vn -0.1414 -0.0579 0.9883
vn -0.2282 -0.0263 0.9733
vn -0.0630 -0.0453 0.9970
vn -0.1882 0.0017 0.9821
vn -0.4067 0.0037 0.9136
vn -0.2424 -0.0325 0.9696
vn -0.2396 -0.0335 0.9703
vn -0.4442 0.0764 0.8927
vn -0.2599 -0.0502 0.9643
vn -0.2455 -0.1053 0.9637
vn -0.0078 -0.2107 0.9775
vn -0.3493 -0.0872 0.9329
vn -0.6347 0.1169 0.7639
vn -0.3178 -0.0064 0.9481
vn -0.1000 -0.2424 0.9650
vn -0.3441 -0.0883 0.9348
vn -0.2992 -0.0444 0.9531
vn -0.1284 -0.1679 0.9774
vn -0.0921 -0.2165 0.9719
vt 0.912500 0.300000
vt 0.962500 0.300000
vt 0.962500 0.700000
usemtl material_0
f 3523/22/6306 3521/23/6306 3518/24/6306
f 3524/22/6307 3523/23/6307 3518/24/6307
f 3570/22/6308 3571/23/6308 3559/24/6308
f 3602/22/6309 3605/23/6309 3610/24/6309
f 5090/22/6310 3605/23/6310 3604/24/6310
f 5060/22/6311 3574/23/6311 3583/24/6311
f 3604/22/6312 3606/23/6312 5060/24/6312
f 3605/22/6313 3606/23/6313 3604/24/6313
f 5060/22/6314 3606/23/6314 3574/24/6314
f 3606/22/6315 3608/23/6315 3574/24/6315
f 3607/22/6316 3609/23/6316 5180/24/6316
f 5180/22/6317 3609/23/6317 5089/24/6317
f 3574/22/6318 3608/23/6318 3585/24/6318
f 3608/22/6319 3611/23/6319 3585/24/6319
f 3585/22/6320 3613/23/6320 3587/24/6320
f 3611/22/6321 3613/23/6321 3585/24/6321
f 3607/22/6322 3602/23/6322 3609/24/6322
f 3613/22/6323 3614/23/6323 3587/24/6323
f 3587/22/6324 3614/23/6324 3589/24/6324
f 3612/22/6325 3602/23/6325 3607/24/6325
f 3614/22/6326 3615/23/6326 3589/24/6326
f 3589/22/6327 3615/23/6327 3591/24/6327
f 3602/22/6328 3610/23/6328 3609/24/6328
f 3615/22/6329 3616/23/6329 3591/24/6329
f 3591/22/6330 3616/23/6330 3593/24/6330
f 3610/22/6331 3605/23/6331 5090/24/6331
f 3621/22/6332 3640/23/6332 3625/24/6332
f 3628/22/6333 3630/23/6333 3693/24/6333
f 3624/22/6334 3631/23/6334 3623/24/6334
f 3808/22/6335 3631/23/6335 3624/24/6335
f 3707/22/6336 3625/23/6336 3635/24/6336
f 3626/22/6337 3618/23/6337 3690/24/6337
f 4378/22/6338 3637/23/6338 3629/24/6338
f 3687/22/6339 3638/23/6339 3694/24/6339
f 3632/22/6340 3638/23/6340 3687/24/6340
f 3639/22/6341 3631/23/6341 3808/24/6341
f 3639/22/6342 3627/23/6342 3631/24/6342
f 3635/22/6343 3625/23/6343 3641/24/6343
f 3694/22/6344 3638/23/6344 3679/24/6344
f 3619/22/6345 3647/23/6345 3704/24/6345
f 3642/22/6346 3619/23/6346 3639/24/6346
f 3639/22/6347 3619/23/6347 3627/24/6347
f 3704/22/6348 3647/23/6348 3617/24/6348
f 3644/22/6349 3619/23/6349 3642/24/6349
f 3647/22/6350 3645/23/6350 3617/24/6350
f 3622/22/6351 3646/23/6351 3621/24/6351
f 3644/22/6352 3647/23/6352 3619/24/6352
f 3617/22/6353 3645/23/6353 3622/24/6353
f 3634/22/6354 3637/23/6354 4378/24/6354
f 3645/22/6355 3646/23/6355 3622/24/6355
f 3625/22/6356 3648/23/6356 3641/24/6356
f 3646/22/6357 3640/23/6357 3621/24/6357
f 3638/22/6358 3626/23/6358 3679/24/6358
f 3625/22/6359 3649/23/6359 3648/24/6359
f 3640/22/6360 3649/23/6360 3625/24/6360
f 3802/22/6361 3640/23/6361 3646/24/6361
f 3802/22/6362 3809/23/6362 3640/24/6362
f 3640/22/6363 3650/23/6363 3649/24/6363
f 3848/22/6364 3650/23/6364 3809/24/6364
f 3809/22/6365 3650/23/6365 3640/24/6365
f 3630/22/6366 3674/23/6366 4378/24/6366
f 3633/22/6367 3651/23/6367 3636/24/6367
f 3643/22/6368 3651/23/6368 3633/24/6368
f 3641/22/6369 3648/23/6369 4291/24/6369
f 4291/22/6370 3648/23/6370 4289/24/6370
f 3626/22/6371 3652/23/6371 3618/24/6371
f 4301/22/6372 4303/23/6372 3653/24/6372
f 4289/22/6373 3648/23/6373 3654/24/6373
f 4293/22/6374 3658/23/6374 4303/24/6374
f 3656/22/6375 3659/23/6375 3657/24/6375
f 5148/22/6376 3653/23/6376 3658/24/6376
f 3655/22/6377 3659/23/6377 3656/24/6377
f 3660/22/6378 3661/23/6378 3664/24/6378
f 3657/22/6379 3665/23/6379 3662/24/6379
f 3674/22/6380 3634/23/6380 4378/24/6380
f 3662/22/6381 3665/23/6381 3663/24/6381
f 3651/22/6382 3620/23/6382 3636/24/6382
f 3652/22/6383 3706/23/6383 3618/24/6383
f 3665/22/6384 3669/23/6384 3663/24/6384
f 3655/22/6385 3670/23/6385 3659/24/6385
f 3664/22/6386 3661/23/6386 3671/24/6386
f 3663/22/6387 3669/23/6387 3666/24/6387
f 3638/22/6388 3673/23/6388 3626/24/6388
f 3661/22/6389 4308/23/6389 3671/24/6389
f 3670/22/6390 3657/23/6390 3659/24/6390
f 3669/22/6391 3667/23/6391 3666/24/6391
f 3675/22/6392 3643/23/6392 3633/24/6392
f 3670/22/6393 3676/23/6393 3657/24/6393
f 3861/22/6394 3650/23/6394 3848/24/6394
f 3632/22/6395 3678/23/6395 3638/24/6395
f 3667/22/6396 3679/23/6396 3668/24/6396
f 3657/22/6397 3676/23/6397 3665/24/6397
f 3668/22/6398 3679/23/6398 3672/24/6398
f 3673/22/6399 3652/23/6399 3626/24/6399
f 3676/22/6400 3681/23/6400 3665/24/6400
f 5137/22/6401 3682/23/6401 3603/24/6401
f 3767/22/6402 3607/23/6402 3702/24/6402
f 3702/22/6403 3607/23/6403 3682/24/6403
f 3665/22/6404 3681/23/6404 3669/24/6404
f 3612/22/6405 3607/23/6405 3767/24/6405
f 4303/22/6406 3658/23/6406 3653/24/6406
f 4293/22/6407 3685/23/6407 3658/24/6407
f 3658/22/6408 3685/23/6408 3661/24/6408
f 3661/22/6409 3685/23/6409 4298/24/6409
f 3678/22/6410 3673/23/6410 3638/24/6410
f 3654/22/6411 3648/23/6411 3686/24/6411
f 3652/22/6412 3617/23/6412 3706/24/6412
f 3660/22/6413 3658/23/6413 3661/24/6413
f 3634/22/6414 3625/23/6414 3637/24/6414
f 3681/22/6415 3687/23/6415 3669/24/6415
f 3686/22/6416 3648/23/6416 3688/24/6416
f 3688/22/6417 3648/23/6417 4305/24/6417
f 3692/22/6418 3661/23/6418 3689/24/6418
f 3689/22/6419 3661/23/6419 4298/24/6419
f 4305/22/6420 3648/23/6420 4308/24/6420
f 3620/22/6421 3691/23/6421 3632/24/6421
f 3679/22/6422 3690/23/6422 3672/24/6422
f 3687/22/6423 3667/23/6423 3669/24/6423
f 3633/22/6424 3670/23/6424 3655/24/6424
f 4310/22/6425 3661/23/6425 3692/24/6425
f 4310/22/6426 4308/23/6426 3661/24/6426
f 3651/22/6427 3623/23/6427 3620/24/6427
f 3671/22/6428 4308/23/6428 3695/24/6428
f 3695/22/6429 4308/23/6429 3696/24/6429
f 3696/22/6430 4308/23/6430 3697/24/6430
f 3648/22/6431 3649/23/6431 4308/24/6431
f 3617/22/6432 3622/23/6432 3706/24/6432
f 3706/22/6433 3622/23/6433 3628/24/6433
f 3649/22/6434 3698/23/6434 4308/24/6434
f 4308/22/6435 3698/23/6435 3697/24/6435
f 3699/22/6436 3649/23/6436 3700/24/6436
f 3698/22/6437 3649/23/6437 3699/24/6437
f 3650/22/6438 3683/23/6438 3649/24/6438
f 3861/22/6439 3682/23/6439 3650/24/6439
f 3691/22/6440 3678/23/6440 3632/24/6440
f 3694/22/6441 3679/23/6441 3667/24/6441
f 3700/22/6442 3683/23/6442 3701/24/6442
f 3649/22/6443 3683/23/6443 3700/24/6443
f 3702/22/6444 3682/23/6444 3861/24/6444
f 3690/22/6445 3677/23/6445 3672/24/6445
f 3682/22/6446 3703/23/6446 3683/24/6446
f 5137/22/6447 3703/23/6447 3682/24/6447
f 3607/22/6448 5180/23/6448 3682/24/6448
f 3682/22/6449 5180/23/6449 3603/24/6449
f 3687/22/6450 3694/23/6450 3667/24/6450
f 3650/22/6451 3682/23/6451 3683/24/6451
f 3673/22/6452 3704/23/6452 3652/24/6452
f 3628/22/6453 3622/23/6453 3630/24/6453
f 3705/22/6454 3629/23/6454 3713/24/6454
f 3674/22/6455 3621/23/6455 3634/24/6455
f 3622/22/6456 3674/23/6456 3630/24/6456
f 3704/22/6457 3617/23/6457 3652/24/6457
f 3677/22/6458 3706/23/6458 3680/24/6458
f 3675/22/6459 3651/23/6459 3643/24/6459
f 3623/22/6460 3691/23/6460 3620/24/6460
f 3625/22/6461 3707/23/6461 3637/24/6461
f 3713/22/6462 3637/23/6462 3708/24/6462
f 3629/22/6463 3637/23/6463 3713/24/6463
f 3628/22/6464 3693/23/6464 3684/24/6464
f 3633/22/6465 3636/23/6465 3670/24/6465
f 3670/22/6466 3636/23/6466 3676/24/6466
f 3621/22/6467 3625/23/6467 3634/24/6467
f 3680/22/6468 3706/23/6468 3684/24/6468
f 3691/22/6469 3631/23/6469 3678/24/6469
f 3678/22/6470 3619/23/6470 3673/24/6470
f 3690/22/6471 3618/23/6471 3677/24/6471
f 3631/22/6472 3627/23/6472 3678/24/6472
f 3622/22/6473 3621/23/6473 3674/24/6473
f 3675/22/6474 3709/23/6474 3651/24/6474
f 3619/22/6475 3704/23/6475 3673/24/6475
f 3710/22/6476 3675/23/6476 3711/24/6476
f 3637/22/6477 3712/23/6477 3708/24/6477
f 3706/22/6478 3628/23/6478 3684/24/6478
f 3627/22/6479 3619/23/6479 3678/24/6479
f 3709/22/6480 3623/23/6480 3651/24/6480
f 3676/22/6481 3620/23/6481 3681/24/6481
f 3636/22/6482 3620/23/6482 3676/24/6482
f 3618/22/6483 3706/23/6483 3677/24/6483
f 3637/22/6484 3707/23/6484 3712/24/6484
f 3710/22/6485 3709/23/6485 3675/24/6485
f 3630/22/6486 4378/23/6486 3693/24/6486
f 3623/22/6487 3631/23/6487 3691/24/6487
f 3624/22/6488 3709/23/6488 3710/24/6488
f 3679/22/6489 3626/23/6489 3690/24/6489
f 3620/22/6490 3632/23/6490 3681/24/6490
f 3681/22/6491 3632/23/6491 3687/24/6491
f 3624/22/6492 3623/23/6492 3709/24/6492
f 3729/22/6493 3728/23/6493 3714/24/6493
f 3728/22/6494 3707/23/6494 3714/24/6494
f 3717/22/6495 3716/23/6495 3718/24/6495
f 3715/22/6496 3716/23/6496 3717/24/6496
f 3720/22/6497 3721/23/6497 3719/24/6497
f 3705/22/6498 3721/23/6498 3720/24/6498
f 3705/22/6499 3713/23/6499 3721/24/6499
f 3707/22/6500 3727/23/6500 3712/24/6500
f 3721/22/6501 3715/23/6501 3719/24/6501
f 3724/22/6502 3725/23/6502 3723/24/6502
f 3716/22/6503 3715/23/6503 3721/24/6503
f 3728/22/6504 3726/23/6504 3727/24/6504
f 3728/22/6505 3729/23/6505 3726/24/6505
f 3721/22/6506 3713/23/6506 3716/24/6506
f 3716/22/6507 3713/23/6507 3708/24/6507
f 3714/22/6508 3730/23/6508 3729/24/6508
f 3716/22/6509 3708/23/6509 3718/24/6509
f 3730/22/6510 3714/23/6510 3722/24/6510
f 3723/22/6511 3725/23/6511 3717/24/6511
f 3718/22/6512 3708/23/6512 3712/24/6512
f 3718/22/6513 3724/23/6513 3717/24/6513
f 3717/22/6514 3724/23/6514 3723/24/6514
f 3725/22/6515 3726/23/6515 3729/24/6515
f 3718/22/6516 3712/23/6516 3724/24/6516
f 3727/22/6517 3707/23/6517 3728/24/6517
f 3726/22/6518 3725/23/6518 3727/24/6518
f 3725/22/6519 3724/23/6519 3727/24/6519
f 3727/22/6520 3724/23/6520 3712/24/6520
f 3722/22/6521 3714/23/6521 3707/24/6521
f 3734/22/6522 3735/23/6522 3737/24/6522
f 3735/22/6523 3742/23/6523 3737/24/6523
f 3738/22/6524 3742/23/6524 3735/24/6524
f 3740/22/6525 3739/23/6525 3907/24/6525
f 3742/22/6526 3741/23/6526 3737/24/6526
f 3741/22/6527 3744/23/6527 3737/24/6527
f 3745/22/6528 3739/23/6528 3740/24/6528
f 3745/22/6529 3746/23/6529 3739/24/6529
f 3747/22/6530 3753/23/6530 3752/24/6530
f 3744/22/6531 3741/23/6531 3748/24/6531
f 3750/22/6532 3751/23/6532 3745/24/6532
f 3745/22/6533 3751/23/6533 3746/24/6533
f 3752/22/6534 3748/23/6534 3741/24/6534
f 3759/22/6535 3744/23/6535 3748/24/6535
f 3749/22/6536 3785/23/6536 3710/24/6536
f 3756/22/6537 3753/23/6537 3761/24/6537
f 3710/22/6538 3785/23/6538 3624/24/6538
f 3765/22/6539 3702/23/6539 3759/24/6539
f 3760/22/6540 3751/23/6540 3750/24/6540
f 3760/22/6541 3761/23/6541 3751/24/6541
f 3760/22/6542 3770/23/6542 3761/24/6542
f 3754/22/6543 3766/23/6543 3762/24/6543
f 3767/22/6544 3765/23/6544 3768/24/6544
f 3771/22/6545 3770/23/6545 3760/24/6545
f 3762/22/6546 3772/23/6546 3774/24/6546
f 3771/22/6547 3775/23/6547 3770/24/6547
f 3768/22/6548 3612/23/6548 3767/24/6548
f 3773/22/6549 3777/23/6549 3779/24/6549
f 3778/22/6550 3775/23/6550 3771/24/6550
f 3778/22/6551 3780/23/6551 3775/24/6551
f 3773/22/6552 3779/23/6552 3768/24/6552
f 3768/22/6553 3782/23/6553 3612/24/6553
f 3782/22/6554 3768/23/6554 3972/24/6554
f 3777/22/6555 3783/23/6555 3779/24/6555
f 3777/22/6556 3781/23/6556 3783/24/6556
f 3785/22/6557 3749/23/6557 3784/24/6557
f 3755/22/6558 3828/23/6558 3757/24/6558
f 3790/22/6559 3792/23/6559 3834/24/6559
f 3645/22/6560 3789/23/6560 3795/24/6560
f 3792/22/6561 3790/23/6561 3791/24/6561
f 3841/22/6562 3788/23/6562 3796/24/6562
f 3796/22/6563 3788/23/6563 3797/24/6563
f 3798/22/6564 3799/23/6564 3797/24/6564
f 3802/22/6565 3646/23/6565 3795/24/6565
f 3780/22/6566 3975/23/6566 3781/24/6566
f 3796/22/6567 3799/23/6567 3801/24/6567
f 3807/22/6568 3799/23/6568 3798/24/6568
f 3799/22/6569 3807/23/6569 3801/24/6569
f 3813/22/6570 3807/23/6570 3798/24/6570
f 3813/22/6571 3798/23/6571 3804/24/6571
f 3801/22/6572 3807/23/6572 3811/24/6572
f 3810/22/6573 3813/23/6573 3804/24/6573
f 3802/22/6574 3862/23/6574 3809/24/6574
f 3813/22/6575 3810/23/6575 3815/24/6575
f 3812/22/6576 3816/23/6576 3785/24/6576
f 3813/22/6577 3814/23/6577 3807/24/6577
f 3824/22/6578 3809/23/6578 3862/24/6578
f 3786/22/6579 3817/23/6579 3812/24/6579
f 3817/22/6580 3816/23/6580 3812/24/6580
f 3813/22/6581 3815/23/6581 3814/24/6581
f 3811/22/6582 3807/23/6582 3818/24/6582
f 3821/22/6583 3811/23/6583 3818/24/6583
f 3818/22/6584 3807/23/6584 3825/24/6584
f 3862/22/6585 3821/23/6585 3824/24/6585
f 3822/22/6586 3816/23/6586 3817/24/6586
f 3816/22/6587 3822/23/6587 3639/24/6587
f 3817/22/6588 3819/23/6588 3822/24/6588
f 3821/22/6589 3818/23/6589 3830/24/6589
f 3830/22/6590 3818/23/6590 3825/24/6590
f 3815/22/6591 3826/23/6591 3814/24/6591
f 3758/22/6592 3873/23/6592 3755/24/6592
f 3826/22/6593 3825/23/6593 3814/24/6593
f 3822/22/6594 3827/23/6594 3639/24/6594
f 3820/22/6595 3826/23/6595 3815/24/6595
f 3809/22/6596 3823/23/6596 3848/24/6596
f 3823/22/6597 3867/23/6597 3836/24/6597
f 3831/22/6598 3822/23/6598 3819/24/6598
f 3825/22/6599 3833/23/6599 3830/24/6599
f 3827/22/6600 3644/23/6600 3642/24/6600
f 3822/22/6601 3832/23/6601 3827/24/6601
f 3830/22/6602 3833/23/6602 3835/24/6602
f 3840/22/6603 3833/23/6603 3826/24/6603
f 3833/22/6604 3840/23/6604 3835/24/6604
f 3827/22/6605 3832/23/6605 3644/24/6605
f 3828/22/6606 3790/23/6606 3834/24/6606
f 3831/22/6607 3832/23/6607 3822/24/6607
f 3788/22/6608 3832/23/6608 3831/24/6608
f 3838/22/6609 3840/23/6609 3826/24/6609
f 3837/22/6610 3823/23/6610 3836/24/6610
f 3829/22/6611 3842/23/6611 3836/24/6611
f 3839/22/6612 3842/23/6612 3829/24/6612
f 3832/22/6613 3841/23/6613 3644/24/6613
f 3644/22/6614 3789/23/6614 3647/24/6614
f 3823/22/6615 3837/23/6615 3843/24/6615
f 3644/22/6616 3841/23/6616 3789/24/6616
f 3832/22/6617 3788/23/6617 3841/24/6617
f 3647/22/6618 3789/23/6618 3645/24/6618
f 3847/22/6619 3839/23/6619 3835/24/6619
f 3834/22/6620 3792/23/6620 3793/24/6620
f 3841/22/6621 3844/23/6621 3789/24/6621
f 3842/22/6622 3850/23/6622 3837/24/6622
f 3846/22/6623 3847/23/6623 3840/24/6623
f 3841/22/6624 3796/23/6624 3844/24/6624
f 3839/22/6625 3847/23/6625 3845/24/6625
f 3848/22/6626 3843/23/6626 3849/24/6626
f 3847/22/6627 3851/23/6627 3845/24/6627
f 3850/22/6628 3855/23/6628 3837/24/6628
f 3852/22/6629 3795/23/6629 3844/24/6629
f 3853/22/6630 3845/23/6630 3851/24/6630
f 3845/22/6631 3853/23/6631 3850/24/6631
f 3854/22/6632 3851/23/6632 3847/24/6632
f 3856/22/6633 3850/23/6633 3853/24/6633
f 3855/22/6634 3856/23/6634 3858/24/6634
f 3858/22/6635 3863/23/6635 3849/24/6635
f 3848/22/6636 3849/23/6636 3857/24/6636
f 3859/22/6637 3856/23/6637 3853/24/6637
f 3801/22/6638 3811/23/6638 3852/24/6638
f 3857/22/6639 3861/23/6639 3848/24/6639
f 3851/22/6640 3859/23/6640 3853/24/6640
f 3860/22/6641 3859/23/6641 3851/24/6641
f 3852/22/6642 3811/23/6642 3862/24/6642
f 3854/22/6643 3860/23/6643 3851/24/6643
f 3864/22/6644 3856/23/6644 3859/24/6644
f 3863/22/6645 3865/23/6645 3857/24/6645
f 3866/22/6646 3861/23/6646 3857/24/6646
f 3857/22/6647 3865/23/6647 3866/24/6647
f 3856/22/6648 3869/23/6648 3863/24/6648
f 3859/22/6649 3868/23/6649 3864/24/6649
f 3860/22/6650 3868/23/6650 3859/24/6650
f 3870/22/6651 3868/23/6651 3860/24/6651
f 3863/22/6652 3869/23/6652 3731/24/6652
f 3868/22/6653 3871/23/6653 3864/24/6653
f 3864/22/6654 3871/23/6654 3869/24/6654
f 3869/22/6655 3871/23/6655 3732/24/6655
f 3907/22/6656 3733/23/6656 3868/24/6656
f 3731/22/6657 3732/23/6657 3735/24/6657
f 3871/22/6658 3872/23/6658 3732/24/6658
f 3733/22/6659 3739/23/6659 3871/24/6659
f 3871/22/6660 3739/23/6660 3872/24/6660
f 3732/22/6661 3872/23/6661 3736/24/6661
f 3732/22/6662 3736/23/6662 3735/24/6662
f 3736/22/6663 3738/23/6663 3735/24/6663
f 3907/22/6664 3739/23/6664 3733/24/6664
f 3861/22/6665 3734/23/6665 3737/24/6665
f 3872/22/6666 3743/23/6666 3736/24/6666
f 3739/22/6667 3743/23/6667 3872/24/6667
f 3702/22/6668 3861/23/6668 3737/24/6668
f 3742/22/6669 3738/23/6669 3747/24/6669
f 3747/22/6670 3738/23/6670 3743/24/6670
f 3736/22/6671 3743/23/6671 3738/24/6671
f 3741/22/6672 3742/23/6672 3752/24/6672
f 3746/22/6673 3747/23/6673 3743/24/6673
f 3702/22/6674 3737/23/6674 3744/24/6674
f 3759/22/6675 3702/23/6675 3744/24/6675
f 3756/22/6676 3752/23/6676 3753/24/6676
f 3746/22/6677 3753/23/6677 3747/24/6677
f 3751/22/6678 3753/23/6678 3746/24/6678
f 3765/22/6679 3767/23/6679 3702/24/6679
f 3754/22/6680 3759/23/6680 3748/24/6680
f 3752/22/6681 3756/23/6681 3748/24/6681
f 3753/22/6682 3751/23/6682 3761/24/6682
f 3748/22/6683 3756/23/6683 3766/24/6683
f 3762/22/6684 3773/23/6684 3763/24/6684
f 3774/22/6685 3773/23/6685 3762/24/6685
f 3766/22/6686 3761/23/6686 3764/24/6686
f 3756/22/6687 3761/23/6687 3766/24/6687
f 3763/22/6688 3773/23/6688 3768/24/6688
f 3763/22/6689 3759/23/6689 3762/24/6689
f 3762/22/6690 3759/23/6690 3754/24/6690
f 3765/22/6691 3759/23/6691 3763/24/6691
f 3748/22/6692 3766/23/6692 3754/24/6692
f 3770/22/6693 3764/23/6693 3761/24/6693
f 3766/22/6694 3764/23/6694 3769/24/6694
f 3768/22/6695 3765/23/6695 3763/24/6695
f 3770/22/6696 3769/23/6696 3764/24/6696
f 3766/22/6697 3772/23/6697 3762/24/6697
f 3769/22/6698 3772/23/6698 3766/24/6698
f 3769/22/6699 3770/23/6699 3772/24/6699
f 3803/22/6700 3780/23/6700 3778/24/6700
f 3770/22/6701 3775/23/6701 3772/24/6701
f 3975/22/6702 3780/23/6702 3974/24/6702
f 3974/22/6703 3780/23/6703 3803/24/6703
f 3772/22/6704 3775/23/6704 3776/24/6704
f 3805/22/6705 3784/23/6705 3749/24/6705
f 3772/22/6706 3776/23/6706 3774/24/6706
f 3777/22/6707 3773/23/6707 3774/24/6707
f 3777/22/6708 3774/23/6708 3776/24/6708
f 3805/22/6709 3786/23/6709 3784/24/6709
f 3780/22/6710 3776/23/6710 3775/24/6710
f 3776/22/6711 3780/23/6711 3781/24/6711
f 3784/22/6712 3812/23/6712 3785/24/6712
f 3776/22/6713 3781/23/6713 3777/24/6713
f 3624/22/6714 3785/23/6714 3808/24/6714
f 3784/22/6715 3786/23/6715 3812/24/6715
f 3768/22/6716 3779/23/6716 3972/24/6716
f 3785/22/6717 3816/23/6717 3808/24/6717
f 3792/22/6718 3798/23/6718 3793/24/6718
f 3804/22/6719 3798/23/6719 3792/24/6719
f 3786/22/6720 3757/23/6720 3828/24/6720
f 3825/22/6721 3807/23/6721 3814/24/6721
f 3817/22/6722 3786/23/6722 3819/24/6722
f 3816/22/6723 3639/23/6723 3808/24/6723
f 3809/22/6724 3824/23/6724 3823/24/6724
f 3786/22/6725 3828/23/6725 3819/24/6725
f 3824/22/6726 3867/23/6726 3823/24/6726
f 3830/22/6727 3829/23/6727 3821/24/6727
f 3821/22/6728 3829/23/6728 3867/24/6728
f 3639/22/6729 3827/23/6729 3642/24/6729
f 3825/22/6730 3826/23/6730 3833/24/6730
f 3755/22/6731 3873/23/6731 3828/24/6731
f 3834/22/6732 3819/23/6732 3828/24/6732
f 3834/22/6733 3831/23/6733 3819/24/6733
f 3830/22/6734 3839/23/6734 3829/24/6734
f 3873/22/6735 3790/23/6735 3828/24/6735
f 3834/22/6736 3788/23/6736 3831/24/6736
f 3787/22/6737 3790/23/6737 3873/24/6737
f 3847/22/6738 3835/23/6738 3840/24/6738
f 3848/22/6739 3823/23/6739 3843/24/6739
f 3788/22/6740 3834/23/6740 3793/24/6740
f 3842/22/6741 3845/23/6741 3850/24/6741
f 3791/22/6742 3790/23/6742 3787/24/6742
f 3793/22/6743 3797/23/6743 3788/24/6743
f 3855/22/6744 3843/23/6744 3837/24/6744
f 3843/22/6745 3855/23/6745 3849/24/6745
f 3794/22/6746 3792/23/6746 3791/24/6746
f 3795/22/6747 3646/23/6747 3645/24/6747
f 3856/22/6748 3855/23/6748 3850/24/6748
f 3798/22/6749 3797/23/6749 3793/24/6749
f 3863/22/6750 3857/23/6750 3849/24/6750
f 3795/22/6751 3789/23/6751 3844/24/6751
f 3797/22/6752 3799/23/6752 3796/24/6752
f 3794/22/6753 3804/23/6753 3792/24/6753
f 3800/22/6754 3804/23/6754 3794/24/6754
f 3863/22/6755 3858/23/6755 3856/24/6755
f 3856/22/6756 3864/23/6756 3869/24/6756
f 3801/22/6757 3844/23/6757 3796/24/6757
f 3733/22/6758 3871/23/6758 3868/24/6758
f 3852/22/6759 3802/23/6759 3795/24/6759
f 3735/22/6760 3734/23/6760 3731/24/6760
f 3806/22/6761 3804/23/6761 3800/24/6761
f 3844/22/6762 3801/23/6762 3852/24/6762
f 3743/22/6763 3739/23/6763 3746/24/6763
f 3752/22/6764 3742/23/6764 3747/24/6764
f 3852/22/6765 3862/23/6765 3802/24/6765
f 3830/22/6766 3835/23/6766 3839/24/6766
f 3806/22/6767 3810/23/6767 3804/24/6767
f 3862/22/6768 3811/23/6768 3821/24/6768
f 3820/22/6769 3815/23/6769 3810/24/6769
f 3824/22/6770 3821/23/6770 3867/24/6770
f 3867/22/6771 3829/23/6771 3836/24/6771
f 3838/22/6772 3826/23/6772 3820/24/6772
f 3836/22/6773 3842/23/6773 3837/24/6773
f 3846/22/6774 3840/23/6774 3838/24/6774
f 3839/22/6775 3845/23/6775 3842/24/6775
f 3854/22/6776 3847/23/6776 3846/24/6776
f 3855/22/6777 3858/23/6777 3849/24/6777
f 3870/22/6778 3860/23/6778 3854/24/6778
f 3865/22/6779 3863/23/6779 3731/24/6779
f 3734/22/6780 3866/23/6780 3731/24/6780
f 3866/22/6781 3865/23/6781 3731/24/6781
f 3732/22/6782 3731/23/6782 3869/24/6782
f 3907/22/6783 3868/23/6783 3870/24/6783
f 3866/22/6784 3734/23/6784 3861/24/6784
f 3891/22/6785 3892/23/6785 3884/24/6785
f 3879/22/6786 3961/23/6786 3874/24/6786
f 3878/22/6787 3876/23/6787 3875/24/6787
f 3884/22/6788 3879/23/6788 3874/24/6788
f 3884/22/6789 3874/23/6789 3967/24/6789
f 3886/22/6790 3896/23/6790 3880/24/6790
f 3886/22/6791 3887/23/6791 3896/24/6791
f 3881/22/6792 3884/23/6792 3967/24/6792
f 3882/22/6793 3881/23/6793 3967/24/6793
f 3878/22/6794 3883/23/6794 3876/24/6794
f 3882/22/6795 3967/23/6795 3965/24/6795
f 3886/22/6796 3965/23/6796 3885/24/6796
f 3886/22/6797 3882/23/6797 3965/24/6797
f 3887/22/6798 3886/23/6798 3885/24/6798
f 3878/22/6799 3885/23/6799 3968/24/6799
f 3878/22/6800 3968/23/6800 3970/24/6800
f 3878/22/6801 3887/23/6801 3885/24/6801
f 3891/22/6802 3890/23/6802 3888/24/6802
f 3883/22/6803 3878/23/6803 3970/24/6803
f 3883/22/6804 3970/23/6804 3971/24/6804
f 3894/22/6805 3883/23/6805 3971/24/6805
f 3971/22/6806 3877/23/6806 3894/24/6806
f 3888/22/6807 3889/23/6807 3552/24/6807
f 3892/22/6808 3552/23/6808 3546/24/6808
f 3881/22/6809 3890/23/6809 3891/24/6809
f 3879/22/6810 3892/23/6810 3546/24/6810
f 3884/22/6811 3881/23/6811 3891/24/6811
f 3882/22/6812 3890/23/6812 3881/24/6812
f 3888/22/6813 3552/23/6813 3892/24/6813
f 3894/22/6814 3877/23/6814 3876/24/6814
f 3894/22/6815 3876/23/6815 3883/24/6815
f 3882/22/6816 3886/23/6816 3880/24/6816
f 3890/22/6817 3889/23/6817 3888/24/6817
f 3890/22/6818 3893/23/6818 3889/24/6818
f 3880/22/6819 3893/23/6819 3890/24/6819
f 3895/22/6820 3893/23/6820 3880/24/6820
f 3890/22/6821 3882/23/6821 3880/24/6821
f 3878/22/6822 3896/23/6822 3887/24/6822
f 3878/22/6823 3875/23/6823 3896/24/6823
f 3896/22/6824 3895/23/6824 3880/24/6824
f 3884/22/6825 3892/23/6825 3879/24/6825
f 3875/22/6826 3895/23/6826 3896/24/6826
f 3892/22/6827 3891/23/6827 3888/24/6827
f 3879/22/6828 3546/23/6828 3544/24/6828
f 3879/22/6829 3544/23/6829 3961/24/6829
f 3971/22/6830 3899/23/6830 3877/24/6830
f 3899/22/6831 3897/23/6831 3877/24/6831
f 3897/22/6832 3899/23/6832 3900/24/6832
f 3898/22/6833 3900/23/6833 3924/24/6833
f 3900/22/6834 3898/23/6834 3897/24/6834
f 3924/22/6835 3918/23/6835 3898/24/6835
f 3926/22/6836 3934/23/6836 3903/24/6836
f 3901/22/6837 3778/23/6837 3925/24/6837
f 3907/22/6838 3905/23/6838 3904/24/6838
f 3907/22/6839 3904/23/6839 3906/24/6839
f 3906/22/6840 4238/23/6840 3908/24/6840
f 3910/22/6841 3908/23/6841 4242/24/6841
f 3915/22/6842 3906/23/6842 3908/24/6842
f 3914/22/6843 3912/23/6843 3913/24/6843
f 3914/22/6844 3911/23/6844 3912/24/6844
f 3909/22/6845 3901/23/6845 3931/24/6845
f 3915/22/6846 3908/23/6846 3910/24/6846
f 3914/22/6847 3910/23/6847 3911/24/6847
f 3926/22/6848 3903/23/6848 3917/24/6848
f 3916/22/6849 3914/23/6849 3913/24/6849
f 3918/22/6850 3931/23/6850 3926/24/6850
f 3914/22/6851 3915/23/6851 3910/24/6851
f 3902/22/6852 3901/23/6852 3909/24/6852
f 3918/22/6853 3926/23/6853 3917/24/6853
f 3919/22/6854 3916/23/6854 3920/24/6854
f 3918/22/6855 3909/23/6855 3931/24/6855
f 3919/22/6856 3914/23/6856 3916/24/6856
f 3919/22/6857 3920/23/6857 3921/24/6857
f 3922/22/6858 3919/23/6858 3921/24/6858
f 3923/22/6859 3902/23/6859 3924/24/6859
f 3924/22/6860 3902/23/6860 3909/24/6860
f 3926/22/6861 3919/23/6861 3922/24/6861
f 3925/22/6862 3914/23/6862 3919/24/6862
f 3926/22/6863 3922/23/6863 3927/24/6863
f 3906/22/6864 3740/23/6864 3907/24/6864
f 3906/22/6865 3745/23/6865 3740/24/6865
f 3918/22/6866 3917/23/6866 4042/24/6866
f 3925/22/6867 3919/23/6867 3926/24/6867
f 3926/22/6868 3927/23/6868 3928/24/6868
f 3909/22/6869 3918/23/6869 3924/24/6869
f 3900/22/6870 3923/23/6870 3924/24/6870
f 3915/22/6871 3745/23/6871 3906/24/6871
f 3750/22/6872 3745/23/6872 3915/24/6872
f 3771/22/6873 3760/23/6873 3914/24/6873
f 3902/22/6874 3932/23/6874 3901/24/6874
f 3926/22/6875 3928/23/6875 3933/24/6875
f 3915/22/6876 3760/23/6876 3750/24/6876
f 3914/22/6877 3760/23/6877 3915/24/6877
f 3925/22/6878 3771/23/6878 3914/24/6878
f 3932/22/6879 3778/23/6879 3901/24/6879
f 3803/22/6880 3778/23/6880 3932/24/6880
f 3932/22/6881 3902/23/6881 3923/24/6881
f 3901/22/6882 3925/23/6882 3926/24/6882
f 3901/22/6883 3926/23/6883 3931/24/6883
f 3926/22/6884 3933/23/6884 3934/24/6884
f 3899/22/6885 3935/23/6885 3930/24/6885
f 3899/22/6886 3971/23/6886 3935/24/6886
f 3778/22/6887 3771/23/6887 3925/24/6887
f 3923/22/6888 3900/23/6888 3929/24/6888
f 3900/22/6889 3899/23/6889 3929/24/6889
f 3929/22/6890 3932/23/6890 3923/24/6890
f 3930/22/6891 3929/23/6891 3899/24/6891
f 3905/22/6892 3870/23/6892 3936/24/6892
f 3907/22/6893 3870/23/6893 3905/24/6893
f 3870/22/6894 3854/23/6894 3936/24/6894
f 3854/22/6895 3937/23/6895 3936/24/6895
f 3854/22/6896 3938/23/6896 3937/24/6896
f 3854/22/6897 3846/23/6897 3938/24/6897
f 3938/22/6898 3846/23/6898 4234/24/6898
f 4234/22/6899 3846/23/6899 3838/24/6899
f 4234/22/6900 3838/23/6900 3940/24/6900
f 3939/22/6901 3838/23/6901 3820/24/6901
f 3940/22/6902 3838/23/6902 3939/24/6902
f 3947/22/6903 3944/23/6903 3943/24/6903
f 4226/22/6904 3948/23/6904 3944/24/6904
f 3942/22/6905 3873/23/6905 3758/24/6905
f 3946/22/6906 3800/23/6906 3794/24/6906
f 3948/22/6907 3945/23/6907 3941/24/6907
f 4229/22/6908 3947/23/6908 3943/24/6908
f 3943/22/6909 4107/23/6909 4229/24/6909
f 3946/22/6910 3794/23/6910 3791/24/6910
f 3941/22/6911 3810/23/6911 3806/24/6911
f 3949/22/6912 4226/23/6912 3944/24/6912
f 3942/22/6913 3950/23/6913 3943/24/6913
f 3942/22/6914 3758/23/6914 3950/24/6914
f 3810/22/6915 3941/23/6915 3939/24/6915
f 3939/22/6916 3820/23/6916 3810/24/6916
f 3944/22/6917 3941/23/6917 3946/24/6917
f 3944/22/6918 3948/23/6918 3941/24/6918
f 3943/22/6919 3944/23/6919 3942/24/6919
f 3946/22/6920 3791/23/6920 3787/24/6920
f 3952/22/6921 3949/23/6921 3944/24/6921
f 3942/22/6922 3946/23/6922 3787/24/6922
f 3941/22/6923 3951/23/6923 3939/24/6923
f 4230/22/6924 3952/23/6924 3944/24/6924
f 3942/22/6925 3787/23/6925 3873/24/6925
f 3942/22/6926 3944/23/6926 3946/24/6926
f 3941/22/6927 3945/23/6927 3951/24/6927
f 3947/22/6928 4230/23/6928 3944/24/6928
f 3946/22/6929 3806/23/6929 3800/24/6929
f 3946/22/6930 3941/23/6930 3806/24/6930
f 3953/22/6931 3956/23/6931 4027/24/6931
f 3954/22/6932 3956/23/6932 3957/24/6932
f 3958/22/6933 3960/23/6933 3955/24/6933
f 3958/22/6934 3955/23/6934 3954/24/6934
f 3953/22/6935 3930/23/6935 3935/24/6935
f 3958/22/6936 3954/23/6936 3957/24/6936
f 3953/22/6937 3957/23/6937 3956/24/6937
f 3966/22/6938 3962/23/6938 4020/24/6938
f 3966/22/6939 3964/23/6939 3967/24/6939
f 3966/22/6940 3874/23/6940 3962/24/6940
f 3968/22/6941 3958/23/6941 3957/24/6941
f 3969/22/6942 3957/23/6942 3953/24/6942
f 3967/22/6943 3874/23/6943 3966/24/6943
f 3935/22/6944 3969/23/6944 3953/24/6944
f 3965/22/6945 3967/23/6945 3964/24/6945
f 3885/22/6946 3965/23/6946 4022/24/6946
f 3970/22/6947 3968/23/6947 3969/24/6947
f 3969/22/6948 3935/23/6948 3971/24/6948
f 3971/22/6949 3970/23/6949 3969/24/6949
f 3605/22/6950 3602/23/6950 3973/24/6950
f 3976/22/6951 3973/23/6951 3972/24/6951
f 3783/22/6952 3781/23/6952 3975/24/6952
f 3978/22/6953 3783/23/6953 3975/24/6953
f 3978/22/6954 3976/23/6954 3783/24/6954
f 3974/22/6955 3803/23/6955 3932/24/6955
f 3973/22/6956 3976/23/6956 3979/24/6956
f 3980/22/6957 3606/23/6957 3977/24/6957
f 3975/22/6958 3982/23/6958 3978/24/6958
f 3979/22/6959 3977/23/6959 3973/24/6959
f 3979/22/6960 3981/23/6960 3977/24/6960
f 3980/22/6961 3608/23/6961 3606/24/6961
f 3978/22/6962 3982/23/6962 4021/24/6962
f 3984/22/6963 3608/23/6963 3980/24/6963
f 3984/22/6964 3611/23/6964 3608/24/6964
f 3983/22/6965 3981/23/6965 3979/24/6965
f 3985/22/6966 3974/23/6966 3932/24/6966
f 3987/22/6967 3982/23/6967 3985/24/6967
f 3984/22/6968 3613/23/6968 3611/24/6968
f 3985/22/6969 3932/23/6969 3929/24/6969
f 3989/22/6970 3984/23/6970 3986/24/6970
f 3989/22/6971 3613/23/6971 3984/24/6971
f 3989/22/6972 3986/23/6972 3990/24/6972
f 3614/22/6973 3613/23/6973 3989/24/6973
f 3987/22/6974 3985/23/6974 3998/24/6974
f 3991/22/6975 3614/23/6975 3989/24/6975
f 3993/22/6976 3988/23/6976 4025/24/6976
f 3992/22/6977 3593/23/6977 3616/24/6977
f 4027/22/6978 3985/23/6978 3929/24/6978
f 4027/22/6979 3929/23/6979 3930/24/6979
f 3993/22/6980 4025/23/6980 3995/24/6980
f 3997/22/6981 3616/23/6981 3615/24/6981
f 3997/22/6982 3615/23/6982 3991/24/6982
f 3593/22/6983 3996/23/6983 3595/24/6983
f 3999/22/6984 3532/23/6984 3595/24/6984
f 4000/22/6985 3994/23/6985 3993/24/6985
f 4004/22/6986 3995/23/6986 4005/24/6986
f 4004/22/6987 3993/23/6987 3995/24/6987
f 4004/22/6988 4001/23/6988 4000/24/6988
f 4004/22/6989 4000/23/6989 3993/24/6989
f 4007/22/6990 3998/23/6990 4027/24/6990
f 4006/22/6991 4019/23/6991 3543/24/6991
f 4008/22/6992 4002/23/6992 4009/24/6992
f 4001/22/6993 4009/23/6993 4002/24/6993
f 4001/22/6994 4004/23/6994 4005/24/6994
f 4010/22/6995 3999/23/6995 3996/24/6995
f 4011/22/6996 4009/23/6996 4001/24/6996
f 4001/22/6997 4005/23/6997 3955/24/6997
f 4011/22/6998 4001/23/6998 3955/24/6998
f 4013/22/6999 4010/23/6999 4012/24/6999
f 4012/22/7000 4009/23/7000 4014/24/7000
f 3874/22/7001 3961/23/7001 3962/24/7001
f 4011/22/7002 4014/23/7002 4009/24/7002
f 3960/22/7003 4014/23/7003 4011/24/7003
f 3960/22/7004 4011/23/7004 3955/24/7004
f 4014/22/7005 4015/23/7005 4012/24/7005
f 3602/22/7006 3612/23/7006 3782/24/7006
f 3976/22/7007 3972/23/7007 3779/24/7007
f 3973/22/7008 3602/23/7008 3782/24/7008
f 3972/22/7009 3973/23/7009 3782/24/7009
f 4018/22/7010 4015/23/7010 4014/24/7010
f 4018/22/7011 4014/23/7011 3960/24/7011
f 3783/22/7012 3976/23/7012 3779/24/7012
f 4019/22/7013 3961/23/7013 3544/24/7013
f 4020/22/7014 3962/23/7014 3959/24/7014
f 3976/22/7015 3978/23/7015 4021/24/7015
f 4018/22/7016 4022/23/7016 3963/24/7016
f 3979/22/7017 3976/23/7017 4021/24/7017
f 4022/22/7018 3960/23/7018 3958/24/7018
f 4022/22/7019 4018/23/7019 3960/24/7019
f 3968/22/7020 4022/23/7020 3958/24/7020
f 4022/22/7021 3965/23/7021 3963/24/7021
f 3969/22/7022 3968/23/7022 3957/24/7022
f 3983/22/7023 3979/23/7023 4021/24/7023
f 3885/22/7024 4022/23/7024 3968/24/7024
f 4021/22/7025 3982/23/7025 3987/24/7025
f 3977/22/7026 3605/23/7026 3973/24/7026
f 3977/22/7027 3606/23/7027 3605/24/7027
f 3975/22/7028 3985/23/7028 3982/24/7028
f 3975/22/7029 3974/23/7029 3985/24/7029
f 3980/22/7030 3977/23/7030 3981/24/7030
f 3984/22/7031 3980/23/7031 3981/24/7031
f 3984/22/7032 3981/23/7032 3986/24/7032
f 3983/22/7033 3986/23/7033 3981/24/7033
f 3983/22/7034 4021/23/7034 4023/24/7034
f 3989/22/7035 3990/23/7035 3991/24/7035
f 3991/22/7036 3615/23/7036 3614/24/7036
f 4000/22/7037 3991/23/7037 3994/24/7037
f 3997/22/7038 3991/23/7038 4000/24/7038
f 4003/22/7039 3616/23/7039 3997/24/7039
f 3992/22/7040 3616/23/7040 4003/24/7040
f 4023/22/7041 4021/23/7041 3987/24/7041
f 4024/22/7042 4003/23/7042 3997/24/7042
f 4000/22/7043 4024/23/7043 3997/24/7043
f 4023/22/7044 3988/23/7044 3983/24/7044
f 3988/22/7045 3986/23/7045 3983/24/7045
f 4024/22/7046 4000/23/7046 4002/24/7046
f 3996/22/7047 3593/23/7047 3992/24/7047
f 3996/22/7048 3992/23/7048 4003/24/7048
f 4024/22/7049 4008/23/7049 4003/24/7049
f 4025/22/7050 3988/23/7050 4023/24/7050
f 4008/22/7051 4024/23/7051 4002/24/7051
f 4008/22/7052 3996/23/7052 4003/24/7052
f 3988/22/7053 3990/23/7053 3986/24/7053
f 3999/22/7054 3595/23/7054 3996/24/7054
f 4026/22/7055 4023/23/7055 3987/24/7055
f 4010/22/7056 4008/23/7056 4009/24/7056
f 4010/22/7057 3996/23/7057 4008/24/7057
f 4027/22/7058 3998/23/7058 3985/24/7058
f 4026/22/7059 4025/23/7059 4023/24/7059
f 4010/22/7060 4009/23/7060 4012/24/7060
f 3994/22/7061 3991/23/7061 3990/24/7061
f 4010/22/7062 4013/23/7062 3999/24/7062
f 4026/22/7063 3987/23/7063 3998/24/7063
f 4006/22/7064 3532/23/7064 3999/24/7064
f 3993/22/7065 3994/23/7065 3990/24/7065
f 3993/22/7066 3990/23/7066 3988/24/7066
f 3995/22/7067 4025/23/7067 4026/24/7067
f 4013/22/7068 4012/23/7068 4016/24/7068
f 4012/22/7069 4015/23/7069 4016/24/7069
f 4013/22/7070 4016/23/7070 4006/24/7070
f 3959/22/7071 4019/23/7071 4006/24/7071
f 4016/22/7072 3959/23/7072 4006/24/7072
f 4020/22/7073 3959/23/7073 4016/24/7073
f 4015/22/7074 4018/23/7074 3963/24/7074
f 4015/22/7075 3963/23/7075 4017/24/7075
f 4026/22/7076 3998/23/7076 4007/24/7076
f 3961/22/7077 3959/23/7077 3962/24/7077
f 3961/22/7078 4019/23/7078 3959/24/7078
f 3963/22/7079 3964/23/7079 4017/24/7079
f 3963/22/7080 3965/23/7080 3964/24/7080
f 3964/22/7081 3966/23/7081 4020/24/7081
f 3964/22/7082 4020/23/7082 4017/24/7082
f 4005/22/7083 3995/23/7083 4026/24/7083
f 4001/22/7084 4002/23/7084 4000/24/7084
f 4013/22/7085 4006/23/7085 3999/24/7085
f 4016/22/7086 4017/23/7086 4020/24/7086
f 4016/22/7087 4015/23/7087 4017/24/7087
f 4007/22/7088 4005/23/7088 4026/24/7088
f 3956/22/7089 4007/23/7089 4027/24/7089
f 4005/22/7090 4007/23/7090 3954/24/7090
f 3953/22/7091 4027/23/7091 3930/24/7091
f 3955/22/7092 4005/23/7092 3954/24/7092
f 3954/22/7093 4007/23/7093 3956/24/7093
f 4029/22/7094 3757/23/7094 4028/24/7094
f 4029/22/7095 3755/23/7095 3757/24/7095
f 3755/22/7096 4029/23/7096 3950/24/7096
f 3786/22/7097 4028/23/7097 3757/24/7097
f 3805/22/7098 4028/23/7098 3786/24/7098
f 3950/22/7099 3758/23/7099 3755/24/7099
f 3710/22/7100 3711/23/7100 3749/24/7100
f 3805/22/7101 3749/23/7101 3711/24/7101
f 3545/22/7102 4030/23/7102 3542/24/7102
f 4031/22/7103 4030/23/7103 3545/24/7103
f 4031/22/7104 4032/23/7104 4030/24/7104
f 4033/22/7105 4032/23/7105 4031/24/7105
f 4033/22/7106 4034/23/7106 4032/24/7106
f 4035/22/7107 4034/23/7107 4033/24/7107
f 4035/22/7108 4036/23/7108 4034/24/7108
f 4037/22/7109 4036/23/7109 4035/24/7109
f 4038/22/7110 4037/23/7110 4035/24/7110
f 4039/22/7111 4037/23/7111 4038/24/7111
f 4040/22/7112 4037/23/7112 4039/24/7112
f 4041/22/7113 4040/23/7113 4039/24/7113
f 3889/22/7114 3893/23/7114 4031/24/7114
f 3876/22/7115 3877/23/7115 4035/24/7115
f 3889/22/7114 4031/23/7114 3545/24/7114
f 3875/22/7116 4035/23/7116 4033/24/7116
f 3875/22/7117 3876/23/7117 4035/24/7117
f 3895/22/7118 3875/23/7118 4033/24/7118
f 3918/22/7119 4042/23/7119 4041/24/7119
f 4039/22/7120 3918/23/7120 4041/24/7120
f 3898/22/7121 3918/23/7121 4039/24/7121
f 3893/22/7114 4033/23/7114 4031/24/7114
f 3893/22/7122 3895/23/7122 4033/24/7122
f 4038/22/7114 3897/23/7114 3898/24/7114
f 4038/22/7114 3898/23/7114 4039/24/7114
f 3877/22/7114 3897/23/7114 4038/24/7114
f 4035/22/7114 3877/23/7114 4038/24/7114
f 4245/22/7123 4046/23/7123 4047/24/7123
f 4043/22/7124 4046/23/7124 4245/24/7124
f 4044/22/7125 4045/23/7125 4237/24/7125
f 4047/22/7126 4048/23/7126 4246/24/7126
f 4046/22/7127 4048/23/7127 4047/24/7127
f 4237/22/7128 4221/23/7128 4049/24/7128
f 4045/22/7129 4221/23/7129 4237/24/7129
f 4246/22/7130 4048/23/7130 4250/24/7130
f 4221/22/7131 4223/23/7131 4049/24/7131
f 4048/22/7132 4196/23/7132 4250/24/7132
f 4049/22/7133 4197/23/7133 4050/24/7133
f 4223/22/7134 4197/23/7134 4049/24/7134
f 4250/22/7135 4051/23/7135 4052/24/7135
f 4050/22/7136 4197/23/7136 4241/24/7136
f 4196/22/7137 4051/23/7137 4250/24/7137
f 4052/22/7138 4051/23/7138 4053/24/7138
f 4241/22/7139 4206/23/7139 4243/24/7139
f 4197/22/7140 4206/23/7140 4241/24/7140
f 4053/22/7141 4054/23/7141 4236/24/7141
f 4051/22/7142 4054/23/7142 4053/24/7142
f 4243/22/7143 4206/23/7143 4055/24/7143
f 4206/22/7144 4198/23/7144 4055/24/7144
f 4236/22/7145 4041/23/7145 4042/24/7145
f 4055/22/7146 4198/23/7146 4239/24/7146
f 4054/22/7147 4056/23/7147 4236/24/7147
f 4236/22/7148 4056/23/7148 4041/24/7148
f 4198/22/7149 4057/23/7149 4239/24/7149
f 4239/22/7150 4057/23/7150 4058/24/7150
f 4041/22/7151 4056/23/7151 4040/24/7151
f 4058/22/7152 4057/23/7152 4240/24/7152
f 4057/22/7153 4207/23/7153 4240/24/7153
f 4207/22/7154 4059/23/7154 4240/24/7154
f 4240/22/7155 4059/23/7155 4060/24/7155
f 4060/22/7156 4059/23/7156 4249/24/7156
f 4059/22/7157 4210/23/7157 4249/24/7157
f 4210/22/7158 4245/23/7158 4249/24/7158
f 4210/22/7159 4043/23/7159 4245/24/7159
f 4044/22/7160 4061/23/7160 4045/24/7160
f 4044/22/7161 4062/23/7161 4061/24/7161
f 4062/22/7162 4188/23/7162 4061/24/7162
f 4062/22/7163 4235/23/7163 4188/24/7163
f 4235/22/7164 4063/23/7164 4188/24/7164
f 4235/22/7165 4064/23/7165 4063/24/7165
f 4063/22/7166 4065/23/7166 4066/24/7166
f 4064/22/7167 4065/23/7167 4063/24/7167
f 4066/22/7168 4233/23/7168 4067/24/7168
f 4065/22/7169 4233/23/7169 4066/24/7169
f 4070/22/7170 4071/23/7170 4072/24/7170
f 4068/22/7171 4169/23/7171 4069/24/7171
f 4069/22/7172 4169/23/7172 4073/24/7172
f 4070/22/7173 4179/23/7173 4071/24/7173
f 4179/22/7174 4074/23/7174 4071/24/7174
f 4179/22/7175 4075/23/7175 4074/24/7175
f 4075/22/7176 4177/23/7176 4074/24/7176
f 4169/22/7177 4067/23/7177 4073/24/7177
f 4073/22/7178 4067/23/7178 4233/24/7178
f 4177/22/7179 4076/23/7179 4074/24/7179
f 4177/22/7180 4077/23/7180 4076/24/7180
f 4177/22/7181 4078/23/7181 4077/24/7181
f 4078/22/7182 4228/23/7182 4077/24/7182
f 4078/22/7183 4174/23/7183 4228/24/7183
f 4174/22/7184 4079/23/7184 4228/24/7184
f 4174/22/7185 4080/23/7185 4079/24/7185
f 4174/22/7186 4175/23/7186 4080/24/7186
f 4080/22/7187 4082/23/7187 4081/24/7187
f 4175/22/7188 4082/23/7188 4080/24/7188
f 4081/22/7189 4082/23/7189 4083/24/7189
f 4082/22/7190 4173/23/7190 4083/24/7190
f 4173/22/7191 4084/23/7191 4083/24/7191
f 4083/22/7192 4084/23/7192 4085/24/7192
f 4084/22/7193 4068/23/7193 4085/24/7193
f 4085/22/7194 4068/23/7194 4069/24/7194
f 4029/22/7114 4109/23/7114 3950/24/7114
f 4029/22/7114 4086/23/7114 4109/24/7114
f 4090/22/7195 4721/23/7195 4089/24/7195
f 4090/22/7114 4089/23/7114 4088/24/7114
f 3711/22/7196 3675/23/7196 4087/24/7196
f 4091/22/7195 4721/23/7195 4090/24/7195
f 4092/22/7114 4091/23/7114 4090/24/7114
f 4093/22/7114 4091/23/7114 4092/24/7114
f 4094/22/7114 4093/23/7114 4092/24/7114
f 4095/22/7114 4093/23/7114 4094/24/7114
f 4028/22/7114 4086/23/7114 4029/24/7114
f 4028/22/7114 4096/23/7114 4086/24/7114
f 4097/22/7114 4095/23/7114 4094/24/7114
f 3805/22/7197 3711/23/7197 4087/24/7197
f 3805/22/7198 4087/23/7198 4096/24/7198
f 3805/22/7199 4096/23/7199 4028/24/7199
f 4098/22/7114 4095/23/7114 4097/24/7114
f 4099/22/7114 4098/23/7114 4097/24/7114
f 4396/22/7200 4098/23/7200 4099/24/7200
f 4396/22/7201 4099/23/7201 4100/24/7201
f 4101/22/7202 4396/23/7202 4100/24/7202
f 4102/22/7114 4101/23/7114 4100/24/7114
f 4103/22/7114 4101/23/7114 4102/24/7114
f 4103/22/7114 4102/23/7114 4104/24/7114
f 3655/22/7114 4103/23/7114 4104/24/7114
f 4105/22/7114 3655/23/7114 4104/24/7114
f 3633/22/7203 3655/23/7203 4105/24/7203
f 3633/22/7204 4105/23/7204 4106/24/7204
f 4108/22/7205 4071/23/7205 4107/24/7205
f 3943/22/7205 4108/23/7205 4107/24/7205
f 3675/22/7206 3633/23/7206 4106/24/7206
f 4087/22/7207 3675/23/7207 4106/24/7207
f 3950/22/7205 4108/23/7205 3943/24/7205
f 3950/22/7114 4109/23/7114 4108/24/7114
f 4110/22/7208 4111/23/7208 4109/24/7208
f 4086/22/7209 4110/23/7209 4109/24/7209
f 4096/22/7210 4112/23/7210 4110/24/7210
f 4096/22/7211 4110/23/7211 4086/24/7211
f 4087/22/7212 4113/23/7212 4112/24/7212
f 4087/22/7213 4112/23/7213 4096/24/7213
f 4087/22/7214 4114/23/7214 4113/24/7214
f 4106/22/7215 4114/23/7215 4087/24/7215
f 4106/22/7216 4115/23/7216 4114/24/7216
f 4105/22/7217 4115/23/7217 4106/24/7217
f 4105/22/7218 4116/23/7218 4115/24/7218
f 4104/22/7219 4116/23/7219 4105/24/7219
f 4108/22/7220 4072/23/7220 4117/24/7220
f 4108/22/7221 4111/23/7221 4072/24/7221
f 4109/22/7222 4111/23/7222 4108/24/7222
f 4117/22/7223 4072/23/7223 4071/24/7223
f 4067/22/7224 4169/23/7224 4162/24/7224
f 4162/22/7225 4169/23/7225 4170/24/7225
f 4162/22/7226 4170/23/7226 4171/24/7226
f 4068/22/7227 4170/23/7227 4169/24/7227
f 4171/22/7228 4170/23/7228 4068/24/7228
f 4171/22/7229 4068/23/7229 4160/24/7229
f 4068/22/7230 4084/23/7230 4160/24/7230
f 4154/22/7231 4082/23/7231 4152/24/7231
f 4173/22/7232 4082/23/7232 4154/24/7232
f 4175/22/7233 4174/23/7233 4150/24/7233
f 4082/22/7234 4175/23/7234 4152/24/7234
f 4152/22/7235 4175/23/7235 4150/24/7235
f 4162/22/7236 4176/23/7236 4067/24/7236
f 4178/22/7237 4147/23/7237 4177/24/7237
f 4162/22/7238 4171/23/7238 4160/24/7238
f 4144/22/7239 4146/23/7239 4075/24/7239
f 4075/22/7240 4146/23/7240 4177/24/7240
f 4160/22/7241 4172/23/7241 4154/24/7241
f 4154/22/7242 4172/23/7242 4173/24/7242
f 4160/22/7243 4084/23/7243 4172/24/7243
f 4084/22/7244 4173/23/7244 4172/24/7244
f 4178/22/7245 4177/23/7245 4146/24/7245
f 4179/22/7246 4144/23/7246 4075/24/7246
f 4179/22/7247 4143/23/7247 4144/24/7247
f 4070/22/7248 4143/23/7248 4179/24/7248
f 4183/22/7249 4193/23/7249 4045/24/7249
f 4066/22/7250 4186/23/7250 4185/24/7250
f 4188/22/7251 4187/23/7251 4061/24/7251
f 4061/22/7252 4187/23/7252 4123/24/7252
f 4181/22/7253 4189/23/7253 4186/24/7253
f 4162/22/7254 4189/23/7254 4176/24/7254
f 4191/22/7255 4190/23/7255 4120/24/7255
f 4063/22/7256 4191/23/7256 4188/24/7256
f 4176/22/7257 4189/23/7257 4067/24/7257
f 4189/22/7258 4181/23/7258 4067/24/7258
f 4067/22/7259 4181/23/7259 4066/24/7259
f 4063/22/7260 4192/23/7260 4191/24/7260
f 4131/22/7261 4193/23/7261 4183/24/7261
f 4185/22/7262 4180/23/7262 4063/24/7262
f 4194/22/7263 4182/23/7263 4166/24/7263
f 4061/22/7264 4183/23/7264 4045/24/7264
f 4188/22/7265 4120/23/7265 4187/24/7265
f 4183/22/7266 4184/23/7266 4123/24/7266
f 4180/22/7267 4185/23/7267 4182/24/7267
f 4194/22/7268 4192/23/7268 4063/24/7268
f 4181/22/7269 4186/23/7269 4066/24/7269
f 4182/22/7270 4186/23/7270 4166/24/7270
f 4185/22/7271 4186/23/7271 4182/24/7271
f 4186/22/7272 4189/23/7272 4166/24/7272
f 4123/22/7273 4187/23/7273 4120/24/7273
f 4061/22/7274 4184/23/7274 4183/24/7274
f 4184/22/7275 4061/23/7275 4123/24/7275
f 4120/22/7276 4190/23/7276 4194/24/7276
f 4120/22/7277 4188/23/7277 4191/24/7277
f 4066/22/7278 4185/23/7278 4063/24/7278
f 4191/22/7279 4192/23/7279 4190/24/7279
f 4192/22/7280 4194/23/7280 4190/24/7280
f 4063/22/7281 4180/23/7281 4194/24/7281
f 4194/22/7282 4180/23/7282 4182/24/7282
f 4206/22/7283 4195/23/7283 4198/24/7283
f 4199/22/7284 4051/23/7284 4196/24/7284
f 4200/22/7285 4051/23/7285 4199/24/7285
f 4204/22/7286 4203/23/7286 4202/24/7286
f 4201/22/7287 4206/23/7287 4197/24/7287
f 4208/22/7288 4207/23/7288 4155/24/7288
f 4155/22/7289 4207/23/7289 4153/24/7289
f 4207/22/7290 4208/23/7290 4059/24/7290
f 4155/22/7291 4158/23/7291 4208/24/7291
f 4158/22/7292 4211/23/7292 4209/24/7292
f 4212/22/7293 4043/23/7293 4210/24/7293
f 4212/22/7294 4211/23/7294 4159/24/7294
f 4159/22/7295 4156/23/7295 4212/24/7295
f 4203/22/7296 4204/23/7296 4057/24/7296
f 4212/22/7297 4046/23/7297 4043/24/7297
f 4156/22/7298 4213/23/7298 4214/24/7298
f 4213/22/7299 4216/23/7299 4214/24/7299
f 4046/22/7300 4216/23/7300 4048/24/7300
f 4216/22/7301 4213/23/7301 4217/24/7301
f 4045/22/7302 4131/23/7302 4218/24/7302
f 4215/22/7303 4213/23/7303 4156/24/7303
f 4199/22/7304 4217/23/7304 4215/24/7304
f 4217/22/7305 4199/23/7305 4196/24/7305
f 4219/22/7306 4220/23/7306 4221/24/7306
f 4149/22/7307 4199/23/7307 4215/24/7307
f 4221/22/7308 4222/23/7308 4223/24/7308
f 4200/22/7309 4054/23/7309 4051/24/7309
f 4200/22/7310 4145/23/7310 4054/24/7310
f 4149/22/7311 4145/23/7311 4200/24/7311
f 4149/22/7312 4200/23/7312 4199/24/7312
f 4222/22/7313 4137/23/7313 4223/24/7313
f 4220/22/7314 4219/23/7314 4218/24/7314
f 4054/22/7315 4224/23/7315 4056/24/7315
f 4145/22/7316 4224/23/7316 4054/24/7316
f 4221/22/7317 4220/23/7317 4222/24/7317
f 4223/22/7318 4137/23/7318 4197/24/7318
f 4197/22/7319 4137/23/7319 4201/24/7319
f 4140/22/7320 4205/23/7320 4138/24/7320
f 4193/22/7321 4131/23/7321 4045/24/7321
f 4137/22/7322 4138/23/7322 4201/24/7322
f 4206/22/7323 4205/23/7323 4140/24/7323
f 4195/22/7324 4202/23/7324 4198/24/7324
f 4045/22/7325 4218/23/7325 4219/24/7325
f 4203/22/7326 4057/23/7326 4198/24/7326
f 4045/22/7327 4219/23/7327 4221/24/7327
f 4205/22/7328 4206/23/7328 4201/24/7328
f 4201/22/7329 4138/23/7329 4205/24/7329
f 4158/22/7330 4209/23/7330 4208/24/7330
f 4209/22/7331 4059/23/7331 4208/24/7331
f 4210/22/7332 4059/23/7332 4209/24/7332
f 4210/22/7333 4209/23/7333 4211/24/7333
f 4211/22/7334 4212/23/7334 4210/24/7334
f 4046/22/7335 4212/23/7335 4214/24/7335
f 4214/22/7336 4212/23/7336 4156/24/7336
f 4046/22/7337 4214/23/7337 4216/24/7337
f 4217/22/7338 4048/23/7338 4216/24/7338
f 4213/22/7339 4215/23/7339 4217/24/7339
f 4140/22/7340 4195/23/7340 4206/24/7340
f 4196/22/7341 4048/23/7341 4217/24/7341
f 4228/22/7342 4230/23/7342 4077/24/7342
f 3952/22/7343 4230/23/7343 4228/24/7343
f 4074/22/7344 4227/23/7344 4071/24/7344
f 4071/22/7345 4227/23/7345 4107/24/7345
f 4227/22/7346 4229/23/7346 4107/24/7346
f 4073/22/7347 3939/23/7347 4069/24/7347
f 4228/22/7348 3949/23/7348 3952/24/7348
f 4230/22/7349 4076/23/7349 4077/24/7349
f 4230/22/7350 4231/23/7350 4076/24/7350
f 3939/22/7351 3951/23/7351 4069/24/7351
f 4069/22/7352 3951/23/7352 4085/24/7352
f 3947/22/7353 4231/23/7353 4230/24/7353
f 4076/22/7354 4231/23/7354 4074/24/7354
f 3945/22/7355 4225/23/7355 4085/24/7355
f 4231/22/7356 4232/23/7356 4074/24/7356
f 4083/22/7357 4225/23/7357 4081/24/7357
f 4229/22/7358 4232/23/7358 3947/24/7358
f 4225/22/7359 3945/23/7359 3948/24/7359
f 4225/22/7360 3948/23/7360 4081/24/7360
f 4225/22/7361 4083/23/7361 4085/24/7361
f 4231/22/7362 3947/23/7362 4232/24/7362
f 4081/22/7363 4226/23/7363 4080/24/7363
f 3948/22/7364 4226/23/7364 4081/24/7364
f 4074/22/7365 4232/23/7365 4227/24/7365
f 4227/22/7366 4232/23/7366 4229/24/7366
f 4080/22/7367 4226/23/7367 4079/24/7367
f 4226/22/7368 3949/23/7368 4079/24/7368
f 3945/22/7369 4085/23/7369 3951/24/7369
f 4079/22/7370 3949/23/7370 4228/24/7370
f 3940/22/7371 3939/23/7371 4233/24/7371
f 4233/22/7372 3939/23/7372 4073/24/7372
f 3905/22/7373 3936/23/7373 4044/24/7373
f 4044/22/7374 3936/23/7374 4062/24/7374
f 4062/22/7375 3937/23/7375 4235/24/7375
f 3936/22/7376 3937/23/7376 4062/24/7376
f 4234/22/7377 4065/23/7377 4064/24/7377
f 3940/22/7378 4233/23/7378 4065/24/7378
f 4064/22/7379 4235/23/7379 3937/24/7379
f 3937/22/7380 3938/23/7380 4064/24/7380
f 3938/22/7381 4234/23/7381 4064/24/7381
f 4234/22/7382 3940/23/7382 4065/24/7382
f 3903/22/7383 4236/23/7383 3917/24/7383
f 4053/22/7384 4236/23/7384 3903/24/7384
f 3917/22/7385 4236/23/7385 4042/24/7385
f 4244/22/7386 3911/23/7386 3910/24/7386
f 4044/22/7387 4237/23/7387 3905/24/7387
f 4237/22/7388 3906/23/7388 3904/24/7388
f 4237/22/7389 4049/23/7389 3906/24/7389
f 3906/22/7390 4049/23/7390 4238/24/7390
f 3908/22/7391 4241/23/7391 4242/24/7391
f 4241/22/7392 4243/23/7392 4242/24/7392
f 3911/22/7393 4058/23/7393 3912/24/7393
f 3905/22/7394 4237/23/7394 3904/24/7394
f 4058/22/7395 4248/23/7395 3912/24/7395
f 3912/22/7396 3916/23/7396 3913/24/7396
f 4248/22/7397 3916/23/7397 3912/24/7397
f 4050/22/7398 4238/23/7398 4049/24/7398
f 4248/22/7399 4240/23/7399 3916/24/7399
f 4238/22/7400 4050/23/7400 4241/24/7400
f 4241/22/7401 3908/23/7401 4238/24/7401
f 4240/22/7402 4060/23/7402 3916/24/7402
f 3916/22/7403 4060/23/7403 3920/24/7403
f 4243/22/7404 4055/23/7404 4242/24/7404
f 4242/22/7405 4055/23/7405 3910/24/7405
f 4060/22/7406 3921/23/7406 3920/24/7406
f 4060/22/7407 4249/23/7407 3921/24/7407
f 3910/22/7408 4055/23/7408 4244/24/7408
f 4239/22/7409 4244/23/7409 4055/24/7409
f 4244/22/7410 4239/23/7410 3911/24/7410
f 4239/22/7411 4058/23/7411 3911/24/7411
f 3921/22/7412 4245/23/7412 3922/24/7412
f 4249/22/7413 4245/23/7413 3921/24/7413
f 4240/22/7414 4248/23/7414 4058/24/7414
f 4245/22/7415 4047/23/7415 3922/24/7415
f 4047/22/7416 4246/23/7416 3927/24/7416
f 3927/22/7417 4246/23/7417 3928/24/7417
f 3922/22/7418 4047/23/7418 3927/24/7418
f 4246/22/7419 3933/23/7419 3928/24/7419
f 4246/22/7420 4250/23/7420 3933/24/7420
f 3934/22/7421 3933/23/7421 4247/24/7421
f 4250/22/7422 4247/23/7422 3933/24/7422
f 4247/22/7423 4052/23/7423 3934/24/7423
f 4052/22/7424 4247/23/7424 4250/24/7424
f 3934/22/7425 4052/23/7425 3903/24/7425
f 4053/22/7426 3903/23/7426 4052/24/7426
f 4312/22/7427 3717/23/7427 3725/24/7427
f 4251/22/7428 3715/23/7428 4315/24/7428
f 4315/22/7429 3715/23/7429 3717/24/7429
f 4321/22/7430 3719/23/7430 4251/24/7430
f 4251/22/7431 3719/23/7431 3715/24/7431
f 4321/22/7432 3720/23/7432 3719/24/7432
f 4253/22/7433 4254/23/7433 4319/24/7433
f 4319/22/7434 4254/23/7434 4252/24/7434
f 4253/22/7435 4255/23/7435 4254/24/7435
f 4253/22/7436 4256/23/7436 4255/24/7436
f 4257/22/7437 4256/23/7437 4253/24/7437
f 4257/22/7438 4290/23/7438 4256/24/7438
f 4258/22/7439 4259/23/7439 4257/24/7439
f 4257/22/7440 4259/23/7440 4290/24/7440
f 4322/22/7441 4259/23/7441 4258/24/7441
f 4322/22/7442 3730/23/7442 4259/24/7442
f 4322/22/7443 3729/23/7443 3730/24/7443
f 4260/22/7444 3729/23/7444 4322/24/7444
f 4312/22/7445 3725/23/7445 4260/24/7445
f 4260/22/7446 3725/23/7446 3729/24/7446
f 4315/22/7447 3717/23/7447 4312/24/7447
f 4252/22/7448 4292/23/7448 4261/24/7448
f 4252/22/7449 4261/23/7449 4319/24/7449
f 4262/22/7450 4265/23/7450 4264/24/7450
f 4261/22/7451 4262/23/7451 4264/24/7451
f 4292/22/7452 4262/23/7452 4261/24/7452
f 4265/22/7453 4263/23/7453 4264/24/7453
f 4296/22/7454 4326/23/7454 4325/24/7454
f 4311/22/7455 4296/23/7455 4325/24/7455
f 4311/22/7456 4325/23/7456 4266/24/7456
f 4267/22/7457 4311/23/7457 4266/24/7457
f 4267/22/7458 4266/23/7458 4324/24/7458
f 4268/22/7459 4267/23/7459 4324/24/7459
f 4268/22/7460 4324/23/7460 4323/24/7460
f 4269/22/7461 4268/23/7461 4323/24/7461
f 4263/22/7462 4269/23/7462 4323/24/7462
f 4263/22/7463 4323/23/7463 4264/24/7463
f 5024/22/7464 4270/23/7464 4271/24/7464
f 4272/22/7465 4271/23/7465 4273/24/7465
f 4272/22/7466 5024/23/7466 4271/24/7466
f 4274/22/7467 4273/23/7467 4275/24/7467
f 4274/22/7468 4272/23/7468 4273/24/7468
f 4276/22/7469 4274/23/7469 4275/24/7469
f 4276/22/7470 4275/23/7470 4277/24/7470
f 4278/22/7471 4277/23/7471 4279/24/7471
f 4278/22/7472 4276/23/7472 4277/24/7472
f 4457/22/7473 4278/23/7473 4279/24/7473
f 4456/22/7474 4457/23/7474 4279/24/7474
f 4281/22/7475 4300/23/7475 4333/24/7475
f 4282/22/7476 4281/23/7476 4333/24/7476
f 4282/22/7477 4333/23/7477 4329/24/7477
f 4282/22/7478 4329/23/7478 4283/24/7478
f 4284/22/7479 4282/23/7479 4283/24/7479
f 4297/22/7480 4284/23/7480 4283/24/7480
f 4297/22/7481 4285/23/7481 4328/24/7481
f 4297/22/7482 4283/23/7482 4285/24/7482
f 4296/22/7483 4297/23/7483 4328/24/7483
f 4296/22/7484 4328/23/7484 4326/24/7484
f 4286/22/7485 4259/23/7485 4287/24/7485
f 4288/22/7486 4287/23/7486 4259/24/7486
f 4287/22/7487 4288/23/7487 3635/24/7487
f 3707/22/7488 3635/23/7488 3722/24/7488
f 3635/22/7489 4288/23/7489 3722/24/7489
f 3722/22/7490 4288/23/7490 3730/24/7490
f 3730/22/7491 4288/23/7491 4259/24/7491
f 4291/22/7492 4286/23/7492 3641/24/7492
f 4290/22/7493 4259/23/7493 4286/24/7493
f 4286/22/7494 4287/23/7494 3641/24/7494
f 3641/22/7495 4287/23/7495 3635/24/7495
f 4290/22/7496 4255/23/7496 4256/24/7496
f 4291/22/7497 4289/23/7497 4290/24/7497
f 4290/22/7498 4289/23/7498 4255/24/7498
f 4286/22/7499 4291/23/7499 4290/24/7499
f 4254/22/7500 4255/23/7500 4289/24/7500
f 4254/22/7501 4289/23/7501 4252/24/7501
f 4289/22/7502 3654/23/7502 4252/24/7502
f 4292/22/7503 4252/23/7503 3654/24/7503
f 3654/22/7504 3686/23/7504 4292/24/7504
f 4295/22/7505 4293/23/7505 4294/24/7505
f 4298/22/7506 4299/23/7506 3689/24/7506
f 3689/22/7507 4299/23/7507 4296/24/7507
f 4299/22/7508 4297/23/7508 4296/24/7508
f 4300/22/7509 4301/23/7509 4280/24/7509
f 4302/22/7510 4303/23/7510 4300/24/7510
f 4303/22/7511 4302/23/7511 4293/24/7511
f 4294/22/7512 4302/23/7512 4281/24/7512
f 4293/22/7513 4302/23/7513 4294/24/7513
f 4300/22/7514 4281/23/7514 4302/24/7514
f 4282/22/7515 4295/23/7515 4294/24/7515
f 4284/22/7516 4295/23/7516 4282/24/7516
f 3685/22/7517 4295/23/7517 4284/24/7517
f 4294/22/7518 4281/23/7518 4282/24/7518
f 4284/22/7519 4298/23/7519 3685/24/7519
f 4297/22/7520 4298/23/7520 4284/24/7520
f 4293/22/7521 4295/23/7521 3685/24/7521
f 4298/22/7522 4297/23/7522 4299/24/7522
f 4300/22/7523 4303/23/7523 4301/24/7523
f 3686/22/7524 4304/23/7524 4292/24/7524
f 4304/22/7525 4262/23/7525 4292/24/7525
f 4305/22/7526 4307/23/7526 3688/24/7526
f 4262/22/7527 4307/23/7527 4265/24/7527
f 4265/22/7528 4307/23/7528 4306/24/7528
f 4262/22/7529 4304/23/7529 3688/24/7529
f 4307/22/7530 4305/23/7530 4306/24/7530
f 3688/22/7531 4304/23/7531 3686/24/7531
f 4307/22/7532 4262/23/7532 3688/24/7532
f 4263/22/7533 4309/23/7533 4269/24/7533
f 4308/22/7534 4309/23/7534 4263/24/7534
f 4305/22/7535 4263/23/7535 4306/24/7535
f 4306/22/7536 4263/23/7536 4265/24/7536
f 4305/22/7537 4308/23/7537 4263/24/7537
f 4309/22/7538 4310/23/7538 4269/24/7538
f 4268/22/7539 4310/23/7539 4267/24/7539
f 4308/22/7540 4310/23/7540 4309/24/7540
f 4269/22/7541 4310/23/7541 4268/24/7541
f 4311/22/7542 3689/23/7542 4296/24/7542
f 4310/22/7543 4311/23/7543 4267/24/7543
f 3692/22/7544 4311/23/7544 4310/24/7544
f 4311/22/7545 3692/23/7545 3689/24/7545
f 4260/22/7546 4314/23/7546 4316/24/7546
f 4316/22/7547 4314/23/7547 3600/24/7547
f 4251/22/7548 4318/23/7548 4321/24/7548
f 4316/22/7549 3600/23/7549 4320/24/7549
f 4320/22/7550 3600/23/7550 3599/24/7550
f 3598/22/7551 4321/23/7551 4318/24/7551
f 4316/22/7552 4320/23/7552 4312/24/7552
f 4315/22/7553 4320/23/7553 4317/24/7553
f 4312/22/7554 4320/23/7554 4315/24/7554
f 4320/22/7555 3599/23/7555 4317/24/7555
f 4317/22/7556 4251/23/7556 4315/24/7556
f 3598/22/7557 4251/23/7557 4317/24/7557
f 4318/22/7558 4251/23/7558 3598/24/7558
f 3598/22/7559 4317/23/7559 3599/24/7559
f 3598/22/7560 4468/23/7560 4321/24/7560
f 4465/22/7561 4468/23/7561 3598/24/7561
f 4257/22/7562 4313/23/7562 4258/24/7562
f 4314/22/7563 4260/23/7563 4322/24/7563
f 4258/22/7564 4313/23/7564 4322/24/7564
f 4313/22/7565 4314/23/7565 4322/24/7565
f 4316/22/7566 4312/23/7566 4260/24/7566
f 4334/22/7567 4327/23/7567 4330/24/7567
f 4327/22/7568 4329/23/7568 4330/24/7568
f 4285/22/7569 4327/23/7569 4331/24/7569
f 4283/22/7570 4327/23/7570 4285/24/7570
f 4327/22/7571 4283/23/7571 4329/24/7571
f 4326/22/7572 4328/23/7572 4335/24/7572
f 4330/22/7573 4329/23/7573 4333/24/7573
f 4335/22/7574 4328/23/7574 4331/24/7574
f 4331/22/7575 4328/23/7575 4285/24/7575
f 4327/22/7576 4332/23/7576 4331/24/7576
f 4334/22/7577 4332/23/7577 4327/24/7577
f 4358/22/7578 4464/23/7578 4479/24/7578
f 4358/22/7579 4479/23/7579 4336/24/7579
f 4337/22/7580 4321/23/7580 4464/24/7580
f 4337/22/7581 4464/23/7581 4358/24/7581
f 3720/22/7582 4321/23/7582 4337/24/7582
f 4338/22/7583 4474/23/7583 5017/24/7583
f 4338/22/7584 4478/23/7584 4474/24/7584
f 5014/22/7585 4478/23/7585 4338/24/7585
f 5016/22/7586 4480/23/7586 4478/24/7586
f 5016/22/7587 4478/23/7587 5014/24/7587
f 5013/22/7588 4483/23/7588 4480/24/7588
f 5013/22/7589 4480/23/7589 5016/24/7589
f 5010/22/7590 4339/23/7590 4483/24/7590
f 5010/22/7591 4483/23/7591 5013/24/7591
f 4340/22/7592 4341/23/7592 4339/24/7592
f 4340/22/7593 4339/23/7593 5010/24/7593
f 4342/22/7594 4341/23/7594 4340/24/7594
f 4343/22/7595 4341/23/7595 4342/24/7595
f 4343/22/7596 4344/23/7596 4341/24/7596
f 4345/22/7597 4346/23/7597 4344/24/7597
f 4345/22/7598 4344/23/7598 4343/24/7598
f 4336/22/7579 4479/23/7579 4346/24/7579
f 4336/22/7599 4346/23/7599 4345/24/7599
f 4347/22/7600 4099/23/7600 4871/24/7600
f 4347/22/7601 4100/23/7601 4099/24/7601
f 4348/22/7602 4102/23/7602 4347/24/7602
f 4347/22/7603 4102/23/7603 4100/24/7603
f 4116/22/7604 4102/23/7604 4348/24/7604
f 4116/22/7605 4104/23/7605 4102/24/7605
f 4350/22/7606 4352/23/7606 4353/24/7606
f 4353/22/7607 4352/23/7607 4342/24/7607
f 4345/22/7608 4343/23/7608 4364/24/7608
f 4352/22/7609 4343/23/7609 4342/24/7609
f 4350/22/7610 4353/23/7610 4349/24/7610
f 4350/22/7611 4349/23/7611 4354/24/7611
f 3705/22/7612 3720/23/7612 4356/24/7612
f 4356/22/7613 3720/23/7613 4337/24/7613
f 4356/22/7614 4337/23/7614 4357/24/7614
f 3705/22/7615 4356/23/7615 4355/24/7615
f 4337/22/7616 4358/23/7616 4357/24/7616
f 4357/22/7617 4359/23/7617 4355/24/7617
f 4360/22/7618 4351/23/7618 4358/24/7618
f 4356/22/7619 4357/23/7619 4355/24/7619
f 4351/22/7620 4360/23/7620 4359/24/7620
f 4351/22/7621 4357/23/7621 4358/24/7621
f 4359/22/7622 4357/23/7622 4351/24/7622
f 4360/22/7623 4362/23/7623 4359/24/7623
f 4362/22/7624 4363/23/7624 4361/24/7624
f 4358/22/7625 4336/23/7625 4360/24/7625
f 4362/22/7626 4361/23/7626 4359/24/7626
f 4360/22/7627 4336/23/7627 4362/24/7627
f 4343/22/7628 4352/23/7628 4364/24/7628
f 4364/22/7629 4352/23/7629 4350/24/7629
f 4336/22/7630 4345/23/7630 4362/24/7630
f 4362/22/7631 4345/23/7631 4363/24/7631
f 4361/22/7632 4364/23/7632 4350/24/7632
f 4363/22/7633 4364/23/7633 4361/24/7633
f 4363/22/7634 4345/23/7634 4364/24/7634
f 4353/22/7635 4342/23/7635 4349/24/7635
f 4432/22/7636 4375/23/7636 4397/24/7636
f 4379/22/7637 4371/23/7637 4377/24/7637
f 4376/22/7638 4377/23/7638 4374/24/7638
f 4430/22/7639 4381/23/7639 4375/24/7639
f 4430/22/7640 4375/23/7640 4432/24/7640
f 4435/22/7641 4381/23/7641 4430/24/7641
f 4383/22/7642 4419/23/7642 4368/24/7642
f 4435/22/7643 4384/23/7643 4381/24/7643
f 4436/22/7644 4384/23/7644 4435/24/7644
f 4385/22/7645 4377/23/7645 4376/24/7645
f 4437/22/7646 4386/23/7646 4384/24/7646
f 4437/22/7647 4384/23/7647 4436/24/7647
f 4437/22/7648 4387/23/7648 4386/24/7648
f 4367/22/7649 4383/23/7649 4368/24/7649
f 4390/22/7650 4389/23/7650 4387/24/7650
f 4385/22/7651 4388/23/7651 4377/24/7651
f 4372/22/7652 4653/23/7652 4389/24/7652
f 4372/22/7653 4389/23/7653 4390/24/7653
f 4372/22/7654 4391/23/7654 4653/24/7654
f 4392/22/7655 4382/23/7655 4370/24/7655
f 4379/22/7656 4391/23/7656 4372/24/7656
f 4393/22/7657 4366/23/7657 4365/24/7657
f 4415/22/7658 4376/23/7658 4407/24/7658
f 4379/22/7659 4394/23/7659 4391/24/7659
f 4388/22/7660 4394/23/7660 4379/24/7660
f 4388/22/7661 4395/23/7661 4394/24/7661
f 4410/22/7662 4385/23/7662 4376/24/7662
f 4410/22/7663 4376/23/7663 4415/24/7663
f 4385/22/7664 4395/23/7664 4388/24/7664
f 4385/22/7665 4691/23/7665 4395/24/7665
f 3656/22/7666 4103/23/7666 3655/24/7666
f 4420/22/7667 4691/23/7667 4385/24/7667
f 4397/22/7668 4396/23/7668 4429/24/7668
f 4398/22/7669 4369/23/7669 4414/24/7669
f 3629/22/7670 4359/23/7670 4361/24/7670
f 4399/22/7671 3656/23/7671 3657/24/7671
f 4350/22/7672 3629/23/7672 4361/24/7672
f 3662/22/7673 4399/23/7673 3657/24/7673
f 4407/22/7674 4350/23/7674 4354/24/7674
f 4374/22/7675 4392/23/7675 4370/24/7675
f 4398/22/7676 4414/23/7676 4419/24/7676
f 4393/22/7677 4365/23/7677 4427/24/7677
f 3668/22/7678 3666/23/7678 3667/24/7678
f 4415/22/7679 5015/23/7679 4400/24/7679
f 4401/22/7680 4301/23/7680 3653/24/7680
f 4403/22/7681 4427/23/7681 4373/24/7681
f 4403/22/7682 4393/23/7682 4427/24/7682
f 4401/22/7683 4405/23/7683 4406/24/7683
f 4407/22/7684 4378/23/7684 3629/24/7684
f 4401/22/7685 4406/23/7685 5178/24/7685
f 4380/22/7686 4396/23/7686 4101/24/7686
f 4409/22/7687 4103/23/7687 3656/24/7687
f 4383/22/7688 4398/23/7688 4419/24/7688
f 4411/22/7689 3663/23/7689 3666/24/7689
f 4399/22/7690 4409/23/7690 3656/24/7690
f 4429/22/7691 4380/23/7691 4366/24/7691
f 4413/22/7692 4373/23/7692 4369/24/7692
f 4413/22/7693 4403/23/7693 4373/24/7693
f 4416/22/7694 4399/23/7694 3662/24/7694
f 3668/22/7695 4411/23/7695 3666/24/7695
f 4414/22/7696 3668/23/7696 3672/24/7696
f 4420/22/7697 4417/23/7697 4691/24/7697
f 4429/22/7698 4366/23/7698 4393/24/7698
f 4418/22/7699 4383/23/7699 4367/24/7699
f 4418/22/7700 4367/23/7700 4382/24/7700
f 4419/22/7701 4414/23/7701 3672/24/7701
f 4398/22/7702 4413/23/7702 4369/24/7702
f 3663/22/7703 4416/23/7703 3662/24/7703
f 4369/22/7704 4411/23/7704 3668/24/7704
f 4407/22/7705 4374/23/7705 4378/24/7705
f 4409/22/7706 4101/23/7706 4103/24/7706
f 4368/22/7707 3672/23/7707 3677/24/7707
f 4368/22/7708 4419/23/7708 3672/24/7708
f 4377/22/7709 4392/23/7709 4374/24/7709
f 4414/22/7710 4369/23/7710 3668/24/7710
f 4423/22/7711 4619/23/7711 4597/24/7711
f 4423/22/7712 4424/23/7712 4425/24/7712
f 4371/22/7713 4382/23/7713 4392/24/7713
f 4423/22/7714 4425/23/7714 4426/24/7714
f 4427/22/7715 4416/23/7715 3663/24/7715
f 4426/22/7716 4428/23/7716 4619/24/7716
f 4426/22/7717 4619/23/7717 4423/24/7717
f 4429/22/7718 4396/23/7718 4380/24/7718
f 4430/22/7719 4432/23/7719 4429/24/7719
f 4433/22/7720 4398/23/7720 4383/24/7720
f 4431/22/7721 4435/23/7721 4430/24/7721
f 4355/22/7722 4359/23/7722 3629/24/7722
f 4355/22/7723 3629/23/7723 3705/24/7723
f 4367/22/7724 3680/23/7724 3684/24/7724
f 4434/22/7725 4437/23/7725 4436/24/7725
f 4411/22/7726 4427/23/7726 3663/24/7726
f 4379/22/7727 4372/23/7727 4371/24/7727
f 4407/22/7728 5015/23/7728 4415/24/7728
f 4407/22/7729 4354/23/7729 5015/24/7729
f 4401/22/7730 3653/23/7730 4405/24/7730
f 4408/22/7731 4404/23/7731 4402/24/7731
f 4410/22/7732 4420/23/7732 4385/24/7732
f 3680/22/7733 4368/23/7733 3677/24/7733
f 4415/22/7734 4400/23/7734 4438/24/7734
f 4366/22/7735 4409/23/7735 4399/24/7735
f 4370/22/7736 3684/23/7736 3693/24/7736
f 4415/22/7737 4438/23/7737 5021/24/7737
f 4408/22/7738 5136/23/7738 4439/24/7738
f 4408/22/7739 5178/23/7739 5136/24/7739
f 4408/22/7740 4402/23/7740 4401/24/7740
f 4408/22/7741 4401/23/7741 5178/24/7741
f 4415/22/7742 5021/23/7742 4440/24/7742
f 4415/22/7743 4440/23/7743 4441/24/7743
f 4418/22/7744 4433/23/7744 4383/24/7744
f 4412/22/7745 4454/23/7745 4408/24/7745
f 4412/22/7746 4455/23/7746 4454/24/7746
f 4415/22/7747 4441/23/7747 4442/24/7747
f 4350/22/7748 4407/23/7748 3629/24/7748
f 4367/22/7749 4368/23/7749 3680/24/7749
f 4365/22/7750 4399/23/7750 4416/24/7750
f 4412/22/7751 4443/23/7751 4455/24/7751
f 4365/22/7752 4366/23/7752 4399/24/7752
f 4430/22/7753 4429/23/7753 4393/24/7753
f 4371/22/7754 4418/23/7754 4382/24/7754
f 4412/22/7755 4442/23/7755 4443/24/7755
f 4434/22/7756 4413/23/7756 4398/24/7756
f 4412/22/7757 4415/23/7757 4442/24/7757
f 4412/22/7758 5163/23/7758 4444/24/7758
f 4412/22/7759 4445/23/7759 5163/24/7759
f 4412/22/7760 4446/23/7760 4445/24/7760
f 4412/22/7761 4439/23/7761 4446/24/7761
f 4412/22/7762 4408/23/7762 4439/24/7762
f 4412/22/7763 4410/23/7763 4415/24/7763
f 4421/22/7764 4444/23/7764 4447/24/7764
f 4421/22/7765 4412/23/7765 4444/24/7765
f 4431/22/7766 4393/23/7766 4403/24/7766
f 4421/22/7767 4448/23/7767 4449/24/7767
f 4431/22/7768 4430/23/7768 4393/24/7768
f 4412/22/7769 4449/23/7769 5156/24/7769
f 4412/22/7770 4421/23/7770 4449/24/7770
f 4422/22/7771 4410/23/7771 4412/24/7771
f 4423/22/7772 4410/23/7772 4422/24/7772
f 4423/22/7773 4420/23/7773 4410/24/7773
f 4420/22/7774 4597/23/7774 4417/24/7774
f 4412/22/7775 5154/23/7775 5172/24/7775
f 4412/22/7776 5156/23/7776 5154/24/7776
f 4380/22/7777 4101/23/7777 4409/24/7777
f 4412/22/7778 5172/23/7778 5174/24/7778
f 4422/22/7779 4412/23/7779 5174/24/7779
f 4422/22/7780 4424/23/7780 4423/24/7780
f 4422/22/7781 5147/23/7781 4424/24/7781
f 4373/22/7782 4427/23/7782 4411/24/7782
f 4369/22/7783 4373/23/7783 4411/24/7783
f 4435/22/7784 4431/23/7784 4450/24/7784
f 4450/22/7785 4403/23/7785 4413/24/7785
f 4437/22/7786 4434/23/7786 4433/24/7786
f 4450/22/7787 4431/23/7787 4403/24/7787
f 4378/22/7788 4370/23/7788 3693/24/7788
f 4450/22/7789 4436/23/7789 4435/24/7789
f 4427/22/7790 4365/23/7790 4416/24/7790
f 4423/22/7791 4597/23/7791 4420/24/7791
f 4429/22/7792 4432/23/7792 4397/24/7792
f 4450/22/7793 4434/23/7793 4436/24/7793
f 4434/22/7794 4450/23/7794 4413/24/7794
f 4382/22/7795 4367/23/7795 3684/24/7795
f 4390/22/7796 4433/23/7796 4418/24/7796
f 4390/22/7797 4437/23/7797 4433/24/7797
f 4379/22/7798 4377/23/7798 4388/24/7798
f 4377/22/7799 4371/23/7799 4392/24/7799
f 4376/22/7800 4374/23/7800 4407/24/7800
f 4372/22/7801 4418/23/7801 4371/24/7801
f 4372/22/7802 4390/23/7802 4418/24/7802
f 4396/22/7803 4451/23/7803 4098/24/7803
f 4366/22/7804 4380/23/7804 4409/24/7804
f 4370/22/7805 4382/23/7805 3684/24/7805
f 4437/22/7806 4390/23/7806 4387/24/7806
f 4433/22/7807 4434/23/7807 4398/24/7807
f 4374/22/7808 4370/23/7808 4378/24/7808
f 4397/22/7809 4451/23/7809 4396/24/7809
f 4397/22/7810 4375/23/7810 4451/24/7810
f 4457/22/7811 4402/23/7811 4452/24/7811
f 4452/22/7812 4404/23/7812 4276/24/7812
f 4408/22/7813 4453/23/7813 4404/24/7813
f 5024/22/7814 4454/23/7814 4455/24/7814
f 4272/22/7815 4454/23/7815 5024/24/7815
f 4301/22/7816 4456/23/7816 4280/24/7816
f 4401/22/7817 4456/23/7817 4301/24/7817
f 4456/22/7818 4401/23/7818 4457/24/7818
f 4404/22/7819 4452/23/7819 4402/24/7819
f 4457/22/7820 4452/23/7820 4278/24/7820
f 4453/22/7821 4276/23/7821 4404/24/7821
f 4276/22/7822 4453/23/7822 4274/24/7822
f 4274/22/7823 4453/23/7823 4408/24/7823
f 4458/22/7824 4274/23/7824 4408/24/7824
f 4278/22/7825 4452/23/7825 4276/24/7825
f 4274/22/7826 4458/23/7826 4272/24/7826
f 4458/22/7827 4454/23/7827 4272/24/7827
f 4454/22/7828 4458/23/7828 4408/24/7828
f 4401/22/7829 4402/23/7829 4457/24/7829
f 4484/22/7830 4470/23/7830 4461/24/7830
f 4341/22/7831 4344/23/7831 4470/24/7831
f 4470/22/7832 4471/23/7832 4461/24/7832
f 4471/22/7833 4462/23/7833 4461/24/7833
f 4470/22/7834 4344/23/7834 4471/24/7834
f 4471/22/7835 4475/23/7835 4462/24/7835
f 4472/22/7836 4467/23/7836 4459/24/7836
f 4472/22/7837 4469/23/7837 4467/24/7837
f 4473/22/7838 4469/23/7838 4472/24/7838
f 4473/22/7839 4474/23/7839 4469/24/7839
f 4467/22/7840 4476/23/7840 4460/24/7840
f 4467/22/7841 4469/23/7841 4476/24/7841
f 4474/22/7842 4478/23/7842 4469/24/7842
f 4346/22/7843 4479/23/7843 4475/24/7843
f 4469/22/7844 4480/23/7844 4476/24/7844
f 4469/22/7845 4478/23/7845 4480/24/7845
f 4476/22/7846 4482/23/7846 4460/24/7846
f 4477/22/7847 4463/23/7847 4462/24/7847
f 4463/22/7848 4477/23/7848 4481/24/7848
f 4480/22/7849 4483/23/7849 4476/24/7849
f 4466/22/7850 4468/23/7850 4465/24/7850
f 4481/22/7851 4477/23/7851 4479/24/7851
f 4476/22/7852 4483/23/7852 4482/24/7852
f 4321/22/7853 4466/23/7853 4464/24/7853
f 4466/22/7854 4321/23/7854 4468/24/7854
f 4460/22/7855 4482/23/7855 4484/24/7855
f 4483/22/7856 4339/23/7856 4482/24/7856
f 4482/22/7857 4339/23/7857 4484/24/7857
f 4346/22/7858 4471/23/7858 4344/24/7858
f 4346/22/7859 4475/23/7859 4471/24/7859
f 4339/22/7860 4341/23/7860 4484/24/7860
f 4462/22/7861 4475/23/7861 4477/24/7861
f 4479/22/7862 4477/23/7862 4475/24/7862
f 4463/22/7863 4481/23/7863 4465/24/7863
f 4484/22/7864 4341/23/7864 4470/24/7864
f 4465/22/7865 4481/23/7865 4466/24/7865
f 4464/22/7866 4481/23/7866 4479/24/7866
f 4464/22/7867 4466/23/7867 4481/24/7867
f 5017/22/7868 4474/23/7868 4473/24/7868
f 5018/22/7869 5017/23/7869 4473/24/7869
f 4485/22/7870 4486/23/7870 4487/24/7870
f 4473/22/7871 4485/23/7871 5018/24/7871
f 4473/22/7872 4486/23/7872 4485/24/7872
f 5025/22/7873 4487/23/7873 4486/24/7873
f 5025/22/7874 4486/23/7874 4488/24/7874
f 4489/22/7875 5025/23/7875 4488/24/7875
f 4490/22/7876 4489/23/7876 4488/24/7876
f 4490/22/7877 4488/23/7877 4491/24/7877
f 5026/22/7878 4491/23/7878 4492/24/7878
f 5026/22/7879 4490/23/7879 4491/24/7879
f 5027/22/7880 4492/23/7880 4493/24/7880
f 5027/22/7881 5026/23/7881 4492/24/7881
f 5024/22/7882 4493/23/7882 4270/24/7882
f 5024/22/7883 5027/23/7883 4493/24/7883
f 4495/22/7884 4954/23/7884 4494/24/7884
f 4494/22/7885 4954/23/7885 4088/24/7885
f 4088/22/7886 4955/23/7886 4498/24/7886
f 4954/22/7887 4955/23/7887 4088/24/7887
f 4497/22/7888 4956/23/7888 4496/24/7888
f 4496/22/7889 4499/23/7889 4993/24/7889
f 4956/22/7890 4499/23/7890 4496/24/7890
f 4993/22/7891 4500/23/7891 4995/24/7891
f 4499/22/7892 4500/23/7892 4993/24/7892
f 4995/22/7893 4501/23/7893 4502/24/7893
f 4500/22/7894 4501/23/7894 4995/24/7894
f 4502/22/7895 4503/23/7895 4504/24/7895
f 4501/22/7896 4503/23/7896 4502/24/7896
f 4503/22/7897 4505/23/7897 4504/24/7897
f 4504/22/7898 4506/23/7898 4507/24/7898
f 4505/22/7899 4506/23/7899 4504/24/7899
f 4507/22/7900 4508/23/7900 4996/24/7900
f 4506/22/7901 4508/23/7901 4507/24/7901
f 4509/22/7902 4952/23/7902 4510/24/7902
f 4952/22/7903 4511/23/7903 4510/24/7903
f 4511/22/7904 4512/23/7904 4510/24/7904
f 4510/22/7905 4495/23/7905 4494/24/7905
f 4512/22/7906 4495/23/7906 4510/24/7906
f 4513/22/7907 4962/23/7907 4514/24/7907
f 4985/22/7908 4962/23/7908 4513/24/7908
f 4514/22/7909 4515/23/7909 4998/24/7909
f 4962/22/7910 4515/23/7910 4514/24/7910
f 4998/22/7911 4516/23/7911 4517/24/7911
f 4515/22/7912 4516/23/7912 4998/24/7912
f 4516/22/7913 4518/23/7913 4517/24/7913
f 4516/22/7914 4966/23/7914 4518/24/7914
f 4966/22/7915 4496/23/7915 4518/24/7915
f 4966/22/7916 4497/23/7916 4496/24/7916
f 4519/22/7917 4970/23/7917 4520/24/7917
f 4974/22/7918 4970/23/7918 4519/24/7918
f 4520/22/7919 4521/23/7919 4522/24/7919
f 4970/22/7920 4521/23/7920 4520/24/7920
f 4523/22/7921 4524/23/7921 4525/24/7921
f 4522/22/7922 4527/23/7922 4528/24/7922
f 4521/22/7923 4527/23/7923 4522/24/7923
f 4524/22/7924 4986/23/7924 4526/24/7924
f 4523/22/7925 4986/23/7925 4524/24/7925
f 4526/22/7926 4986/23/7926 4529/24/7926
f 4528/22/7927 4530/23/7927 4531/24/7927
f 4527/22/7928 4530/23/7928 4528/24/7928
f 4529/22/7929 4986/23/7929 4532/24/7929
f 4532/22/7930 4533/23/7930 4534/24/7930
f 4986/22/7931 4533/23/7931 4532/24/7931
f 4531/22/7932 4535/23/7932 4536/24/7932
f 4530/22/7933 4535/23/7933 4531/24/7933
f 4534/22/7934 4533/23/7934 5007/24/7934
f 4535/22/7935 4985/23/7935 4536/24/7935
f 4533/22/7936 4537/23/7936 5007/24/7936
f 4537/22/7937 4538/23/7937 5007/24/7937
f 4536/22/7938 4985/23/7938 4513/24/7938
f 4538/22/7939 5005/23/7939 5007/24/7939
f 4538/22/7940 4539/23/7940 5005/24/7940
f 4538/22/7941 4540/23/7941 4539/24/7941
f 4540/22/7942 4541/23/7942 4539/24/7942
f 4540/22/7943 4542/23/7943 4541/24/7943
f 4541/22/7944 4543/23/7944 4544/24/7944
f 4542/22/7945 4543/23/7945 4541/24/7945
f 4544/22/7946 4545/23/7946 4546/24/7946
f 4543/22/7947 4545/23/7947 4544/24/7947
f 4545/22/7948 4547/23/7948 4546/24/7948
f 4545/22/7949 4548/23/7949 4547/24/7949
f 4548/22/7950 4549/23/7950 4547/24/7950
f 4548/22/7951 4550/23/7951 4549/24/7951
f 4550/22/7952 4551/23/7952 4549/24/7952
f 4551/22/7953 4550/23/7953 4519/24/7953
f 4550/22/7954 4974/23/7954 4519/24/7954
f 4426/22/7955 4425/23/7955 5171/24/7955
f 4554/22/7956 4563/23/7956 4552/24/7956
f 4554/22/7957 4552/23/7957 4553/24/7957
f 4555/22/7958 4554/23/7958 4553/24/7958
f 4555/22/7959 4553/23/7959 3541/24/7959
f 3528/22/7960 4566/23/7960 3529/24/7960
f 4556/22/7961 4555/23/7961 3541/24/7961
f 4556/22/7962 3541/23/7962 3537/24/7962
f 4426/22/7963 5171/23/7963 4557/24/7963
f 4426/22/7964 4557/23/7964 4558/24/7964
f 4559/22/7965 4556/23/7965 3537/24/7965
f 4560/22/7966 4426/23/7966 4558/24/7966
f 4562/22/7967 4559/23/7967 3537/24/7967
f 4563/22/7968 4426/23/7968 4560/24/7968
f 4562/22/7969 3537/23/7969 3534/24/7969
f 4564/22/7970 4562/23/7970 3534/24/7970
f 4561/22/7971 4563/23/7971 4560/24/7971
f 4565/22/7972 3534/23/7972 3529/24/7972
f 4563/22/7973 4428/23/7973 4426/24/7973
f 4565/22/7974 4564/23/7974 3534/24/7974
f 4566/22/7975 4565/23/7975 3529/24/7975
f 4563/22/7976 4561/23/7976 4552/24/7976
f 4569/22/7977 4570/23/7977 4568/24/7977
f 4708/22/7978 4571/23/7978 4735/24/7978
f 4572/22/7979 4567/23/7979 4570/24/7979
f 4710/22/7980 4572/23/7980 4574/24/7980
f 4573/22/7981 4571/23/7981 4708/24/7981
f 4576/22/7982 4570/23/7982 4569/24/7982
f 4570/22/7983 4576/23/7983 4578/24/7983
f 4577/22/7984 4576/23/7984 4569/24/7984
f 4573/22/7985 4732/23/7985 4571/24/7985
f 4578/22/7986 4576/23/7986 4577/24/7986
f 4582/22/7987 4732/23/7987 4573/24/7987
f 4580/22/7988 4451/23/7988 4375/24/7988
f 4587/22/7989 4581/23/7989 4574/24/7989
f 4582/22/7990 4581/23/7990 4587/24/7990
f 4640/22/7991 4375/23/7991 4381/24/7991
f 4648/22/7992 4640/23/7992 4381/24/7992
f 4584/22/7993 4578/23/7993 4583/24/7993
f 4648/22/7994 4381/23/7994 4384/24/7994
f 4585/22/7995 4732/23/7995 4582/24/7995
f 4586/22/7996 4577/23/7996 4417/24/7996
f 4585/22/7997 4589/23/7997 4732/24/7997
f 4591/22/7998 4584/23/7998 4590/24/7998
f 4592/22/7999 4589/23/7999 4585/24/7999
f 4593/22/8000 4590/23/8000 4586/24/8000
f 4592/22/8001 4595/23/8001 4589/24/8001
f 4596/22/8002 4590/23/8002 4593/24/8002
f 4593/22/8003 4599/23/8003 4596/24/8003
f 4586/22/8004 4599/23/8004 4593/24/8004
f 4601/22/8005 4595/23/8005 4592/24/8005
f 4601/22/8006 4591/23/8006 4602/24/8006
f 4586/22/8007 4597/23/8007 4604/24/8007
f 4599/22/8008 4586/23/8008 4611/24/8008
f 4646/22/8009 4600/23/8009 4598/24/8009
f 4601/22/8010 4605/23/8010 4595/24/8010
f 4384/22/8011 4386/23/8011 4648/24/8011
f 4611/22/8012 4586/23/8012 4604/24/8012
f 4599/22/8013 4607/23/8013 4606/24/8013
f 4611/22/8014 4607/23/8014 4599/24/8014
f 4608/22/8015 4605/23/8015 4601/24/8015
f 4387/22/8016 4652/23/8016 4386/24/8016
f 4596/22/8017 4599/23/8017 4606/24/8017
f 4389/22/8018 4652/23/8018 4387/24/8018
f 4608/22/8019 4610/23/8019 4605/24/8019
f 4613/22/8020 4610/23/8020 4608/24/8020
f 4607/22/8021 4615/23/8021 4606/24/8021
f 4615/22/8022 4607/23/8022 4611/24/8022
f 4615/22/8023 4616/23/8023 4614/24/8023
f 4611/22/8024 4621/23/8024 4615/24/8024
f 4620/22/8025 4613/23/8025 4614/24/8025
f 4618/22/8026 4616/23/8026 4615/24/8026
f 4620/22/8027 4610/23/8027 4613/24/8027
f 4612/22/8028 4621/23/8028 4604/24/8028
f 4619/22/8029 4617/23/8029 4612/24/8029
f 4616/22/8030 4623/23/8030 4620/24/8030
f 4624/22/8031 4618/23/8031 4622/24/8031
f 4624/22/8032 4616/23/8032 4618/24/8032
f 4623/22/8033 4625/23/8033 4610/24/8033
f 4623/22/8034 4610/23/8034 4620/24/8034
f 4617/22/8035 4621/23/8035 4612/24/8035
f 4630/22/8036 4628/23/8036 4629/24/8036
f 4624/22/8037 4622/23/8037 4634/24/8037
f 4633/22/8038 4623/23/8038 4624/24/8038
f 4580/22/8039 4638/23/8039 4594/24/8039
f 4631/22/8040 4624/23/8040 4634/24/8040
f 4633/22/8041 4625/23/8041 4623/24/8041
f 4637/22/8042 4634/23/8042 4622/24/8042
f 4617/22/8043 4636/23/8043 4637/24/8043
f 4632/22/8044 4594/23/8044 4638/24/8044
f 4617/22/8045 4619/23/8045 4626/24/8045
f 4638/22/8046 4375/23/8046 4640/24/8046
f 4598/22/8047 4632/23/8047 4635/24/8047
f 4636/22/8048 4617/23/8048 4626/24/8048
f 4634/22/8049 4637/23/8049 4627/24/8049
f 4641/22/8050 4631/23/8050 4634/24/8050
f 4641/22/8051 4634/23/8051 4627/24/8051
f 4639/22/8052 4643/23/8052 4625/24/8052
f 4639/22/8053 4625/23/8053 4633/24/8053
f 4635/22/8054 4638/23/8054 4645/24/8054
f 4627/22/8055 4637/23/8055 4644/24/8055
f 4639/22/8056 4641/23/8056 4630/24/8056
f 4645/22/8057 4647/23/8057 4642/24/8057
f 4645/22/8058 4642/23/8058 4635/24/8058
f 4642/22/8059 4598/23/8059 4635/24/8059
f 4643/22/8060 4639/23/8060 4630/24/8060
f 4600/22/8061 4649/23/8061 4603/24/8061
f 4644/22/8062 4636/23/8062 4792/24/8062
f 4648/22/8063 4650/23/8063 4645/24/8063
f 4648/22/8064 4645/23/8064 4640/24/8064
f 4638/22/8065 4635/23/8065 4632/24/8065
f 4651/22/8066 4386/23/8066 4652/24/8066
f 4667/22/8067 4668/23/8067 4654/24/8067
f 4655/22/8068 4667/23/8068 4654/24/8068
f 4659/22/8069 4655/23/8069 4654/24/8069
f 4645/22/8070 4650/23/8070 4647/24/8070
f 4651/22/8071 4658/23/8071 4650/24/8071
f 4651/22/8072 4650/23/8072 4648/24/8072
f 4683/22/8073 4659/23/8073 4654/24/8073
f 4683/22/8074 4660/23/8074 4659/24/8074
f 4665/22/8075 4661/23/8075 4394/24/8075
f 4659/22/8076 4669/23/8076 4657/24/8076
f 4660/22/8077 4669/23/8077 4659/24/8077
f 4660/22/8078 4695/23/8078 4669/24/8078
f 4666/22/8079 4664/23/8079 4657/24/8079
f 4651/22/8080 4670/23/8080 4658/24/8080
f 4668/22/8081 4647/23/8081 4650/24/8081
f 4658/22/8082 4668/23/8082 4650/24/8082
f 4668/22/8083 4667/23/8083 4647/24/8083
f 4672/22/8084 4666/23/8084 4657/24/8084
f 4394/22/8085 4395/23/8085 4673/24/8085
f 4669/22/8086 4672/23/8086 4657/24/8086
f 4670/22/8087 4651/23/8087 4652/24/8087
f 4674/22/8088 4676/23/8088 4669/24/8088
f 4672/22/8089 4677/23/8089 4666/24/8089
f 4670/22/8090 4668/23/8090 4658/24/8090
f 4673/22/8091 4681/23/8091 4675/24/8091
f 4652/22/8092 4687/23/8092 4670/24/8092
f 4676/22/8093 4674/23/8093 4682/24/8093
f 4673/22/8094 4395/23/8094 4679/24/8094
f 4678/22/8095 4669/23/8095 4676/24/8095
f 4663/22/8096 4667/23/8096 4656/24/8096
f 4678/22/8097 4680/23/8097 4672/24/8097
f 4653/22/8098 4687/23/8098 4652/24/8098
f 4687/22/8099 4683/23/8099 4670/24/8099
f 4654/22/8100 4668/23/8100 4670/24/8100
f 4654/22/8101 4670/23/8101 4683/24/8101
f 4655/22/8102 4656/23/8102 4667/24/8102
f 4686/22/8103 4681/23/8103 4685/24/8103
f 4684/22/8104 4682/23/8104 4686/24/8104
f 4688/22/8105 4684/23/8105 4689/24/8105
f 4687/22/8106 4690/23/8106 4683/24/8106
f 4657/22/8107 4655/23/8107 4659/24/8107
f 4690/22/8108 4687/23/8108 4661/24/8108
f 4696/22/8109 4697/23/8109 4685/24/8109
f 4689/22/8110 4686/23/8110 4697/24/8110
f 4698/22/8111 4695/23/8111 4690/24/8111
f 4700/22/8112 4696/23/8112 4699/24/8112
f 4701/22/8113 4697/23/8113 4696/24/8113
f 4675/22/8114 4674/23/8114 4698/24/8114
f 4701/22/8115 4704/23/8115 4697/24/8115
f 4691/22/8116 4568/23/8116 4694/24/8116
f 4706/22/8117 4700/23/8117 4707/24/8117
f 4706/22/8118 4701/23/8118 4700/24/8118
f 4681/22/8119 4682/23/8119 4675/24/8119
f 4704/22/8120 4706/23/8120 4710/24/8120
f 4708/22/8121 4705/23/8121 4704/24/8121
f 4709/22/8122 4704/23/8122 4710/24/8122
f 4567/22/8123 4710/23/8123 4706/24/8123
f 4569/22/8124 4568/23/8124 4417/24/8124
f 4572/22/8125 4710/23/8125 4567/24/8125
f 4574/22/8126 4575/23/8126 4709/24/8126
f 4574/22/8127 4709/23/8127 4710/24/8127
f 4573/22/8128 4708/23/8128 4709/24/8128
f 4573/22/8129 4709/23/8129 4575/24/8129
f 4417/22/8130 4577/23/8130 4569/24/8130
f 4578/22/8131 4572/23/8131 4570/24/8131
f 4581/22/8132 4575/23/8132 4574/24/8132
f 4579/22/8133 4574/23/8133 4572/24/8133
f 4579/22/8134 4572/23/8134 4578/24/8134
f 4582/22/8135 4575/23/8135 4581/24/8135
f 4582/22/8136 4573/23/8136 4575/24/8136
f 4577/22/8137 4583/23/8137 4578/24/8137
f 4587/22/8138 4574/23/8138 4579/24/8138
f 4579/22/8139 4578/23/8139 4584/24/8139
f 4588/22/8140 4585/23/8140 4582/24/8140
f 4588/22/8141 4582/23/8141 4587/24/8141
f 4577/22/8142 4590/23/8142 4583/24/8142
f 4587/22/8143 4579/23/8143 4584/24/8143
f 4584/22/8144 4583/23/8144 4590/24/8144
f 4588/22/8145 4592/23/8145 4585/24/8145
f 4591/22/8146 4587/23/8146 4584/24/8146
f 4591/22/8147 4588/23/8147 4587/24/8147
f 4586/22/8148 4417/23/8148 4597/24/8148
f 4591/22/8149 4592/23/8149 4588/24/8149
f 4590/22/8150 4577/23/8150 4586/24/8150
f 4592/22/8151 4591/23/8151 4601/24/8151
f 4590/22/8152 4596/23/8152 4591/24/8152
f 4602/22/8153 4591/23/8153 4596/24/8153
f 4602/22/8154 4608/23/8154 4601/24/8154
f 4602/22/8155 4609/23/8155 4608/24/8155
f 4602/22/8156 4596/23/8156 4606/24/8156
f 4609/22/8157 4602/23/8157 4606/24/8157
f 4609/22/8158 4613/23/8158 4608/24/8158
f 4619/22/8159 4612/23/8159 4597/24/8159
f 4609/22/8160 4606/23/8160 4615/24/8160
f 4614/22/8161 4609/23/8161 4615/24/8161
f 4613/22/8162 4609/23/8162 4614/24/8162
f 4611/22/8163 4604/23/8163 4621/24/8163
f 4612/22/8164 4604/23/8164 4597/24/8164
f 4616/22/8165 4620/23/8165 4614/24/8165
f 4623/22/8166 4616/23/8166 4624/24/8166
f 4621/22/8167 4617/23/8167 4637/24/8167
f 4621/22/8168 4637/23/8168 4622/24/8168
f 4633/22/8169 4624/23/8169 4631/24/8169
f 4631/22/8170 4639/23/8170 4633/24/8170
f 4619/22/8171 4428/23/8171 4626/24/8171
f 4641/22/8172 4639/23/8172 4631/24/8172
f 4618/22/8173 4615/23/8173 4621/24/8173
f 4641/22/8174 4628/23/8174 4630/24/8174
f 4627/22/8175 4628/23/8175 4641/24/8175
f 4622/22/8176 4618/23/8176 4621/24/8176
f 4684/22/8177 4688/23/8177 4678/24/8177
f 4686/22/8178 4689/23/8178 4684/24/8178
f 4688/22/8179 4689/23/8179 4692/24/8179
f 4691/22/8180 4694/23/8180 4679/24/8180
f 4636/22/8181 4644/23/8181 4637/24/8181
f 4705/22/8182 4702/23/8182 4703/24/8182
f 4638/22/8183 4580/23/8183 4375/24/8183
f 4691/22/8184 4679/23/8184 4395/24/8184
f 4645/22/8185 4638/23/8185 4640/24/8185
f 4692/22/8186 4697/23/8186 4702/24/8186
f 4692/22/8187 4689/23/8187 4697/24/8187
f 4646/22/8188 4598/23/8188 4642/24/8188
f 4703/22/8189 4704/23/8189 4705/24/8189
f 4386/22/8190 4651/23/8190 4648/24/8190
f 4600/22/8191 4646/23/8191 4649/24/8191
f 4663/22/8192 4646/23/8192 4642/24/8192
f 4663/22/8193 4642/23/8193 4647/24/8193
f 4646/22/8194 4712/23/8194 4649/24/8194
f 4667/22/8195 4663/23/8195 4647/24/8195
f 4646/22/8196 4713/23/8196 4712/24/8196
f 4663/22/8197 4713/23/8197 4646/24/8197
f 4663/22/8198 4714/23/8198 4713/24/8198
f 4652/22/8199 4389/23/8199 4653/24/8199
f 4656/22/8200 4715/23/8200 4714/24/8200
f 4656/22/8201 4714/23/8201 4663/24/8201
f 4656/22/8202 4716/23/8202 4715/24/8202
f 4391/22/8203 4661/23/8203 4653/24/8203
f 4661/22/8204 4687/23/8204 4653/24/8204
f 4655/22/8205 4717/23/8205 4716/24/8205
f 4655/22/8206 4716/23/8206 4656/24/8206
f 4655/22/8207 4662/23/8207 4717/24/8207
f 4657/22/8208 4662/23/8208 4655/24/8208
f 4391/22/8209 4394/23/8209 4661/24/8209
f 4695/22/8210 4660/23/8210 4683/24/8210
f 4695/22/8211 4683/23/8211 4690/24/8211
f 4657/22/8212 4664/23/8212 4662/24/8212
f 4690/22/8213 4665/23/8213 4698/24/8213
f 4665/22/8214 4690/23/8214 4661/24/8214
f 4665/22/8215 4675/23/8215 4698/24/8215
f 4665/22/8216 4673/23/8216 4675/24/8216
f 4673/22/8217 4665/23/8217 4394/24/8217
f 4674/22/8218 4695/23/8218 4698/24/8218
f 4669/22/8219 4695/23/8219 4674/24/8219
f 4666/22/8220 4677/23/8220 4671/24/8220
f 4674/22/8221 4675/23/8221 4682/24/8221
f 4669/22/8222 4678/23/8222 4672/24/8222
f 4672/22/8223 4726/23/8223 4677/24/8223
f 4684/22/8224 4676/23/8224 4682/24/8224
f 4680/22/8225 4726/23/8225 4672/24/8225
f 4711/22/8226 4673/23/8226 4679/24/8226
f 4711/22/8227 4681/23/8227 4673/24/8227
f 4681/22/8228 4711/23/8228 4685/24/8228
f 4678/22/8229 4676/23/8229 4684/24/8229
f 4680/22/8230 4678/23/8230 4688/24/8230
f 4682/22/8231 4681/23/8231 4686/24/8231
f 4680/22/8232 4693/23/8232 4726/24/8232
f 4685/22/8233 4711/23/8233 4679/24/8233
f 4692/22/8234 4680/23/8234 4688/24/8234
f 4692/22/8235 4693/23/8235 4680/24/8235
f 4699/22/8236 4685/23/8236 4679/24/8236
f 4694/22/8237 4699/23/8237 4679/24/8237
f 4686/22/8238 4685/23/8238 4697/24/8238
f 4696/22/8239 4685/23/8239 4699/24/8239
f 4702/22/8240 4693/23/8240 4692/24/8240
f 4703/22/8241 4702/23/8241 4697/24/8241
f 4702/22/8242 4735/23/8242 4693/24/8242
f 4701/22/8243 4696/23/8243 4700/24/8243
f 4703/22/8244 4697/23/8244 4704/24/8244
f 4694/22/8245 4707/23/8245 4699/24/8245
f 4700/22/8246 4699/23/8246 4707/24/8246
f 4705/22/8247 4735/23/8247 4702/24/8247
f 4707/22/8248 4694/23/8248 4568/24/8248
f 4706/22/8249 4704/23/8249 4701/24/8249
f 4568/22/8250 4691/23/8250 4417/24/8250
f 4568/22/8251 4567/23/8251 4707/24/8251
f 4708/22/8252 4704/23/8252 4709/24/8252
f 4706/22/8253 4707/23/8253 4567/24/8253
f 4708/22/8254 4735/23/8254 4705/24/8254
f 4570/22/8255 4567/23/8255 4568/24/8255
f 4713/22/8256 4722/23/8256 4712/24/8256
f 4730/22/8257 4719/23/8257 4721/24/8257
f 4722/22/8258 4603/23/8258 4649/24/8258
f 4712/22/8259 4722/23/8259 4649/24/8259
f 4719/22/8260 4725/23/8260 4721/24/8260
f 4729/22/8261 4720/23/8261 4724/24/8261
f 4662/22/8262 4724/23/8262 4717/24/8262
f 4717/22/8263 4724/23/8263 4716/24/8263
f 4725/22/8264 4991/23/8264 4721/24/8264
f 4089/22/8265 4721/23/8265 4991/24/8265
f 4727/22/8266 4726/23/8266 4738/24/8266
f 4666/22/8267 4729/23/8267 4664/24/8267
f 4671/22/8268 4729/23/8268 4666/24/8268
f 4720/22/8269 4729/23/8269 4731/24/8269
f 4723/22/8270 4989/23/8270 4724/24/8270
f 4091/22/8271 4722/23/8271 4721/24/8271
f 4603/22/8272 4722/23/8272 4091/24/8272
f 4729/22/8273 4677/23/8273 4727/24/8273
f 4671/22/8274 4677/23/8274 4729/24/8274
f 4716/22/8275 4724/23/8275 4715/24/8275
f 4726/22/8276 4727/23/8276 4677/24/8276
f 4724/22/8277 4721/23/8277 4722/24/8277
f 4989/22/8278 4730/23/8278 4724/24/8278
f 4715/22/8279 4724/23/8279 4714/24/8279
f 4724/22/8280 4722/23/8280 4714/24/8280
f 4724/22/8281 4730/23/8281 4721/24/8281
f 4727/22/8282 4731/23/8282 4729/24/8282
f 4728/22/8283 4724/23/8283 4720/24/8283
f 4723/22/8284 4724/23/8284 4728/24/8284
f 4714/22/8285 4722/23/8285 4713/24/8285
f 4718/22/8286 4719/23/8286 4730/24/8286
f 4664/22/8287 4724/23/8287 4662/24/8287
f 4729/22/8288 4724/23/8288 4664/24/8288
f 4571/22/8289 4733/23/8289 4734/24/8289
f 4571/22/8290 4732/23/8290 4733/24/8290
f 4735/22/8291 4571/23/8291 4734/24/8291
f 4736/22/8292 4735/23/8292 4734/24/8292
f 4737/22/8293 4735/23/8293 4736/24/8293
f 4693/22/8294 4735/23/8294 4737/24/8294
f 4693/22/8295 4737/23/8295 4739/24/8295
f 4693/22/8296 4739/23/8296 4738/24/8296
f 4693/22/8297 4738/23/8297 4726/24/8297
f 4742/22/8298 4744/23/8298 4743/24/8298
f 4741/22/8299 4760/23/8299 5008/24/8299
f 4733/22/8300 4732/23/8300 4745/24/8300
f 4746/22/8301 4747/23/8301 5006/24/8301
f 4745/22/8302 4732/23/8302 4746/24/8302
f 4743/22/8303 4749/23/8303 4750/24/8303
f 4744/22/8304 4749/23/8304 4743/24/8304
f 4732/22/8305 4747/23/8305 4746/24/8305
f 5000/22/8306 4751/23/8306 5001/24/8306
f 5001/22/8307 4751/23/8307 4752/24/8307
f 4760/22/8308 4753/23/8308 5008/24/8308
f 5008/22/8309 4753/23/8309 4754/24/8309
f 4999/22/8310 4751/23/8310 5000/24/8310
f 4748/22/8311 4751/23/8311 4999/24/8311
f 4747/22/8312 4751/23/8312 4748/24/8312
f 4752/22/8313 4756/23/8313 4755/24/8313
f 4755/22/8314 4756/23/8314 4757/24/8314
f 4757/22/8315 4756/23/8315 5002/24/8315
f 4751/22/8316 4756/23/8316 4752/24/8316
f 4743/22/8317 4753/23/8317 4760/24/8317
f 4744/22/8318 4629/23/8318 4749/24/8318
f 5002/22/8319 4756/23/8319 5009/24/8319
f 4743/22/8320 4750/23/8320 4753/24/8320
f 4756/22/8321 4759/23/8321 5009/24/8321
f 4751/22/8322 4758/23/8322 4756/24/8322
f 4756/22/8323 5003/23/8323 4759/24/8323
f 4749/22/8324 4762/23/8324 4750/24/8324
f 4756/22/8325 4760/23/8325 5003/24/8325
f 5003/22/8326 4760/23/8326 4761/24/8326
f 4589/22/8327 4747/23/8327 4732/24/8327
f 4595/22/8328 4747/23/8328 4589/24/8328
f 4754/22/8329 4753/23/8329 4526/24/8329
f 4756/22/8330 4742/23/8330 4760/24/8330
f 4761/22/8331 4760/23/8331 5004/24/8331
f 4762/22/8332 4749/23/8332 4763/24/8332
f 4740/22/8333 4764/23/8333 4763/24/8333
f 4758/22/8334 4742/23/8334 4756/24/8334
f 4595/22/8335 4751/23/8335 4747/24/8335
f 4595/22/8336 4605/23/8336 4751/24/8336
f 4610/22/8337 4625/23/8337 4758/24/8337
f 4789/22/8338 4766/23/8338 4764/24/8338
f 4610/22/8339 4751/23/8339 4605/24/8339
f 4610/22/8340 4758/23/8340 4751/24/8340
f 5004/22/8341 4760/23/8341 4767/24/8341
f 4629/22/8342 4643/23/8342 4630/24/8342
f 4742/22/8343 4643/23/8343 4744/24/8343
f 4742/22/8344 4743/23/8344 4760/24/8344
f 4740/22/8345 4765/23/8345 4764/24/8345
f 4643/22/8346 4629/23/8346 4744/24/8346
f 4767/22/8347 4760/23/8347 4741/24/8347
f 4765/22/8348 4789/23/8348 4764/24/8348
f 4625/22/8349 4742/23/8349 4758/24/8349
f 4742/22/8350 4625/23/8350 4643/24/8350
f 4749/22/8351 4629/23/8351 4740/24/8351
f 4740/22/8352 4763/23/8352 4749/24/8352
f 4762/22/8353 4763/23/8353 4769/24/8353
f 4753/22/8354 4750/23/8354 4762/24/8354
f 4770/22/8355 4764/23/8355 4766/24/8355
f 4763/22/8356 4764/23/8356 4768/24/8356
f 4764/22/8357 4770/23/8357 4768/24/8357
f 4768/22/8358 4769/23/8358 4763/24/8358
f 4632/22/8359 4095/23/8359 4098/24/8359
f 4632/22/8360 4098/23/8360 4594/24/8360
f 4095/22/8361 4632/23/8361 4598/24/8361
f 4598/22/8362 4093/23/8362 4095/24/8362
f 4600/22/8363 4093/23/8363 4598/24/8363
f 4093/22/8364 4600/23/8364 4091/24/8364
f 4603/22/8365 4091/23/8365 4600/24/8365
f 4580/22/8366 4098/23/8366 4451/24/8366
f 4594/22/8367 4098/23/8367 4580/24/8367
f 4840/22/8368 4771/23/8368 4772/24/8368
f 4772/22/8369 4776/23/8369 4817/24/8369
f 4774/22/8370 4771/23/8370 4828/24/8370
f 4772/22/8371 4771/23/8371 4775/24/8371
f 4774/22/8372 4778/23/8372 4771/24/8372
f 4778/22/8373 4775/23/8373 4771/24/8373
f 4781/22/8374 4777/23/8374 4779/24/8374
f 4779/22/8375 4777/23/8375 3519/24/8375
f 4781/22/8376 4782/23/8376 4783/24/8376
f 4775/22/8377 4776/23/8377 4772/24/8377
f 4784/22/8378 4783/23/8378 4782/24/8378
f 4817/22/8379 4789/23/8379 4765/24/8379
f 4789/22/8380 4817/23/8380 4776/24/8380
f 4779/22/8381 4782/23/8381 4781/24/8381
f 4775/22/8382 4785/23/8382 4776/24/8382
f 4787/22/8383 4788/23/8383 4780/24/8383
f 4627/22/8384 4803/23/8384 4628/24/8384
f 4636/22/8385 4626/23/8385 4792/24/8385
f 4563/22/8386 4791/23/8386 4428/24/8386
f 4628/22/8387 4803/23/8387 4629/24/8387
f 4563/22/8388 4554/23/8388 4791/24/8388
f 4793/22/8389 4794/23/8389 4792/24/8389
f 4626/22/8390 4791/23/8390 4792/24/8390
f 4793/22/8391 4792/23/8391 4795/24/8391
f 4795/22/8392 4792/23/8392 4791/24/8392
f 4627/22/8393 4794/23/8393 4803/24/8393
f 4803/22/8394 4794/23/8394 4800/24/8394
f 4793/22/8395 4796/23/8395 4794/24/8395
f 4555/22/8396 4556/23/8396 4798/24/8396
f 4798/22/8397 4556/23/8397 4799/24/8397
f 4793/22/8398 4795/23/8398 4797/24/8398
f 4798/22/8399 4797/23/8399 4795/24/8399
f 4796/22/8400 4800/23/8400 4794/24/8400
f 4801/22/8401 4800/23/8401 4796/24/8401
f 4805/22/8402 4797/23/8402 4798/24/8402
f 4805/22/8403 4802/23/8403 4797/24/8403
f 4562/22/8404 4804/23/8404 4799/24/8404
f 4803/22/8405 4814/23/8405 4629/24/8405
f 4804/22/8406 4805/23/8406 4799/24/8406
f 4807/22/8407 4805/23/8407 4804/24/8407
f 4800/22/8408 4801/23/8408 4814/24/8408
f 4807/22/8409 4806/23/8409 4805/24/8409
f 4629/22/8410 4814/23/8410 4740/24/8410
f 4806/22/8411 4807/23/8411 4809/24/8411
f 4806/22/8412 4808/23/8412 4802/24/8412
f 4807/22/8413 4811/23/8413 4809/24/8413
f 4809/22/8414 4808/23/8414 4806/24/8414
f 4811/22/8415 4813/23/8415 4809/24/8415
f 4566/22/8416 4812/23/8416 4565/24/8416
f 4809/22/8417 4815/23/8417 4808/24/8417
f 4809/22/8418 4813/23/8418 4818/24/8418
f 3528/22/8419 4819/23/8419 4816/24/8419
f 4820/22/8420 4815/23/8420 4809/24/8420
f 4819/22/8421 4825/23/8421 4816/24/8421
f 4821/22/8422 4820/23/8422 4818/24/8422
f 4820/22/8423 4822/23/8423 4815/24/8423
f 4823/22/8424 4824/23/8424 4819/24/8424
f 4825/22/8425 4826/23/8425 4821/24/8425
f 4828/22/8426 4820/23/8426 4821/24/8426
f 4821/22/8427 4826/23/8427 4827/24/8427
f 4782/22/8428 4787/23/8428 4784/24/8428
f 4820/22/8429 4828/23/8429 4822/24/8429
f 4826/22/8430 4830/23/8430 4827/24/8430
f 4791/22/8431 4626/23/8431 4428/24/8431
f 4792/22/8432 4794/23/8432 4644/24/8432
f 4644/22/8433 4794/23/8433 4627/24/8433
f 4827/22/8434 4830/23/8434 4831/24/8434
f 4835/22/8435 4834/23/8435 4830/24/8435
f 4830/22/8436 4834/23/8436 4831/24/8436
f 4827/22/8437 4831/23/8437 4832/24/8437
f 4798/22/8438 4795/23/8438 4791/24/8438
f 4777/22/8439 4783/23/8439 4773/24/8439
f 4780/22/8440 4774/23/8440 4784/24/8440
f 4783/22/8441 4777/23/8441 4781/24/8441
f 4793/22/8442 4797/23/8442 4796/24/8442
f 4796/22/8443 4797/23/8443 4836/24/8443
f 4780/22/8444 4778/23/8444 4774/24/8444
f 4799/22/8445 4805/23/8445 4798/24/8445
f 4786/22/8446 4778/23/8446 4780/24/8446
f 4786/22/8447 4775/23/8447 4778/24/8447
f 4786/22/8448 4785/23/8448 4775/24/8448
f 4776/22/8449 4785/23/8449 4790/24/8449
f 4796/22/8450 4836/23/8450 4801/24/8450
f 4790/22/8451 4789/23/8451 4776/24/8451
f 4802/22/8452 4836/23/8452 4797/24/8452
f 4766/22/8453 4789/23/8453 4790/24/8453
f 4786/22/8454 4790/23/8454 4785/24/8454
f 4555/22/8455 4798/23/8455 4554/24/8455
f 4554/22/8456 4798/23/8456 4791/24/8456
f 4800/22/8457 4814/23/8457 4803/24/8457
f 4556/22/8458 4559/23/8458 4799/24/8458
f 4799/22/8459 4559/23/8459 4562/24/8459
f 4802/22/8460 4805/23/8460 4806/24/8460
f 4564/22/8461 4804/23/8461 4562/24/8461
f 4564/22/8462 4810/23/8462 4804/24/8462
f 4836/22/8463 4837/23/8463 4801/24/8463
f 4810/22/8464 4811/23/8464 4804/24/8464
f 4804/22/8465 4811/23/8465 4807/24/8465
f 4565/22/8466 4812/23/8466 4564/24/8466
f 4564/22/8467 4812/23/8467 4810/24/8467
f 4812/22/8468 4811/23/8468 4810/24/8468
f 4812/22/8469 4566/23/8469 4816/24/8469
f 4811/22/8470 4812/23/8470 4813/24/8470
f 4816/22/8471 4818/23/8471 4812/24/8471
f 4818/22/8472 4813/23/8472 4812/24/8472
f 4802/22/8473 4808/23/8473 4836/24/8473
f 3528/22/8474 4816/23/8474 4566/24/8474
f 4825/22/8475 4818/23/8475 4816/24/8475
f 4836/22/8476 4808/23/8476 4837/24/8476
f 3528/22/8477 4823/23/8477 4819/24/8477
f 4837/22/8478 4808/23/8478 4838/24/8478
f 4801/22/8479 4837/23/8479 4814/24/8479
f 4818/22/8480 4825/23/8480 4821/24/8480
f 3527/22/8481 4823/23/8481 3528/24/8481
f 4837/22/8482 4838/23/8482 4814/24/8482
f 4825/22/8483 4819/23/8483 4826/24/8483
f 4824/22/8484 4826/23/8484 4819/24/8484
f 3527/22/8485 4829/23/8485 4823/24/8485
f 4829/22/8486 4824/23/8486 4823/24/8486
f 4827/22/8487 4828/23/8487 4821/24/8487
f 4832/22/8488 4828/23/8488 4827/24/8488
f 4824/22/8489 4835/23/8489 4826/24/8489
f 4826/22/8490 4835/23/8490 4830/24/8490
f 4829/22/8491 4835/23/8491 4824/24/8491
f 4814/22/8492 4838/23/8492 4839/24/8492
f 4814/22/8493 4817/23/8493 4740/24/8493
f 4833/22/8494 4835/23/8494 4829/24/8494
f 4815/22/8495 4838/23/8495 4808/24/8495
f 4835/22/8496 4833/23/8496 4773/24/8496
f 4828/22/8497 4832/23/8497 4774/24/8497
f 4773/22/8498 4834/23/8498 4835/24/8498
f 4774/22/8499 4832/23/8499 4831/24/8499
f 4818/22/8500 4820/23/8500 4809/24/8500
f 4783/22/8501 4834/23/8501 4773/24/8501
f 4834/22/8502 4783/23/8502 4831/24/8502
f 4783/22/8503 4784/23/8503 4831/24/8503
f 4839/22/8504 4817/23/8504 4814/24/8504
f 4780/22/8505 4784/23/8505 4787/24/8505
f 4780/22/8506 4788/23/8506 4786/24/8506
f 4774/22/8507 4831/23/8507 4784/24/8507
f 4815/22/8508 4840/23/8508 4838/24/8508
f 4822/22/8509 4840/23/8509 4815/24/8509
f 4840/22/8510 4839/23/8510 4838/24/8510
f 4840/22/8511 4772/23/8511 4839/24/8511
f 4740/22/8512 4817/23/8512 4765/24/8512
f 4828/22/8513 4771/23/8513 4822/24/8513
f 4771/22/8514 4840/23/8514 4822/24/8514
f 4772/22/8515 4817/23/8515 4839/24/8515
f 3519/22/8516 3517/23/8516 4779/24/8516
f 4857/22/8517 4841/23/8517 4844/24/8517
f 3517/22/8518 4844/23/8518 4779/24/8518
f 4779/22/8519 4841/23/8519 4782/24/8519
f 4844/22/8520 4841/23/8520 4779/24/8520
f 4782/22/8521 4850/23/8521 4787/24/8521
f 4841/22/8522 4850/23/8522 4782/24/8522
f 4850/22/8523 4852/23/8523 4787/24/8523
f 4787/22/8524 4852/23/8524 4788/24/8524
f 4852/22/8525 4845/23/8525 4788/24/8525
f 4788/22/8526 4845/23/8526 4786/24/8526
f 4851/22/8527 4848/23/8527 4841/24/8527
f 4845/22/8528 4846/23/8528 4786/24/8528
f 4847/22/8529 4857/23/8529 3516/24/8529
f 4786/22/8530 4846/23/8530 4790/24/8530
f 4849/22/8531 4852/23/8531 4848/24/8531
f 4846/22/8532 4854/23/8532 4790/24/8532
f 4854/22/8533 4855/23/8533 4790/24/8533
f 4790/22/8534 4855/23/8534 4766/24/8534
f 3516/22/8535 4857/23/8535 3517/24/8535
f 4847/22/8536 4851/23/8536 4857/24/8536
f 4843/22/8537 4854/23/8537 4842/24/8537
f 4842/22/8538 4854/23/8538 4846/24/8538
f 4854/22/8539 4843/23/8539 4855/24/8539
f 4770/22/8540 4855/23/8540 4843/24/8540
f 4855/22/8541 4770/23/8541 4766/24/8541
f 4853/22/8542 4848/23/8542 4847/24/8542
f 4847/22/8543 4848/23/8543 4851/24/8543
f 4852/22/8544 4850/23/8544 4848/24/8544
f 4848/22/8545 4850/23/8545 4841/24/8545
f 4856/22/8546 4849/23/8546 4853/24/8546
f 4853/22/8547 4849/23/8547 4848/24/8547
f 4856/22/8548 4858/23/8548 4849/24/8548
f 4842/22/8549 4845/23/8549 4858/24/8549
f 4846/22/8550 4845/23/8550 4842/24/8550
f 4845/22/8551 4849/23/8551 4858/24/8551
f 4849/22/8552 4845/23/8552 4852/24/8552
f 4857/22/8553 4851/23/8553 4841/24/8553
f 4857/22/8554 4844/23/8554 3517/24/8554
f 4859/22/8555 3515/23/8555 3522/24/8555
f 4859/22/8556 4860/23/8556 3515/24/8556
f 4861/22/8557 4860/23/8557 4859/24/8557
f 4861/22/8558 4862/23/8558 4860/24/8558
f 4861/22/8559 4863/23/8559 4862/24/8559
f 4861/22/8560 4864/23/8560 4863/24/8560
f 4864/22/8561 4865/23/8561 4863/24/8561
f 4865/22/8562 4866/23/8562 4863/24/8562
f 4867/22/8563 4866/23/8563 4865/24/8563
f 4867/22/8564 4868/23/8564 4866/24/8564
f 4525/22/8565 4524/23/8565 4867/24/8565
f 4867/22/8566 4524/23/8566 4868/24/8566
f 4863/22/8567 4866/23/8567 4770/24/8567
f 4843/22/8568 4863/23/8568 4770/24/8568
f 3516/22/8569 3515/23/8569 4847/24/8569
f 4842/22/8568 4863/23/8568 4843/24/8568
f 4862/22/8570 4842/23/8570 4858/24/8570
f 4862/22/8571 4863/23/8571 4842/24/8571
f 4868/22/7196 4526/23/7196 4753/24/7196
f 4868/22/8572 4524/23/8572 4526/24/8572
f 4862/22/8573 4858/23/8573 4856/24/8573
f 4868/22/8574 4753/23/8574 4762/24/8574
f 4860/22/7114 4856/23/7114 4853/24/7114
f 4860/22/7114 4862/23/7114 4856/24/7114
f 4866/22/8575 4868/23/8575 4762/24/8575
f 4866/22/8576 4762/23/8576 4769/24/8576
f 4847/22/7114 4860/23/7114 4853/24/7114
f 4768/22/7114 4866/23/7114 4769/24/7114
f 3515/22/7114 4860/23/7114 4847/24/7114
f 4770/22/8577 4866/23/8577 4768/24/8577
f 4869/22/8578 4094/23/8578 4092/24/8578
f 4869/22/8579 4870/23/8579 4094/24/8579
f 4870/22/8580 4097/23/8580 4094/24/8580
f 4871/22/8581 4097/23/8581 4870/24/8581
f 4871/22/8582 4099/23/8582 4097/24/8582
f 4498/22/8583 4090/23/8583 4872/24/8583
f 4869/22/8584 4090/23/8584 4498/24/8584
f 4869/22/8585 4092/23/8585 4090/24/8585
f 4088/22/8586 4498/23/8586 4872/24/8586
f 4873/22/8587 4874/23/8587 4875/24/8587
f 4874/22/8588 4877/23/8588 4875/24/8588
f 4878/22/8589 4877/23/8589 4874/24/8589
f 4878/22/8590 4879/23/8590 4877/24/8590
f 4878/22/8591 4881/23/8591 4879/24/8591
f 5712/22/8592 4881/23/8592 4878/24/8592
f 5713/22/8593 4881/23/8593 5712/24/8593
f 5713/22/8594 4885/23/8594 4881/24/8594
f 5714/22/8595 4885/23/8595 5713/24/8595
f 5714/22/8596 5707/23/8596 4885/24/8596
f 4887/22/8597 5707/23/8597 5714/24/8597
f 4887/22/8598 4890/23/8598 5707/24/8598
f 4887/22/8599 4891/23/8599 4890/24/8599
f 4891/22/8600 4893/23/8600 4890/24/8600
f 4891/22/8601 4894/23/8601 4893/24/8601
f 4894/22/8602 5706/23/8602 4893/24/8602
f 4894/22/8603 4896/23/8603 5706/24/8603
f 5720/22/8604 4899/23/8604 4896/24/8604
f 4896/22/8605 4899/23/8605 5706/24/8605
f 4898/22/8606 4899/23/8606 5720/24/8606
f 4900/22/8607 4899/23/8607 4898/24/8607
f 4900/22/8608 4902/23/8608 4899/24/8608
f 4903/22/8609 4902/23/8609 4900/24/8609
f 4953/22/8610 4902/23/8610 4903/24/8610
f 4905/22/8611 4902/23/8611 4953/24/8611
f 4905/22/8612 4908/23/8612 4902/24/8612
f 4950/22/8613 4908/23/8613 4905/24/8613
f 4904/22/8614 4909/23/8614 4906/24/8614
f 4950/22/8615 4912/23/8615 4908/24/8615
f 4909/22/8616 4913/23/8616 4906/24/8616
f 4918/22/8617 4919/23/8617 4917/24/8617
f 4913/22/8618 4920/23/8618 4906/24/8618
f 4917/22/8619 4919/23/8619 4912/24/8619
f 4918/22/8620 4922/23/8620 4919/24/8620
f 4920/22/8621 5711/23/8621 4906/24/8621
f 4948/22/8622 4922/23/8622 4918/24/8622
f 4921/22/8623 4924/23/8623 4947/24/8623
f 4923/22/8624 4924/23/8624 4921/24/8624
f 4947/22/8625 4924/23/8625 4948/24/8625
f 4948/22/8626 4924/23/8626 4922/24/8626
f 5711/22/8627 5715/23/8627 4906/24/8627
f 5715/22/8628 4925/23/8628 4906/24/8628
f 4925/22/8629 4927/23/8629 4906/24/8629
f 4928/22/8630 4927/23/8630 4925/24/8630
f 4928/22/8631 4929/23/8631 4927/24/8631
f 4927/22/8632 4929/23/8632 4875/24/8632
f 4929/22/8633 4873/23/8633 4875/24/8633
f 4912/22/8634 4930/23/8634 4908/24/8634
f 4922/22/8635 4931/23/8635 4919/24/8635
f 4924/22/8636 4932/23/8636 4922/24/8636
f 4922/22/8637 4936/23/8637 4931/24/8637
f 4922/22/8638 4932/23/8638 4936/24/8638
f 4924/22/8639 4935/23/8639 4932/24/8639
f 4933/22/8640 4935/23/8640 4924/24/8640
f 4923/22/8641 4933/23/8641 4924/24/8641
f 4902/22/8642 4943/23/8642 4899/24/8642
f 4902/22/8643 4941/23/8643 4942/24/8643
f 4908/22/8644 4940/23/8644 4902/24/8644
f 4908/22/8645 4930/23/8645 4944/24/8645
f 4944/22/8646 4930/23/8646 4939/24/8646
f 4930/22/8647 4912/23/8647 4939/24/8647
f 4912/22/8648 4938/23/8648 4939/24/8648
f 4919/22/8649 4938/23/8649 4912/24/8649
f 4937/22/8650 4919/23/8650 4931/24/8650
f 4937/22/8651 4931/23/8651 4936/24/8651
f 4919/22/8652 4937/23/8652 4938/24/8652
f 4899/22/8653 4943/23/8653 4934/24/8653
f 4902/22/8654 4942/23/8654 4943/24/8654
f 4936/22/8655 4932/23/8655 4935/24/8655
f 4902/22/8656 4940/23/8656 4941/24/8656
f 4908/22/8657 4944/23/8657 4945/24/8657
f 4935/22/8658 4933/23/8658 3601/24/8658
f 4908/22/8659 4945/23/8659 4940/24/8659
f 4916/22/8660 4499/23/8660 4956/24/8660
f 4916/22/8661 4946/23/8661 4499/24/8661
f 4946/22/8662 4500/23/8662 4499/24/8662
f 4921/22/8663 4501/23/8663 4500/24/8663
f 4949/22/8664 4503/23/8664 4501/24/8664
f 4506/22/8665 4505/23/8665 4951/24/8665
f 4951/22/8666 4918/23/8666 4917/24/8666
f 4951/22/8667 4917/23/8667 4506/24/8667
f 4917/22/8668 4508/23/8668 4506/24/8668
f 4953/22/8669 4952/23/8669 4905/24/8669
f 4511/22/8670 4953/23/8670 4512/24/8670
f 4946/22/8671 4916/23/8671 4921/24/8671
f 4495/22/8672 4903/23/8672 4900/24/8672
f 4512/22/8673 4903/23/8673 4495/24/8673
f 4949/22/8674 4948/23/8674 4918/24/8674
f 4946/22/8675 4921/23/8675 4500/24/8675
f 4921/22/8676 4947/23/8676 4501/24/8676
f 4947/22/8677 4949/23/8677 4501/24/8677
f 4948/22/8678 4949/23/8678 4947/24/8678
f 4949/22/8679 4505/23/8679 4503/24/8679
f 4918/22/8680 4505/23/8680 4949/24/8680
f 4951/22/8681 4505/23/8681 4918/24/8681
f 4952/22/8682 4953/23/8682 4511/24/8682
f 4953/22/8683 4903/23/8683 4512/24/8683
f 4495/22/8684 4900/23/8684 4954/24/8684
f 4900/22/8685 4898/23/8685 4954/24/8685
f 4954/22/8686 4898/23/8686 4955/24/8686
f 4915/22/8687 4956/23/8687 4497/24/8687
f 4916/22/8688 4956/23/8688 4915/24/8688
f 4985/22/8689 4959/23/8689 4958/24/8689
f 4960/22/8690 4961/23/8690 4516/24/8690
f 4965/22/8691 4957/23/8691 4515/24/8691
f 4515/22/8692 4957/23/8692 4516/24/8692
f 4985/22/8693 4958/23/8693 4962/24/8693
f 4516/22/8694 4963/23/8694 4964/24/8694
f 4915/22/8695 4497/23/8695 4967/24/8695
f 4961/22/8696 4963/23/8696 4516/24/8696
f 4516/22/8697 4964/23/8697 4966/24/8697
f 4966/22/8698 4967/23/8698 4497/24/8698
f 4960/22/8699 4957/23/8699 4965/24/8699
f 4960/22/8700 4516/23/8700 4957/24/8700
f 4984/22/8701 4969/23/8701 4983/24/8701
f 4983/22/8702 4969/23/8702 4910/24/8702
f 4984/22/8703 4538/23/8703 4969/24/8703
f 4969/22/8704 4538/23/8704 4537/24/8704
f 4969/22/8705 4537/23/8705 4971/24/8705
f 4537/22/8706 4533/23/8706 4971/24/8706
f 4968/22/8707 4972/23/8707 4876/24/8707
f 4533/22/8708 4973/23/8708 4971/24/8708
f 4975/22/8709 4972/23/8709 4550/24/8709
f 4545/22/8710 4976/23/8710 4548/24/8710
f 4926/22/8711 4976/23/8711 4545/24/8711
f 4926/22/8712 4545/23/8712 4977/24/8712
f 4545/22/8713 4978/23/8713 4977/24/8713
f 4926/22/8714 4977/23/8714 4914/24/8714
f 4543/22/8715 4978/23/8715 4545/24/8715
f 4977/22/8716 4978/23/8716 4979/24/8716
f 4542/22/8717 4980/23/8717 4543/24/8717
f 4980/22/8718 4542/23/8718 4981/24/8718
f 4981/22/8719 4982/23/8719 4914/24/8719
f 4975/22/8720 4548/23/8720 4876/24/8720
f 4550/22/8721 4548/23/8721 4975/24/8721
f 4982/22/8722 4911/23/8722 4914/24/8722
f 4548/22/8723 4976/23/8723 4876/24/8723
f 4542/22/8724 4540/23/8724 4982/24/8724
f 4983/22/8725 4910/23/8725 4911/24/8725
f 4540/22/8726 4984/23/8726 4983/24/8726
f 4538/22/8727 4984/23/8727 4540/24/8727
f 4985/22/8728 4889/23/8728 4892/24/8728
f 4910/22/8729 4969/23/8729 4971/24/8729
f 4910/22/8730 4971/23/8730 4907/24/8730
f 4530/22/8731 4884/23/8731 4535/24/8731
f 4907/22/8732 4971/23/8732 4973/24/8732
f 4533/22/8733 4986/23/8733 4973/24/8733
f 4530/22/8734 4883/23/8734 4884/24/8734
f 4527/22/8735 4883/23/8735 4530/24/8735
f 4889/22/8736 4535/23/8736 4886/24/8736
f 4884/22/8737 4886/23/8737 4535/24/8737
f 4882/22/8738 4883/23/8738 4527/24/8738
f 4527/22/8739 4987/23/8739 4882/24/8739
f 4970/22/8740 4972/23/8740 4968/24/8740
f 4974/22/8741 4972/23/8741 4970/24/8741
f 4974/22/8742 4550/23/8742 4972/24/8742
f 4987/22/8743 4527/23/8743 4521/24/8743
f 4521/22/8744 4988/23/8744 4987/24/8744
f 4978/22/8745 4543/23/8745 4980/24/8745
f 4979/22/8746 4978/23/8746 4980/24/8746
f 4980/22/8747 4981/23/8747 4979/24/8747
f 4542/22/8748 4982/23/8748 4981/24/8748
f 4540/22/8749 4983/23/8749 4982/24/8749
f 4982/22/8750 4983/23/8750 4911/24/8750
f 4970/22/8751 4968/23/8751 4988/24/8751
f 4989/22/8752 4718/23/8752 4730/24/8752
f 4989/22/8753 4990/23/8753 4718/24/8753
f 4509/22/8754 4990/23/8754 4989/24/8754
f 4509/22/8755 4510/23/8755 4990/24/8755
f 4719/22/8756 4992/23/8756 4725/24/8756
f 4510/22/8757 4992/23/8757 4990/24/8757
f 4991/22/8758 4494/23/8758 4089/24/8758
f 4089/22/8759 4494/23/8759 4088/24/8759
f 4496/22/8760 4993/23/8760 4727/24/8760
f 4993/22/8761 4995/23/8761 4731/24/8761
f 4719/22/8762 4990/23/8762 4992/24/8762
f 4995/22/8763 4720/23/8763 4731/24/8763
f 4995/22/8764 4502/23/8764 4720/24/8764
f 4991/22/8765 4725/23/8765 4992/24/8765
f 4494/22/8766 4991/23/8766 4992/24/8766
f 4502/22/8767 4997/23/8767 4720/24/8767
f 4502/22/8768 4504/23/8768 4997/24/8768
f 4720/22/8769 4997/23/8769 4728/24/8769
f 4718/22/8770 4990/23/8770 4719/24/8770
f 4997/22/8771 4994/23/8771 4728/24/8771
f 4504/22/8772 4994/23/8772 4997/24/8772
f 4510/22/8773 4494/23/8773 4992/24/8773
f 4994/22/8774 4723/23/8774 4728/24/8774
f 4994/22/8775 4507/23/8775 4723/24/8775
f 4727/22/8776 4993/23/8776 4731/24/8776
f 4507/22/8777 4996/23/8777 4723/24/8777
f 4507/22/8778 4994/23/8778 4504/24/8778
f 4996/22/8779 4509/23/8779 4723/24/8779
f 4723/22/8780 4509/23/8780 4989/24/8780
f 4738/22/8781 4496/23/8781 4727/24/8781
f 4513/22/8782 4734/23/8782 4733/24/8782
f 4734/22/8783 4513/23/8783 4514/24/8783
f 4514/22/8784 4736/23/8784 4734/24/8784
f 4736/22/8785 4514/23/8785 4998/24/8785
f 4737/22/8786 4518/23/8786 4739/24/8786
f 4739/22/8787 4496/23/8787 4738/24/8787
f 4518/22/8788 4496/23/8788 4739/24/8788
f 4736/22/8789 4998/23/8789 4517/24/8789
f 4517/22/8790 4737/23/8790 4736/24/8790
f 4518/22/8791 4737/23/8791 4517/24/8791
f 5006/22/8792 4747/23/8792 4528/24/8792
f 4520/22/8793 4999/23/8793 5000/24/8793
f 4733/22/8794 4536/23/8794 4513/24/8794
f 4536/22/8795 4746/23/8795 4531/24/8795
f 4745/22/8796 4746/23/8796 4536/24/8796
f 4746/22/8797 5006/23/8797 4531/24/8797
f 4528/22/8798 4999/23/8798 4522/24/8798
f 4748/22/8799 4999/23/8799 4528/24/8799
f 5000/22/8800 5001/23/8800 4520/24/8800
f 4520/22/8801 5001/23/8801 4519/24/8801
f 4745/22/8802 4536/23/8802 4733/24/8802
f 4531/22/8803 5006/23/8803 4528/24/8803
f 4551/22/8804 4755/23/8804 4549/24/8804
f 4752/22/8805 4755/23/8805 4551/24/8805
f 4755/22/8806 4757/23/8806 4549/24/8806
f 4748/22/8807 4528/23/8807 4747/24/8807
f 4757/22/8808 5002/23/8808 4546/24/8808
f 4999/22/8809 4520/23/8809 4522/24/8809
f 5002/22/8810 5009/23/8810 4546/24/8810
f 4752/22/8811 4519/23/8811 5001/24/8811
f 4546/22/8812 4759/23/8812 4544/24/8812
f 5009/22/8813 4759/23/8813 4546/24/8813
f 4752/22/8814 4551/23/8814 4519/24/8814
f 4759/22/8815 4541/23/8815 4544/24/8815
f 4757/22/8816 4547/23/8816 4549/24/8816
f 4546/22/8817 4547/23/8817 4757/24/8817
f 5003/22/8818 4539/23/8818 4541/24/8818
f 5003/22/8819 4541/23/8819 4759/24/8819
f 4761/22/8820 4539/23/8820 5003/24/8820
f 4761/22/8821 5004/23/8821 4539/24/8821
f 4539/22/8822 5004/23/8822 5005/24/8822
f 4741/22/8823 4534/23/8823 4767/24/8823
f 5004/22/8824 4767/23/8824 5005/24/8824
f 5005/22/8825 4767/23/8825 5007/24/8825
f 5008/22/8826 4534/23/8826 4741/24/8826
f 5008/22/8827 4532/23/8827 4534/24/8827
f 4767/22/8828 4534/23/8828 5007/24/8828
f 5008/22/8829 4529/23/8829 4532/24/8829
f 5008/22/8830 4754/23/8830 4529/24/8830
f 4529/22/8831 4754/23/8831 4526/24/8831
f 5011/22/8832 5012/23/8832 5010/24/8832
f 5011/22/8833 4354/23/8833 5012/24/8833
f 5015/22/8834 4354/23/8834 5011/24/8834
f 4342/22/8835 4340/23/8835 4349/24/8835
f 4340/22/8836 5012/23/8836 4349/24/8836
f 5012/22/8837 4340/23/8837 5010/24/8837
f 5012/22/8838 4354/23/8838 4349/24/8838
f 5013/22/8839 5011/23/8839 5010/24/8839
f 5013/22/8840 5016/23/8840 5011/24/8840
f 5011/22/8841 5016/23/8841 5015/24/8841
f 5016/22/8842 5014/23/8842 5015/24/8842
f 5015/22/8843 5014/23/8843 4400/24/8843
f 4400/22/8844 5017/23/8844 4438/24/8844
f 5014/22/8845 5017/23/8845 4400/24/8845
f 5014/22/8846 4338/23/8846 5017/24/8846
f 5018/22/8847 4438/23/8847 5017/24/8847
f 4485/22/8848 5022/23/8848 5018/24/8848
f 5018/22/8849 5022/23/8849 4438/24/8849
f 5022/22/8850 5021/23/8850 4438/24/8850
f 5021/22/8851 5022/23/8851 4485/24/8851
f 4440/22/8852 5020/23/8852 4441/24/8852
f 4487/22/8853 5023/23/8853 4485/24/8853
f 5019/22/8854 5023/23/8854 4487/24/8854
f 4440/22/8855 5019/23/8855 5020/24/8855
f 4440/22/8856 5023/23/8856 5019/24/8856
f 4485/22/8857 5023/23/8857 5021/24/8857
f 5023/22/8858 4440/23/8858 5021/24/8858
f 5025/22/8859 4442/23/8859 4441/24/8859
f 5025/22/8860 4489/23/8860 4442/24/8860
f 5020/22/8861 5025/23/8861 4441/24/8861
f 5019/22/8862 5025/23/8862 5020/24/8862
f 5019/22/8863 4487/23/8863 5025/24/8863
f 4490/22/8864 5026/23/8864 4443/24/8864
f 4489/22/8865 4490/23/8865 4442/24/8865
f 4442/22/8866 4490/23/8866 4443/24/8866
f 4443/22/8867 5026/23/8867 4455/24/8867
f 5026/22/8868 5024/23/8868 4455/24/8868
f 5027/22/8869 5024/23/8869 5026/24/8869
f 4459/22/8870 5028/23/8870 4472/24/8870
f 4472/22/8871 5028/23/8871 4473/24/8871
f 5028/22/8872 4486/23/8872 4473/24/8872
f 5028/22/8873 5030/23/8873 4486/24/8873
f 4486/22/8874 5030/23/8874 4488/24/8874
f 5030/22/8875 5031/23/8875 4488/24/8875
f 5031/22/8876 4491/23/8876 4488/24/8876
f 5031/22/8877 5029/23/8877 4491/24/8877
f 5029/22/8878 4492/23/8878 4491/24/8878
f 4553/22/8879 5032/23/8879 3548/24/8879
f 5032/22/8880 5033/23/8880 3548/24/8880
f 5033/22/8881 3550/23/8881 3548/24/8881
f 5033/22/8882 5133/23/8882 3550/24/8882
f 5133/22/8883 5034/23/8883 3550/24/8883
f 5034/22/8884 5035/23/8884 3550/24/8884
f 5035/22/8885 3551/23/8885 3550/24/8885
f 5035/22/8886 5036/23/8886 3551/24/8886
f 5036/22/8887 5069/23/8887 3551/24/8887
f 5069/22/8888 5130/23/8888 3551/24/8888
f 5130/22/8888 3555/23/8888 3551/24/8888
f 5130/22/8889 5129/23/8889 3555/24/8889
f 5129/22/8890 5037/23/8890 3555/24/8890
f 5037/22/8891 5124/23/8891 3555/24/8891
f 5124/22/8892 3557/23/8892 3555/24/8892
f 5124/22/8893 5038/23/8893 3557/24/8893
f 5038/22/8894 5118/23/8894 3557/24/8894
f 5118/22/8895 3560/23/8895 3557/24/8895
f 5118/22/8896 5114/23/8896 3560/24/8896
f 5114/22/8897 5039/23/8897 3560/24/8897
f 5039/22/8898 5040/23/8898 3560/24/8898
f 5040/22/8899 5041/23/8899 3560/24/8899
f 5041/22/8900 3563/23/8900 3560/24/8900
f 5041/22/8901 5042/23/8901 3563/24/8901
f 5042/22/8902 5043/23/8902 3563/24/8902
f 5043/22/8903 5044/23/8903 3563/24/8903
f 5044/22/8904 5045/23/8904 3563/24/8904
f 5045/22/8905 3565/23/8905 3563/24/8905
f 5045/22/8906 5046/23/8906 3565/24/8906
f 5046/22/8907 5047/23/8907 3565/24/8907
f 5047/22/8908 3567/23/8908 3565/24/8908
f 5047/22/8909 5128/23/8909 3567/24/8909
f 5128/22/8910 5048/23/8910 3567/24/8910
f 5048/22/8911 5093/23/8911 3567/24/8911
f 5093/22/8912 5088/23/8912 3567/24/8912
f 3567/22/8913 5088/23/8913 3569/24/8913
f 5088/22/8914 5049/23/8914 3569/24/8914
f 5049/22/8915 5082/23/8915 3569/24/8915
f 5082/22/8916 5079/23/8916 3569/24/8916
f 5079/22/8917 5050/23/8917 3569/24/8917
f 3569/22/8918 5050/23/8918 3573/24/8918
f 5050/22/8919 5051/23/8919 3573/24/8919
f 5051/22/8920 5052/23/8920 3573/24/8920
f 5052/22/8921 5066/23/8921 3573/24/8921
f 3573/22/8922 5066/23/8922 3579/24/8922
f 5066/22/8923 5063/23/8923 3579/24/8923
f 3579/22/8924 5122/23/8924 3576/24/8924
f 5063/22/8925 5122/23/8925 3579/24/8925
f 5122/22/8926 5053/23/8926 3576/24/8926
f 3576/22/8927 5054/23/8927 3575/24/8927
f 5053/22/8928 5054/23/8928 3576/24/8928
f 5054/22/8929 5055/23/8929 3575/24/8929
f 5055/22/8930 5100/23/8930 3575/24/8930
f 3575/22/8931 5100/23/8931 3581/24/8931
f 5100/22/8932 5056/23/8932 3581/24/8932
f 5056/22/8933 5057/23/8933 3581/24/8933
f 5057/22/8934 5058/23/8934 3581/24/8934
f 3581/22/8935 5058/23/8935 3583/24/8935
f 5058/22/8936 5059/23/8936 3583/24/8936
f 5059/22/8937 5060/23/8937 3583/24/8937
f 4553/22/8938 3548/23/8938 3541/24/8938
f 5063/22/8939 5065/23/8939 5064/24/8939
f 5066/22/8940 5065/23/8940 5063/24/8940
f 5066/22/8941 5068/23/8941 5065/24/8941
f 5065/22/8942 5068/23/8942 5070/24/8942
f 5052/22/8943 5070/23/8943 5068/24/8943
f 5071/22/8944 5051/23/8944 5074/24/8944
f 5051/22/8945 5076/23/8945 5074/24/8945
f 5050/22/8946 5076/23/8946 5051/24/8946
f 5079/22/8947 5077/23/8947 5076/24/8947
f 5132/22/8948 5078/23/8948 5131/24/8948
f 5083/22/8949 5079/23/8949 5082/24/8949
f 5077/22/8950 5079/23/8950 5083/24/8950
f 5080/22/8951 5081/23/8951 5170/24/8951
f 5083/22/8952 5082/23/8952 5085/24/8952
f 5085/22/8953 5082/23/8953 5049/24/8953
f 3610/22/8954 5058/23/8954 5086/24/8954
f 5059/22/8955 5058/23/8955 3610/24/8955
f 5088/22/8956 5085/23/8956 5049/24/8956
f 5087/22/8957 5085/23/8957 5088/24/8957
f 5087/22/8958 5088/23/8958 5093/24/8958
f 5032/22/8959 4553/23/8959 4552/24/8959
f 5086/22/8960 5091/23/8960 5089/24/8960
f 5090/22/8961 5059/23/8961 3610/24/8961
f 5058/22/8962 5091/23/8962 5086/24/8962
f 5093/22/8963 5092/23/8963 5087/24/8963
f 5058/22/8964 5057/23/8964 5091/24/8964
f 5093/22/8965 5048/23/8965 5092/24/8965
f 5047/22/8966 5094/23/8966 5095/24/8966
f 5057/22/8967 5056/23/8967 5096/24/8967
f 5046/22/8968 5094/23/8968 5047/24/8968
f 5098/22/8969 5097/23/8969 5094/24/8969
f 5099/22/8970 5100/23/8970 5103/24/8970
f 5046/22/8971 5045/23/8971 5098/24/8971
f 5098/22/8972 5045/23/8972 5097/24/8972
f 5045/22/8973 5102/23/8973 5097/24/8973
f 5045/22/8974 5044/23/8974 5102/24/8974
f 5044/22/8975 5104/23/8975 5102/24/8975
f 5103/22/8976 5055/23/8976 5101/24/8976
f 5042/22/8977 5041/23/8977 5104/24/8977
f 5104/22/8978 5041/23/8978 5106/24/8978
f 5107/22/8979 5106/23/8979 5040/24/8979
f 5040/22/8980 5106/23/8980 5041/24/8980
f 5101/22/8981 5109/23/8981 5105/24/8981
f 5055/22/8982 5109/23/8982 5101/24/8982
f 5054/22/8983 5109/23/8983 5055/24/8983
f 5107/22/8984 5039/23/8984 5110/24/8984
f 5040/22/8985 5039/23/8985 5107/24/8985
f 5112/22/8986 5108/23/8986 5109/24/8986
f 5112/22/8987 5111/23/8987 5108/24/8987
f 5039/22/8988 5114/23/8988 5110/24/8988
f 5110/22/8989 5114/23/8989 5113/24/8989
f 5116/22/8990 5111/23/8990 5112/24/8990
f 5116/22/8991 5115/23/8991 5111/24/8991
f 5114/22/8992 5118/23/8992 5113/24/8992
f 5113/22/8993 5118/23/8993 5117/24/8993
f 5120/22/8994 5115/23/8994 5116/24/8994
f 5120/22/8995 5119/23/8995 5115/24/8995
f 5038/22/8996 5117/23/8996 5118/24/8996
f 5122/22/8997 5119/23/8997 5120/24/8997
f 5119/22/8998 5061/23/8998 5064/24/8998
f 5038/22/8999 5124/23/8999 5123/24/8999
f 5123/22/9000 5124/23/9000 5125/24/9000
f 5063/22/9001 5064/23/9001 5061/24/9001
f 5126/22/9002 5125/23/9002 5037/24/9002
f 5124/22/9003 5037/23/9003 5125/24/9003
f 5092/22/9004 5128/23/9004 5127/24/9004
f 5048/22/9005 5128/23/9005 5092/24/9005
f 5129/22/9006 5062/23/9006 5134/24/9006
f 5128/22/9007 5047/23/9007 5127/24/9007
f 5130/22/9008 5067/23/9008 5062/24/9008
f 5127/22/9009 5047/23/9009 5095/24/9009
f 5069/22/9010 5072/23/9010 5067/24/9010
f 5070/22/9011 5071/23/9011 5074/24/9011
f 5052/22/9012 5071/23/9012 5070/24/9012
f 5036/22/9013 5073/23/9013 5069/24/9013
f 5071/22/9014 5052/23/9014 5051/24/9014
f 5035/22/9015 5034/23/9015 5132/24/9015
f 5081/22/9016 5080/23/9016 5133/24/9016
f 5076/22/9017 5050/23/9017 5079/24/9017
f 5075/22/9018 5131/23/9018 5078/24/9018
f 5075/22/9019 5035/23/9019 5131/24/9019
f 5036/22/9020 5035/23/9020 5075/24/9020
f 5131/22/9021 5035/23/9021 5132/24/9021
f 5034/22/9022 5133/23/9022 5132/24/9022
f 5132/22/9023 5133/23/9023 5080/24/9023
f 5081/22/9024 5084/23/9024 5170/24/9024
f 5133/22/9025 5033/23/9025 5081/24/9025
f 5081/22/9026 5033/23/9026 5084/24/9026
f 3604/22/9027 5059/23/9027 5090/24/9027
f 5060/22/9028 5059/23/9028 3604/24/9028
f 5089/22/9029 5091/23/9029 5096/24/9029
f 5094/22/9030 5046/23/9030 5098/24/9030
f 5112/22/9031 5109/23/9031 5054/24/9031
f 5116/22/9032 5112/23/9032 5053/24/9032
f 5112/22/9033 5054/23/9033 5053/24/9033
f 5120/22/9034 5116/23/9034 5053/24/9034
f 5044/22/9035 5042/23/9035 5104/24/9035
f 5044/22/9036 5043/23/9036 5042/24/9036
f 5120/22/9037 5053/23/9037 5122/24/9037
f 5061/22/9038 5122/23/9038 5063/24/9038
f 5052/22/9039 5068/23/9039 5066/24/9039
f 5117/22/9040 5038/23/9040 5121/24/9040
f 5121/22/9041 5038/23/9041 5123/24/9041
f 5134/22/9042 5037/23/9042 5129/24/9042
f 5126/22/9043 5037/23/9043 5134/24/9043
f 5062/22/9044 5129/23/9044 5130/24/9044
f 5067/22/9045 5130/23/9045 5069/24/9045
f 5072/22/9046 5069/23/9046 5073/24/9046
f 5072/22/9047 5073/23/9047 5075/24/9047
f 5073/22/9048 5036/23/9048 5075/24/9048
f 5078/22/9049 5132/23/9049 5080/24/9049
f 5057/22/9050 5096/23/9050 5091/24/9050
f 5056/22/9051 5099/23/9051 5096/24/9051
f 5099/22/9052 5056/23/9052 5100/24/9052
f 5099/22/9053 5103/23/9053 5101/24/9053
f 5103/22/9054 5100/23/9054 5055/24/9054
f 5108/22/9055 5105/23/9055 5109/24/9055
f 5123/22/9056 5125/23/9056 5126/24/9056
f 5119/22/9057 5122/23/9057 5061/24/9057
f 5097/22/9058 5135/23/9058 5094/24/9058
f 5136/22/9059 5135/23/9059 5097/24/9059
f 5105/22/9060 5137/23/9060 5101/24/9060
f 5138/22/9061 5137/23/9061 5105/24/9061
f 5139/22/9062 5080/23/9062 5170/24/9062
f 5137/22/9063 5140/23/9063 5101/24/9063
f 5094/22/9064 5141/23/9064 5095/24/9064
f 5135/22/9065 5141/23/9065 5094/24/9065
f 5139/22/9066 5078/23/9066 5080/24/9066
f 5095/22/9067 5177/23/9067 5127/24/9067
f 5140/22/9068 5099/23/9068 5101/24/9068
f 5141/22/9069 5177/23/9069 5095/24/9069
f 5139/22/9070 5142/23/9070 5078/24/9070
f 5140/22/9071 5143/23/9071 5099/24/9071
f 5143/22/9072 5096/23/9072 5099/24/9072
f 5177/22/9073 5144/23/9073 5127/24/9073
f 5142/22/9074 5176/23/9074 5078/24/9074
f 5176/22/9075 5075/23/9075 5078/24/9075
f 5143/22/9076 5089/23/9076 5096/24/9076
f 5176/22/9077 5146/23/9077 5075/24/9077
f 5144/22/9078 5145/23/9078 5127/24/9078
f 5146/22/9079 5072/23/9079 5075/24/9079
f 5146/22/9080 5147/23/9080 5072/24/9080
f 5127/22/9081 5148/23/9081 5092/24/9081
f 5145/22/9082 5148/23/9082 5127/24/9082
f 5147/22/9083 5067/23/9083 5072/24/9083
f 5147/22/9084 5149/23/9084 5067/24/9084
f 5148/22/9085 5150/23/9085 5092/24/9085
f 5149/22/9086 5062/23/9086 5067/24/9086
f 5150/22/9087 5151/23/9087 5092/24/9087
f 5149/22/9088 5173/23/9088 5062/24/9088
f 5092/22/9089 5151/23/9089 5087/24/9089
f 5062/22/9090 5173/23/9090 5134/24/9090
f 5151/22/9091 5152/23/9091 5087/24/9091
f 5087/22/9092 5152/23/9092 5085/24/9092
f 5152/22/9093 5153/23/9093 5085/24/9093
f 5085/22/9094 5153/23/9094 5083/24/9094
f 5134/22/9095 5154/23/9095 5126/24/9095
f 5173/22/9096 5154/23/9096 5134/24/9096
f 5153/22/9097 5155/23/9097 5083/24/9097
f 5083/22/9098 5155/23/9098 5077/24/9098
f 5126/22/9099 5156/23/9099 5123/24/9099
f 5154/22/9100 5156/23/9100 5126/24/9100
f 5155/22/9101 3671/23/9101 5077/24/9101
f 5077/22/9102 3671/23/9102 5076/24/9102
f 5123/22/9103 4448/23/9103 5121/24/9103
f 5156/22/9104 4448/23/9104 5123/24/9104
f 3671/22/9105 3695/23/9105 5076/24/9105
f 5076/22/9106 3695/23/9106 5074/24/9106
f 5121/22/9107 5157/23/9107 5117/24/9107
f 4448/22/9108 5157/23/9108 5121/24/9108
f 3695/22/9109 3696/23/9109 5074/24/9109
f 5074/22/9110 5158/23/9110 5070/24/9110
f 3696/22/9111 5158/23/9111 5074/24/9111
f 5117/22/9112 5159/23/9112 5113/24/9112
f 5157/22/9113 5159/23/9113 5117/24/9113
f 5158/22/9114 5160/23/9114 5070/24/9114
f 5113/22/9115 5179/23/9115 5110/24/9115
f 5159/22/9116 5179/23/9116 5113/24/9116
f 5070/22/9117 3699/23/9117 5065/24/9117
f 5110/22/9118 5161/23/9118 5107/24/9118
f 5160/22/9119 3699/23/9119 5070/24/9119
f 5179/22/9120 5161/23/9120 5110/24/9120
f 5065/22/9121 5162/23/9121 5064/24/9121
f 5107/22/9122 5163/23/9122 5106/24/9122
f 3699/22/9123 5162/23/9123 5065/24/9123
f 5161/22/9124 5163/23/9124 5107/24/9124
f 5064/22/9125 5164/23/9125 5119/24/9125
f 5162/22/9126 5164/23/9126 5064/24/9126
f 5106/22/9127 5165/23/9127 5104/24/9127
f 5163/22/9128 5165/23/9128 5106/24/9128
f 5119/22/9129 5166/23/9129 5115/24/9129
f 5164/22/9130 5166/23/9130 5119/24/9130
f 5104/22/9131 5167/23/9131 5102/24/9131
f 5165/22/9132 5167/23/9132 5104/24/9132
f 5115/22/9133 3701/23/9133 5111/24/9133
f 5166/22/9134 3701/23/9134 5115/24/9134
f 5167/22/9135 5168/23/9135 5102/24/9135
f 5111/22/9136 5169/23/9136 5108/24/9136
f 3701/22/9137 5169/23/9137 5111/24/9137
f 5102/22/9138 5136/23/9138 5097/24/9138
f 5168/22/9139 5136/23/9139 5102/24/9139
f 5108/22/9140 5138/23/9140 5105/24/9140
f 5169/22/9141 5138/23/9141 5108/24/9141
f 4560/22/9142 5032/23/9142 4561/24/9142
f 4560/22/9143 5033/23/9143 5032/24/9143
f 4558/22/9144 5084/23/9144 5033/24/9144
f 4558/22/9145 5033/23/9145 4560/24/9145
f 5170/22/9146 4558/23/9146 4557/24/9146
f 5170/22/9147 5084/23/9147 4558/24/9147
f 4561/22/9148 5032/23/9148 4552/24/9148
f 5171/22/9149 4425/23/9149 5142/24/9149
f 5171/22/9150 5142/23/9150 5139/24/9150
f 5171/22/9151 5170/23/9151 4557/24/9151
f 5171/22/9152 5139/23/9152 5170/24/9152
f 5172/22/9153 5154/23/9153 5173/24/9153
f 4422/22/9154 5173/23/9154 5149/24/9154
f 5149/22/9155 5147/23/9155 4422/24/9155
f 5156/22/9156 4449/23/9156 4448/24/9156
f 5175/22/9157 5147/23/9157 5146/24/9157
f 4425/22/9158 4424/23/9158 5146/24/9158
f 4425/22/9159 5146/23/9159 5176/24/9159
f 4405/22/9160 3653/23/9160 5144/24/9160
f 5141/22/9161 4405/23/9161 5177/24/9161
f 5141/22/9162 4406/23/9162 4405/24/9162
f 5178/22/9163 4406/23/9163 5141/24/9163
f 5178/22/9164 5141/23/9164 5135/24/9164
f 5135/22/9165 5136/23/9165 5178/24/9165
f 5168/22/9166 4446/23/9166 4439/24/9166
f 5167/22/9167 4445/23/9167 4446/24/9167
f 5165/22/9168 5163/23/9168 4445/24/9168
f 5161/22/9169 5179/23/9169 4444/24/9169
f 5179/22/9170 4447/23/9170 4444/24/9170
f 4439/22/9171 5136/23/9171 5168/24/9171
f 4421/22/9172 5157/23/9172 4448/24/9172
f 4446/22/9173 5168/23/9173 5167/24/9173
f 5173/22/9174 5174/23/9174 5172/24/9174
f 5173/22/9175 4422/23/9175 5174/24/9175
f 4445/22/9176 5167/23/9176 5165/24/9176
f 5147/22/9177 5175/23/9177 4424/24/9177
f 4424/22/9178 5175/23/9178 5146/24/9178
f 4405/22/9179 5144/23/9179 5177/24/9179
f 5163/22/9180 5161/23/9180 4444/24/9180
f 5159/22/9181 4421/23/9181 4447/24/9181
f 5159/22/9182 4447/23/9182 5179/24/9182
f 5159/22/9183 5157/23/9183 4421/24/9183
f 4425/22/9184 5176/23/9184 5142/24/9184
f 5155/22/9185 3664/23/9185 3671/24/9185
f 3664/22/9186 5153/23/9186 3660/24/9186
f 3658/22/9187 3660/23/9187 5151/24/9187
f 5148/22/9188 3658/23/9188 5150/24/9188
f 5145/22/9189 3653/23/9189 5148/24/9189
f 5137/22/9190 3603/23/9190 5140/24/9190
f 3703/22/9191 5137/23/9191 5138/24/9191
f 5138/22/9192 3683/23/9192 3703/24/9192
f 3700/22/9193 5166/23/9193 5164/24/9193
f 5138/22/9194 5169/23/9194 3683/24/9194
f 3700/22/9195 5164/23/9195 5162/24/9195
f 3697/22/9196 5160/23/9196 5158/24/9196
f 3696/22/9197 3697/23/9197 5158/24/9197
f 3683/22/9198 5169/23/9198 3701/24/9198
f 3701/22/9199 5166/23/9199 3700/24/9199
f 3664/22/9200 5155/23/9200 5153/24/9200
f 3660/22/9201 5153/23/9201 5152/24/9201
f 3660/22/9202 5152/23/9202 5151/24/9202
f 3658/22/9203 5151/23/9203 5150/24/9203
f 3653/22/9204 5145/23/9204 5144/24/9204
f 3699/22/9205 3700/23/9205 5162/24/9205
f 5160/22/9206 3698/23/9206 3699/24/9206
f 3697/22/9207 3698/23/9207 5160/24/9207
f 5180/22/9208 5089/23/9208 5143/24/9208
f 5180/22/9209 5143/23/9209 5140/24/9209
f 5180/22/9210 5140/23/9210 3603/24/9210
f 5086/22/9211 5089/23/9211 3609/24/9211
f 3610/22/9212 5086/23/9212 3609/24/9212
f 5182/22/9213 6243/23/9213 4034/24/9213
f 6243/22/9214 4032/23/9214 4034/24/9214
f 5184/22/9215 4040/23/9215 5183/24/9215
f 5184/22/9216 4037/23/9216 4040/24/9216
f 5184/22/9216 5185/23/9216 4037/24/9216
f 6243/22/9217 5186/23/9217 4032/24/9217
f 5185/22/9216 5187/23/9216 4037/24/9216
f 5187/22/9216 5188/23/9216 4037/24/9216
f 5188/22/9216 4036/23/9216 4037/24/9216
f 3542/22/9218 5181/23/9218 3562/24/9218
f 4030/22/9216 5181/23/9216 3542/24/9216
f 4032/22/9219 5186/23/9219 4030/24/9219
f 5188/22/9216 4034/23/9216 4036/24/9216
f 5188/22/9220 5182/23/9220 4034/24/9220
f 5186/22/9221 5181/23/9221 4030/24/9221
f 5189/22/9222 4112/23/9222 5190/24/9222
f 5190/22/9223 4113/23/9223 5191/24/9223
f 4112/22/9224 4113/23/9224 5190/24/9224
f 5192/22/9225 4110/23/9225 5189/24/9225
f 5189/22/9216 4110/23/9216 4112/24/9216
f 5193/22/9226 4110/23/9226 5192/24/9226
f 5194/22/9227 4111/23/9227 5193/24/9227
f 5193/22/9228 4111/23/9228 4110/24/9228
f 4113/22/9229 4114/23/9229 5191/24/9229
f 4114/22/9230 5195/23/9230 5191/24/9230
f 5194/22/9231 5196/23/9231 4111/24/9231
f 5196/22/9232 4072/23/9232 4111/24/9232
f 4114/22/9233 5197/23/9233 5195/24/9233
f 4114/22/9234 4115/23/9234 5197/24/9234
f 4115/22/9235 5198/23/9235 5197/24/9235
f 4115/22/9216 4116/23/9216 5198/24/9216
f 4116/22/9216 5199/23/9216 5198/24/9216
f 4116/22/9236 4348/23/9236 5199/24/9236
f 5199/22/9236 4348/23/9236 5200/24/9236
f 4348/22/9216 4347/23/9216 5200/24/9216
f 5200/22/9237 4347/23/9237 5201/24/9237
f 4347/22/9238 4871/23/9238 5201/24/9238
f 5201/22/9239 4871/23/9239 5202/24/9239
f 4871/22/9240 5203/23/9240 5202/24/9240
f 4871/22/9241 5204/23/9241 5203/24/9241
f 4871/22/9242 4870/23/9242 5204/24/9242
f 4870/22/9243 5205/23/9243 5204/24/9243
f 4870/22/9244 5206/23/9244 5205/24/9244
f 4870/22/9216 4869/23/9216 5206/24/9216
f 4869/22/9216 5207/23/9216 5206/24/9216
f 4498/22/9245 5207/23/9245 4869/24/9245
f 4498/22/9246 5208/23/9246 5207/24/9246
f 5677/22/9247 4864/23/9247 5210/24/9247
f 5210/22/9248 4861/23/9248 5681/24/9248
f 4864/22/9232 4861/23/9232 5210/24/9232
f 3522/22/9231 3518/23/9231 5209/24/9231
f 5211/22/9249 4867/23/9249 5212/24/9249
f 4525/22/9250 4867/23/9250 5211/24/9250
f 5681/22/9251 4861/23/9251 5683/24/9251
f 5683/22/9252 4861/23/9252 5213/24/9252
f 5212/22/9216 4867/23/9216 5214/24/9216
f 4861/22/9253 4859/23/9253 5213/24/9253
f 4867/22/9216 4865/23/9216 5214/24/9216
f 4865/22/9216 5215/23/9216 5214/24/9216
f 4859/22/9254 5209/23/9254 5213/24/9254
f 4859/22/9220 3522/23/9220 5209/24/9220
f 4865/22/9255 5216/23/9255 5215/24/9255
f 4865/22/9256 4864/23/9256 5216/24/9256
f 4864/22/9257 5677/23/9257 5216/24/9257
f 4927/22/9258 5217/23/9258 4906/24/9258
f 5253/22/9259 5251/23/9259 5246/24/9259
f 5224/22/9260 5386/23/9260 5269/24/9260
f 5218/22/9261 5219/23/9261 5200/24/9261
f 5218/22/9262 5200/23/9262 5201/24/9262
f 5224/22/9263 5269/23/9263 5271/24/9263
f 5247/22/9264 5253/23/9264 5246/24/9264
f 5227/22/9265 5221/23/9265 5218/24/9265
f 5228/22/9266 5224/23/9266 5271/24/9266
f 5228/22/9267 5271/23/9267 5223/24/9267
f 5199/22/9268 5783/23/9268 5198/24/9268
f 5229/22/9269 5228/23/9269 5223/24/9269
f 5226/22/9270 5222/23/9270 5257/24/9270
f 5229/22/9271 5223/23/9271 5225/24/9271
f 5232/22/9272 5229/23/9272 5225/24/9272
f 5233/22/9273 5234/23/9273 5240/24/9273
f 5230/22/9274 5220/23/9274 5280/24/9274
f 5201/22/9275 5227/23/9275 5218/24/9275
f 5232/22/9276 5225/23/9276 5221/24/9276
f 5235/22/9277 5226/23/9277 5257/24/9277
f 5236/22/9278 5232/23/9278 5221/24/9278
f 5236/22/9279 5221/23/9279 5227/24/9279
f 5235/22/9280 5257/23/9280 5220/24/9280
f 5250/22/9281 5233/23/9281 5240/24/9281
f 5237/22/9282 5236/23/9282 5227/24/9282
f 5238/22/9283 5230/23/9283 5280/24/9283
f 5238/22/9284 5280/23/9284 5279/24/9284
f 5245/22/9285 5246/23/9285 5231/24/9285
f 5245/22/9286 5247/23/9286 5246/24/9286
f 5239/22/9287 5227/23/9287 5201/24/9287
f 5239/22/9288 5237/23/9288 5227/24/9288
f 5239/22/9289 5201/23/9289 5202/24/9289
f 5248/22/9290 5243/23/9290 5244/24/9290
f 5260/22/9291 5250/23/9291 5240/24/9291
f 5238/22/9292 5279/23/9292 5273/24/9292
f 5245/22/9293 5231/23/9293 5199/24/9293
f 5243/22/9294 5240/23/9294 5242/24/9294
f 5256/22/9295 5273/23/9295 5261/24/9295
f 5256/22/9296 5238/23/9296 5273/24/9296
f 5255/22/9297 5252/23/9297 5254/24/9297
f 5257/22/9298 5248/23/9298 5249/24/9298
f 5255/22/9299 5254/23/9299 5262/24/9299
f 5263/22/9300 5235/23/9300 5220/24/9300
f 5264/22/9301 5255/23/9301 5262/24/9301
f 5252/22/9302 5257/23/9302 5249/24/9302
f 5261/22/9303 5259/23/9303 5253/24/9303
f 5264/22/9304 5262/23/9304 5265/24/9304
f 5267/22/9305 5256/23/9305 5261/24/9305
f 5276/22/9306 5264/23/9306 5265/24/9306
f 5268/22/9307 5266/23/9307 5252/24/9307
f 5268/22/9308 5252/23/9308 5255/24/9308
f 5269/22/9309 5263/23/9309 5220/24/9309
f 5269/22/9310 5220/23/9310 5230/24/9310
f 5245/22/9311 5199/23/9311 5200/24/9311
f 5267/22/9312 5261/23/9312 5253/24/9312
f 5272/22/9313 5276/23/9313 5265/24/9313
f 5258/22/9314 5265/23/9314 5270/24/9314
f 5258/22/9315 5272/23/9315 5265/24/9315
f 5271/22/9316 5269/23/9316 5230/24/9316
f 5271/22/9317 5230/23/9317 5238/24/9317
f 5219/22/9318 5267/23/9318 5253/24/9318
f 5258/22/9319 5270/23/9319 5778/24/9319
f 5219/22/9320 5253/23/9320 5247/24/9320
f 5223/22/9321 5271/23/9321 5238/24/9321
f 5274/22/9322 5266/23/9322 5268/24/9322
f 5273/22/9323 5259/23/9323 5261/24/9323
f 5274/22/9324 5268/23/9324 5264/24/9324
f 5222/22/9325 5243/23/9325 5248/24/9325
f 5251/22/9326 5258/23/9326 5778/24/9326
f 5251/22/9327 5778/23/9327 5782/24/9327
f 5225/22/9328 5223/23/9328 5238/24/9328
f 5225/22/9329 5238/23/9329 5256/24/9329
f 5279/22/9330 5274/23/9330 5264/24/9330
f 5279/22/9331 5264/23/9331 5276/24/9331
f 5275/22/9332 5260/23/9332 5222/24/9332
f 5222/22/9333 5248/23/9333 5257/24/9333
f 5219/22/9334 5247/23/9334 5245/24/9334
f 5219/22/9335 5245/23/9335 5200/24/9335
f 5246/22/9336 5251/23/9336 5782/24/9336
f 5273/22/9337 5276/23/9337 5272/24/9337
f 5273/22/9338 5279/23/9338 5276/24/9338
f 5278/22/9339 5275/23/9339 5222/24/9339
f 5225/22/9340 5256/23/9340 5267/24/9340
f 5397/22/9341 5278/23/9341 5222/24/9341
f 5397/22/9342 5222/23/9342 5226/24/9342
f 5221/22/9343 5225/23/9343 5267/24/9343
f 5246/22/9344 5782/23/9344 5783/24/9344
f 5264/22/9345 5268/23/9345 5255/24/9345
f 5259/22/9346 5273/23/9346 5272/24/9346
f 5259/22/9347 5272/23/9347 5258/24/9347
f 5220/22/9348 5257/23/9348 5252/24/9348
f 5220/22/9349 5252/23/9349 5266/24/9349
f 5260/22/9350 5240/23/9350 5243/24/9350
f 5274/22/9351 5277/23/9351 5266/24/9351
f 5393/22/9352 5397/23/9352 5226/24/9352
f 5393/22/9353 5226/23/9353 5235/24/9353
f 5220/22/9354 5266/23/9354 5277/24/9354
f 5231/22/9355 5246/23/9355 5783/24/9355
f 5280/22/9356 5277/23/9356 5274/24/9356
f 5280/22/9357 5274/23/9357 5279/24/9357
f 5218/22/9358 5221/23/9358 5267/24/9358
f 5218/22/9359 5267/23/9359 5219/24/9359
f 5280/22/9360 5220/23/9360 5277/24/9360
f 5389/22/9361 5393/23/9361 5235/24/9361
f 5389/22/9362 5235/23/9362 5263/24/9362
f 5231/22/9363 5783/23/9363 5199/24/9363
f 5253/22/9364 5258/23/9364 5251/24/9364
f 5253/22/9365 5259/23/9365 5258/24/9365
f 5386/22/9366 5389/23/9366 5263/24/9366
f 5222/22/9367 5260/23/9367 5243/24/9367
f 5386/22/9368 5263/23/9368 5269/24/9368
f 5755/22/9369 5286/23/9369 5281/24/9369
f 5282/22/9370 5286/23/9370 5755/24/9370
f 4498/22/9371 5283/23/9371 5208/24/9371
f 4955/22/9372 5284/23/9372 4498/24/9372
f 4498/22/9373 5284/23/9373 5283/24/9373
f 5284/22/9374 5285/23/9374 5283/24/9374
f 5284/22/9375 5287/23/9375 5285/24/9375
f 5287/22/9376 5716/23/9376 5285/24/9376
f 5716/22/9377 5288/23/9377 5285/24/9377
f 5716/22/9378 5289/23/9378 5288/24/9378
f 5289/22/9379 5290/23/9379 5288/24/9379
f 5281/22/9380 5717/23/9380 5291/24/9380
f 5286/22/9381 5717/23/9381 5281/24/9381
f 5289/22/9382 5292/23/9382 5290/24/9382
f 5717/22/9383 5718/23/9383 5291/24/9383
f 5290/22/9384 5292/23/9384 5749/24/9384
f 5291/22/9385 5293/23/9385 5476/24/9385
f 5718/22/9386 5293/23/9386 5291/24/9386
f 5292/22/9387 5710/23/9387 5749/24/9387
f 5293/22/9388 5294/23/9388 5476/24/9388
f 5749/22/9389 5708/23/9389 5295/24/9389
f 5710/22/9390 5708/23/9390 5749/24/9390
f 5295/22/9391 5296/23/9391 5297/24/9391
f 5708/22/9392 5296/23/9392 5295/24/9392
f 5297/22/9393 5298/23/9393 5299/24/9393
f 5296/22/9394 5298/23/9394 5297/24/9394
f 5299/22/9395 5282/23/9395 5755/24/9395
f 5298/22/9396 5282/23/9396 5299/24/9396
f 4525/22/9397 5211/23/9397 5769/24/9397
f 4523/22/9398 4525/23/9398 5769/24/9398
f 5303/22/9399 5304/23/9399 5305/24/9399
f 5305/22/9400 5304/23/9400 5307/24/9400
f 5304/22/9401 5308/23/9401 5307/24/9401
f 5307/22/9402 5308/23/9402 5763/24/9402
f 5308/22/9403 5309/23/9403 5763/24/9403
f 5575/22/9404 3536/23/9404 5315/24/9404
f 3536/22/9405 3538/23/9405 5315/24/9405
f 3536/22/9406 5316/23/9406 3535/24/9406
f 3538/22/9407 5317/23/9407 5315/24/9407
f 3536/22/9408 5575/23/9408 5316/24/9408
f 3538/22/9409 3540/23/9409 5317/24/9409
f 5318/22/9410 6346/23/9410 3540/24/9410
f 6348/22/9411 5318/23/9411 3540/24/9411
f 3547/22/9412 6348/23/9412 3540/24/9412
f 5319/22/9413 6348/23/9413 3547/24/9413
f 3549/22/9414 5319/23/9414 3547/24/9414
f 5341/22/9415 5319/23/9415 3549/24/9415
f 5320/22/9416 5341/23/9416 3549/24/9416
f 3553/22/9417 5320/23/9417 3549/24/9417
f 3556/22/9418 5320/23/9418 3553/24/9418
f 5335/22/9419 5320/23/9419 3556/24/9419
f 5335/22/9420 3556/23/9420 3558/24/9420
f 5321/22/9421 5335/23/9421 3558/24/9421
f 5321/22/9422 3558/23/9422 3561/24/9422
f 5321/22/9423 3561/23/9423 3564/24/9423
f 5322/22/9424 3564/23/9424 3566/24/9424
f 5322/22/9425 5321/23/9425 3564/24/9425
f 5322/22/9426 3566/23/9426 3568/24/9426
f 5322/22/9427 3568/23/9427 3572/24/9427
f 5323/22/9428 5322/23/9428 3572/24/9428
f 5323/22/9429 3572/23/9429 3577/24/9429
f 5323/22/9430 3577/23/9430 3580/24/9430
f 5324/22/9431 5323/23/9431 3580/24/9431
f 5324/22/9432 3580/23/9432 3578/24/9432
f 5325/22/9433 3586/23/9433 6351/24/9433
f 5326/22/9434 5324/23/9434 3578/24/9434
f 5326/22/9435 3578/23/9435 3582/24/9435
f 5325/22/9436 3584/23/9436 3586/24/9436
f 5952/22/9437 5326/23/9437 3582/24/9437
f 5327/22/9438 3582/23/9438 3584/24/9438
f 5327/22/9439 3584/23/9439 5325/24/9439
f 5327/22/9440 5952/23/9440 3582/24/9440
f 5332/22/9441 5334/23/9441 5345/24/9441
f 5328/22/9442 5337/23/9442 5329/24/9442
f 5337/22/9443 5328/23/9443 5341/24/9443
f 5321/22/9444 5336/23/9444 5335/24/9444
f 5321/22/9445 5338/23/9445 5336/24/9445
f 5342/22/9446 5337/23/9446 5341/24/9446
f 5338/22/9447 5357/23/9447 5330/24/9447
f 5338/22/9448 5343/23/9448 5357/24/9448
f 5330/22/9449 5331/23/9449 5338/24/9449
f 5335/22/9450 5346/23/9450 5320/24/9450
f 5333/22/9451 5347/23/9451 5351/24/9451
f 5336/22/9452 5346/23/9452 5335/24/9452
f 5339/22/9453 5333/23/9453 5351/24/9453
f 5352/22/9454 5345/23/9454 5334/24/9454
f 5339/22/9455 5351/23/9455 5353/24/9455
f 5355/22/9456 5339/23/9456 5353/24/9456
f 5358/22/9457 5355/23/9457 5353/24/9457
f 5357/22/9458 5983/23/9458 5356/24/9458
f 5363/22/9459 5359/23/9459 5358/24/9459
f 5342/22/9460 5341/23/9460 5320/24/9460
f 5350/22/9461 5344/23/9461 5352/24/9461
f 5320/22/9462 5337/23/9462 5342/24/9462
f 5345/22/9463 5352/23/9463 5344/24/9463
f 5320/22/9464 5329/23/9464 5337/24/9464
f 5363/22/9465 5358/23/9465 5340/24/9465
f 5346/22/9466 5340/23/9466 5329/24/9466
f 5346/22/9467 5363/23/9467 5340/24/9467
f 5320/22/9468 5346/23/9468 5329/24/9468
f 5338/22/9469 5331/23/9469 5336/24/9469
f 5352/22/9470 5364/23/9470 5350/24/9470
f 5321/22/9471 5343/23/9471 5338/24/9471
f 5344/22/9472 5333/23/9472 5339/24/9472
f 5981/22/9473 5334/23/9473 5332/24/9473
f 5360/22/9474 5333/23/9474 5344/24/9474
f 5359/22/9475 5355/23/9475 5358/24/9475
f 5359/22/9476 5361/23/9476 5355/24/9476
f 5356/22/9477 5981/23/9477 5332/24/9477
f 5356/22/9478 5332/23/9478 5330/24/9478
f 5339/22/9479 5361/23/9479 5362/24/9479
f 5339/22/9480 5355/23/9480 5361/24/9480
f 5357/22/9481 5356/23/9481 5330/24/9481
f 5345/22/9482 5344/23/9482 5339/24/9482
f 5344/22/9483 5350/23/9483 5360/24/9483
f 5362/22/9484 5345/23/9484 5339/24/9484
f 5322/22/9485 5357/23/9485 5343/24/9485
f 5322/22/9486 5343/23/9486 5321/24/9486
f 5351/22/9487 5347/23/9487 5370/24/9487
f 5353/22/9488 5351/23/9488 5370/24/9488
f 5353/22/9489 5370/23/9489 5349/24/9489
f 5365/22/9490 5353/23/9490 5349/24/9490
f 5359/22/9491 5363/23/9491 5331/24/9491
f 5331/22/9492 5361/23/9492 5359/24/9492
f 5363/22/9493 5336/23/9493 5331/24/9493
f 5365/22/9494 5349/23/9494 5375/24/9494
f 5365/22/9495 5340/23/9495 5353/24/9495
f 5336/22/9496 5363/23/9496 5346/24/9496
f 5362/22/9497 5361/23/9497 5331/24/9497
f 5362/22/9498 5331/23/9498 5330/24/9498
f 5366/22/9499 5365/23/9499 5375/24/9499
f 5366/22/9500 5375/23/9500 5354/24/9500
f 5366/22/9501 5340/23/9501 5365/24/9501
f 5332/22/9502 5362/23/9502 5330/24/9502
f 5358/22/9503 5353/23/9503 5340/24/9503
f 5366/22/9504 5329/23/9504 5340/24/9504
f 5328/22/9505 5366/23/9505 5354/24/9505
f 5332/22/9506 5345/23/9506 5362/24/9506
f 5328/22/9507 5329/23/9507 5366/24/9507
f 5354/22/9508 5368/23/9508 5328/24/9508
f 6349/22/9509 5368/23/9509 6347/24/9509
f 6349/22/9510 5341/23/9510 5368/24/9510
f 5369/22/9511 5370/23/9511 5348/24/9511
f 5372/22/9512 5371/23/9512 5373/24/9512
f 5373/22/9513 5371/23/9513 5369/24/9513
f 5372/22/9514 5349/23/9514 5371/24/9514
f 5375/22/9515 5372/23/9515 5374/24/9515
f 5367/22/9516 5374/23/9516 5376/24/9516
f 5459/22/9517 5367/23/9517 5376/24/9517
f 6347/22/9518 5367/23/9518 5459/24/9518
f 5368/22/9519 5354/23/9519 5367/24/9519
f 5368/22/9520 5367/23/9520 6347/24/9520
f 5328/22/9521 5368/23/9521 5341/24/9521
f 5369/22/9522 5371/23/9522 5370/24/9522
f 5348/22/9523 5370/23/9523 5347/24/9523
f 5371/22/9524 5349/23/9524 5370/24/9524
f 5349/22/9525 5372/23/9525 5375/24/9525
f 5456/22/9526 5374/23/9526 5373/24/9526
f 5373/22/9527 5374/23/9527 5372/24/9527
f 5374/22/9528 5354/23/9528 5375/24/9528
f 5367/22/9529 5354/23/9529 5374/24/9529
f 6344/22/9530 6347/23/9530 5459/24/9530
f 5240/22/9531 5379/23/9531 5333/24/9531
f 5377/22/9532 5382/23/9532 5378/24/9532
f 5553/22/9533 5381/23/9533 5348/24/9533
f 5383/22/9534 5382/23/9534 5377/24/9534
f 5347/22/9535 5553/23/9535 5348/24/9535
f 5347/22/7195 5384/23/7195 5553/24/7195
f 5241/22/9536 5350/23/9536 5364/24/9536
f 5241/22/9537 5382/23/9537 5383/24/9537
f 5241/22/9538 5380/23/9538 5382/24/9538
f 5240/22/9539 5333/23/9539 5360/24/9539
f 5379/22/9540 5384/23/9540 5347/24/9540
f 6098/22/9541 5241/23/9541 5383/24/9541
f 5333/22/9542 5379/23/9542 5347/24/9542
f 5876/22/9543 5241/23/9543 6098/24/9543
f 5240/22/9544 5360/23/9544 5350/24/9544
f 5241/22/9545 5240/23/9545 5350/24/9545
f 5241/22/9546 5364/23/9546 5380/24/9546
f 5377/22/9547 5385/23/9547 5993/24/9547
f 5377/22/9548 5378/23/9548 5385/24/9548
f 5240/22/9549 5234/23/9549 5529/24/9549
f 5240/22/9550 5529/23/9550 5379/24/9550
f 5387/22/9551 5397/23/9551 5390/24/9551
f 5394/22/9552 5278/23/9552 5387/24/9552
f 5401/22/9553 5394/23/9553 5399/24/9553
f 5417/22/9554 5206/23/9554 5400/24/9554
f 5401/22/9555 5402/23/9555 5394/24/9555
f 5402/22/9556 5275/23/9556 5278/24/9556
f 5407/22/9557 5412/23/9557 5406/24/9557
f 5411/22/9558 5404/23/9558 5409/24/9558
f 5250/22/9559 5275/23/9559 5402/24/9559
f 5233/22/9560 5250/23/9560 5401/24/9560
f 5233/22/9561 5401/23/9561 5405/24/9561
f 5250/22/9562 5260/23/9562 5275/24/9562
f 5442/22/9563 5414/23/9563 5416/24/9563
f 5415/22/9564 5204/23/9564 5418/24/9564
f 5442/22/9565 5435/23/9565 5414/24/9565
f 5415/22/9566 5203/23/9566 5204/24/9566
f 5417/22/9567 5419/23/9567 5205/24/9567
f 5392/22/9568 5442/23/9568 5396/24/9568
f 5415/22/9569 5420/23/9569 5203/24/9569
f 5418/22/9570 5205/23/9570 5419/24/9570
f 5417/22/9571 5205/23/9571 5206/24/9571
f 5420/22/9572 5423/23/9572 5239/24/9572
f 5418/22/9573 5204/23/9573 5205/24/9573
f 5417/22/9574 5403/23/9574 5419/24/9574
f 5418/22/9575 5419/23/9575 5422/24/9575
f 5418/22/9576 5422/23/9576 5421/24/9576
f 5417/22/9577 5400/23/9577 5403/24/9577
f 5239/22/9578 5202/23/9578 5420/24/9578
f 5422/22/9579 5419/23/9579 5403/24/9579
f 5423/22/9580 5420/23/9580 5424/24/9580
f 5403/22/9581 5400/23/9581 5404/24/9581
f 5403/22/9582 5404/23/9582 5408/24/9582
f 5425/22/9583 5423/23/9583 5424/24/9583
f 5422/22/9584 5427/23/9584 5426/24/9584
f 5422/22/9585 5403/23/9585 5427/24/9585
f 5425/22/9586 5236/23/9586 5423/24/9586
f 5425/22/9587 5428/23/9587 5232/24/9587
f 5427/22/9588 5446/23/9588 5426/24/9588
f 5429/22/9589 5430/23/9589 5408/24/9589
f 5408/22/9590 5404/23/9590 5411/24/9590
f 5427/22/9591 5430/23/9591 5431/24/9591
f 5427/22/9592 5431/23/9592 5446/24/9592
f 5429/22/9593 5432/23/9593 5430/24/9593
f 5413/22/9594 5432/23/9594 5429/24/9594
f 5411/22/9595 5429/23/9595 5408/24/9595
f 5413/22/9596 5437/23/9596 5432/24/9596
f 5436/22/9597 5434/23/9597 5433/24/9597
f 5436/22/9598 5433/23/9598 5432/24/9598
f 5437/22/9599 5413/23/9599 5435/24/9599
f 5411/22/9600 5409/23/9600 5414/24/9600
f 5429/22/9601 5411/23/9601 5413/24/9601
f 5438/22/9602 5437/23/9602 5435/24/9602
f 5413/22/9603 5411/23/9603 5414/24/9603
f 5414/22/9604 5409/23/9604 5416/24/9604
f 5439/22/9605 5224/23/9605 5440/24/9605
f 5388/22/9606 5438/23/9606 5391/24/9606
f 5388/22/9607 5437/23/9607 5438/24/9607
f 5435/22/9608 5413/23/9608 5414/24/9608
f 5388/22/9609 5391/23/9609 5387/24/9609
f 5395/22/9610 5438/23/9610 5441/24/9610
f 5391/22/9611 5394/23/9611 5387/24/9611
f 5391/22/9612 5438/23/9612 5395/24/9612
f 5390/22/9613 5393/23/9613 5389/24/9613
f 5398/22/9614 5395/23/9614 5441/24/9614
f 5393/22/9615 5390/23/9615 5397/24/9615
f 5391/22/9616 5395/23/9616 5399/24/9616
f 5391/22/9617 5399/23/9617 5394/24/9617
f 5397/22/9618 5387/23/9618 5278/24/9618
f 5278/22/9619 5394/23/9619 5402/24/9619
f 5410/22/9620 5399/23/9620 5406/24/9620
f 5399/22/9621 5410/23/9621 5405/24/9621
f 5399/22/9622 5405/23/9622 5401/24/9622
f 5402/22/9623 5401/23/9623 5250/24/9623
f 5444/22/9624 5443/23/9624 5396/24/9624
f 5445/22/9625 5410/23/9625 5406/24/9625
f 5412/22/9626 5407/23/9626 5444/24/9626
f 5203/22/9627 5420/23/9627 5202/24/9627
f 5421/22/9628 5415/23/9628 5418/24/9628
f 5415/22/9629 5421/23/9629 5424/24/9629
f 5424/22/9630 5420/23/9630 5415/24/9630
f 5392/22/9631 5398/23/9631 5441/24/9631
f 5443/22/9632 5398/23/9632 5392/24/9632
f 5399/22/9633 5395/23/9633 5398/24/9633
f 5239/22/9634 5423/23/9634 5237/24/9634
f 5398/22/9635 5406/23/9635 5399/24/9635
f 5407/22/9636 5406/23/9636 5398/24/9636
f 5443/22/9637 5444/23/9637 5407/24/9637
f 5421/22/9638 5428/23/9638 5424/24/9638
f 5441/22/9639 5438/23/9639 5435/24/9639
f 5441/22/9640 5435/23/9640 5442/24/9640
f 5392/22/9641 5441/23/9641 5442/24/9641
f 5443/22/9642 5407/23/9642 5398/24/9642
f 5443/22/9643 5392/23/9643 5396/24/9643
f 5426/22/9644 5421/23/9644 5422/24/9644
f 5427/22/9645 5403/23/9645 5408/24/9645
f 5442/22/9646 5416/23/9646 5396/24/9646
f 5426/22/9647 5428/23/9647 5421/24/9647
f 5428/22/9648 5425/23/9648 5424/24/9648
f 5236/22/9649 5237/23/9649 5423/24/9649
f 5446/22/9650 5447/23/9650 5428/24/9650
f 5446/22/9651 5428/23/9651 5426/24/9651
f 5430/22/9652 5427/23/9652 5408/24/9652
f 5232/22/9653 5236/23/9653 5425/24/9653
f 5232/22/9654 5428/23/9654 5447/24/9654
f 5430/22/9655 5433/23/9655 5431/24/9655
f 5446/22/9656 5431/23/9656 5447/24/9656
f 5433/22/9657 5430/23/9657 5432/24/9657
f 5448/22/9658 5447/23/9658 5431/24/9658
f 5229/22/9659 5232/23/9659 5447/24/9659
f 5449/22/9660 5431/23/9660 5433/24/9660
f 5229/22/9661 5447/23/9661 5448/24/9661
f 5449/22/9662 5448/23/9662 5431/24/9662
f 5449/22/9663 5440/23/9663 5448/24/9663
f 5450/22/9664 5449/23/9664 5433/24/9664
f 5434/22/9665 5450/23/9665 5433/24/9665
f 5228/22/9666 5229/23/9666 5448/24/9666
f 5436/22/9667 5432/23/9667 5437/24/9667
f 5440/22/9668 5228/23/9668 5448/24/9668
f 5451/22/9669 5434/23/9669 5436/24/9669
f 5450/22/9670 5440/23/9670 5449/24/9670
f 5440/22/9671 5450/23/9671 5439/24/9671
f 5388/22/9672 5436/23/9672 5437/24/9672
f 5440/22/9673 5224/23/9673 5228/24/9673
f 5450/22/9674 5434/23/9674 5451/24/9674
f 5452/22/9675 5451/23/9675 5436/24/9675
f 5452/22/9676 5436/23/9676 5388/24/9676
f 5451/22/9677 5389/23/9677 5450/24/9677
f 5439/22/9678 5386/23/9678 5224/24/9678
f 5390/22/9679 5451/23/9679 5452/24/9679
f 5390/22/9680 5389/23/9680 5451/24/9680
f 5387/22/9681 5452/23/9681 5388/24/9681
f 5386/22/9682 5450/23/9682 5389/24/9682
f 5386/22/9683 5439/23/9683 5450/24/9683
f 5387/22/9684 5390/23/9684 5452/24/9684
f 6358/22/9685 5374/23/9685 5456/24/9685
f 5453/22/9686 5348/23/9686 5381/24/9686
f 5453/22/9687 5369/23/9687 5348/24/9687
f 5453/22/9688 5454/23/9688 5369/24/9688
f 5369/22/9689 5454/23/9689 5373/24/9689
f 5455/22/9690 5373/23/9690 5454/24/9690
f 5455/22/9691 5456/23/9691 5373/24/9691
f 5457/22/9692 5374/23/9692 6358/24/9692
f 5376/22/9693 5374/23/9693 5457/24/9693
f 6344/22/9694 5459/23/9694 5460/24/9694
f 5458/22/9695 5459/23/9695 5376/24/9695
f 5462/22/9696 5463/23/9696 5756/24/9696
f 5756/22/9697 5463/23/9697 5468/24/9697
f 5463/22/9698 5461/23/9698 5467/24/9698
f 5463/22/9699 5467/23/9699 5464/24/9699
f 5461/22/9700 5470/23/9700 5467/24/9700
f 5464/22/9701 5207/23/9701 5465/24/9701
f 5465/22/9702 5207/23/9702 5466/24/9702
f 5464/22/9703 5467/23/9703 5207/24/9703
f 5207/22/9704 5471/23/9704 5466/24/9704
f 5469/22/9705 5416/23/9705 5461/24/9705
f 5463/22/9706 5472/23/9706 5468/24/9706
f 5396/22/9707 5473/23/9707 5475/24/9707
f 5474/22/9708 5469/23/9708 5753/24/9708
f 5400/22/9709 5470/23/9709 5404/24/9709
f 5471/22/9710 5207/23/9710 5208/24/9710
f 5473/22/9711 5469/23/9711 5474/24/9711
f 5470/22/9712 5207/23/9712 5467/24/9712
f 5207/22/9713 5470/23/9713 5206/24/9713
f 5753/22/9714 5463/23/9714 5462/24/9714
f 5469/22/9715 5461/23/9715 5463/24/9715
f 5206/22/9716 5470/23/9716 5400/24/9716
f 5416/22/9717 5469/23/9717 5396/24/9717
f 5469/22/9718 5463/23/9718 5753/24/9718
f 5470/22/9719 5409/23/9719 5404/24/9719
f 5470/22/9720 5461/23/9720 5409/24/9720
f 5472/22/9721 5463/23/9721 5464/24/9721
f 5416/22/9722 5409/23/9722 5461/24/9722
f 5396/22/9723 5469/23/9723 5473/24/9723
f 5476/22/9724 5396/23/9724 5475/24/9724
f 5477/22/9725 5396/23/9725 5476/24/9725
f 5686/22/9726 5477/23/9726 5476/24/9726
f 5757/22/9727 5477/23/9727 5686/24/9727
f 5478/22/9728 5477/23/9728 5757/24/9728
f 5479/22/9729 5478/23/9729 5757/24/9729
f 5480/22/9730 5478/23/9730 5479/24/9730
f 5481/22/9731 5480/23/9731 5479/24/9731
f 5482/22/9732 5480/23/9732 5481/24/9732
f 5483/22/9733 5482/23/9733 5484/24/9733
f 5483/22/9734 5480/23/9734 5482/24/9734
f 5499/22/9735 5485/23/9735 5486/24/9735
f 5499/22/9736 5484/23/9736 5485/24/9736
f 5499/22/9737 5483/23/9737 5484/24/9737
f 5513/22/9738 5488/23/9738 5496/24/9738
f 5489/22/9739 5508/23/9739 5491/24/9739
f 5493/22/9740 5490/23/9740 5495/24/9740
f 5511/22/9741 5498/23/9741 5499/24/9741
f 5501/22/9742 5500/23/9742 5498/24/9742
f 5501/22/9743 5516/23/9743 5500/24/9743
f 5500/22/9744 5516/23/9744 5506/24/9744
f 5502/22/9745 5487/23/9745 5507/24/9745
f 5504/22/9746 5496/23/9746 5488/24/9746
f 5487/22/9747 5491/23/9747 5503/24/9747
f 5496/22/9748 5494/23/9748 5505/24/9748
f 5508/22/9749 5503/23/9749 5491/24/9749
f 5502/22/9750 5506/23/9750 5516/24/9750
f 5506/22/9751 5502/23/9751 5507/24/9751
f 5661/22/9752 5489/23/9752 5216/24/9752
f 5511/22/9753 5499/23/9753 5510/24/9753
f 5508/22/9754 5489/23/9754 5661/24/9754
f 5504/22/9755 5509/23/9755 5496/24/9755
f 5507/22/9756 5503/23/9756 5508/24/9756
f 5490/22/9757 5493/23/9757 5487/24/9757
f 5514/22/9758 5501/23/9758 5498/24/9758
f 5496/22/9759 5509/23/9759 5490/24/9759
f 5496/22/9760 5505/23/9760 5513/24/9760
f 5491/22/9761 5487/23/9761 5493/24/9761
f 5509/22/9762 5495/23/9762 5490/24/9762
f 5490/22/9763 5487/23/9763 5502/24/9763
f 5509/22/9764 5515/23/9764 5495/24/9764
f 5497/22/9765 5495/23/9765 5515/24/9765
f 5517/22/9766 5501/23/9766 5514/24/9766
f 5486/22/9767 5510/23/9767 5499/24/9767
f 5512/22/9768 5514/23/9768 5511/24/9768
f 5511/22/9769 5514/23/9769 5498/24/9769
f 5501/22/9770 5492/23/9770 5516/24/9770
f 5516/22/9771 5496/23/9771 5502/24/9771
f 5492/22/9772 5496/23/9772 5516/24/9772
f 5503/22/9773 5507/23/9773 5487/24/9773
f 5494/22/9774 5496/23/9774 5492/24/9774
f 5502/22/9775 5496/23/9775 5490/24/9775
f 5517/22/9776 5492/23/9776 5501/24/9776
f 5215/22/9777 5216/23/9777 5489/24/9777
f 5491/22/9778 5214/23/9778 5215/24/9778
f 5493/22/9779 5214/23/9779 5491/24/9779
f 5518/22/9780 5519/23/9780 5212/24/9780
f 5519/22/9781 5211/23/9781 5212/24/9781
f 5518/22/9782 5212/23/9782 5495/24/9782
f 5495/22/9783 5212/23/9783 5493/24/9783
f 5518/22/9784 5495/23/9784 5497/24/9784
f 5215/22/9785 5489/23/9785 5491/24/9785
f 5212/22/9786 5214/23/9786 5493/24/9786
f 5522/22/9787 5564/23/9787 5477/24/9787
f 5523/22/9788 5524/23/9788 5559/24/9788
f 5527/22/9789 5522/23/9789 5477/24/9789
f 5529/22/9790 5234/23/9790 5524/24/9790
f 5527/22/9791 5525/23/9791 5522/24/9791
f 5527/22/9792 5477/23/9792 5478/24/9792
f 5524/22/9793 5523/23/9793 5531/24/9793
f 5532/22/9794 5527/23/9794 5478/24/9794
f 5532/22/9795 5528/23/9795 5527/24/9795
f 5532/22/9796 5533/23/9796 5528/24/9796
f 5532/22/9797 5478/23/9797 5480/24/9797
f 5533/22/9798 5532/23/9798 5480/24/9798
f 5537/22/9799 5538/23/9799 5533/24/9799
f 5540/22/9800 5541/23/9800 5544/24/9800
f 5542/22/9801 5537/23/9801 5480/24/9801
f 5545/22/9802 5540/23/9802 5548/24/9802
f 5550/22/9803 5543/23/9803 5545/24/9803
f 5550/22/9804 5549/23/9804 5543/24/9804
f 5548/22/9805 5550/23/9805 5545/24/9805
f 5550/22/9806 5552/23/9806 5549/24/9806
f 5553/22/9807 5549/23/9807 5552/24/9807
f 5555/22/9808 5552/23/9808 5550/24/9808
f 5554/22/9809 5555/23/9809 5550/24/9809
f 5555/22/9810 5556/23/9810 5552/24/9810
f 5553/22/9811 5552/23/9811 5557/24/9811
f 5557/22/9812 5381/23/9812 5553/24/9812
f 5444/22/9813 5396/23/9813 5477/24/9813
f 5559/22/9814 5233/23/9814 5405/24/9814
f 5562/22/9815 5445/23/9815 5412/24/9815
f 5560/22/9816 5444/23/9816 5477/24/9816
f 5521/22/9817 5445/23/9817 5562/24/9817
f 5520/22/9818 5445/23/9818 5521/24/9818
f 5561/22/9819 5445/23/9819 5520/24/9819
f 5520/22/9820 5521/23/9820 5530/24/9820
f 5560/22/9821 5564/23/9821 5565/24/9821
f 5522/22/9822 5565/23/9822 5564/24/9822
f 5565/22/9823 5525/23/9823 5521/24/9823
f 5520/22/9824 5530/23/9824 5536/24/9824
f 5520/22/9825 5536/23/9825 5539/24/9825
f 5522/22/9826 5525/23/9826 5565/24/9826
f 5527/22/9827 5528/23/9827 5525/24/9827
f 5379/22/9828 5529/23/9828 5534/24/9828
f 5536/22/9829 5540/23/9829 5543/24/9829
f 5526/22/9830 5528/23/9830 5573/24/9830
f 5539/22/9831 5543/23/9831 5566/24/9831
f 5539/22/9832 5536/23/9832 5543/24/9832
f 5537/22/9833 5533/23/9833 5480/24/9833
f 5544/22/9834 5542/23/9834 5547/24/9834
f 5546/22/9835 5542/23/9835 5480/24/9835
f 5544/22/9836 5548/23/9836 5540/24/9836
f 5544/22/9837 5547/23/9837 5548/24/9837
f 5546/22/9838 5480/23/9838 5483/24/9838
f 5568/22/9839 5551/23/9839 5548/24/9839
f 5569/22/9840 5570/23/9840 5568/24/9840
f 5410/22/9841 5559/23/9841 5405/24/9841
f 5551/22/9842 5554/23/9842 5550/24/9842
f 5561/22/9843 5559/23/9843 5410/24/9843
f 5234/22/9844 5233/23/9844 5559/24/9844
f 5570/22/9845 5571/23/9845 5554/24/9845
f 5569/22/9846 5483/23/9846 5499/24/9846
f 5565/22/9847 5563/23/9847 5560/24/9847
f 5554/22/9848 5571/23/9848 5558/24/9848
f 5554/22/9849 5558/23/9849 5555/24/9849
f 5563/22/9850 5521/23/9850 5562/24/9850
f 5521/22/9851 5563/23/9851 5565/24/9851
f 5562/22/9852 5412/23/9852 5563/24/9852
f 5523/22/9853 5559/23/9853 5561/24/9853
f 5560/22/9854 5563/23/9854 5444/24/9854
f 5537/22/9855 5542/23/9855 5538/24/9855
f 5546/22/9856 5547/23/9856 5542/24/9856
f 5523/22/9857 5561/23/9857 5520/24/9857
f 5547/22/9858 5568/23/9858 5548/24/9858
f 5547/22/9859 5546/23/9859 5568/24/9859
f 5546/22/9860 5483/23/9860 5568/24/9860
f 5550/22/9861 5548/23/9861 5551/24/9861
f 5569/22/9862 5568/23/9862 5483/24/9862
f 5572/22/9863 5571/23/9863 5570/24/9863
f 5524/22/9864 5234/23/9864 5559/24/9864
f 5572/22/9865 5570/23/9865 5569/24/9865
f 5526/22/9866 5521/23/9866 5525/24/9866
f 5572/22/9867 5569/23/9867 5499/24/9867
f 5526/22/9868 5530/23/9868 5521/24/9868
f 5412/22/9869 5444/23/9869 5563/24/9869
f 5551/22/9870 5568/23/9870 5570/24/9870
f 5554/22/9871 5551/23/9871 5570/24/9871
f 5526/22/9872 5525/23/9872 5528/24/9872
f 5531/22/9873 5523/23/9873 5520/24/9873
f 5573/22/9874 5530/23/9874 5526/24/9874
f 5524/22/9875 5534/23/9875 5529/24/9875
f 5524/22/9876 5531/23/9876 5534/24/9876
f 5535/22/9877 5536/23/9877 5530/24/9877
f 5535/22/9878 5530/23/9878 5573/24/9878
f 5533/22/9879 5573/23/9879 5528/24/9879
f 5535/22/9880 5573/23/9880 5533/24/9880
f 5531/22/9881 5520/23/9881 5539/24/9881
f 5533/22/9882 5538/23/9882 5541/24/9882
f 5535/22/9883 5533/23/9883 5541/24/9883
f 5566/22/9884 5534/23/9884 5531/24/9884
f 5566/22/9885 5531/23/9885 5539/24/9885
f 5566/22/9886 5379/23/9886 5534/24/9886
f 5541/22/9887 5536/23/9887 5535/24/9887
f 5541/22/9888 5540/23/9888 5536/24/9888
f 5544/22/9889 5541/23/9889 5538/24/9889
f 5384/22/9890 5379/23/9890 5566/24/9890
f 5538/22/9891 5542/23/9891 5544/24/9891
f 5384/22/9892 5566/23/9892 5567/24/9892
f 5543/22/9893 5540/23/9893 5545/24/9893
f 5567/22/9894 5566/23/9894 5543/24/9894
f 5549/22/9895 5567/23/9895 5543/24/9895
f 5549/22/9896 5384/23/9896 5567/24/9896
f 5549/22/9897 5553/23/9897 5384/24/9897
f 5557/22/9898 5552/23/9898 5556/24/9898
f 5412/22/9899 5445/23/9899 5406/24/9899
f 5561/22/9900 5410/23/9900 5445/24/9900
f 5564/22/9901 5560/23/9901 5477/24/9901
f 5582/22/9902 5674/23/9902 5577/24/9902
f 5574/22/9903 3533/23/9903 3535/24/9903
f 5574/22/9904 5673/23/9904 3533/24/9904
f 5576/22/9905 5669/23/9905 5590/24/9905
f 5576/22/9906 5580/23/9906 5669/24/9906
f 5586/22/9907 5674/23/9907 5580/24/9907
f 5584/22/9908 3521/23/9908 3524/24/9908
f 5589/22/9909 5585/23/9909 5584/24/9909
f 5574/22/9910 3535/23/9910 5316/24/9910
f 5675/22/9911 5595/23/9911 5655/24/9911
f 5589/22/9912 5583/23/9912 5585/24/9912
f 5586/22/9913 5577/23/9913 5674/24/9913
f 5316/22/9914 5590/23/9914 5574/24/9914
f 5589/22/9915 5584/23/9915 3524/24/9915
f 5576/22/9916 5593/23/9916 5580/24/9916
f 5595/22/9917 5582/23/9917 5594/24/9917
f 5595/22/9918 5675/23/9918 5582/24/9918
f 5316/22/9919 5575/23/9919 5590/24/9919
f 5578/22/9920 5597/23/9920 5579/24/9920
f 5599/22/9921 5578/23/9921 5587/24/9921
f 5586/22/9922 5580/23/9922 5593/24/9922
f 5593/22/9923 5576/23/9923 5600/24/9923
f 5599/22/9924 5587/23/9924 5598/24/9924
f 5586/22/9925 5593/23/9925 5600/24/9925
f 5601/22/9926 5589/23/9926 3524/24/9926
f 5315/22/9927 5576/23/9927 5575/24/9927
f 5594/22/9928 5582/23/9928 5577/24/9928
f 5315/22/9929 5600/23/9929 5576/24/9929
f 5599/22/9930 5596/23/9930 5578/24/9930
f 5594/22/9931 5577/23/9931 5602/24/9931
f 5586/22/9932 5600/23/9932 5606/24/9932
f 5595/22/9933 5612/23/9933 5588/24/9933
f 5603/22/9934 5507/23/9934 5588/24/9934
f 5600/22/9935 5315/23/9935 5317/24/9935
f 5601/22/9936 3524/23/9936 3525/24/9936
f 5606/22/9937 5577/23/9937 5586/24/9937
f 5594/22/9938 5612/23/9938 5595/24/9938
f 5581/22/9939 5508/23/9939 5661/24/9939
f 5594/22/9940 5607/23/9940 5612/24/9940
f 5596/22/9941 5597/23/9941 5578/24/9941
f 5603/22/9942 5588/23/9942 5612/24/9942
f 5317/22/9943 5606/23/9943 5600/24/9943
f 5603/22/9944 5506/23/9944 5507/24/9944
f 5606/22/9945 5317/23/9945 5608/24/9945
f 5613/22/9946 5596/23/9946 5599/24/9946
f 5603/22/9947 5612/23/9947 5506/24/9947
f 5606/22/9948 5608/23/9948 6362/24/9948
f 5611/22/9949 5508/23/9949 5581/24/9949
f 5610/22/9950 5615/23/9950 5609/24/9950
f 5613/22/9951 5598/23/9951 5614/24/9951
f 5613/22/9952 5599/23/9952 5598/24/9952
f 5594/22/9953 5602/23/9953 5615/24/9953
f 5602/22/9954 5577/23/9954 5609/24/9954
f 5616/22/9955 5606/23/9955 6362/24/9955
f 5616/22/9956 5609/23/9956 5606/24/9956
f 5506/22/9957 5612/23/9957 5617/24/9957
f 5616/22/9958 5610/23/9958 5609/24/9958
f 5610/22/9959 5618/23/9959 5615/24/9959
f 5619/22/9960 5612/23/9960 5607/24/9960
f 5617/22/9961 5500/23/9961 5506/24/9961
f 5621/22/9962 5661/23/9962 5216/24/9962
f 5620/22/9963 5612/23/9963 5619/24/9963
f 5609/22/9964 5577/23/9964 5606/24/9964
f 5615/22/9965 5602/23/9965 5609/24/9965
f 5607/22/9966 5594/23/9966 5615/24/9966
f 5597/22/9967 5611/23/9967 5581/24/9967
f 5610/22/9968 5623/23/9968 5618/24/9968
f 5619/22/9969 5625/23/9969 5620/24/9969
f 5619/22/9970 5630/23/9970 5625/24/9970
f 5617/22/9971 5498/23/9971 5500/24/9971
f 5604/22/9972 5627/23/9972 5605/24/9972
f 5626/22/9973 5498/23/9973 5617/24/9973
f 5625/22/9974 5617/23/9974 5620/24/9974
f 5619/22/9975 5607/23/9975 5615/24/9975
f 5618/22/9976 5628/23/9976 5629/24/9976
f 5585/22/9977 5583/23/9977 5633/24/9977
f 5610/22/9978 5616/23/9978 5622/24/9978
f 5631/22/9979 5619/23/9979 5615/24/9979
f 5631/22/9980 5615/23/9980 5618/24/9980
f 5610/22/9981 5622/23/9981 5623/24/9981
f 5625/22/9982 5632/23/9982 5635/24/9982
f 5625/22/9983 5635/23/9983 5634/24/9983
f 5642/22/9984 5613/23/9984 5614/24/9984
f 5641/22/9985 5499/23/9985 5498/24/9985
f 5641/22/9986 5498/23/9986 5626/24/9986
f 5613/22/9987 5642/23/9987 5596/24/9987
f 5631/22/9988 5630/23/9988 5619/24/9988
f 5636/22/9989 5634/23/9989 5635/24/9989
f 5618/22/9990 5623/23/9990 6360/24/9990
f 5641/22/9991 5626/23/9991 5636/24/9991
f 5637/22/9992 5650/23/9992 5647/24/9992
f 5618/22/9993 6360/23/9993 5628/24/9993
f 5640/22/9994 5627/23/9994 5604/24/9994
f 5618/22/9995 5629/23/9995 5631/24/9995
f 5639/22/9996 5597/23/9996 5596/24/9996
f 5630/22/9997 5631/23/9997 5629/24/9997
f 5643/22/9998 5636/23/9998 5635/24/9998
f 5632/22/9999 5625/23/9999 5630/24/9999
f 5639/22/10000 5596/23/10000 5642/24/10000
f 5629/22/10001 5628/23/10001 6359/24/10001
f 5643/22/10002 5646/23/10002 5641/24/10002
f 5630/22/10003 5647/23/10003 5632/24/10003
f 5642/22/10004 5614/23/10004 5648/24/10004
f 5639/22/10005 5642/23/10005 5649/24/10005
f 5647/22/10006 5630/23/10006 5629/24/10006
f 5651/22/10007 5643/23/10007 5635/24/10007
f 5629/22/10008 6359/23/10008 5455/24/10008
f 5651/22/10009 5635/23/10009 5645/24/10009
f 5652/22/10010 5645/23/10010 5650/24/10010
f 5651/22/10011 5652/23/10011 5555/24/10011
f 5647/22/10012 5650/23/10012 5632/24/10012
f 5635/22/10013 5632/23/10013 5650/24/10013
f 5652/22/10014 5653/23/10014 5557/24/10014
f 5637/22/10015 5647/23/10015 5629/24/10015
f 5638/22/10016 5637/23/10016 5629/24/10016
f 5652/22/10017 5557/23/10017 5556/24/10017
f 5592/22/10018 5665/23/10018 5583/24/10018
f 5638/22/10019 5629/23/10019 5455/24/10019
f 5592/22/10020 5583/23/10020 5654/24/10020
f 5612/22/10021 5620/23/10021 5617/24/10021
f 5634/22/10022 5626/23/10022 5617/24/10022
f 5634/22/10023 5617/23/10023 5625/24/10023
f 5636/22/10024 5626/23/10024 5634/24/10024
f 5640/22/10025 5644/23/10025 5627/24/10025
f 5636/22/10026 5643/23/10026 5641/24/10026
f 5650/22/10027 5645/23/10027 5635/24/10027
f 5646/22/10028 5499/23/10028 5641/24/10028
f 5643/22/10029 5651/23/10029 5558/24/10029
f 5652/22/10030 5651/23/10030 5645/24/10030
f 5637/22/10031 5638/23/10031 5453/24/10031
f 5653/22/10032 5650/23/10032 5637/24/10032
f 5655/22/10033 5508/23/10033 5611/24/10033
f 5653/22/10034 5637/23/10034 5453/24/10034
f 5653/22/10035 5652/23/10035 5650/24/10035
f 5648/22/10036 5649/23/10036 5642/24/10036
f 5656/22/10037 5644/23/10037 5640/24/10037
f 5555/22/10038 5558/23/10038 5651/24/10038
f 5657/22/10039 5639/23/10039 5649/24/10039
f 5652/22/10040 5556/23/10040 5555/24/10040
f 5557/22/9812 5653/23/9812 5381/24/9812
f 5639/22/10041 5662/23/10041 5597/24/10041
f 5624/22/10042 5661/23/10042 5621/24/10042
f 5664/22/10043 5624/23/10043 5658/24/10043
f 5666/22/10044 5658/23/10044 5660/24/10044
f 5660/22/10045 5665/23/10045 5592/24/10045
f 5664/22/10046 5579/23/10046 5624/24/10046
f 5666/22/10047 5660/23/10047 5592/24/10047
f 5666/22/10048 5664/23/10048 5658/24/10048
f 5579/22/10049 5661/23/10049 5624/24/10049
f 5579/22/10050 5664/23/10050 5578/24/10050
f 5657/22/10051 5662/23/10051 5639/24/10051
f 5663/22/10052 5667/23/10052 5644/24/10052
f 5656/22/10053 5663/23/10053 5644/24/10053
f 5666/22/10054 5587/23/10054 5664/24/10054
f 5579/22/10055 5581/23/10055 5661/24/10055
f 5591/22/10056 5587/23/10056 5666/24/10056
f 5591/22/10057 5666/23/10057 5592/24/10057
f 5654/22/10058 5591/23/10058 5592/24/10058
f 5601/22/10059 5583/23/10059 5589/24/10059
f 5662/22/10060 5655/23/10060 5611/24/10060
f 5597/22/10061 5581/23/10061 5579/24/10061
f 5601/22/10062 5654/23/10062 5583/24/10062
f 5649/22/10063 5648/23/10063 5659/24/10063
f 5654/22/10064 5605/23/10064 5591/24/10064
f 5654/22/10065 5604/23/10065 5605/24/10065
f 5591/22/10066 5598/23/10066 5587/24/10066
f 5601/22/10067 5604/23/10067 5654/24/10067
f 5605/22/10068 5598/23/10068 5591/24/10068
f 5668/22/10069 5604/23/10069 5601/24/10069
f 5668/22/10070 5601/23/10070 3525/24/10070
f 5649/22/10071 5659/23/10071 5669/24/10071
f 5598/22/10072 5605/23/10072 5627/24/10072
f 5671/22/10073 5604/23/10073 5668/24/10073
f 5598/22/10074 5627/23/10074 5644/24/10074
f 5668/22/10075 3525/23/10075 3526/24/10075
f 5672/22/10076 5667/23/10076 5663/24/10076
f 5671/22/10077 5668/23/10077 3526/24/10077
f 5673/22/10078 5663/23/10078 5656/24/10078
f 5644/22/10079 5614/23/10079 5598/24/10079
f 5670/22/10080 5657/23/10080 5649/24/10080
f 5671/22/10081 5640/23/10081 5604/24/10081
f 5670/22/10082 5649/23/10082 5669/24/10082
f 5644/22/10083 5667/23/10083 5614/24/10083
f 5673/22/10084 5672/23/10084 5663/24/10084
f 5662/22/10085 5611/23/10085 5597/24/10085
f 5667/22/10086 5648/23/10086 5614/24/10086
f 5640/22/10087 5671/23/10087 3526/24/10087
f 5674/22/10088 5657/23/10088 5670/24/10088
f 5670/22/10089 5669/23/10089 5580/24/10089
f 5640/22/10090 3526/23/10090 3530/24/10090
f 5574/22/10091 5672/23/10091 5673/24/10091
f 5675/22/10092 5657/23/10092 5674/24/10092
f 5667/22/10093 5659/23/10093 5648/24/10093
f 5656/22/10094 5640/23/10094 3530/24/10094
f 5574/22/10095 5590/23/10095 5672/24/10095
f 5659/22/10096 5667/23/10096 5672/24/10096
f 5646/22/10097 5572/23/10097 5499/24/10097
f 5643/22/10098 5572/23/10098 5646/24/10098
f 5673/22/10099 5656/23/10099 3530/24/10099
f 5643/22/10100 5571/23/10100 5572/24/10100
f 5558/22/10101 5571/23/10101 5643/24/10101
f 5673/22/10102 3530/23/10102 3533/24/10102
f 5381/22/10103 5653/23/10103 5453/24/10103
f 5580/22/10104 5674/23/10104 5670/24/10104
f 5655/22/10105 5507/23/10105 5508/24/10105
f 5675/22/10106 5662/23/10106 5657/24/10106
f 5675/22/10107 5655/23/10107 5662/24/10107
f 5582/22/10108 5675/23/10108 5674/24/10108
f 5669/22/10109 5672/23/10109 5590/24/10109
f 5669/22/10110 5659/23/10110 5672/24/10110
f 5588/22/10111 5507/23/10111 5655/24/10111
f 5575/22/10112 5576/23/10112 5590/24/10112
f 5595/22/10113 5588/23/10113 5655/24/10113
f 5587/22/10114 5578/23/10114 5664/24/10114
f 5583/22/10115 5665/23/10115 5633/24/10115
f 5677/22/10116 5621/23/10116 5216/24/10116
f 5584/22/10117 5676/23/10117 3521/24/10117
f 3521/22/10118 5676/23/10118 3518/24/10118
f 5585/22/10119 5676/23/10119 5584/24/10119
f 5585/22/10120 5678/23/10120 5676/24/10120
f 5633/22/10121 5678/23/10121 5585/24/10121
f 5633/22/10122 5680/23/10122 5678/24/10122
f 5665/22/10123 5680/23/10123 5633/24/10123
f 3518/22/10124 5676/23/10124 5209/24/10124
f 5660/22/10125 5682/23/10125 5665/24/10125
f 5665/22/10126 5682/23/10126 5680/24/10126
f 5676/22/10127 5678/23/10127 5209/24/10127
f 5658/22/10128 5683/23/10128 5660/24/10128
f 5660/22/10129 5683/23/10129 5682/24/10129
f 5209/22/10130 5678/23/10130 5213/24/10130
f 5678/22/10131 5680/23/10131 5213/24/10131
f 5658/22/10132 5681/23/10132 5683/24/10132
f 5624/22/10133 5679/23/10133 5658/24/10133
f 5658/22/10134 5679/23/10134 5681/24/10134
f 5682/22/10135 5213/23/10135 5680/24/10135
f 5621/22/10136 5679/23/10136 5624/24/10136
f 5682/22/10137 5683/23/10137 5213/24/10137
f 5621/22/10138 5677/23/10138 5679/24/10138
f 5679/22/10139 5210/23/10139 5681/24/10139
f 5679/22/10140 5677/23/10140 5210/24/10140
f 5294/22/10141 5684/23/10141 5476/24/10141
f 5294/22/10142 5685/23/10142 5684/24/10142
f 5685/22/10143 5686/23/10143 5684/24/10143
f 5685/22/10144 5740/23/10144 5686/24/10144
f 5740/22/10145 5757/23/10145 5686/24/10145
f 5740/22/10146 5687/23/10146 5757/24/10146
f 5687/22/10147 5479/23/10147 5757/24/10147
f 5687/22/10148 5688/23/10148 5479/24/10148
f 5688/22/10149 5481/23/10149 5479/24/10149
f 5688/22/10150 5728/23/10150 5481/24/10150
f 5728/22/10151 5689/23/10151 5481/24/10151
f 5690/22/10152 5691/23/10152 5689/24/10152
f 5689/22/10153 5691/23/10153 5481/24/10153
f 5304/22/10154 5303/23/10154 5690/24/10154
f 5690/22/10155 5303/23/10155 5691/24/10155
f 5705/22/10156 5217/23/10156 4927/24/10156
f 4875/22/10157 5705/23/10157 4927/24/10157
f 5692/22/10158 5705/23/10158 4875/24/10158
f 5693/22/10159 5692/23/10159 4875/24/10159
f 4877/22/10160 5693/23/10160 4875/24/10160
f 4879/22/10161 5694/23/10161 4877/24/10161
f 5699/22/10162 4881/23/10162 5698/24/10162
f 5692/22/10163 5704/23/10163 5705/24/10163
f 5702/22/10164 5704/23/10164 5692/24/10164
f 5699/22/10165 5703/23/10165 4881/24/10165
f 4881/22/10166 5703/23/10166 4879/24/10166
f 5704/22/10167 5217/23/10167 5705/24/10167
f 5706/22/10168 5695/23/10168 4893/24/10168
f 5695/22/10169 5696/23/10169 4893/24/10169
f 5696/22/10170 4890/23/10170 4893/24/10170
f 4890/22/10171 5696/23/10171 5707/24/10171
f 5703/22/10172 5700/23/10172 4879/24/10172
f 5699/22/10173 5700/23/10173 5703/24/10173
f 5707/22/10174 5697/23/10174 4885/24/10174
f 5700/22/10175 5694/23/10175 4879/24/10175
f 4885/22/10176 5698/23/10176 4881/24/10176
f 5694/22/10177 5701/23/10177 4877/24/10177
f 5701/22/10178 5693/23/10178 4877/24/10178
f 5695/22/10179 5706/23/10179 4899/24/10179
f 5697/22/10180 5707/23/10180 5696/24/10180
f 5693/22/10181 5702/23/10181 5692/24/10181
f 5698/22/10182 4885/23/10182 5697/24/10182
f 5724/22/10183 4878/23/10183 4874/24/10183
f 5708/22/10184 4878/23/10184 5724/24/10184
f 5709/22/10185 4878/23/10185 5708/24/10185
f 5710/22/10186 5709/23/10186 5708/24/10186
f 5712/22/10187 4878/23/10187 5709/24/10187
f 5293/22/10188 5711/23/10188 5745/24/10188
f 5289/22/10189 5714/23/10189 5713/24/10189
f 5289/22/10190 4891/23/10190 4887/24/10190
f 5716/22/10191 4894/23/10191 4891/24/10191
f 4894/22/10192 5719/23/10192 4896/24/10192
f 4925/22/10193 5286/23/10193 4928/24/10193
f 5717/22/10194 5286/23/10194 4925/24/10194
f 5282/22/10195 5722/23/10195 5721/24/10195
f 5298/22/10196 5722/23/10196 5282/24/10196
f 5298/22/10197 5723/23/10197 5722/24/10197
f 5296/22/10198 5723/23/10198 5298/24/10198
f 5296/22/10199 5724/23/10199 5723/24/10199
f 5708/22/10200 5724/23/10200 5296/24/10200
f 5289/22/10201 5725/23/10201 5292/24/10201
f 5292/22/10202 5709/23/10202 5710/24/10202
f 5292/22/10203 5712/23/10203 5709/24/10203
f 5292/22/10204 5713/23/10204 5712/24/10204
f 4898/22/10205 5284/23/10205 4955/24/10205
f 5720/22/10206 5284/23/10206 4898/24/10206
f 5725/22/10207 5713/23/10207 5292/24/10207
f 5289/22/10208 5713/23/10208 5725/24/10208
f 5293/22/10209 5745/23/10209 5294/24/10209
f 5289/22/10210 4887/23/10210 5714/24/10210
f 5282/22/10211 5721/23/10211 5286/24/10211
f 4891/22/10212 5289/23/10212 5716/24/10212
f 5719/22/10213 4894/23/10213 5716/24/10213
f 5284/22/10214 5720/23/10214 4896/24/10214
f 5293/22/10215 5715/23/10215 5711/24/10215
f 5293/22/10216 5718/23/10216 5715/24/10216
f 5718/22/10217 4925/23/10217 5715/24/10217
f 5717/22/10218 4925/23/10218 5718/24/10218
f 5721/22/10219 4928/23/10219 5286/24/10219
f 5721/22/10220 4929/23/10220 4928/24/10220
f 5722/22/10221 4929/23/10221 5721/24/10221
f 5719/22/10222 5716/23/10222 5287/24/10222
f 5723/22/10223 4929/23/10223 5722/24/10223
f 5723/22/10224 4873/23/10224 4929/24/10224
f 5723/22/10225 4874/23/10225 4873/24/10225
f 5724/22/10226 4874/23/10226 5723/24/10226
f 5284/22/10227 5719/23/10227 5287/24/10227
f 5719/22/10228 5284/23/10228 4896/24/10228
f 5726/22/10229 5727/23/10229 4897/24/10229
f 5730/22/10230 5729/23/10230 5728/24/10230
f 5690/22/10231 5743/23/10231 5304/24/10231
f 5689/22/10232 5731/23/10232 5690/24/10232
f 5731/22/10233 5689/23/10233 5732/24/10233
f 5728/22/10234 5727/23/10234 5689/24/10234
f 5689/22/10235 5727/23/10235 5726/24/10235
f 5688/22/10236 5730/23/10236 5728/24/10236
f 5687/22/10237 5734/23/10237 5733/24/10237
f 5687/22/10238 5733/23/10238 5688/24/10238
f 5687/22/10239 5736/23/10239 5734/24/10239
f 5736/22/10240 5737/23/10240 5735/24/10240
f 5740/22/10241 5737/23/10241 5687/24/10241
f 5737/22/10242 5740/23/10242 4909/24/10242
f 5685/22/10243 5738/23/10243 5740/24/10243
f 5740/22/10244 5738/23/10244 5741/24/10244
f 4909/22/10245 5735/23/10245 5737/24/10245
f 5685/22/10246 5739/23/10246 5738/24/10246
f 5744/22/10247 5294/23/10247 4920/24/10247
f 5685/22/10248 5294/23/10248 5744/24/10248
f 5740/22/10249 5741/23/10249 4909/24/10249
f 4888/22/10250 5742/23/10250 4895/24/10250
f 5739/22/10251 4913/23/10251 5738/24/10251
f 5685/22/10252 5744/23/10252 5739/24/10252
f 5731/22/10253 5732/23/10253 4895/24/10253
f 4895/22/10254 5726/23/10254 4897/24/10254
f 5294/22/10255 5745/23/10255 4920/24/10255
f 4920/22/10256 5745/23/10256 5711/24/10256
f 5746/22/10257 5304/23/10257 5743/24/10257
f 4897/22/10258 5729/23/10258 4901/24/10258
f 5730/22/10259 4901/23/10259 5729/24/10259
f 4904/22/10260 5688/23/10260 5733/24/10260
f 5734/22/10261 5736/23/10261 5735/24/10261
f 5733/22/10262 5734/23/10262 4904/24/10262
f 4904/22/10263 5735/23/10263 4909/24/10263
f 5734/22/10264 5735/23/10264 4904/24/10264
f 5737/22/10265 5736/23/10265 5687/24/10265
f 4909/22/10266 5741/23/10266 4913/24/10266
f 5738/22/10267 4913/23/10267 5741/24/10267
f 4913/22/10268 5739/23/10268 4920/24/10268
f 5739/22/10269 5744/23/10269 4920/24/10269
f 5742/22/10270 5746/23/10270 5743/24/10270
f 5689/22/10271 5726/23/10271 5732/24/10271
f 5732/22/10272 5726/23/10272 4895/24/10272
f 5746/22/10273 5308/23/10273 5304/24/10273
f 5746/22/10274 5747/23/10274 5308/24/10274
f 4888/22/10275 5747/23/10275 5746/24/10275
f 5308/22/10276 5748/23/10276 5309/24/10276
f 5747/22/10277 4880/23/10277 5748/24/10277
f 5749/22/10278 5750/23/10278 5290/24/10278
f 5472/22/10279 5750/23/10279 5749/24/10279
f 5464/22/10280 5750/23/10280 5472/24/10280
f 5750/22/10281 5288/23/10281 5290/24/10281
f 5750/22/10282 5464/23/10282 5288/24/10282
f 5288/22/10283 5751/23/10283 5285/24/10283
f 5464/22/10284 5465/23/10284 5288/24/10284
f 5288/22/10285 5465/23/10285 5751/24/10285
f 5752/22/10286 5471/23/10286 5283/24/10286
f 5475/22/10287 5281/23/10287 5291/24/10287
f 5475/22/10288 5473/23/10288 5281/24/10288
f 5754/22/10289 5297/23/10289 5299/24/10289
f 5283/22/10290 5471/23/10290 5208/24/10290
f 5295/22/10291 5297/23/10291 5756/24/10291
f 5473/22/10292 5474/23/10292 5281/24/10292
f 5281/22/10293 5474/23/10293 5755/24/10293
f 5285/22/10294 5751/23/10294 5752/24/10294
f 5751/22/10295 5466/23/10295 5752/24/10295
f 5752/22/10296 5283/23/10296 5285/24/10296
f 5755/22/10297 5753/23/10297 5299/24/10297
f 5753/22/10298 5754/23/10298 5299/24/10298
f 5466/22/10299 5751/23/10299 5465/24/10299
f 5753/22/10300 5462/23/10300 5754/24/10300
f 5471/22/10301 5752/23/10301 5466/24/10301
f 5754/22/10302 5756/23/10302 5297/24/10302
f 5462/22/10303 5756/23/10303 5754/24/10303
f 5753/22/10304 5755/23/10304 5474/24/10304
f 5756/22/10305 5468/23/10305 5295/24/10305
f 5468/22/10306 5472/23/10306 5295/24/10306
f 5295/22/10307 5472/23/10307 5749/24/10307
f 5291/22/10308 5476/23/10308 5475/24/10308
f 5476/22/10309 5684/23/10309 5686/24/10309
f 5691/22/10310 5482/23/10310 5481/24/10310
f 5484/22/10311 5758/23/10311 5485/24/10311
f 5303/22/10312 5758/23/10312 5691/24/10312
f 5758/22/10313 5484/23/10313 5691/24/10313
f 5484/22/10314 5482/23/10314 5691/24/10314
f 5485/22/10315 5758/23/10315 5759/24/10315
f 5759/22/10316 5758/23/10316 5486/24/10316
f 5303/22/10317 5760/23/10317 5758/24/10317
f 5760/22/10318 5305/23/10318 5758/24/10318
f 5511/22/10319 5763/23/10319 5512/24/10319
f 5302/22/10320 5509/23/10320 5504/24/10320
f 5302/22/10321 5764/23/10321 5509/24/10321
f 5763/22/10322 5765/23/10322 5514/24/10322
f 5306/22/10323 5764/23/10323 5302/24/10323
f 5764/22/10324 5515/23/10324 5509/24/10324
f 5310/22/10325 5492/23/10325 5517/24/10325
f 5310/22/10326 5761/23/10326 5492/24/10326
f 5306/22/10327 5766/23/10327 5515/24/10327
f 5515/22/10328 5766/23/10328 5497/24/10328
f 5492/22/10329 5761/23/10329 5494/24/10329
f 5486/22/10330 5758/23/10330 5510/24/10330
f 5510/22/10331 5758/23/10331 5305/24/10331
f 5761/22/10332 5767/23/10332 5494/24/10332
f 5307/22/10333 5510/23/10333 5305/24/10333
f 5307/22/10334 5511/23/10334 5510/24/10334
f 5763/22/10335 5511/23/10335 5307/24/10335
f 5767/22/10336 5311/23/10336 5494/24/10336
f 5494/22/10337 5311/23/10337 5505/24/10337
f 5512/22/10338 5763/23/10338 5514/24/10338
f 5762/22/10339 5312/23/10339 5505/24/10339
f 5765/22/10340 5310/23/10340 5517/24/10340
f 5505/22/10341 5312/23/10341 5513/24/10341
f 5497/22/10342 5766/23/10342 5770/24/10342
f 5770/22/10343 5766/23/10343 5768/24/10343
f 5312/22/10344 5313/23/10344 5513/24/10344
f 5313/22/10345 5314/23/10345 5513/24/10345
f 5513/22/10346 5314/23/10346 5488/24/10346
f 5514/22/10347 5765/23/10347 5517/24/10347
f 5314/22/10348 5300/23/10348 5488/24/10348
f 5300/22/10349 5301/23/10349 5488/24/10349
f 5488/22/10350 5301/23/10350 5504/24/10350
f 5302/22/10351 5504/23/10351 5301/24/10351
f 5306/22/10352 5515/23/10352 5764/24/10352
f 5311/22/10353 5762/23/10353 5505/24/10353
f 5519/22/10354 5518/23/10354 5769/24/10354
f 5769/22/10355 5211/23/10355 5519/24/10355
f 5518/22/10356 5770/23/10356 5768/24/10356
f 5497/22/10357 5770/23/10357 5518/24/10357
f 5518/22/10358 5768/23/10358 5769/24/10358
f 5772/22/10359 5773/23/10359 5774/24/10359
f 5790/22/10360 5772/23/10360 5771/24/10360
f 5771/22/10361 5772/23/10361 5786/24/10361
f 5790/22/10362 5793/23/10362 5772/24/10362
f 5785/22/10363 5776/23/10363 5823/24/10363
f 5772/22/10364 5793/23/10364 5773/24/10364
f 5777/22/10365 5782/23/10365 5778/24/10365
f 5784/22/10366 5912/23/10366 5820/24/10366
f 5773/22/10367 5779/23/10367 5774/24/10367
f 5820/22/10368 5912/23/10368 5781/24/10368
f 5796/22/10369 5793/23/10369 5790/24/10369
f 5773/22/10370 5793/23/10370 5795/24/10370
f 5776/22/10371 5797/23/10371 5823/24/10371
f 5796/22/10372 5798/23/10372 5793/24/10372
f 5792/22/10373 5777/23/10373 5780/24/10373
f 5793/22/10374 5798/23/10374 5795/24/10374
f 5773/22/10375 5795/23/10375 5779/24/10375
f 5779/22/10376 5795/23/10376 5800/24/10376
f 5788/22/10377 5799/23/10377 5785/24/10377
f 5795/22/10378 5798/23/10378 5801/24/10378
f 5802/22/10379 5798/23/10379 5796/24/10379
f 5794/22/10380 5803/23/10380 5771/24/10380
f 5799/22/10381 5776/23/10381 5785/24/10381
f 5800/22/10382 5795/23/10382 5785/24/10382
f 5785/22/10383 5795/23/10383 5801/24/10383
f 5779/22/10384 5792/23/10384 5780/24/10384
f 5798/22/10385 5805/23/10385 5801/24/10385
f 5803/22/10386 5805/23/10386 5802/24/10386
f 5806/22/10387 5805/23/10387 5803/24/10387
f 5802/22/10388 5805/23/10388 5798/24/10388
f 5792/22/10389 5822/23/10389 5777/24/10389
f 5775/22/10390 5808/23/10390 5788/24/10390
f 5791/22/10391 5808/23/10391 5775/24/10391
f 5782/22/10392 5807/23/10392 5783/24/10392
f 5771/22/10393 5803/23/10393 5790/24/10393
f 5803/22/10394 5796/23/10394 5790/24/10394
f 5808/22/10395 5799/23/10395 5788/24/10395
f 5242/22/10396 5244/23/10396 5243/24/10396
f 5777/22/10397 5812/23/10397 5782/24/10397
f 5241/22/10398 5242/23/10398 5240/24/10398
f 5797/22/10399 5809/23/10399 5804/24/10399
f 5799/22/10400 5810/23/10400 5776/24/10400
f 5783/22/10401 5807/23/10401 5198/24/10401
f 5244/22/10402 5249/23/10402 5248/24/10402
f 5822/22/10403 5812/23/10403 5777/24/10403
f 5776/22/10404 5811/23/10404 5797/24/10404
f 5810/22/10405 5811/23/10405 5776/24/10405
f 5804/22/10406 5813/23/10406 5818/24/10406
f 5809/22/10407 5813/23/10407 5804/24/10407
f 5812/22/10408 5814/23/10408 5782/24/10408
f 5195/22/10409 5813/23/10409 5191/24/10409
f 5818/22/10410 5813/23/10410 5195/24/10410
f 5811/22/10411 5809/23/10411 5797/24/10411
f 5789/22/10412 5815/23/10412 5787/24/10412
f 5809/22/10413 5816/23/10413 5813/24/10413
f 5249/22/10414 5254/23/10414 5252/24/10414
f 5813/22/10415 5816/23/10415 5191/24/10415
f 5241/22/10416 5874/23/10416 5242/24/10416
f 5876/22/10417 5874/23/10417 5241/24/10417
f 5818/22/10418 5195/23/10418 5197/24/10418
f 5814/22/10419 5807/23/10419 5782/24/10419
f 5817/22/10420 5818/23/10420 5197/24/10420
f 5814/22/10421 5818/23/10421 5817/24/10421
f 5803/22/10422 5802/23/10422 5796/24/10422
f 5815/22/10423 5820/23/10423 5787/24/10423
f 5787/22/10424 5820/23/10424 5794/24/10424
f 5242/22/10425 5874/23/10425 5789/24/10425
f 5814/22/10426 5819/23/10426 5818/24/10426
f 5807/22/10427 5817/23/10427 5198/24/10427
f 5198/22/10428 5817/23/10428 5197/24/10428
f 5819/22/10429 5804/23/10429 5818/24/10429
f 5242/22/10430 5789/23/10430 5244/24/10430
f 5819/22/10431 5812/23/10431 5821/24/10431
f 5814/22/10432 5812/23/10432 5819/24/10432
f 5821/22/10433 5804/23/10433 5819/24/10433
f 5789/22/10434 5787/23/10434 5244/24/10434
f 5794/22/10435 5820/23/10435 5803/24/10435
f 5821/22/10436 5812/23/10436 5822/24/10436
f 5821/22/10437 5797/23/10437 5804/24/10437
f 5814/22/10438 5817/23/10438 5807/24/10438
f 5820/22/10439 5806/23/10439 5803/24/10439
f 5262/22/10440 5774/23/10440 5265/24/10440
f 5244/22/10441 5787/23/10441 5249/24/10441
f 5787/22/10442 5794/23/10442 5249/24/10442
f 5774/22/10443 5780/23/10443 5265/24/10443
f 5822/22/10444 5800/23/10444 5821/24/10444
f 5800/22/10445 5823/23/10445 5821/24/10445
f 5821/22/10446 5823/23/10446 5797/24/10446
f 5265/22/10447 5780/23/10447 5270/24/10447
f 5794/22/10448 5771/23/10448 5249/24/10448
f 5249/22/10449 5771/23/10449 5254/24/10449
f 5874/22/10450 5824/23/10450 5789/24/10450
f 5822/22/10451 5792/23/10451 5800/24/10451
f 5780/22/10452 5778/23/10452 5270/24/10452
f 5771/22/10453 5786/23/10453 5254/24/10453
f 5800/22/10454 5785/23/10454 5823/24/10454
f 5254/22/10455 5786/23/10455 5262/24/10455
f 5786/22/10456 5774/23/10456 5262/24/10456
f 5789/22/10457 5866/23/10457 5815/24/10457
f 5824/22/10458 5866/23/10458 5789/24/10458
f 5805/22/10459 5775/23/10459 5801/24/10459
f 5820/22/10460 5781/23/10460 5806/24/10460
f 5775/22/10461 5788/23/10461 5801/24/10461
f 5866/22/10462 5917/23/10462 5815/24/10462
f 5801/22/10463 5788/23/10463 5785/24/10463
f 5800/22/10464 5792/23/10464 5779/24/10464
f 5786/22/10465 5772/23/10465 5774/24/10465
f 5781/22/10466 5791/23/10466 5806/24/10466
f 5780/22/10467 5777/23/10467 5778/24/10467
f 5815/22/10468 5917/23/10468 5820/24/10468
f 5791/22/10469 5775/23/10469 5806/24/10469
f 5774/22/10470 5779/23/10470 5780/24/10470
f 5806/22/10471 5775/23/10471 5805/24/10471
f 5917/22/10472 5784/23/10472 5820/24/10472
f 5825/22/10473 6268/23/10473 6317/24/10473
f 6317/22/10474 6268/23/10474 5826/24/10474
f 6257/22/10475 5827/23/10475 5828/24/10475
f 5828/22/10476 5827/23/10476 5830/24/10476
f 5829/22/10477 6255/23/10477 5826/24/10477
f 5826/22/10478 6255/23/10478 6320/24/10478
f 6255/22/10479 4072/23/10479 6320/24/10479
f 6320/22/10480 4072/23/10480 5196/24/10480
f 5827/22/10481 6261/23/10481 5830/24/10481
f 6255/22/10482 4070/23/10482 4072/24/10482
f 5830/22/10483 5831/23/10483 5832/24/10483
f 6261/22/10484 5831/23/10484 5830/24/10484
f 5831/22/10485 5833/23/10485 5832/24/10485
f 5832/22/10486 5833/23/10486 5834/24/10486
f 5833/22/10487 5835/23/10487 5834/24/10487
f 5834/22/10488 5835/23/10488 6321/24/10488
f 6321/22/10489 5836/23/10489 5837/24/10489
f 5835/22/10490 5836/23/10490 6321/24/10490
f 5837/22/10491 5838/23/10491 6313/24/10491
f 5836/22/10492 5838/23/10492 5837/24/10492
f 5838/22/10493 6314/23/10493 6313/24/10493
f 5838/22/10494 5839/23/10494 6314/24/10494
f 5839/22/10495 5840/23/10495 6314/24/10495
f 5839/22/10496 5841/23/10496 5840/24/10496
f 5841/22/10497 6316/23/10497 5840/24/10497
f 5841/22/10498 6262/23/10498 6316/24/10498
f 6262/22/10499 6264/23/10499 6316/24/10499
f 6264/22/10500 6265/23/10500 6316/24/10500
f 6316/22/10501 6265/23/10501 6317/24/10501
f 6265/22/10502 5825/23/10502 6317/24/10502
f 4040/22/10503 6342/23/10503 5183/24/10503
f 4040/22/10504 5842/23/10504 6342/24/10504
f 4056/22/10505 5842/23/10505 4040/24/10505
f 4056/22/10506 6305/23/10506 5842/24/10506
f 5864/22/10507 6294/23/10507 5843/24/10507
f 5842/22/10508 5844/23/10508 5845/24/10508
f 6305/22/10509 5844/23/10509 5842/24/10509
f 5843/22/10510 6294/23/10510 5846/24/10510
f 5844/22/10511 6293/23/10511 5845/24/10511
f 6293/22/10512 5847/23/10512 5845/24/10512
f 5846/22/10513 5848/23/10513 5849/24/10513
f 6294/22/10514 5848/23/10514 5846/24/10514
f 6293/22/10515 6295/23/10515 5847/24/10515
f 6295/22/10516 6332/23/10516 5847/24/10516
f 6295/22/10517 5850/23/10517 6332/24/10517
f 5850/22/10518 6331/23/10518 6332/24/10518
f 5850/22/10519 6290/23/10519 6331/24/10519
f 6290/22/10520 5851/23/10520 6331/24/10520
f 6290/22/10521 5852/23/10521 5851/24/10521
f 5852/22/10522 5853/23/10522 5851/24/10522
f 5852/22/10523 5854/23/10523 5853/24/10523
f 5854/22/10524 5855/23/10524 6338/24/10524
f 5852/22/10525 5855/23/10525 5854/24/10525
f 6338/22/10526 5855/23/10526 6337/24/10526
f 5855/22/10527 6308/23/10527 6337/24/10527
f 6308/22/10528 6303/23/10528 6337/24/10528
f 6337/22/10529 6303/23/10529 5856/24/10529
f 6303/22/10530 5857/23/10530 5856/24/10530
f 5856/22/10531 5857/23/10531 5858/24/10531
f 5857/22/10532 5859/23/10532 5858/24/10532
f 5858/22/10533 5859/23/10533 5860/24/10533
f 5860/22/10534 5859/23/10534 5861/24/10534
f 5859/22/10535 5862/23/10535 5861/24/10535
f 5861/22/10536 5862/23/10536 5863/24/10536
f 5862/22/10537 5864/23/10537 5863/24/10537
f 5863/22/10538 5864/23/10538 5865/24/10538
f 5865/22/10539 5864/23/10539 5843/24/10539
f 5919/22/10540 5868/23/10540 5869/24/10540
f 5867/22/10541 5931/23/10541 5870/24/10541
f 5877/22/10542 5193/23/10542 5884/24/10542
f 5189/22/10543 5190/23/10543 5880/24/10543
f 5194/22/10544 5877/23/10544 5879/24/10544
f 5193/22/10545 5877/23/10545 5194/24/10545
f 5878/22/10546 5884/23/10546 5192/24/10546
f 5878/22/10547 5882/23/10547 5884/24/10547
f 5883/22/10548 5882/23/10548 5880/24/10548
f 5880/22/10549 5882/23/10549 5878/24/10549
f 5885/22/10550 5877/23/10550 5884/24/10550
f 5881/22/10551 5886/23/10551 5190/24/10551
f 5192/22/10552 5884/23/10552 5193/24/10552
f 5190/22/10553 5886/23/10553 5880/24/10553
f 5877/22/10554 5885/23/10554 5879/24/10554
f 5191/22/10555 5816/23/10555 5881/24/10555
f 5882/22/10556 5887/23/10556 5884/24/10556
f 5886/22/10557 5881/23/10557 5816/24/10557
f 5885/22/10558 5888/23/10558 5879/24/10558
f 5886/22/10559 5889/23/10559 5890/24/10559
f 5809/22/10560 5889/23/10560 5816/24/10560
f 5816/22/10561 5889/23/10561 5886/24/10561
f 5888/22/10562 5891/23/10562 5879/24/10562
f 5890/22/10563 5889/23/10563 5893/24/10563
f 5887/22/10564 5892/23/10564 5888/24/10564
f 5893/22/10565 5889/23/10565 5811/24/10565
f 5888/22/10566 5892/23/10566 5894/24/10566
f 5896/22/10567 5894/23/10567 5892/24/10567
f 5895/22/10568 5898/23/10568 5891/24/10568
f 5894/22/10569 5900/23/10569 5895/24/10569
f 5896/22/10570 5900/23/10570 5894/24/10570
f 5895/22/10571 5901/23/10571 5899/24/10571
f 5895/22/10572 5900/23/10572 5901/24/10572
f 5810/22/10573 5897/23/10573 5893/24/10573
f 5903/22/10574 5898/23/10574 5899/24/10574
f 5902/22/10575 5897/23/10575 5799/24/10575
f 5897/22/10576 5902/23/10576 5924/24/10576
f 5898/22/10577 5903/23/10577 5904/24/10577
f 5901/22/10578 5905/23/10578 5899/24/10578
f 5899/22/10579 5905/23/10579 5906/24/10579
f 5905/22/10580 5908/23/10580 5906/24/10580
f 5930/22/10581 5905/23/10581 5928/24/10581
f 5910/22/10582 5906/23/10582 5911/24/10582
f 5908/22/10583 5911/23/10583 5906/24/10583
f 5868/22/10584 5871/23/10584 5915/24/10584
f 5914/22/10585 5869/23/10585 5904/24/10585
f 5870/22/10586 5876/23/10586 6093/24/10586
f 5913/22/10587 5917/23/10587 5930/24/10587
f 5911/22/10588 5918/23/10588 5867/24/10588
f 5192/22/10589 5189/23/10589 5878/24/10589
f 5930/22/10590 5917/23/10590 5921/24/10590
f 5189/22/10591 5880/23/10591 5878/24/10591
f 5917/22/10592 5866/23/10592 5921/24/10592
f 5881/22/10593 5190/23/10593 5191/24/10593
f 5921/22/10594 5866/23/10594 5824/24/10594
f 5870/22/10595 5872/23/10595 5867/24/10595
f 5824/22/10596 5874/23/10596 5931/24/10596
f 5880/22/10597 5886/23/10597 5883/24/10597
f 5920/22/10598 5872/23/10598 5873/24/10598
f 5884/22/10599 5887/23/10599 5885/24/10599
f 5883/22/10600 5922/23/10600 5882/24/10600
f 5874/22/10601 5870/23/10601 5931/24/10601
f 5876/22/10602 5870/23/10602 5874/24/10602
f 5885/22/10603 5887/23/10603 5888/24/10603
f 5887/22/10604 5882/23/10604 5922/24/10604
f 5890/22/10605 5922/23/10605 5883/24/10605
f 5886/22/10606 5890/23/10606 5883/24/10606
f 5906/22/10607 5903/23/10607 5899/24/10607
f 5903/22/10608 5909/23/10608 5904/24/10608
f 5908/22/10609 5905/23/10609 5930/24/10609
f 5903/22/10610 5910/23/10610 5909/24/10610
f 5909/22/10611 5914/23/10611 5904/24/10611
f 5922/22/10612 5923/23/10612 5887/24/10612
f 5916/22/10613 5910/23/10613 5911/24/10613
f 5918/22/10614 5911/23/10614 5908/24/10614
f 5890/22/10615 5923/23/10615 5922/24/10615
f 5923/22/10616 5892/23/10616 5887/24/10616
f 5869/22/10617 5914/23/10617 5919/24/10617
f 5867/22/10618 5916/23/10618 5911/24/10618
f 5914/22/10619 5910/23/10619 5919/24/10619
f 5888/22/10620 5895/23/10620 5891/24/10620
f 5867/22/10621 5920/23/10621 5916/24/10621
f 5809/22/10622 5811/23/10622 5889/24/10622
f 5923/22/10623 5893/23/10623 5897/24/10623
f 5890/22/10624 5893/23/10624 5923/24/10624
f 5916/22/10625 5871/23/10625 5910/24/10625
f 5920/22/10626 5871/23/10626 5916/24/10626
f 5888/22/10627 5894/23/10627 5895/24/10627
f 5923/22/10628 5896/23/10628 5892/24/10628
f 5910/22/10629 5871/23/10629 5919/24/10629
f 5871/22/10630 5920/23/10630 5873/24/10630
f 5919/22/10631 5871/23/10631 5868/24/10631
f 5872/22/10632 5920/23/10632 5867/24/10632
f 5811/22/10633 5810/23/10633 5893/24/10633
f 5924/22/10634 5896/23/10634 5923/24/10634
f 6091/22/10635 5871/23/10635 5873/24/10635
f 5873/22/10636 5872/23/10636 5875/24/10636
f 5872/22/10637 5870/23/10637 5875/24/10637
f 5914/22/10638 5909/23/10638 5910/24/10638
f 5897/22/10639 5924/23/10639 5923/24/10639
f 5895/22/10640 5899/23/10640 5898/24/10640
f 5924/22/10641 5925/23/10641 5896/24/10641
f 5896/22/10642 5925/23/10642 5900/24/10642
f 5924/22/10643 5902/23/10643 5925/24/10643
f 5926/22/10644 5900/23/10644 5925/24/10644
f 5810/22/10645 5799/23/10645 5897/24/10645
f 5926/22/10646 5927/23/10646 5900/24/10646
f 5900/22/10647 5927/23/10647 5901/24/10647
f 5907/22/10648 5925/23/10648 5902/24/10648
f 5907/22/10649 5926/23/10649 5925/24/10649
f 5927/22/10650 5928/23/10650 5901/24/10650
f 5901/22/10651 5928/23/10651 5905/24/10651
f 5926/22/10652 5929/23/10652 5927/24/10652
f 5808/22/10653 5902/23/10653 5799/24/10653
f 5907/22/10654 5929/23/10654 5926/24/10654
f 5912/22/10655 5929/23/10655 5907/24/10655
f 5927/22/10656 5929/23/10656 5928/24/10656
f 5808/22/10657 5907/23/10657 5902/24/10657
f 5791/22/10658 5907/23/10658 5808/24/10658
f 5929/22/10659 5913/23/10659 5928/24/10659
f 5906/22/10660 5910/23/10660 5903/24/10660
f 5912/22/10661 5913/23/10661 5929/24/10661
f 5781/22/10662 5907/23/10662 5791/24/10662
f 5781/22/10663 5912/23/10663 5907/24/10663
f 5928/22/10664 5913/23/10664 5930/24/10664
f 5930/22/10665 5918/23/10665 5908/24/10665
f 5784/22/10666 5913/23/10666 5912/24/10666
f 5930/22/10667 5921/23/10667 5918/24/10667
f 5913/22/10668 5784/23/10668 5917/24/10668
f 5918/22/10669 5921/23/10669 5931/24/10669
f 5931/22/10670 5867/23/10670 5918/24/10670
f 5824/22/10671 5931/23/10671 5921/24/10671
f 5932/22/10672 5947/23/10672 5933/24/10672
f 5932/22/10673 5936/23/10673 5937/24/10673
f 5933/22/10674 5934/23/10674 5935/24/10674
f 5937/22/10675 5936/23/10675 5938/24/10675
f 5939/22/10676 5938/23/10676 5936/24/10676
f 5938/22/10677 5941/23/10677 5940/24/10677
f 5943/22/10678 5941/23/10678 5938/24/10678
f 5943/22/10679 5944/23/10679 6350/24/10679
f 5942/22/10680 5945/23/10680 5943/24/10680
f 5943/22/10681 5946/23/10681 5944/24/10681
f 5947/22/10682 5993/23/10682 5385/24/10682
f 5940/22/10683 5937/23/10683 5938/24/10683
f 5943/22/10684 5992/23/10684 5941/24/10684
f 5943/22/10685 5948/23/10685 5992/24/10685
f 6350/22/10686 5948/23/10686 5943/24/10686
f 5936/22/10687 5932/23/10687 5933/24/10687
f 5936/22/10688 5933/23/10688 5939/24/10688
f 5938/22/10689 5939/23/10689 5942/24/10689
f 5942/22/10690 5943/23/10690 5938/24/10690
f 5946/22/10691 5943/23/10691 5945/24/10691
f 5946/22/10692 5327/23/10692 5944/24/10692
f 5946/22/10693 5945/23/10693 5952/24/10693
f 5952/22/10694 5327/23/10694 5946/24/10694
f 5949/22/10695 5947/23/10695 5385/24/10695
f 5934/22/10696 5947/23/10696 5949/24/10696
f 5947/22/10697 5934/23/10697 5933/24/10697
f 5378/22/10698 5954/23/10698 5950/24/10698
f 5954/22/10699 5951/23/10699 5950/24/10699
f 5951/22/10700 5953/23/10700 5935/24/10700
f 5935/22/10701 5953/23/10701 5955/24/10701
f 5954/22/10702 5959/23/10702 5951/24/10702
f 5956/22/10703 5957/23/10703 5945/24/10703
f 5958/22/10704 5953/23/10704 5951/24/10704
f 5955/22/10705 5953/23/10705 5956/24/10705
f 5958/22/10706 5951/23/10706 5959/24/10706
f 5945/22/10707 5957/23/10707 5952/24/10707
f 5958/22/10708 5959/23/10708 5960/24/10708
f 5382/22/10709 5961/23/10709 5954/24/10709
f 5380/22/10710 5961/23/10710 5382/24/10710
f 5953/22/10711 5962/23/10711 5956/24/10711
f 5967/22/10712 5960/23/10712 5954/24/10712
f 5962/22/10713 5966/23/10713 5956/24/10713
f 5956/22/10714 5966/23/10714 5957/24/10714
f 5963/22/10715 5962/23/10715 5958/24/10715
f 5979/22/10716 5960/23/10716 5964/24/10716
f 5949/22/10717 5950/23/10717 5934/24/10717
f 5950/22/10718 5935/23/10718 5934/24/10718
f 5976/22/10719 5960/23/10719 5967/24/10719
f 5933/22/10720 5935/23/10720 5939/24/10720
f 5964/22/10721 5968/23/10721 5979/24/10721
f 5961/22/10722 5380/23/10722 5364/24/10722
f 5960/22/10723 5976/23/10723 5964/24/10723
f 5970/22/10724 5324/23/10724 5966/24/10724
f 5964/22/10725 5976/23/10725 5968/24/10725
f 5963/22/10726 5969/23/10726 5965/24/10726
f 5364/22/10727 5972/23/10727 5961/24/10727
f 5961/22/10728 5972/23/10728 5967/24/10728
f 5977/22/10729 5971/23/10729 5969/24/10729
f 5973/22/10730 5969/23/10730 5971/24/10730
f 5977/22/10731 5969/23/10731 5968/24/10731
f 5324/22/10732 5970/23/10732 5323/24/10732
f 5969/22/10733 5973/23/10733 5965/24/10733
f 5951/22/10734 5935/23/10734 5950/24/10734
f 5967/22/10735 5974/23/10735 5976/24/10735
f 5935/22/10736 5955/23/10736 5939/24/10736
f 5954/22/10737 5378/23/10737 5382/24/10737
f 5972/22/10738 5974/23/10738 5967/24/10738
f 5960/22/10739 5959/23/10739 5954/24/10739
f 5962/22/10740 5965/23/10740 5966/24/10740
f 5975/22/10741 5977/23/10741 5976/24/10741
f 5963/22/10742 5965/23/10742 5962/24/10742
f 5974/22/10743 5975/23/10743 5976/24/10743
f 5973/22/10744 5970/23/10744 5965/24/10744
f 5939/22/10745 5955/23/10745 5942/24/10745
f 5961/22/10746 5967/23/10746 5954/24/10746
f 5955/22/10747 5956/23/10747 5942/24/10747
f 5956/22/10748 5945/23/10748 5942/24/10748
f 5975/22/10749 5978/23/10749 5977/24/10749
f 5958/22/10750 5962/23/10750 5953/24/10750
f 5960/22/10751 5979/23/10751 5958/24/10751
f 5364/22/10752 5352/23/10752 5972/24/10752
f 5352/22/10753 5334/23/10753 5972/24/10753
f 5326/22/10754 5952/23/10754 5957/24/10754
f 5975/22/10755 5980/23/10755 5978/24/10755
f 5978/22/10756 5971/23/10756 5977/24/10756
f 5974/22/10757 5981/23/10757 5975/24/10757
f 5966/22/10758 5326/23/10758 5957/24/10758
f 5972/22/10759 5334/23/10759 5974/24/10759
f 5958/22/10760 5979/23/10760 5963/24/10760
f 5973/22/10761 5982/23/10761 5323/24/10761
f 5334/22/10762 5981/23/10762 5974/24/10762
f 5971/22/10763 5982/23/10763 5973/24/10763
f 5978/22/10764 5983/23/10764 5971/24/10764
f 5981/22/10765 5980/23/10765 5975/24/10765
f 5966/22/10766 5324/23/10766 5326/24/10766
f 5983/22/10767 5982/23/10767 5971/24/10767
f 5980/22/10768 5983/23/10768 5978/24/10768
f 5963/22/10769 5979/23/10769 5969/24/10769
f 5323/22/10770 5982/23/10770 5322/24/10770
f 5981/22/10771 5356/23/10771 5980/24/10771
f 5979/22/10772 5968/23/10772 5969/24/10772
f 5965/22/10773 5970/23/10773 5966/24/10773
f 5980/22/10774 5356/23/10774 5983/24/10774
f 5983/22/10775 5357/23/10775 5982/24/10775
f 5357/22/10776 5322/23/10776 5982/24/10776
f 5968/22/10777 5976/23/10777 5977/24/10777
f 5385/22/10778 5378/23/10778 5949/24/10778
f 5973/22/10779 5323/23/10779 5970/24/10779
f 5378/22/10780 5950/23/10780 5949/24/10780
f 3588/22/10781 5990/23/10781 5985/24/10781
f 3592/22/10782 5989/23/10782 5988/24/10782
f 6220/22/10783 5987/23/10783 5985/24/10783
f 3594/22/10784 3596/23/10784 5986/24/10784
f 5987/22/10785 3588/23/10785 5985/24/10785
f 5987/22/10786 3586/23/10786 3588/24/10786
f 3594/22/10787 5986/23/10787 5989/24/10787
f 3590/22/10788 3592/23/10788 5988/24/10788
f 3590/22/10789 6175/23/10789 5990/24/10789
f 3592/22/10790 3594/23/10790 5989/24/10790
f 3588/22/10791 3590/23/10791 5990/24/10791
f 5941/22/10792 5991/23/10792 5940/24/10792
f 5994/22/10793 5993/23/10793 5947/24/10793
f 6218/22/10794 5994/23/10794 5947/24/10794
f 6218/22/10795 5947/23/10795 5932/24/10795
f 5995/22/10796 6218/23/10796 5932/24/10796
f 5932/22/10797 6368/23/10797 5995/24/10797
f 5932/22/10798 5937/23/10798 6368/24/10798
f 5996/22/10799 6368/23/10799 5937/24/10799
f 5940/22/10800 5996/23/10800 5937/24/10800
f 5940/22/10801 5997/23/10801 5996/24/10801
f 5991/22/10802 5997/23/10802 5940/24/10802
f 5941/22/10803 5992/23/10803 5991/24/10803
f 5948/22/10804 6363/23/10804 5998/24/10804
f 5948/22/10805 5998/23/10805 5992/24/10805
f 5999/22/10806 6001/23/10806 6004/24/10806
f 5891/22/10807 6001/23/10807 6003/24/10807
f 5999/22/10808 6000/23/10808 6005/24/10808
f 6001/22/10809 6012/23/10809 6002/24/10809
f 5898/22/10810 5904/23/10810 6007/24/10810
f 6006/22/10811 5999/23/10811 6005/24/10811
f 5196/22/10812 5999/23/10812 6006/24/10812
f 5194/22/10813 6003/23/10813 5999/24/10813
f 6001/22/10814 6002/23/10814 6008/24/10814
f 6001/22/10815 6007/23/10815 6012/24/10815
f 5194/22/10816 5999/23/10816 5196/24/10816
f 5879/22/10817 6003/23/10817 5194/24/10817
f 5904/22/10818 6010/23/10818 6007/24/10818
f 5869/22/10819 6322/23/10819 6009/24/10819
f 5891/22/10820 6003/23/10820 5879/24/10820
f 5898/22/10821 6007/23/10821 6001/24/10821
f 6000/22/10822 5999/23/10822 6004/24/10822
f 6001/22/10823 6008/23/10823 6004/24/10823
f 6007/22/10824 6011/23/10824 6012/24/10824
f 6007/22/10825 6010/23/10825 6011/24/10825
f 6003/22/10826 6001/23/10826 5999/24/10826
f 5891/22/10827 5898/23/10827 6001/24/10827
f 5904/22/10828 5869/23/10828 6009/24/10828
f 5904/22/10829 6009/23/10829 6010/24/10829
f 5869/22/10830 5828/23/10830 6322/24/10830
f 5869/22/10831 6013/23/10831 5828/24/10831
f 6013/22/10832 6324/23/10832 5828/24/10832
f 6013/22/10833 6014/23/10833 6324/24/10833
f 6014/22/10834 6325/23/10834 6324/24/10834
f 6014/22/10835 6015/23/10835 6325/24/10835
f 6014/22/10836 6016/23/10836 6015/24/10836
f 6016/22/10837 6017/23/10837 6015/24/10837
f 6016/22/10838 6018/23/10838 6017/24/10838
f 6016/22/10839 6019/23/10839 6018/24/10839
f 6019/22/10840 6326/23/10840 6018/24/10840
f 6019/22/10841 6020/23/10841 6326/24/10841
f 6020/22/10842 6021/23/10842 6326/24/10842
f 6021/22/10843 6020/23/10843 6022/24/10843
f 6033/22/10844 6028/23/10844 6052/24/10844
f 6026/22/10845 6024/23/10845 6048/24/10845
f 6026/22/10846 6029/23/10846 6030/24/10846
f 6031/22/10847 6024/23/10847 6030/24/10847
f 6032/22/10848 6049/23/10848 6335/24/10848
f 6049/22/10849 6032/23/10849 6035/24/10849
f 6035/22/10850 6032/23/10850 6034/24/10850
f 6052/22/10851 6037/23/10851 6023/24/10851
f 6025/22/10852 6027/23/10852 6040/24/10852
f 6034/22/10853 6036/23/10853 6035/24/10853
f 6036/22/10854 6034/23/10854 6043/24/10854
f 6036/22/10855 6043/23/10855 6038/24/10855
f 6040/22/10856 6036/23/10856 6038/24/10856
f 6052/22/10857 6042/23/10857 6033/24/10857
f 6045/22/10858 6052/23/10858 6024/24/10858
f 6025/22/10859 6039/23/10859 6041/24/10859
f 6044/22/10860 6037/23/10860 6052/24/10860
f 6044/22/10861 6052/23/10861 6045/24/10861
f 6029/22/10862 6026/23/10862 6040/24/10862
f 6029/22/10863 6040/23/10863 6027/24/10863
f 6042/22/10864 6052/23/10864 6339/24/10864
f 6024/22/10865 6026/23/10865 6030/24/10865
f 6031/22/10866 6045/23/10866 6024/24/10866
f 6050/22/10867 6049/23/10867 6035/24/10867
f 6031/22/10868 6030/23/10868 6051/24/10868
f 6046/22/10869 6022/23/10869 6020/24/10869
f 6047/22/10870 6046/23/10870 6020/24/10870
f 6032/22/10871 6047/23/10871 6020/24/10871
f 6032/22/10872 6335/23/10872 6047/24/10872
f 6052/22/10873 6048/23/10873 6024/24/10873
f 6026/22/10874 6036/23/10874 6040/24/10874
f 6048/22/10875 6036/23/10875 6026/24/10875
f 6023/22/10876 6339/23/10876 6052/24/10876
f 6052/22/10877 6050/23/10877 6035/24/10877
f 6048/22/10878 6035/23/10878 6036/24/10878
f 6048/22/10879 6052/23/10879 6035/24/10879
f 6028/22/10880 6334/23/10880 6050/24/10880
f 6039/22/10881 6040/23/10881 6038/24/10881
f 6039/22/10882 6025/23/10882 6040/24/10882
f 6052/22/10883 6028/23/10883 6050/24/10883
f 5188/22/10884 5187/23/10884 6025/24/10884
f 5185/22/10885 6027/23/10885 5187/24/10885
f 5185/22/10886 6029/23/10886 6027/24/10886
f 6054/22/10887 6053/23/10887 5184/24/10887
f 5183/22/10888 6054/23/10888 5184/24/10888
f 5184/22/10889 6053/23/10889 6030/24/10889
f 5184/22/10890 6030/23/10890 6029/24/10890
f 6030/22/10891 6053/23/10891 6051/24/10891
f 6025/22/10892 6041/23/10892 5188/24/10892
f 6025/22/10893 5187/23/10893 6027/24/10893
f 5185/22/10894 5184/23/10894 6029/24/10894
f 6092/22/10895 6057/23/10895 6059/24/10895
f 6058/22/10896 6057/23/10896 6092/24/10896
f 6062/22/10897 6068/23/10897 6067/24/10897
f 6055/22/10898 6099/23/10898 6066/24/10898
f 6056/22/10899 6055/23/10899 6066/24/10899
f 6014/22/10900 6056/23/10900 6063/24/10900
f 6063/22/10901 6056/23/10901 6065/24/10901
f 6056/22/10902 6066/23/10902 6065/24/10902
f 6068/22/10903 6057/23/10903 6069/24/10903
f 6076/22/10904 6066/23/10904 6099/24/10904
f 6099/22/10905 6059/23/10905 6076/24/10905
f 5377/22/10906 5993/23/10906 6097/24/10906
f 6063/22/10907 6073/23/10907 6079/24/10907
f 6073/22/10908 6077/23/10908 6079/24/10908
f 6069/22/10909 6064/23/10909 6068/24/10909
f 6063/22/10910 6079/23/10910 6016/24/10910
f 6076/22/10911 6078/23/10911 6072/24/10911
f 6067/22/10912 6064/23/10912 6070/24/10912
f 6083/22/10913 6080/23/10913 6100/24/10913
f 6079/22/10914 6080/23/10914 6084/24/10914
f 6083/22/10915 6100/23/10915 6060/24/10915
f 6079/22/10916 6084/23/10916 6016/24/10916
f 6089/22/10917 5915/23/10917 6091/24/10917
f 5377/22/10918 6070/23/10918 6064/24/10918
f 6081/22/10919 6013/23/10919 5868/24/10919
f 6084/22/10920 6086/23/10920 6016/24/10920
f 6016/22/10921 6086/23/10921 6019/24/10921
f 6098/22/10922 6093/23/10922 5876/24/10922
f 6055/22/10923 6013/23/10923 6081/24/10923
f 6081/22/10924 6089/23/10924 6055/24/10924
f 6086/22/10925 6090/23/10925 6019/24/10925
f 6090/22/10926 6088/23/10926 6075/24/10926
f 6075/22/10927 6088/23/10927 6085/24/10927
f 6013/22/10928 6055/23/10928 6014/24/10928
f 6087/22/10929 6083/23/10929 6085/24/10929
f 5869/22/10930 5868/23/10930 6013/24/10930
f 6087/22/10931 6086/23/10931 6084/24/10931
f 6055/22/10932 6056/23/10932 6014/24/10932
f 5875/22/10933 6082/23/10933 5873/24/10933
f 6088/22/10934 6086/23/10934 6087/24/10934
f 6059/22/10935 6091/23/10935 6092/24/10935
f 6088/22/10936 6090/23/10936 6086/24/10936
f 6083/22/10937 6060/23/10937 6085/24/10937
f 6093/22/10938 5875/23/10938 5870/24/10938
f 6082/22/10939 5875/23/10939 6092/24/10939
f 6019/22/10940 6094/23/10940 6020/24/10940
f 6090/22/10941 6094/23/10941 6019/24/10941
f 6094/22/10942 6090/23/10942 6095/24/10942
f 6078/22/10943 6059/23/10943 6057/24/10943
f 6075/22/10944 6095/23/10944 6090/24/10944
f 6073/22/10945 6063/23/10945 6065/24/10945
f 6095/22/10946 6075/23/10946 6096/24/10946
f 6074/22/10947 6096/23/10947 6075/24/10947
f 6059/22/10948 6078/23/10948 6076/24/10948
f 6058/22/10949 6092/23/10949 5875/24/10949
f 6068/22/10950 6078/23/10950 6057/24/10950
f 6074/22/10951 6219/23/10951 6096/24/10951
f 6067/22/10952 6097/23/10952 6074/24/10952
f 6074/22/10953 6097/23/10953 6219/24/10953
f 6069/22/10954 6057/23/10954 6058/24/10954
f 6014/22/10955 6063/23/10955 6016/24/10955
f 6067/22/10956 6070/23/10956 6097/24/10956
f 5875/22/10957 6093/23/10957 6058/24/10957
f 6070/22/10958 5377/23/10958 6097/24/10958
f 6072/22/10959 6078/23/10959 6068/24/10959
f 6100/22/10960 6077/23/10960 6076/24/10960
f 6080/22/10961 6079/23/10961 6077/24/10961
f 6061/22/10962 6093/23/10962 6098/24/10962
f 6076/22/10963 6072/23/10963 6100/24/10963
f 6058/22/10964 6093/23/10964 6061/24/10964
f 5383/22/10965 6061/23/10965 6098/24/10965
f 6100/22/10966 6062/23/10966 6060/24/10966
f 6072/22/10967 6062/23/10967 6100/24/10967
f 6068/22/10968 6062/23/10968 6072/24/10968
f 6080/22/10969 6083/23/10969 6084/24/10969
f 5377/22/10970 6064/23/10970 5383/24/10970
f 6073/22/10971 6065/23/10971 6076/24/10971
f 6083/22/10972 6087/23/10972 6084/24/10972
f 6065/22/10973 6066/23/10973 6076/24/10973
f 6068/22/10974 6064/23/10974 6067/24/10974
f 6091/22/10975 5915/23/10975 5871/24/10975
f 6060/22/10976 6062/23/10976 6085/24/10976
f 6076/22/10977 6077/23/10977 6073/24/10977
f 6067/22/10978 6085/23/10978 6062/24/10978
f 6085/22/10979 6088/23/10979 6087/24/10979
f 5873/22/10980 6082/23/10980 6091/24/10980
f 6067/22/10981 6071/23/10981 6085/24/10981
f 6061/22/10982 6069/23/10982 6058/24/10982
f 6080/22/10983 6077/23/10983 6100/24/10983
f 6074/22/10984 6071/23/10984 6067/24/10984
f 5383/22/10985 6069/23/10985 6061/24/10985
f 6085/22/10986 6071/23/10986 6075/24/10986
f 6082/22/10987 6092/23/10987 6091/24/10987
f 6071/22/10988 6074/23/10988 6075/24/10988
f 5915/22/10989 6081/23/10989 5868/24/10989
f 6089/22/10990 6081/23/10990 5915/24/10990
f 6064/22/10991 6069/23/10991 5383/24/10991
f 6099/22/10992 6055/23/10992 6089/24/10992
f 6059/22/10993 6099/23/10993 6091/24/10993
f 6091/22/10994 6099/23/10994 6089/24/10994
f 6184/22/10995 6174/23/10995 3596/24/10995
f 6178/22/10996 6117/23/10996 6124/24/10996
f 6120/22/10997 6235/23/10997 6214/24/10997
f 6102/22/10998 6114/23/10998 3554/24/10998
f 6104/22/10999 6122/23/10999 6164/24/10999
f 6132/22/11000 6111/23/11000 6137/24/11000
f 6109/22/11001 6166/23/11001 6142/24/11001
f 6124/22/11002 6112/23/11002 6137/24/11002
f 6106/22/11003 6125/23/11003 6174/24/11003
f 6153/22/11004 6115/23/11004 6177/24/11004
f 6102/22/11005 6203/23/11005 6163/24/11005
f 6144/22/11006 6235/23/11006 6107/24/11006
f 6127/22/11007 6116/23/11007 6121/24/11007
f 6172/22/11008 6151/23/11008 6128/24/11008
f 6109/22/11009 6129/23/11009 6166/24/11009
f 3559/22/11010 6203/23/11010 3554/24/11010
f 6191/22/11011 6105/23/11011 6118/24/11011
f 6167/22/11012 6126/23/11012 6132/24/11012
f 6191/22/11013 6118/23/11013 6106/24/11013
f 3554/22/11014 6114/23/11014 3539/24/11014
f 6124/22/11015 6133/23/11015 6112/24/11015
f 3596/22/11016 6174/23/11016 5986/24/11016
f 6125/22/11017 6134/23/11017 6174/24/11017
f 6135/22/11018 6109/23/11018 6154/24/11018
f 6131/22/11019 6103/23/11019 6194/24/11019
f 6113/22/11020 6136/23/11020 6114/24/11020
f 6137/22/11021 6115/23/11021 6132/24/11021
f 6114/22/11022 6136/23/11022 3539/24/11022
f 6203/22/11023 6102/23/11023 3554/24/11023
f 6174/22/11024 6134/23/11024 5986/24/11024
f 6118/22/11025 6105/23/11025 6140/24/11025
f 6120/22/11026 6141/23/11026 6235/24/11026
f 6107/22/11027 6142/23/11027 6108/24/11027
f 6101/22/11028 6117/23/11028 6178/24/11028
f 6108/22/11029 6143/23/11029 6113/24/11029
f 6193/22/11030 6159/23/11030 6131/24/11030
f 6158/22/11031 6140/23/11031 6105/24/11031
f 6103/22/11032 6146/23/11032 6213/24/11032
f 6131/22/11033 6146/23/11033 6103/24/11033
f 6235/22/11034 6141/23/11034 6107/24/11034
f 6149/22/11035 6150/23/11035 6148/24/11035
f 6158/22/11036 6133/23/11036 6152/24/11036
f 6112/22/11037 6133/23/11037 6158/24/11037
f 6167/22/11038 6153/23/11038 6172/24/11038
f 6107/22/11039 6141/23/11039 6154/24/11039
f 6155/22/11040 6139/23/11040 6104/24/11040
f 6116/22/11041 6132/23/11041 6126/24/11041
f 6169/22/11042 6119/23/11042 6156/24/11042
f 6152/22/11043 6140/23/11043 6158/24/11043
f 6101/22/11044 6111/23/11044 6110/24/11044
f 6123/22/11045 6138/23/11045 6157/24/11045
f 6177/22/11046 6115/23/11046 6158/24/11046
f 6118/22/11047 6125/23/11047 6106/24/11047
f 6136/22/11048 6162/23/11048 3539/24/11048
f 6139/22/11049 6122/23/11049 6104/24/11049
f 6214/22/11050 6146/23/11050 6120/24/11050
f 6213/22/11051 6146/23/11051 6214/24/11051
f 6113/22/11052 6160/23/11052 6136/24/11052
f 6143/22/11053 6160/23/11053 6113/24/11053
f 3539/22/11054 6162/23/11054 3531/24/11054
f 5984/22/11055 6147/23/11055 3571/24/11055
f 6123/22/11056 6161/23/11056 6119/24/11056
f 6128/22/11057 6141/23/11057 6120/24/11057
f 6125/22/11058 5989/23/11058 6134/24/11058
f 6153/22/11059 6151/23/11059 6172/24/11059
f 6160/22/11060 6162/23/11060 6136/24/11060
f 6134/22/11061 5989/23/11061 5986/24/11061
f 6116/22/11062 6159/23/11062 6193/24/11062
f 6150/22/11063 6163/23/11063 6147/24/11063
f 6164/22/11064 5989/23/11064 6125/24/11064
f 6127/22/11065 6110/23/11065 6116/24/11065
f 6110/22/11066 6132/23/11066 6116/24/11066
f 6119/22/11067 6161/23/11067 6156/24/11067
f 6130/22/11068 6170/23/11068 6101/24/11068
f 6101/22/11069 6170/23/11069 6138/24/11069
f 6142/22/11070 6143/23/11070 6108/24/11070
f 6152/22/11071 6155/23/11071 6140/24/11071
f 6140/22/11072 6155/23/11072 6104/24/11072
f 6135/22/11073 6106/23/11073 6109/24/11073
f 6164/22/11074 5988/23/11074 5989/24/11074
f 6162/22/11075 6160/23/11075 3531/24/11075
f 6039/22/11076 6127/23/11076 6121/24/11076
f 6166/22/11077 6160/23/11077 6143/24/11077
f 6131/22/11078 6159/23/11078 6167/24/11078
f 6169/22/11079 6155/23/11079 6152/24/11079
f 6128/22/11080 6168/23/11080 6141/24/11080
f 6137/22/11081 6112/23/11081 6115/24/11081
f 6170/22/11082 6171/23/11082 6138/24/11082
f 6154/22/11083 6141/23/11083 6135/24/11083
f 6122/22/11084 5988/23/11084 6164/24/11084
f 6123/22/11085 6157/23/11085 6161/24/11085
f 6101/22/11086 6178/23/11086 6111/24/11086
f 6154/22/11087 6142/23/11087 6107/24/11087
f 6138/22/11088 6171/23/11088 6157/24/11088
f 6141/22/11089 6168/23/11089 6135/24/11089
f 3531/22/11090 6160/23/11090 3520/24/11090
f 6127/22/11091 6130/23/11091 6101/24/11091
f 6132/22/11092 6153/23/11092 6167/24/11092
f 6155/22/11093 6173/23/11093 6139/24/11093
f 6109/22/11094 6174/23/11094 6129/24/11094
f 6140/22/11095 6164/23/11095 6118/24/11095
f 6169/22/11096 6156/23/11096 6155/24/11096
f 6155/22/11097 6156/23/11097 6173/24/11097
f 5988/22/11098 6175/23/11098 3590/24/11098
f 6122/22/11099 6175/23/11099 5988/24/11099
f 6106/22/11100 6174/23/11100 6109/24/11100
f 6160/22/11101 6176/23/11101 3520/24/11101
f 6166/22/11102 6176/23/11102 6160/24/11102
f 6116/22/11103 6126/23/11103 6159/24/11103
f 6177/22/11104 6168/23/11104 6128/24/11104
f 6118/22/11105 6164/23/11105 6125/24/11105
f 6142/22/11106 6166/23/11106 6143/24/11106
f 6139/22/11107 6175/23/11107 6122/24/11107
f 6146/22/11108 6172/23/11108 6120/24/11108
f 6115/22/11109 6112/23/11109 6158/24/11109
f 6130/22/11110 6038/23/11110 6179/24/11110
f 6111/22/11111 6178/23/11111 6137/24/11111
f 6137/22/11112 6178/23/11112 6124/24/11112
f 6124/22/11113 6117/23/11113 6123/24/11113
f 6130/22/11114 6182/23/11114 6170/24/11114
f 6180/22/11115 6170/23/11115 6182/24/11115
f 6171/22/11116 6170/23/11116 6180/24/11116
f 6128/22/11117 6151/23/11117 6177/24/11117
f 6043/22/11118 6179/23/11118 6038/24/11118
f 6173/22/11119 6156/23/11119 6181/24/11119
f 6144/22/11120 6108/23/11120 6145/24/11120
f 6124/22/11121 6119/23/11121 6133/24/11121
f 6139/22/11122 5990/23/11122 6175/24/11122
f 6173/22/11123 5990/23/11123 6139/24/11123
f 6181/22/11124 6183/23/11124 6173/24/11124
f 6129/22/11125 6184/23/11125 6166/24/11125
f 6095/22/11126 6232/23/11126 6094/24/11126
f 6179/22/11127 6182/23/11127 6130/24/11127
f 6184/22/11128 6176/23/11128 6166/24/11128
f 6187/22/11129 6189/23/11129 6244/24/11129
f 6189/22/11130 6148/23/11130 6244/24/11130
f 6244/22/11131 6148/23/11131 6242/24/11131
f 6127/22/11132 6101/23/11132 6110/24/11132
f 6188/22/11133 6190/23/11133 6185/24/11133
f 3520/22/11134 6176/23/11134 3597/24/11134
f 6177/22/11135 6191/23/11135 6168/24/11135
f 6181/22/11136 6156/23/11136 6192/24/11136
f 6194/22/11137 6103/23/11137 6190/24/11137
f 6151/22/11138 6153/23/11138 6177/24/11138
f 6038/22/11139 6127/23/11139 6039/24/11139
f 6183/22/11140 5990/23/11140 6173/24/11140
f 6190/22/11141 6193/23/11141 6194/24/11141
f 6167/22/11142 6172/23/11142 6131/24/11142
f 6131/22/11143 6172/23/11143 6146/24/11143
f 6156/22/11144 6161/23/11144 6192/24/11144
f 6223/22/11145 6165/23/11145 6149/24/11145
f 6149/22/11146 6165/23/11146 6150/24/11146
f 6159/22/11147 6126/23/11147 6167/24/11147
f 6133/22/11148 6119/23/11148 6152/24/11148
f 6152/22/11149 6119/23/11149 6169/24/11149
f 6171/22/11150 6195/23/11150 6157/24/11150
f 6168/22/11151 6191/23/11151 6135/24/11151
f 6161/22/11152 6157/23/11152 6195/24/11152
f 6192/22/11153 6183/23/11153 6181/24/11153
f 5990/22/11154 6183/23/11154 5985/24/11154
f 6161/22/11155 6196/23/11155 6192/24/11155
f 6195/22/11156 6196/23/11156 6161/24/11156
f 6180/22/11157 6195/23/11157 6171/24/11157
f 6180/22/11158 6197/23/11158 6195/24/11158
f 6180/22/11159 6198/23/11159 6197/24/11159
f 6195/22/11160 6197/23/11160 6199/24/11160
f 6191/22/11161 6106/23/11161 6135/24/11161
f 6199/22/11162 6196/23/11162 6195/24/11162
f 6176/22/11163 6184/23/11163 3597/24/11163
f 6200/22/11164 6196/23/11164 6201/24/11164
f 6197/22/11165 6202/23/11165 6199/24/11165
f 6198/22/11166 6202/23/11166 6197/24/11166
f 3571/22/11167 6203/23/11167 3559/24/11167
f 6147/22/11168 6203/23/11168 3571/24/11168
f 6201/22/11169 6199/23/11169 6204/24/11169
f 6204/22/11170 6199/23/11170 6206/24/11170
f 6163/22/11171 6203/23/11171 6147/24/11171
f 6202/22/11172 6205/23/11172 6199/24/11172
f 6206/22/11173 6209/23/11173 6366/24/11173
f 6199/22/11174 6209/23/11174 6206/24/11174
f 6228/22/11175 6207/23/11175 6202/24/11175
f 6205/22/11176 6209/23/11176 6199/24/11176
f 6202/22/11177 6207/23/11177 6205/24/11177
f 6366/22/11178 6209/23/11178 6208/24/11178
f 6154/22/11179 6109/23/11179 6142/24/11179
f 6101/22/11180 6138/23/11180 6117/24/11180
f 6208/22/11181 6210/23/11181 6211/24/11181
f 6209/22/11182 6210/23/11182 6208/24/11182
f 6205/22/11183 6212/23/11183 6209/24/11183
f 6211/22/11184 6210/23/11184 6368/24/11184
f 6207/22/11185 6212/23/11185 6205/24/11185
f 6212/22/11186 6210/23/11186 6209/24/11186
f 6368/22/11187 6210/23/11187 6215/24/11187
f 6216/22/11188 6212/23/11188 6207/24/11188
f 6212/22/11189 6217/23/11189 6210/24/11189
f 6215/22/11190 6217/23/11190 6218/24/11190
f 6210/22/11191 6217/23/11191 6215/24/11191
f 6212/22/11192 6216/23/11192 6219/24/11192
f 6108/22/11193 6113/23/11193 6145/24/11193
f 6218/22/11194 6217/23/11194 5994/24/11194
f 6212/22/11195 6219/23/11195 6217/24/11195
f 5994/22/11196 6097/23/11196 5993/24/11196
f 6217/22/11197 6097/23/11197 5994/24/11197
f 6238/22/11198 6185/23/11198 6186/24/11198
f 6117/22/11199 6138/23/11199 6123/24/11199
f 5985/22/11200 6183/23/11200 6220/24/11200
f 6237/22/11201 6041/23/11201 6188/24/11201
f 6237/22/11202 6188/23/11202 6185/24/11202
f 6190/22/11203 6187/23/11203 6186/24/11203
f 6185/22/11204 6190/23/11204 6186/24/11204
f 6158/22/11205 6191/23/11205 6177/24/11205
f 6187/22/11206 6190/23/11206 6189/24/11206
f 6140/22/11207 6104/23/11207 6164/24/11207
f 6183/22/11208 6192/23/11208 6220/24/11208
f 6148/22/11209 6221/23/11209 6149/24/11209
f 6189/22/11210 6221/23/11210 6148/24/11210
f 6224/22/11211 6182/23/11211 6179/24/11211
f 6193/22/11212 6190/23/11212 6188/24/11212
f 6221/22/11213 6189/23/11213 6103/24/11213
f 6179/22/11214 6034/23/11214 6224/24/11214
f 6103/22/11215 6189/23/11215 6190/24/11215
f 6220/22/11216 6192/23/11216 6222/24/11216
f 6043/22/11217 6034/23/11217 6179/24/11217
f 6192/22/11218 6196/23/11218 6222/24/11218
f 6182/22/11219 6198/23/11219 6180/24/11219
f 6224/22/11220 6198/23/11220 6182/24/11220
f 6213/22/11221 6221/23/11221 6103/24/11221
f 6214/22/11222 6221/23/11222 6213/24/11222
f 6188/22/11223 6121/23/11223 6193/24/11223
f 6222/22/11224 6196/23/11224 6225/24/11224
f 6225/22/11225 6196/23/11225 6200/24/11225
f 6221/22/11226 6226/23/11226 6223/24/11226
f 6224/22/11227 6034/23/11227 6227/24/11227
f 6214/22/11228 6226/23/11228 6221/24/11228
f 6224/22/11229 6228/23/11229 6198/24/11229
f 6201/22/11230 6196/23/11230 6199/24/11230
f 6198/22/11231 6228/23/11231 6202/24/11231
f 6034/22/11232 6229/23/11232 6227/24/11232
f 6032/22/11233 6229/23/11233 6034/24/11233
f 6193/22/11234 6121/23/11234 6116/24/11234
f 6233/22/11235 6228/23/11235 6230/24/11235
f 6207/22/11236 6228/23/11236 6233/24/11236
f 6230/22/11237 6229/23/11237 6231/24/11237
f 6032/22/11238 6231/23/11238 6229/24/11238
f 6174/22/11239 6184/23/11239 6129/24/11239
f 6145/22/11240 6165/23/11240 6223/24/11240
f 6041/22/11241 6121/23/11241 6188/24/11241
f 6230/22/11242 6231/23/11242 6233/24/11242
f 6144/22/11243 6223/23/11243 6226/24/11243
f 6145/22/11244 6223/23/11244 6144/24/11244
f 6032/22/11245 6020/23/11245 6231/24/11245
f 6233/22/11246 6234/23/11246 6207/24/11246
f 6110/22/11247 6111/23/11247 6132/24/11247
f 6020/22/11248 6094/23/11248 6231/24/11248
f 6207/22/11249 6234/23/11249 6216/24/11249
f 3597/22/11250 6184/23/11250 3596/24/11250
f 6232/22/11251 6095/23/11251 6234/24/11251
f 6234/22/11252 6096/23/11252 6216/24/11252
f 6216/22/11253 6096/23/11253 6219/24/11253
f 6219/22/11254 6097/23/11254 6217/24/11254
f 6148/22/11255 6150/23/11255 6236/24/11255
f 6221/22/11256 6223/23/11256 6149/24/11256
f 6114/22/11257 6102/23/11257 6113/24/11257
f 6113/22/11258 6102/23/11258 6165/24/11258
f 6130/22/11259 6127/23/11259 6038/24/11259
f 6228/22/11260 6224/23/11260 6227/24/11260
f 6230/22/11261 6227/23/11261 6229/24/11261
f 6228/22/11262 6227/23/11262 6230/24/11262
f 6231/22/11263 6232/23/11263 6233/24/11263
f 6094/22/11264 6232/23/11264 6231/24/11264
f 6132/22/11265 6115/23/11265 6153/24/11265
f 6232/22/11266 6234/23/11266 6233/24/11266
f 6095/22/11267 6096/23/11267 6234/24/11267
f 6113/22/11268 6165/23/11268 6145/24/11268
f 6158/22/11269 6105/23/11269 6191/24/11269
f 6214/22/11270 6235/23/11270 6226/24/11270
f 6120/22/11271 6172/23/11271 6128/24/11271
f 6194/22/11272 6193/23/11272 6131/24/11272
f 6039/22/11273 6121/23/11273 6041/24/11273
f 6226/22/11274 6235/23/11274 6144/24/11274
f 6165/22/11275 6102/23/11275 6150/24/11275
f 6150/22/11276 6102/23/11276 6163/24/11276
f 6107/22/11277 6108/23/11277 6144/24/11277
f 6123/22/11278 6119/23/11278 6124/24/11278
f 6237/22/11279 6185/23/11279 6238/24/11279
f 6240/22/11280 6236/23/11280 6239/24/11280
f 5984/22/11281 3570/23/11281 3562/24/11281
f 5984/22/11282 3562/23/11282 6239/24/11282
f 5984/22/11283 6239/23/11283 6147/24/11283
f 6240/22/11284 6239/23/11284 5181/24/11284
f 6237/22/11285 5188/23/11285 6041/24/11285
f 6239/22/11286 3562/23/11286 5181/24/11286
f 6241/22/11287 6236/23/11287 6240/24/11287
f 6240/22/11288 5181/23/11288 5186/24/11288
f 6241/22/11289 6240/23/11289 5186/24/11289
f 5186/22/11290 6242/23/11290 6241/24/11290
f 6243/22/11291 6244/23/11291 6242/24/11291
f 6243/22/11292 6242/23/11292 5186/24/11292
f 6243/22/11293 6187/23/11293 6244/24/11293
f 6186/22/11294 6187/23/11294 6243/24/11294
f 5182/22/11295 6186/23/11295 6243/24/11295
f 5182/22/11296 6238/23/11296 6186/24/11296
f 5182/22/11297 6237/23/11297 6238/24/11297
f 5188/22/11298 6237/23/11298 5182/24/11298
f 6236/22/11299 6242/23/11299 6148/24/11299
f 6236/22/11300 6241/23/11300 6242/24/11300
f 6239/22/11301 6150/23/11301 6147/24/11301
f 6239/22/11302 6236/23/11302 6150/24/11302
f 5848/22/11303 6245/23/11303 5849/24/11303
f 6245/22/11304 6326/23/11304 5849/24/11304
f 6245/22/11305 6246/23/11305 6326/24/11305
f 6247/22/11306 6018/23/11306 6246/24/11306
f 6246/22/11307 6018/23/11307 6326/24/11307
f 6247/22/11308 6248/23/11308 6018/24/11308
f 6248/22/11309 6249/23/11309 6018/24/11309
f 6248/22/11310 6250/23/11310 6249/24/11310
f 6250/22/11311 6251/23/11311 6249/24/11311
f 6251/22/11312 6323/23/11312 6249/24/11312
f 6251/22/11313 6285/23/11313 6323/24/11313
f 6285/22/11314 6257/23/11314 6323/24/11314
f 6257/22/11315 5828/23/11315 6323/24/11315
f 6267/22/11316 4124/23/11316 6252/24/11316
f 5829/22/11317 6253/23/11317 6255/24/11317
f 6252/22/11318 4124/23/11318 6254/24/11318
f 6258/22/11319 5827/23/11319 6257/24/11319
f 6257/22/11320 4136/23/11320 6258/24/11320
f 6256/22/11321 4127/23/11321 6259/24/11321
f 4135/22/11322 6265/23/11322 6264/24/11322
f 5831/22/11323 6267/23/11323 5833/24/11323
f 4134/22/11324 6267/23/11324 5831/24/11324
f 5833/22/11325 6252/23/11325 5835/24/11325
f 6267/22/11326 6252/23/11326 5833/24/11326
f 6255/22/11327 6253/23/11327 4141/24/11327
f 4141/22/11328 4070/23/11328 6255/24/11328
f 4143/22/11329 4070/23/11329 4141/24/11329
f 6252/22/11330 6254/23/11330 5835/24/11330
f 6254/22/11331 6256/23/11331 5836/24/11331
f 5836/22/11332 6256/23/11332 5838/24/11332
f 6256/22/11333 6259/23/11333 5838/24/11333
f 5838/22/11334 6259/23/11334 5839/24/11334
f 5841/22/11335 6260/23/11335 6262/24/11335
f 6262/22/11336 6260/23/11336 6263/24/11336
f 6262/22/11337 6263/23/11337 6264/24/11337
f 6264/22/11338 6263/23/11338 4135/24/11338
f 6254/22/11339 5836/23/11339 5835/24/11339
f 6266/22/11340 6265/23/11340 4135/24/11340
f 6265/22/11341 6266/23/11341 5825/24/11341
f 6258/22/11342 6261/23/11342 5827/24/11342
f 6261/22/11343 4134/23/11343 5831/24/11343
f 6258/22/11344 4134/23/11344 6261/24/11344
f 4136/22/11345 4134/23/11345 6258/24/11345
f 4157/22/11346 6269/23/11346 6288/24/11346
f 4151/22/11347 6269/23/11347 4157/24/11347
f 4151/22/11348 6270/23/11348 6269/24/11348
f 4151/22/11349 6271/23/11349 6270/24/11349
f 5848/22/11350 6273/23/11350 6245/24/11350
f 6274/22/11351 4148/23/11351 6248/24/11351
f 6248/22/11352 4148/23/11352 6277/24/11352
f 6245/22/11353 6276/23/11353 6246/24/11353
f 6277/22/11354 6278/23/11354 6250/24/11354
f 6279/22/11355 6278/23/11355 6277/24/11355
f 6246/22/11356 6269/23/11356 6247/24/11356
f 6247/22/11357 6271/23/11357 6248/24/11357
f 6277/22/11358 6250/23/11358 6248/24/11358
f 4142/22/11359 6283/23/11359 6282/24/11359
f 6250/22/11360 6280/23/11360 6251/24/11360
f 6283/22/11361 4142/23/11361 6284/24/11361
f 6251/22/11362 6283/23/11362 6285/24/11362
f 6284/22/11363 4139/23/11363 6285/24/11363
f 6286/22/11364 6285/23/11364 4139/24/11364
f 6286/22/11365 6257/23/11365 6285/24/11365
f 4136/22/11366 6257/23/11366 6286/24/11366
f 4161/22/11367 6287/23/11367 4163/24/11367
f 6276/22/11368 6288/23/11368 6246/24/11368
f 4161/22/11369 6275/23/11369 6287/24/11369
f 6269/22/11370 6270/23/11370 6247/24/11370
f 6248/22/11371 6271/23/11371 6272/24/11371
f 6274/22/11372 6248/23/11372 6272/24/11372
f 6278/22/11373 6279/23/11373 6280/24/11373
f 6282/22/11374 6251/23/11374 6281/24/11374
f 6288/22/11375 6269/23/11375 6246/24/11375
f 6270/22/11376 6271/23/11376 6247/24/11376
f 4151/22/11377 6272/23/11377 6271/24/11377
f 4148/22/11378 6272/23/11378 4151/24/11378
f 4148/22/11379 6274/23/11379 6272/24/11379
f 6250/22/11380 6278/23/11380 6280/24/11380
f 6281/22/11381 6279/23/11381 4148/24/11381
f 4148/22/11382 6279/23/11382 6277/24/11382
f 6279/22/11383 6281/23/11383 6280/24/11383
f 6251/22/11384 6280/23/11384 6281/24/11384
f 4142/22/11385 6282/23/11385 6281/24/11385
f 6251/22/11386 6282/23/11386 6283/24/11386
f 6283/22/11387 6284/23/11387 6285/24/11387
f 4139/22/11388 6284/23/11388 4142/24/11388
f 4136/22/11389 6286/23/11389 4139/24/11389
f 6287/22/11390 6273/23/11390 4163/24/11390
f 6287/22/11391 6275/23/11391 6245/24/11391
f 6276/22/11392 6245/23/11392 6275/24/11392
f 4161/22/11393 6276/23/11393 6275/24/11393
f 4161/22/11394 6288/23/11394 6276/24/11394
f 4157/22/11395 6288/23/11395 4161/24/11395
f 5852/22/11396 6290/23/11396 6289/24/11396
f 6290/22/11397 6291/23/11397 4128/24/11397
f 6290/22/11398 5850/23/11398 6291/24/11398
f 6291/22/11399 6292/23/11399 4130/24/11399
f 6291/22/11400 6295/23/11400 6292/24/11400
f 5850/22/11401 6295/23/11401 6291/24/11401
f 5848/22/11402 6294/23/11402 4164/24/11402
f 6292/22/11403 6293/23/11403 4132/24/11403
f 6295/22/11404 6293/23/11404 6292/24/11404
f 6294/22/11405 5864/23/11405 4164/24/11405
f 4164/22/11406 5864/23/11406 6298/24/11406
f 5864/22/11407 5862/23/11407 6298/24/11407
f 6298/22/11408 5862/23/11408 6299/24/11408
f 4164/22/11409 6298/23/11409 4165/24/11409
f 6296/22/11410 6293/23/11410 5844/24/11410
f 6301/22/11411 4118/23/11411 4168/24/11411
f 5857/22/11412 6301/23/11412 6300/24/11412
f 6299/22/11413 4167/23/11413 4165/24/11413
f 6299/22/11414 5859/23/11414 4167/24/11414
f 6304/22/11415 4118/23/11415 6302/24/11415
f 5862/22/11416 5859/23/11416 6299/24/11416
f 6303/22/11417 6304/23/11417 6302/24/11417
f 6304/22/11418 6303/23/11418 6308/24/11418
f 4119/22/11419 6304/23/11419 6308/24/11419
f 4121/22/11420 4119/23/11420 6306/24/11420
f 4121/22/11421 6306/23/11421 6309/24/11421
f 4121/22/11422 6309/23/11422 4122/24/11422
f 4122/22/11423 6309/23/11423 6307/24/11423
f 6307/22/11424 6289/23/11424 4122/24/11424
f 5852/22/11425 6289/23/11425 6307/24/11425
f 4122/22/11426 6289/23/11426 4126/24/11426
f 6289/22/11427 6290/23/11427 4128/24/11427
f 4167/22/11428 6300/23/11428 4168/24/11428
f 4130/22/11429 4128/23/11429 6291/24/11429
f 5859/22/11430 6300/23/11430 4167/24/11430
f 5859/22/11431 5857/23/11431 6300/24/11431
f 4132/22/11432 4130/23/11432 6292/24/11432
f 6298/22/11433 6299/23/11433 4165/24/11433
f 4133/22/11434 4132/23/11434 6293/24/11434
f 6296/22/11435 4133/23/11435 6293/24/11435
f 4133/22/11436 6296/23/11436 6297/24/11436
f 6296/22/11437 5844/23/11437 6305/24/11437
f 6305/22/11438 6297/23/11438 6296/24/11438
f 6303/22/11439 6301/23/11439 5857/24/11439
f 4168/22/11440 6300/23/11440 6301/24/11440
f 4118/22/11441 6301/23/11441 6302/24/11441
f 6303/22/11442 6302/23/11442 6301/24/11442
f 6306/22/11443 4119/23/11443 6308/24/11443
f 6308/22/11444 5855/23/11444 6306/24/11444
f 6306/22/11445 5855/23/11445 6309/24/11445
f 6309/22/11446 5852/23/11446 6307/24/11446
f 6309/22/11447 5855/23/11447 5852/24/11447
f 4128/22/11448 4126/23/11448 6289/24/11448
f 6305/22/11449 4224/23/11449 6297/24/11449
f 6305/22/11450 4056/23/11450 4224/24/11450
f 6314/22/11451 5840/23/11451 6311/24/11451
f 6008/22/11452 6315/23/11452 6004/24/11452
f 6002/22/11453 6314/23/11453 6311/24/11453
f 6311/22/11454 6315/23/11454 6008/24/11454
f 6311/22/11455 6316/23/11455 6315/24/11455
f 5840/22/11456 6316/23/11456 6311/24/11456
f 6315/22/11457 6317/23/11457 6004/24/11457
f 6316/22/11458 6317/23/11458 6315/24/11458
f 6317/22/11459 6318/23/11459 6004/24/11459
f 6322/22/11460 5832/23/11460 6009/24/11460
f 6004/22/11461 6318/23/11461 6000/24/11461
f 5830/22/11462 5832/23/11462 6322/24/11462
f 6317/22/11463 5826/23/11463 6318/24/11463
f 6320/22/11464 6006/23/11464 6319/24/11464
f 6006/22/11465 6320/23/11465 5196/24/11465
f 5832/22/11466 5834/23/11466 6009/24/11466
f 6312/22/11467 6313/23/11467 6314/24/11467
f 6319/22/11468 6318/23/11468 5826/24/11468
f 6319/22/11469 6005/23/11469 6318/24/11469
f 6011/22/11470 5834/23/11470 6321/24/11470
f 5826/22/11471 6320/23/11471 6319/24/11471
f 6002/22/11472 6311/23/11472 6008/24/11472
f 6011/22/11473 6310/23/11473 6012/24/11473
f 6321/22/11474 5837/23/11474 6310/24/11474
f 6000/22/11475 6318/23/11475 6005/24/11475
f 5837/22/11476 6313/23/11476 6310/24/11476
f 6310/22/11477 6312/23/11477 6012/24/11477
f 6005/22/11478 6319/23/11478 6006/24/11478
f 6313/22/11479 6312/23/11479 6310/24/11479
f 6312/22/11480 6002/23/11480 6012/24/11480
f 6009/22/11481 5834/23/11481 6010/24/11481
f 6312/22/11482 6314/23/11482 6002/24/11482
f 6010/22/11483 5834/23/11483 6011/24/11483
f 6011/22/11484 6321/23/11484 6310/24/11484
f 6322/22/11485 5828/23/11485 5830/24/11485
f 6323/22/11486 6325/23/11486 6249/24/11486
f 6249/22/11487 6017/23/11487 6018/24/11487
f 6021/22/11488 6046/23/11488 6326/24/11488
f 6326/22/11489 6327/23/11489 5849/24/11489
f 6324/22/11490 6323/23/11490 5828/24/11490
f 6325/22/11491 6323/23/11491 6324/24/11491
f 6249/22/11492 6325/23/11492 6015/24/11492
f 6017/22/11493 6249/23/11493 6015/24/11493
f 6327/22/11494 6326/23/11494 6046/24/11494
f 5849/22/11495 6327/23/11495 6328/24/11495
f 6021/22/11496 6329/23/11496 6046/24/11496
f 6329/22/11497 6022/23/11497 6046/24/11497
f 6023/22/11498 6330/23/11498 5853/24/11498
f 6037/22/11499 6330/23/11499 6023/24/11499
f 6044/22/11500 6333/23/11500 6331/24/11500
f 5846/22/11501 6327/23/11501 5843/24/11501
f 5847/22/11502 6333/23/11502 6045/24/11502
f 6045/22/11503 5845/23/11503 5847/24/11503
f 5865/22/11504 6050/23/11504 5863/24/11504
f 5865/22/11505 6335/23/11505 6050/24/11505
f 6031/22/11506 5845/23/11506 6045/24/11506
f 6335/22/11507 6049/23/11507 6050/24/11507
f 6050/22/11508 5861/23/11508 5863/24/11508
f 6327/22/11509 6046/23/11509 5843/24/11509
f 5861/22/11510 6334/23/11510 5860/24/11510
f 6050/22/11511 6334/23/11511 5861/24/11511
f 6046/22/11512 6047/23/11512 5843/24/11512
f 6334/22/11513 6336/23/11513 5858/24/11513
f 6028/22/11514 6336/23/11514 6334/24/11514
f 6335/22/11515 5865/23/11515 6047/24/11515
f 5858/22/11516 6033/23/11516 5856/24/11516
f 6336/22/11517 6033/23/11517 5858/24/11517
f 5858/22/11518 5860/23/11518 6334/24/11518
f 6033/22/11519 6042/23/11519 5856/24/11519
f 5856/22/11520 6042/23/11520 6337/24/11520
f 6023/22/11521 6340/23/11521 6339/24/11521
f 6339/22/11522 6338/23/11522 6042/24/11522
f 6340/22/11523 5854/23/11523 6338/24/11523
f 6023/22/11524 5854/23/11524 6340/24/11524
f 5842/22/11525 5845/23/11525 6341/24/11525
f 5845/22/11526 6031/23/11526 6341/24/11526
f 6341/22/11527 6031/23/11527 6051/24/11527
f 6328/22/11528 6327/23/11528 5846/24/11528
f 6023/22/11529 5853/23/11529 5854/24/11529
f 6330/22/11530 5851/23/11530 5853/24/11530
f 5865/22/11531 5843/23/11531 6047/24/11531
f 6333/22/11532 6332/23/11532 6331/24/11532
f 6045/22/11533 6333/23/11533 6044/24/11533
f 5847/22/11534 6332/23/11534 6333/24/11534
f 6033/22/11535 6336/23/11535 6028/24/11535
f 6338/22/11536 6337/23/11536 6042/24/11536
f 5851/22/11537 6330/23/11537 6037/24/11537
f 6339/22/11538 6340/23/11538 6338/24/11538
f 5851/22/11539 6037/23/11539 6331/24/11539
f 6331/22/11540 6037/23/11540 6044/24/11540
f 6342/22/11541 5842/23/11541 6053/24/11541
f 6342/22/11542 6053/23/11542 6054/24/11542
f 6054/22/11543 5183/23/11543 6342/24/11543
f 5842/22/11544 6341/23/11544 6053/24/11544
f 6053/22/11545 6341/23/11545 6051/24/11545
f 5318/22/11546 6345/23/11546 6343/24/11546
f 6343/22/11547 6345/23/11547 6344/24/11547
f 5318/22/11548 6348/23/11548 6345/24/11548
f 5318/22/11549 6343/23/11549 6346/24/11549
f 6344/22/11550 6345/23/11550 6347/24/11550
f 6347/22/11551 6348/23/11551 5319/24/11551
f 6349/22/11552 6347/23/11552 5319/24/11552
f 5341/22/11553 6349/23/11553 5319/24/11553
f 6347/22/11554 6345/23/11554 6348/24/11554
f 5327/22/11555 5325/23/11555 5944/24/11555
f 5325/22/11556 6350/23/11556 5944/24/11556
f 6350/22/11557 6352/23/11557 5948/24/11557
f 6353/22/11558 5948/23/11558 6352/24/11558
f 6352/22/11559 5325/23/11559 6351/24/11559
f 6351/22/11560 6369/23/11560 6352/24/11560
f 6352/22/11561 6350/23/11561 5325/24/11561
f 5623/22/11562 6354/23/11562 6360/24/11562
f 5457/22/11563 6354/23/11563 5376/24/11563
f 5623/22/11564 6355/23/11564 6354/24/11564
f 5638/22/11565 5455/23/11565 5454/24/11565
f 6356/22/11566 5616/23/11566 6357/24/11566
f 5455/22/11567 6359/23/11567 5456/24/11567
f 6354/22/11568 6355/23/11568 5376/24/11568
f 5376/22/11569 6355/23/11569 5458/24/11569
f 5628/22/11570 5457/23/11570 6358/24/11570
f 6355/22/11571 5623/23/11571 5622/24/11571
f 5622/22/11572 5458/23/11572 6355/24/11572
f 5459/22/11573 5458/23/11573 6356/24/11573
f 5458/22/11574 5622/23/11574 6356/24/11574
f 5622/22/11575 5616/23/11575 6356/24/11575
f 5459/22/11576 6356/23/11576 6357/24/11576
f 5459/22/11577 6357/23/11577 5460/24/11577
f 6362/22/11578 6357/23/11578 5616/24/11578
f 5638/22/11579 5454/23/11579 5453/24/11579
f 5456/22/11580 6359/23/11580 6358/24/11580
f 6358/22/11581 6359/23/11581 5628/24/11581
f 6360/22/11582 5457/23/11582 5628/24/11582
f 6354/22/11583 5457/23/11583 6360/24/11583
f 5608/22/11584 6361/23/11584 6362/24/11584
f 6361/22/11585 5608/23/11585 6343/24/11585
f 6343/22/11586 5608/23/11586 6346/24/11586
f 6361/22/11587 6344/23/11587 5460/24/11587
f 6361/22/11588 6343/23/11588 6344/24/11588
f 6357/22/11589 6361/23/11589 5460/24/11589
f 6357/22/11590 6362/23/11590 6361/24/11590
f 3540/22/11591 6346/23/11591 5317/24/11591
f 6346/22/11592 5608/23/11592 5317/24/11592
f 5991/22/11593 5992/23/11593 6367/24/11593
f 6367/22/11594 5992/23/11594 6201/24/11594
f 6366/22/11595 5997/23/11595 6206/24/11595
f 6218/22/11596 5995/23/11596 6215/24/11596
f 5992/22/11597 6365/23/11597 6201/24/11597
f 6201/22/11598 6365/23/11598 6200/24/11598
f 5996/22/11599 6211/23/11599 6368/24/11599
f 6208/22/11600 6211/23/11600 6364/24/11600
f 5998/22/11601 6200/23/11601 6365/24/11601
f 6363/22/11602 6225/23/11602 5998/24/11602
f 5996/22/11603 5997/23/11603 6364/24/11603
f 6208/22/11604 6364/23/11604 6366/24/11604
f 6364/22/11605 5997/23/11605 6366/24/11605
f 5995/22/11606 6368/23/11606 6215/24/11606
f 5996/22/11607 6364/23/11607 6211/24/11607
f 5998/22/11608 6365/23/11608 5992/24/11608
f 6206/22/11609 5997/23/11609 6204/24/11609
f 5997/22/11610 6367/23/11610 6204/24/11610
f 5991/22/11611 6367/23/11611 5997/24/11611
f 6204/22/11612 6367/23/11612 6201/24/11612
f 5998/22/11613 6225/23/11613 6200/24/11613
f 6351/22/11614 3586/23/11614 5987/24/11614
f 6225/22/11615 6363/23/11615 6222/24/11615
f 5948/22/11616 6353/23/11616 6363/24/11616
f 6222/22/11617 6352/23/11617 6369/24/11617
f 6369/22/11618 6220/23/11618 6222/24/11618
f 6353/22/11619 6222/23/11619 6363/24/11619
f 6352/22/11620 6222/23/11620 6353/24/11620
f 6351/22/11621 5987/23/11621 6369/24/11621
f 6220/22/11622 6369/23/11622 5987/24/11622
l 4950 4508
l 4134 4125
l 4129 4127
