# Blender 4.5.9 LTS
# www.blender.org
mtllib link1.mtl
o node0
v 0.012617 -0.117214 -0.033973
v 0.029343 -0.121457 0.005389
v 0.023765 -0.121628 0.017575
v 0.021216 -0.122926 0.016886
v 0.021917 -0.123546 0.013754
v 0.024854 -0.124017 -0.000526
v 0.023987 -0.124380 0.001500
v 0.008201 -0.115094 -0.038002
v -0.000761 -0.109794 0.044342
v 0.001300 -0.108006 0.045888
v 0.011154 -0.122294 0.026041
v 0.013491 -0.121319 0.026896
v 0.005446 -0.111505 -0.042378
v 0.005229 -0.113357 -0.040490
v 0.002240 -0.110289 -0.043837
v 0.019814 -0.125001 0.010794
v 0.017782 -0.125363 0.012410
v 0.022612 -0.124642 -0.006194
v 0.022608 -0.124917 -0.002691
v 0.042942 -0.111102 0.004067
v 0.018393 -0.125515 -0.010653
v 0.019107 -0.125805 -0.007418
v 0.015868 -0.126579 -0.008943
v 0.006719 -0.124453 0.022904
v 0.016551 -0.126850 0.005278
v 0.014079 -0.127153 0.008205
v 0.014076 -0.127557 0.004547
v 0.039121 -0.114868 -0.001064
v 0.036968 -0.116175 -0.006751
v 0.034577 -0.117937 -0.007007
v 0.015024 -0.125866 -0.013710
v 0.012616 -0.126578 -0.013128
v 0.012618 -0.125634 -0.016710
v 0.003519 -0.127066 0.016212
v 0.002460 -0.126227 0.019107
v 0.000636 -0.126713 0.017790
v 0.032549 -0.118871 -0.009709
v 0.030361 -0.120041 -0.010666
v 0.009328 -0.124662 -0.021450
v 0.006719 -0.125627 -0.019854
v 0.009678 -0.128602 0.001618
v 0.023485 -0.112620 0.034350
v 0.007666 -0.128757 -0.004440
v 0.018395 -0.116638 0.032088
v 0.002228 -0.123978 -0.024836
v 0.027827 -0.120643 -0.014175
v 0.025352 -0.120446 -0.018749
v 0.022608 -0.121067 -0.020478
v 0.002768 -0.128433 -0.010455
v -0.001589 -0.128199 -0.011949
v 0.015529 -0.118935 0.030097
v 0.012616 -0.119911 0.029823
v 0.039693 -0.112555 0.012730
v 0.035169 -0.111532 0.024233
v 0.031344 -0.114375 0.024394
v 0.020658 -0.119612 -0.025548
v 0.018393 -0.119757 -0.026939
v 0.035617 -0.116114 0.012183
v 0.016463 -0.118463 -0.030380
v 0.029341 -0.116637 0.022519
v 0.028537 -0.118135 0.020285
v 0.035619 -0.116795 0.009211
v 0.011746 -0.115400 -0.036690
v 0.009679 -0.117225 -0.034909
v 0.027366 -0.120015 0.017030
v 0.009680 -0.123784 0.023434
v 0.028736 -0.122078 0.000921
v 0.026701 -0.123066 0.002834
v 0.008200 -0.113111 -0.040263
v 0.005832 -0.126273 0.018253
v 0.044394 -0.109275 0.006182
v 0.002250 -0.127798 0.013624
v -0.000752 -0.127593 0.014628
v 0.045953 -0.107760 0.003687
v 0.024379 -0.109962 0.036879
v 0.027534 -0.107936 0.036803
v 0.041489 -0.112728 -0.001281
v 0.020705 -0.114709 0.033441
v 0.019813 -0.113700 0.035270
v 0.039124 -0.114713 -0.003935
v 0.016964 -0.126278 0.008824
v 0.018392 -0.118204 0.029658
v 0.011364 -0.128169 0.004218
v 0.011785 -0.124915 -0.019526
v 0.030636 -0.119203 -0.013446
v 0.005861 -0.124326 -0.023471
v 0.008197 -0.128831 -0.001380
v 0.027240 -0.120313 -0.016336
v 0.002837 -0.128937 -0.007026
v 0.004780 -0.122568 -0.027421
v 0.000741 -0.123131 -0.026703
v 0.024679 -0.119309 -0.022394
v 0.021219 -0.120752 -0.022643
v 0.036774 -0.109273 0.025612
v 0.041740 -0.110026 0.014385
v 0.015530 -0.116218 -0.034165
v 0.032722 -0.114521 0.022217
v 0.037558 -0.114528 0.012365
v 0.031732 -0.119952 0.006207
v 0.021217 -0.115820 0.031533
v 0.000618 -0.107521 -0.046307
v -0.000965 -0.109295 -0.044784
v 0.008200 -0.125617 0.019317
v 0.013209 -0.127929 0.001318
v 0.002250 -0.121553 -0.029583
v -0.000735 -0.122200 -0.028496
v 0.005231 -0.109603 -0.044215
v 0.034405 -0.118151 0.006308
v 0.043565 -0.110644 0.000346
v 0.030635 -0.120917 0.002719
v 0.000752 -0.128347 0.011214
v 0.026700 -0.110122 0.035033
v 0.011155 -0.128333 -0.002113
v 0.010418 -0.124861 0.020416
v 0.043573 -0.107630 0.015368
v 0.003619 -0.107643 -0.046073
v 0.037867 -0.107868 0.026136
v 0.045224 -0.108733 0.002378
v 0.025575 -0.123517 -0.004346
v 0.016965 -0.120034 0.027355
v 0.028030 -0.118955 -0.018929
v 0.013457 -0.123086 0.023205
v 0.020518 -0.117524 -0.029383
v 0.010938 -0.113535 -0.039130
v 0.005863 -0.128665 -0.007481
v 0.023988 -0.114089 0.032039
v 0.030831 -0.118049 -0.016834
v 0.025532 -0.121669 0.014690
v 0.018396 -0.117171 -0.031290
v -0.001335 -0.120494 -0.031440
v 0.033178 -0.117149 -0.014839
v 0.038557 -0.114492 0.008969
v 0.031915 -0.116552 0.018923
v 0.005818 -0.127529 0.013760
v 0.019811 -0.125478 0.007966
v 0.021220 -0.117729 0.028538
v 0.007968 -0.110227 -0.043228
v 0.018394 -0.124903 -0.013479
v 0.035183 -0.116776 -0.010864
v 0.003189 -0.127955 -0.012759
v 0.000750 -0.127613 -0.014543
v 0.022614 -0.124098 0.009901
v 0.021217 -0.124669 -0.009779
v 0.006718 -0.127102 0.015043
v -0.000951 -0.128730 0.008935
v 0.027542 -0.111546 0.032626
v 0.008200 -0.123162 -0.025355
v 0.023175 -0.117813 -0.026839
v 0.042423 -0.110163 0.011749
v 0.014803 -0.113870 -0.037462
v 0.010617 -0.111874 -0.041022
v 0.025354 -0.122512 0.011719
v 0.028593 -0.122083 -0.002930
v 0.029901 -0.109603 0.033005
v 0.029685 -0.107900 0.035119
v 0.016249 -0.124878 -0.016110
v 0.011154 -0.123352 -0.023794
v 0.016748 -0.121876 0.023799
v 0.002247 -0.119986 -0.032186
v 0.038968 -0.107722 0.024665
v 0.035984 -0.112457 0.021238
v 0.039266 -0.114121 -0.007614
v 0.003737 -0.128334 0.010675
v 0.023987 -0.115655 0.029738
v 0.028556 -0.117511 -0.021682
v 0.041887 -0.111997 -0.005573
v 0.002791 -0.128783 0.008235
v -0.000733 -0.129065 0.006392
v 0.044388 -0.107767 0.012427
v 0.038559 -0.109691 0.022123
v 0.026696 -0.113063 0.031302
v 0.034147 -0.114599 0.019757
v 0.031286 -0.117923 0.016349
v 0.027299 -0.116879 -0.024520
v 0.033168 -0.119289 0.003254
v 0.019244 -0.119920 0.026040
v 0.018398 -0.115100 -0.034251
v 0.043347 -0.110773 -0.002795
v 0.009679 -0.126310 0.016383
v 0.012618 -0.125117 0.018360
v 0.046008 -0.107883 -0.000966
v 0.046191 -0.107614 0.000989
v 0.015524 -0.124054 -0.019297
v 0.016966 -0.126937 0.001576
v 0.024854 -0.116913 -0.026923
v 0.000737 -0.118427 -0.034580
v 0.039919 -0.107789 0.023002
v 0.011155 -0.110145 -0.042591
v 0.028030 -0.120562 0.014024
v 0.037399 -0.115057 -0.010790
v 0.031533 -0.107880 0.033493
v 0.030637 -0.116859 -0.020208
v 0.020611 -0.125529 0.005168
v 0.016153 -0.127191 -0.001265
v 0.014077 -0.111791 -0.040045
v 0.014943 -0.123773 0.020531
v 0.011153 -0.128074 -0.005833
v 0.005268 -0.121361 -0.029539
v 0.007460 -0.127991 -0.010652
v 0.036967 -0.116378 0.005168
v 0.021218 -0.115550 -0.031925
v 0.022006 -0.123640 -0.013246
v 0.008683 -0.107466 -0.045531
v 0.007846 -0.121286 -0.029100
v 0.014077 -0.127665 -0.002830
v 0.035616 -0.115675 -0.013757
v 0.009681 -0.128067 -0.008092
v 0.023987 -0.115784 -0.029538
v 0.023332 -0.117882 0.026577
v 0.032708 -0.119700 0.000764
v 0.019812 -0.120827 0.023723
v 0.024597 -0.123406 -0.008942
v 0.006718 -0.128078 0.010623
v 0.002232 -0.129128 0.005376
v -0.001302 -0.129304 0.003446
v 0.026488 -0.115236 0.028248
v 0.041223 -0.112019 0.009113
v 0.004371 -0.127010 -0.016261
v 0.033009 -0.115857 -0.018752
v 0.009682 -0.127240 0.012756
v 0.018395 -0.123937 -0.016966
v 0.014945 -0.123047 -0.022356
v 0.009680 -0.121961 -0.027275
v 0.046023 -0.107761 -0.002571
v 0.012618 -0.125974 0.015523
v 0.001494 -0.126647 -0.017959
v 0.030469 -0.119159 0.013987
v 0.010998 -0.107539 -0.044974
v 0.041346 -0.111897 -0.009178
v 0.004097 -0.119240 -0.033158
v 0.035619 -0.117645 0.001938
v 0.019320 -0.112143 -0.037416
v 0.014057 -0.109740 -0.042114
v 0.031912 -0.120194 -0.001187
v 0.028028 -0.122042 -0.006578
v 0.018965 -0.122339 0.020947
v 0.021221 -0.113443 -0.034781
v 0.016967 -0.111719 -0.038987
v 0.006716 -0.119686 -0.032034
v 0.002285 -0.110060 0.044048
v -0.001321 -0.117178 -0.036275
v 0.044846 -0.107834 0.010476
v 0.003811 -0.107948 0.045792
v 0.000169 -0.112196 0.042050
v 0.006088 -0.128705 0.006968
v 0.039121 -0.113453 -0.011297
v 0.006004 -0.107873 0.045607
v 0.029340 -0.112315 0.029936
v 0.035620 -0.114716 -0.016654
v 0.005244 -0.109974 0.043873
v 0.023991 -0.113826 -0.032412
v 0.003738 -0.112759 0.041303
v 0.028688 -0.120939 0.011025
v 0.044442 -0.109444 -0.004512
v 0.000752 -0.114432 0.039632
v 0.024041 -0.123733 0.008393
v 0.014036 -0.122470 -0.024229
v 0.008807 -0.107942 0.045105
v 0.037978 -0.113747 -0.013779
v 0.020343 -0.125859 0.000835
v 0.030636 -0.115188 -0.023748
v 0.026698 -0.115073 -0.028290
v 0.008396 -0.109505 0.043808
v 0.006718 -0.127519 -0.013342
v 0.006718 -0.112047 0.041665
v -0.000745 -0.116588 0.037046
v 0.015529 -0.124675 0.017439
v 0.021216 -0.123202 -0.015985
v 0.034414 -0.115893 0.015962
v 0.003736 -0.115280 0.038476
v 0.000743 -0.129392 0.001359
v 0.003735 -0.117318 -0.035910
v 0.002312 -0.117216 0.036178
v 0.022616 -0.120161 0.022640
v 0.039124 -0.114579 0.005251
v 0.014073 -0.127448 -0.005771
v 0.032209 -0.114513 -0.022970
v 0.011349 -0.107958 0.044521
v 0.041147 -0.107841 0.020672
v 0.024855 -0.122795 -0.011492
v 0.037363 -0.112330 0.018995
v 0.000751 -0.118227 0.034857
v 0.009681 -0.111223 0.041903
v 0.032905 -0.107919 0.032104
v 0.013431 -0.107910 0.043969
v 0.002235 -0.115994 -0.037729
v 0.007318 -0.114843 0.038489
v 0.013938 -0.107514 -0.044169
v 0.013160 -0.126740 0.011889
v 0.030348 -0.120803 -0.006155
v 0.012573 -0.109836 0.042488
v 0.029344 -0.114234 -0.026992
v 0.003736 -0.129211 0.003152
v 0.032466 -0.110141 0.029755
v 0.018393 -0.122757 -0.020371
v 0.016946 -0.109642 -0.041134
v 0.045872 -0.107792 -0.004321
v 0.000753 -0.119936 0.032334
v 0.010276 -0.113527 0.039333
v 0.005228 -0.117538 0.035440
v -0.001481 -0.125832 -0.020373
v 0.037980 -0.112790 -0.016555
v 0.034401 -0.114113 -0.020402
v 0.018150 -0.124062 0.016869
v 0.026697 -0.113582 -0.030565
v 0.026699 -0.122500 0.008228
v 0.043443 -0.109832 -0.008748
v 0.023223 -0.124579 0.004218
v 0.010214 -0.127847 0.009012
v 0.040244 -0.111883 -0.013214
v 0.013349 -0.112008 0.040077
v 0.032102 -0.119880 -0.004697
v 0.028030 -0.121527 -0.009892
v 0.004280 -0.119392 0.032910
v 0.029343 -0.114115 0.027176
v 0.015492 -0.109773 0.041577
v 0.020518 -0.122511 -0.018952
v 0.016825 -0.107905 0.042806
v 0.018156 -0.107435 -0.042665
v 0.025927 -0.118127 0.023551
v 0.045685 -0.107842 -0.005721
v 0.012111 -0.121228 -0.027725
v 0.006718 -0.117564 -0.035152
v 0.001491 -0.121369 0.029968
v 0.001294 -0.114698 -0.039325
v 0.026206 -0.123029 0.006184
v 0.023986 -0.111682 -0.035152
v 0.040793 -0.112984 0.005910
v 0.020517 -0.109647 -0.039480
v 0.034413 -0.118503 -0.002392
v 0.008202 -0.116814 0.035835
v 0.013567 -0.127096 -0.009458
v 0.023197 -0.110187 -0.037391
v 0.009685 -0.119344 -0.031822
v 0.015525 -0.125488 0.014620
v 0.036658 -0.112487 -0.019983
v 0.002228 -0.129366 -0.000694
v -0.001278 -0.129369 -0.002008
v 0.034199 -0.107864 0.030785
v 0.031410 -0.112521 0.027450
v 0.027543 -0.116274 0.025384
v 0.031911 -0.112927 -0.026189
v 0.002247 -0.125436 -0.021345
v 0.011156 -0.115982 0.036139
v 0.034413 -0.112441 -0.023738
v 0.042462 -0.111109 0.007496
v -0.001494 -0.122987 0.026976
v 0.027366 -0.111514 -0.032818
v 0.005229 -0.120483 0.031036
v 0.021218 -0.122002 0.019570
v 0.029343 -0.112058 -0.030299
v 0.010641 -0.127289 -0.011750
v 0.045180 -0.107822 -0.008936
v 0.008941 -0.118695 0.033028
v 0.042386 -0.109786 -0.013105
v 0.040754 -0.109518 0.018141
v 0.036812 -0.114010 0.015948
v 0.008201 -0.128666 0.004634
v 0.045269 -0.107737 0.008817
v 0.033169 -0.117774 0.012618
v 0.038109 -0.115710 0.001559
v 0.020052 -0.107989 -0.041317
v 0.003192 -0.122440 0.027886
v 0.018556 -0.109501 0.040566
v 0.014078 -0.114563 0.036908
v 0.031460 -0.111416 -0.029064
v 0.016964 -0.126744 -0.004973
v 0.009148 -0.126650 -0.015499
v 0.040242 -0.110958 -0.015873
v 0.017488 -0.111491 0.039011
v 0.006717 -0.128985 0.002387
v 0.036198 -0.107871 0.028415
v 0.032406 -0.118850 0.010272
v 0.019794 -0.107887 0.041516
v 0.019816 -0.125941 -0.003461
v 0.044514 -0.108126 -0.010804
v 0.025349 -0.121904 -0.014173
v 0.017590 -0.121567 -0.023890
v 0.027334 -0.109819 -0.034908
v 0.000971 -0.124090 0.024679
v 0.010622 -0.128064 0.006878
v 0.023772 -0.107762 -0.039504
v 0.005231 -0.129186 -0.000632
v -0.001485 -0.124721 -0.023217
v 0.039790 -0.110288 -0.018558
v 0.023678 -0.121743 -0.017321
v 0.009142 -0.120135 0.030710
v 0.015526 -0.120504 -0.027338
v 0.003737 -0.123460 0.025767
v 0.001478 -0.112760 -0.041445
v 0.003649 -0.125366 -0.021370
v 0.036834 -0.110273 -0.023925
v 0.006715 -0.121494 0.029005
v 0.034077 -0.110415 -0.027496
v 0.029342 -0.121119 0.008011
v 0.043952 -0.107848 -0.013677
v 0.014075 -0.119747 -0.029444
v 0.021194 -0.109545 0.039213
v 0.030636 -0.109874 -0.031963
v 0.005228 -0.115351 -0.038217
v 0.017782 -0.113268 0.036876
v 0.002976 -0.129210 -0.004019
v -0.000752 -0.129191 -0.005067
v 0.026052 -0.107797 -0.038005
v 0.034376 -0.110443 0.027088
v 0.028089 -0.107777 -0.036538
v 0.013160 -0.117833 0.032897
v 0.008201 -0.126162 -0.017652
v 0.040692 -0.113433 0.002284
v 0.036816 -0.116728 -0.002305
v 0.039124 -0.111824 0.016388
v 0.042316 -0.108234 -0.017315
v 0.043350 -0.107849 -0.015471
v 0.039072 -0.109549 -0.021454
v 0.012617 -0.118873 -0.031513
v 0.000749 -0.125430 0.021465
v 0.025349 -0.119869 0.020252
v 0.030955 -0.108179 -0.033705
v 0.033502 -0.107989 -0.031411
v 0.042099 -0.107804 -0.018679
v 0.040493 -0.107791 -0.021973
v 0.038034 -0.107718 -0.026094
v 0.039168 -0.107904 -0.024089
v 0.034849 -0.107958 -0.029941
v 0.004171 -0.124986 0.022246
v 0.036516 -0.107927 -0.027921
v 0.016248 -0.116030 0.034083
v 0.007461 -0.122988 0.025962
v 0.009463 -0.121345 0.028493
v 0.021218 -0.111466 0.037134
v 0.023691 -0.107935 0.039379
v -0.000752 -0.111151 -0.043072
v 0.042502 -0.107731 0.017904
v -0.033269 -0.107726 -0.031937
v -0.015526 -0.120389 0.027550
v -0.018396 -0.119293 0.027786
v -0.017683 -0.121006 0.025002
v -0.032074 -0.112894 0.026050
v -0.021220 -0.121221 0.021548
v -0.006182 -0.128798 -0.005957
v -0.003738 -0.129182 -0.003662
v -0.031866 -0.119346 -0.009508
v -0.034657 -0.116238 -0.014300
v -0.034818 -0.116709 -0.012257
v -0.036812 -0.114979 -0.012926
v -0.034147 -0.113816 0.021456
v -0.035616 -0.112161 0.022398
v -0.035678 -0.113473 0.019599
v -0.009053 -0.128080 -0.008789
v -0.011152 -0.127328 -0.010999
v -0.023390 -0.121460 0.018548
v -0.026110 -0.121303 0.015021
v -0.011782 -0.126426 -0.014542
v -0.014994 -0.124672 -0.017952
v -0.037978 -0.113191 -0.015451
v -0.040243 -0.111154 -0.015346
v -0.028028 -0.120899 0.012739
v -0.030833 -0.119741 0.010771
v -0.018393 -0.122755 -0.020379
v -0.039122 -0.111821 0.016386
v -0.039060 -0.112989 0.013201
v -0.042410 -0.110320 0.011209
v -0.033172 -0.118808 0.007667
v -0.002246 -0.124452 0.023766
v -0.003102 -0.125542 0.020991
v -0.022380 -0.119301 -0.024703
v -0.008832 -0.125805 0.018513
v -0.037599 -0.116148 0.001196
v -0.035617 -0.117533 0.003752
v -0.026027 -0.116578 -0.026403
v -0.045510 -0.107796 0.007190
v -0.012353 -0.126835 0.012290
v -0.026877 -0.114818 -0.028524
v -0.019812 -0.110402 0.039050
v -0.038995 -0.114923 -0.002501
v -0.041779 -0.112436 -0.001472
v -0.029341 -0.112439 -0.029757
v -0.031866 -0.109733 -0.030920
v -0.017542 -0.126353 0.007086
v -0.023189 -0.110242 0.037340
v -0.002245 -0.129368 0.000146
v -0.005231 -0.128621 -0.008170
v -0.021218 -0.125484 0.002241
v -0.024673 -0.111528 0.034869
v -0.026402 -0.112201 0.032712
v -0.029341 -0.112691 0.029390
v -0.025354 -0.123776 -0.001258
v -0.028838 -0.114422 0.027234
v -0.042298 -0.111502 -0.006075
v -0.044374 -0.109322 -0.006018
v -0.043451 -0.110600 -0.003584
v -0.028028 -0.122041 -0.006590
v -0.030636 -0.120667 -0.005746
v -0.029546 -0.120775 -0.009420
v -0.031915 -0.114692 0.023017
v -0.003020 -0.114605 0.039346
v -0.006497 -0.114359 0.039182
v -0.019815 -0.121220 -0.022850
v -0.021217 -0.121575 -0.020680
v -0.037980 -0.111569 0.019452
v -0.036810 -0.113588 0.017067
v -0.034403 -0.117570 -0.009771
v -0.008555 -0.117417 0.034946
v -0.011153 -0.116874 0.034948
v -0.015004 -0.119026 0.030208
v -0.025349 -0.118285 -0.023819
v -0.040325 -0.112411 0.011125
v -0.029341 -0.113890 -0.027545
v -0.040862 -0.109877 -0.017067
v -0.043447 -0.109795 0.008879
v -0.006117 -0.125512 0.020386
v -0.017516 -0.110418 0.040135
v -0.019362 -0.107884 0.041727
v -0.009679 -0.126512 0.015664
v -0.016151 -0.126129 0.011097
v -0.014079 -0.127161 0.008205
v -0.033166 -0.119191 0.004529
v -0.019015 -0.126160 0.004351
v -0.026696 -0.113847 0.030180
v -0.036812 -0.116776 -0.000496
v -0.022608 -0.124982 0.000112
v -0.027191 -0.122687 -0.004688
v -0.041338 -0.112708 -0.003765
v -0.007844 -0.127379 -0.013386
v -0.002251 -0.112772 0.041386
v -0.006714 -0.116036 0.037140
v -0.011154 -0.118988 0.031881
v -0.013351 -0.117997 0.032565
v -0.039651 -0.110455 -0.018522
v -0.042052 -0.107782 -0.018824
v -0.018396 -0.122134 0.021931
v -0.029341 -0.110877 -0.031895
v -0.009678 -0.127233 0.012754
v -0.030469 -0.120620 0.006951
v -0.044353 -0.109318 0.006154
v -0.026206 -0.113756 -0.030747
v -0.015490 -0.109871 0.041480
v -0.031053 -0.108269 -0.033515
v -0.045291 -0.108008 -0.007464
v -0.023765 -0.114384 0.031814
v -0.001494 -0.128901 -0.007730
v -0.014944 -0.123258 -0.021844
v -0.019815 -0.119678 -0.026081
v -0.023389 -0.116707 -0.028562
v -0.023505 -0.124517 -0.003381
v -0.027502 -0.121837 0.009738
v -0.031913 -0.118616 -0.012608
v -0.035617 -0.114711 -0.016655
v -0.020544 -0.112821 0.035961
v -0.016969 -0.121459 -0.024553
v -0.003737 -0.115763 0.037893
v -0.004371 -0.128223 -0.011103
v -0.036621 -0.114800 0.014073
v -0.012617 -0.120649 0.028537
v -0.008942 -0.126392 -0.016546
v -0.036811 -0.112983 -0.018570
v -0.011364 -0.125315 -0.018565
v -0.005228 -0.126631 0.017267
v -0.001684 -0.107821 0.046009
v -0.018393 -0.126512 0.000836
v -0.012618 -0.124201 -0.020931
v -0.021916 -0.122986 0.015794
v -0.006177 -0.127190 0.014961
v -0.034407 -0.118551 0.000730
v -0.015525 -0.127188 0.004517
v -0.019203 -0.126229 -0.001972
v -0.041883 -0.111717 0.007395
v -0.025957 -0.112337 -0.032905
v -0.006482 -0.118532 0.033826
v -0.028694 -0.116539 0.023568
v -0.032549 -0.116308 0.018464
v -0.019129 -0.123321 0.018134
v -0.028048 -0.109726 -0.034432
v -0.025351 -0.123275 -0.007424
v -0.029613 -0.107782 -0.035310
v -0.008943 -0.119911 0.031135
v -0.034354 -0.115914 0.016003
v -0.009680 -0.127804 0.009812
v -0.022207 -0.115280 -0.031661
v -0.024598 -0.122836 0.011881
v -0.044348 -0.109695 0.002896
v -0.026207 -0.122548 -0.009455
v -0.019811 -0.117544 -0.029821
v -0.039869 -0.113781 -0.006405
v -0.043410 -0.109863 -0.008773
v -0.045070 -0.107780 -0.009595
v -0.010796 -0.128035 0.006904
v -0.008203 -0.125695 -0.019086
v -0.013248 -0.122584 0.024448
v -0.017684 -0.119439 -0.028000
v -0.012581 -0.110287 0.042066
v -0.021218 -0.115012 0.032688
v -0.031410 -0.118152 -0.015392
v -0.024673 -0.116229 0.028253
v -0.004485 -0.127082 -0.015958
v -0.030635 -0.120833 0.004011
v -0.009682 -0.124457 -0.021830
v -0.013247 -0.121987 -0.025705
v -0.021218 -0.125376 -0.004135
v -0.017897 -0.113286 0.036798
v -0.015527 -0.122915 0.022256
v -0.028695 -0.120197 -0.014058
v -0.033350 -0.115886 -0.018087
v -0.026162 -0.116770 0.025919
v -0.027369 -0.107855 -0.037005
v -0.030636 -0.116508 0.021014
v -0.028240 -0.122034 0.005790
v -0.031916 -0.120193 0.001385
v -0.022798 -0.124515 -0.006539
v -0.003518 -0.117404 0.035811
v -0.037543 -0.111176 -0.021080
v -0.002230 -0.126797 0.017366
v -0.006719 -0.127789 0.012108
v -0.011156 -0.123036 -0.024477
v -0.015527 -0.127343 0.001588
v -0.036808 -0.116647 -0.003485
v -0.023222 -0.111881 -0.035443
v -0.041986 -0.112080 0.003917
v -0.040416 -0.107913 -0.021924
v -0.009053 -0.121918 0.027597
v -0.025375 -0.109826 -0.036336
v -0.005229 -0.126014 -0.019192
v -0.012618 -0.127942 0.003825
v -0.014079 -0.120472 -0.028167
v -0.014284 -0.112341 0.039377
v -0.038127 -0.115252 -0.006620
v -0.015004 -0.119200 -0.029922
v -0.019811 -0.115565 -0.032797
v -0.041337 -0.112005 -0.008637
v -0.011151 -0.122296 0.026038
v -0.016446 -0.117700 -0.031574
v -0.037976 -0.114750 0.010008
v -0.026697 -0.121773 -0.012017
v -0.020657 -0.113849 -0.034603
v -0.002328 -0.127101 -0.016360
v -0.033914 -0.114471 -0.020469
v -0.006717 -0.124548 -0.022677
v -0.002982 -0.118706 0.034071
v -0.016445 -0.123755 0.019396
v -0.039253 -0.107878 -0.023994
v -0.002888 -0.127953 0.012872
v -0.020727 -0.117150 0.029853
v -0.025020 -0.107762 -0.038730
v -0.005322 -0.124688 -0.022739
v -0.042843 -0.109451 -0.012667
v -0.044479 -0.107891 -0.011712
v -0.039606 -0.113997 0.006537
v -0.009688 -0.110110 0.042983
v -0.018397 -0.115383 0.033858
v -0.008200 -0.123163 -0.025352
v -0.034404 -0.118459 -0.003013
v -0.022104 -0.124448 -0.009071
v -0.016964 -0.115882 -0.033926
v -0.034555 -0.116611 0.013267
v -0.009678 -0.121611 -0.027937
v -0.037378 -0.109781 -0.023912
v -0.006716 -0.120742 0.030315
v -0.006715 -0.128328 0.009142
v -0.044854 -0.109229 -0.001175
v -0.022612 -0.109763 -0.038184
v -0.015271 -0.127393 -0.002452
v -0.019015 -0.125980 -0.006267
v -0.015525 -0.114268 0.036674
v -0.011153 -0.120288 -0.029766
v -0.023988 -0.123155 -0.011630
v -0.022890 -0.107816 -0.039977
v -0.035262 -0.116824 0.010390
v -0.012618 -0.128061 0.000859
v -0.021220 -0.124050 0.012786
v -0.028878 -0.118777 -0.018135
v -0.018395 -0.113767 -0.035947
v -0.024808 -0.123532 0.007442
v -0.025348 -0.118191 0.024011
v -0.029344 -0.118214 0.018877
v -0.032892 -0.119518 -0.002695
v -0.019815 -0.111052 -0.038367
v -0.012618 -0.118471 -0.032134
v -0.030635 -0.117352 -0.019015
v -0.005228 -0.123136 -0.026182
v -0.022608 -0.117605 0.027652
v -0.014075 -0.116508 -0.034383
v -0.022609 -0.124092 0.009901
v -0.006714 -0.121973 -0.028130
v -0.041215 -0.111418 -0.011620
v -0.046073 -0.107752 -0.001669
v -0.035616 -0.111969 -0.022759
v -0.006724 -0.109894 0.043745
v -0.003735 -0.128464 0.009930
v -0.005984 -0.107882 0.045605
v -0.010561 -0.112990 0.039852
v -0.007602 -0.128729 0.004925
v -0.024810 -0.122087 -0.014475
v -0.031915 -0.118043 0.014681
v -0.035458 -0.117393 -0.006309
v -0.014662 -0.114423 -0.036850
v -0.042411 -0.111813 0.001170
v -0.002985 -0.120341 0.031576
v -0.009679 -0.128577 0.002367
v -0.007459 -0.120218 -0.031031
v -0.012083 -0.124192 0.021287
v -0.012619 -0.114341 0.037686
v -0.016966 -0.112700 -0.037897
v -0.009149 -0.118620 -0.033076
v -0.028823 -0.122022 0.001009
v -0.002247 -0.123624 -0.025596
v -0.037080 -0.116071 0.006864
v -0.010623 -0.117129 -0.034774
v -0.019608 -0.108092 -0.041443
v -0.044126 -0.107763 -0.013308
v -0.017822 -0.117349 0.031364
v -0.018396 -0.124852 0.013713
v -0.026698 -0.118743 0.021265
v -0.012084 -0.128151 -0.002013
v -0.021219 -0.124406 -0.011162
v -0.003739 -0.121478 -0.029581
v -0.016977 -0.110207 -0.040572
v -0.015526 -0.124674 0.017445
v -0.004693 -0.128835 0.006872
v -0.014705 -0.116205 0.034553
v -0.026208 -0.120505 -0.017377
v -0.011153 -0.115196 -0.037117
v -0.030638 -0.116325 -0.021415
v -0.039121 -0.113729 -0.010161
v -0.007969 -0.112194 0.041285
v -0.014077 -0.111789 -0.040047
v -0.024756 -0.123949 0.003640
v -0.033167 -0.118083 0.011375
v -0.011745 -0.112986 -0.039524
v -0.016249 -0.126769 -0.006806
v -0.015714 -0.107931 -0.043206
v -0.005229 -0.121987 0.028417
v -0.004870 -0.118825 -0.033670
v -0.008941 -0.124047 0.023137
v -0.033169 -0.113172 -0.024139
v -0.006716 -0.117559 -0.035146
v -0.022609 -0.119263 0.024541
v -0.026695 -0.123094 0.002145
v -0.030641 -0.120932 -0.002495
v -0.009678 -0.128621 -0.000629
v -0.008204 -0.115100 -0.038006
v -0.017683 -0.125822 -0.010272
v -0.014077 -0.109673 -0.042172
v -0.034353 -0.111228 -0.025874
v -0.019813 -0.125133 0.010090
v -0.031286 -0.114393 -0.024443
v -0.035568 -0.117237 0.006822
v -0.002246 -0.119115 -0.033515
v -0.043495 -0.107793 -0.015182
v -0.038661 -0.115198 0.002893
v -0.012619 -0.127907 -0.004326
v -0.012619 -0.124880 0.019063
v -0.003822 -0.107978 0.045769
v -0.021218 -0.123770 -0.013931
v -0.005229 -0.116306 -0.037039
v -0.020896 -0.119688 0.025218
v -0.033172 -0.118929 -0.006839
v -0.011182 -0.110147 -0.042595
v -0.029344 -0.119507 0.015120
v -0.008199 -0.112598 -0.040813
v -0.036808 -0.115829 -0.009416
v -0.012764 -0.107444 -0.044565
v -0.022611 -0.122469 -0.016510
v -0.040254 -0.113882 0.000631
v -0.021835 -0.124918 0.006554
v -0.005972 -0.129105 0.001348
v -0.005230 -0.113875 -0.039934
v -0.002226 -0.115939 -0.037797
v -0.027542 -0.118152 -0.021560
v -0.010268 -0.107473 -0.045195
v -0.037637 -0.108043 0.026239
v -0.036807 -0.108044 0.027375
v -0.034957 -0.109398 -0.027890
v -0.037058 -0.107812 -0.027333
v -0.002252 -0.121764 0.029208
v -0.035660 -0.107849 0.029095
v -0.036049 -0.108044 0.028357
v -0.003736 -0.129112 0.004663
v -0.005588 -0.123628 0.025097
v -0.009281 -0.110005 -0.043176
v -0.015524 -0.125486 0.014629
v -0.031229 -0.108113 0.033538
v -0.024678 -0.120123 -0.020486
v -0.033131 -0.109287 0.030160
v -0.002225 -0.113964 -0.040104
v -0.006683 -0.110075 -0.043594
v -0.023986 -0.119905 0.021766
v -0.039125 -0.113000 -0.012943
v -0.014420 -0.126936 -0.009105
v -0.034400 -0.110060 0.027600
v -0.017878 -0.125223 -0.012861
v -0.003518 -0.112141 -0.041944
v -0.042669 -0.107961 0.017024
v -0.003737 -0.110233 -0.043787
v -0.003737 -0.110606 0.043438
v -0.038804 -0.109832 0.021413
v -0.040267 -0.108010 0.022054
v -0.029547 -0.108093 0.035039
v -0.026163 -0.120096 0.018602
v -0.036776 -0.109916 0.024594
v -0.039265 -0.108096 0.023637
v -0.004233 -0.107516 -0.046121
v -0.035516 -0.107883 -0.029235
v -0.012389 -0.127618 -0.007656
v -0.041324 -0.109965 0.015691
v -0.045896 -0.107769 -0.004236
v -0.005445 -0.112392 0.041480
v -0.009680 -0.115244 0.037469
v -0.027371 -0.108123 0.036754
v -0.028625 -0.116260 -0.024194
v -0.008834 -0.128612 -0.004309
v -0.043636 -0.107739 0.014923
v -0.022103 -0.121981 -0.018644
v -0.028029 -0.122418 -0.001898
v -0.040243 -0.110026 0.018120
v -0.005974 -0.129096 -0.001602
v -0.029993 -0.111033 0.031090
v -0.034408 -0.111726 0.024978
v -0.019017 -0.123730 -0.016984
v -0.042942 -0.107777 -0.016704
v -0.012616 -0.125774 0.016235
v -0.028030 -0.110472 0.033554
v -0.032100 -0.111630 -0.028035
v -0.031913 -0.111427 0.028528
v -0.042382 -0.109567 0.013730
v -0.044350 -0.107729 0.012654
v -0.044704 -0.107824 0.011070
v -0.023221 -0.108083 0.039533
v -0.016445 -0.125107 -0.015083
v -0.014075 -0.126416 -0.012325
v -0.021170 -0.108103 0.040638
v -0.034523 -0.107853 -0.030432
v -0.045109 -0.107756 0.009515
v -0.043500 -0.106895 -0.016496
v -0.043408 -0.107371 -0.016155
v -0.044810 -0.107274 -0.011954
v -0.043820 -0.106865 -0.015662
v -0.045542 -0.107181 -0.008958
v -0.045600 -0.107540 -0.007630
v -0.044125 -0.106900 -0.014731
v -0.045750 -0.107633 -0.006289
v -0.044055 -0.107392 -0.014264
v -0.044350 -0.106903 -0.014031
v -0.046311 -0.107334 -0.001986
v -0.046522 -0.106703 -0.002022
v -0.046506 -0.106941 0.000479
v -0.044723 -0.106962 -0.012712
v -0.044901 -0.106636 -0.012443
v -0.022236 -0.107215 -0.040826
v -0.024431 -0.107150 -0.039590
v -0.026504 -0.107038 -0.038293
v -0.026391 -0.107515 -0.038011
v -0.028387 -0.107079 -0.036881
v -0.028558 -0.107629 -0.036306
v -0.029955 -0.107060 -0.035615
v -0.045688 -0.106666 -0.009076
v -0.031404 -0.106934 -0.034420
v -0.031407 -0.107598 -0.033896
v -0.045954 -0.106966 -0.007046
v -0.018187 -0.107151 -0.042842
v -0.037571 -0.106977 -0.027452
v -0.046161 -0.106920 -0.005680
v -0.039323 -0.106573 -0.025122
v -0.041220 -0.106621 -0.021801
v -0.040300 -0.106867 -0.023307
v -0.033039 -0.107119 -0.032703
v -0.042669 -0.106602 -0.018783
v -0.042032 -0.106583 -0.020184
v -0.045938 -0.107545 -0.005203
v -0.046252 -0.107018 -0.004561
v -0.033881 -0.106940 -0.031947
v 0.000702 -0.107079 -0.046609
v -0.001694 -0.107440 -0.046334
v -0.034712 -0.107171 -0.030866
v -0.008191 -0.107331 -0.045715
v -0.036298 -0.107577 -0.028596
v -0.036524 -0.106907 -0.028886
v -0.037126 -0.107135 -0.027924
v -0.014668 -0.107301 -0.044080
v -0.040127 -0.107592 -0.022888
v -0.016715 -0.107321 -0.043323
v -0.040703 -0.107191 -0.022304
v -0.041431 -0.107444 -0.020630
v -0.041565 -0.106976 -0.020853
v -0.041335 -0.107842 -0.020252
v -0.042127 -0.107018 -0.019646
v -0.042482 -0.107374 -0.018456
v -0.043187 -0.106947 -0.017262
v -0.020236 -0.107400 -0.041728
v -0.038212 -0.106969 -0.026555
v -0.044978 -0.107459 -0.010885
v -0.045251 -0.106657 -0.011058
v -0.045419 -0.107056 -0.009770
v -0.038246 -0.107732 -0.025753
v -0.038776 -0.106960 -0.025710
v -0.039284 -0.107175 -0.024747
v -0.041872 -0.096201 -0.027181
v -0.038888 -0.042786 -0.115218
v -0.021652 -0.059788 -0.099386
v -0.019279 -0.073866 -0.074385
v -0.021772 -0.093463 -0.050933
v -0.013813 -0.093286 -0.054891
v -0.051321 -0.037019 -0.080971
v -0.053037 -0.066616 -0.013859
v -0.029920 -0.059457 -0.089100
v -0.036559 -0.098755 -0.033784
v -0.014694 -0.072600 -0.079027
v -0.049660 -0.038439 -0.084996
v -0.038728 -0.061034 -0.071607
v -0.048639 -0.074172 -0.028179
v -0.049382 -0.071327 -0.028708
v -0.045681 -0.101852 -0.013833
v -0.047602 -0.041286 -0.086795
v -0.050358 -0.056675 -0.047723
v -0.019709 -0.059847 -0.101504
v -0.043371 -0.075025 -0.042346
v -0.031735 -0.097655 -0.039959
v -0.043900 -0.042817 -0.096026
v -0.053361 -0.070459 -0.002140
v -0.036207 -0.044179 -0.122326
v -0.016535 -0.058293 -0.110287
v -0.039854 -0.075029 -0.049475
v -0.041972 -0.099572 -0.024789
v -0.033791 -0.046213 -0.122864
v -0.045602 -0.099052 -0.016341
v -0.039183 -0.043853 -0.109590
v -0.034820 -0.058883 -0.082449
v -0.030556 -0.075890 -0.061742
v -0.033240 -0.074077 -0.060817
v -0.048177 -0.095192 -0.009280
v -0.006768 -0.090462 -0.059414
v -0.041310 -0.043374 -0.103345
v -0.044147 -0.059029 -0.063255
v -0.002427 -0.088742 -0.061735
v -0.002583 -0.058089 -0.125703
v -0.002759 -0.069839 -0.087845
v -0.040347 -0.057804 -0.073992
v -0.035976 -0.074234 -0.056797
v -0.033890 -0.075421 -0.058251
v -0.007471 -0.058199 -0.121249
v -0.052036 -0.068472 -0.018749
v -0.045155 -0.097732 -0.018662
v -0.046532 -0.039754 -0.094125
v -0.053603 -0.052532 -0.039285
v -0.020117 -0.095416 -0.050251
v -0.045536 -0.075031 -0.037028
v -0.040448 -0.043308 -0.106656
v -0.036581 -0.060176 -0.077017
v -0.038654 -0.058521 -0.076153
v -0.054288 -0.039620 -0.062642
v -0.054835 -0.034689 -0.068853
v -0.018004 -0.096333 -0.050572
v -0.017990 -0.071539 -0.078836
v -0.034856 -0.099678 -0.035267
v -0.054871 -0.052611 -0.028538
v -0.050721 -0.072162 -0.021465
v -0.037925 -0.098343 -0.032198
v -0.042789 -0.041895 -0.102378
v -0.030632 -0.095435 -0.042600
v -0.026643 -0.060096 -0.092333
v -0.010616 -0.091904 -0.057158
v -0.047517 -0.056599 -0.057961
v -0.036837 -0.045416 -0.112614
v -0.046361 -0.042795 -0.087864
v -0.008310 -0.071497 -0.083497
v -0.010194 -0.071087 -0.083547
v -0.046420 -0.100691 -0.012044
v -0.033089 -0.046282 -0.127600
v -0.035224 -0.044529 -0.127232
v -0.039140 -0.098642 -0.030217
v -0.040062 -0.098810 -0.028666
v -0.053582 -0.035789 -0.073144
v -0.041895 -0.075659 -0.044804
v -0.029707 -0.098823 -0.041023
v -0.054344 -0.064427 0.000537
v -0.026031 -0.059140 -0.095341
v -0.051391 -0.074605 -0.014454
v -0.035750 -0.045521 -0.116712
v -0.015911 -0.095112 -0.052494
v -0.042716 -0.072677 -0.046626
v -0.008671 -0.058999 -0.115863
v -0.011169 -0.058466 -0.115999
v 0.000050 -0.089136 -0.061475
v -0.006861 -0.069592 -0.087451
v -0.048406 -0.060036 -0.049184
v -0.023353 -0.094957 -0.048730
v -0.025105 -0.096911 -0.046013
v -0.048658 -0.042343 -0.080876
v -0.027390 -0.095497 -0.045383
v -0.053045 -0.039482 -0.068876
v -0.023889 -0.073712 -0.071160
v -0.026191 -0.072535 -0.070771
v -0.028151 -0.097193 -0.043502
v -0.005082 -0.057798 -0.126570
v -0.003226 -0.058507 -0.122386
v -0.047315 -0.073149 -0.033960
v -0.043309 -0.098551 -0.022683
v -0.036501 -0.077297 -0.052331
v -0.037588 -0.072922 -0.055954
v -0.038067 -0.075961 -0.051438
v -0.044627 -0.072989 -0.041734
v -0.045135 -0.041438 -0.095166
v -0.030200 -0.073566 -0.065162
v -0.017949 -0.059573 -0.104302
v -0.007494 -0.092633 -0.057216
v -0.046226 -0.056962 -0.061215
v -0.000022 -0.069511 -0.088767
v -0.037470 -0.043909 -0.116764
v -0.049524 -0.073652 -0.025273
v -0.036124 -0.096257 -0.036015
v -0.052890 -0.069768 -0.009701
v -0.054176 -0.053728 -0.032183
v -0.021421 -0.073069 -0.074051
v -0.053227 -0.055341 -0.035520
v -0.004384 -0.091470 -0.058810
v -0.006519 -0.057878 -0.124401
v -0.028223 -0.074764 -0.065683
v -0.026623 -0.075641 -0.066091
v -0.015702 -0.060307 -0.104442
v -0.023645 -0.060787 -0.094512
v -0.012124 -0.070623 -0.083561
v -0.051864 -0.074095 -0.011828
v -0.040483 -0.077112 -0.045937
v -0.000044 -0.058200 -0.125336
v -0.047849 -0.100019 -0.004110
v -0.032429 -0.099700 -0.037890
v -0.033103 -0.060046 -0.083039
v -0.031509 -0.060077 -0.085453
v -0.040431 -0.061109 -0.068131
v -0.017262 -0.074649 -0.074489
v -0.051670 -0.055917 -0.043260
v -0.037332 -0.045476 -0.110511
v -0.034239 -0.046709 -0.117349
v -0.023329 -0.097886 -0.046464
v -0.010446 -0.059946 -0.110384
v -0.012306 -0.059505 -0.110403
v -0.014184 -0.059007 -0.110384
v -0.012297 -0.073269 -0.079092
v -0.037069 -0.101572 -0.031341
v -0.049893 -0.044341 -0.072528
v -0.034117 -0.061945 -0.077991
v -0.003940 -0.059297 -0.117428
v -0.013999 -0.095850 -0.052614
v -0.026533 -0.061576 -0.089280
v -0.042036 -0.061171 -0.064636
v -0.042442 -0.044329 -0.096982
v -0.011080 -0.094929 -0.054319
v -0.034242 -0.077360 -0.055447
v -0.005650 -0.071998 -0.083356
v -0.048914 -0.095922 0.000402
v -0.039149 -0.045424 -0.104418
v -0.047631 -0.075723 -0.030001
v -0.001982 -0.091977 -0.058573
v -0.031353 -0.077625 -0.058712
v -0.021863 -0.076221 -0.069281
v -0.051036 -0.074333 -0.017025
v -0.027717 -0.100607 -0.041466
v -0.030749 -0.048342 -0.124541
v -0.024349 -0.076863 -0.066507
v -0.025807 -0.100198 -0.043147
v -0.032658 -0.047481 -0.120303
v -0.043942 -0.101853 -0.018954
v -0.044892 -0.044767 -0.088293
v -0.029399 -0.062301 -0.084118
v -0.046321 -0.059800 -0.056147
v -0.045834 -0.077016 -0.034046
v -0.039444 -0.046553 -0.100241
v -0.040177 -0.102814 -0.025989
v -0.002846 -0.059050 -0.119242
v -0.046942 -0.102612 -0.007115
v -0.021321 -0.061791 -0.094788
v -0.048012 -0.100124 -0.000925
v -0.021384 -0.098892 -0.046873
v -0.053245 -0.071921 0.001044
v -0.033076 -0.102197 -0.035632
v -0.046635 -0.102286 -0.009353
v -0.044262 -0.061866 -0.058325
v -0.054830 -0.040587 -0.057821
v -0.052329 -0.075529 -0.005305
v 0.000121 -0.092082 -0.058580
v -0.006116 -0.059456 -0.115551
v 0.000266 -0.058793 -0.121325
v -0.037735 -0.046615 -0.105197
v -0.008580 -0.095586 -0.054376
v -0.004775 -0.093706 -0.056691
v -0.031472 -0.062505 -0.080890
v -0.014974 -0.075351 -0.074697
v -0.046252 -0.045451 -0.082659
v -0.041719 -0.078139 -0.042452
v -0.035656 -0.102635 -0.032482
v -0.040933 -0.045772 -0.097911
v -0.013319 -0.060993 -0.104510
v -0.028759 -0.077943 -0.061108
v -0.047386 -0.061364 -0.050371
v -0.030984 -0.102739 -0.037316
v -0.053358 -0.057189 -0.030483
v -0.035031 -0.047294 -0.111628
v -0.023199 -0.100736 -0.044510
v -0.048971 -0.060993 -0.045585
v -0.036658 -0.062729 -0.072460
v -0.052325 -0.044031 -0.063480
v -0.051284 -0.059962 -0.037512
v -0.009175 -0.074041 -0.079049
v -0.007822 -0.060468 -0.110287
v -0.043931 -0.078317 -0.037478
v -0.043318 -0.045453 -0.091599
v -0.019350 -0.061725 -0.096982
v -0.002809 -0.072437 -0.083127
v -0.030028 -0.049372 -0.120575
v -0.015637 -0.098433 -0.049948
v -0.051954 -0.059677 -0.034479
v -0.017471 -0.061340 -0.099818
v -0.053466 -0.058663 -0.026227
v -0.019327 -0.099858 -0.047243
v -0.028154 -0.049964 -0.125561
v -0.012324 -0.098432 -0.051078
v -0.029129 -0.103043 -0.038741
v -0.000002 -0.071872 -0.084405
v -0.049913 -0.076449 -0.020332
v -0.038548 -0.079128 -0.047115
v -0.032001 -0.048888 -0.115351
v -0.019172 -0.076495 -0.070760
v -0.054923 -0.060065 -0.000110
v -0.036069 -0.047982 -0.105863
v -0.038572 -0.103309 -0.028215
v -0.047258 -0.046135 -0.078096
v -0.005755 -0.096259 -0.054320
v -0.002393 -0.095083 -0.055702
v -0.033170 -0.048699 -0.112219
v -0.050155 -0.060721 -0.041399
v -0.027192 -0.078844 -0.061546
v -0.000102 -0.095041 -0.055863
v 0.000172 -0.059470 -0.117591
v -0.034802 -0.079567 -0.052200
v -0.047796 -0.078459 -0.026562
v -0.012641 -0.076072 -0.074712
v -0.016664 -0.101556 -0.047209
v -0.009884 -0.099134 -0.051187
v -0.023704 -0.103314 -0.042443
v -0.034920 -0.063988 -0.073204
v -0.027349 -0.063409 -0.084599
v -0.027786 -0.103927 -0.039257
v -0.023436 -0.063025 -0.089842
v -0.046117 -0.078854 -0.031376
v -0.053180 -0.044522 -0.058605
v -0.054886 -0.054137 -0.023654
v -0.011416 -0.061470 -0.104508
v -0.038858 -0.063213 -0.067775
v -0.042719 -0.080421 -0.038045
v -0.005036 -0.060911 -0.110061
v -0.031778 -0.079660 -0.055871
v -0.025313 -0.104045 -0.040950
v -0.052716 -0.059015 -0.031146
v -0.045734 -0.063529 -0.051835
v -0.020051 -0.103613 -0.044256
v -0.035476 -0.106987 -0.030126
v -0.040991 -0.048411 -0.091335
v -0.025953 -0.051283 -0.125477
v -0.037122 -0.080482 -0.047931
v -0.039144 -0.048592 -0.095766
v -0.039825 -0.080060 -0.043993
v -0.032439 -0.106944 -0.033432
v -0.034425 -0.049206 -0.106555
v -0.014594 -0.062490 -0.099298
v -0.052592 -0.075836 -0.000334
v -0.005867 -0.074685 -0.078924
v -0.027179 -0.051062 -0.121499
v -0.048885 -0.078440 -0.022625
v -0.029858 -0.050485 -0.114989
v -0.022432 -0.079423 -0.064767
v -0.021801 -0.104012 -0.043092
v -0.043612 -0.047667 -0.085837
v -0.020071 -0.078721 -0.067250
v -0.007123 -0.099870 -0.051182
v -0.024487 -0.080327 -0.062123
v -0.032210 -0.081675 -0.053173
v -0.040651 -0.064809 -0.061774
v -0.037276 -0.048947 -0.099694
v -0.002297 -0.060637 -0.112061
v -0.009536 -0.061891 -0.104470
v -0.004021 -0.098476 -0.052704
v -0.042196 -0.064048 -0.059721
v -0.000020 -0.097138 -0.054063
v -0.015896 -0.077721 -0.070962
v -0.017128 -0.063039 -0.095854
v -0.013599 -0.101613 -0.048291
v -0.050222 -0.079539 -0.015394
v -0.017666 -0.104528 -0.044749
v -0.041147 -0.080731 -0.040912
v -0.025687 -0.064246 -0.084937
v -0.010687 -0.076476 -0.074873
v -0.042081 -0.048479 -0.088294
v -0.039864 -0.048911 -0.093125
v -0.032863 -0.050297 -0.107149
v -0.001993 -0.098752 -0.052650
v -0.047099 -0.080857 -0.026497
v -0.028143 -0.051087 -0.117752
v -0.046433 -0.106726 -0.003397
v -0.053895 -0.058303 -0.023267
v -0.028532 -0.081307 -0.057462
v -0.014763 -0.104459 -0.045906
v -0.011209 -0.102364 -0.048449
v -0.050609 -0.053345 -0.052822
v -0.019013 -0.064175 -0.091658
v -0.044413 -0.081040 -0.033661
v -0.044389 -0.063947 -0.054765
v -0.048737 -0.047223 -0.071156
v -0.000057 -0.060215 -0.114188
v -0.021067 -0.064628 -0.088873
v -0.008828 -0.076953 -0.074790
v -0.033220 -0.065172 -0.073798
v -0.035607 -0.081854 -0.048689
v -0.035572 -0.050287 -0.100342
v -0.029421 -0.064873 -0.079413
v -0.000238 -0.099883 -0.051826
v -0.044721 -0.049307 -0.079407
v -0.023356 -0.052643 -0.125677
v -0.018054 -0.079496 -0.067488
v -0.000054 -0.073738 -0.081244
v -0.004434 -0.101596 -0.050255
v -0.003087 -0.075132 -0.078725
v -0.038994 -0.065457 -0.063994
v -0.012223 -0.104804 -0.046470
v -0.055006 0.000218 -0.126582
v -0.054954 -0.002402 -0.124402
v -0.051215 -0.081611 -0.006052
v -0.008901 -0.104122 -0.047737
v -0.054977 -0.001415 -0.117442
v -0.054865 -0.004182 -0.126852
v -0.054277 -0.058250 -0.019176
v -0.031071 -0.050859 -0.109970
v -0.045865 -0.048840 -0.077078
v -0.031241 -0.065262 -0.076400
v -0.055009 0.000059 -0.111722
v -0.037994 -0.083156 -0.043931
v -0.005414 -0.103867 -0.048493
v -0.001560 -0.102049 -0.050126
v -0.054739 -0.005581 -0.121692
v -0.025618 -0.081203 -0.060192
v -0.054884 -0.003825 -0.115535
v -0.054518 -0.007705 -0.127065
v -0.054836 -0.045018 -0.048389
v -0.054056 -0.044071 -0.055015
v -0.006884 -0.062388 -0.104348
v -0.006165 -0.107520 -0.045891
v 0.000160 -0.103709 -0.048935
v -0.002316 -0.104617 -0.048238
v -0.054598 -0.006971 -0.122445
v -0.054741 -0.005908 -0.116278
v -0.046039 -0.081977 -0.028591
v -0.054909 -0.004562 -0.110949
v -0.024063 -0.052738 -0.121993
v -0.041910 -0.082476 -0.037753
v -0.036834 -0.065743 -0.067318
v -0.054352 -0.008944 -0.122384
v -0.027624 -0.052068 -0.114492
v -0.023353 -0.065330 -0.085335
v -0.054896 -0.056549 -0.015218
v -0.011723 -0.063218 -0.099407
v -0.034161 -0.083073 -0.049363
v -0.013242 -0.079378 -0.069969
v -0.054959 -0.008147 -0.105635
v -0.053941 -0.011360 -0.125145
v -0.048992 -0.063324 -0.041740
v -0.054791 -0.007345 -0.109824
v -0.006276 -0.077544 -0.074599
v 0.000381 -0.061130 -0.110540
v -0.054374 -0.009762 -0.114994
v -0.039575 -0.083663 -0.040911
v -0.015855 -0.080273 -0.067670
v -0.033898 -0.051479 -0.100999
v -0.047528 -0.064982 -0.044277
v -0.025599 -0.052456 -0.118498
v -0.054595 -0.009152 -0.110805
v -0.014841 -0.064008 -0.095362
v -0.054053 -0.011554 -0.116874
v -0.035624 -0.084276 -0.046324
v -0.049418 -0.082143 -0.016633
v -0.048748 -0.083305 -0.018387
v -0.036997 -0.050895 -0.095377
v -0.053644 -0.013587 -0.118203
v -0.021221 -0.053545 -0.126655
v -0.021355 -0.081847 -0.062653
v -0.040739 -0.083754 -0.038798
v -0.053061 -0.015306 -0.126030
v -0.045144 -0.083631 -0.029498
v -0.054258 -0.012408 -0.109802
v -0.042895 -0.084901 -0.033579
v -0.002085 -0.061688 -0.108240
v -0.029055 -0.083678 -0.054424
v -0.053166 -0.015488 -0.119784
v -0.038851 -0.051117 -0.090537
v -0.030718 -0.052176 -0.106275
v -0.040335 -0.051870 -0.085427
v -0.035125 -0.067005 -0.068094
v -0.052528 -0.017176 -0.127716
v -0.026487 -0.066446 -0.080105
v -0.054684 -0.011928 -0.104448
v -0.004075 -0.062811 -0.104108
v -0.053860 -0.013996 -0.112006
v -0.052691 -0.017178 -0.120869
v -0.032345 -0.084434 -0.050195
v -0.041933 -0.052124 -0.081084
v -0.027980 -0.053496 -0.107985
v -0.000080 -0.075724 -0.078112
v -0.051703 -0.080239 -0.003120
v -0.027630 -0.052905 -0.110917
v -0.016594 -0.065444 -0.090910
v -0.043391 -0.051474 -0.078740
v -0.052372 -0.061918 -0.027777
v -0.032305 -0.052545 -0.101561
v -0.053394 -0.015926 -0.113310
v -0.052004 -0.018913 -0.126247
v -0.010526 -0.079241 -0.071156
v -0.050029 -0.064426 -0.035802
v -0.051944 -0.019621 -0.121527
v -0.054326 -0.014694 -0.104057
v -0.003518 -0.078003 -0.074444
v -0.051068 -0.063138 -0.033069
v -0.054914 -0.015697 -0.096762
v -0.043775 -0.084927 -0.031670
v -0.008934 -0.063866 -0.099263
v -0.054674 -0.014930 -0.100017
v -0.041934 -0.067921 -0.054562
v -0.052789 -0.018324 -0.113552
v -0.047449 -0.051177 -0.067915
v -0.035269 -0.052218 -0.096016
v -0.042007 -0.084777 -0.035516
v -0.022975 -0.053862 -0.118285
v -0.053727 -0.016988 -0.106011
v -0.024905 -0.053589 -0.114652
v -0.051360 -0.020783 -0.126503
v -0.025720 -0.083560 -0.057529
v -0.018237 -0.083058 -0.063140
v -0.018970 -0.054531 -0.126130
v -0.052153 -0.019923 -0.116177
v -0.043551 -0.066888 -0.052436
v -0.053203 -0.018376 -0.108396
v -0.012418 -0.064667 -0.095411
v -0.054035 -0.016921 -0.102933
v -0.014506 -0.065877 -0.091432
v -0.047799 -0.084911 -0.020545
v -0.021187 -0.053937 -0.123176
v -0.046411 -0.066566 -0.045377
v -0.029202 -0.067646 -0.075015
v -0.031312 -0.067534 -0.072619
v -0.050407 -0.023251 -0.126370
v -0.050891 -0.022369 -0.123215
v -0.036795 -0.052999 -0.090877
v -0.023493 -0.084097 -0.058673
v -0.051326 -0.022038 -0.117890
v -0.048695 -0.051174 -0.063911
v -0.050120 -0.023852 -0.127961
v -0.049706 -0.086580 -0.010459
v -0.030287 -0.053827 -0.102127
v -0.039167 -0.067617 -0.060476
v -0.054235 -0.019127 -0.097394
v -0.053081 -0.021517 -0.102015
v -0.007336 -0.079949 -0.071132
v -0.048269 -0.067459 -0.038122
v -0.052027 -0.021876 -0.110355
v -0.054273 -0.060549 -0.012846
v -0.050496 -0.023972 -0.119241
v -0.046130 -0.052894 -0.068689
v -0.001468 -0.063035 -0.104020
v -0.020515 -0.083629 -0.061188
v -0.052517 -0.021301 -0.107365
v -0.035740 -0.086316 -0.044279
v -0.011685 -0.081528 -0.067850
v -0.000036 -0.078194 -0.074523
v -0.046453 -0.084711 -0.025027
v -0.013912 -0.082663 -0.065654
v -0.052760 -0.053480 -0.042363
v -0.051470 -0.023370 -0.110853
v -0.037696 -0.087336 -0.040649
v -0.049281 -0.025729 -0.127380
v -0.030515 -0.085786 -0.050853
v -0.053665 -0.020343 -0.099700
v -0.033157 -0.068397 -0.068827
v -0.026193 -0.085501 -0.055128
v -0.049612 -0.025794 -0.120661
v -0.005932 -0.064189 -0.099684
v -0.050868 -0.024757 -0.111701
v -0.016410 -0.082774 -0.064420
v -0.051831 -0.080526 0.000485
v -0.048836 -0.027126 -0.122789
v -0.052800 -0.063942 -0.020839
v -0.038715 -0.053308 -0.086105
v -0.017842 -0.066742 -0.087403
v -0.033143 -0.053775 -0.096582
v -0.040257 -0.068885 -0.056629
v -0.052216 -0.064055 -0.024892
v -0.054545 -0.020948 -0.092239
v -0.037088 -0.068708 -0.062482
v -0.054875 -0.023917 -0.085804
v -0.025074 -0.054814 -0.109302
v -0.018627 -0.055272 -0.121131
v -0.048119 -0.028103 -0.126984
v -0.049180 -0.066364 -0.036347
v -0.050016 -0.086955 -0.007928
v -0.050092 -0.025922 -0.114642
v -0.032833 -0.086560 -0.047631
v -0.035049 -0.054304 -0.091525
v -0.009860 -0.082003 -0.067863
v -0.045355 -0.067936 -0.046403
v -0.051208 -0.053533 -0.049965
v -0.021031 -0.067730 -0.083023
v -0.052367 -0.023736 -0.102455
v -0.020418 -0.054847 -0.119332
v -0.053153 -0.023048 -0.098262
v -0.009290 -0.065408 -0.095332
v -0.040521 -0.087645 -0.035852
v -0.051537 -0.025140 -0.105154
v -0.027522 -0.068578 -0.075416
v -0.029042 -0.086759 -0.051374
v -0.023392 -0.067931 -0.080625
v -0.016447 -0.055427 -0.126209
v -0.053660 -0.023975 -0.093144
v -0.053772 -0.062851 -0.013655
v -0.048962 -0.027859 -0.117138
v -0.047552 -0.029526 -0.123401
v -0.021084 -0.055300 -0.115420
v -0.048106 -0.029097 -0.119446
v -0.021848 -0.055520 -0.112886
v -0.044670 -0.089897 -0.025607
v -0.044110 -0.088233 -0.028208
v -0.041930 -0.088172 -0.032846
v -0.038898 -0.087913 -0.038323
v -0.051152 -0.065549 -0.028662
v -0.049769 -0.027806 -0.110375
v -0.046487 -0.031303 -0.124053
v -0.046499 -0.030984 -0.127109
v -0.028284 -0.054965 -0.102687
v -0.044693 -0.054325 -0.070021
v -0.048870 -0.028997 -0.112978
v -0.011477 -0.066431 -0.091993
v -0.051632 -0.026820 -0.100250
v -0.000110 -0.079695 -0.072490
v -0.047453 -0.068951 -0.038821
v -0.054198 -0.025515 -0.087319
v -0.024321 -0.087372 -0.054725
v -0.003435 -0.080631 -0.070956
v -0.050513 -0.027716 -0.105284
v -0.014116 -0.056060 -0.126988
v -0.021262 -0.086218 -0.057977
v -0.052376 -0.051997 -0.047489
v -0.052235 -0.027274 -0.095568
v -0.053039 -0.026661 -0.092125
v -0.007294 -0.082601 -0.067804
v -0.016291 -0.056094 -0.121206
v -0.035413 -0.069984 -0.063288
v -0.054647 -0.060729 -0.005259
v -0.048968 -0.088367 -0.012567
v -0.049811 -0.053586 -0.055508
v -0.040350 -0.054538 -0.080052
v -0.046756 -0.032037 -0.116752
v -0.025875 -0.069423 -0.075778
v -0.043164 -0.089281 -0.029497
v -0.049632 -0.030009 -0.104405
v -0.046338 -0.088195 -0.022511
v -0.045224 -0.033044 -0.126402
v -0.043718 -0.069441 -0.048506
v -0.022833 -0.055887 -0.109590
v -0.033494 -0.088988 -0.044721
v -0.047764 -0.030826 -0.114264
v -0.032962 -0.055319 -0.093213
v -0.031008 -0.069812 -0.069504
v -0.030342 -0.055706 -0.097013
v -0.026792 -0.088185 -0.052034
v -0.030267 -0.088447 -0.048657
v -0.015683 -0.085402 -0.061825
v -0.054072 -0.063512 -0.007973
v -0.002378 -0.064544 -0.099687
v -0.006213 -0.065642 -0.095947
v -0.045691 -0.033573 -0.117773
v -0.054853 -0.049279 -0.037960
v -0.026663 -0.055839 -0.103043
v 0.000009 -0.063796 -0.102020
v -0.018907 -0.068537 -0.083245
v -0.035685 -0.089184 -0.041869
v -0.018533 -0.086324 -0.059451
v -0.050907 -0.029906 -0.097375
v -0.048477 -0.031325 -0.107582
v -0.039660 -0.089739 -0.035642
v -0.043409 -0.055664 -0.070864
v -0.038837 -0.070451 -0.057080
v -0.036649 -0.055290 -0.086263
v -0.011130 -0.084417 -0.064669
v -0.050238 -0.031088 -0.098236
v -0.046660 -0.069278 -0.040878
v -0.052896 -0.065672 -0.016833
v -0.044704 -0.034541 -0.120898
v -0.038705 -0.055716 -0.081281
v -0.048510 -0.032852 -0.102925
v -0.018602 -0.056289 -0.115585
v -0.048737 -0.055086 -0.056648
v -0.002933 -0.065907 -0.096150
v -0.047380 -0.032952 -0.108917
v -0.051476 -0.030975 -0.092095
v -0.053779 -0.029666 -0.082806
v -0.004608 -0.083111 -0.067696
v -0.047076 -0.089833 -0.018858
v -0.014473 -0.056626 -0.121422
v -0.050199 -0.067691 -0.030095
v -0.014519 -0.067785 -0.087560
v -0.029483 -0.070719 -0.069972
v -0.042426 -0.036945 -0.126635
v -0.037379 -0.091543 -0.037701
v -0.053130 -0.030685 -0.084353
v -0.042860 -0.036980 -0.121719
v -0.050739 -0.085948 -0.002335
v -0.012581 -0.086439 -0.061963
v -0.021293 -0.088376 -0.055829
v -0.023554 -0.070557 -0.076158
v -0.004838 -0.066453 -0.094470
v -0.046119 -0.034727 -0.110102
v -0.033760 -0.071220 -0.063919
v -0.054849 -0.029357 -0.077652
v -0.030809 -0.090289 -0.046517
v -0.052545 -0.031512 -0.085747
v -0.016813 -0.069258 -0.083405
v -0.044185 -0.036029 -0.116808
v -0.024374 -0.056942 -0.103570
v -0.047807 -0.093609 -0.012827
v -0.039801 -0.092621 -0.033267
v 0.000030 -0.081736 -0.069843
v -0.032725 -0.057457 -0.088878
v -0.036447 -0.071715 -0.059372
v -0.034890 -0.056582 -0.086921
v -0.041918 -0.057138 -0.071742
v -0.008420 -0.067427 -0.091206
v -0.038299 -0.092604 -0.035597
v -0.012654 -0.057140 -0.121316
v -0.030241 -0.057312 -0.093327
v -0.050484 -0.087983 0.000425
v -0.040627 -0.039116 -0.126785
v 0.000009 -0.065027 -0.098737
v -0.040957 -0.039549 -0.120216
v -0.011468 -0.056793 -0.126374
v -0.039724 -0.072188 -0.053207
v -0.044983 -0.036219 -0.111044
v -0.027795 -0.091356 -0.048369
v -0.035860 -0.092999 -0.038650
v -0.049101 -0.033923 -0.097212
v -0.016368 -0.057054 -0.115770
v -0.041481 -0.071409 -0.050835
v -0.001981 -0.083565 -0.067474
v -0.047045 -0.034999 -0.104327
v -0.021154 -0.070334 -0.078506
v -0.051532 -0.068393 -0.022116
v -0.047481 -0.091500 -0.016038
v -0.007960 -0.085202 -0.064652
v -0.015984 -0.087938 -0.059066
v -0.032505 -0.091927 -0.043406
v -0.018431 -0.089232 -0.056607
v -0.048588 -0.070936 -0.032313
v -0.042670 -0.038110 -0.116564
v -0.049739 -0.090419 -0.004524
v -0.011426 -0.068267 -0.088262
v -0.027015 -0.057307 -0.098471
v -0.034469 -0.092310 -0.040894
v -0.045712 -0.071489 -0.040728
v -0.022539 -0.090469 -0.053061
v -0.018749 -0.057531 -0.110115
v -0.045979 -0.092376 -0.020281
v -0.027816 -0.071677 -0.070387
v -0.043658 -0.037819 -0.112137
v -0.032185 -0.072321 -0.064472
v -0.050322 -0.034322 -0.090705
v -0.040915 -0.094604 -0.029994
v -0.047719 -0.035957 -0.098550
v -0.036581 -0.057608 -0.081764
v -0.009135 -0.087440 -0.061944
v -0.023842 -0.091643 -0.051149
v -0.045159 -0.037515 -0.105799
v -0.020361 -0.057774 -0.106950
v -0.040132 -0.040339 -0.121186
v -0.039010 -0.041153 -0.124431
v -0.014535 -0.069963 -0.083514
v -0.010137 -0.057711 -0.121352
v -0.041555 -0.039525 -0.116475
v -0.044935 -0.093783 -0.022097
v -0.022095 -0.057985 -0.103842
v -0.046502 -0.037505 -0.099822
v -0.005628 -0.068107 -0.090692
v -0.025810 -0.092450 -0.049035
v -0.038745 -0.041187 -0.126799
v -0.052086 -0.035078 -0.081305
v -0.000079 -0.066955 -0.094106
v -0.005310 -0.085743 -0.064571
v 0.000140 -0.084032 -0.067068
v -0.043548 -0.093168 -0.025837
v -0.008988 -0.057306 -0.126244
v -0.028195 -0.058008 -0.094908
v -0.014009 -0.057748 -0.115946
v -0.020619 -0.091376 -0.053419
v -0.030236 -0.093498 -0.044454
v -0.050549 -0.069718 -0.025589
v -0.048943 -0.036822 -0.091281
v -0.006191 -0.088077 -0.061917
v -0.016278 -0.091059 -0.055903
v -0.013377 -0.090110 -0.057954
v -0.048697 -0.094631 -0.006527
v -0.041891 -0.040733 -0.109686
v -0.045413 -0.038945 -0.100497
v -0.038370 -0.042322 -0.120701
v -0.041219 -0.073612 -0.048578
v -0.043180 -0.039813 -0.107256
v -0.050735 -0.037978 -0.081533
v -0.040190 -0.041590 -0.114231
v -0.002250 -0.086318 -0.064329
v -0.018546 -0.092282 -0.053731
v -0.032179 -0.094778 -0.041576
v -0.036812 -0.043108 -0.126844
v -0.047772 -0.038146 -0.093065
v 0.000206 -0.086554 -0.064217
v -0.002906 -0.068003 -0.091505
v -0.023954 -0.058769 -0.099114
v -0.040969 -0.041334 -0.111616
v -0.049456 -0.092665 -0.002543
v -0.009996 -0.089670 -0.059467
v -0.033924 -0.095943 -0.038850
v -0.044211 -0.040351 -0.101387
v -0.024643 -0.090827 0.043624
v -0.022535 -0.080074 0.047144
v -0.019451 -0.082544 0.048002
v -0.016710 -0.080110 0.049534
v -0.005125 -0.070905 0.053712
v -0.005459 -0.064459 0.054719
v -0.046664 -0.090023 0.018543
v -0.047852 -0.080748 0.020370
v -0.004046 -0.064902 0.054779
v -0.034892 -0.100232 0.033018
v -0.032887 -0.106748 0.032947
v -0.046346 -0.080820 0.023574
v -0.038384 -0.064537 0.039293
v -0.030403 -0.090733 0.039804
v -0.047425 -0.089938 0.016549
v -0.001561 -0.064903 0.054903
v 0.001014 -0.064874 0.054925
v 0.000954 -0.070854 0.053958
v -0.033099 -0.098909 0.035211
v -0.047658 -0.100551 0.005475
v -0.049013 -0.089585 0.011224
v -0.036146 -0.100803 0.031439
v -0.047535 -0.102226 0.002090
v -0.036052 -0.106861 0.029396
v -0.034614 -0.106834 0.031088
v -0.047731 -0.098335 0.008329
v -0.021658 -0.090829 0.045192
v -0.035741 -0.064238 0.041782
v -0.014053 -0.080112 0.050366
v -0.011886 -0.080112 0.050926
v -0.038910 -0.071149 0.037146
v -0.027400 -0.090774 0.041935
v -0.044967 -0.080993 0.026063
v -0.028831 -0.099000 0.038775
v -0.045854 -0.090077 0.020448
v -0.043534 -0.080710 0.028503
v -0.002205 -0.070858 0.053922
v -0.048244 -0.089794 0.014060
v -0.031212 -0.098946 0.036889
v -0.047215 -0.098336 0.010932
v -0.009596 -0.079851 0.051472
v -0.036950 -0.072192 0.038865
v -0.033577 -0.064324 0.043534
v -0.031018 -0.106752 0.034709
v -0.046346 -0.106929 0.004006
v -0.018862 -0.090854 0.046444
v -0.026457 -0.098971 0.040444
v -0.044740 -0.090198 0.022732
v -0.006650 -0.079324 0.052038
v -0.029569 -0.106736 0.035952
v -0.046469 -0.098460 0.013679
v -0.016084 -0.090851 0.047490
v -0.023813 -0.099046 0.042056
v -0.041218 -0.081770 0.031456
v -0.027861 -0.106682 0.037320
v -0.045906 -0.106852 0.007690
v -0.003913 -0.078519 0.052468
v -0.031689 -0.064286 0.044935
v -0.043416 -0.090301 0.025127
v -0.013540 -0.090851 0.048292
v -0.001533 -0.078298 0.052632
v -0.030009 -0.064773 0.046000
v -0.025667 -0.106706 0.038855
v -0.045250 -0.100557 0.015976
v -0.045348 -0.106780 0.010577
v 0.001061 -0.078607 0.052592
v -0.020951 -0.099020 0.043566
v -0.008453 -0.086409 0.050375
v -0.010425 -0.090695 0.049111
v -0.023849 -0.106751 0.039983
v -0.038309 -0.076433 0.036409
v -0.018260 -0.099029 0.044774
v -0.006454 -0.086623 0.050636
v -0.041901 -0.090390 0.027544
v -0.027618 -0.064809 0.047474
v -0.022504 -0.106687 0.040780
v -0.038695 -0.082178 0.034391
v -0.003997 -0.086346 0.050951
v -0.044512 -0.098593 0.019061
v -0.015589 -0.099014 0.045784
v -0.025146 -0.064865 0.048827
v -0.020261 -0.106696 0.041940
v -0.031123 -0.071654 0.043828
v -0.035510 -0.073313 0.039931
v -0.044646 -0.106789 0.013219
v 0.001008 -0.089178 0.050534
v -0.013134 -0.099022 0.046555
v -0.028518 -0.070845 0.045738
v -0.017605 -0.106724 0.043124
v -0.054869 -0.060214 0.003590
v -0.040563 -0.090466 0.029444
v -0.054557 -0.060738 0.006809
v -0.036205 -0.082270 0.037004
v -0.007389 -0.096503 0.048398
v -0.054141 -0.061503 0.009286
v -0.054101 -0.065904 0.003190
v -0.010132 -0.099036 0.047309
v -0.053906 -0.061281 0.010863
v -0.005609 -0.096497 0.048637
v -0.015189 -0.106394 0.044116
v -0.053222 -0.061750 0.013800
v -0.022064 -0.064855 0.050306
v -0.000988 -0.093564 0.049601
v -0.033888 -0.071892 0.041653
v -0.001664 -0.085542 0.051240
v -0.039221 -0.090494 0.031204
v -0.003697 -0.096503 0.048826
v -0.052357 -0.062513 0.016614
v -0.013651 -0.106809 0.044502
v -0.043086 -0.098660 0.022036
v -0.026104 -0.070882 0.047161
v -0.011410 -0.106739 0.045153
v -0.031705 -0.079940 0.041504
v -0.051349 -0.062865 0.019509
v -0.008793 -0.106701 0.045747
v -0.051910 -0.068824 0.014745
v -0.000979 -0.101120 0.047904
v -0.043202 -0.106756 0.017375
v -0.006110 -0.106660 0.046189
v -0.037417 -0.090601 0.033314
v -0.052567 -0.074398 0.006372
v -0.052050 -0.078750 0.003794
v -0.050438 -0.062682 0.021907
v -0.043841 -0.106856 0.015614
v -0.033457 -0.082323 0.039494
v -0.003648 -0.106677 0.046442
v -0.053642 -0.067123 0.006974
v -0.051664 -0.077917 0.008798
v -0.053115 -0.068620 0.009194
v -0.051024 -0.068892 0.017654
v -0.041811 -0.098720 0.024335
v -0.000901 -0.106796 0.046539
v -0.053257 -0.071210 0.004274
v -0.049397 -0.062928 0.024146
v -0.042459 -0.106874 0.019042
v -0.052684 -0.068514 0.011701
v -0.051260 -0.078067 0.010891
v -0.050324 -0.067464 0.020245
v -0.019577 -0.064429 0.051383
v -0.048886 -0.072231 0.021730
v -0.049489 -0.072976 0.019938
v -0.050649 -0.086587 0.003657
v -0.046745 -0.071837 0.026238
v -0.047939 -0.071897 0.023917
v -0.028555 -0.080001 0.043738
v -0.045728 -0.071853 0.027993
v -0.051115 -0.083130 0.005939
v -0.041644 -0.073237 0.033442
v -0.040442 -0.072831 0.035006
v -0.050872 -0.078227 0.012528
v -0.035861 -0.090618 0.034977
v -0.012914 -0.070907 0.052379
v -0.010255 -0.070919 0.052958
v -0.017543 -0.064890 0.052048
v -0.048280 -0.063221 0.026296
v -0.040351 -0.098787 0.026653
v -0.050327 -0.078411 0.014529
v -0.020269 -0.069824 0.050164
v -0.041427 -0.106871 0.021189
v -0.049294 -0.093710 0.003086
v -0.044442 -0.072091 0.029940
v -0.016206 -0.064439 0.052549
v -0.043152 -0.072466 0.031677
v -0.026282 -0.080029 0.045147
v -0.034330 -0.090663 0.036476
v -0.046295 -0.063917 0.029559
v -0.023225 -0.070857 0.048666
v -0.049482 -0.078645 0.017126
v -0.029363 -0.087695 0.041361
v -0.016164 -0.070973 0.051441
v -0.007844 -0.070914 0.053377
v -0.013561 -0.064523 0.053284
v -0.038330 -0.098870 0.029464
v -0.040033 -0.106804 0.023748
v -0.018488 -0.072809 0.050309
v -0.032364 -0.090703 0.038229
v -0.024505 -0.080049 0.046138
v -0.020568 -0.074739 0.049110
v -0.049545 -0.089509 0.008541
v -0.049060 -0.093942 0.005453
v -0.044304 -0.063727 0.032554
v -0.010823 -0.064493 0.053909
v -0.038621 -0.106841 0.025957
v -0.042594 -0.063729 0.034784
v -0.008086 -0.064486 0.054390
v -0.037243 -0.106767 0.027924
v -0.040903 -0.064398 0.036645
v -0.026014 0.048463 -0.126943
v -0.028374 0.047125 -0.126806
v -0.030945 0.045475 -0.126628
v -0.033189 0.043863 -0.126379
v -0.035307 0.042177 -0.126125
v -0.038145 0.039632 -0.125661
v -0.040091 0.037657 -0.125423
v -0.041452 0.036152 -0.125036
v -0.042785 0.034570 -0.129145
v -0.043488 0.033656 -0.123872
v -0.044604 0.032188 -0.127704
v -0.045721 0.030574 -0.123736
v -0.046737 0.028998 -0.123339
v -0.047996 0.026798 -0.121941
v -0.049668 0.023646 -0.121763
v -0.049738 0.023491 -0.129175
v -0.050864 0.020938 -0.131138
v -0.051054 0.020476 -0.120734
v -0.052135 0.017539 -0.119656
v -0.053332 0.013526 -0.118157
v -0.053787 0.011510 -0.127221
v -0.054316 0.008747 -0.116005
v -0.054538 0.007144 -0.127005
v -0.054748 0.005225 -0.114235
v -0.054911 0.003169 -0.113236
v -0.017863 -0.054261 -0.133049
v -0.034115 0.043148 -0.183526
v -0.048542 0.025866 -0.164369
v -0.049069 0.024852 -0.158232
v -0.047652 0.027471 -0.158236
v -0.024518 -0.051377 -0.132948
v -0.031238 -0.046144 -0.150374
v -0.030357 -0.047226 -0.142059
v -0.046104 0.029997 -0.167386
v -0.015269 -0.054777 -0.136572
v -0.028183 -0.048015 -0.152418
v -0.028271 -0.048489 -0.143243
v -0.022178 -0.052277 -0.135659
v -0.021862 -0.051754 -0.144475
v -0.047703 0.027384 -0.166261
v -0.049424 0.024134 -0.164499
v -0.034904 -0.042905 -0.161395
v -0.036112 -0.042317 -0.150366
v -0.036904 -0.041141 -0.162515
v -0.034263 -0.043940 -0.148927
v -0.051067 -0.021367 -0.132945
v -0.012780 -0.055788 -0.133096
v -0.051791 -0.019341 -0.134677
v -0.020542 -0.052917 -0.136455
v -0.053443 0.013016 -0.172970
v -0.052533 -0.016852 -0.142342
v -0.032640 -0.044739 -0.159336
v -0.017758 -0.053637 -0.140786
v -0.053982 0.010573 -0.167759
v -0.009602 -0.056494 -0.132956
v -0.051806 -0.019115 -0.142283
v -0.025154 -0.050375 -0.141602
v -0.024872 -0.049988 -0.149895
v -0.050808 -0.021687 -0.145945
v -0.054701 0.005769 -0.168576
v -0.053806 0.011422 -0.182294
v -0.052902 0.015099 -0.192000
v -0.055000 0.000639 -0.168674
v -0.054922 0.003054 -0.171555
v -0.054985 0.001470 -0.179396
v -0.054087 0.010003 -0.183057
v -0.029509 -0.046768 -0.162587
v -0.054320 0.008656 -0.178508
v -0.054689 0.005891 -0.180288
v -0.054956 -0.002249 -0.179291
v -0.021782 -0.051306 -0.152400
v -0.012644 -0.054870 -0.144194
v -0.054879 0.003687 -0.180507
v -0.006367 -0.056824 -0.134501
v -0.055000 -0.000547 -0.181957
v -0.054873 -0.003742 -0.179958
v -0.044851 -0.032824 -0.142930
v -0.026982 -0.048410 -0.159034
v -0.043020 -0.034380 -0.172740
v -0.002028 -0.057526 -0.130965
v -0.018468 -0.052792 -0.149433
v -0.042906 -0.035317 -0.146207
v -0.047256 -0.028776 -0.150860
v -0.011195 -0.055664 -0.138526
v -0.003477 -0.056934 -0.136225
v -0.045627 -0.031285 -0.154014
v -0.044229 -0.033376 -0.151197
v -0.024343 -0.049784 -0.159503
v -0.048705 -0.025932 -0.159137
v 0.001056 -0.057502 -0.131537
v -0.047233 -0.028591 -0.158852
v -0.043906 -0.033652 -0.156217
v -0.041052 -0.036581 -0.182540
v -0.008536 -0.055595 -0.145526
v -0.007838 -0.056230 -0.138947
v -0.048673 -0.025808 -0.167849
v -0.045961 -0.030652 -0.158157
v -0.045559 -0.031084 -0.164827
v -0.042764 -0.034547 -0.183398
v -0.046681 -0.029257 -0.168974
v -0.047463 -0.028002 -0.166996
v -0.032665 -0.044513 -0.165784
v -0.037951 -0.039940 -0.171326
v -0.014554 -0.054013 -0.149613
v -0.035061 -0.042538 -0.169826
v -0.039332 -0.038419 -0.181938
v -0.037739 -0.039978 -0.183152
v -0.016894 -0.052597 -0.165138
v -0.016313 -0.052572 -0.174486
v -0.019603 -0.051482 -0.171448
v -0.017069 -0.052284 -0.179891
v -0.014906 -0.052938 -0.181518
v -0.021797 -0.050912 -0.160852
v -0.024114 0.049433 -0.127069
v -0.024710 0.049142 -0.134762
v -0.027162 0.047830 -0.135704
v -0.029559 0.046387 -0.135541
v -0.024680 0.049157 -0.142395
v -0.024819 0.049087 -0.150929
v -0.027296 0.047753 -0.142488
v -0.029645 0.046332 -0.142416
v -0.027267 0.047770 -0.150297
v 0.000824 -0.056801 -0.138849
v -0.027563 -0.047719 -0.170924
v -0.024880 -0.049173 -0.170324
v -0.024788 0.049102 -0.158520
v -0.029698 0.046298 -0.150237
v -0.027278 0.047763 -0.158513
v -0.016902 -0.053044 -0.154549
v -0.015003 -0.053258 -0.162646
v -0.047695 0.027400 -0.132452
v -0.048829 0.025313 -0.132943
v -0.010705 -0.055151 -0.146295
v -0.013372 -0.054000 -0.155423
v -0.029672 0.046314 -0.158534
v -0.029600 0.046359 -0.166692
v -0.026380 0.048264 -0.169250
v -0.034776 -0.042596 -0.181322
v -0.022342 -0.050355 -0.171471
v -0.006194 -0.056111 -0.142904
v -0.048018 0.026823 -0.142565
v -0.049414 0.024154 -0.142080
v -0.033315 -0.043867 -0.172469
v -0.001744 -0.056733 -0.139326
v -0.003526 -0.056315 -0.143383
v -0.049104 0.024785 -0.150740
v -0.007870 -0.055211 -0.153002
v -0.030894 0.045510 -0.172804
v -0.050397 0.022043 -0.141551
v -0.032732 0.044202 -0.169786
v -0.036358 -0.041235 -0.183257
v -0.028940 0.046781 -0.181663
v -0.027048 0.047895 -0.179484
v -0.005873 -0.055729 -0.148698
v -0.047689 0.027409 -0.150777
v -0.031865 0.044838 -0.180349
v -0.036004 0.041582 -0.175711
v -0.038007 0.039764 -0.167004
v -0.038634 0.039153 -0.169100
v -0.031213 -0.045268 -0.181870
v -0.034152 0.043117 -0.171192
v -0.010083 -0.054709 -0.155606
v -0.019239 -0.051931 -0.160968
v -0.050137 0.022612 -0.155801
v -0.050777 0.021144 -0.149692
v -0.011579 -0.054199 -0.159933
v -0.029512 -0.046470 -0.175746
v -0.033307 -0.043746 -0.182474
v -0.001141 -0.056146 -0.147059
v -0.040240 0.037495 -0.168786
v -0.050734 0.021247 -0.158739
v -0.037503 0.040239 -0.181846
v -0.003104 -0.055627 -0.154052
v -0.006870 -0.055041 -0.159077
v -0.039358 0.038420 -0.180063
v -0.004816 -0.055657 -0.151457
v -0.050735 0.021243 -0.166562
v -0.053356 -0.014013 -0.130360
v -0.028370 -0.047103 -0.185538
v -0.051515 0.019276 -0.169931
v -0.052221 0.017270 -0.166130
v -0.052735 0.015635 -0.169503
v -0.053622 -0.012745 -0.137554
v -0.000675 -0.055624 -0.155710
v -0.052932 -0.015609 -0.134445
v -0.012633 -0.053612 -0.171338
v -0.024481 -0.049239 -0.182100
v -0.051659 0.018888 -0.180648
v -0.009893 -0.054294 -0.166597
v -0.052232 0.017239 -0.179375
v -0.053056 0.014530 -0.180910
v -0.002408 -0.055418 -0.159004
v -0.022375 -0.050233 -0.182043
v -0.007621 -0.054642 -0.167243
v -0.005427 -0.054998 -0.164242
v -0.047405 -0.028805 -0.142063
v -0.046204 -0.030801 -0.142038
v -0.020499 -0.051030 -0.181585
v -0.049034 -0.025491 -0.150672
v -0.048417 -0.026851 -0.145216
v 0.000020 -0.055224 -0.165325
v -0.049994 -0.023297 -0.158448
v -0.014052 -0.053279 -0.170412
v -0.050067 -0.022957 -0.167728
v -0.000777 -0.055062 -0.171978
v -0.002853 -0.055115 -0.166699
v -0.010557 -0.054032 -0.173426
v -0.003753 -0.054915 -0.173643
v -0.036477 -0.041326 -0.169527
v -0.008348 -0.054417 -0.172663
v -0.018789 -0.051687 -0.181484
v -0.022040 0.050396 -0.127144
v -0.009551 -0.054163 -0.181521
v -0.022132 0.050356 -0.136270
v -0.005107 -0.054766 -0.179237
v -0.003306 -0.054907 -0.181746
v -0.021611 0.050577 -0.142457
v -0.003620 0.054885 -0.170545
v -0.006225 0.054656 -0.172187
v -0.022108 0.050366 -0.150271
v -0.038353 0.039426 -0.133720
v -0.001694 0.054977 -0.172467
v -0.022170 0.050338 -0.158449
v -0.039824 0.037937 -0.139553
v -0.010000 0.054091 -0.170574
v -0.022077 0.050379 -0.165816
v -0.000310 0.055001 -0.192000
v -0.041028 0.036635 -0.144302
v -0.041041 0.036622 -0.138018
v -0.006443 0.054625 -0.180972
v -0.051360 0.019687 -0.137477
v -0.008687 0.054314 -0.177055
v -0.038318 0.039459 -0.148568
v -0.011601 0.053771 -0.181362
v -0.041069 0.036587 -0.150686
v -0.039826 0.037935 -0.150318
v -0.038357 0.039421 -0.158271
v -0.041085 0.036569 -0.158923
v -0.039856 0.037903 -0.158428
v -0.041475 0.036123 -0.167198
v -0.051435 0.019487 -0.146207
v -0.042780 0.034571 -0.166791
v -0.043989 -0.034842 -0.126734
v -0.046524 -0.030596 -0.134561
v -0.048045 -0.027969 -0.133815
v -0.044906 -0.033147 -0.133879
v -0.042760 0.034603 -0.173597
v -0.029701 -0.048322 -0.132911
v -0.036512 -0.042906 -0.133689
v -0.035190 -0.043754 -0.138646
v -0.044406 0.032458 -0.175956
v -0.043870 0.033175 -0.162038
v -0.033260 -0.045453 -0.136787
v -0.052917 -0.015090 -0.172239
v -0.052123 -0.017760 -0.165056
v -0.051413 0.019547 -0.157059
v -0.030966 -0.047748 -0.129151
v -0.051161 -0.020401 -0.165792
v -0.040978 0.036693 -0.179413
v -0.038483 -0.040067 -0.151175
v -0.052425 -0.016660 -0.177029
v -0.042822 0.034523 -0.180228
v -0.041958 0.035566 -0.184093
v -0.051685 -0.018848 -0.177256
v -0.043892 0.033148 -0.182873
v -0.049764 0.023429 -0.169198
v -0.050757 -0.021154 -0.184122
v -0.038213 -0.040006 -0.159627
v -0.044468 -0.032609 -0.166603
v -0.041091 -0.036707 -0.171217
v -0.040100 -0.038034 -0.161302
v -0.044439 -0.032481 -0.175015
v -0.050643 0.021469 -0.172083
v -0.044082 -0.032851 -0.183523
v -0.049913 0.023124 -0.181967
v -0.050985 0.020636 -0.182032
v -0.006257 -0.054688 -0.173663
v -0.007240 -0.054524 -0.179349
v -0.050420 -0.022508 -0.150509
v -0.000656 -0.054999 -0.178383
v -0.051124 -0.020620 -0.158599
v -0.036410 0.041227 -0.132479
v -0.019536 0.051417 -0.127230
v -0.019403 0.051467 -0.133893
v -0.012489 0.053568 -0.167757
v -0.036516 0.041134 -0.143852
v -0.019497 0.051433 -0.142572
v -0.014552 0.053043 -0.168641
v -0.042755 0.034604 -0.135886
v -0.019511 0.051427 -0.151255
v -0.012451 0.053576 -0.173512
v -0.019534 0.051418 -0.158534
v -0.019530 0.051420 -0.167265
v -0.017040 0.052302 -0.171821
v -0.000055 0.055014 -0.127613
v -0.003294 0.054906 -0.127487
v -0.006460 0.054627 -0.127436
v -0.051820 0.018442 -0.130907
v -0.009777 0.054131 -0.127415
v -0.035982 0.041596 -0.151002
v -0.042655 0.034728 -0.142596
v -0.052686 0.015801 -0.134024
v -0.013156 0.053407 -0.127381
v -0.052206 0.017314 -0.140646
v -0.016456 0.052493 -0.127337
v -0.052414 0.016666 -0.145539
v -0.013557 0.053314 -0.134706
v -0.014639 0.053018 -0.183291
v -0.036496 0.041151 -0.160904
v -0.045281 0.031228 -0.172493
v -0.042807 0.034539 -0.149760
v -0.052249 0.017188 -0.155517
v -0.042823 0.034519 -0.157946
v -0.013529 0.053323 -0.142572
v -0.054108 -0.010337 -0.134628
v -0.053623 -0.012928 -0.125775
v -0.054492 -0.007834 -0.132193
v -0.043283 -0.035484 -0.132449
v -0.054701 -0.005997 -0.140758
v -0.045207 0.031332 -0.182583
v -0.043218 -0.035185 -0.140156
v -0.013533 0.053322 -0.150369
v -0.041616 -0.037256 -0.138597
v -0.046373 0.029583 -0.182860
v -0.054103 -0.010033 -0.167456
v -0.054032 -0.010363 -0.172722
v -0.053579 -0.012551 -0.168486
v -0.038236 -0.041311 -0.132577
v -0.047698 0.027395 -0.183150
v -0.037509 -0.041476 -0.141739
v -0.049445 -0.024786 -0.145542
v -0.051230 -0.020477 -0.152282
v -0.041149 -0.037461 -0.145741
v -0.040204 -0.038235 -0.152382
v -0.053653 -0.012092 -0.181943
v -0.013537 0.053321 -0.158585
v -0.030931 -0.045830 -0.162543
v -0.050879 -0.020954 -0.175118
v -0.050237 -0.022453 -0.175794
v -0.041979 -0.036138 -0.154487
v -0.041905 -0.035939 -0.163675
v -0.016707 0.052409 -0.131888
v -0.016691 0.052414 -0.139571
v -0.016696 0.052412 -0.147308
v -0.016701 0.052411 -0.155358
v -0.046176 -0.029949 -0.175540
v -0.016602 0.052439 -0.163274
v -0.039214 -0.038740 -0.169569
v -0.052844 0.015281 -0.130880
v -0.045759 -0.030491 -0.182589
v -0.053780 0.011539 -0.134984
v -0.053262 0.013726 -0.138308
v -0.053929 0.010865 -0.142572
v -0.054175 0.009485 -0.132866
v -0.053018 0.014649 -0.142564
v -0.053932 0.010849 -0.150369
v -0.053164 0.014123 -0.147298
v -0.054175 -0.010035 -0.124580
v -0.054873 -0.003985 -0.137231
v -0.034347 0.042961 -0.134309
v -0.046776 0.028938 -0.171631
v -0.047688 0.027408 -0.173252
v -0.053169 0.014103 -0.155346
v -0.053936 0.010832 -0.158585
v -0.034299 0.042999 -0.144458
v -0.055014 -0.000469 -0.143213
v -0.055015 -0.000393 -0.134148
v -0.044487 0.032349 -0.135654
v -0.048705 0.025560 -0.173074
v -0.034313 0.042989 -0.152255
v -0.053199 0.013979 -0.163274
v -0.048579 0.025795 -0.180582
v -0.014081 0.053173 -0.176474
v -0.052187 -0.017811 -0.151037
v -0.022026 0.050404 -0.172557
v -0.052303 -0.017377 -0.155400
v -0.053269 -0.014105 -0.149982
v -0.053001 -0.014970 -0.158946
v -0.053903 -0.011200 -0.158080
v -0.044805 0.031898 -0.142690
v -0.053139 -0.014393 -0.163373
v -0.044455 0.032392 -0.149304
v -0.031586 -0.045159 -0.170805
v -0.016904 0.052344 -0.180200
v -0.019181 0.051550 -0.184137
v -0.020911 0.050876 -0.180556
v -0.034344 0.042963 -0.162402
v -0.045214 0.031326 -0.157221
v -0.041640 -0.037626 -0.131430
v -0.054524 -0.007343 -0.169798
v -0.039756 -0.039749 -0.132132
v -0.054750 -0.005281 -0.173223
v -0.040105 -0.038760 -0.142849
v -0.039138 -0.039903 -0.140692
v -0.054571 -0.006860 -0.184075
v -0.054224 -0.009239 -0.180433
v -0.053084 -0.014414 -0.179803
v -0.043732 -0.033759 -0.160513
v -0.049428 -0.024181 -0.175794
v -0.048312 -0.026294 -0.179933
v -0.054395 0.008153 -0.172178
v -0.047537 -0.027750 -0.174445
v -0.049507 -0.023923 -0.183418
v -0.047223 -0.028150 -0.183762
v -0.032037 0.044712 -0.134482
v -0.032122 0.044651 -0.142558
v -0.031607 0.045011 -0.150192
v -0.046235 0.029797 -0.134987
v -0.032123 0.044651 -0.157928
v -0.046158 0.029917 -0.142765
v -0.024214 0.049384 -0.167910
v -0.031585 0.045027 -0.165437
v -0.046185 0.029875 -0.151147
v -0.023345 0.049805 -0.182365
v -0.025169 0.048903 -0.180671
v -0.046464 0.029430 -0.158655
v -0.054994 -0.001132 -0.167947
v -0.049803 -0.024297 -0.136200
v -0.054903 -0.003330 -0.170985
v -0.054948 0.002666 -0.192000
v -0.012197 -0.053633 -0.181943
v -0.028294 0.047168 -0.169754
v -0.002050 0.054966 -0.180615
v -0.004305 0.054835 -0.178421
v -0.027219 -0.049727 -0.134778
v -0.028289 -0.063856 0.047188
v -0.054918 0.001574 -0.111420
v -0.023493 -0.063871 0.049755
v -0.001504 0.054909 -0.126490
v -0.054917 -0.005558 -0.106644
v -0.004353 0.054758 -0.126479
v -0.008024 0.054331 -0.126449
v -0.054904 -0.009813 -0.102301
v -0.010545 0.053868 -0.126286
v -0.054897 -0.015301 -0.095807
v -0.001055 -0.063904 0.055002
v -0.012838 0.053376 -0.126331
v -0.015861 0.052535 -0.126205
v -0.054908 -0.024975 -0.082753
v -0.020037 0.051114 -0.126222
v -0.054911 -0.032364 -0.071188
v -0.025829 0.048409 -0.125800
v -0.028197 0.047100 -0.125782
v -0.054895 -0.038689 -0.059655
v -0.030449 0.045694 -0.125631
v -0.054891 -0.043457 -0.049837
v -0.032004 0.044621 -0.125436
v -0.054914 -0.047765 -0.039459
v -0.034866 0.042453 -0.125190
v -0.036602 0.040920 -0.124614
v -0.054932 -0.049803 -0.033896
v -0.054957 -0.052383 -0.026240
v -0.038423 0.039274 -0.124593
v -0.040864 0.036737 -0.124092
v -0.054986 -0.055633 -0.014911
v -0.054996 -0.057809 -0.004728
v -0.055002 -0.059068 0.001033
v -0.044968 0.031577 -0.123010
v -0.046674 0.028908 -0.121970
v -0.049720 0.023366 -0.120628
v -0.052192 -0.061589 0.017415
v -0.051529 0.019043 -0.119165
v -0.052596 0.015823 -0.117922
v -0.046635 -0.062819 0.029181
v -0.053625 0.011962 -0.116406
v -0.054154 0.009058 -0.114851
v -0.039369 -0.063446 0.038438
v -0.054644 0.005651 -0.113394
v 0.043069 -0.000500 0.034266
v 0.043724 -0.063803 0.033324
v 0.045863 -0.062913 0.030380
v -0.054995 -0.013331 -0.001021
v 0.046043 -0.000500 0.030091
v -0.055004 -0.000500 0.000406
v -0.054782 -0.000500 0.005146
v 0.048346 -0.000500 0.026279
v 0.048030 -0.063177 0.026773
v 0.049365 -0.062977 0.024209
v 0.050635 -0.000500 0.021506
v 0.050724 -0.062044 0.021279
v -0.054181 -0.000500 0.009482
v 0.052182 -0.061592 0.017445
v -0.053266 -0.000500 0.013807
v 0.052631 -0.000500 0.016095
v 0.053221 -0.061752 0.013805
v -0.051681 -0.000500 0.018857
v 0.053887 -0.000500 0.011036
v 0.053897 -0.061300 0.010895
v 0.054626 -0.000500 0.006598
v 0.054573 -0.060685 0.006706
v -0.050317 -0.000500 0.022219
v 0.054833 -0.060266 0.004071
v -0.048680 -0.000500 0.025630
v 0.054960 -0.000500 0.002215
v 0.054995 -0.059136 0.001243
v 0.054991 -0.005498 0.000997
v -0.046435 -0.000500 0.029497
v 0.054993 -0.005498 -0.000996
v 0.054999 -0.000500 -0.000628
v 0.055000 -0.002505 0.000000
v -0.044388 -0.000500 0.032485
v -0.041690 -0.000500 0.035910
v -0.037687 -0.000500 0.040091
v -0.033184 -0.000500 0.043892
v -0.028805 -0.000500 0.046871
v -0.024227 -0.000500 0.049403
v -0.020211 -0.000500 0.051157
v -0.016795 -0.000500 0.052386
v -0.012510 -0.000500 0.053572
v -0.007331 -0.000500 0.054536
v -0.002031 -0.000500 0.054976
v 0.001374 -0.000500 0.054988
v 0.002658 -0.063936 0.054943
v 0.005141 -0.000500 0.054774
v 0.005917 -0.064468 0.054666
v 0.009731 -0.063874 0.054154
v 0.010417 -0.000500 0.054029
v 0.013744 -0.064486 0.053240
v 0.014621 -0.000500 0.053026
v 0.016407 -0.064502 0.052478
v 0.018825 -0.000500 0.051703
v 0.020224 -0.063904 0.051160
v 0.024196 -0.000500 0.049419
v 0.024721 -0.063844 0.049157
v 0.028172 -0.000500 0.047244
v 0.028211 -0.064383 0.047191
v 0.031108 -0.063758 0.045372
v 0.031360 -0.000500 0.045198
v 0.034009 -0.063686 0.043232
v 0.035485 -0.000500 0.042054
v 0.035806 -0.064227 0.041726
v 0.037872 -0.064135 0.039861
v 0.039227 -0.000500 0.038570
v 0.041265 -0.063335 0.036394
v -0.008549 -0.006067 -0.055581
v -0.009380 -0.006767 -0.055888
v -0.009204 -0.007308 -0.056382
v -0.000753 -0.005996 -0.056442
v -0.011785 -0.007794 -0.056295
v -0.012208 -0.007293 -0.055686
v -0.016698 -0.007787 -0.054813
v -0.003670 -0.005126 -0.055753
v -0.012233 -0.006755 -0.055252
v -0.024978 -0.010436 -0.057097
v -0.026883 -0.010658 -0.055973
v -0.002535 -0.005688 -0.056150
v -0.024353 -0.010253 -0.056125
v -0.018735 -0.009197 -0.056098
v -0.016527 -0.008347 -0.055531
v -0.011486 -0.006024 -0.054970
v 0.000257 -0.004610 -0.055670
v -0.021901 -0.009209 -0.054498
v -0.022596 -0.009635 -0.055073
v -0.001845 -0.004987 -0.055805
v -0.002595 -0.004140 -0.055425
v -0.027212 -0.010566 -0.054635
v -0.022663 -0.009872 -0.055785
v -0.025438 -0.010100 -0.054334
v -0.015500 -0.007514 -0.054960
v -0.000206 -0.003837 -0.055379
v -0.002296 -0.003310 -0.055206
v -0.019089 -0.007955 -0.054057
v 0.001113 -0.005609 -0.056178
v -0.019241 -0.008657 -0.054875
v -0.014839 -0.006880 -0.054632
v -0.005769 -0.005850 -0.055906
v -0.014608 -0.005931 -0.054121
v -0.005732 -0.005080 -0.055514
v -0.004616 -0.004169 -0.055299
v -0.001705 -0.002719 -0.055101
v -0.007224 -0.004363 -0.055051
v -0.030172 -0.011000 -0.053076
v -0.022061 -0.008720 -0.053607
v -0.025158 -0.009694 -0.053390
v -0.004252 -0.003317 -0.055101
v -0.027117 -0.010232 -0.053231
v -0.007230 -0.003427 -0.054815
v -0.019096 -0.007403 -0.053555
v -0.021306 -0.008044 -0.053169
v -0.011824 -0.004952 -0.054415
v -0.009114 -0.005190 -0.055050
v -0.010079 -0.004251 -0.054550
v -0.028642 -0.010596 -0.052984
v -0.028491 -0.010167 -0.051759
v -0.017352 -0.006736 -0.053716
v -0.004285 -0.002115 -0.054899
v -0.001632 -0.000500 -0.054979
v 0.001255 -0.000500 -0.054992
v -0.001112 -0.001858 -0.055008
v -0.017189 -0.005909 -0.053303
v -0.021738 -0.007401 -0.052400
v -0.031781 -0.011159 -0.051372
v -0.012826 -0.004366 -0.053978
v -0.023609 -0.008579 -0.052571
v -0.023409 -0.008069 -0.052131
v -0.008258 -0.002284 -0.054470
v -0.015644 -0.004879 -0.053387
v -0.019606 -0.006611 -0.052780
v -0.006264 -0.001969 -0.054712
v -0.026738 -0.009537 -0.051923
v -0.002959 -0.001884 -0.054966
v -0.025529 -0.008641 -0.051493
v -0.024825 -0.009149 -0.052601
v -0.015363 -0.003670 -0.053128
v -0.005013 -0.000500 -0.054782
v -0.025764 -0.008147 -0.050846
v -0.010631 -0.003068 -0.054167
v -0.033169 -0.011243 -0.049821
v -0.027285 -0.009326 -0.051174
v -0.030665 -0.010169 -0.049697
v -0.018275 -0.004210 -0.052314
v -0.028357 -0.009323 -0.050348
v -0.019160 -0.004801 -0.052159
v -0.024243 -0.007416 -0.051149
v -0.011188 -0.000500 -0.053854
v -0.011081 -0.001599 -0.053912
v -0.032456 -0.010746 -0.049202
v -0.030639 -0.010720 -0.051044
v -0.013791 -0.001603 -0.053287
v -0.014198 -0.002499 -0.053271
v -0.034779 -0.011719 -0.049328
v -0.021094 -0.005519 -0.051639
v -0.012711 -0.003374 -0.053773
v -0.008441 -0.000500 -0.054353
v -0.014562 -0.000500 -0.053051
v -0.033672 -0.010631 -0.047852
v -0.034206 -0.011226 -0.048521
v -0.021274 -0.006550 -0.052044
v -0.027475 -0.008463 -0.050008
v -0.029405 -0.008990 -0.049110
v -0.021420 -0.004488 -0.051143
v -0.030755 -0.009749 -0.048952
v -0.033206 -0.009981 -0.047288
v -0.016858 -0.001591 -0.052394
v -0.029039 -0.008157 -0.048648
v -0.035621 -0.011535 -0.047591
v -0.035526 -0.011095 -0.046808
v -0.017768 -0.003025 -0.052242
v -0.030622 -0.008859 -0.048073
v -0.024975 -0.005259 -0.049695
v -0.017944 -0.000500 -0.051997
v -0.023575 -0.004488 -0.050158
v -0.019978 -0.001996 -0.051311
v -0.023385 -0.006531 -0.051042
v -0.027113 -0.007437 -0.049459
v -0.037823 -0.012355 -0.046550
v -0.033027 -0.009310 -0.046707
v -0.025560 -0.004435 -0.049131
v -0.020595 -0.000500 -0.051004
v -0.037508 -0.011690 -0.045499
v -0.023051 -0.001935 -0.049997
v -0.035141 -0.010481 -0.046243
v -0.025719 -0.006548 -0.049792
v -0.028078 -0.005098 -0.047840
v -0.023145 -0.000500 -0.049898
v -0.035355 -0.009818 -0.045285
v -0.020662 -0.003251 -0.051202
v -0.039586 -0.012258 -0.043655
v -0.035031 -0.008947 -0.044782
v -0.028951 -0.004390 -0.047135
v -0.032770 -0.008327 -0.046100
v -0.034359 -0.007881 -0.044601
v -0.025569 -0.001936 -0.048749
v -0.027943 -0.006601 -0.048467
v -0.000863 -0.009354 -0.063885
v -0.026177 -0.000500 -0.048383
v -0.000013 -0.009402 -0.063082
v -0.031502 -0.007525 -0.046534
v -0.030495 -0.005859 -0.046507
v -0.001363 -0.009402 -0.062643
v -0.035764 -0.008344 -0.043695
v -0.036824 -0.009561 -0.043579
v -0.027364 -0.001447 -0.047738
v -0.040763 -0.012462 -0.042248
v 0.001313 -0.009282 -0.061591
v -0.004851 -0.009414 -0.062343
v -0.027651 -0.002879 -0.047690
v -0.031336 -0.004412 -0.045559
v -0.001286 -0.009205 -0.061182
v -0.023998 -0.003241 -0.049710
v -0.037413 -0.010344 -0.043713
v -0.032965 -0.004938 -0.044518
v -0.038699 -0.010052 -0.041989
v -0.040860 -0.011793 -0.041135
v -0.042658 -0.013307 -0.040474
v -0.005017 -0.009075 -0.060200
v -0.029535 -0.001904 -0.046442
v -0.037108 -0.008487 -0.042512
v -0.030733 -0.000500 -0.045634
v -0.034662 -0.005737 -0.043440
v -0.033326 -0.003510 -0.043977
v -0.039424 -0.009261 -0.040590
v -0.036862 -0.010991 -0.045146
v -0.042502 -0.012388 -0.039469
v -0.031930 -0.001916 -0.044834
v -0.003155 -0.008956 -0.060142
v -0.031209 -0.006655 -0.046315
v -0.034562 -0.004287 -0.043140
v -0.040570 -0.010184 -0.039927
v -0.044303 -0.012702 -0.036872
v -0.036062 -0.004354 -0.041900
v -0.042598 -0.010956 -0.037878
v -0.041396 -0.008606 -0.037912
v -0.034307 -0.000500 -0.043001
v -0.037282 -0.004898 -0.040913
v -0.033914 -0.001913 -0.043347
v -0.044135 -0.011656 -0.036164
v -0.037233 -0.003387 -0.040682
v -0.035483 -0.002322 -0.042100
v -0.045889 -0.012905 -0.034254
v -0.039185 -0.005331 -0.039146
v -0.036968 -0.000500 -0.040732
v -0.043329 -0.009980 -0.036163
v -0.037243 -0.001893 -0.040523
v -0.045751 -0.011721 -0.033544
v -0.039073 -0.011214 -0.042759
v -0.033046 -0.006523 -0.044955
v -0.044994 -0.010834 -0.034190
v -0.044196 -0.009569 -0.034695
v -0.047363 -0.013119 -0.031565
v -0.041196 -0.002932 -0.036575
v -0.041582 -0.004987 -0.036461
v -0.039669 -0.000500 -0.038116
v -0.038987 -0.003035 -0.038939
v -0.045536 -0.008791 -0.032302
v -0.046660 -0.011098 -0.031532
v -0.042600 -0.003766 -0.035022
v -0.048752 -0.013570 -0.028908
v -0.046334 -0.008282 -0.030826
v -0.048070 -0.011654 -0.029155
v -0.052747 -0.011325 -0.016670
v -0.053507 -0.009139 -0.013209
v -0.054197 -0.014265 -0.010643
v -0.052726 -0.005956 -0.015876
v -0.053037 -0.004395 -0.014679
v -0.053074 -0.000500 -0.014446
v -0.053731 -0.000500 -0.011769
v -0.053668 -0.005308 -0.012152
v -0.008738 -0.009489 -0.062312
v -0.011406 -0.009557 -0.062356
v -0.007742 -0.009435 -0.061559
v -0.008318 -0.009367 -0.060760
v -0.014947 -0.009697 -0.061722
v -0.012673 -0.009592 -0.060890
v -0.004166 -0.009306 -0.061393
v -0.007954 -0.009166 -0.059853
v -0.034914 -0.006589 -0.043545
v -0.030606 -0.003143 -0.045861
v -0.017438 -0.009837 -0.060101
v -0.012811 -0.009485 -0.059799
v -0.036602 -0.006830 -0.042149
v -0.016072 -0.009641 -0.059021
v -0.002137 -0.008547 -0.059299
v -0.004765 -0.008672 -0.059179
v -0.011874 -0.009195 -0.058845
v -0.009151 -0.008813 -0.058533
v -0.007280 -0.008840 -0.059046
v -0.006515 -0.008312 -0.058154
v -0.003311 -0.008091 -0.058366
v -0.018208 -0.009772 -0.058518
v -0.021947 -0.010122 -0.057974
v -0.021659 -0.010137 -0.059006
v -0.000868 -0.007563 -0.057883
v -0.011630 -0.008857 -0.057981
v -0.005797 -0.007663 -0.057397
v -0.009596 -0.008398 -0.057636
v -0.014993 -0.009371 -0.058309
v -0.014564 -0.009121 -0.057699
v -0.013994 -0.008823 -0.057206
v -0.001301 -0.006921 -0.057172
v -0.003490 -0.007343 -0.057396
v -0.041009 -0.011052 -0.040145
v -0.021390 -0.009881 -0.056755
v -0.017688 -0.009473 -0.057396
v -0.016754 -0.008948 -0.056446
v 0.000543 -0.002027 -0.055025
v -0.038443 -0.006966 -0.040427
v -0.010858 -0.008198 -0.057034
v -0.008483 -0.007797 -0.057042
v -0.003462 -0.006451 -0.056589
v -0.005693 -0.007023 -0.056758
v -0.013134 -0.008258 -0.056511
v -0.039395 -0.008276 -0.040035
v -0.014773 -0.008146 -0.055864
v -0.006722 -0.006464 -0.056150
v -0.040878 -0.006805 -0.037748
v -0.039462 -0.006613 -0.039250
v -0.042504 -0.007909 -0.036219
v -0.042164 -0.006388 -0.036110
v -0.043950 -0.008284 -0.034457
v -0.043304 -0.006653 -0.034748
v -0.045009 -0.006824 -0.032424
v -0.043885 -0.005853 -0.033755
v -0.042400 -0.000500 -0.035048
v -0.043558 -0.002480 -0.033676
v -0.045392 -0.005674 -0.031584
v -0.047794 -0.009031 -0.028532
v -0.044269 -0.003442 -0.032816
v -0.046782 -0.006260 -0.029510
v -0.048786 -0.010927 -0.027285
v -0.049817 -0.013123 -0.026047
v -0.044866 -0.000500 -0.031834
v -0.050508 -0.013072 -0.024261
v -0.047920 -0.007631 -0.027874
v -0.045489 -0.002944 -0.031031
v -0.050017 -0.011505 -0.024782
v -0.049165 -0.008455 -0.025639
v -0.046655 -0.003044 -0.029238
v -0.048063 -0.005865 -0.027204
v -0.051242 -0.012254 -0.021851
v -0.049267 -0.004281 -0.024666
v -0.049559 -0.007866 -0.024655
v -0.046795 -0.000500 -0.028908
v -0.050776 -0.008491 -0.021943
v -0.047973 -0.003038 -0.027013
v -0.052016 -0.013022 -0.019776
v -0.051883 -0.010585 -0.019378
v -0.051671 -0.007591 -0.019381
v -0.048640 -0.000500 -0.025706
v -0.050677 -0.003661 -0.021492
v -0.052141 -0.007009 -0.017890
v -0.051603 -0.004027 -0.019149
v -0.049547 -0.002805 -0.023960
v -0.050157 -0.000500 -0.022576
v -0.053500 -0.013160 -0.014074
v -0.051253 -0.000500 -0.019974
v -0.052307 -0.000500 -0.017017
v -0.054344 -0.012670 -0.009211
v -0.054089 -0.006869 -0.010136
v -0.054651 -0.012135 -0.006569
v -0.054316 -0.006891 -0.008783
v -0.054881 -0.012267 -0.003902
v -0.054568 -0.006632 -0.007049
v -0.054245 -0.000500 -0.009124
v -0.054842 -0.006577 -0.004262
v -0.054659 -0.004115 -0.006184
v -0.054953 -0.006344 -0.002407
v -0.054654 -0.000500 -0.006202
v -0.054930 -0.000500 -0.002962
v -0.004362 -0.009391 -0.063471
v 0.000317 -0.008769 -0.059875
v 0.000589 -0.008329 -0.058994
v -0.000790 -0.008188 -0.058745
v 0.000700 -0.006847 -0.057129
v -0.038933 -0.013774 -0.060200
v -0.038013 -0.013460 -0.059341
v -0.044256 -0.017862 -0.056748
v -0.043297 -0.016867 -0.057455
v -0.010570 -0.007183 -0.071492
v -0.024012 -0.009402 -0.067233
v -0.044645 -0.013903 -0.071444
v -0.016027 -0.001058 -0.080322
v -0.017906 0.000444 -0.081943
v -0.046836 -0.016191 -0.070077
v -0.052632 -0.022565 -0.074152
v -0.046173 -0.015550 -0.070252
v -0.006026 -0.005614 -0.073995
v 0.001746 -0.005037 -0.074726
v -0.042526 -0.012218 -0.072412
v -0.053305 -0.024603 -0.073605
v -0.034334 -0.011906 -0.062350
v -0.032702 -0.011562 -0.061855
v -0.049633 -0.020919 -0.066489
v -0.050754 -0.021186 -0.069721
v -0.049472 -0.019506 -0.069161
v -0.040769 -0.014771 -0.059729
v -0.054493 -0.034085 -0.064717
v -0.050115 -0.017207 -0.075748
v -0.013500 -0.007819 -0.070321
v -0.014335 -0.008288 -0.069152
v -0.051231 -0.019255 -0.075132
v -0.051779 -0.019134 -0.077152
v -0.046463 -0.020040 -0.057444
v -0.046771 -0.021231 -0.054287
v -0.042005 -0.015908 -0.057275
v -0.043122 -0.016110 -0.060701
v -0.054290 -0.035007 -0.061679
v -0.049842 -0.015841 -0.077623
v -0.040274 -0.014862 -0.056665
v -0.040027 -0.011918 -0.070148
v -0.004409 -0.007788 -0.069766
v -0.041944 -0.012878 -0.069931
v -0.035409 -0.012522 -0.058967
v -0.037567 -0.011088 -0.069890
v -0.052434 -0.034187 -0.050648
v -0.051009 -0.030627 -0.049108
v -0.017346 -0.002307 -0.079295
v -0.051515 -0.032544 -0.046799
v -0.002200 -0.006927 -0.071597
v -0.043181 -0.013796 -0.069266
v 0.002316 -0.005992 -0.073272
v -0.048368 -0.019947 -0.064654
v -0.047410 -0.018771 -0.064797
v -0.048921 -0.013949 -0.079013
v -0.045276 -0.016657 -0.064970
v -0.046592 -0.017610 -0.065631
v -0.045309 -0.015804 -0.067639
v -0.045266 -0.019247 -0.054828
v -0.038982 -0.014082 -0.057344
v -0.043626 -0.014964 -0.066512
v -0.022842 -0.009931 -0.063986
v -0.025744 -0.010010 -0.065180
v -0.053800 -0.032816 -0.062279
v -0.047618 -0.012782 -0.078629
v -0.044884 -0.014726 -0.069753
v -0.047984 -0.023113 -0.054009
v -0.030875 -0.011302 -0.060627
v -0.039870 -0.012708 -0.067444
v -0.012656 -0.001352 -0.079605
v -0.019186 -0.009250 -0.066451
v -0.015675 -0.008605 -0.068324
v -0.032995 -0.011859 -0.058889
v -0.044080 -0.015996 -0.064039
v -0.053080 -0.031310 -0.060748
v -0.029581 -0.010626 -0.064399
v -0.005984 -0.008361 -0.068294
v -0.027523 -0.010562 -0.062658
v -0.010226 0.000339 -0.080789
v -0.042942 -0.016888 -0.055367
v -0.046457 -0.021174 -0.052332
v -0.045264 -0.017657 -0.061538
v -0.008191 -0.001672 -0.078863
v -0.051018 -0.027327 -0.058009
v -0.051057 -0.025736 -0.061525
v -0.053231 -0.034309 -0.056020
v -0.018727 -0.009572 -0.064560
v -0.041163 -0.015584 -0.054651
v -0.045424 -0.019820 -0.052403
v -0.028449 -0.010865 -0.060798
v -0.048901 -0.021644 -0.062223
v -0.011972 -0.008914 -0.066804
v -0.033096 -0.010259 -0.068796
v -0.034293 -0.009929 -0.070646
v -0.036619 -0.011285 -0.068322
v -0.052382 -0.031683 -0.056132
v -0.052163 -0.029466 -0.059310
v -0.042482 -0.016715 -0.053123
v 0.001160 -0.007851 -0.069543
v -0.027369 -0.008383 -0.071582
v -0.031380 -0.009041 -0.071413
v -0.048842 -0.015983 -0.075059
v -0.024243 -0.010328 -0.061086
v -0.012746 -0.004172 -0.076549
v -0.050275 -0.024171 -0.061597
v -0.030577 -0.011325 -0.058582
v -0.049115 -0.022915 -0.059826
v -0.011770 -0.002748 -0.078106
v -0.006118 -0.000255 -0.079983
v -0.007462 -0.002778 -0.077713
v -0.019201 -0.009875 -0.062046
v -0.011472 -0.009227 -0.065233
v -0.030117 -0.009671 -0.068969
v -0.033616 -0.010832 -0.067120
v -0.050148 -0.025782 -0.057364
v -0.044039 -0.018235 -0.052483
v -0.043387 -0.017640 -0.050792
v -0.047266 -0.019938 -0.060906
v -0.047772 -0.015245 -0.074245
v -0.034290 -0.012246 -0.057186
v -0.050770 -0.028355 -0.054322
v -0.045954 -0.020718 -0.049905
v -0.031007 -0.010434 -0.066631
v -0.004674 -0.008984 -0.066007
v -0.033224 -0.011892 -0.054536
v -0.034853 -0.011446 -0.065777
v -0.037379 -0.011894 -0.066990
v -0.050537 -0.019161 -0.073130
v -0.049591 -0.027542 -0.046618
v -0.050479 -0.029878 -0.044921
v -0.037797 -0.013605 -0.055122
v -0.001976 -0.001170 -0.079045
v -0.001382 -0.000026 -0.079979
v -0.049150 -0.024155 -0.056790
v -0.011718 -0.009440 -0.063766
v -0.026449 -0.010654 -0.059219
v -0.036730 -0.013099 -0.053607
v -0.047398 -0.021385 -0.056994
v -0.044578 -0.018924 -0.049980
v -0.045635 -0.018644 -0.059268
v -0.035238 -0.012536 -0.054657
v -0.013573 -0.006038 -0.073905
v -0.042415 -0.016700 -0.051307
v -0.034694 -0.012206 -0.052380
v -0.048483 -0.025092 -0.046117
v -0.049611 -0.027568 -0.043705
v -0.044661 -0.018943 -0.048397
v -0.046243 -0.021115 -0.047843
v -0.032515 -0.011051 -0.065049
v -0.039852 -0.014727 -0.051852
v -0.037938 -0.013591 -0.051898
v -0.040204 -0.014829 -0.050166
v -0.007724 -0.003589 -0.076817
v -0.048613 -0.025160 -0.043712
v -0.036248 -0.012110 -0.064413
v -0.047153 -0.022552 -0.046762
v -0.008700 -0.004432 -0.075853
v -0.043124 -0.017214 -0.048727
v -0.053789 -0.038454 -0.051215
v -0.054248 -0.037786 -0.056215
v -0.049207 -0.018133 -0.071443
v -0.037240 -0.012992 -0.050046
v -0.031059 -0.011407 -0.056131
v -0.041519 -0.015740 -0.049004
v -0.045909 -0.020372 -0.045897
v -0.028396 -0.010080 -0.066397
v -0.003469 -0.001950 -0.078361
v -0.042383 -0.016258 -0.047512
v -0.051200 -0.030157 -0.052315
v -0.040421 -0.014528 -0.047565
v -0.048919 -0.025125 -0.052542
v -0.046574 -0.021303 -0.045073
v -0.047689 -0.023300 -0.044568
v -0.033715 -0.011775 -0.051608
v -0.054110 -0.043679 -0.039302
v -0.053635 -0.041737 -0.035167
v -0.054572 -0.046786 -0.036457
v -0.046950 -0.021405 -0.042904
v -0.039320 -0.013951 -0.048592
v 0.000037 -0.004133 -0.075922
v -0.038164 -0.013329 -0.049095
v -0.035942 -0.012567 -0.051276
v -0.044205 -0.016975 -0.060599
v -0.043943 -0.017835 -0.046844
v -0.036466 -0.012357 -0.048893
v -0.049349 -0.026227 -0.040543
v -0.050102 -0.028287 -0.040161
v -0.043041 -0.016364 -0.045372
v -0.048090 -0.023530 -0.042067
v -0.050795 -0.030649 -0.041299
v -0.051611 -0.033007 -0.038541
v -0.044553 -0.018429 -0.046000
v -0.045640 -0.019425 -0.043998
v -0.044247 -0.017317 -0.043903
v -0.050240 -0.027801 -0.052523
v -0.031004 -0.011003 -0.063561
v -0.002201 -0.002897 -0.077359
v -0.003808 -0.004767 -0.075145
v -0.039252 -0.013516 -0.047151
v -0.039565 -0.013314 -0.045940
v -0.054268 -0.041625 -0.047983
v -0.037541 -0.012652 -0.047912
v -0.053991 -0.043791 -0.032532
v -0.044781 -0.017365 -0.042333
v -0.047508 -0.021675 -0.040792
v -0.046232 -0.019333 -0.041330
v -0.045366 -0.017421 -0.040745
v -0.052996 -0.038547 -0.036237
v -0.053571 -0.040973 -0.031226
v -0.048252 -0.022474 -0.038901
v -0.053172 -0.038455 -0.031198
v -0.050889 -0.030238 -0.038035
v -0.051381 -0.031258 -0.035736
v -0.050318 -0.027702 -0.036878
v -0.040908 -0.013658 -0.044173
v -0.049233 -0.024603 -0.037766
v -0.046339 -0.017966 -0.038824
v -0.043817 -0.014975 -0.040672
v -0.049551 -0.026772 -0.050934
v -0.047083 -0.019992 -0.039479
v -0.047691 -0.019980 -0.037398
v -0.042114 -0.014146 -0.042786
v -0.051252 -0.028809 -0.032600
v -0.050418 -0.026288 -0.034077
v -0.049250 -0.023498 -0.036100
v -0.044913 -0.015394 -0.038916
v -0.049474 -0.022629 -0.034148
v -0.043922 -0.013696 -0.038734
v -0.050211 -0.028663 -0.049139
v -0.045920 -0.015363 -0.036708
v -0.047361 -0.017331 -0.035353
v -0.053454 -0.038238 -0.048684
v -0.048737 -0.019604 -0.033699
v -0.052149 -0.032544 -0.031325
v -0.052462 -0.030727 -0.027005
v -0.049790 -0.021369 -0.031777
v -0.045265 -0.014089 -0.036653
v -0.036655 -0.013068 -0.056857
v -0.050411 -0.023381 -0.031172
v -0.046819 -0.014848 -0.034234
v -0.048168 -0.015542 -0.031768
v -0.051429 -0.026665 -0.029506
v -0.051696 -0.025297 -0.027153
v -0.048981 -0.025902 -0.049349
v -0.050284 -0.018875 -0.028347
v -0.049094 -0.017964 -0.031287
v -0.051122 -0.021256 -0.026952
v -0.052844 -0.037088 -0.045502
v -0.051968 -0.022190 -0.024150
v -0.052685 -0.027752 -0.023620
v -0.049692 -0.015819 -0.028123
v -0.047650 -0.023237 -0.050657
v -0.050663 -0.016846 -0.025985
v -0.039497 -0.014534 -0.053977
v -0.053617 -0.030553 -0.018944
v -0.053572 -0.039921 -0.044980
v -0.053213 -0.023787 -0.018949
v -0.053692 -0.025238 -0.016532
v -0.054192 -0.032798 -0.014962
v -0.052617 -0.021953 -0.021224
v -0.054151 -0.025227 -0.013279
v -0.054451 -0.025189 -0.010652
v -0.053122 -0.015935 -0.016823
v -0.054588 -0.031947 -0.010125
v -0.054306 -0.017993 -0.010752
v -0.054680 -0.017637 -0.007346
v -0.054855 -0.028574 -0.005636
v -0.054973 -0.043613 -0.003188
v -0.052677 -0.012229 -0.090490
v -0.053216 -0.014611 -0.089008
v -0.052329 -0.013222 -0.088192
v -0.054537 -0.018876 -0.088910
v -0.054474 -0.021334 -0.085057
v -0.052798 -0.017675 -0.083096
v -0.049409 -0.012488 -0.082348
v -0.051035 -0.013660 -0.084107
v -0.050031 -0.014674 -0.080110
v -0.043156 -0.004730 -0.085293
v -0.041539 -0.002055 -0.087282
v -0.040181 -0.003933 -0.084204
v -0.041808 -0.004501 -0.084566
v -0.044029 -0.008259 -0.081338
v -0.041792 -0.007597 -0.080360
v -0.037131 -0.001133 -0.085849
v -0.053920 -0.026493 -0.073654
v -0.054379 -0.028945 -0.072524
v -0.053760 -0.028231 -0.069778
v -0.052962 -0.026188 -0.069133
v -0.052178 -0.024853 -0.068021
v -0.051869 -0.022906 -0.070427
v -0.039265 -0.009096 -0.075953
v -0.040907 -0.008979 -0.077427
v -0.037220 -0.007948 -0.076743
v -0.054136 -0.042780 -0.043185
v -0.034680 -0.007143 -0.076869
v -0.050260 -0.022518 -0.065145
v -0.028179 -0.003960 -0.079539
v -0.033646 -0.004461 -0.080528
v -0.029082 -0.004830 -0.078582
v -0.036586 -0.009366 -0.073539
v -0.027569 -0.002871 -0.080753
v -0.034821 -0.008327 -0.074711
v -0.031587 -0.007271 -0.075383
v -0.031144 -0.005982 -0.077468
v -0.028670 -0.005993 -0.076701
v -0.033310 -0.005772 -0.078551
v -0.052080 -0.034852 -0.043204
v -0.023473 -0.003142 -0.079484
v -0.022803 -0.001791 -0.080849
v -0.021375 -0.004620 -0.077155
v -0.037209 -0.010374 -0.071563
v -0.039922 -0.010992 -0.072460
v -0.033065 -0.009034 -0.072254
v -0.048063 -0.024236 -0.047760
v -0.031446 -0.008109 -0.073633
v -0.027895 -0.006784 -0.075110
v -0.020095 -0.003443 -0.078472
v -0.023338 -0.005460 -0.076284
v -0.016238 -0.003902 -0.077309
v -0.025041 -0.006763 -0.074426
v -0.040827 -0.015420 -0.052392
v -0.019985 -0.006335 -0.074236
v -0.050990 -0.031217 -0.045693
v -0.020820 -0.007140 -0.072810
v -0.041847 -0.014043 -0.065990
v -0.042020 -0.014851 -0.063172
v -0.016527 -0.005207 -0.075569
v -0.024926 -0.008271 -0.071100
v -0.011886 -0.005437 -0.074702
v -0.040953 -0.014244 -0.063254
v -0.042649 -0.015545 -0.061833
v -0.038203 -0.012412 -0.066076
v -0.051459 -0.032835 -0.042384
v -0.023917 -0.008834 -0.069232
v -0.039498 -0.013541 -0.063268
v -0.037768 -0.012833 -0.063297
v -0.019308 -0.007874 -0.070916
v -0.002610 -0.008760 -0.066848
v -0.027426 -0.009415 -0.068538
v -0.013398 -0.006761 -0.072599
v -0.019329 -0.008518 -0.069176
v -0.004878 -0.009203 -0.064933
v 0.001002 -0.008786 -0.066704
v -0.053080 -0.038811 -0.040917
v -0.008344 -0.006443 -0.072772
v -0.054475 -0.000706 -0.107748
v -0.054717 -0.003639 -0.106870
v 0.001146 -0.009119 -0.065265
v -0.053073 -0.038946 -0.037911
v -0.054345 -0.002432 -0.106001
v -0.054711 -0.007281 -0.103706
v -0.053914 -0.001827 -0.104843
v -0.052253 -0.035559 -0.039155
v -0.041631 -0.015119 -0.046036
v -0.054439 -0.006839 -0.102732
v -0.053184 -0.001089 -0.103249
v -0.042415 -0.015112 -0.044002
v -0.053724 -0.004953 -0.101633
v -0.054038 -0.006006 -0.101812
v -0.043512 -0.015968 -0.043087
v -0.053479 -0.003959 -0.101725
v -0.054516 -0.009935 -0.099867
v -0.053842 -0.015729 -0.089816
v -0.051357 -0.011938 -0.087420
v -0.052788 -0.004106 -0.099688
v -0.051826 -0.014746 -0.084524
v -0.051913 -0.016753 -0.081633
v -0.030242 -0.002590 -0.081814
v -0.027568 -0.001610 -0.082162
v -0.052367 -0.035537 -0.035799
v -0.054469 -0.046888 -0.032883
v -0.054222 -0.045241 -0.028594
v -0.052279 -0.034630 -0.034180
v -0.051013 -0.016230 -0.079924
v -0.054093 -0.010280 -0.097554
v -0.054612 -0.013416 -0.096380
v -0.053173 -0.006496 -0.098425
v -0.053627 -0.008487 -0.097799
v -0.048259 -0.019943 -0.035516
v -0.051878 -0.001075 -0.100286
v -0.054766 -0.050274 -0.026914
v -0.052205 -0.002624 -0.099661
v -0.052866 -0.036011 -0.030098
v -0.051099 -0.000335 -0.099440
v -0.054242 -0.013243 -0.094749
v -0.054565 -0.048154 -0.025158
v -0.052843 -0.034329 -0.027800
v -0.054304 -0.015695 -0.091900
v -0.054630 -0.048585 -0.021735
v -0.053746 -0.040917 -0.027084
v -0.054366 -0.043799 -0.019739
v -0.054033 -0.042565 -0.024720
v -0.054599 -0.046372 -0.017532
v -0.052308 -0.006321 -0.096326
v -0.054851 -0.051831 -0.017158
v -0.054025 -0.040184 -0.021439
v -0.053219 -0.031527 -0.022428
v -0.054249 -0.039184 -0.017331
v -0.052685 -0.008579 -0.094859
v -0.051068 -0.003234 -0.096824
v -0.053929 -0.036429 -0.019414
v -0.053623 -0.039167 -0.025787
v -0.051640 -0.017277 -0.023054
v -0.051246 -0.006192 -0.094174
v -0.054766 -0.043544 -0.010361
v -0.054857 -0.050684 -0.013063
v -0.054484 -0.042639 -0.016127
v -0.053190 -0.011136 -0.093393
v -0.052405 -0.017716 -0.020453
v -0.053719 -0.012572 -0.093429
v -0.053399 -0.035898 -0.024290
v -0.054597 -0.039834 -0.012469
v -0.051971 -0.008645 -0.092988
v -0.050198 -0.001686 -0.096772
v -0.053665 -0.016894 -0.014482
v -0.052178 -0.010870 -0.090842
v -0.050558 -0.004689 -0.094471
v -0.049284 -0.001571 -0.095539
v -0.048607 -0.001778 -0.094409
v -0.049824 -0.004692 -0.093210
v -0.054897 -0.019234 -0.004358
v -0.051144 -0.009434 -0.090234
v -0.050047 -0.007342 -0.090614
v -0.053487 -0.016660 -0.087127
v -0.053659 -0.018572 -0.085054
v -0.047357 -0.008734 -0.084535
v -0.047230 -0.006425 -0.087421
v -0.045239 -0.006183 -0.085370
v -0.050183 -0.008715 -0.089206
v -0.044340 -0.006895 -0.083539
v -0.045715 -0.007911 -0.083604
v -0.038584 -0.000296 -0.087425
v -0.042637 -0.006534 -0.082546
v -0.040170 -0.002089 -0.086355
v -0.038226 -0.002912 -0.084372
v -0.040834 -0.006287 -0.081558
v -0.046526 -0.010278 -0.081141
v -0.045200 -0.009497 -0.080702
v -0.046149 -0.011694 -0.078279
v -0.044586 -0.010974 -0.077523
v -0.047403 0.000027 -0.094629
v -0.038254 -0.004898 -0.081933
v -0.048952 -0.004991 -0.091529
v -0.048246 -0.003416 -0.092264
v -0.054936 -0.051126 -0.007815
v -0.036182 -0.002564 -0.083873
v -0.054885 -0.046859 -0.008091
v -0.047832 -0.004892 -0.090085
v -0.048575 -0.007039 -0.088554
v -0.046988 -0.001649 -0.092578
v -0.045840 -0.000231 -0.092755
v -0.036329 -0.004393 -0.081672
v -0.033002 -0.001652 -0.083708
v -0.054656 -0.024761 -0.081136
v -0.043034 -0.009411 -0.078552
v -0.039366 -0.006473 -0.080358
v -0.029455 -0.000214 -0.084095
v -0.037826 -0.006722 -0.079106
v -0.039217 -0.007883 -0.078072
v -0.042725 -0.010267 -0.076739
v -0.044899 -0.001315 -0.090777
v -0.054168 -0.019388 -0.086251
v -0.051225 -0.023150 -0.067453
v -0.042615 -0.011287 -0.074619
v -0.033325 -0.003202 -0.082030
v -0.053566 -0.021049 -0.080826
v -0.054092 -0.023895 -0.078887
v -0.025342 -0.000279 -0.082919
v -0.044266 0.000340 -0.091873
v -0.046238 -0.003814 -0.089413
v -0.039866 -0.010127 -0.074327
v -0.044529 -0.002905 -0.088720
v -0.048256 -0.017707 -0.069891
v -0.021024 0.000034 -0.082209
v -0.053015 -0.019979 -0.080198
v -0.049936 -0.010909 -0.085763
v -0.045723 -0.004928 -0.087484
v -0.042689 -0.001582 -0.088648
v -0.048740 -0.009664 -0.085370
v -0.043407 -0.002814 -0.087828
v -0.047800 -0.011105 -0.081705
v -0.054570 -0.030443 -0.071434
v -0.047219 -0.013349 -0.076939
v -0.045906 -0.013128 -0.075238
v -0.046702 -0.014467 -0.073784
v -0.035680 -0.005964 -0.079202
v -0.044563 -0.012573 -0.074381
v -0.036059 -0.012462 -0.061911
v -0.003986 0.012581 -0.086949
v -0.014046 0.043976 -0.107944
v -0.012192 0.044086 -0.107358
v -0.006767 0.007249 -0.084784
v -0.043141 0.007753 -0.096925
v -0.035601 0.036563 -0.112506
v -0.010010 0.004270 -0.083488
v -0.034846 0.035997 -0.110898
v -0.007388 0.046853 -0.109210
v -0.047533 0.020325 -0.109574
v -0.012110 0.002525 -0.082610
v -0.013209 0.000873 -0.081562
v -0.022919 0.035223 -0.103165
v -0.020450 0.034992 -0.102072
v -0.049905 0.016287 -0.109629
v -0.039562 0.015219 -0.099075
v -0.001195 0.012558 -0.086785
v -0.044683 0.006488 -0.097203
v -0.018187 0.050467 -0.121732
v -0.006883 0.010196 -0.086173
v -0.003926 0.007981 -0.084901
v -0.041463 0.009524 -0.096941
v -0.048773 0.018470 -0.109767
v -0.010793 0.045972 -0.109073
v -0.009490 0.044966 -0.107504
v -0.025260 0.045312 -0.117018
v -0.032007 0.025500 -0.100544
v -0.041489 0.029632 -0.110791
v -0.039524 0.030646 -0.109571
v -0.041674 0.012498 -0.098846
v -0.036300 0.016308 -0.097882
v -0.013443 0.052098 -0.122051
v -0.039516 0.011468 -0.096957
v -0.053852 0.006112 -0.109898
v -0.001058 0.050961 -0.114590
v -0.054554 0.003916 -0.111077
v -0.006399 0.005046 -0.083589
v -0.018302 0.037389 -0.103221
v -0.019837 0.048922 -0.119433
v -0.033973 0.021143 -0.099190
v -0.013127 0.052792 -0.124185
v -0.037008 0.034350 -0.111052
v -0.038093 0.016178 -0.098758
v -0.019884 0.037919 -0.104252
v -0.050917 0.013873 -0.109248
v -0.015309 0.042122 -0.106455
v -0.053385 0.008705 -0.110672
v -0.001721 0.050169 -0.113211
v -0.015442 0.039472 -0.104028
v -0.004295 0.005862 -0.083886
v -0.015592 0.051613 -0.122522
v -0.051688 0.012848 -0.109981
v -0.046344 0.003642 -0.096568
v -0.020290 0.047805 -0.117445
v -0.007519 0.001971 -0.081753
v -0.028297 0.043148 -0.115842
v -0.039169 0.032868 -0.111761
v -0.044740 0.004587 -0.095867
v -0.047890 0.001120 -0.096137
v -0.026561 0.043335 -0.114646
v -0.029649 0.027009 -0.100335
v -0.006283 0.003358 -0.082585
v -0.024633 0.032216 -0.101573
v -0.046184 0.022835 -0.110036
v -0.001391 0.007770 -0.084696
v -0.030605 0.041186 -0.114624
v -0.032723 0.038902 -0.113004
v -0.002296 0.048811 -0.111104
v -0.044804 0.023820 -0.109066
v -0.004256 0.048785 -0.111281
v -0.016020 0.050665 -0.120222
v -0.027286 0.029808 -0.101031
v -0.043716 0.026115 -0.109898
v -0.030847 0.039607 -0.112351
v -0.029554 0.024561 -0.098953
v -0.052709 0.009614 -0.109443
v -0.000313 0.049515 -0.112094
v -0.001626 0.005799 -0.083753
v -0.034411 0.016634 -0.097133
v -0.022515 0.046023 -0.115941
v -0.023730 0.047069 -0.119112
v -0.013096 0.041858 -0.105397
v -0.002131 0.003994 -0.082747
v -0.027151 0.026427 -0.098975
v -0.049063 0.016496 -0.108372
v -0.031610 0.021157 -0.098104
v -0.009534 0.053323 -0.123086
v 0.000407 0.005854 -0.083763
v -0.004691 0.047086 -0.109022
v -0.009847 0.043271 -0.105816
v -0.003021 0.002394 -0.081783
v -0.046309 0.021319 -0.108738
v -0.003422 0.000951 -0.080779
v -0.024357 0.030391 -0.100267
v -0.045873 0.001885 -0.094698
v -0.020393 0.033245 -0.100790
v -0.041244 0.028087 -0.108876
v -0.007042 0.045384 -0.107410
v -0.037797 0.032336 -0.109552
v -0.028516 0.041554 -0.113379
v -0.051948 0.010681 -0.108512
v -0.040728 0.036550 -0.122517
v -0.039815 0.037011 -0.120780
v -0.034447 0.042441 -0.123624
v -0.038912 0.038457 -0.122862
v -0.035956 0.040046 -0.119709
v -0.037118 0.039905 -0.122144
v -0.034983 0.041518 -0.121774
v -0.028820 0.045940 -0.122911
v -0.026365 0.047124 -0.122461
v -0.036743 0.012301 -0.095967
v -0.027178 0.045747 -0.119978
v -0.049332 0.020571 -0.113478
v -0.029457 0.044322 -0.119528
v -0.023270 0.049691 -0.125987
v -0.022815 0.049189 -0.123524
v -0.021211 0.049242 -0.121665
v -0.041463 0.007324 -0.095510
v -0.039315 0.034139 -0.113755
v -0.047895 0.022325 -0.112483
v -0.027507 0.044624 -0.117874
v -0.049717 0.018352 -0.111509
v -0.047196 0.024130 -0.113409
v -0.048541 0.020551 -0.111620
v -0.030265 0.042517 -0.116671
v -0.046948 0.022670 -0.111091
v -0.045113 0.025460 -0.111207
v -0.050628 0.017568 -0.112803
v -0.008255 0.053939 -0.124720
v -0.042890 0.028904 -0.111878
v -0.050031 0.014161 -0.107875
v -0.047323 0.018799 -0.107859
v -0.043073 0.025208 -0.108251
v -0.054130 0.003392 -0.108849
v -0.029041 0.039897 -0.111367
v -0.048533 0.015693 -0.106916
v -0.052439 0.007905 -0.107390
v -0.033299 0.036546 -0.110205
v -0.053661 0.004498 -0.108055
v -0.041642 0.025588 -0.107076
v -0.045898 0.019172 -0.106441
v -0.044918 0.021895 -0.107508
v -0.050809 0.011254 -0.106807
v -0.049831 0.012586 -0.106316
v -0.047344 0.016628 -0.106151
v -0.051651 0.009366 -0.106865
v -0.054590 0.001348 -0.109452
v -0.053066 0.007164 -0.108336
v -0.053027 0.005338 -0.106956
v -0.037478 0.031055 -0.107933
v -0.039664 0.028604 -0.107728
v -0.038080 0.029162 -0.106780
v -0.048897 0.012290 -0.104890
v -0.043781 0.020293 -0.105127
v -0.036196 0.033548 -0.109275
v -0.031527 0.037552 -0.110115
v -0.052176 0.006265 -0.105768
v -0.049948 0.010225 -0.104843
v -0.041700 0.023345 -0.105416
v -0.043434 0.022545 -0.106441
v -0.041544 0.021306 -0.103907
v -0.035972 0.029907 -0.105717
v -0.039848 0.024099 -0.104425
v -0.037650 0.027216 -0.104926
v -0.038076 0.024744 -0.103565
v -0.027178 0.035847 -0.105637
v -0.026383 0.034378 -0.103953
v -0.024203 0.036742 -0.105033
v -0.026673 0.032542 -0.102639
v -0.043186 0.004377 -0.094523
v -0.012340 0.040543 -0.104012
v -0.016487 0.049678 -0.118240
v -0.015337 0.037700 -0.102535
v -0.002768 0.047107 -0.108837
v -0.000420 0.048252 -0.110231
v -0.007752 0.043921 -0.106001
v -0.039539 0.008084 -0.094902
v -0.029233 0.021300 -0.097179
v -0.024124 0.028405 -0.098984
v -0.044494 0.002402 -0.093931
v -0.011244 0.052436 -0.121356
v -0.015928 0.035797 -0.101263
v -0.004632 0.045472 -0.107121
v -0.020507 0.030824 -0.099254
v -0.032569 0.014837 -0.095407
v -0.010302 0.040750 -0.103669
v -0.000650 0.047061 -0.108667
v -0.012784 0.051281 -0.119235
v -0.041242 0.004960 -0.093674
v -0.006037 0.054144 -0.124180
v -0.022859 0.044782 -0.114129
v -0.024459 0.042998 -0.112546
v -0.037357 0.008866 -0.094257
v -0.035011 0.033791 -0.108483
v -0.011485 0.038473 -0.102138
v -0.006325 0.042347 -0.104271
v -0.004339 0.043934 -0.105486
v -0.033491 0.011822 -0.094219
v -0.024194 0.025556 -0.097455
v -0.043280 0.002267 -0.092852
v -0.002040 0.045518 -0.106931
v -0.026803 0.021873 -0.096530
v -0.019756 0.046700 -0.114987
v -0.017015 0.033456 -0.099947
v -0.007890 0.041343 -0.103670
v -0.016925 0.048552 -0.116259
v -0.039388 0.005267 -0.092834
v -0.020495 0.028497 -0.097879
v -0.035589 0.009880 -0.094033
v -0.013247 0.050297 -0.117250
v -0.003368 0.054542 -0.124913
v -0.011532 0.036441 -0.100683
v -0.033510 0.034686 -0.108244
v -0.009445 0.052416 -0.120124
v -0.041482 0.002765 -0.092042
v -0.007962 0.039361 -0.102119
v -0.028693 0.038787 -0.109692
v -0.016098 0.031396 -0.098402
v -0.031942 0.035632 -0.108143
v -0.028958 0.014258 -0.093673
v -0.037533 0.005989 -0.092411
v -0.013604 0.033921 -0.099427
v -0.023895 0.022277 -0.095710
v -0.025087 0.041268 -0.110566
v -0.039881 0.026313 -0.106034
v 0.000507 0.045376 -0.106716
v -0.035486 0.031855 -0.107002
v -0.054042 0.000179 -0.106676
v -0.042452 0.000690 -0.090803
v -0.007037 0.053195 -0.121189
v -0.000351 0.044001 -0.105295
v -0.002716 0.043018 -0.104481
v -0.003891 0.054116 -0.123174
v -0.051073 0.008343 -0.105217
v -0.020416 0.025991 -0.096497
v -0.042279 0.034787 -0.122325
v -0.035382 0.007538 -0.092467
v -0.044538 0.031861 -0.121734
v -0.005382 0.040632 -0.102727
v -0.017321 0.047235 -0.114176
v -0.045458 0.017565 -0.104836
v -0.047849 0.013074 -0.104240
v -0.053580 0.000828 -0.105673
v -0.033361 0.008550 -0.092262
v -0.043317 0.033068 -0.120534
v -0.038639 0.003586 -0.091083
v -0.018778 0.045547 -0.112470
v -0.017072 0.028862 -0.097166
v -0.048243 0.025716 -0.119761
v -0.000596 0.043248 -0.104602
v -0.045479 0.030034 -0.119946
v -0.031383 0.011082 -0.092953
v -0.003406 0.041503 -0.103233
v -0.013681 0.049169 -0.115263
v -0.039990 0.001446 -0.089933
v -0.041465 0.035120 -0.120264
v -0.033680 0.032822 -0.106558
v -0.000814 0.054682 -0.125090
v -0.026623 0.015793 -0.093576
v -0.047145 0.027279 -0.119125
v -0.026652 0.039401 -0.109169
v -0.008005 0.036617 -0.100217
v -0.028211 0.037285 -0.107658
v -0.052403 0.003073 -0.104312
v -0.030302 0.045406 -0.124124
v -0.053024 0.001753 -0.104828
v -0.020339 0.022758 -0.094845
v -0.040777 0.000332 -0.089331
v -0.049994 0.022118 -0.118652
v -0.004763 0.053332 -0.120710
v -0.038614 0.038067 -0.120534
v -0.004501 0.038764 -0.101265
v -0.010110 0.051277 -0.117611
v -0.001026 0.041365 -0.102986
v -0.035356 0.005302 -0.090874
v -0.032461 0.043683 -0.122989
v -0.009029 0.034299 -0.098856
v -0.002228 0.040215 -0.102143
v -0.046104 0.028520 -0.118305
v -0.044262 0.031139 -0.118509
v -0.021200 0.043265 -0.110806
v -0.028714 0.010490 -0.091618
v -0.046398 0.014543 -0.103753
v -0.048645 0.024212 -0.117716
v -0.011527 0.031708 -0.097661
v -0.042777 0.033174 -0.119036
v -0.016976 0.025265 -0.095202
v -0.007620 0.052359 -0.119067
v -0.051010 0.019671 -0.117862
v -0.051653 0.004025 -0.103519
v -0.013523 0.029163 -0.096546
v -0.023460 0.014424 -0.091860
v -0.037786 0.001821 -0.089106
v -0.001194 0.054214 -0.123011
v -0.005383 0.035677 -0.099316
v -0.031986 0.033283 -0.105902
v -0.033140 0.042561 -0.120916
v -0.037680 0.038365 -0.119042
v -0.030134 0.008043 -0.090690
v -0.049978 0.004972 -0.101629
v -0.014082 0.047845 -0.113189
v -0.041337 0.034593 -0.118483
v -0.029492 0.035646 -0.106689
v -0.035444 0.003845 -0.089770
v -0.049846 0.021411 -0.116469
v -0.039237 0.036833 -0.118762
v -0.030854 0.044457 -0.122126
v -0.047367 0.025878 -0.116731
v -0.042806 0.018029 -0.102838
v -0.051730 0.017524 -0.116778
v -0.044542 0.030166 -0.117142
v -0.002229 0.053486 -0.120597
v -0.032315 0.006172 -0.090269
v -0.000998 0.038325 -0.100776
v -0.042699 0.032440 -0.117071
v -0.022533 0.041240 -0.109008
v -0.026401 0.011871 -0.091543
v -0.035926 0.002138 -0.088533
v -0.008096 0.051503 -0.117186
v -0.002954 0.036887 -0.099926
v -0.050846 0.004663 -0.102645
v -0.013166 0.025805 -0.094645
v -0.033031 0.030873 -0.104544
v -0.010677 0.049935 -0.115092
v -0.044696 0.016070 -0.103185
v -0.046088 0.027688 -0.116487
v -0.018441 0.020477 -0.093230
v -0.032379 0.004687 -0.089222
v -0.005204 0.052562 -0.118695
v -0.017871 0.044873 -0.110973
v -0.007862 0.030785 -0.096599
v -0.019516 0.013847 -0.090410
v -0.048877 0.006694 -0.101370
v -0.052582 0.000484 -0.102951
v -0.049029 0.022425 -0.115546
v -0.034375 0.040839 -0.118713
v -0.009866 0.029317 -0.096019
v -0.044909 0.028757 -0.115394
v -0.050618 0.019155 -0.115165
v -0.052662 0.014605 -0.115762
v -0.035519 0.027788 -0.103874
v -0.046463 0.010682 -0.101417
v -0.033232 0.002092 -0.087427
v -0.040296 0.035074 -0.117113
v -0.051811 0.001825 -0.102355
v -0.031389 0.043297 -0.119854
v -0.035809 0.000258 -0.086709
v -0.029529 0.033774 -0.104973
v -0.043533 0.030426 -0.115179
v -0.014309 0.022954 -0.093429
v -0.023833 0.038756 -0.106842
v -0.039221 0.035782 -0.116391
v -0.032518 0.003299 -0.088188
v -0.046923 0.025657 -0.115097
v -0.039745 0.021831 -0.102907
v -0.036918 0.038166 -0.117111
v -0.014973 0.019843 -0.092062
v -0.002647 0.033113 -0.097584
v -0.025426 0.008860 -0.089563
v -0.027391 0.006808 -0.088962
v -0.014402 0.046588 -0.111453
v -0.047777 0.008156 -0.101098
v -0.005317 0.030539 -0.096220
v -0.005639 0.051725 -0.116821
v 0.000842 0.053715 -0.121201
v -0.041814 0.032619 -0.115477
v -0.010297 0.025604 -0.094047
v -0.045688 0.026887 -0.114133
v -0.008667 0.050163 -0.114661
v -0.048126 0.023369 -0.114526
v -0.023250 0.010281 -0.089679
v -0.036382 0.025335 -0.102831
v -0.027268 0.005237 -0.087886
v -0.017162 0.043775 -0.109152
v -0.051577 0.016435 -0.114180
v -0.053141 0.012474 -0.114499
v -0.051030 0.002189 -0.101248
v -0.041246 0.017876 -0.101614
v -0.032804 0.000603 -0.085948
v -0.032337 0.041689 -0.117523
v -0.032967 0.028660 -0.102947
v -0.020515 0.012432 -0.090000
v -0.019659 0.041972 -0.108313
v -0.007749 0.025626 -0.093711
v -0.014636 0.045459 -0.110015
v -0.037311 0.022833 -0.101906
v -0.002679 0.052631 -0.118329
v -0.049119 0.004671 -0.100307
v -0.011238 0.048254 -0.112455
v -0.027197 0.003905 -0.086911
v -0.034848 0.039472 -0.116519
v -0.019666 0.050663 -0.124069
v -0.010951 0.020624 -0.091621
v -0.016179 0.013010 -0.089158
v -0.040914 0.032987 -0.114489
v -0.043856 0.011743 -0.099913
v -0.037975 0.036234 -0.115131
v -0.027229 0.002747 -0.086036
v -0.000948 0.030094 -0.095768
v -0.003338 0.028105 -0.094711
v -0.024280 0.047672 -0.121177
v -0.042586 0.030623 -0.113706
v -0.006008 0.050886 -0.115189
v -0.029716 0.031545 -0.103297
v -0.023036 0.006463 -0.087410
v -0.039612 0.018840 -0.101087
v -0.004173 0.025514 -0.093326
v -0.000512 0.052812 -0.118599
v -0.027293 0.001417 -0.084955
v -0.034190 0.025972 -0.101939
v -0.017304 0.051676 -0.124637
v -0.035931 0.037996 -0.115262
v -0.052232 0.013935 -0.112872
v -0.020356 0.008727 -0.088015
v -0.003124 0.051783 -0.116421
v -0.044182 0.027933 -0.112714
v -0.020058 0.039970 -0.106293
v -0.047766 0.005574 -0.099397
v -0.045979 0.025329 -0.112560
v -0.007235 0.020887 -0.091205
v -0.006383 0.050016 -0.113677
v -0.017868 0.008974 -0.087531
v -0.053362 0.010444 -0.112581
v -0.009234 0.048481 -0.112025
v -0.004955 0.023111 -0.092114
v -0.044651 0.008560 -0.098556
v -0.049955 0.001107 -0.098796
v -0.017238 0.042409 -0.107600
v -0.046318 0.006671 -0.098731
v -0.032775 0.040301 -0.115385
v -0.001013 0.025556 -0.093230
v -0.023157 0.003472 -0.085433
v -0.013597 0.012279 -0.088239
v -0.011842 0.012860 -0.088157
v -0.037033 0.020154 -0.100263
v -0.010551 0.047113 -0.110490
v -0.040999 0.031622 -0.112607
v -0.051131 0.015415 -0.111393
v -0.019233 0.006250 -0.086283
v -0.015893 0.008905 -0.087044
v -0.007511 0.017130 -0.089411
v -0.014264 0.009509 -0.087020
v -0.036880 0.036102 -0.113349
v -0.000948 0.051767 -0.116185
v -0.009505 0.015895 -0.089140
v -0.023248 0.001189 -0.083679
v -0.020263 0.038771 -0.105198
v -0.029649 0.029315 -0.101734
v -0.034378 0.023379 -0.100565
v -0.003655 0.050459 -0.113901
v -0.048897 0.001639 -0.097800
v -0.019225 0.004036 -0.084866
v -0.002912 0.020617 -0.090705
v -0.006819 0.048678 -0.111607
v -0.004369 0.018318 -0.089655
v -0.054052 0.007475 -0.112141
v -0.052458 0.011834 -0.110991
v -0.000645 0.020629 -0.090642
v -0.005260 0.015608 -0.088441
v -0.014801 0.004744 -0.084453
v -0.019268 0.002032 -0.083446
v -0.034363 0.038315 -0.113815
v -0.014238 0.006585 -0.085451
v -0.047801 0.003371 -0.097838
v -0.009375 0.010739 -0.086761
v -0.010189 0.008565 -0.085840
v -0.016779 0.040563 -0.105500
v -0.015786 0.003309 -0.083704
v -0.001691 0.017084 -0.088918
v -0.010118 0.006153 -0.084582
v -0.002571 0.013348 -0.087199
v -0.015786 0.001191 -0.082177
v -0.013734 -0.107409 0.044211
v -0.017235 -0.107358 0.043000
v -0.016534 -0.107913 0.042896
v -0.012540 -0.107899 0.044236
v -0.011406 -0.107403 0.044869
v -0.013973 -0.107959 0.043763
v -0.010763 -0.107956 0.044662
v -0.009142 -0.107395 0.045388
v -0.008742 -0.107928 0.045121
v -0.006313 -0.107294 0.045914
v -0.004598 -0.107315 0.046109
v -0.002527 -0.107321 0.046262
v -0.039947 -0.107507 0.023316
v -0.039150 -0.107336 0.024777
v -0.037723 -0.107642 0.026609
v -0.037623 -0.107364 0.027027
v -0.036480 -0.107746 0.028170
v -0.036014 -0.107386 0.029106
v -0.020124 -0.107318 0.041739
v -0.046216 -0.107344 0.003449
v -0.045948 -0.107369 0.005950
v -0.045603 -0.107367 0.008217
v -0.045106 -0.107335 0.010667
v -0.044434 -0.107372 0.013131
v -0.038702 -0.108017 0.024655
v -0.039067 -0.107674 0.024561
v -0.043642 -0.107372 0.015557
v -0.046308 -0.107378 0.001205
v -0.046073 -0.107797 0.000696
v -0.042836 -0.107514 0.017459
v -0.042071 -0.107357 0.019412
v -0.041004 -0.107467 0.021454
v -0.045934 -0.107763 0.003936
v -0.041515 -0.107990 0.019642
v 0.000183 -0.107387 0.046303
v -0.034360 -0.107387 0.031039
v -0.034075 -0.107923 0.030849
v -0.032622 -0.107387 0.032857
v -0.032521 -0.107949 0.032456
v -0.030747 -0.107537 0.034518
v -0.028812 -0.107537 0.036147
v -0.026301 -0.107377 0.038116
v -0.026016 -0.108104 0.037737
v -0.022888 -0.107480 0.040205
v -0.051237 0.020050 -0.192000
v -0.000467 -0.055011 -0.192000
v -0.005348 -0.054756 -0.192000
v -0.049562 0.023857 -0.192000
v -0.009944 -0.054100 -0.192000
v -0.047682 0.027448 -0.192000
v -0.014971 -0.052940 -0.192000
v -0.045520 0.030878 -0.192000
v -0.042894 0.034469 -0.192000
v -0.019898 -0.051268 -0.192000
v -0.038946 0.038868 -0.192000
v -0.024411 -0.049284 -0.192000
v -0.035329 0.042168 -0.192000
v -0.028500 -0.047015 -0.192000
v -0.031467 0.045135 -0.192000
v -0.031975 -0.044726 -0.192000
v -0.035809 -0.041724 -0.192000
v -0.025982 0.048519 -0.192000
v -0.039334 -0.038404 -0.192000
v -0.019634 0.051415 -0.192000
v -0.041855 -0.035632 -0.192000
v -0.044648 -0.032095 -0.192000
v -0.013700 0.053288 -0.192000
v -0.009640 0.054155 -0.192000
v -0.048041 -0.026790 -0.192000
v -0.005220 0.054775 -0.192000
v -0.051106 -0.020362 -0.192000
v -0.053140 -0.014224 -0.192000
v -0.054182 -0.009477 -0.192000
v -0.054798 -0.004900 -0.192000
v -0.054996 -0.000947 -0.192000
v -0.054482 0.007657 -0.192000
v -0.053739 0.011737 -0.192000
v 0.045446 -0.002893 -0.192000
v 0.019706 -0.051335 -0.192000
v 0.016241 -0.052547 -0.192000
v 0.050134 -0.022646 -0.192000
v 0.045701 -0.003172 -0.192000
v 0.023575 -0.049688 -0.192000
v 0.047256 -0.028115 -0.192000
v 0.028413 -0.047083 -0.192000
v 0.045435 0.002879 -0.192000
v 0.042429 0.035005 -0.192000
v 0.052480 0.016527 -0.192000
v 0.045707 0.003175 -0.192000
v 0.023181 0.049893 -0.192000
v 0.018287 0.051893 -0.192000
v 0.013334 0.053377 -0.192000
v 0.008582 0.054339 -0.192000
v 0.003590 0.054906 -0.192000
v 0.044093 -0.032853 -0.192000
v 0.033149 -0.043874 -0.192000
v 0.040529 -0.037153 -0.192000
v 0.037080 -0.040587 -0.192000
v 0.053921 0.010927 -0.192000
v 0.049679 0.003474 -0.192000
v 0.050561 0.021705 -0.192000
v 0.048002 0.026882 -0.192000
v 0.054678 0.005990 -0.191999
v 0.054972 0.001957 -0.192000
v 0.049823 -0.000197 -0.192000
v 0.044959 0.031711 -0.192000
v 0.054945 -0.002573 -0.192000
v 0.004493 -0.054836 -0.192000
v 0.049679 -0.003474 -0.192000
v 0.054748 -0.005265 -0.192000
v 0.054376 -0.008253 -0.192000
v 0.010686 -0.053984 -0.192000
v 0.053869 -0.011073 -0.192000
v 0.039913 0.037859 -0.192000
v 0.036466 0.041198 -0.192000
v 0.053099 -0.014296 -0.192000
v 0.032425 0.044450 -0.192000
v 0.027812 0.047467 -0.192000
v 0.052312 -0.016959 -0.192000
v 0.031853 -0.000503 -0.044828
v 0.037161 -0.000500 -0.040570
v 0.045832 -0.000500 -0.030413
v 0.040045 -0.000500 -0.037712
v 0.044247 -0.000500 -0.032676
v 0.054931 -0.000500 -0.002975
v 0.003772 -0.000503 -0.054876
v 0.007634 -0.000500 -0.054478
v 0.054607 -0.000500 -0.006608
v 0.054165 -0.000500 -0.009570
v 0.010999 -0.000500 -0.053894
v 0.053647 -0.000500 -0.012147
v 0.053062 -0.000500 -0.014482
v 0.052156 -0.000500 -0.017474
v 0.013831 -0.000500 -0.053239
v 0.016671 -0.000500 -0.052419
v 0.019392 -0.000500 -0.051474
v 0.051152 -0.000500 -0.020225
v 0.022047 -0.000500 -0.050394
v 0.050044 -0.000500 -0.022828
v 0.048815 -0.000500 -0.025351
v 0.024545 -0.000500 -0.049224
v 0.027011 -0.000500 -0.047917
v 0.029543 -0.000500 -0.046399
v 0.047387 -0.000500 -0.027929
v 0.034064 -0.000502 -0.043185
v 0.042338 -0.000500 -0.035120
v 0.054393 0.008157 -0.191999
v 0.045656 0.030675 -0.180404
v 0.053789 0.011492 -0.183243
v 0.049665 0.023635 -0.182459
v 0.054156 -0.009581 -0.188227
v 0.053564 -0.012459 -0.186119
v 0.053467 0.012898 -0.177622
v 0.052447 -0.016566 -0.179006
v 0.051566 -0.019085 -0.184726
v 0.054849 0.004087 -0.183262
v 0.054992 0.000998 -0.187002
v 0.054994 -0.000997 -0.187002
v 0.054387 -0.008233 -0.180585
v 0.053788 -0.011481 -0.182641
v 0.050596 -0.021521 -0.184166
v 0.049584 -0.023768 -0.182688
v 0.048108 -0.026608 -0.183926
v 0.047166 -0.028241 -0.184141
v 0.045604 -0.030704 -0.184272
v 0.044119 -0.032791 -0.184469
v 0.039386 -0.038350 -0.183856
v 0.036273 -0.041309 -0.183591
v 0.034721 -0.042621 -0.183278
v 0.031038 -0.045385 -0.182357
v 0.027773 -0.047445 -0.185101
v 0.025087 -0.048922 -0.185495
v 0.007010 -0.054551 -0.180957
v 0.005849 -0.054691 -0.177912
v 0.009960 0.054092 -0.177066
v 0.012071 0.053665 -0.181492
v 0.055000 0.000000 -0.189994
v 0.014714 0.052999 -0.182634
v 0.017531 0.052133 -0.180332
v 0.025902 0.048521 -0.183739
v 0.027604 0.047575 -0.179852
v 0.029554 0.046391 -0.180916
v 0.033683 0.043483 -0.180204
v 0.037704 0.040049 -0.182114
v 0.041642 0.035937 -0.181767
v 0.043938 0.033089 -0.184251
v 0.008323 -0.107333 0.045574
v 0.005904 -0.106820 0.046162
v 0.027339 -0.107363 0.037381
v 0.026548 -0.106800 0.038225
v 0.025152 -0.107520 0.038795
v 0.025897 -0.107737 0.038136
v 0.024721 -0.106832 0.039420
v 0.003509 -0.107368 0.046175
v 0.006035 -0.107386 0.045905
v 0.002465 -0.106808 0.046488
v 0.023833 -0.107369 0.039707
v 0.023489 -0.106772 0.040192
v 0.021353 -0.107388 0.041088
v 0.022093 -0.106783 0.040970
v 0.020541 -0.106771 0.041779
v 0.019133 -0.107369 0.042180
v 0.012943 -0.106775 0.044726
v 0.046235 -0.107372 0.003018
v 0.046451 -0.106896 0.002506
v 0.046322 -0.106898 0.004303
v 0.013398 -0.107339 0.044348
v 0.045882 -0.107582 0.005685
v 0.046046 -0.106927 0.006580
v 0.045681 -0.107364 0.007771
v 0.011260 -0.107357 0.044928
v 0.045429 -0.106968 0.009991
v 0.010868 -0.106702 0.045296
v 0.009806 -0.107474 0.045201
v 0.009104 -0.106842 0.045635
v 0.044633 -0.107365 0.012445
v 0.041938 -0.107350 0.019709
v 0.042248 -0.106835 0.019528
v 0.042922 -0.107281 0.017569
v 0.041063 -0.106806 0.021916
v 0.040774 -0.107360 0.021998
v 0.040269 -0.106940 0.023255
v 0.039849 -0.107364 0.023620
v 0.038958 -0.107096 0.025280
v 0.046513 -0.106902 0.000324
v 0.036779 -0.106668 0.028575
v 0.037851 -0.107108 0.026892
v 0.037948 -0.106649 0.027003
v 0.037837 -0.107426 0.026669
v 0.036380 -0.107377 0.028658
v 0.035762 -0.106846 0.029752
v 0.035295 -0.107400 0.029959
v 0.034666 -0.106849 0.031023
v 0.034071 -0.107395 0.031351
v 0.033264 -0.106887 0.032500
v 0.032778 -0.107404 0.032687
v 0.031468 -0.107416 0.033943
v 0.044770 -0.106784 0.012801
v 0.028495 -0.106820 0.036786
v 0.028711 -0.107400 0.036310
v 0.044123 -0.106811 0.014840
v 0.030012 -0.107411 0.035239
v 0.022085 -0.107748 0.040460
v 0.016257 -0.106734 0.043639
v 0.016031 -0.107357 0.043456
v 0.032872 -0.107579 -0.032489
v 0.032639 -0.107046 -0.033162
v 0.045033 -0.107513 -0.010524
v 0.030991 -0.107533 -0.034337
v 0.031520 -0.106982 -0.034279
v 0.044779 -0.107141 -0.012275
v 0.044406 -0.106580 -0.014184
v 0.044562 -0.107576 -0.012222
v 0.044231 -0.107138 -0.014112
v 0.029547 -0.107607 -0.035526
v 0.029842 -0.106959 -0.035780
v 0.043853 -0.107243 -0.015108
v 0.046386 -0.107192 -0.001543
v 0.042924 -0.107618 -0.017035
v 0.046229 -0.107272 -0.003652
v 0.043153 -0.106908 -0.017404
v 0.042488 -0.106874 -0.018996
v 0.045755 -0.107039 -0.008103
v 0.042450 -0.107403 -0.018479
v 0.045401 -0.106695 -0.010393
v 0.045451 -0.107025 -0.009668
v 0.041308 -0.107716 -0.020513
v 0.041429 -0.106705 -0.021335
v 0.040303 -0.106904 -0.023277
v 0.040018 -0.107529 -0.023155
v 0.041257 -0.107032 -0.021428
v 0.039391 -0.106856 -0.024837
v 0.038469 -0.106916 -0.026206
v 0.038696 -0.107539 -0.025293
v 0.037372 -0.106929 -0.027758
v 0.037537 -0.107506 -0.027021
v 0.035871 -0.106916 -0.029701
v 0.046292 -0.106910 -0.004533
v 0.036292 -0.107418 -0.028763
v 0.045902 -0.107415 -0.006067
v 0.034038 -0.106992 -0.031751
v 0.034768 -0.107404 -0.030606
v 0.045436 -0.107363 -0.009034
v 0.028381 -0.107127 -0.036854
v 0.026998 -0.107102 -0.037906
v 0.022691 -0.107240 -0.040554
v 0.020953 -0.107214 -0.041511
v 0.015887 -0.107272 -0.043668
v 0.039467 -0.107418 -0.024198
v 0.006100 -0.107465 -0.045952
v 0.003121 -0.107050 -0.046530
v 0.045526 -0.107727 -0.007345
v 0.019336 0.047665 -0.116385
v 0.011855 0.035644 -0.100204
v 0.040805 0.000667 -0.089677
v 0.040652 0.002675 -0.091459
v 0.008083 0.039568 -0.102297
v 0.010506 0.052777 -0.121891
v 0.020263 0.024824 -0.095849
v 0.054418 0.001528 -0.108828
v 0.054748 -0.000545 -0.109168
v 0.034971 0.010458 -0.094105
v 0.053209 0.006158 -0.107958
v 0.036979 0.031909 -0.108307
v 0.032580 0.010686 -0.093216
v 0.017854 0.027561 -0.096637
v 0.050686 0.012818 -0.107855
v 0.001326 0.041706 -0.103270
v 0.045586 0.020333 -0.107008
v 0.046946 0.019577 -0.108040
v 0.016933 0.030073 -0.097829
v 0.014099 0.032677 -0.098748
v 0.053748 0.005354 -0.108941
v 0.004042 0.040258 -0.102298
v 0.004353 0.041511 -0.103318
v 0.014304 0.050748 -0.119028
v 0.037856 0.003807 -0.090860
v 0.038999 0.029447 -0.107856
v 0.033983 0.035425 -0.109420
v 0.035915 0.034344 -0.109903
v 0.029409 0.012402 -0.092892
v 0.007251 0.053858 -0.123692
v 0.008035 0.035801 -0.099680
v 0.008199 0.037983 -0.101168
v 0.036792 0.006134 -0.092152
v 0.025058 0.041902 -0.111401
v 0.028797 0.040716 -0.112342
v 0.034763 0.006542 -0.091523
v 0.022880 0.021328 -0.094931
v 0.011104 0.051892 -0.119705
v 0.049539 0.013822 -0.106836
v 0.048712 0.016277 -0.107647
v 0.014129 0.029174 -0.096667
v 0.045354 0.022295 -0.108372
v 0.027867 0.016206 -0.094221
v 0.047532 0.017086 -0.106728
v 0.035200 0.033580 -0.108430
v 0.017886 0.049279 -0.118490
v 0.043890 0.023381 -0.107587
v 0.038422 0.001987 -0.089574
v 0.031855 0.036884 -0.109524
v 0.032708 0.037351 -0.110766
v 0.042106 0.025773 -0.107692
v 0.011489 0.031748 -0.097676
v 0.050771 0.010674 -0.106324
v 0.051629 0.010379 -0.107589
v 0.004025 0.038866 -0.101294
v 0.043897 0.021275 -0.105945
v 0.042432 0.023636 -0.106300
v 0.004271 0.054735 -0.126265
v 0.006634 0.054510 -0.126378
v 0.023338 0.045002 -0.114844
v 0.025532 0.042983 -0.113299
v 0.052811 0.005998 -0.106881
v 0.015910 0.049085 -0.116553
v 0.007552 0.053106 -0.121145
v 0.020656 0.045618 -0.113849
v 0.039782 0.026953 -0.106436
v 0.028839 0.039273 -0.110389
v 0.030637 0.039685 -0.112301
v 0.053723 0.003438 -0.107564
v 0.048303 0.014279 -0.105575
v 0.019364 0.021215 -0.093826
v 0.046866 0.016026 -0.105195
v 0.032469 0.006931 -0.090856
v 0.052152 0.007139 -0.106272
v 0.054315 -0.000543 -0.107206
v 0.029394 0.010084 -0.091629
v 0.025007 0.014107 -0.092205
v 0.037188 0.029805 -0.106569
v 0.050076 0.010282 -0.105035
v 0.039576 0.000002 -0.088267
v 0.003994 0.054103 -0.123133
v 0.034839 0.004392 -0.089956
v 0.053858 0.000471 -0.106256
v 0.001254 0.054917 -0.126482
v 0.005105 0.035960 -0.099478
v 0.016714 0.024034 -0.094516
v 0.000758 0.039560 -0.101621
v 0.011745 0.050764 -0.117337
v 0.009046 0.031825 -0.097356
v 0.022176 0.043821 -0.112199
v 0.035947 0.002385 -0.088762
v 0.033519 0.033840 -0.107398
v 0.001875 0.037789 -0.100453
v 0.030189 0.036750 -0.108250
v 0.045392 0.018617 -0.105504
v 0.032345 0.035500 -0.108283
v 0.035604 0.031377 -0.106660
v 0.048932 0.011419 -0.104360
v 0.016090 0.048102 -0.114843
v 0.001486 0.054609 -0.124772
v 0.041533 0.023316 -0.105241
v 0.051169 0.008335 -0.105362
v 0.029298 0.007371 -0.089983
v 0.037124 0.000475 -0.087496
v 0.033047 0.004196 -0.089105
v 0.005980 0.031867 -0.097042
v 0.053137 0.001214 -0.104767
v 0.013823 0.024233 -0.093966
v 0.020595 0.014514 -0.091035
v 0.034354 0.032402 -0.106656
v 0.025589 0.010745 -0.090665
v 0.008261 0.052185 -0.118896
v 0.011272 0.026811 -0.094845
v 0.018703 0.045019 -0.111658
v 0.002930 0.033747 -0.097982
v 0.033599 0.001692 -0.087216
v 0.044363 0.017802 -0.103987
v 0.037495 0.028044 -0.105423
v 0.022289 0.012020 -0.090305
v 0.034469 0.000239 -0.086164
v 0.016338 0.047151 -0.113403
v 0.046032 0.014942 -0.103660
v 0.005476 0.053296 -0.120849
v 0.047621 0.012545 -0.103675
v 0.052541 0.002679 -0.104346
v 0.023592 0.041215 -0.109591
v 0.029383 0.005219 -0.088574
v 0.031904 0.003035 -0.087777
v 0.039112 0.025260 -0.104655
v 0.016283 0.019423 -0.092182
v 0.007898 0.026864 -0.094392
v 0.025339 0.007929 -0.088995
v 0.000635 0.033692 -0.097890
v 0.051702 0.003623 -0.103356
v 0.025968 0.038704 -0.107950
v 0.008920 0.051148 -0.116736
v 0.030650 0.034699 -0.106413
v 0.001019 0.054168 -0.122823
v 0.039940 0.022726 -0.103588
v 0.043047 0.018595 -0.103382
v 0.003399 0.053382 -0.120499
v 0.050724 0.004582 -0.102409
v 0.013391 0.019335 -0.091478
v 0.027764 0.003425 -0.086736
v 0.032219 0.032899 -0.105712
v 0.033181 0.031097 -0.104808
v 0.002038 0.029406 -0.095393
v 0.010918 0.021811 -0.092206
v 0.035346 0.029268 -0.104804
v 0.025213 0.005704 -0.087557
v 0.018825 0.012487 -0.089566
v 0.013004 0.049393 -0.115300
v 0.043438 0.033727 -0.123915
v 0.004409 0.027018 -0.094164
v 0.041057 0.036497 -0.123960
v 0.039533 0.038174 -0.124459
v 0.044839 0.031341 -0.121305
v 0.044943 0.031630 -0.123027
v 0.022176 0.008341 -0.088288
v 0.039048 0.038373 -0.123020
v 0.036291 0.041328 -0.125411
v 0.047227 0.028156 -0.122458
v 0.042464 0.034525 -0.122057
v 0.046360 0.029104 -0.121019
v 0.037051 0.026407 -0.103949
v 0.036943 0.040307 -0.123119
v 0.034803 0.042513 -0.125250
v 0.005247 0.052501 -0.118535
v 0.047517 0.027008 -0.119992
v 0.048616 0.025675 -0.121762
v 0.015702 0.046386 -0.111869
v 0.019160 0.042951 -0.109210
v 0.028269 0.001402 -0.085236
v 0.042012 0.018526 -0.102540
v 0.026554 0.036683 -0.106119
v 0.035552 0.041462 -0.123156
v 0.049052 0.024164 -0.119346
v 0.049363 0.024101 -0.120896
v 0.007566 0.021853 -0.091724
v 0.049823 0.005950 -0.102044
v 0.010260 0.049559 -0.114212
v 0.015952 0.012652 -0.088935
v 0.040930 0.036133 -0.121714
v 0.033752 0.043044 -0.124001
v 0.031147 0.045243 -0.125618
v 0.029663 -0.000767 -0.083614
v 0.023010 0.039530 -0.107262
v 0.039852 0.036983 -0.120816
v 0.042050 0.034351 -0.119926
v 0.050406 0.021826 -0.120126
v 0.044929 0.012494 -0.101210
v 0.047631 0.026266 -0.118519
v 0.044632 0.030854 -0.119016
v 0.018769 0.008676 -0.087576
v 0.045908 0.029055 -0.118902
v 0.043505 0.032545 -0.119708
v 0.012812 0.048054 -0.112858
v 0.051919 0.000376 -0.101495
v 0.026902 -0.000083 -0.083501
v 0.022896 0.005449 -0.086725
v 0.030250 0.032953 -0.104651
v 0.030874 0.044987 -0.123882
v 0.039456 0.021057 -0.102244
v 0.048807 0.006614 -0.101230
v 0.038429 0.038360 -0.120909
v 0.005546 0.051793 -0.116944
v 0.002564 0.024324 -0.092611
v 0.010675 0.017340 -0.090013
v 0.028003 0.047192 -0.125670
v 0.013122 0.012451 -0.088219
v 0.023740 0.002772 -0.085057
v 0.051391 0.019379 -0.119261
v 0.034634 0.027609 -0.103200
v 0.050582 0.020397 -0.117403
v 0.046198 0.008820 -0.100025
v 0.037117 0.024082 -0.102524
v 0.033882 0.042355 -0.121845
v 0.004611 0.021896 -0.091460
v 0.040637 0.035549 -0.119034
v 0.001782 0.052894 -0.118865
v 0.015263 0.045144 -0.109918
v 0.036236 0.040348 -0.121186
v 0.020095 0.005713 -0.086167
v 0.043786 0.012582 -0.100367
v 0.048350 0.024271 -0.116745
v 0.000626 0.024222 -0.092511
v 0.023987 0.001360 -0.084001
v 0.024866 0.048958 -0.126097
v 0.021132 0.003334 -0.084809
v 0.019775 0.041146 -0.107428
v 0.051692 0.017501 -0.116522
v 0.052331 0.016592 -0.117998
v 0.049857 0.021358 -0.116396
v 0.008054 0.016370 -0.089133
v 0.015677 0.008942 -0.087022
v 0.038420 0.037835 -0.119374
v 0.049613 0.003275 -0.099964
v 0.005992 0.051058 -0.115510
v 0.031961 0.029791 -0.103183
v 0.045414 0.028740 -0.116636
v 0.042673 0.032819 -0.117856
v 0.041110 0.016989 -0.101019
v 0.050750 0.001029 -0.099943
v 0.036944 0.039252 -0.119745
v 0.047523 0.006532 -0.099807
v 0.016950 0.005954 -0.085609
v 0.040896 0.034543 -0.117301
v 0.026184 0.047584 -0.123584
v 0.046751 0.026632 -0.116353
v 0.010231 0.009883 -0.086498
v 0.005148 0.018028 -0.089576
v 0.021851 -0.000495 -0.081899
v 0.013036 0.046324 -0.110429
v 0.035361 0.040302 -0.119177
v 0.039314 0.036334 -0.117764
v 0.012780 0.009144 -0.086558
v 0.002086 0.019116 -0.089916
v 0.053140 0.013926 -0.117225
v 0.026373 0.034691 -0.104208
v 0.010354 0.048093 -0.111833
v 0.023031 0.037971 -0.105665
v 0.042155 0.032783 -0.116509
v 0.037617 0.020949 -0.101034
v 0.020560 0.001436 -0.083260
v 0.031707 0.043676 -0.121385
v 0.001683 0.052125 -0.116991
v 0.015866 0.043470 -0.108157
v 0.028291 0.032605 -0.103421
v 0.048585 0.003870 -0.099117
v 0.028394 0.046052 -0.122521
v 0.016759 0.003285 -0.083854
v 0.019547 -0.000468 -0.081468
v 0.034766 0.024467 -0.101377
v 0.005905 0.014211 -0.087868
v 0.033647 0.041528 -0.119151
v 0.007695 0.050126 -0.114257
v 0.032207 0.027905 -0.102072
v 0.023715 0.048933 -0.124037
v 0.015625 0.004689 -0.084576
v 0.047759 0.023992 -0.114532
v 0.039487 0.017320 -0.100173
v 0.029595 0.030490 -0.102492
v 0.044677 0.028879 -0.115082
v 0.012681 0.006216 -0.084991
v 0.028781 0.045211 -0.120790
v 0.049333 0.021338 -0.114649
v 0.016663 0.001514 -0.082564
v 0.019304 0.039971 -0.105959
v 0.021500 0.050515 -0.126226
v 0.020826 0.050394 -0.124713
v 0.003525 0.013550 -0.087345
v 0.023232 0.036606 -0.104477
v 0.043802 0.031076 -0.117023
v 0.053048 0.013283 -0.115422
v 0.051058 0.017882 -0.114636
v 0.006801 0.009180 -0.085698
v 0.000136 0.017032 -0.088865
v 0.037467 0.037822 -0.117361
v 0.002236 0.051181 -0.115075
v 0.016745 0.000349 -0.081659
v 0.053894 0.010650 -0.115821
v 0.001623 0.014828 -0.087844
v 0.041344 0.033047 -0.115354
v 0.004339 0.050220 -0.113584
v 0.039441 0.035398 -0.116082
v 0.009958 0.006266 -0.084633
v 0.012666 0.003923 -0.083613
v 0.018496 0.051688 -0.126255
v 0.042969 0.031091 -0.115158
v 0.042246 0.010380 -0.097984
v 0.007939 0.049109 -0.112598
v 0.046191 0.026417 -0.114550
v 0.008585 0.047875 -0.110915
v 0.052387 0.014580 -0.114455
v 0.035162 0.021340 -0.099885
v 0.010377 0.046324 -0.109381
v 0.044756 0.008601 -0.098666
v 0.012812 0.044942 -0.108579
v 0.029652 0.044125 -0.119349
v 0.019734 0.038543 -0.104765
v 0.011497 0.002256 -0.082342
v 0.032098 0.042131 -0.118150
v 0.048285 0.022333 -0.113370
v 0.034078 0.040229 -0.116922
v 0.043235 0.029989 -0.113919
v 0.037231 0.018143 -0.099319
v 0.006574 0.006312 -0.084287
v 0.003409 0.007446 -0.084627
v 0.050098 0.019112 -0.113467
v 0.001218 0.011438 -0.086289
v 0.009884 0.003960 -0.083288
v 0.045818 0.005946 -0.097768
v 0.025177 0.047300 -0.121323
v 0.049636 0.000227 -0.097612
v 0.053565 0.011092 -0.114553
v 0.011567 0.000591 -0.081118
v 0.021173 0.049748 -0.123074
v 0.039801 0.034193 -0.114604
v 0.017437 0.051740 -0.125047
v 0.026603 0.031258 -0.101697
v 0.029631 0.028238 -0.101056
v 0.016010 0.041384 -0.105989
v 0.004668 0.049269 -0.112073
v 0.041488 0.031873 -0.113702
v 0.023359 0.035020 -0.103186
v 0.031819 0.025735 -0.100595
v 0.052079 0.014259 -0.112756
v 0.006476 0.003997 -0.082987
v 0.036073 0.038256 -0.115941
v 0.019908 0.037173 -0.103619
v 0.001575 0.007656 -0.084654
v 0.024807 0.033199 -0.102354
v 0.040552 0.010954 -0.097267
v 0.053035 0.011899 -0.113161
v 0.045081 0.026937 -0.112991
v 0.047578 0.002993 -0.097318
v 0.006489 0.001812 -0.081575
v 0.054523 0.006762 -0.113999
v 0.002970 0.005516 -0.083635
v 0.038372 0.013975 -0.097729
v 0.013384 0.043394 -0.107042
v 0.001932 0.003925 -0.082704
v 0.033107 0.022578 -0.099511
v 0.048622 0.000023 -0.096103
v 0.051236 0.016040 -0.112510
v 0.015003 0.052814 -0.126377
v 0.006347 -0.000345 -0.079920
v 0.038081 0.035910 -0.114712
v 0.026828 0.045208 -0.118350
v 0.006106 0.047748 -0.110122
v 0.003182 0.001790 -0.081386
v 0.043738 0.008295 -0.097701
v 0.001030 0.050209 -0.113240
v 0.021343 0.049091 -0.121404
v 0.000219 0.002305 -0.081661
v 0.002953 -0.000160 -0.079916
v 0.049136 0.019951 -0.112169
v 0.008182 0.046763 -0.109305
v 0.017950 0.050818 -0.122511
v 0.010846 0.044015 -0.106846
v 0.000320 0.001133 -0.080850
v 0.046194 0.002939 -0.095879
v 0.053920 0.008588 -0.112830
v 0.046765 0.024281 -0.112704
v 0.026626 0.028735 -0.100099
v 0.029483 0.025848 -0.099615
v 0.050453 0.016907 -0.111497
v 0.020616 0.034760 -0.101945
v 0.043948 0.027629 -0.111929
v 0.012495 0.053456 -0.126325
v 0.029098 0.043660 -0.117644
v 0.004154 0.047835 -0.109920
v 0.036361 0.036888 -0.113942
v 0.032525 0.040448 -0.115361
v 0.022221 0.048162 -0.120042
v 0.041553 0.030862 -0.112395
v 0.014023 0.052531 -0.124067
v 0.030379 0.042211 -0.116210
v 0.051533 0.013908 -0.110723
v 0.024228 0.046880 -0.119227
v 0.047201 0.021912 -0.110684
v 0.015587 0.039049 -0.103704
v 0.044575 0.025044 -0.109970
v 0.022586 0.047068 -0.118001
v 0.051018 0.014357 -0.109949
v 0.013859 0.041781 -0.105589
v 0.048334 0.020596 -0.111266
v 0.049402 0.017982 -0.110428
v 0.047983 0.019284 -0.109256
v 0.001221 0.048991 -0.111304
v 0.045963 0.023992 -0.110924
v 0.029469 0.041565 -0.114181
v 0.040642 0.030342 -0.110536
v 0.042580 0.028368 -0.110798
v 0.042283 0.027098 -0.109096
v 0.052325 0.011631 -0.110375
v 0.051757 0.011791 -0.109103
v 0.054807 0.003615 -0.112362
v 0.049722 0.015934 -0.108933
v 0.054348 0.003959 -0.110111
v 0.034348 0.038361 -0.113866
v 0.032319 0.039310 -0.113235
v 0.022462 0.031752 -0.100468
v 0.040623 0.028702 -0.108802
v 0.039442 0.032146 -0.111198
v 0.052995 0.008569 -0.109285
v 0.053874 0.006798 -0.110623
v 0.046185 0.022100 -0.109305
v 0.032993 0.019180 -0.097746
v 0.052141 0.009723 -0.108139
v 0.039282 0.033492 -0.112775
v 0.038363 0.031792 -0.109541
v 0.054897 0.001290 -0.111044
v 0.047644 0.000365 -0.095204
v 0.034399 0.036615 -0.111307
v 0.043682 0.005395 -0.095651
v 0.030087 0.022403 -0.098065
v 0.053229 0.009871 -0.111368
v 0.044777 0.003939 -0.095410
v 0.035355 0.014986 -0.096741
v 0.014048 0.040369 -0.104366
v 0.042200 0.007299 -0.095965
v 0.008930 0.045200 -0.107618
v 0.005430 0.046229 -0.108083
v 0.001974 0.047815 -0.109685
v 0.037433 0.034987 -0.112432
v 0.026453 0.026324 -0.098664
v 0.054362 0.005907 -0.112019
v 0.007636 0.044274 -0.106325
v 0.010944 0.042182 -0.105075
v 0.016960 0.036628 -0.102183
v 0.013909 0.037823 -0.102240
v 0.014569 0.035355 -0.100607
v 0.011505 0.039994 -0.103337
v 0.008725 0.041656 -0.104092
v 0.011360 0.038358 -0.102033
v 0.037890 0.010710 -0.095630
v 0.035727 0.036154 -0.112048
v 0.039730 0.008016 -0.094942
v 0.027112 0.043733 -0.115795
v 0.023389 0.029315 -0.099271
v 0.014695 0.051585 -0.121564
v 0.046455 0.000073 -0.093666
v 0.017818 0.034322 -0.100752
v 0.042236 0.004775 -0.094174
v 0.044889 0.001277 -0.093281
v 0.043607 0.002864 -0.093618
v 0.017146 0.050137 -0.119870
v 0.008749 0.054226 -0.126487
v 0.027768 0.022582 -0.097234
v 0.002091 0.046234 -0.107740
v 0.037315 0.034027 -0.111005
v 0.004024 0.045186 -0.106742
v 0.043567 0.025626 -0.109232
v 0.017965 0.032341 -0.099472
v 0.009854 0.053557 -0.124266
v 0.005697 0.043723 -0.105450
v 0.040546 0.005249 -0.093481
v 0.022959 0.046122 -0.116498
v 0.022346 0.027042 -0.097635
v 0.031646 0.014902 -0.095042
v 0.020022 0.029722 -0.098446
v 0.024832 0.023053 -0.096396
v 0.036507 0.008747 -0.093764
v 0.042359 0.002192 -0.092134
v 0.043891 -0.000901 -0.090332
v 0.006940 0.041400 -0.103560
v 0.042986 0.000463 -0.090967
v 0.038735 0.005697 -0.092807
v 0.002673 0.044007 -0.105410
v 0.003808 0.042419 -0.104025
v 0.054911 -0.007856 -0.104436
v 0.010970 -0.064888 0.053822
v 0.008229 -0.064905 0.054306
v 0.054916 -0.015550 -0.096950
v 0.054899 -0.013863 -0.097623
v 0.004050 -0.064906 0.054778
v 0.003242 0.054909 -0.127475
v 0.054878 -0.023281 -0.086678
v 0.054901 -0.021673 -0.087408
v 0.006286 0.054647 -0.127414
v 0.054911 -0.026619 -0.080224
v 0.054848 -0.030109 -0.076451
v 0.008799 0.054294 -0.127446
v 0.054907 -0.034556 -0.067416
v 0.011389 0.053813 -0.127405
v 0.054833 -0.035250 -0.067892
v 0.014728 0.053002 -0.127341
v 0.054830 -0.040339 -0.058305
v 0.018090 0.051946 -0.127290
v 0.054888 -0.042528 -0.051932
v 0.020133 0.051183 -0.127213
v 0.054836 -0.044365 -0.049823
v 0.022092 0.050373 -0.127126
v 0.054844 -0.047506 -0.042462
v 0.025097 0.048951 -0.127031
v 0.054912 -0.047382 -0.040429
v 0.028022 0.047332 -0.126836
v 0.054945 -0.051003 -0.030510
v 0.054864 -0.051870 -0.030837
v 0.030523 0.045760 -0.126593
v 0.032579 0.044316 -0.126511
v 0.034287 0.043010 -0.126255
v 0.054974 -0.054059 -0.020672
v 0.054894 -0.055244 -0.019941
v 0.037437 0.040300 -0.125965
v 0.054901 -0.056949 -0.013681
v 0.039473 0.038311 -0.125474
v 0.054997 -0.057749 -0.005692
v 0.054914 -0.058907 -0.005411
v 0.041464 0.036144 -0.125104
v 0.054926 -0.060147 0.001013
v 0.045386 0.031071 -0.123924
v 0.054254 -0.061427 0.008580
v 0.052378 -0.062495 0.016547
v 0.050429 0.021996 -0.121262
v 0.051544 -0.062792 0.018983
v 0.052228 0.017308 -0.119603
v 0.053449 0.013000 -0.117840
v 0.054314 0.008771 -0.116051
v 0.041784 -0.064372 0.035629
v 0.039689 -0.064454 0.037962
v 0.054786 0.004897 -0.114139
v 0.055001 0.001230 -0.112332
v 0.032869 -0.064677 0.044017
v 0.030007 -0.064773 0.046001
v 0.026457 -0.064818 0.048132
v 0.054994 -0.001499 -0.110751
v 0.024086 -0.064846 0.049361
v 0.054914 -0.004382 -0.107502
v 0.021566 -0.064881 0.050513
v 0.018874 -0.064886 0.051580
v 0.054958 -0.007799 -0.105928
v 0.052931 -0.029506 -0.023085
v 0.053242 -0.033219 -0.023420
v 0.016724 -0.009410 -0.065055
v 0.011196 -0.008944 -0.066613
v 0.006034 -0.008826 -0.066741
v 0.006114 -0.008332 -0.068377
v 0.045144 -0.019582 -0.048197
v 0.053945 -0.037381 -0.019967
v 0.049277 -0.024983 -0.055141
v 0.049493 -0.026195 -0.052587
v 0.042421 -0.016611 -0.049522
v 0.054223 -0.042894 -0.021623
v 0.040318 -0.014303 -0.047092
v 0.051179 -0.015293 -0.081924
v 0.039878 -0.013389 -0.045557
v 0.050603 -0.029437 -0.038711
v 0.051310 -0.030841 -0.035656
v 0.054813 -0.051268 -0.018403
v 0.054909 -0.052023 -0.011380
v 0.053507 -0.039659 -0.045011
v 0.054243 -0.042434 -0.045588
v 0.019456 -0.005321 -0.075815
v 0.053443 -0.021874 -0.078900
v 0.049823 -0.014216 -0.080416
v 0.050627 -0.029676 -0.049040
v 0.050049 -0.012243 -0.084040
v 0.048715 -0.012322 -0.081342
v 0.053512 -0.031134 -0.020060
v 0.052152 -0.017049 -0.081889
v 0.051998 -0.020011 -0.076328
v 0.052854 -0.021422 -0.077097
v 0.050015 -0.015441 -0.027005
v 0.053170 -0.037076 -0.049236
v 0.047394 -0.011114 -0.081062
v 0.049760 -0.011948 -0.025588
v 0.053544 -0.025691 -0.017601
v 0.053991 -0.026236 -0.074479
v 0.054594 -0.046953 -0.018509
v 0.050573 -0.017786 -0.026791
v 0.051834 -0.019706 -0.023487
v 0.052738 -0.021280 -0.020454
v 0.054045 -0.033378 -0.016590
v 0.051019 -0.017694 -0.077358
v 0.054781 -0.047131 -0.012396
v 0.054536 -0.040484 -0.013675
v 0.054139 -0.043278 -0.041390
v 0.053258 -0.039436 -0.041720
v 0.053662 -0.020202 -0.015413
v 0.052324 -0.035677 -0.043179
v 0.054857 -0.039517 -0.007136
v 0.054403 -0.027151 -0.011436
v 0.054447 -0.036049 -0.013058
v 0.054929 -0.027107 -0.003957
v 0.054288 -0.016591 -0.010599
v 0.054777 -0.023232 -0.006636
v 0.054583 -0.017412 -0.008313
v 0.049702 -0.016285 -0.076459
v 0.054686 -0.012132 -0.006226
v 0.054550 -0.023578 -0.082226
v 0.054146 -0.022510 -0.081445
v 0.053897 -0.020149 -0.083781
v 0.042055 -0.001524 -0.088248
v 0.040865 -0.001914 -0.086989
v 0.039190 -0.001754 -0.086185
v 0.043241 -0.007241 -0.082071
v 0.041343 -0.007150 -0.080697
v 0.054509 -0.029269 -0.072897
v 0.040504 -0.004916 -0.083172
v 0.049446 -0.027149 -0.043626
v 0.050038 -0.028671 -0.046149
v 0.050541 -0.030025 -0.043158
v 0.052500 -0.024663 -0.069766
v 0.042725 -0.008308 -0.080056
v 0.053855 -0.027562 -0.071461
v 0.038605 -0.005271 -0.081597
v 0.051946 -0.034439 -0.039988
v 0.039287 -0.006544 -0.080179
v 0.038823 -0.003355 -0.084150
v 0.036693 -0.004312 -0.081933
v 0.053333 -0.025179 -0.072762
v 0.048722 -0.025398 -0.043743
v 0.051818 -0.022331 -0.071335
v 0.048799 -0.025143 -0.041796
v 0.047605 -0.023161 -0.044658
v 0.033597 -0.002649 -0.082798
v 0.033797 -0.001239 -0.084432
v 0.036140 -0.002837 -0.083524
v 0.041630 -0.008982 -0.078013
v 0.049723 -0.017845 -0.073446
v 0.043301 -0.010443 -0.077039
v 0.039280 -0.007706 -0.078403
v 0.048088 -0.014049 -0.077203
v 0.030506 -0.002264 -0.082261
v 0.050801 -0.020009 -0.072312
v 0.042137 -0.010146 -0.076402
v 0.049415 -0.019585 -0.068813
v 0.048526 -0.016479 -0.073302
v 0.037461 -0.006795 -0.078788
v 0.030189 -0.003921 -0.080153
v 0.032680 -0.004249 -0.080482
v 0.033626 -0.005359 -0.079272
v 0.047563 -0.016023 -0.072127
v 0.028159 -0.002852 -0.080933
v 0.046389 -0.012599 -0.076998
v 0.046255 -0.013639 -0.074723
v 0.053105 -0.027995 -0.066675
v 0.052370 -0.027623 -0.063751
v 0.024695 -0.001344 -0.081715
v 0.033276 -0.006732 -0.076978
v 0.047395 -0.017128 -0.035068
v 0.048311 -0.019432 -0.034812
v 0.049084 -0.020997 -0.033871
v 0.042107 -0.011531 -0.073521
v 0.043668 -0.012107 -0.074143
v 0.039910 -0.009879 -0.074894
v 0.054489 -0.034127 -0.064637
v 0.046685 -0.015241 -0.072033
v 0.048246 -0.016204 -0.032106
v 0.053659 -0.030194 -0.065904
v 0.051614 -0.025101 -0.065147
v 0.029472 -0.005270 -0.078054
v 0.041124 -0.011416 -0.072672
v 0.034335 -0.007182 -0.076649
v 0.050486 -0.022772 -0.065383
v 0.042019 -0.012658 -0.070654
v 0.046477 -0.016356 -0.068809
v 0.040941 -0.012055 -0.070857
v 0.045328 -0.013639 -0.073209
v 0.018355 -0.002131 -0.079632
v 0.042575 -0.013535 -0.069022
v 0.023304 -0.002403 -0.080293
v 0.029614 -0.006153 -0.076702
v 0.045422 -0.014770 -0.070667
v 0.053922 -0.033215 -0.062331
v 0.033220 -0.008392 -0.073826
v 0.014090 -0.001085 -0.080018
v 0.025565 -0.005004 -0.077458
v 0.054425 -0.037374 -0.058363
v 0.037699 -0.010425 -0.071861
v 0.039065 -0.011556 -0.070075
v 0.029173 -0.007255 -0.074590
v 0.025730 -0.006716 -0.074664
v 0.043875 -0.014724 -0.067789
v 0.024919 -0.005825 -0.076035
v 0.050161 -0.024096 -0.061275
v 0.036031 -0.011049 -0.068604
v 0.052980 -0.030152 -0.062258
v 0.052869 -0.032518 -0.057305
v 0.041164 -0.013480 -0.066793
v 0.048367 -0.019418 -0.066047
v 0.046623 -0.018774 -0.062266
v 0.030482 -0.008439 -0.072537
v 0.012250 -0.002187 -0.078742
v 0.020177 -0.003711 -0.078162
v 0.016704 -0.004003 -0.077243
v 0.054974 -0.049084 -0.004359
v 0.034453 -0.010207 -0.069946
v 0.037305 -0.011569 -0.068106
v 0.039275 -0.012382 -0.067738
v 0.053420 -0.035521 -0.054871
v 0.042932 -0.014819 -0.065475
v 0.013038 -0.003017 -0.077939
v 0.048381 -0.021649 -0.060273
v 0.047273 -0.020043 -0.060619
v 0.029656 -0.009346 -0.069738
v 0.032365 -0.009444 -0.070856
v 0.009293 -0.001440 -0.079175
v 0.051132 -0.025870 -0.061574
v 0.032646 -0.010290 -0.068375
v 0.052094 -0.030874 -0.056154
v 0.039072 -0.012915 -0.065366
v 0.019394 -0.006501 -0.073839
v 0.021846 -0.007223 -0.072840
v 0.036990 -0.011975 -0.066145
v 0.006604 -0.003583 -0.076783
v 0.011725 -0.004529 -0.075960
v 0.041033 -0.014074 -0.064166
v 0.014821 -0.005185 -0.075373
v 0.054149 -0.040849 -0.048722
v 0.024388 -0.008244 -0.071030
v 0.042538 -0.015409 -0.062112
v 0.017033 -0.005997 -0.074383
v 0.030990 -0.010360 -0.066949
v 0.025824 -0.008828 -0.069827
v 0.044520 -0.002652 -0.089000
v 0.043475 -0.002774 -0.087941
v 0.044351 -0.016372 -0.063429
v 0.044952 -0.017065 -0.062628
v 0.045025 -0.004189 -0.087660
v 0.045166 -0.018441 -0.058125
v 0.019891 -0.007876 -0.071019
v 0.014683 -0.007786 -0.070522
v 0.042245 -0.003785 -0.085745
v 0.046508 -0.019999 -0.057752
v 0.035247 -0.011876 -0.064125
v 0.044300 -0.005895 -0.084824
v 0.007383 -0.005180 -0.074743
v 0.042355 -0.005341 -0.083891
v 0.054047 -0.038886 -0.052427
v 0.005054 -0.003046 -0.077300
v 0.044157 -0.017179 -0.059535
v 0.040281 -0.003178 -0.085174
v 0.039987 -0.014250 -0.060391
v 0.037086 -0.012640 -0.062993
v 0.039592 -0.013711 -0.062475
v 0.009679 -0.006437 -0.072867
v 0.024353 -0.009359 -0.067532
v 0.027771 -0.009710 -0.067593
v 0.015116 -0.006950 -0.072412
v 0.036478 -0.001157 -0.085531
v 0.048236 -0.022919 -0.055968
v 0.034458 -0.012025 -0.061546
v 0.051762 -0.032546 -0.049563
v 0.015482 -0.008414 -0.068906
v 0.037944 -0.013377 -0.059937
v 0.009181 -0.007152 -0.071463
v 0.042735 -0.016437 -0.057336
v 0.043132 -0.016292 -0.059831
v 0.054568 -0.003304 -0.106331
v 0.035734 -0.012532 -0.060251
v 0.039822 -0.014528 -0.057300
v 0.040326 -0.014569 -0.059376
v 0.044253 -0.017729 -0.057332
v 0.043021 -0.016958 -0.055358
v 0.005801 -0.007733 -0.069969
v 0.054640 -0.006237 -0.104288
v 0.023917 -0.009754 -0.065575
v 0.026476 -0.010242 -0.064202
v 0.003945 -0.006814 -0.071871
v 0.054302 -0.005475 -0.103344
v 0.038210 -0.013653 -0.058140
v 0.054051 -0.003185 -0.104271
v 0.051983 -0.033928 -0.046811
v 0.053629 -0.003070 -0.102969
v 0.021239 -0.009864 -0.063478
v 0.044755 -0.011945 -0.075902
v 0.045419 -0.019475 -0.054559
v 0.046797 -0.021102 -0.054975
v 0.054660 -0.009676 -0.100931
v 0.030384 -0.011261 -0.059627
v 0.031739 -0.011328 -0.062039
v 0.020558 -0.009537 -0.065426
v 0.030620 -0.011030 -0.062811
v 0.053184 -0.001540 -0.102888
v 0.036523 -0.005747 -0.079908
v 0.036047 -0.012818 -0.057587
v 0.050879 -0.030920 -0.045592
v 0.054397 -0.008495 -0.100831
v 0.053986 -0.007106 -0.100520
v 0.041168 -0.015534 -0.055426
v 0.053735 -0.005671 -0.101000
v 0.013729 -0.008754 -0.067602
v 0.027430 -0.010653 -0.061802
v 0.038909 -0.008848 -0.076162
v 0.033061 -0.011854 -0.059206
v 0.054647 -0.013518 -0.096434
v 0.044019 -0.018087 -0.053861
v 0.052892 -0.004316 -0.099770
v 0.025010 -0.010383 -0.061487
v 0.044955 -0.019203 -0.052832
v 0.052562 -0.001896 -0.101085
v 0.054122 -0.012438 -0.095196
v 0.047360 -0.018107 -0.066410
v 0.029845 -0.011195 -0.057184
v 0.039762 -0.014679 -0.054555
v 0.038485 -0.013934 -0.055585
v 0.039119 -0.010774 -0.072249
v 0.041693 -0.016049 -0.053270
v 0.046103 -0.017104 -0.065808
v 0.046079 -0.020789 -0.051369
v 0.045364 -0.015835 -0.067697
v 0.024987 -0.010477 -0.059264
v 0.044435 -0.018785 -0.049978
v 0.046535 -0.021602 -0.049199
v 0.053732 -0.009654 -0.096865
v 0.018610 -0.009798 -0.062593
v 0.042155 -0.016477 -0.051304
v 0.043464 -0.017698 -0.051062
v 0.015443 -0.009731 -0.060872
v 0.053225 -0.006623 -0.098464
v 0.020889 -0.010039 -0.061086
v 0.019129 -0.009942 -0.059408
v 0.032170 -0.011675 -0.056229
v 0.008809 -0.009277 -0.064666
v 0.011536 -0.009528 -0.062779
v 0.014962 -0.009520 -0.063731
v 0.052030 -0.002487 -0.099382
v 0.021936 -0.010145 -0.058287
v 0.044278 -0.015528 -0.066146
v 0.051877 -0.005784 -0.095925
v 0.040952 -0.015484 -0.051258
v 0.051010 -0.002199 -0.097668
v 0.052649 -0.008798 -0.094510
v 0.052493 -0.006887 -0.096191
v 0.047535 -0.023160 -0.049895
v 0.051212 -0.004584 -0.095776
v 0.035392 -0.012584 -0.054352
v 0.033980 -0.012159 -0.055540
v 0.046957 -0.022255 -0.047623
v 0.048196 -0.024524 -0.046483
v 0.050740 -0.005068 -0.094388
v 0.025750 -0.010517 -0.056636
v 0.027603 -0.010829 -0.058930
v 0.050153 -0.003128 -0.095353
v 0.049554 -0.001911 -0.095596
v 0.049452 -0.004684 -0.092637
v 0.048149 -0.002695 -0.092899
v 0.049779 -0.006444 -0.091180
v 0.043738 -0.017920 -0.048833
v 0.036752 -0.013086 -0.053101
v 0.031902 -0.011489 -0.053931
v 0.048228 -0.005286 -0.090172
v 0.050814 -0.008606 -0.090540
v 0.038368 -0.013887 -0.052914
v 0.048805 -0.006663 -0.089392
v 0.045803 -0.001185 -0.091789
v 0.046828 -0.004318 -0.089499
v 0.027936 -0.010713 -0.054581
v 0.046224 -0.002753 -0.090574
v 0.036277 -0.012681 -0.051096
v 0.051646 -0.033424 -0.042946
v 0.029920 -0.010943 -0.053024
v 0.037836 -0.013415 -0.050697
v 0.048011 -0.007810 -0.086720
v 0.046792 -0.006207 -0.087139
v 0.045676 -0.020031 -0.046028
v 0.047404 -0.008795 -0.084530
v 0.039500 -0.014434 -0.050910
v 0.054532 -0.046086 -0.038191
v 0.051208 -0.031956 -0.041083
v 0.031879 -0.011247 -0.051745
v 0.048586 -0.010114 -0.084449
v 0.045538 -0.006601 -0.085173
v 0.053227 -0.039610 -0.038928
v 0.054345 -0.045486 -0.036178
v 0.037699 -0.013032 -0.049017
v 0.054346 -0.016846 -0.090606
v 0.050999 -0.027784 -0.056917
v 0.046614 -0.021472 -0.045483
v 0.044433 -0.018429 -0.046741
v 0.034619 -0.012186 -0.052582
v 0.039339 -0.014035 -0.048854
v 0.042007 -0.015952 -0.047760
v 0.053378 -0.011714 -0.093293
v 0.044992 -0.018676 -0.044796
v 0.040895 -0.015289 -0.049450
v 0.046443 -0.007948 -0.084421
v 0.050115 -0.028616 -0.041521
v 0.052929 -0.038178 -0.035614
v 0.033961 -0.011657 -0.050346
v 0.053752 -0.042349 -0.034801
v 0.054572 -0.019005 -0.088912
v 0.010995 -0.003890 -0.076717
v 0.047847 -0.022674 -0.041244
v 0.033838 -0.010927 -0.066948
v 0.042846 -0.016123 -0.045286
v 0.041565 -0.014871 -0.045512
v 0.035442 -0.012115 -0.049916
v 0.052543 -0.036611 -0.037265
v 0.051692 -0.033052 -0.037328
v 0.043364 -0.017200 -0.047062
v 0.038987 -0.013427 -0.047458
v 0.047131 -0.021532 -0.042264
v 0.050251 -0.026648 -0.055778
v 0.054334 -0.046150 -0.031182
v 0.045836 -0.009438 -0.081549
v 0.046384 -0.020598 -0.043678
v 0.045744 -0.019096 -0.042713
v 0.001658 -0.001398 -0.078833
v 0.043680 -0.016902 -0.044710
v 0.035913 -0.011868 -0.048095
v 0.049199 -0.025476 -0.039777
v 0.044513 -0.007583 -0.082785
v 0.037474 -0.012523 -0.047610
v 0.053782 -0.015352 -0.090064
v 0.044653 -0.017730 -0.043503
v 0.033687 -0.011293 -0.065109
v 0.052522 -0.035587 -0.033440
v 0.046384 -0.018918 -0.040052
v 0.045212 -0.017240 -0.040860
v 0.048506 -0.022901 -0.038445
v 0.038576 -0.011797 -0.044265
v 0.037773 -0.012054 -0.045868
v 0.041765 -0.013977 -0.043160
v 0.042765 -0.014811 -0.042641
v 0.047930 -0.020631 -0.037373
v 0.047194 -0.020226 -0.039423
v 0.053099 -0.038211 -0.031674
v 0.053722 -0.041947 -0.031298
v 0.040540 -0.012843 -0.043251
v 0.051061 -0.028818 -0.033870
v 0.049697 -0.025351 -0.036615
v 0.028364 -0.010209 -0.065743
v 0.044207 -0.009096 -0.080241
v 0.052434 -0.012172 -0.089901
v 0.041410 -0.012443 -0.041215
v 0.030083 -0.010685 -0.064553
v 0.043740 -0.014189 -0.039712
v 0.043931 -0.016255 -0.042555
v 0.048704 -0.021311 -0.035506
v 0.047026 -0.018404 -0.037455
v 0.054603 -0.048619 -0.027063
v 0.052138 -0.032881 -0.032010
v 0.042024 -0.012165 -0.039892
v 0.044843 -0.014998 -0.038564
v 0.054246 -0.045179 -0.026661
v 0.049542 -0.023927 -0.035346
v 0.048037 -0.023508 -0.052726
v 0.043445 -0.012613 -0.038211
v 0.045714 -0.010935 -0.079007
v 0.051714 -0.029335 -0.030362
v 0.053629 -0.039988 -0.027006
v 0.046027 -0.016627 -0.037918
v 0.045621 -0.014132 -0.036005
v 0.045196 -0.012843 -0.035456
v 0.050047 -0.023908 -0.033198
v 0.051503 -0.030442 -0.053534
v 0.044668 -0.010480 -0.078488
v 0.053023 -0.013596 -0.089738
v 0.050923 -0.026255 -0.031515
v 0.050790 -0.022102 -0.028732
v 0.046802 -0.013068 -0.032650
v 0.046793 -0.015059 -0.034482
v 0.054607 -0.048373 -0.021977
v 0.049982 -0.021039 -0.030841
v 0.051484 -0.024506 -0.027511
v 0.052299 -0.028953 -0.026595
v 0.051865 -0.009879 -0.091298
v 0.048084 -0.013521 -0.030351
v 0.047040 -0.022071 -0.052072
v 0.052187 -0.024600 -0.024374
v 0.048877 -0.012857 -0.028127
v 0.050848 -0.029159 -0.052612
v 0.051150 -0.017811 -0.024962
v 0.053546 -0.018320 -0.084984
v 0.051998 -0.012905 -0.019763
v 0.048935 -0.025723 -0.049937
v 0.053934 -0.027815 -0.015547
v 0.052627 -0.012986 -0.017622
v 0.053253 -0.013447 -0.015293
v 0.053533 -0.013288 -0.013946
v 0.051614 -0.011571 -0.088554
v 0.053933 -0.012587 -0.011681
v 0.049342 -0.026920 -0.047396
v 0.054954 -0.012498 -0.002488
v 0.053034 -0.017357 -0.084443
v 0.051163 -0.021228 -0.071082
v 0.044155 -0.013734 -0.071059
v 0.039739 -0.014679 -0.052719
v 0.052343 -0.015066 -0.085567
v 0.036839 -0.007817 -0.076759
v 0.036963 -0.013217 -0.056091
v 0.050344 -0.010250 -0.087505
v 0.035646 -0.008088 -0.075615
v 0.049316 -0.008621 -0.087785
v 0.024824 -0.003701 -0.079082
v 0.049008 -0.020775 -0.064715
v 0.036498 -0.009251 -0.073728
v 0.035312 -0.009933 -0.071311
v 0.049157 -0.022635 -0.060743
v 0.003907 -0.009378 -0.063618
v 0.026734 -0.007882 -0.072553
v 0.051356 -0.013454 -0.085230
v 0.021620 -0.008710 -0.069034
v 0.041692 -0.015434 -0.059091
v 0.018711 -0.009090 -0.067021
v 0.003937 -0.002173 -0.078158
v 0.052619 -0.033191 -0.028298
v 0.053337 -0.035840 -0.024903
v 0.049292 -0.018818 -0.031361
v 0.051131 -0.013140 -0.022563
v 0.007261 -0.006788 -0.056301
v 0.008987 -0.006002 -0.055462
v 0.011042 -0.006605 -0.055424
v 0.003769 -0.005302 -0.055831
v 0.002758 -0.004376 -0.055502
v 0.001833 -0.004883 -0.055757
v 0.005369 -0.004682 -0.055405
v 0.004401 -0.003510 -0.055131
v 0.012958 -0.005611 -0.054421
v 0.025154 -0.010268 -0.055334
v 0.024904 -0.009972 -0.054335
v 0.005848 -0.005519 -0.055706
v 0.017823 -0.008050 -0.054678
v 0.015619 -0.007796 -0.055195
v 0.006530 -0.006186 -0.055989
v 0.014926 -0.007292 -0.054940
v 0.017320 -0.008431 -0.055364
v 0.024776 -0.009597 -0.053468
v 0.021567 -0.009073 -0.054424
v 0.020207 -0.008601 -0.054348
v 0.019893 -0.008053 -0.053822
v 0.001497 -0.002903 -0.055135
v 0.022428 -0.009500 -0.054807
v 0.013844 -0.006432 -0.054623
v 0.027410 -0.010280 -0.053130
v 0.002664 -0.003492 -0.055233
v 0.018560 -0.007479 -0.053834
v 0.015867 -0.006724 -0.054217
v 0.009043 -0.005086 -0.055019
v 0.008273 -0.004265 -0.054861
v 0.025033 -0.009292 -0.052718
v 0.027469 -0.010046 -0.052387
v 0.005953 -0.003691 -0.055018
v 0.028131 -0.010572 -0.053506
v 0.021702 -0.008065 -0.052997
v 0.010790 -0.004625 -0.054510
v 0.009049 -0.003448 -0.054541
v 0.029627 -0.010426 -0.051285
v 0.015665 -0.005897 -0.053785
v 0.023157 -0.008414 -0.052626
v 0.004422 -0.002483 -0.054943
v 0.013560 -0.004238 -0.053771
v 0.013708 -0.004910 -0.053936
v 0.022347 -0.007389 -0.052118
v 0.006519 -0.001996 -0.054680
v 0.030808 -0.010907 -0.051547
v 0.008019 -0.002308 -0.054510
v 0.022991 -0.008853 -0.053295
v 0.018508 -0.006598 -0.053201
v 0.017939 -0.005169 -0.052722
v 0.011588 -0.002237 -0.053863
v 0.016282 -0.004548 -0.053066
v 0.027836 -0.009576 -0.051143
v 0.024186 -0.008022 -0.051662
v 0.033133 -0.011225 -0.049804
v 0.026052 -0.008126 -0.050640
v 0.025418 -0.008744 -0.051675
v 0.004161 -0.001481 -0.054873
v 0.011131 -0.001613 -0.053903
v 0.031332 -0.010473 -0.049672
v 0.019513 -0.004492 -0.051920
v 0.028242 -0.008142 -0.049197
v 0.028272 -0.008692 -0.049666
v 0.014211 -0.002039 -0.053204
v 0.034203 -0.011273 -0.048652
v 0.020738 -0.005523 -0.051790
v 0.029652 -0.009639 -0.049718
v 0.031620 -0.009998 -0.048595
v 0.013022 -0.003377 -0.053709
v 0.033614 -0.010624 -0.047891
v 0.020572 -0.006563 -0.052354
v 0.021610 -0.004797 -0.051158
v 0.022535 -0.003564 -0.050447
v 0.016874 -0.002001 -0.052411
v 0.027717 -0.008998 -0.050419
v 0.030296 -0.009028 -0.048469
v 0.023492 -0.005137 -0.050390
v 0.032950 -0.009893 -0.047388
v 0.018737 -0.001576 -0.051749
v 0.022065 -0.006325 -0.051567
v 0.035761 -0.011465 -0.047263
v 0.035284 -0.010820 -0.046609
v 0.026407 -0.007432 -0.049911
v 0.023413 -0.006577 -0.051045
v 0.020171 -0.002002 -0.051231
v 0.033801 -0.009049 -0.045866
v 0.016913 -0.003290 -0.052585
v 0.025068 -0.005177 -0.049601
v 0.025307 -0.004202 -0.049214
v 0.022301 -0.001928 -0.050332
v 0.034497 -0.010024 -0.046265
v 0.026754 -0.004474 -0.048471
v 0.027476 -0.005816 -0.048436
v 0.037065 -0.011003 -0.044921
v 0.025291 -0.006555 -0.050038
v 0.023757 -0.001536 -0.049637
v 0.035388 -0.008968 -0.044482
v 0.024998 -0.002927 -0.049150
v 0.029058 -0.005072 -0.047219
v 0.036059 -0.010040 -0.044821
v 0.020297 -0.003265 -0.051352
v 0.025788 -0.001497 -0.048610
v 0.030458 -0.004420 -0.046159
v 0.027565 -0.001938 -0.047642
v 0.026942 -0.006713 -0.049146
v 0.031856 -0.005850 -0.045571
v 0.030596 -0.007520 -0.047159
v 0.036964 -0.009070 -0.043042
v 0.036157 -0.008164 -0.043236
v 0.037808 -0.010300 -0.043218
v 0.032545 -0.004951 -0.044828
v 0.038420 -0.009497 -0.041847
v 0.029472 -0.001917 -0.046486
v 0.033347 -0.003938 -0.044019
v 0.028926 -0.006588 -0.047820
v 0.031403 -0.002891 -0.045292
v 0.032830 -0.008337 -0.046065
v 0.040673 -0.011141 -0.040648
v 0.001376 -0.009391 -0.062507
v 0.038331 -0.008170 -0.041102
v 0.035265 -0.004849 -0.042695
v 0.039816 -0.009538 -0.040321
v 0.004354 -0.009382 -0.061953
v 0.042571 -0.011359 -0.038279
v 0.035061 -0.003114 -0.042549
v 0.041520 -0.009959 -0.038547
v 0.037047 -0.004915 -0.041136
v 0.037322 -0.003395 -0.040605
v 0.004733 -0.009259 -0.061020
v 0.044325 -0.011648 -0.035861
v 0.035168 -0.001898 -0.042341
v 0.043357 -0.010428 -0.036415
v 0.033934 -0.007809 -0.044903
v 0.032074 -0.006692 -0.045731
v 0.002462 -0.009001 -0.060356
v 0.027654 -0.003365 -0.047760
v 0.039027 -0.004956 -0.039228
v 0.043084 -0.008602 -0.035773
v 0.037499 -0.001879 -0.040288
v 0.039778 -0.003459 -0.038184
v 0.046024 -0.011807 -0.033131
v 0.045118 -0.010528 -0.033817
v 0.041031 -0.004939 -0.037074
v 0.044443 -0.008579 -0.033863
v 0.038792 -0.002676 -0.039099
v 0.040859 -0.002869 -0.036939
v 0.046033 -0.010192 -0.032129
v 0.042535 -0.003027 -0.035002
v 0.042848 -0.005540 -0.035041
v 0.047477 -0.011507 -0.030244
v 0.052397 -0.008569 -0.017340
v 0.052809 -0.007418 -0.015732
v 0.051776 -0.004591 -0.018724
v 0.054296 -0.010935 -0.009235
v 0.039168 -0.011304 -0.042757
v 0.053398 -0.008926 -0.013643
v 0.052806 -0.003528 -0.015457
v 0.053677 -0.007186 -0.012251
v 0.053947 -0.005859 -0.010843
v 0.054819 -0.010780 -0.004596
v 0.054580 -0.006409 -0.006937
v 0.054802 -0.003948 -0.004734
v 0.054941 -0.004176 -0.002623
v 0.035503 -0.007378 -0.043397
v 0.011890 -0.009581 -0.061882
v 0.007004 -0.009378 -0.061262
v 0.008659 -0.009467 -0.061667
v 0.008709 -0.009331 -0.060407
v 0.012722 -0.009555 -0.060374
v 0.005097 -0.009099 -0.060283
v 0.034387 -0.006462 -0.043913
v 0.004853 -0.008806 -0.059486
v 0.008530 -0.009115 -0.059544
v 0.009302 -0.008845 -0.058577
v 0.016503 -0.009715 -0.059350
v 0.004927 -0.008316 -0.058473
v 0.006643 -0.008624 -0.058710
v 0.011377 -0.009133 -0.058785
v 0.012824 -0.009409 -0.059383
v 0.013381 -0.008890 -0.057538
v 0.014212 -0.009241 -0.058188
v 0.020835 -0.009926 -0.057439
v 0.008499 -0.008272 -0.057676
v 0.038124 -0.006924 -0.040731
v 0.002564 -0.008208 -0.058646
v 0.004543 -0.007848 -0.057848
v 0.001359 -0.007551 -0.057861
v 0.016534 -0.009531 -0.058240
v 0.016044 -0.008936 -0.056699
v 0.035773 -0.006118 -0.042622
v 0.012486 -0.008435 -0.056972
v 0.020541 -0.009789 -0.056945
v 0.008145 -0.007652 -0.056942
v 0.018376 -0.008982 -0.055819
v 0.018456 -0.009352 -0.056659
v 0.024647 -0.010322 -0.056239
v 0.002906 -0.007105 -0.057227
v 0.003571 -0.006575 -0.056683
v 0.004785 -0.007274 -0.057138
v 0.008776 -0.007073 -0.056252
v 0.003548 -0.005949 -0.056230
v 0.001324 -0.006126 -0.056513
v 0.037111 -0.006446 -0.041534
v 0.021857 -0.009645 -0.055560
v 0.040338 -0.007955 -0.038826
v 0.039543 -0.006462 -0.039107
v 0.042082 -0.007990 -0.036783
v 0.041294 -0.006440 -0.037167
v 0.043218 -0.006767 -0.034902
v 0.045568 -0.008140 -0.031999
v 0.044506 -0.006816 -0.033148
v 0.044725 -0.005689 -0.032558
v 0.047409 -0.009046 -0.029234
v 0.046569 -0.008010 -0.030351
v 0.044212 -0.003044 -0.032844
v 0.046565 -0.005932 -0.029817
v 0.048855 -0.011321 -0.027354
v 0.048237 -0.008608 -0.027534
v 0.045888 -0.003005 -0.030440
v 0.048951 -0.008965 -0.026237
v 0.050341 -0.012170 -0.024250
v 0.047842 -0.005807 -0.027595
v 0.049288 -0.008090 -0.025291
v 0.048385 -0.003756 -0.026307
v 0.047131 -0.002868 -0.028450
v 0.050722 -0.009437 -0.022331
v 0.051292 -0.011847 -0.021559
v 0.049753 -0.006564 -0.023951
v 0.050869 -0.007402 -0.021512
v 0.049292 -0.003026 -0.024491
v 0.051826 -0.008715 -0.019125
v 0.050303 -0.003333 -0.022356
v 0.054417 -0.007772 -0.008193
v 0.006295 -0.009434 -0.062902
v 0.011291 -0.008038 -0.056705
v 0.014272 -0.008137 -0.056021
v 0.012059 -0.007552 -0.055971
v 0.012064 -0.007076 -0.055543
v 0.049605 -0.084921 0.012606
v 0.048943 -0.084496 0.015287
v 0.028907 -0.098990 0.038722
v 0.021949 -0.085110 0.046348
v 0.046592 -0.097189 0.014253
v 0.048260 -0.090089 0.013766
v 0.048163 -0.099008 0.003595
v 0.024255 -0.096863 0.042361
v 0.025563 -0.088020 0.043742
v 0.023199 -0.091166 0.044329
v 0.031760 -0.106836 0.033999
v 0.034304 -0.102324 0.032949
v 0.035811 -0.070512 0.040317
v 0.034316 -0.072785 0.041098
v 0.013048 -0.080074 0.050646
v 0.016126 -0.080083 0.049742
v 0.009519 -0.074045 0.052558
v 0.007866 -0.070929 0.053369
v 0.051981 -0.073060 0.011540
v 0.052556 -0.072636 0.008743
v 0.051250 -0.074748 0.013492
v 0.027404 -0.090737 0.041942
v 0.037714 -0.070458 0.038538
v 0.019002 -0.090325 0.046506
v 0.019061 -0.080530 0.048578
v 0.050340 -0.083497 0.010561
v 0.031304 -0.098913 0.036820
v 0.047828 -0.098239 0.007875
v 0.047321 -0.103352 0.000678
v 0.030202 -0.106780 0.035410
v 0.033109 -0.098890 0.035207
v 0.047498 -0.097156 0.010847
v 0.048653 -0.091636 0.010911
v 0.010009 -0.080912 0.051192
v 0.026459 -0.098953 0.040448
v 0.031941 -0.072072 0.043135
v 0.045271 -0.073753 0.028106
v 0.049630 -0.089340 0.008210
v 0.006775 -0.078030 0.052260
v 0.047682 -0.100221 0.005852
v 0.045685 -0.089943 0.020878
v 0.016099 -0.090809 0.047494
v 0.020959 -0.096476 0.044196
v 0.047527 -0.089989 0.016199
v 0.043187 -0.076127 0.030510
v 0.003920 -0.078493 0.052473
v 0.045932 -0.106776 0.007632
v 0.046557 -0.091194 0.018173
v 0.013352 -0.090322 0.048463
v 0.044185 -0.091026 0.023427
v 0.046027 -0.102067 0.012305
v 0.009984 -0.090407 0.049260
v 0.019112 -0.098979 0.044422
v 0.037461 -0.079856 0.036380
v 0.045484 -0.096825 0.017679
v 0.039541 -0.083675 0.032960
v 0.043108 -0.090867 0.025417
v 0.007684 -0.090605 0.049637
v 0.005641 -0.085818 0.050903
v 0.044561 -0.096889 0.019845
v 0.016629 -0.100937 0.044954
v 0.036022 -0.079252 0.037971
v 0.002873 -0.085917 0.051113
v 0.011693 -0.096491 0.047535
v 0.038540 -0.082546 0.034455
v 0.043508 -0.097776 0.021634
v 0.014465 -0.099000 0.046159
v 0.029463 -0.070880 0.045122
v 0.018384 -0.106705 0.042795
v 0.041580 -0.090724 0.027902
v 0.009823 -0.098992 0.047381
v 0.013973 -0.106432 0.044508
v 0.003661 -0.096346 0.048864
v 0.027135 -0.070926 0.046561
v 0.006590 -0.097249 0.048352
v 0.039886 -0.089832 0.030568
v 0.053766 -0.067799 0.004354
v 0.054135 -0.065886 0.001978
v 0.043597 -0.106609 0.016467
v 0.053615 -0.067095 0.007275
v 0.007925 -0.106388 0.045986
v 0.031246 -0.079921 0.041867
v 0.001468 -0.100996 0.047918
v 0.033961 -0.082600 0.038995
v 0.005349 -0.106507 0.046325
v 0.052387 -0.077254 0.001386
v 0.052742 -0.074886 -0.000476
v 0.053656 -0.069149 -0.000003
v 0.044285 -0.101095 0.018151
v 0.024822 -0.070937 0.047841
v 0.041800 -0.099199 0.024157
v 0.052992 -0.067688 0.010750
v 0.052296 -0.077340 0.003802
v 0.052505 -0.067302 0.013339
v 0.052103 -0.077350 0.006180
v 0.051803 -0.080447 -0.000779
v 0.051644 -0.068064 0.016101
v 0.050412 -0.063241 0.021783
v 0.050091 -0.069203 0.020092
v 0.050469 -0.087990 0.001390
v 0.050382 -0.088426 -0.000209
v 0.048537 -0.069461 0.023595
v 0.050659 -0.086532 0.003655
v 0.022893 -0.073489 0.048320
v 0.048931 -0.076078 0.019906
v 0.048543 -0.074135 0.021695
v 0.048697 -0.096968 0.000315
v 0.045297 -0.063937 0.031068
v 0.044038 -0.066354 0.032203
v 0.028558 -0.079966 0.043743
v 0.049937 -0.089346 0.005890
v 0.046802 -0.082834 0.021770
v 0.043336 -0.071638 0.031667
v 0.045303 -0.070030 0.029266
v 0.037777 -0.090768 0.032847
v 0.048700 -0.081381 0.017862
v 0.041368 -0.073729 0.033648
v 0.047599 -0.083010 0.019852
v 0.040907 -0.083006 0.031462
v 0.042453 -0.083231 0.029256
v 0.036568 -0.088078 0.034988
v 0.038986 -0.098374 0.028767
v 0.040646 -0.097024 0.026907
v 0.038065 -0.106606 0.026857
v 0.039286 -0.106643 0.025033
v 0.020390 -0.073512 0.049436
v 0.051310 -0.080353 0.008261
v 0.026306 -0.079999 0.045140
v 0.034709 -0.090649 0.036121
v 0.042822 -0.102871 0.020467
v 0.037734 -0.097186 0.030796
v 0.047127 -0.069745 0.026260
v 0.046588 -0.063807 0.029096
v 0.047526 -0.074939 0.023566
v 0.049300 -0.093687 0.003071
v 0.017239 -0.071001 0.051081
v 0.039975 -0.069046 0.036534
v 0.024177 -0.080496 0.046219
v 0.039692 -0.073983 0.035553
v 0.032681 -0.091317 0.037793
v 0.050568 -0.075018 0.015790
v 0.043864 -0.083171 0.027112
v 0.035832 -0.096776 0.033124
v 0.014707 -0.071009 0.051873
v 0.005141 -0.070873 0.053716
v 0.029964 -0.090716 0.040151
v 0.050472 -0.071235 0.018110
v 0.042366 -0.067873 0.034000
v 0.045870 -0.083381 0.023445
v 0.012141 -0.070996 0.052542
v 0.003070 -0.070859 0.053874
v 0.046363 -0.075084 0.025753
v 0.045204 -0.082719 0.024979
v 0.016130 -0.060172 -0.104426
v 0.018368 -0.059423 -0.104280
v 0.013766 -0.104396 -0.046284
v 0.054187 -0.039315 -0.063713
v 0.048224 -0.078940 -0.024575
v 0.002927 -0.101870 -0.050196
v 0.016185 -0.105262 -0.044861
v 0.018749 -0.105310 -0.043771
v 0.052365 -0.056664 -0.038114
v 0.050025 -0.075541 -0.020811
v 0.038811 -0.045497 -0.105279
v 0.039398 -0.062810 -0.067367
v 0.053314 -0.069879 -0.004348
v 0.039686 -0.078902 -0.045419
v 0.031271 -0.061051 -0.083896
v 0.033263 -0.059942 -0.082984
v 0.011278 -0.105067 -0.046546
v 0.010232 -0.102660 -0.048481
v 0.040231 -0.044435 -0.103870
v 0.035216 -0.079234 -0.052001
v 0.027292 -0.061189 -0.089116
v 0.032491 -0.047206 -0.123224
v 0.024289 -0.076830 -0.066590
v 0.008042 -0.104245 -0.047816
v 0.047288 -0.041888 -0.086641
v 0.031217 -0.079120 -0.057096
v 0.010817 -0.059861 -0.110386
v 0.012640 -0.059424 -0.110402
v 0.007776 -0.059148 -0.115890
v 0.033107 -0.078323 -0.055782
v 0.037455 -0.044731 -0.113017
v 0.003156 -0.071688 -0.084409
v 0.036747 -0.046778 -0.107826
v 0.052764 -0.057573 -0.033778
v 0.048785 -0.041227 -0.082678
v 0.002971 -0.059161 -0.118564
v 0.045914 -0.078819 -0.031956
v 0.047705 -0.075674 -0.029818
v 0.034567 -0.046011 -0.119783
v 0.049114 -0.078647 -0.021453
v 0.053349 -0.057082 -0.030808
v 0.045966 -0.041140 -0.092907
v 0.015641 -0.076850 -0.072250
v 0.017683 -0.074512 -0.074442
v 0.017893 -0.061195 -0.099794
v 0.020154 -0.061030 -0.097859
v 0.002846 -0.073293 -0.081723
v 0.044123 -0.062014 -0.058419
v 0.051028 -0.059110 -0.040334
v 0.041770 -0.042913 -0.103096
v 0.023843 -0.062466 -0.090582
v 0.025977 -0.059703 -0.094072
v 0.005236 -0.104420 -0.048119
v 0.042283 -0.060887 -0.064544
v 0.050014 -0.043161 -0.074354
v 0.043825 -0.078412 -0.037630
v 0.045630 -0.075800 -0.035895
v 0.053772 -0.057226 -0.027006
v 0.041122 -0.078078 -0.043672
v 0.041402 -0.045323 -0.097667
v 0.042983 -0.043677 -0.096901
v 0.037467 -0.080458 -0.047432
v 0.053201 -0.040211 -0.066826
v 0.014226 -0.074868 -0.075801
v 0.050164 -0.057095 -0.047752
v 0.042464 -0.080452 -0.038561
v 0.052494 -0.042627 -0.065446
v 0.044511 -0.042123 -0.095672
v 0.052452 -0.074912 -0.005046
v 0.007336 -0.072900 -0.081432
v 0.048744 -0.059579 -0.048793
v 0.045753 -0.058754 -0.059456
v 0.050891 -0.073929 -0.018319
v 0.051467 -0.075026 -0.013377
v 0.035441 -0.063639 -0.072967
v 0.038054 -0.061316 -0.072377
v 0.044283 -0.044919 -0.089850
v 0.002275 -0.104567 -0.048274
v 0.054508 -0.055301 -0.024735
v 0.052198 -0.072643 -0.011335
v 0.035899 -0.045402 -0.116636
v 0.027770 -0.063192 -0.084503
v 0.029455 -0.062267 -0.084100
v 0.010272 -0.075882 -0.075905
v 0.010106 -0.073818 -0.079089
v 0.013988 -0.060808 -0.104499
v 0.018172 -0.077713 -0.069715
v 0.020286 -0.075231 -0.071753
v 0.033852 -0.047440 -0.115329
v 0.032429 -0.048027 -0.118066
v 0.020206 -0.078675 -0.067223
v 0.022680 -0.075862 -0.069150
v 0.005066 -0.059560 -0.115652
v 0.021811 -0.061529 -0.094883
v 0.040893 -0.060964 -0.067420
v 0.026513 -0.078829 -0.062198
v 0.047237 -0.059999 -0.053074
v 0.011755 -0.061392 -0.104511
v 0.032195 -0.063122 -0.078799
v 0.045936 -0.032263 -0.123654
v 0.045354 -0.032814 -0.126988
v 0.033444 -0.080702 -0.052721
v 0.046840 -0.030401 -0.127095
v 0.029732 -0.048960 -0.125171
v 0.046563 -0.031783 -0.119967
v 0.044776 -0.035034 -0.117492
v 0.035353 -0.061080 -0.077514
v 0.045775 -0.045224 -0.084591
v 0.046082 -0.033364 -0.115916
v 0.044171 -0.037140 -0.112016
v 0.045680 -0.034941 -0.111908
v 0.006409 -0.060707 -0.110176
v 0.008854 -0.060278 -0.110325
v 0.044048 -0.038680 -0.107152
v 0.022229 -0.079521 -0.064794
v 0.043325 -0.041229 -0.102295
v 0.044811 -0.039634 -0.101033
v 0.035182 -0.047181 -0.111553
v 0.005884 -0.074837 -0.078710
v 0.027555 -0.080119 -0.059718
v 0.029159 -0.077689 -0.061008
v 0.002386 -0.059933 -0.114984
v 0.042145 -0.046399 -0.092835
v 0.050034 -0.087016 -0.007715
v 0.046701 -0.091960 -0.018406
v 0.047383 -0.095370 -0.012996
v 0.047138 -0.093869 -0.015298
v 0.048466 -0.091500 -0.011825
v 0.048925 -0.091278 -0.009584
v 0.045172 -0.106134 -0.011895
v 0.029743 -0.080568 -0.057058
v 0.046548 -0.079951 -0.029049
v 0.013509 -0.077494 -0.072359
v 0.050028 -0.060535 -0.042241
v 0.024369 -0.079893 -0.062734
v 0.036474 -0.047998 -0.104673
v 0.050410 -0.079640 -0.014273
v 0.047290 -0.080835 -0.025925
v 0.039826 -0.046815 -0.098427
v 0.015055 -0.062354 -0.099282
v 0.030896 -0.049074 -0.118576
v 0.040648 -0.081326 -0.041258
v 0.038122 -0.081679 -0.045183
v 0.045911 -0.062930 -0.052270
v 0.035750 -0.081726 -0.048623
v 0.047196 -0.045872 -0.078814
v 0.043917 -0.081867 -0.034058
v 0.033326 -0.048704 -0.111699
v 0.028338 -0.049550 -0.128722
v 0.048731 -0.047120 -0.071354
v 0.017043 -0.063092 -0.095816
v 0.039660 -0.064905 -0.063594
v 0.003900 -0.061057 -0.109951
v 0.031801 -0.081949 -0.053334
v 0.010730 -0.078246 -0.072410
v 0.009909 -0.061810 -0.104477
v 0.037834 -0.064875 -0.066966
v 0.025699 -0.064241 -0.084935
v 0.041614 -0.064768 -0.059894
v 0.027729 -0.050554 -0.122656
v 0.051588 -0.061247 -0.033646
v 0.001925 -0.075280 -0.078642
v 0.049752 -0.080644 -0.016601
v 0.038296 -0.048155 -0.099121
v 0.006078 -0.076743 -0.075818
v 0.028990 -0.050271 -0.119209
v 0.047558 -0.063449 -0.046503
v 0.048849 -0.062319 -0.043877
v 0.026370 -0.051224 -0.123730
v 0.034581 -0.049096 -0.106487
v 0.033736 -0.083944 -0.049017
v 0.033378 -0.065065 -0.073745
v 0.015782 -0.080287 -0.067687
v 0.025825 -0.082349 -0.058733
v 0.041099 -0.083426 -0.038446
v 0.030885 -0.050030 -0.113930
v 0.007927 -0.062207 -0.104398
v 0.018450 -0.064132 -0.092252
v 0.044758 -0.083803 -0.030311
v 0.020432 -0.064843 -0.089025
v 0.051607 -0.078120 -0.008109
v 0.029897 -0.083108 -0.054171
v 0.054291 -0.058764 -0.017510
v 0.027905 -0.083568 -0.055598
v 0.043605 -0.047716 -0.085758
v 0.040455 -0.047997 -0.093742
v 0.044240 -0.065347 -0.052996
v 0.031394 -0.066144 -0.074719
v 0.029471 -0.065564 -0.078130
v 0.017508 -0.080549 -0.066498
v 0.022112 -0.064866 -0.087445
v 0.012378 -0.062839 -0.099986
v 0.046216 -0.065003 -0.048245
v 0.042457 -0.083831 -0.035431
v 0.038345 -0.083884 -0.042722
v 0.041960 -0.049276 -0.086867
v 0.020133 -0.081353 -0.064016
v 0.021902 -0.083006 -0.060978
v 0.032745 -0.050375 -0.107208
v 0.024664 -0.051975 -0.125611
v 0.035679 -0.083969 -0.046522
v 0.036085 -0.049881 -0.100201
v 0.023692 -0.065174 -0.085286
v 0.023110 -0.083810 -0.059255
v 0.050829 -0.052389 -0.053751
v 0.047711 -0.084490 -0.021205
v 0.013711 -0.080972 -0.067766
v 0.007601 -0.079014 -0.072279
v 0.044591 -0.048379 -0.081625
v 0.031524 -0.084373 -0.051186
v 0.052366 -0.061308 -0.028910
v 0.045941 -0.084777 -0.026404
v 0.030335 -0.051321 -0.110221
v 0.053112 -0.045398 -0.057180
v 0.038443 -0.049769 -0.094667
v 0.050835 -0.084302 -0.005015
v 0.053809 -0.059635 -0.020866
v 0.050472 -0.063667 -0.035047
v 0.045643 -0.049094 -0.077234
v 0.035632 -0.066665 -0.067841
v 0.054068 -0.044559 -0.053947
v 0.027801 -0.065767 -0.079798
v 0.005460 -0.062615 -0.104233
v 0.002177 -0.077379 -0.075510
v 0.040275 -0.050147 -0.089262
v 0.051420 -0.081824 -0.003215
v 0.043559 -0.085587 -0.031592
v 0.017982 -0.082691 -0.063705
v 0.018412 -0.065654 -0.089076
v 0.026743 -0.051993 -0.117399
v 0.010008 -0.063395 -0.099958
v 0.011149 -0.080826 -0.068928
v 0.021969 -0.053245 -0.126348
v 0.014186 -0.064188 -0.095396
v 0.048548 -0.065220 -0.040426
v 0.027632 -0.052194 -0.113883
v 0.039326 -0.086102 -0.039156
v 0.046893 -0.085050 -0.023408
v 0.005188 -0.079483 -0.072161
v 0.037377 -0.086369 -0.041944
v 0.049246 -0.065662 -0.037126
v 0.048609 -0.084868 -0.017544
v 0.041266 -0.086849 -0.035156
v 0.024466 -0.084593 -0.057424
v 0.034055 -0.051373 -0.100935
v 0.047152 -0.050182 -0.070687
v 0.000117 -0.062253 -0.106637
v 0.024974 -0.086277 -0.055339
v 0.012017 -0.064486 -0.096064
v 0.019614 -0.084031 -0.061286
v 0.023739 -0.052889 -0.122012
v 0.032765 -0.086256 -0.047982
v 0.044148 -0.089030 -0.027524
v 0.041620 -0.067353 -0.056073
v 0.002901 -0.062945 -0.104013
v 0.016194 -0.065125 -0.091878
v 0.024994 -0.052989 -0.117338
v 0.014834 -0.083548 -0.064272
v 0.038271 -0.051563 -0.090875
v 0.042399 -0.087152 -0.032743
v 0.053148 -0.061768 -0.022282
v 0.054968 -0.002107 -0.126597
v 0.055000 0.000575 -0.127402
v 0.002692 -0.079903 -0.071975
v 0.031134 -0.087028 -0.049046
v 0.054967 -0.001867 -0.120920
v 0.047219 -0.067276 -0.041893
v 0.025528 -0.066879 -0.080356
v 0.054888 -0.003587 -0.122658
v 0.029042 -0.086785 -0.051352
v 0.021131 -0.054232 -0.121167
v 0.034931 -0.087094 -0.044625
v 0.039750 -0.067950 -0.058900
v 0.054617 -0.006843 -0.126347
v 0.035788 -0.051822 -0.095865
v 0.029919 -0.052660 -0.106537
v 0.054918 -0.003602 -0.112462
v 0.007379 -0.063912 -0.099853
v 0.032183 -0.052622 -0.101615
v 0.054699 -0.006420 -0.116322
v 0.042905 -0.051964 -0.079035
v 0.037263 -0.067762 -0.063578
v 0.008356 -0.082421 -0.067770
v 0.011240 -0.083429 -0.065743
v 0.033601 -0.068103 -0.068650
v 0.054798 -0.005990 -0.112407
v 0.044648 -0.067278 -0.049182
v 0.038050 -0.088406 -0.039235
v 0.009622 -0.065051 -0.095993
v 0.022527 -0.054104 -0.118155
v 0.053982 -0.011278 -0.122709
v 0.054369 -0.009661 -0.115407
v 0.054187 -0.010527 -0.117704
v 0.021274 -0.066922 -0.084310
v 0.053734 -0.012339 -0.129672
v 0.027938 -0.068351 -0.075325
v 0.027330 -0.053667 -0.108749
v 0.013491 -0.065932 -0.091943
v 0.054550 -0.009711 -0.110559
v 0.027264 -0.087896 -0.051899
v 0.018981 -0.054548 -0.125901
v 0.017687 -0.086092 -0.060127
v 0.053536 -0.013338 -0.125272
v 0.025249 -0.053597 -0.113795
v 0.053208 -0.014705 -0.126251
v 0.054653 -0.011712 -0.105381
v 0.042459 -0.068219 -0.053034
v 0.053662 -0.013632 -0.117559
v 0.032627 -0.088942 -0.045757
v 0.021630 -0.088805 -0.055177
v 0.045610 -0.089271 -0.023679
v 0.040144 -0.052441 -0.084702
v 0.035688 -0.089739 -0.041409
v 0.020121 -0.087562 -0.057297
v 0.022733 -0.069026 -0.079340
v 0.039389 -0.089459 -0.036308
v 0.038265 -0.069248 -0.059738
v 0.005938 -0.082862 -0.067766
v 0.052967 -0.015607 -0.128022
v 0.054231 -0.012498 -0.109956
v 0.053944 -0.013680 -0.111534
v 0.051910 -0.052112 -0.049540
v 0.030341 -0.053780 -0.102143
v 0.053108 -0.015776 -0.119491
v 0.040148 -0.090376 -0.034353
v 0.052198 -0.064459 -0.024282
v 0.042852 -0.089283 -0.030165
v 0.029762 -0.068969 -0.072276
v 0.049969 -0.051974 -0.057900
v 0.004906 -0.064312 -0.099676
v 0.035578 -0.053910 -0.091365
v 0.016079 -0.066969 -0.088165
v 0.051857 -0.019352 -0.127161
v 0.043768 -0.054077 -0.072866
v 0.051154 -0.065419 -0.028863
v 0.031696 -0.069338 -0.069353
v 0.029863 -0.089912 -0.047740
v 0.033738 -0.053287 -0.096588
v 0.053434 -0.015825 -0.113080
v 0.054152 -0.062269 -0.009998
v 0.019033 -0.055119 -0.121102
v 0.014862 -0.085877 -0.061680
v 0.052492 -0.017933 -0.120658
v 0.025472 -0.088300 -0.052984
v 0.040629 -0.093059 -0.031565
v 0.054735 -0.014182 -0.100526
v 0.045640 -0.053314 -0.069303
v 0.054187 -0.015950 -0.103257
v 0.040690 -0.054484 -0.079395
v 0.051913 -0.019469 -0.123265
v 0.038120 -0.053849 -0.086258
v 0.025402 -0.054670 -0.109157
v 0.006998 -0.065567 -0.095862
v 0.052812 -0.017952 -0.114696
v 0.035549 -0.069880 -0.063228
v 0.053667 -0.016687 -0.107500
v 0.003517 -0.083301 -0.067624
v 0.044791 -0.069484 -0.045801
v 0.044273 -0.092359 -0.024752
v 0.046122 -0.068709 -0.043226
v 0.025884 -0.069427 -0.075763
v 0.052251 -0.019944 -0.114622
v 0.054422 -0.017662 -0.098217
v 0.028697 -0.054743 -0.102565
v 0.034410 -0.091603 -0.041495
v 0.051094 -0.021952 -0.122056
v 0.045832 -0.092302 -0.020750
v 0.050482 -0.023013 -0.127413
v 0.020679 -0.069127 -0.080908
v 0.037538 -0.091808 -0.037297
v 0.051396 -0.021896 -0.117612
v 0.052835 -0.019402 -0.109593
v 0.008959 -0.084957 -0.064680
v 0.052674 -0.053784 -0.042237
v 0.012065 -0.086599 -0.061962
v 0.022248 -0.055008 -0.114325
v 0.016411 -0.055515 -0.125520
v 0.021626 -0.056389 -0.109844
v 0.002319 -0.064653 -0.099406
v 0.027372 -0.090376 -0.049580
v 0.053314 -0.063619 -0.016959
v 0.053605 -0.018563 -0.103870
v 0.023368 -0.090008 -0.052929
v 0.050169 -0.024256 -0.122419
v 0.031846 -0.054525 -0.097225
v 0.051351 -0.023043 -0.113344
v 0.049322 -0.025670 -0.126915
v 0.010646 -0.066632 -0.091957
v 0.017890 -0.068903 -0.083326
v 0.016996 -0.055845 -0.121274
v 0.023639 -0.055519 -0.109468
v 0.013878 -0.067620 -0.088244
v 0.043027 -0.092748 -0.027245
v 0.025091 -0.090923 -0.050888
v 0.032741 -0.092210 -0.042922
v 0.053795 -0.020708 -0.097977
v 0.036264 -0.071122 -0.060424
v 0.052853 -0.021768 -0.103222
v 0.016091 -0.088280 -0.058662
v 0.053715 -0.062907 -0.014250
v 0.051751 -0.022893 -0.109896
v 0.050450 -0.024961 -0.114962
v 0.017860 -0.089403 -0.056730
v 0.033501 -0.055367 -0.092078
v 0.050318 -0.067582 -0.029708
v 0.040863 -0.071030 -0.052549
v 0.047879 -0.068883 -0.037530
v 0.038610 -0.092688 -0.035080
v 0.053344 -0.021828 -0.099270
v 0.011207 -0.068142 -0.088596
v 0.048087 -0.028163 -0.126930
v 0.047867 -0.053358 -0.062640
v 0.049719 -0.026124 -0.117612
v 0.004477 -0.066256 -0.094993
v 0.006883 -0.086393 -0.063559
v 0.048151 -0.028494 -0.122852
v 0.052640 -0.065695 -0.018912
v 0.048668 -0.027831 -0.120475
v 0.054480 -0.020944 -0.092670
v 0.026669 -0.055828 -0.103068
v 0.033913 -0.071108 -0.063864
v 0.051588 -0.024873 -0.105480
v 0.009594 -0.087256 -0.062014
v 0.023895 -0.070372 -0.076139
v 0.035733 -0.093559 -0.038409
v 0.042844 -0.071122 -0.048277
v 0.013793 -0.056233 -0.126186
v 0.052302 -0.024482 -0.101162
v 0.039201 -0.055525 -0.080619
v 0.027634 -0.092467 -0.047595
v 0.018358 -0.056401 -0.115515
v 0.014866 -0.056518 -0.121383
v 0.038715 -0.071868 -0.055425
v 0.013338 -0.088660 -0.059411
v 0.019932 -0.055963 -0.114645
v 0.050690 -0.026851 -0.106482
v 0.031023 -0.093678 -0.043549
v 0.008096 -0.067107 -0.092016
v 0.048770 -0.055149 -0.056420
v 0.049264 -0.028285 -0.112601
v 0.029868 -0.056390 -0.096087
v 0.003952 -0.085925 -0.064573
v 0.048427 -0.029343 -0.115126
v 0.041488 -0.095109 -0.028619
v 0.049345 -0.092933 -0.003463
v 0.054361 -0.024674 -0.087705
v 0.049644 -0.028875 -0.107791
v 0.015569 -0.069659 -0.083466
v 0.054201 -0.063269 -0.006525
v 0.052792 -0.026037 -0.094728
v 0.028228 -0.071444 -0.070295
v 0.031615 -0.056143 -0.093713
v 0.044704 -0.096305 -0.020891
v 0.051626 -0.026838 -0.100248
v 0.044524 -0.055270 -0.068772
v 0.048589 -0.070949 -0.032291
v 0.053335 -0.026981 -0.089810
v 0.035421 -0.056197 -0.086748
v 0.001986 -0.066277 -0.095461
v 0.053855 -0.025880 -0.088732
v 0.021372 -0.092881 -0.051660
v 0.050638 -0.069590 -0.025320
v 0.019447 -0.091917 -0.053588
v 0.047446 -0.030992 -0.115991
v 0.029276 -0.072457 -0.067719
v 0.048626 -0.094476 -0.007300
v 0.036421 -0.095978 -0.035805
v 0.024710 -0.056801 -0.103447
v 0.032050 -0.072438 -0.064487
v 0.022988 -0.094032 -0.049688
v 0.013512 -0.091025 -0.057051
v 0.037010 -0.097014 -0.034324
v 0.015352 -0.092160 -0.055283
v 0.039163 -0.095579 -0.032217
v 0.029281 -0.094919 -0.044216
v 0.037146 -0.056948 -0.081994
v 0.051898 -0.029125 -0.093745
v 0.016505 -0.056991 -0.115884
v 0.028321 -0.056605 -0.098166
v 0.041806 -0.057131 -0.072019
v 0.012476 -0.057168 -0.121437
v 0.051003 -0.029730 -0.097254
v 0.049675 -0.030522 -0.102786
v 0.007026 -0.069109 -0.088294
v 0.004786 -0.087801 -0.062434
v 0.043897 -0.034919 -0.127359
v 0.048219 -0.031661 -0.108106
v 0.044293 -0.034755 -0.123539
v 0.052040 -0.068285 -0.019015
v 0.052584 -0.067933 -0.015492
v 0.010726 -0.090835 -0.058112
v 0.050353 -0.030895 -0.098082
v 0.019162 -0.057376 -0.110089
v 0.046575 -0.071233 -0.038597
v 0.033313 -0.096137 -0.039390
v 0.017424 -0.092677 -0.053926
v 0.051543 -0.069410 -0.020541
v 0.024270 -0.095595 -0.047595
v 0.039361 -0.073366 -0.052378
v 0.004854 -0.068193 -0.090714
v 0.009675 -0.057140 -0.126619
v 0.011543 -0.056988 -0.124388
v 0.012781 -0.069738 -0.084868
v 0.007891 -0.089644 -0.059986
v 0.027729 -0.095902 -0.044788
v 0.026197 -0.072547 -0.070750
v 0.046936 -0.033590 -0.109361
v 0.053127 -0.066790 -0.012667
v 0.037759 -0.097673 -0.032874
v 0.041341 -0.073570 -0.048397
v 0.042648 -0.036981 -0.123703
v 0.043868 -0.097744 -0.021936
v 0.022916 -0.057627 -0.103731
v 0.043104 -0.036676 -0.121563
v 0.046212 -0.098576 -0.014717
v 0.048613 -0.032754 -0.102662
v 0.043950 -0.073877 -0.042316
v 0.017740 -0.071702 -0.078719
v 0.052739 -0.031490 -0.084849
v 0.019901 -0.072056 -0.076697
v 0.049450 -0.070559 -0.029436
v 0.014236 -0.057672 -0.116035
v 0.001924 -0.088322 -0.062214
v 0.043044 -0.037297 -0.118401
v 0.033339 -0.057637 -0.087461
v 0.034851 -0.098367 -0.036126
v 0.005552 -0.090156 -0.059918
v 0.045172 -0.072996 -0.040343
v 0.009286 -0.069836 -0.086143
v 0.036447 -0.073893 -0.056525
v 0.040250 -0.057898 -0.074028
v 0.026272 -0.057671 -0.098649
v 0.041387 -0.038272 -0.126109
v 0.030288 -0.073599 -0.065012
v 0.042557 -0.099101 -0.023921
v 0.052104 -0.032708 -0.085650
v 0.030224 -0.058869 -0.089880
v 0.030730 -0.097457 -0.041059
v 0.039606 -0.100033 -0.028622
v 0.022283 -0.072749 -0.073861
v 0.053925 -0.052624 -0.036913
v 0.025782 -0.096988 -0.045470
v 0.034336 -0.074186 -0.059184
v 0.045225 -0.100580 -0.016335
v 0.049116 -0.033895 -0.097212
v 0.037556 -0.058273 -0.078692
v 0.053650 -0.031142 -0.080962
v 0.018703 -0.094542 -0.051715
v 0.047501 -0.034877 -0.102380
v 0.016956 -0.058153 -0.110265
v 0.028039 -0.058648 -0.093616
v 0.051217 -0.032917 -0.089467
v 0.044489 -0.101982 -0.017417
v 0.042974 -0.038063 -0.114996
v 0.045623 -0.036456 -0.106845
v 0.031386 -0.058682 -0.088482
v 0.047205 -0.073420 -0.033976
v 0.046578 -0.035689 -0.104582
v 0.034962 -0.058784 -0.082397
v 0.041452 -0.039047 -0.119714
v 0.006849 -0.057630 -0.126283
v 0.039109 -0.058191 -0.075846
v 0.024201 -0.073469 -0.071236
v 0.008823 -0.057961 -0.121344
v 0.008755 -0.092310 -0.057244
v 0.047165 -0.055772 -0.060516
v 0.033237 -0.098819 -0.037620
v 0.020754 -0.058530 -0.104033
v 0.050852 -0.070668 -0.022737
v 0.012311 -0.094467 -0.054355
v 0.002781 -0.090670 -0.059764
v 0.043112 -0.074159 -0.043942
v 0.001783 -0.068145 -0.091377
v 0.019839 -0.096778 -0.049336
v 0.047631 -0.036584 -0.097373
v 0.016133 -0.095470 -0.052110
v 0.040461 -0.040105 -0.120340
v 0.015424 -0.072434 -0.078908
v 0.039450 -0.040450 -0.126591
v 0.050159 -0.034654 -0.090715
v 0.046734 -0.101355 -0.009918
v 0.047535 -0.101119 -0.004981
v 0.028814 -0.098796 -0.041811
v 0.031001 -0.100599 -0.038674
v 0.039665 -0.075151 -0.049676
v 0.023377 -0.059051 -0.099165
v 0.006451 -0.092852 -0.057209
v 0.043991 -0.058798 -0.064014
v 0.040988 -0.101330 -0.025499
v 0.031586 -0.075692 -0.060812
v 0.011663 -0.071976 -0.081478
v 0.051569 -0.055639 -0.044280
v 0.010251 -0.058097 -0.118908
v 0.013807 -0.095970 -0.052583
v 0.014844 -0.058815 -0.110366
v 0.035248 -0.101690 -0.033539
v 0.046289 -0.037855 -0.099810
v 0.011135 -0.058579 -0.115506
v 0.048907 -0.037251 -0.090485
v 0.047801 -0.100859 -0.002224
v 0.038666 -0.041885 -0.121554
v 0.047372 -0.099684 -0.008422
v 0.006369 -0.058366 -0.121175
v 0.041249 -0.040485 -0.113750
v 0.038403 -0.102228 -0.029096
v 0.051315 -0.036747 -0.081511
v 0.048741 -0.074392 -0.027531
v 0.042312 -0.040276 -0.109464
v 0.036783 -0.102058 -0.031431
v 0.024075 -0.099698 -0.044675
v 0.031927 -0.102467 -0.036610
v 0.021870 -0.099298 -0.046293
v 0.027014 -0.100070 -0.042364
v 0.042097 -0.076123 -0.043851
v 0.009818 -0.095261 -0.054365
v 0.013207 -0.073088 -0.078977
v 0.003720 -0.093399 -0.057092
v 0.036698 -0.076396 -0.053095
v 0.050800 -0.037864 -0.081487
v 0.026132 -0.075927 -0.066171
v 0.053778 -0.035415 -0.072869
v 0.028209 -0.075572 -0.064661
v 0.033721 -0.102694 -0.034639
v 0.039844 -0.041910 -0.114527
v 0.049679 -0.073489 -0.024788
v 0.016374 -0.098183 -0.049846
v 0.038062 -0.043209 -0.117390
v 0.004182 -0.070012 -0.087270
v 0.047452 -0.039020 -0.092335
v 0.050085 -0.038103 -0.083949
v 0.028054 -0.102777 -0.039777
v 0.007557 -0.095838 -0.054369
v 0.036831 -0.043577 -0.122412
v 0.001658 -0.069941 -0.087800
v 0.019895 -0.099613 -0.047137
v 0.040665 -0.076280 -0.046530
v 0.046019 -0.103227 -0.011245
v 0.006670 -0.071089 -0.084717
v 0.032560 -0.076895 -0.058138
v 0.036064 -0.043761 -0.127357
v 0.002005 -0.058123 -0.125626
v 0.011269 -0.097578 -0.052075
v 0.003852 -0.058439 -0.122488
v 0.034808 -0.076966 -0.055139
v 0.024006 -0.060336 -0.095136
v 0.025430 -0.102507 -0.041861
v 0.035268 -0.044879 -0.123495
v 0.029411 -0.103458 -0.038253
v 0.040503 -0.042701 -0.108553
v 0.016771 -0.100325 -0.048076
v 0.001890 -0.095183 -0.055649
v 0.004878 -0.096428 -0.054296
v 0.037164 -0.077712 -0.050875
v 0.012690 -0.099500 -0.050163
v 0.034524 -0.045166 -0.126858
v 0.046865 -0.103444 -0.006318
v 0.039485 -0.043356 -0.110256
v 0.008888 -0.099408 -0.051199
v 0.023683 -0.103782 -0.042148
v 0.019376 -0.103210 -0.044855
v 0.021343 -0.103507 -0.043669
v 0.033514 -0.045763 -0.129742
v 0.016953 -0.102858 -0.046185
v 0.046002 -0.106561 -0.007446
v 0.025401 -0.107093 -0.039010
v 0.006271 -0.100054 -0.051176
v 0.012968 -0.101840 -0.048329
v 0.002342 -0.098762 -0.052626
v 0.046492 -0.106797 -0.002184
v 0.054919 0.003064 -0.127450
v 0.054702 0.005764 -0.127342
v 0.054367 0.008345 -0.126946
v 0.053860 0.011165 -0.127187
v 0.053163 0.014122 -0.127224
v 0.052360 0.016849 -0.127553
v 0.051464 0.019418 -0.127487
v 0.050365 0.022116 -0.127106
v 0.049105 0.024782 -0.127320
v 0.047895 0.027045 -0.127440
v 0.046544 0.029312 -0.127503
v 0.044459 0.032381 -0.127156
v 0.043144 0.034118 -0.127353
v 0.053338 -0.013548 -0.168434
v 0.048596 -0.026820 -0.136031
v 0.047130 -0.029607 -0.133975
v 0.053032 0.014589 -0.180928
v 0.052480 0.016472 -0.182766
v 0.036368 -0.042633 -0.140123
v 0.035512 -0.043821 -0.133392
v 0.052058 0.017765 -0.181132
v 0.015899 -0.054916 -0.133185
v 0.022947 -0.051978 -0.134987
v 0.019674 -0.053615 -0.132726
v 0.023553 -0.051059 -0.143405
v 0.054241 0.009140 -0.173170
v 0.020097 -0.052468 -0.144659
v 0.034280 0.043017 -0.171894
v 0.032320 0.044504 -0.175472
v 0.052940 -0.014949 -0.176927
v 0.039349 -0.039583 -0.142734
v 0.028348 0.047139 -0.169306
v 0.025958 0.048493 -0.167504
v 0.054245 0.009114 -0.181020
v 0.043787 -0.034108 -0.147676
v 0.054644 -0.006236 -0.187427
v 0.053935 -0.011017 -0.156248
v 0.053359 -0.013598 -0.158028
v 0.026197 -0.049363 -0.148690
v 0.045427 -0.032385 -0.133423
v 0.048658 -0.026453 -0.143331
v 0.012510 -0.055586 -0.135868
v 0.046608 -0.030122 -0.142897
v 0.040836 -0.037705 -0.148168
v 0.047682 -0.028259 -0.143581
v 0.045282 -0.032232 -0.141929
v 0.051038 -0.020814 -0.159286
v 0.035308 -0.043262 -0.145315
v 0.043730 -0.033896 -0.155819
v 0.048574 -0.026197 -0.158444
v 0.048604 -0.025975 -0.166194
v 0.050750 -0.021429 -0.164786
v 0.049810 -0.023477 -0.169506
v 0.051976 -0.018036 -0.175566
v 0.033467 -0.045079 -0.140115
v 0.017623 -0.053692 -0.140694
v 0.029198 -0.048080 -0.140681
v 0.051228 -0.020080 -0.175597
v 0.050425 -0.022029 -0.175357
v 0.030695 0.045645 -0.168646
v 0.039129 -0.039340 -0.152982
v 0.010668 -0.055894 -0.136982
v 0.053269 -0.013695 -0.179764
v 0.036959 0.040732 -0.174436
v 0.029013 -0.047712 -0.148539
v 0.039275 -0.038640 -0.171056
v 0.038166 -0.039852 -0.166455
v 0.037341 -0.041290 -0.148351
v 0.030650 -0.046255 -0.156752
v 0.036465 -0.041313 -0.170774
v 0.032382 -0.044761 -0.164453
v 0.034185 -0.043369 -0.165147
v 0.030655 -0.045939 -0.165388
v 0.037697 -0.040154 -0.172956
v 0.033318 -0.043734 -0.182542
v 0.009363 -0.055982 -0.138850
v 0.037771 -0.039941 -0.183482
v 0.022720 -0.050893 -0.152341
v 0.020699 -0.051073 -0.170546
v 0.018658 -0.051943 -0.166843
v 0.038424 0.039360 -0.172875
v 0.042849 -0.034887 -0.160234
v 0.016122 -0.052845 -0.164936
v 0.016780 -0.052446 -0.172866
v 0.014965 -0.054549 -0.140515
v 0.019290 -0.051572 -0.173526
v 0.019907 -0.051260 -0.182248
v 0.018207 -0.051896 -0.180292
v 0.016377 -0.052500 -0.180765
v 0.040718 0.036978 -0.171849
v 0.047429 -0.028055 -0.167277
v 0.042342 0.035110 -0.171986
v 0.039560 0.038217 -0.182348
v 0.039511 0.038267 -0.169797
v 0.027550 -0.048178 -0.157027
v 0.004762 -0.057807 -0.126769
v 0.006130 -0.056741 -0.135716
v 0.039965 -0.038142 -0.162529
v 0.044565 -0.032390 -0.170239
v 0.043050 -0.034361 -0.171766
v 0.045635 0.030706 -0.172112
v 0.046961 0.028640 -0.171255
v 0.033416 -0.044661 -0.148033
v 0.031309 -0.046391 -0.144735
v 0.003647 -0.056831 -0.137203
v 0.044539 0.032269 -0.176073
v 0.046680 -0.029229 -0.170776
v 0.054619 -0.006813 -0.131236
v 0.048529 0.025895 -0.171342
v 0.048575 -0.025859 -0.176316
v 0.054259 -0.009509 -0.128039
v 0.043831 -0.033525 -0.163813
v 0.012641 -0.054796 -0.145280
v 0.041709 -0.036179 -0.163253
v 0.047211 -0.028268 -0.176553
v 0.042822 0.034516 -0.180772
v 0.017138 -0.053138 -0.151110
v 0.035356 -0.042747 -0.155420
v 0.049827 0.023299 -0.170277
v 0.040582 -0.037279 -0.170339
v 0.045872 -0.030399 -0.176479
v 0.050927 0.020787 -0.172056
v 0.051784 0.018535 -0.173330
v 0.054443 -0.008092 -0.145759
v 0.022598 -0.050544 -0.161203
v 0.025650 -0.049064 -0.161107
v 0.014437 -0.054002 -0.150368
v 0.043871 0.033178 -0.168041
v 0.019543 -0.052062 -0.155567
v 0.051337 0.019745 -0.182253
v 0.042304 -0.035105 -0.184624
v 0.007057 -0.056174 -0.140830
v 0.054427 -0.008144 -0.152801
v 0.050475 0.021860 -0.182287
v 0.053990 -0.010835 -0.146590
v 0.008141 -0.055479 -0.148124
v 0.010935 -0.054969 -0.148300
v 0.027719 -0.047756 -0.165904
v 0.011600 -0.053810 -0.173993
v 0.009373 -0.054296 -0.170440
v 0.011112 -0.054079 -0.166011
v 0.040457 -0.037224 -0.183080
v 0.008174 -0.054418 -0.175161
v 0.011203 -0.053845 -0.181957
v 0.009102 -0.054240 -0.181838
v 0.001966 0.054968 -0.173369
v 0.016050 0.052605 -0.176107
v 0.018061 0.051956 -0.173757
v 0.020052 0.051224 -0.168685
v 0.049854 -0.024112 -0.138750
v 0.005042 -0.055978 -0.146300
v 0.018429 -0.052250 -0.160339
v 0.023540 0.049713 -0.171585
v 0.051826 -0.018839 -0.152605
v 0.051777 -0.018807 -0.162313
v 0.035213 -0.042404 -0.169783
v 0.019692 0.051360 -0.183418
v 0.021426 0.050657 -0.177023
v 0.033334 -0.043881 -0.170910
v 0.022659 -0.050225 -0.170848
v 0.002662 -0.056517 -0.141487
v 0.021672 -0.050535 -0.182631
v 0.015901 -0.053230 -0.156875
v 0.023487 -0.049718 -0.182511
v 0.054821 -0.004693 -0.126053
v 0.054908 -0.003451 -0.131381
v 0.054994 -0.001079 -0.134457
v 0.054989 0.001114 -0.134787
v 0.051475 -0.020304 -0.131810
v 0.051119 -0.021091 -0.138395
v 0.050912 -0.021500 -0.143057
v 0.049799 -0.024008 -0.146585
v 0.031474 -0.045179 -0.174344
v 0.054923 0.003019 -0.172057
v 0.054996 0.000708 -0.168840
v 0.054992 -0.001162 -0.169861
v 0.042447 -0.036884 -0.126966
v 0.054914 -0.003122 -0.177823
v 0.029410 -0.046540 -0.174789
v 0.050843 -0.021491 -0.150580
v 0.047826 0.027174 -0.176111
v 0.040552 -0.038844 -0.132449
v 0.013281 -0.053911 -0.157578
v 0.048613 -0.026310 -0.151109
v 0.020428 -0.051384 -0.163408
v 0.054590 -0.006837 -0.169254
v 0.046857 0.028804 -0.180996
v 0.042604 -0.036151 -0.136506
v 0.049774 -0.023808 -0.156768
v 0.037780 -0.042135 -0.127283
v 0.054787 -0.005062 -0.147026
v 0.054993 -0.001565 -0.142073
v 0.026739 -0.048091 -0.177469
v 0.054988 -0.001660 -0.150370
v 0.048550 0.025856 -0.180684
v 0.054802 -0.004682 -0.175424
v 0.007137 -0.055181 -0.155528
v 0.010604 -0.054633 -0.155135
v 0.041085 -0.037884 -0.138563
v 0.025592 -0.048746 -0.174451
v 0.037374 -0.042091 -0.133647
v 0.039204 -0.040213 -0.134179
v 0.008081 -0.054763 -0.161961
v 0.054015 -0.010404 -0.175162
v 0.054378 -0.008319 -0.174082
v 0.055001 0.000446 -0.179932
v 0.002530 -0.055954 -0.149187
v 0.054799 -0.004877 -0.154717
v 0.054947 -0.002542 -0.158181
v 0.055000 0.000000 -0.158573
v 0.052058 -0.018366 -0.143434
v 0.052354 -0.017626 -0.133774
v 0.054983 -0.001469 -0.182578
v 0.042250 -0.036097 -0.147082
v 0.052408 0.016702 -0.168989
v 0.052620 -0.016300 -0.158100
v 0.052770 -0.015724 -0.163287
v 0.053749 -0.011788 -0.168234
v 0.013501 -0.053548 -0.165681
v 0.027098 -0.049361 -0.140645
v 0.025609 -0.050657 -0.134577
v 0.003827 -0.055512 -0.155443
v 0.023967 -0.049601 -0.171706
v 0.053080 0.014423 -0.170775
v 0.045007 -0.032029 -0.159383
v 0.002091 -0.055430 -0.158891
v 0.045660 -0.030877 -0.167481
v 0.007063 -0.054639 -0.170555
v 0.004664 -0.055097 -0.163449
v 0.033245 -0.044405 -0.156340
v 0.042082 -0.035568 -0.170428
v 0.036793 -0.041342 -0.159129
v 0.038203 -0.040004 -0.160050
v 0.014451 -0.053151 -0.171793
v 0.054680 0.005992 -0.168948
v 0.014729 -0.052986 -0.181717
v 0.002765 -0.055134 -0.166141
v 0.012729 -0.053501 -0.182277
v 0.005223 -0.054845 -0.170825
v 0.023585 0.049694 -0.180458
v 0.025108 0.048940 -0.172867
v 0.053397 -0.013567 -0.148496
v 0.002277 -0.054996 -0.173775
v 0.004225 -0.054839 -0.177847
v 0.002052 -0.054965 -0.180854
v 0.007030 0.054551 -0.175014
v 0.008791 0.054294 -0.175049
v 0.003814 0.054869 -0.175147
v 0.002110 0.054964 -0.180596
v 0.010938 0.053904 -0.170357
v 0.031147 0.045334 -0.182852
v 0.005802 0.054696 -0.181420
v 0.044611 -0.033441 -0.136798
v 0.047587 -0.028086 -0.154617
v 0.046500 -0.030034 -0.150525
v 0.031482 -0.047643 -0.126017
v 0.045260 -0.031950 -0.150221
v 0.030877 -0.047592 -0.131947
v 0.054656 0.006205 -0.180745
v 0.046153 -0.030331 -0.159292
v 0.044519 -0.032348 -0.176935
v 0.035864 0.041702 -0.169258
v 0.005539 0.054722 -0.171587
v 0.035503 0.042015 -0.182432
v 0.014506 0.053061 -0.167976
v 0.012646 0.053530 -0.174249
v 0.053836 0.011283 -0.168676
v 0.052683 -0.016239 -0.148808
v 0.054950 0.002396 -0.179852
v 0.038422 -0.040751 -0.138715
v 0.054600 0.000000 -0.189972
v 0.054600 0.000988 -0.187009
v 0.054600 -0.000988 -0.187009
v 0.054600 -0.002528 0.000000
v 0.054600 -0.005491 -0.000988
v 0.054600 -0.005491 0.000988
vn 0.3811 -0.8869 0.2609
vn 0.4274 -0.9038 0.0208
vn 0.0630 -0.7160 -0.6952
vn 0.0558 -0.7032 -0.7088
vn 0.3610 -0.9297 -0.0727
vn 0.2960 -0.9433 -0.1500
vn 0.2440 -0.9639 0.1062
vn 0.2189 -0.9436 -0.2485
vn 0.5968 -0.7985 -0.0789
vn 0.0434 -0.9552 0.2926
vn 0.1461 -0.9341 -0.3256
vn 0.3821 -0.7013 0.6018
vn 0.0911 -0.9944 -0.0538
vn 0.4063 -0.8483 -0.3397
vn 0.0033 -0.9864 -0.1641
vn 0.2384 -0.8455 0.4778
vn 0.0154 -0.9892 -0.1457
vn 0.5510 -0.7171 0.4267
vn 0.1898 -0.7874 -0.5866
vn 0.1589 -0.8931 0.4208
vn 0.4787 -0.8761 0.0567
vn 0.1120 -0.7472 -0.6551
vn 0.4275 -0.8506 0.3061
vn 0.7604 -0.6440 0.0843
vn 0.0206 -0.9655 0.2594
vn 0.3602 -0.7314 0.5791
vn 0.6406 -0.7668 -0.0407
vn 0.2549 -0.9487 -0.1870
vn 0.1737 -0.9407 -0.2916
vn 0.2853 -0.8058 0.5188
vn 0.0461 -0.8953 -0.4431
vn 0.3805 -0.8485 -0.3678
vn 0.2446 -0.8063 -0.5386
vn 0.2397 -0.8050 -0.5426
vn 0.0629 -0.9522 0.2989
vn 0.3306 -0.7743 0.5396
vn 0.0171 -0.6600 -0.7510
vn 0.3338 -0.9180 0.2141
vn 0.2635 -0.9567 0.1234
vn 0.1056 -0.9322 0.3461
vn 0.1038 -0.9333 0.3438
vn 0.1903 -0.9809 0.0400
vn 0.1563 -0.9336 -0.3224
vn 0.0248 -0.9650 0.2610
vn 0.1082 -0.9932 -0.0428
vn 0.0188 -0.8810 -0.4727
vn 0.6694 -0.7016 0.2442
vn 0.5153 -0.7693 0.3776
vn 0.0671 -0.6890 -0.7216
vn 0.5504 -0.8244 0.1322
vn 0.7021 -0.7119 0.0161
vn 0.4502 -0.8338 0.3195
vn 0.7071 -0.7064 0.0314
vn 0.4816 -0.8746 0.0561
vn 0.0061 -0.9759 0.2182
vn 0.3025 -0.9378 0.1704
vn 0.3429 -0.9347 -0.0936
vn 0.5279 -0.8262 -0.1969
vn 0.2699 -0.9442 -0.1890
vn 0.1646 -0.9863 -0.0059
vn 0.1208 -0.9246 -0.3613
vn 0.0753 -0.9928 -0.0935
vn 0.0722 -0.9037 -0.4219
vn 0.0884 -0.9927 -0.0826
vn 0.1120 -0.7157 -0.6893
vn 0.1429 -0.9205 0.3635
vn 0.7062 -0.6530 0.2737
vn 0.0322 -0.6548 -0.7551
vn 0.1380 -0.9239 0.3568
vn 0.5572 -0.7269 0.4013
vn 0.7419 -0.6672 0.0669
vn 0.7506 -0.6570 0.0703
vn 0.6251 -0.7769 -0.0752
vn 0.4069 -0.9125 -0.0426
vn 0.2506 -0.8461 0.4705
vn 0.4477 -0.8409 -0.3041
vn 0.3772 -0.8349 -0.4008
vn 0.1898 -0.8947 0.4043
vn 0.3083 -0.8204 -0.4816
vn 0.2135 -0.9754 0.0552
vn 0.1546 -0.7429 -0.6513
vn 0.1690 -0.7552 -0.6333
vn 0.4390 -0.6606 0.6090
vn 0.0411 -0.8852 -0.4633
vn 0.3767 -0.7425 0.5539
vn 0.5945 -0.6823 0.4255
vn 0.6681 -0.7430 -0.0394
vn 0.5661 -0.8120 0.1423
vn 0.4888 -0.8327 -0.2601
vn 0.4928 -0.8320 -0.2549
vn 0.5130 -0.8551 0.0753
vn 0.3932 -0.8838 0.2534
vn 0.4440 -0.8960 0.0095
vn 0.4169 -0.6963 0.5843
vn 0.1875 -0.9823 0.0035
vn 0.0575 -0.6617 -0.7476
vn 0.2854 -0.8286 0.4817
vn 0.0046 -0.8648 -0.5020
vn 0.2141 -0.8817 0.4204
vn 0.5440 -0.8133 -0.2063
vn 0.6163 -0.7675 0.1765
vn 0.5087 -0.7885 0.3456
vn 0.6135 -0.7706 0.1724
vn 0.5189 -0.7785 0.3531
vn 0.0639 -0.9680 0.2426
vn 0.3354 -0.8223 -0.4598
vn 0.3111 -0.9372 0.1576
vn 0.3349 -0.7923 0.5100
vn 0.3305 -0.7957 0.5075
vn 0.1231 -0.7066 -0.6969
vn 0.7334 -0.6787 0.0392
vn 0.2820 -0.9377 -0.2030
vn 0.1904 -0.9089 0.3710
vn 0.5734 -0.8050 -0.1521
vn 0.0147 -0.9781 -0.2076
vn 0.0161 -0.9796 -0.2001
vn 0.4398 -0.8311 -0.3405
vn 0.3827 -0.8288 -0.4083
vn 0.3729 -0.7548 0.5396
vn 0.3096 -0.8119 -0.4950
vn 0.2263 -0.7750 -0.5900
vn 0.4275 -0.8615 0.2741
vn 0.3570 -0.9134 0.1954
vn 0.3927 -0.9169 -0.0717
vn 0.3272 -0.9320 -0.1559
vn 0.0844 -0.9618 0.2606
vn 0.5532 -0.8078 -0.2033
vn 0.0886 -0.9582 0.2721
vn 0.4821 -0.8279 -0.2867
vn 0.4273 -0.7047 0.5664
vn 0.1024 -0.8981 -0.4277
vn 0.3493 -0.8176 -0.4577
vn 0.2771 -0.7949 -0.5398
vn 0.0668 -0.9870 -0.1465
vn 0.1419 -0.7040 -0.6959
vn 0.4017 -0.8871 0.2274
vn 0.4515 -0.8922 -0.0156
vn 0.4419 -0.8964 -0.0339
vn 0.5969 -0.7893 -0.1437
vn 0.4674 -0.6646 0.5829
vn 0.5231 -0.8155 -0.2475
vn 0.4770 -0.6558 0.5851
vn 0.2383 -0.9348 -0.2634
vn 0.2467 -0.8749 0.4168
vn 0.2623 -0.8634 0.4311
vn 0.1038 -0.6847 -0.7214
vn 0.0141 -0.8566 -0.5157
vn 0.6379 -0.6502 0.4126
vn 0.5733 -0.7258 0.3802
vn 0.6427 -0.7599 -0.0976
vn 0.0400 -0.9794 0.1980
vn 0.3823 -0.7640 0.5198
vn 0.4462 -0.8248 -0.3473
vn 0.3104 -0.8285 0.4661
vn 0.3530 -0.9265 -0.1302
vn 0.3014 -0.9462 0.1173
vn 0.2820 -0.9292 -0.2388
vn 0.2331 -0.7671 -0.5977
vn 0.1632 -0.7275 -0.6664
vn 0.1536 -0.9868 -0.0505
vn 0.0834 -0.6488 -0.7564
vn 0.1389 -0.9103 -0.3899
vn 0.6812 -0.7296 -0.0611
vn 0.0151 -0.9878 0.1549
vn 0.0107 -0.9912 0.1316
vn 0.7246 -0.6494 0.2308
vn 0.6163 -0.6803 0.3967
vn 0.4245 -0.7182 0.5513
vn 0.4228 -0.7203 0.5499
vn 0.5292 -0.8458 0.0677
vn 0.4891 -0.8199 0.2975
vn 0.2888 -0.8572 0.4263
vn 0.3479 -0.9246 0.1555
vn 0.2892 -0.7846 -0.5485
vn 0.2106 -0.7418 -0.6367
vn 0.7165 -0.6973 -0.0209
vn 0.1319 -0.9478 0.2903
vn 0.1273 -0.9512 0.2810
vn 0.1898 -0.9125 -0.3623
vn 0.0657 -0.9754 0.2103
vn 0.4683 -0.6789 0.5655
vn 0.6860 -0.6954 0.2141
vn 0.3230 -0.8233 0.4667
vn 0.7507 -0.6606 0.0080
vn 0.3887 -0.8996 0.1991
vn 0.7666 -0.6419 0.0165
vn 0.0345 -0.9852 0.1678
vn 0.2313 -0.9240 -0.3044
vn 0.2601 -0.9642 0.0520
vn 0.3703 -0.7831 0.4996
vn 0.2521 -0.9667 0.0438
vn 0.2412 -0.9249 -0.2938
vn 0.1486 -0.9080 -0.3918
vn 0.4456 -0.8114 -0.3781
vn 0.0046 -0.8365 -0.5479
vn 0.1677 -0.9372 0.3059
vn 0.6380 -0.6551 0.4048
vn 0.6496 -0.6481 0.3974
vn 0.1589 -0.6902 -0.7059
vn 0.5736 -0.7380 0.3555
vn 0.5025 -0.8080 0.3075
vn 0.6696 -0.7369 -0.0929
vn 0.5546 -0.8279 0.0840
vn 0.6093 -0.7785 -0.1507
vn 0.4478 -0.8570 0.2550
vn 0.5092 -0.6442 0.5707
vn 0.4874 -0.8081 -0.3307
vn 0.4965 -0.8093 -0.3140
vn 0.4159 -0.8101 -0.4132
vn 0.3101 -0.9448 0.1061
vn 0.2049 -0.7180 -0.6652
vn 0.2104 -0.9123 0.3513
vn 0.1653 -0.9838 -0.0686
vn 0.2165 -0.7301 -0.6482
vn 0.2117 -0.9162 0.3402
vn 0.0625 -0.8735 -0.4829
vn 0.0856 -0.9825 -0.1656
vn 0.0618 -0.8551 -0.5148
vn 0.7224 -0.6550 0.2214
vn 0.6501 -0.7374 0.1835
vn 0.6129 -0.6924 0.3807
vn 0.6001 -0.7911 0.1184
vn 0.5445 -0.7669 0.3396
vn 0.3350 -0.7867 -0.5186
vn 0.3233 -0.7756 -0.5422
vn 0.4117 -0.9047 -0.1094
vn 0.3348 -0.9210 -0.1994
vn 0.3365 -0.9209 -0.1968
vn 0.2602 -0.8904 0.3734
vn 0.1195 -0.6550 -0.7461
vn 0.1756 -0.9363 0.3041
vn 0.1206 -0.8830 -0.4535
vn 0.1062 -0.8744 -0.4734
vn 0.6288 -0.7640 -0.1446
vn 0.2191 -0.9756 -0.0162
vn 0.1363 -0.9845 -0.1108
vn 0.5735 -0.7905 -0.2151
vn 0.3982 -0.7867 -0.4718
vn 0.3756 -0.7914 -0.4822
vn 0.3853 -0.7900 0.4769
vn 0.5139 -0.8578 0.0110
vn 0.3043 -0.8594 0.4109
vn 0.3768 -0.9157 -0.1395
vn 0.0873 -0.9767 0.1961
vn 0.2543 -0.9670 0.0136
vn 0.0063 -0.9968 0.0795
vn 0.0189 -0.9931 0.1161
vn 0.4148 -0.8120 -0.4106
vn 0.4282 -0.7472 0.5083
vn 0.4228 -0.7517 0.5062
vn 0.2756 -0.7532 -0.5972
vn 0.0445 -0.9681 -0.2464
vn 0.6648 -0.7266 0.1735
vn 0.1215 -0.6541 -0.7466
vn 0.6185 -0.7756 0.1261
vn 0.7017 -0.7103 -0.0559
vn 0.6047 -0.7702 -0.2028
vn 0.4437 -0.8688 0.2197
vn 0.5443 -0.7893 -0.2842
vn 0.1315 -0.9646 0.2285
vn 0.1451 -0.9584 0.2458
vn 0.2108 -0.9074 -0.3635
vn 0.1272 -0.8820 -0.4537
vn 0.2321 -0.9726 -0.0133
vn 0.7430 -0.6689 -0.0239
vn 0.0693 -0.8507 -0.5211
vn 0.1519 -0.9831 -0.1019
vn 0.1906 -0.9397 0.2839
vn 0.0843 -0.9786 -0.1875
vn 0.5340 -0.8445 0.0407
vn 0.3692 -0.7806 -0.5044
vn 0.4893 -0.8307 0.2654
vn 0.4845 -0.8355 0.2591
vn 0.1570 -0.6562 -0.7381
vn 0.1636 -0.6603 -0.7330
vn 0.6806 -0.7224 -0.1221
vn 0.3690 -0.9213 0.1225
vn 0.0378 -0.8262 -0.5622
vn 0.6843 -0.7054 0.1850
vn 0.1306 -0.9811 -0.1426
vn 0.5807 -0.8114 0.0673
vn 0.2890 -0.7401 -0.6072
vn 0.0871 -0.9852 0.1474
vn 0.2102 -0.6921 -0.6905
vn 0.5138 -0.8579 0.0074
vn 0.2111 -0.6930 -0.6893
vn 0.5015 -0.8650 -0.0175
vn 0.4585 -0.8850 -0.0808
vn 0.3523 -0.8239 0.4440
vn 0.3834 -0.9055 -0.1816
vn 0.5251 -0.7927 -0.3098
vn 0.4076 -0.8974 0.1688
vn 0.3014 -0.9189 -0.2546
vn 0.2306 -0.9104 -0.3434
vn 0.2796 -0.8893 0.3620
vn 0.1681 -0.8888 -0.4264
vn 0.3396 -0.7570 -0.5583
vn 0.2554 -0.7170 -0.6486
vn 0.0803 -0.8484 -0.5233
vn 0.0143 -0.6633 0.7482
vn 0.7469 -0.6639 -0.0375
vn 0.1261 -0.9704 0.2061
vn 0.7524 -0.6573 -0.0429
vn 0.0441 -0.6547 0.7546
vn 0.0099 -0.6884 0.7252
vn 0.0647 -0.9921 0.1071
vn 0.5807 -0.7730 -0.2553
vn 0.4696 -0.7146 0.5184
vn 0.0349 -0.9636 -0.2651
vn 0.0634 -0.6621 0.7467
vn 0.3835 -0.7636 -0.5194
vn 0.0378 -0.7025 0.7107
vn 0.0857 -0.6523 0.7531
vn 0.4523 -0.8672 0.2084
vn 0.2806 -0.9120 -0.2994
vn 0.7201 -0.6898 -0.0746
vn 0.3664 -0.9222 0.1239
vn 0.0626 -0.6949 0.7164
vn 0.1805 -0.9527 0.2444
vn 0.1171 -0.6569 0.7448
vn 0.2172 -0.8981 -0.3824
vn 0.6167 -0.7579 -0.2126
vn 0.3101 -0.9492 0.0530
vn 0.3152 -0.9473 0.0578
vn 0.4863 -0.7821 -0.3896
vn 0.4207 -0.7737 -0.4737
vn 0.1124 -0.6518 0.7500
vn 0.5886 -0.8054 0.0702
vn 0.2848 -0.7285 -0.6231
vn 0.0275 -0.7305 0.6824
vn 0.0883 -0.9767 -0.1956
vn 0.0810 -0.6993 0.7103
vn 0.3078 -0.8718 0.3811
vn 0.6468 -0.7456 -0.1606
vn 0.2386 -0.9192 0.3132
vn 0.3250 -0.9114 -0.2525
vn 0.3340 -0.9110 -0.2420
vn 0.5614 -0.7703 0.3023
vn 0.0827 -0.9845 0.1545
vn 0.1166 -0.6842 0.7199
vn 0.3209 -0.7369 -0.5950
vn 0.0458 -0.7456 0.6648
vn 0.1116 -0.8537 -0.5087
vn 0.0174 -0.9981 0.0592
vn 0.4888 -0.6961 0.5259
vn 0.0462 -0.8161 -0.5761
vn 0.7581 -0.6499 -0.0539
vn 0.4098 -0.7834 0.4672
vn 0.0208 -0.7738 0.6331
vn 0.3609 -0.8342 0.4170
vn 0.3589 -0.8360 0.4151
vn 0.6335 -0.7652 0.1146
vn 0.6342 -0.7458 -0.2039
vn 0.2054 -0.9760 -0.0722
vn 0.5683 -0.8223 0.0307
vn 0.2104 -0.9752 -0.0680
vn 0.5648 -0.7760 -0.2807
vn 0.5070 -0.7776 -0.3719
vn 0.5127 -0.7794 -0.3600
vn 0.4466 -0.7772 -0.4434
vn 0.0264 -0.7725 0.6345
vn 0.1652 -0.6551 0.7373
vn 0.3683 -0.7483 -0.5518
vn 0.4337 -0.8938 -0.1138
vn 0.6682 -0.6472 0.3668
vn 0.3797 -0.9076 -0.1792
vn 0.5953 -0.7351 0.3245
vn 0.0071 -0.7981 0.6025
vn 0.1344 -0.6892 0.7120
vn 0.6629 -0.7317 -0.1587
vn 0.5289 -0.6543 0.5404
vn 0.6112 -0.7516 -0.2481
vn 0.4627 -0.7369 0.4929
vn 0.0171 -0.7952 -0.6061
vn 0.1762 -0.6690 0.7220
vn 0.7309 -0.6543 0.1942
vn 0.0881 -0.7435 0.6629
vn 0.0954 -0.7380 0.6680
vn 0.2108 -0.6571 -0.7237
vn 0.2048 -0.6537 -0.7285
vn 0.1944 -0.9536 0.2300
vn 0.5376 -0.7686 -0.3468
vn 0.1743 -0.6687 0.7228
vn 0.0270 -0.9981 0.0557
vn 0.4609 -0.7695 -0.4420
vn 0.5091 -0.6889 0.5159
vn 0.6285 -0.6961 0.3471
vn 0.2914 -0.9039 -0.3132
vn 0.2634 -0.6920 -0.6721
vn 0.2546 -0.6854 -0.6822
vn 0.3756 -0.9199 0.1128
vn 0.2083 -0.6526 0.7285
vn 0.2304 -0.9315 0.2814
vn 0.1455 -0.7197 0.6789
vn 0.1345 -0.7309 0.6691
vn 0.0698 -0.7837 0.6172
vn 0.0810 -0.9688 -0.2343
vn 0.6175 -0.7438 -0.2558
vn 0.5453 -0.7632 -0.3466
vn 0.1859 -0.8827 -0.4316
vn 0.0923 -0.7767 0.6230
vn 0.5463 -0.7873 0.2858
vn 0.4856 -0.7672 -0.4191
vn 0.2808 -0.9058 0.3173
vn 0.4264 -0.7563 -0.4961
vn 0.4169 -0.7516 -0.5111
vn 0.4895 -0.8454 0.2138
vn 0.0273 -0.7973 -0.6029
vn 0.2879 -0.9014 0.3232
vn 0.4235 -0.8916 0.1603
vn 0.7089 -0.6940 -0.1256
vn 0.1465 -0.9729 0.1787
vn 0.6517 -0.7277 -0.2140
vn 0.1863 -0.7097 0.6794
vn 0.1944 -0.6969 0.6903
vn 0.1317 -0.9806 0.1454
vn 0.5133 -0.8568 -0.0487
vn 0.5067 -0.8597 -0.0653
vn 0.0732 -0.9935 0.0868
vn 0.5302 -0.6631 0.5283
vn 0.4461 -0.8844 -0.1373
vn 0.0361 -0.8275 0.5603
vn 0.0458 -0.8186 0.5725
vn 0.4710 -0.7387 0.4822
vn 0.3120 -0.8977 -0.3110
vn 0.2646 -0.6466 -0.7154
vn 0.2472 -0.6496 0.7189
vn 0.2379 -0.6563 0.7160
vn 0.2678 -0.6439 -0.7167
vn 0.7583 -0.6472 -0.0781
vn 0.1683 -0.8576 -0.4859
vn 0.5963 -0.7460 0.2965
vn 0.5786 -0.7546 -0.3095
vn 0.1003 -0.8226 -0.5597
vn 0.0007 -0.7760 -0.6307
vn 0.3861 -0.7260 -0.5691
vn 0.6706 -0.7303 0.1300
vn 0.3120 -0.6898 -0.6534
vn 0.6614 -0.7406 0.1183
vn 0.4032 -0.9090 0.1052
vn 0.3064 -0.6826 -0.6634
vn 0.0560 -0.8152 0.5764
vn 0.7248 -0.6804 -0.1085
vn 0.5548 -0.8318 -0.0159
vn 0.6764 -0.7124 -0.1870
vn 0.4813 -0.8725 -0.0842
vn 0.1968 -0.9716 -0.1312
vn 0.1082 -0.7806 0.6156
vn 0.2308 -0.6849 0.6911
vn 0.3604 -0.7068 -0.6087
vn 0.2753 -0.8964 -0.3473
vn 0.2054 -0.8811 -0.4260
vn 0.1343 -0.8473 -0.5139
vn 0.2393 -0.9330 0.2690
vn 0.5927 -0.7425 -0.3121
vn 0.4490 -0.8772 0.1702
vn 0.4712 -0.7375 -0.4838
vn 0.7106 -0.6854 0.1589
vn 0.0046 -0.9999 -0.0095
vn 0.7413 -0.6614 -0.1142
vn 0.5534 -0.6542 0.5155
vn 0.3038 -0.9527 -0.0019
vn 0.4975 -0.7264 0.4742
vn 0.4260 -0.7963 0.4295
vn 0.4268 -0.7884 0.4429
vn 0.5127 -0.7466 -0.4239
vn 0.1577 -0.9735 -0.1658
vn 0.3337 -0.8977 -0.2878
vn 0.3463 -0.8641 0.3652
vn 0.3698 -0.7074 -0.6023
vn 0.0446 -0.8482 0.5278
vn 0.1594 -0.7611 0.6288
vn 0.0130 -0.9425 -0.3340
vn 0.6104 -0.7330 -0.3002
vn 0.1527 -0.7685 0.6214
vn 0.5657 -0.7380 -0.3679
vn 0.6870 -0.7161 0.1235
vn 0.4319 -0.7249 -0.5366
vn 0.5765 -0.8171 0.0014
vn 0.4238 -0.8964 0.1295
vn 0.4373 -0.8836 -0.1676
vn 0.3571 -0.9328 0.0489
vn 0.6514 -0.7175 -0.2467
vn 0.3951 -0.8245 0.4052
vn 0.5244 -0.7435 -0.4149
vn 0.0526 -0.8512 0.5222
vn 0.4727 -0.7360 -0.4846
vn 0.2105 -0.9700 -0.1217
vn 0.1416 -0.9677 -0.2087
vn 0.7455 -0.6554 -0.1212
vn 0.1208 -0.8097 0.5743
vn 0.1086 -0.8208 0.5608
vn 0.6918 -0.6963 -0.1912
vn 0.1706 -0.8529 -0.4934
vn 0.1845 -0.9657 0.1829
vn 0.6506 -0.6845 0.3288
vn 0.0798 -0.8122 -0.5779
vn 0.5893 -0.7479 0.3056
vn 0.7258 -0.6701 0.1556
vn 0.5362 -0.8097 0.2382
vn 0.0475 -0.9986 0.0215
vn 0.6175 -0.7850 0.0501
vn 0.3048 -0.6500 -0.6961
vn 0.5171 -0.7028 0.4886
vn 0.3135 -0.6643 -0.6786
vn 0.5445 -0.8376 -0.0453
vn 0.0129 -0.8849 0.4655
vn 0.2873 -0.6612 0.6931
vn 0.2089 -0.7373 0.6425
vn 0.4978 -0.7244 -0.4770
vn 0.1980 -0.7501 0.6310
vn 0.2639 -0.9628 -0.0584
vn 0.4215 -0.7137 -0.5595
vn 0.2547 -0.9644 -0.0714
vn 0.3525 -0.6909 -0.6312
vn 0.2302 -0.9447 0.2334
vn 0.2846 -0.8865 -0.3648
vn 0.1872 -0.9697 -0.1573
vn 0.7086 -0.6825 -0.1793
vn 0.1135 -0.9593 -0.2587
vn 0.6539 -0.7143 -0.2493
vn 0.5883 -0.7238 -0.3607
vn 0.2593 -0.6971 0.6685
vn 0.4651 -0.7169 -0.5194
vn 0.0942 -0.9928 0.0738
vn 0.5749 -0.6576 0.4869
vn 0.5104 -0.8372 0.1964
vn 0.1109 -0.8334 0.5413
vn 0.5129 -0.7241 -0.4611
vn 0.3494 -0.8651 0.3597
vn 0.3074 -0.6465 0.6982
vn 0.3120 -0.9499 -0.0201
vn 0.2740 -0.9241 0.2664
vn 0.1656 -0.7986 0.5786
vn 0.4004 -0.8891 -0.2218
vn 0.7194 -0.6704 -0.1818
vn 0.7400 -0.6540 -0.1575
vn 0.2613 -0.8794 -0.3980
vn 0.5446 -0.7313 -0.4107
vn 0.0173 -0.8939 0.4480
vn 0.4301 -0.6976 -0.5730
vn 0.2833 -0.6803 0.6760
vn 0.1410 -0.9837 0.1113
vn 0.3670 -0.6426 -0.6726
vn 0.1411 -0.9818 0.1269
vn 0.0592 -0.9981 0.0169
vn 0.0040 -0.9315 -0.3638
vn 0.6652 -0.6659 0.3377
vn 0.6378 -0.7679 0.0597
vn 0.4674 -0.7620 0.4482
vn 0.5490 -0.7991 0.2451
vn 0.0633 -0.8656 0.4968
vn 0.6855 -0.6874 -0.2399
vn 0.2556 -0.7230 0.6418
vn 0.6365 -0.7071 -0.3080
vn 0.3246 -0.8928 0.3123
vn 0.3877 -0.8862 -0.2536
vn 0.3759 -0.6577 -0.6527
vn 0.2338 -0.8685 -0.4371
vn 0.1189 -0.8388 0.5313
vn 0.0310 -0.8973 0.4403
vn 0.1006 -0.9921 0.0746
vn 0.1470 -0.9637 -0.2227
vn 0.4216 -0.6787 -0.6014
vn 0.7317 -0.6658 0.1462
vn 0.0411 -0.9437 -0.3282
vn 0.0657 -0.9472 -0.3139
vn 0.6538 -0.7010 -0.2848
vn 0.6036 -0.7064 -0.3697
vn 0.0777 -0.8686 0.4893
vn 0.5430 -0.7052 -0.4559
vn 0.4093 -0.6525 -0.6377
vn 0.5274 -0.8242 0.2063
vn 0.4677 -0.8705 0.1533
vn 0.4858 -0.8638 -0.1341
vn 0.7306 -0.6510 -0.2061
vn 0.0822 -0.9963 0.0260
vn 0.1342 -0.8193 -0.5574
vn 0.3360 -0.6555 0.6763
vn 0.5602 -0.7072 -0.4314
vn 0.3518 -0.6451 0.6784
vn 0.4867 -0.6934 -0.5313
vn 0.2590 -0.7246 0.6386
vn 0.0108 -0.9984 -0.0564
vn 0.0171 -0.9989 -0.0429
vn 0.0661 -0.7800 -0.6223
vn 0.4266 -0.6665 -0.6115
vn 0.1147 -0.9568 -0.2672
vn 0.6521 -0.7563 0.0523
vn 0.1815 -0.8015 0.5698
vn 0.5942 -0.8043 -0.0061
vn 0.1183 -0.8516 0.5106
vn 0.6293 -0.7231 0.2847
vn 0.6981 -0.6680 -0.2579
vn 0.6852 -0.6713 -0.2827
vn 0.6236 -0.6932 -0.3614
vn 0.6387 -0.6925 -0.3353
vn 0.3900 -0.8856 -0.2523
vn 0.5086 -0.6919 -0.5124
vn 0.4465 -0.6535 -0.6112
vn 0.2607 -0.8675 -0.4236
vn 0.3701 -0.9283 0.0361
vn 0.1885 -0.8450 -0.5004
vn 0.2953 -0.9541 -0.0505
vn 0.4842 -0.6756 -0.5560
vn 0.7031 -0.6633 -0.2562
vn 0.7192 -0.6519 -0.2403
vn 0.2440 -0.9616 -0.1255
vn 0.7299 -0.6676 0.1470
vn 0.5853 -0.6907 -0.4247
vn 0.7014 -0.7062 0.0966
vn 0.2248 -0.7798 0.5842
vn 0.4110 -0.8339 0.3684
vn 0.4839 -0.6485 -0.5876
vn 0.0754 -0.9461 -0.3150
vn 0.3291 -0.8929 0.3072
vn 0.0166 -0.9226 -0.3854
vn 0.4489 -0.8707 -0.2009
vn 0.4433 -0.8719 -0.2081
vn 0.2574 -0.9434 0.2092
vn 0.3654 -0.8838 -0.2921
vn 0.3238 -0.6843 0.6533
vn 0.4887 -0.6683 -0.5609
vn 0.4878 -0.6508 -0.5819
vn 0.4220 -0.9037 0.0725
vn 0.2339 -0.8526 -0.4673
vn 0.5392 -0.6704 -0.5097
vn 0.6874 -0.6541 -0.3157
vn 0.0905 -0.7860 -0.6116
vn 0.5749 -0.6582 0.4860
vn 0.6846 -0.6519 -0.3261
vn 0.6775 -0.6547 -0.3352
vn 0.6775 -0.6495 -0.3452
vn 0.6325 -0.6519 -0.4183
vn 0.5549 -0.6692 -0.4942
vn 0.6742 -0.7350 0.0722
vn 0.5535 -0.6684 -0.4969
vn 0.0498 -0.9142 0.4022
vn 0.6615 -0.6468 -0.3795
vn 0.6028 -0.6662 -0.4392
vn 0.3896 -0.8572 0.3367
vn 0.6138 -0.7895 0.0027
vn 0.5332 -0.6530 -0.5379
vn 0.6429 -0.6601 -0.3885
vn 0.2312 -0.7793 0.5824
vn 0.5867 -0.6564 -0.4743
vn 0.6146 -0.6579 -0.4352
vn 0.4978 -0.8554 -0.1431
vn 0.6523 -0.6935 0.3060
vn 0.7770 -0.6286 0.0345
vn 0.0891 -0.8881 0.4508
vn 0.0923 -0.8847 0.4569
vn 0.2004 -0.8437 -0.4980
vn 0.4676 -0.8766 0.1138
vn 0.1395 -0.8163 -0.5605
vn 0.0570 -0.7583 -0.6494
vn 0.5446 -0.6956 0.4686
vn 0.4906 -0.7613 0.4240
vn 0.1378 -0.8607 0.4901
vn 0.2645 -0.9578 -0.1128
vn 0.1013 -0.9488 -0.2991
vn 0.3282 -0.6918 0.6431
vn 0.3224 -0.7054 0.6313
vn 0.2919 -0.9244 0.2456
vn 0.3224 -0.8719 -0.3685
vn 0.0390 -0.9220 -0.3853
vn 0.3366 -0.8733 -0.3521
vn 0.2691 -0.7545 0.5986
vn 0.2029 -0.9695 0.1375
vn 0.1855 -0.8274 0.5300
vn 0.2068 -0.9652 0.1599
vn 0.5739 -0.7864 0.2286
vn 0.5081 -0.8462 0.1606
vn 0.0602 -0.9976 -0.0332
vn 0.0324 -0.9233 0.3827
vn 0.3726 -0.6466 0.6656
vn 0.6905 -0.7199 0.0699
vn 0.4649 -0.7936 0.3925
vn 0.3857 -0.8591 0.3364
vn 0.5143 -0.8459 -0.1415
vn 0.3738 -0.8729 -0.3134
vn 0.0014 -0.9101 -0.4143
vn 0.1336 -0.8763 0.4629
vn 0.7199 -0.6870 0.0992
vn 0.4152 -0.9084 0.0502
vn 0.3503 -0.9363 -0.0250
vn 0.5122 -0.7392 0.4374
vn 0.2828 -0.9520 -0.1176
vn 0.5682 -0.8190 -0.0802
vn 0.3663 -0.8799 0.3027
vn 0.2122 -0.9586 -0.1902
vn 0.4219 -0.8661 -0.2682
vn 0.1879 -0.8288 0.5271
vn 0.3463 -0.8708 -0.3491
vn 0.2830 -0.8556 -0.4333
vn 0.1655 -0.9826 0.0847
vn 0.6015 -0.7632 0.2360
vn 0.6012 -0.7636 0.2356
vn 0.0531 -0.7395 -0.6710
vn 0.0607 -0.7505 -0.6581
vn 0.3843 -0.6624 0.6430
vn 0.0097 -0.9938 -0.1110
vn 0.4678 -0.8765 0.1133
vn 0.0206 -0.9956 -0.0913
vn 0.4908 -0.7710 0.4059
vn 0.5386 -0.8340 -0.1199
vn 0.0858 -0.9103 0.4050
vn 0.1801 -0.9553 -0.2344
vn 0.0935 -0.9065 0.4117
vn 0.0140 -0.9441 0.3293
vn 0.1887 -0.8143 -0.5489
vn 0.1804 -0.8108 -0.5568
vn 0.1120 -0.7789 -0.6170
vn 0.6989 -0.6415 0.3163
vn 0.1404 -0.9889 0.0479
vn 0.7626 -0.6361 0.1178
vn 0.6299 -0.7766 -0.0061
vn 0.5190 -0.8428 0.1424
vn 0.4634 -0.8041 0.3723
vn 0.3307 -0.7185 0.6118
vn 0.3766 -0.9264 -0.0054
vn 0.3768 -0.9263 -0.0049
vn 0.4387 -0.8628 -0.2511
vn 0.3240 -0.9151 0.2402
vn 0.1803 -0.8520 0.4916
vn 0.3348 -0.9073 0.2545
vn 0.3131 -0.9456 -0.0886
vn 0.3140 -0.8504 -0.4221
vn 0.2523 -0.9526 0.1698
vn 0.2618 -0.9478 0.1822
vn 0.0422 -0.9368 0.3473
vn 0.0978 -0.9288 -0.3573
vn 0.0182 -0.6983 -0.7156
vn 0.3739 -0.6790 0.6318
vn 0.1206 -0.9927 0.0069
vn 0.2998 -0.7554 0.5826
vn 0.2278 -0.8249 0.5174
vn 0.1560 -0.8804 0.4479
vn 0.5420 -0.8319 -0.1192
vn 0.4789 -0.8550 -0.1991
vn 0.4436 -0.8223 0.3565
vn 0.4239 -0.8599 -0.2843
vn 0.1394 -0.7830 -0.6062
vn 0.1625 -0.9850 0.0588
vn 0.0596 -0.9180 -0.3921
vn 0.6592 -0.7519 0.0131
vn 0.5941 -0.8007 -0.0771
vn 0.5541 -0.7170 0.4230
vn 0.4181 -0.6458 0.6388
vn 0.3959 -0.8613 -0.3184
vn 0.4623 -0.8833 0.0782
vn 0.3294 -0.8555 -0.3996
vn 0.2618 -0.8368 -0.4808
vn 0.2618 -0.8019 0.5371
vn 0.1904 -0.8644 0.4654
vn 0.1927 -0.8606 0.4715
vn 0.2150 -0.9707 0.1069
vn 0.2081 -0.9734 0.0962
vn 0.1907 -0.9493 -0.2500
vn 0.1311 -0.9913 0.0110
vn 0.3079 -0.7616 0.5703
vn 0.3083 -0.7654 0.5649
vn 0.7057 -0.6540 0.2725
vn 0.6155 -0.6469 0.4502
vn 0.6002 -0.6591 0.4532
vn 0.6409 -0.7274 0.2450
vn 0.6368 -0.7332 0.2386
vn 0.5739 -0.7981 0.1835
vn 0.5715 -0.8004 0.1811
vn 0.5024 -0.8575 0.1109
vn 0.2398 -0.8220 -0.5166
vn 0.1589 -0.7758 -0.6106
vn 0.4316 -0.6484 0.6271
vn 0.3603 -0.7208 0.5922
vn 0.0071 -0.6775 -0.7355
vn 0.2344 -0.9524 -0.1951
vn 0.2702 -0.8007 0.5347
vn 0.1755 -0.9407 -0.2904
vn 0.6708 -0.7416 0.0032
vn 0.1328 -0.9060 0.4019
vn 0.4885 -0.8476 -0.2073
vn 0.6774 -0.6842 0.2704
vn 0.0716 -0.9403 0.3327
vn 0.2830 -0.8345 -0.4728
vn -0.2867 -0.8469 0.4478
vn -0.5946 -0.7719 -0.2248
vn -0.5909 -0.7254 0.3532
vn -0.4188 -0.8623 0.2846
vn -0.2346 -0.9364 -0.2608
vn -0.0738 -0.9202 0.3844
vn -0.6171 -0.7850 0.0534
vn -0.6707 -0.7414 -0.0233
vn -0.5159 -0.6960 -0.4994
vn -0.1182 -0.9845 -0.1297
vn -0.7227 -0.6857 -0.0861
vn -0.4931 -0.8615 -0.1209
vn -0.5511 -0.7301 0.4040
vn -0.5604 -0.7298 0.3916
vn -0.3276 -0.8755 -0.3552
vn -0.6177 -0.7231 0.3090
vn -0.5497 -0.8135 -0.1900
vn -0.4040 -0.8085 -0.4279
vn -0.6835 -0.6952 0.2228
vn -0.4703 -0.7380 -0.4839
vn -0.2949 -0.6531 0.6975
vn -0.2327 -0.9568 0.1746
vn -0.5697 -0.8159 0.0986
vn -0.2873 -0.9053 -0.3129
vn -0.5771 -0.8120 0.0874
vn -0.1504 -0.9707 -0.1876
vn -0.1697 -0.9619 -0.2146
vn -0.7432 -0.6558 0.1323
vn -0.1910 -0.8081 0.5572
vn -0.6885 -0.6539 -0.3135
vn -0.0166 -0.9081 0.4184
vn -0.3305 -0.8601 0.3886
vn -0.3268 -0.8602 0.3916
vn -0.5104 -0.6943 -0.5074
vn -0.1829 -0.9543 0.2362
vn -0.0331 -0.9974 -0.0639
vn -0.2693 -0.9518 0.1466
vn -0.5248 -0.8391 0.1431
vn -0.3932 -0.9192 -0.0216
vn -0.6483 -0.7614 -0.0076
vn -0.3977 -0.8063 -0.4379
vn -0.7610 -0.6422 0.0924
vn -0.7076 -0.7029 -0.0729
vn -0.2858 -0.6570 0.6977
vn -0.4646 -0.7363 -0.4919
vn -0.6496 -0.7080 -0.2770
vn -0.5407 -0.6490 -0.5353
vn -0.3506 -0.6951 0.6276
vn -0.6639 -0.6947 -0.2768
vn -0.4102 -0.7239 0.5547
vn -0.0604 -0.9930 -0.1019
vn -0.0619 -0.9924 -0.1061
vn -0.2149 -0.8308 0.5134
vn -0.2727 -0.9032 -0.3315
vn -0.3422 -0.8480 -0.4047
vn -0.4238 -0.7732 -0.4718
vn -0.4275 -0.9022 -0.0574
vn -0.4821 -0.8567 0.1834
vn -0.5548 -0.8117 -0.1827
vn -0.3794 -0.7077 0.5960
vn -0.6108 -0.7514 -0.2497
vn -0.2978 -0.8783 -0.3740
vn -0.6742 -0.7374 -0.0422
vn -0.5086 -0.7521 0.4192
vn -0.5113 -0.6701 -0.5381
vn -0.0841 -0.7587 0.6460
vn -0.0478 -0.9943 -0.0950
vn -0.0911 -0.7648 0.6378
vn -0.1691 -0.8114 0.5594
vn -0.1118 -0.9799 -0.1654
vn -0.6337 -0.7302 0.2555
vn -0.6335 -0.7302 0.2558
vn -0.1190 -0.9764 -0.1802
vn -0.2382 -0.8444 0.4799
vn -0.2535 -0.6520 0.7146
vn -0.4651 -0.7147 -0.5223
vn -0.4676 -0.7393 0.4845
vn -0.6396 -0.7131 -0.2871
vn -0.6874 -0.6533 -0.3173
vn -0.0055 -0.9229 0.3851
vn -0.2133 -0.9358 -0.2806
vn -0.6402 -0.7681 -0.0128
vn -0.1104 -0.9451 0.3077
vn -0.2869 -0.8829 -0.3717
vn -0.0094 -0.6477 0.7619
vn -0.4189 -0.7637 -0.4912
vn -0.3254 -0.9449 0.0372
vn -0.0110 -0.7354 0.6776
vn -0.7038 -0.6930 0.1566
vn -0.1600 -0.9567 -0.2431
vn -0.2386 -0.9118 -0.3342
vn -0.3166 -0.8560 -0.4086
vn -0.4282 -0.7342 0.5268
vn -0.6017 -0.7594 -0.2474
vn -0.4010 -0.8753 0.2703
vn -0.1291 -0.9527 0.2750
vn -0.5354 -0.8385 0.1014
vn -0.1858 -0.9420 -0.2794
vn -0.5996 -0.8001 0.0180
vn -0.2855 -0.9545 0.0862
vn -0.5983 -0.8007 0.0303
vn -0.3424 -0.9395 0.0023
vn -0.7225 -0.6807 0.1210
vn -0.4645 -0.7144 -0.5233
vn -0.3791 -0.7296 0.5692
vn -0.0564 -0.9871 -0.1501
vn -0.6163 -0.7361 -0.2799
vn -0.2124 -0.8350 0.5077
vn -0.5048 -0.7560 0.4167
vn -0.2174 -0.9225 -0.3190
vn -0.3630 -0.8145 -0.4525
vn -0.5665 -0.7562 0.3274
vn -0.3518 -0.8781 0.3244
vn -0.6955 -0.7004 0.1605
vn -0.4927 -0.8571 0.1503
vn -0.4937 -0.6693 -0.5553
vn -0.4435 -0.8899 -0.1070
vn -0.5098 -0.8391 -0.1898
vn -0.6656 -0.7432 -0.0683
vn -0.7208 -0.6831 -0.1178
vn -0.1556 -0.8192 0.5520
vn -0.0185 -0.9286 0.3706
vn -0.5860 -0.7542 0.2962
vn -0.1213 -0.9521 0.2806
vn -0.1763 -0.9663 0.1878
vn -0.2589 -0.9598 0.1087
vn -0.4448 -0.8741 0.1954
vn -0.3406 -0.9402 0.0033
vn -0.4057 -0.7616 -0.5054
vn -0.7507 -0.6564 0.0750
vn -0.4392 -0.8725 0.2143
vn -0.4638 -0.6936 -0.5511
vn -0.4655 -0.8737 -0.1412
vn -0.5702 -0.8201 0.0481
vn -0.6879 -0.7202 -0.0901
vn -0.3532 -0.8124 -0.4640
vn -0.5429 -0.7647 0.3470
vn -0.7446 -0.6512 -0.1466
vn -0.0734 -0.9452 0.3183
vn -0.4923 -0.6554 -0.5729
vn -0.7406 -0.6593 -0.1294
vn -0.1383 -0.9614 0.2380
vn -0.0170 -0.7404 0.6720
vn -0.1088 -0.7977 0.5931
vn -0.1946 -0.9678 0.1594
vn -0.1631 -0.9383 -0.3048
vn -0.1841 -0.8458 0.5007
vn -0.2554 -0.8678 0.4263
vn -0.3605 -0.9322 -0.0317
vn -0.2975 -0.8492 -0.4363
vn -0.3305 -0.8808 0.3391
vn -0.2379 -0.6610 0.7117
vn -0.4181 -0.9042 -0.0869
vn -0.3075 -0.7041 0.6401
vn -0.3230 -0.7063 0.6299
vn -0.3757 -0.7325 0.5677
vn -0.0410 -0.9858 -0.1630
vn -0.5531 -0.7999 -0.2331
vn -0.5502 -0.8032 -0.2285
vn -0.1141 -0.9589 -0.2598
vn -0.4455 -0.7604 0.4726
vn -0.5287 -0.8439 0.0908
vn -0.1835 -0.9233 -0.3374
vn -0.2488 -0.8822 -0.3997
vn -0.5776 -0.7584 0.3022
vn -0.3296 -0.8199 -0.4682
vn -0.4049 -0.7419 -0.5345
vn -0.1436 -0.8213 0.5521
vn -0.4477 -0.8850 -0.1279
vn -0.3601 -0.7876 -0.5000
vn -0.2831 -0.8773 0.3877
vn -0.5025 -0.8418 -0.1971
vn -0.5719 -0.7748 -0.2695
vn -0.3572 -0.8849 0.2991
vn -0.4680 -0.7731 0.4281
vn -0.0873 -0.9702 -0.2261
vn -0.5425 -0.7650 0.3471
vn -0.4805 -0.8668 0.1330
vn -0.1662 -0.9292 -0.3300
vn -0.0131 -0.9439 0.3301
vn -0.5577 -0.8289 0.0425
vn -0.5988 -0.7547 0.2679
vn -0.2060 -0.9661 0.1557
vn -0.4089 -0.9079 -0.0922
vn -0.7618 -0.6466 0.0396
vn -0.2116 -0.6551 0.7253
vn -0.0824 -0.7868 0.6116
vn -0.1959 -0.6575 0.7276
vn -0.0945 -0.7984 0.5946
vn -0.2283 -0.8660 0.4449
vn -0.4177 -0.7588 0.4998
vn -0.0627 -0.9477 0.3129
vn -0.0606 -0.9720 -0.2272
vn -0.1317 -0.9648 0.2277
vn -0.2138 -0.8984 -0.3835
vn -0.2190 -0.8942 -0.3906
vn -0.2846 -0.9573 0.0506
vn -0.2888 -0.9563 0.0449
vn -0.3606 -0.9322 -0.0315
vn -0.6282 -0.7773 -0.0344
vn -0.7248 -0.6845 0.0783
vn -0.7176 -0.6902 0.0930
vn -0.5542 -0.7892 -0.2648
vn -0.0139 -0.7641 0.6450
vn -0.6708 -0.6585 -0.3413
vn -0.4457 -0.7667 0.4621
vn -0.4377 -0.6886 -0.5782
vn -0.1748 -0.8541 0.4899
vn -0.5084 -0.7741 0.3771
vn -0.2613 -0.8765 0.4043
vn -0.1121 -0.9495 -0.2930
vn -0.1090 -0.9511 -0.2889
vn -0.1943 -0.9053 -0.3777
vn -0.2282 -0.9688 0.0967
vn -0.3992 -0.8850 0.2396
vn -0.2584 -0.8593 -0.4414
vn -0.2658 -0.8546 -0.4460
vn -0.3747 -0.9233 -0.0845
vn -0.3921 -0.7340 -0.5545
vn -0.5352 -0.8429 0.0559
vn -0.4716 -0.6494 -0.5965
vn -0.5108 -0.8283 -0.2302
vn -0.2570 -0.6962 0.6702
vn -0.6489 -0.7571 -0.0761
vn -0.6324 -0.7044 -0.3224
vn -0.0202 -0.9463 0.3227
vn -0.7083 -0.6939 -0.1295
vn -0.4229 -0.6956 -0.5808
vn -0.2177 -0.8688 0.4447
vn -0.2977 -0.8138 -0.4991
vn -0.4633 -0.8689 -0.1744
vn -0.3818 -0.7360 -0.5590
vn -0.4773 -0.8570 -0.1944
vn -0.6467 -0.7392 0.1881
vn -0.4518 -0.6607 -0.5995
vn -0.0521 -0.9711 -0.2330
vn -0.0210 -0.9710 -0.2382
vn -0.5871 -0.7482 -0.3091
vn -0.6557 -0.6681 -0.3518
vn -0.2632 -0.8415 -0.4717
vn -0.0618 -0.9639 0.2590
vn -0.3400 -0.7831 -0.5207
vn -0.1415 -0.9717 0.1889
vn -0.2188 -0.9706 0.1002
vn -0.1283 -0.9280 -0.3498
vn -0.0809 -0.8100 0.5809
vn -0.2834 -0.8200 -0.4972
vn -0.3518 -0.7555 -0.5527
vn -0.3027 -0.8915 0.3371
vn -0.6718 -0.7262 0.1458
vn -0.2362 -0.6943 0.6798
vn -0.3108 -0.7915 -0.5263
vn -0.0855 -0.9717 0.2204
vn -0.2393 -0.9696 0.0512
vn -0.4328 -0.6500 -0.6246
vn 0.0005 -0.9622 -0.2722
vn -0.3684 -0.7719 0.5181
vn -0.1121 -0.9317 -0.3454
vn -0.6374 -0.7670 -0.0729
vn -0.1092 -0.9328 -0.3434
vn -0.6879 -0.7162 -0.1175
vn -0.7300 -0.6622 -0.1692
vn -0.7347 -0.6551 -0.1764
vn -0.0427 -0.7868 0.6158
vn -0.0341 -0.7734 0.6330
vn -0.6294 -0.7508 0.2004
vn -0.1869 -0.8672 0.4616
vn -0.0643 -0.9519 -0.2995
vn -0.5839 -0.7512 -0.3079
vn -0.1895 -0.6609 0.7262
vn -0.2735 -0.7139 0.6447
vn -0.3161 -0.7461 0.5860
vn -0.5972 -0.8013 -0.0355
vn -0.3352 -0.7496 0.5708
vn -0.1567 -0.9039 -0.3980
vn -0.5869 -0.8094 -0.0203
vn -0.4033 -0.9022 -0.1528
vn -0.3954 -0.9089 -0.1325
vn -0.3019 -0.7854 -0.5403
vn -0.1825 -0.8793 -0.4399
vn -0.6496 -0.6664 -0.3660
vn -0.6607 -0.7354 0.1507
vn -0.0606 -0.9645 0.2570
vn -0.1322 -0.9753 0.1768
vn -0.3957 -0.6820 -0.6150
vn -0.2831 -0.8920 0.3525
vn -0.7500 -0.6613 0.0176
vn -0.2856 -0.9582 -0.0144
vn -0.2769 -0.9609 -0.0055
vn -0.0519 -0.9490 -0.3111
vn -0.1400 -0.9089 -0.3928
vn -0.3529 -0.9301 -0.1013
vn -0.1990 -0.8633 -0.4638
vn -0.4252 -0.8856 -0.1867
vn -0.4994 -0.8616 0.0905
vn -0.1669 -0.8846 -0.4354
vn -0.6127 -0.7659 0.1947
vn -0.3119 -0.7576 -0.5733
vn -0.2304 -0.9723 0.0389
vn -0.0140 -0.9525 -0.3042
vn -0.1993 -0.8632 -0.4639
vn -0.1587 -0.6552 0.7386
vn -0.3830 -0.8951 0.2281
vn -0.4479 -0.8849 0.1278
vn -0.4065 -0.6613 -0.6305
vn -0.3839 -0.7762 0.5002
vn -0.0642 -0.9353 -0.3480
vn -0.4474 -0.7982 0.4034
vn -0.0470 -0.9657 0.2554
vn -0.0124 -0.9620 0.2729
vn -0.5704 -0.8211 -0.0205
vn -0.5142 -0.7943 0.3235
vn -0.2177 -0.8410 -0.4954
vn -0.5851 -0.7745 0.2404
vn -0.3483 -0.7133 -0.6082
vn -0.3251 -0.9432 -0.0689
vn -0.4024 -0.9015 -0.1590
vn -0.2413 -0.8140 -0.5284
vn -0.1155 -0.8372 0.5346
vn -0.3125 -0.7583 -0.5722
vn -0.6859 -0.7214 0.0953
vn -0.5295 -0.7974 -0.2894
vn -0.1064 -0.9059 -0.4099
vn -0.2660 -0.7230 0.6376
vn -0.5981 -0.7230 -0.3458
vn -0.6517 -0.6581 -0.3771
vn -0.2590 -0.7911 -0.5541
vn -0.3359 -0.7184 -0.6092
vn -0.1431 -0.9808 0.1328
vn -0.3953 -0.6522 -0.6468
vn -0.0533 -0.9302 -0.3632
vn -0.1368 -0.8820 -0.4510
vn -0.2153 -0.8345 -0.5072
vn -0.3509 -0.9286 -0.1208
vn -0.5990 -0.7743 0.2044
vn -0.3616 -0.6971 -0.6191
vn -0.7034 -0.6914 -0.1647
vn -0.7106 -0.6813 -0.1757
vn -0.4930 -0.8282 -0.2664
vn -0.1094 -0.9051 -0.4109
vn -0.7695 -0.6385 -0.0125
vn -0.2415 -0.8032 -0.5445
vn -0.6139 -0.6934 -0.3772
vn -0.1395 -0.8594 0.4919
vn -0.0919 -0.9798 0.1777
vn -0.0803 -0.9779 0.1930
vn -0.1207 -0.6495 0.7507
vn -0.1414 -0.6610 0.7369
vn -0.2095 -0.7085 0.6739
vn -0.2828 -0.7574 0.5885
vn -0.2404 -0.9707 -0.0030
vn -0.1157 -0.8891 -0.4428
vn -0.4245 -0.8912 0.1599
vn -0.4778 -0.8042 0.3534
vn -0.4454 -0.8648 -0.2317
vn -0.5446 -0.7932 0.2724
vn -0.5491 -0.8357 -0.0070
vn -0.5120 -0.8092 -0.2883
vn -0.6168 -0.7821 -0.0883
vn -0.2764 -0.7551 -0.5945
vn -0.0906 -0.8401 0.5348
vn -0.1751 -0.9818 0.0740
vn -0.0797 -0.8337 0.5465
vn -0.7191 -0.6935 0.0440
vn -0.1533 -0.8551 -0.4952
vn -0.2281 -0.8993 0.3732
vn -0.2393 -0.7353 0.6341
vn -0.3126 -0.7178 -0.6221
vn -0.3812 -0.7850 0.4883
vn -0.3777 -0.9052 0.1949
vn -0.1789 -0.8308 -0.5270
vn -0.2590 -0.7672 -0.5868
vn -0.5053 -0.8622 0.0366
vn -0.5983 -0.7231 -0.3453
vn -0.0581 -0.9135 -0.4026
vn -0.0679 -0.9089 -0.4115
vn -0.1368 -0.8627 -0.4868
vn -0.1376 -0.9829 0.1226
vn -0.6392 -0.7570 0.1358
vn -0.2077 -0.7997 -0.5633
vn -0.2779 -0.7421 -0.6100
vn -0.3516 -0.6609 -0.6630
vn -0.2910 -0.9543 -0.0680
vn -0.3489 -0.6635 -0.6619
vn -0.0274 -0.8045 0.5933
vn -0.0208 -0.8071 0.5901
vn -0.1623 -0.8382 -0.5206
vn -0.4203 -0.8827 -0.2102
vn -0.1766 -0.6993 0.6927
vn -0.3297 -0.7804 0.5313
vn -0.3253 -0.7778 0.5378
vn -0.3276 -0.9082 0.2605
vn -0.3381 -0.9091 0.2434
vn -0.0046 -0.9087 -0.4175
vn -0.4042 -0.8000 0.4434
vn -0.4081 -0.8987 0.1603
vn -0.1852 -0.8125 -0.5528
vn -0.4792 -0.8035 0.3534
vn -0.1663 -0.9831 0.0763
vn -0.2298 -0.9732 -0.0121
vn -0.5916 -0.8031 -0.0707
vn -0.3798 -0.9076 -0.1788
vn -0.0804 -0.8815 -0.4653
vn -0.2972 -0.6991 -0.6503
vn -0.0092 -0.9773 0.2118
vn -0.2102 -0.7273 0.6533
vn -0.2861 -0.9117 0.2949
vn -0.1150 -0.9863 0.1181
vn -0.2796 -0.7604 0.5863
vn -0.1921 -0.9806 0.0392
vn -0.4808 -0.8750 0.0564
vn -0.0554 -0.8876 -0.4573
vn -0.5596 -0.7923 0.2431
vn -0.2072 -0.7770 -0.5944
vn -0.2153 -0.7705 -0.6000
vn -0.6136 -0.7751 0.1508
vn -0.4672 -0.8412 -0.2721
vn -0.5355 -0.7757 -0.3339
vn -0.6750 -0.7182 -0.1688
vn -0.5335 -0.7779 -0.3320
vn -0.0987 -0.8625 -0.4964
vn -0.7325 -0.6806 0.0132
vn -0.6672 -0.7310 -0.1430
vn -0.7366 -0.6414 -0.2146
vn -0.3191 -0.6721 -0.6682
vn -0.1673 -0.7019 0.6924
vn -0.0471 -0.8867 -0.4600
vn -0.0185 -0.8936 -0.4484
vn -0.2868 -0.9552 -0.0725
vn -0.2398 -0.9081 0.3433
vn -0.2498 -0.7244 -0.6425
vn -0.4492 -0.8072 0.3830
vn -0.2663 -0.7057 -0.6566
vn -0.4354 -0.8955 0.0923
vn -0.5170 -0.8077 0.2836
vn -0.5719 -0.7957 0.1993
vn -0.0838 -0.9858 0.1459
vn -0.2302 -0.7300 -0.6435
vn -0.2908 -0.6506 -0.7015
vn -0.0119 -0.8280 0.5606
vn -0.1182 -0.8702 0.4783
vn -0.1160 -0.8270 -0.5501
vn -0.1820 -0.8970 0.4027
vn -0.4449 -0.8589 -0.2537
vn -0.5704 -0.7310 -0.3746
vn -0.6379 -0.6463 -0.4188
vn -0.1434 -0.8020 -0.5798
vn -0.2122 -0.7453 -0.6321
vn -0.4003 -0.8087 0.4311
vn -0.4727 -0.8795 0.0554
vn -0.4001 -0.8086 0.4313
vn -0.5311 -0.8472 -0.0132
vn -0.0815 -0.8463 -0.5265
vn -0.1800 -0.9836 0.0145
vn -0.1577 -0.7788 -0.6071
vn -0.3323 -0.9297 -0.1591
vn -0.3297 -0.9327 -0.1464
vn -0.6490 -0.7479 -0.1396
vn -0.0292 -0.8675 -0.4966
vn -0.1168 -0.8213 -0.5584
vn -0.2507 -0.6859 -0.6831
vn -0.0645 -0.8452 -0.5305
vn -0.5951 -0.6935 -0.4062
vn -0.1437 -0.7861 -0.6012
vn -0.1329 -0.6895 0.7120
vn -0.2931 -0.9174 0.2694
vn -0.3540 -0.9170 0.1837
vn -0.2788 -0.7846 0.5538
vn -0.5531 -0.8037 0.2193
vn -0.2641 -0.6636 -0.6999
vn -0.5462 -0.7486 -0.3759
vn -0.6020 -0.7857 0.1425
vn -0.0615 -0.8433 -0.5338
vn -0.7288 -0.6432 -0.2349
vn -0.6710 -0.7382 0.0694
vn -0.0778 -0.8605 0.5035
vn -0.2244 -0.9732 -0.0508
vn -0.1698 -0.7464 -0.6435
vn -0.1532 -0.8933 0.4225
vn -0.2381 -0.9101 0.3390
vn -0.0863 -0.6589 0.7472
vn -0.2963 -0.9454 -0.1358
vn -0.3855 -0.8949 -0.2248
vn -0.2419 -0.9167 0.3181
vn -0.0049 -0.8336 -0.5523
vn -0.3733 -0.9042 -0.2077
vn -0.2302 -0.7613 0.6062
vn -0.1188 -0.7826 -0.6111
vn -0.4472 -0.8917 0.0698
vn -0.5765 -0.7109 -0.4028
vn -0.3749 -0.8181 0.4361
vn -0.5092 -0.8606 -0.0035
vn -0.0231 -0.9829 0.1826
vn -0.0298 -0.9833 0.1794
vn -0.2053 -0.6996 -0.6844
vn -0.2139 -0.6921 -0.6893
vn -0.5690 -0.8182 -0.0828
vn -0.5110 -0.8128 0.2797
vn -0.0773 -0.8025 -0.5917
vn -0.1891 -0.9819 -0.0043
vn -0.1582 -0.7369 -0.6572
vn -0.6388 -0.7555 -0.1457
vn -0.2285 -0.6467 -0.7277
vn -0.0205 -0.8362 0.5481
vn -0.1877 -0.9017 0.3894
vn -0.0546 -0.8088 -0.5856
vn -0.6870 -0.7257 0.0359
vn -0.0631 -0.8026 -0.5932
vn -0.5363 -0.7588 -0.3696
vn -0.3279 -0.9233 0.1999
vn -0.1718 -0.7075 -0.6856
vn -0.1288 -0.9906 0.0454
vn -0.0183 -0.8156 -0.5783
vn -0.1010 -0.7618 -0.6399
vn -0.4599 -0.8255 0.3272
vn -0.0572 -0.7905 -0.6097
vn -0.4894 -0.8021 -0.3424
vn -0.2130 -0.6540 -0.7259
vn -0.1931 -0.6493 -0.7356
vn -0.4858 -0.8067 -0.3366
vn -0.0137 -0.6443 -0.7647
vn -0.6163 -0.6544 -0.4381
vn -0.1604 -0.7007 -0.6952
vn -0.6141 -0.6630 -0.4281
vn -0.0678 -0.8643 0.4984
vn -0.0926 -0.9921 0.0842
vn -0.1231 -0.7407 -0.6605
vn -0.1360 -0.8954 0.4239
vn -0.2459 -0.9657 -0.0832
vn -0.0685 -0.7639 -0.6417
vn -0.2877 -0.9203 0.2653
vn -0.3811 -0.8918 -0.2439
vn -0.0004 -0.7756 -0.6313
vn -0.4480 -0.8337 -0.3229
vn -0.5604 -0.8244 -0.0792
vn -0.5776 -0.6497 0.4942
vn -0.1760 -0.6547 -0.7351
vn -0.0592 -0.7582 -0.6493
vn -0.3409 -0.8193 0.4610
vn -0.1321 -0.6973 -0.7045
vn -0.6114 -0.7810 -0.1275
vn -0.0464 -0.9898 0.1346
vn -0.4229 -0.8255 0.3737
vn -0.6656 -0.7221 -0.1884
vn -0.0988 -0.7097 -0.6976
vn -0.5819 -0.6563 0.4803
vn -0.3322 -0.9193 -0.2112
vn -0.3234 -0.9270 -0.1901
vn -0.5952 -0.6593 0.4595
vn -0.4082 -0.8698 -0.2773
vn -0.0999 -0.7098 -0.6973
vn -0.0045 -0.7381 -0.6747
vn -0.0144 -0.7595 -0.6504
vn -0.6755 -0.7359 0.0476
vn -0.0601 -0.7300 -0.6808
vn -0.6012 -0.6731 -0.4307
vn -0.3848 -0.9129 0.1362
vn -0.1377 -0.6497 -0.7476
vn -0.7222 -0.6916 -0.0097
vn -0.1346 -0.6472 -0.7503
vn -0.5527 -0.6477 0.5243
vn -0.0841 -0.6973 -0.7119
vn -0.0814 -0.6630 0.7442
vn -0.6035 -0.6646 0.4406
vn -0.6706 -0.6585 0.3414
vn -0.1372 -0.9904 0.0146
vn -0.0257 -0.7192 -0.6943
vn -0.5777 -0.6568 0.4847
vn -0.0160 -0.7218 -0.6919
vn -0.0844 -0.6581 -0.7482
vn -0.0881 -0.6560 -0.7496
vn -0.0116 -0.8568 0.5154
vn -0.0427 -0.6966 -0.7161
vn -0.1125 -0.8859 0.4501
vn -0.0335 -0.6796 -0.7328
vn -0.5269 -0.6659 0.5281
vn -0.6081 -0.6407 -0.4688
vn -0.0440 -0.6507 -0.7581
vn -0.0489 -0.6559 -0.7532
vn -0.0942 -0.9937 0.0615
vn -0.6389 -0.7644 0.0863
vn -0.2346 -0.9669 -0.1003
vn -0.5999 -0.6668 0.4421
vn -0.3971 -0.9129 0.0947
vn -0.6359 -0.6533 0.4108
vn -0.2381 -0.9639 -0.1194
vn -0.7627 -0.6449 -0.0482
vn -0.1093 -0.6978 0.7079
vn -0.6898 -0.6604 0.2968
vn -0.4495 -0.8313 -0.3269
vn -0.1823 -0.7471 0.6392
vn -0.5058 -0.7722 -0.3846
vn -0.3440 -0.8183 0.4605
vn -0.0450 -0.9935 0.1050
vn -0.0422 -0.9910 0.1270
vn -0.4002 -0.8292 0.3903
vn -0.4691 -0.8351 0.2874
vn -0.1823 -0.9813 -0.0614
vn -0.5294 -0.8218 0.2106
vn -0.2721 -0.9509 -0.1473
vn -0.3540 -0.9238 0.1460
vn -0.4025 -0.8668 -0.2943
vn -0.4042 -0.8624 -0.3049
vn -0.6367 -0.6661 0.3884
vn -0.4918 -0.8706 -0.0156
vn -0.6966 -0.6547 0.2936
vn -0.7472 -0.6617 -0.0615
vn -0.6525 -0.6568 0.3779
vn -0.1281 -0.9918 -0.0028
vn -0.5270 -0.6658 0.5281
vn -0.2120 -0.7714 0.6001
vn -0.5904 -0.6805 0.4340
vn -0.3500 -0.8987 -0.2643
vn -0.8435 -0.0920 0.5293
vn -0.4229 -0.8393 0.3416
vn -0.4850 -0.7924 -0.3700
vn -0.2407 -0.9326 0.2689
vn -0.7131 -0.6513 0.2595
vn -0.2289 -0.9282 0.2933
vn -0.4931 -0.6647 0.5613
vn -0.3063 -0.9324 0.1921
vn -0.5439 -0.7185 -0.4335
vn -0.5534 -0.6808 0.4799
vn -0.1685 -0.9848 -0.0411
vn -0.6688 -0.6655 0.3313
vn -0.7228 -0.6905 -0.0282
vn -0.6279 -0.7566 -0.1826
vn -0.6368 -0.7461 -0.1947
vn -0.0920 -0.6943 0.7138
vn -0.6871 -0.6898 -0.2282
vn -0.0133 -0.8589 0.5120
vn -0.1785 -0.9270 0.3298
vn -0.3114 -0.8130 0.4919
vn -0.1816 -0.9785 -0.0976
vn -0.5111 -0.8310 0.2196
vn -0.3203 -0.9156 -0.2431
vn -0.4689 -0.6632 0.5834
vn -0.5773 -0.8040 0.1425
vn -0.5294 -0.6840 0.5020
vn -0.5263 -0.8475 -0.0698
vn -0.5386 -0.7224 -0.4336
vn -0.5389 -0.8383 -0.0826
vn -0.5942 -0.7920 -0.1405
vn -0.0595 -0.9975 0.0380
vn -0.6562 -0.6802 0.3267
vn -0.6915 -0.7223 0.0049
vn -0.1360 -0.9901 -0.0337
vn -0.7053 -0.6620 -0.2534
vn -0.7497 -0.6589 -0.0618
vn -0.7133 -0.6540 0.2521
vn -0.0573 -0.8837 0.4644
vn -0.0363 -0.6545 0.7552
vn -0.0659 -0.8917 0.4479
vn -0.0459 -0.6639 0.7464
vn -0.4265 -0.6755 0.6015
vn -0.4054 -0.6544 0.6383
vn -0.1914 -0.7695 0.6093
vn -0.4978 -0.6712 0.5493
vn -0.2602 -0.8047 0.5337
vn -0.2615 -0.7987 0.5420
vn -0.2764 -0.9357 0.2194
vn -0.6194 -0.6887 0.3768
vn -0.4599 -0.8434 0.2776
vn -0.7280 -0.6472 0.2261
vn -0.3091 -0.9183 -0.2472
vn -0.6076 -0.7721 -0.1863
vn -0.4511 -0.8023 -0.3910
vn -0.6746 -0.7027 -0.2259
vn -0.1619 -0.9236 0.3474
vn -0.0348 -0.9956 0.0873
vn -0.1393 -0.7370 0.6614
vn -0.1436 -0.7450 0.6515
vn -0.1723 -0.9791 -0.1078
vn -0.2129 -0.7934 0.5703
vn -0.2592 -0.9487 -0.1811
vn -0.2871 -0.8215 0.4926
vn -0.2678 -0.9429 -0.1980
vn -0.4505 -0.8928 0.0014
vn -0.4522 -0.8919 -0.0019
vn -0.5970 -0.6970 0.3971
vn -0.5739 -0.8080 -0.1335
vn -0.5625 -0.8113 0.1593
vn -0.0588 -0.9976 0.0363
vn -0.6969 -0.6727 -0.2486
vn -0.6201 -0.7809 0.0753
vn -0.0046 -0.8778 0.4791
vn -0.1859 -0.9369 0.2960
vn -0.3505 -0.8914 -0.2875
vn -0.4292 -0.8246 -0.3684
vn -0.3289 -0.9352 0.1310
vn -0.5561 -0.7008 0.4468
vn -0.5533 -0.7006 0.4505
vn -0.5616 -0.6895 -0.4574
vn -0.6203 -0.6981 0.3576
vn -0.6688 -0.6886 0.2804
vn -0.5942 -0.7855 -0.1728
vn -0.3728 -0.8463 0.3806
vn -0.7267 -0.6566 0.2021
vn -0.7255 -0.6571 0.2046
vn -0.4431 -0.6767 0.5880
vn -0.3803 -0.8612 -0.3370
vn -0.7076 -0.6555 -0.2638
vn -0.5112 -0.7050 0.4916
vn -0.5193 -0.7302 -0.4440
vn -0.1409 -0.9265 0.3490
vn -0.5756 -0.6513 -0.4944
vn -0.4155 -0.9094 0.0185
vn -0.2638 -0.9394 -0.2191
vn -0.4831 -0.8734 -0.0609
vn -0.4881 -0.8699 -0.0716
vn -0.1092 -0.7298 0.6749
vn -0.3162 -0.8420 0.4371
vn -0.4109 -0.8483 0.3340
vn -0.0714 -0.9974 -0.0029
vn -0.6517 -0.6967 0.2999
vn -0.2087 -0.9646 -0.1609
vn -0.2183 -0.9594 -0.1785
vn -0.5434 -0.8238 0.1617
vn -0.2254 -0.9445 0.2391
vn -0.2434 -0.9457 0.2153
vn -0.6070 -0.7901 0.0858
vn -0.2989 -0.9414 0.1562
vn -0.6513 -0.7587 0.0173
vn -0.3743 -0.9248 0.0679
vn -0.4910 -0.7572 -0.4307
vn -0.4256 -0.6725 0.6055
vn -0.7076 -0.7047 -0.0525
vn -0.7640 -0.6380 -0.0965
vn -0.7642 -0.6380 -0.0950
vn -0.0636 -0.7090 0.7024
vn -0.6107 -0.7117 0.3472
vn -0.1322 -0.7591 0.6374
vn -0.2780 -0.8314 0.4811
vn -0.3627 -0.8480 0.3864
vn -0.1071 -0.9189 0.3795
vn -0.4454 -0.7964 -0.4090
vn -0.1807 -0.9406 0.2874
vn -0.4412 -0.6932 0.5699
vn -0.4978 -0.8401 0.2156
vn -0.0179 -0.9995 0.0247
vn -0.3274 -0.9385 0.1099
vn -0.1087 -0.9921 -0.0628
vn -0.4096 -0.9121 0.0177
vn -0.1865 -0.9704 -0.1532
vn -0.3352 -0.8853 -0.3222
vn -0.3331 -0.8882 -0.3164
vn -0.5238 -0.8427 -0.1247
vn -0.3987 -0.8346 -0.3801
vn -0.4688 -0.7653 -0.4411
vn -0.7391 -0.6535 0.1634
vn -0.6546 -0.7152 -0.2448
vn -0.0838 -0.7376 0.6700
vn -0.1630 -0.7824 0.6011
vn -0.7039 -0.6465 -0.2942
vn -0.0603 -0.9978 -0.0266
vn -0.0601 -0.9979 -0.0239
vn -0.0535 -0.9036 0.4250
vn -0.1375 -0.9844 -0.1101
vn -0.4698 -0.7028 0.5342
vn -0.2826 -0.9168 -0.2821
vn -0.3812 -0.8580 0.3442
vn -0.3546 -0.9323 0.0717
vn -0.4853 -0.8705 -0.0820
vn -0.5600 -0.6620 -0.4982
vn -0.5522 -0.6754 -0.4888
vn -0.0964 -0.9933 -0.0635
vn -0.3592 -0.6646 0.6552
vn -0.5572 -0.8176 -0.1450
vn -0.3614 -0.6671 0.6515
vn -0.2380 -0.9407 -0.2418
vn -0.0852 -0.9218 0.3782
vn -0.3770 -0.8487 -0.3710
vn -0.0301 -0.6982 0.7153
vn -0.0284 -0.6959 0.7176
vn -0.5066 -0.7210 -0.4728
vn -0.0069 -1.0000 -0.0026
vn -0.6688 -0.7021 0.2445
vn -0.7297 -0.6609 0.1754
vn -0.3860 -0.9218 0.0349
vn -0.4432 -0.8952 -0.0468
vn -0.5167 -0.8465 -0.1284
vn -0.4657 -0.8517 0.2402
vn -0.5110 -0.7245 0.4625
vn -0.5113 -0.7246 0.4620
vn -0.4654 -0.7637 -0.4473
vn -0.6313 -0.7400 -0.2322
vn -0.5682 -0.7254 0.3885
vn -0.6336 -0.7154 0.2946
vn -0.6870 -0.6941 0.2152
vn -0.6798 -0.6980 0.2251
vn -0.2045 -0.9567 -0.2071
vn -0.1919 -0.9509 0.2430
vn -0.7456 -0.6515 0.1403
vn -0.3249 -0.6598 0.6775
vn -0.3657 -0.8515 -0.3758
vn -0.0667 -0.7294 0.6809
vn -0.3267 -0.6620 0.6746
vn -0.1410 -0.7804 0.6092
vn -0.4675 -0.7158 0.5188
vn -0.5555 -0.6505 -0.5179
vn -0.4672 -0.7156 0.5192
vn -0.8093 -0.4890 -0.3254
vn -0.8584 -0.3976 -0.3243
vn -0.8631 -0.3932 -0.3169
vn -0.8016 -0.5191 -0.2966
vn -0.8648 -0.4041 -0.2981
vn -0.8055 -0.5781 -0.1303
vn -0.8756 -0.3914 -0.2831
vn -0.9204 -0.2800 -0.2728
vn -0.8651 -0.5014 -0.0099
vn -0.4206 -0.5550 -0.7177
vn -0.4245 -0.5743 -0.7000
vn -0.4652 -0.5386 -0.7025
vn -0.4702 -0.5291 -0.7064
vn -0.5036 -0.5250 -0.6861
vn -0.8200 -0.5267 -0.2238
vn -0.5000 -0.5474 -0.6711
vn -0.4994 -0.5464 -0.6723
vn -0.8571 -0.4822 -0.1812
vn -0.4765 -0.6394 -0.6034
vn -0.5393 -0.5220 -0.6608
vn -0.5394 -0.5312 -0.6534
vn -0.9328 -0.3070 -0.1890
vn -0.5747 -0.5056 -0.6435
vn -0.5571 -0.5327 -0.6371
vn -0.9380 -0.3035 -0.1677
vn -0.5276 -0.6118 -0.5894
vn -0.8540 -0.4917 -0.1699
vn -0.8013 -0.5805 -0.1449
vn -0.9022 -0.4050 -0.1485
vn -0.5973 -0.4954 -0.6307
vn -0.8976 -0.4212 -0.1299
vn -0.9014 -0.4150 -0.1233
vn -0.6001 -0.5100 -0.6163
vn -0.5531 -0.6117 -0.5656
vn -0.5956 -0.5333 -0.6008
vn -0.9012 -0.4160 -0.1219
vn -0.9063 -0.4083 -0.1095
vn -0.6344 -0.5021 -0.5877
vn -0.0101 -0.5630 -0.8264
vn -0.6319 -0.5002 -0.5921
vn -0.6871 -0.3923 -0.6116
vn -0.8186 -0.5664 -0.0956
vn -0.6266 -0.5342 -0.5674
vn -0.8898 -0.4516 -0.0659
vn -0.8874 -0.4548 -0.0760
vn -0.6465 -0.5287 -0.5500
vn -0.6569 -0.5161 -0.5497
vn -0.1262 -0.7064 -0.6965
vn -0.9408 -0.3331 -0.0623
vn -0.6538 -0.5180 -0.5515
vn -0.6888 -0.4702 -0.5518
vn -0.9458 -0.3197 -0.0561
vn -0.8486 -0.5262 -0.0550
vn -0.7291 -0.4040 -0.5525
vn -0.6939 -0.4694 -0.5460
vn -0.9476 -0.3185 -0.0241
vn -0.2356 -0.6324 -0.7379
vn -0.7737 -0.4450 -0.4510
vn -0.7336 -0.5112 -0.4477
vn -0.2737 -0.5943 -0.7562
vn -0.7551 -0.5150 -0.4057
vn -0.6357 -0.5939 -0.4930
vn -0.8083 -0.4529 -0.3762
vn -0.6890 -0.5145 -0.5104
vn -0.2991 -0.6286 -0.7179
vn -0.3081 -0.6147 -0.7261
vn -0.8619 -0.4091 -0.2996
vn -0.8219 -0.4923 -0.2868
vn -0.7061 -0.5045 -0.4970
vn -0.8083 -0.5264 -0.2636
vn -0.3258 -0.5976 -0.7326
vn -0.8392 -0.4833 -0.2492
vn -0.8770 -0.4003 -0.2659
vn -0.8768 -0.4007 -0.2657
vn -0.7028 -0.5033 -0.5028
vn -0.8212 -0.5262 -0.2207
vn -0.3634 -0.6174 -0.6977
vn -0.9166 -0.3322 -0.2225
vn -0.7087 -0.4958 -0.5018
vn -0.3759 -0.5942 -0.7111
vn -0.8937 -0.3965 -0.2097
vn -0.9381 -0.2768 -0.2081
vn -0.8071 -0.5569 -0.1962
vn -0.8863 -0.4181 -0.1990
vn -0.7335 -0.4766 -0.4846
vn -0.7893 -0.3208 -0.5235
vn -0.4497 -0.6171 -0.6458
vn -0.7308 -0.4744 -0.4909
vn -0.9208 -0.3098 -0.2369
vn -0.9193 -0.3152 -0.2355
vn -0.7892 -0.3616 -0.4964
vn -0.3090 0.9489 -0.0637
vn -0.7976 -0.3562 -0.4869
vn -0.7220 -0.5201 -0.4564
vn -0.7033 -0.5843 -0.4048
vn -0.7710 -0.4463 -0.4544
vn -0.8230 -0.3530 -0.4451
vn -0.7604 -0.5131 -0.3982
vn -0.8240 -0.3625 -0.4354
vn -0.8037 -0.4277 -0.4136
vn -0.8557 -0.2983 -0.4228
vn -0.7444 -0.5445 -0.3866
vn -0.8159 -0.4223 -0.3949
vn -0.8545 -0.3198 -0.4093
vn -0.8662 -0.3028 -0.3976
vn -0.7679 -0.5278 -0.3630
vn -0.7861 -0.4996 -0.3640
vn -0.8336 -0.4391 -0.3352
vn -0.8499 -0.3787 -0.3664
vn -0.8604 -0.3484 -0.3720
vn -0.7828 -0.5290 -0.3276
vn -0.9287 -0.2862 -0.2356
vn -0.7915 -0.5684 -0.2246
vn -0.8048 -0.5555 -0.2089
vn -0.9873 -0.1486 -0.0566
vn -0.5986 -0.6409 -0.4806
vn -0.5782 -0.6456 -0.4989
vn -0.7316 -0.6617 -0.1639
vn -0.3687 -0.6017 -0.7085
vn -0.9007 -0.3860 -0.1993
vn -0.6175 -0.4558 -0.6410
vn -0.4879 -0.7983 -0.3531
vn -0.8373 -0.5005 -0.2203
vn -0.8257 -0.5130 -0.2346
vn -0.5759 -0.4689 -0.6697
vn -0.9693 -0.2011 -0.1414
vn -0.9753 -0.1930 -0.1072
vn -0.8120 -0.4502 -0.3715
vn -0.8825 -0.4129 -0.2250
vn -0.8667 -0.4325 -0.2484
vn -0.8676 -0.4486 -0.2143
vn -0.6925 -0.5543 -0.4617
vn -0.7147 -0.5428 -0.4411
vn -0.7321 -0.6500 -0.2038
vn -0.1542 -0.6769 -0.7197
vn -0.1729 -0.6842 -0.7085
vn -0.2752 -0.6332 -0.7234
vn -0.9439 -0.2171 -0.2488
vn -0.7156 -0.3919 -0.5782
vn -0.2229 -0.6606 -0.7169
vn -0.1208 -0.7047 -0.6992
vn -0.4104 -0.5904 -0.6949
vn -0.8304 -0.3138 -0.4604
vn -0.3138 -0.9085 -0.2760
vn -0.3319 -0.9054 -0.2647
vn -0.7390 -0.5234 -0.4243
vn -0.7934 -0.4642 -0.3939
vn -0.9760 -0.1963 -0.0947
vn -0.9243 -0.3344 -0.1842
vn -0.6671 -0.4223 -0.6137
vn -0.6496 -0.4204 -0.6334
vn -0.0963 -0.8905 -0.4448
vn -0.7359 -0.5852 -0.3406
vn -0.3336 -0.7923 -0.5109
vn -0.3132 -0.6097 -0.7282
vn -0.6961 -0.6978 -0.1689
vn -0.6456 -0.7530 -0.1274
vn -0.4734 -0.5414 -0.6948
vn -0.2221 -0.9470 -0.2320
vn -0.2429 -0.9452 -0.2180
vn -0.9452 -0.2620 -0.1947
vn -0.3372 -0.8926 -0.2994
vn -0.2373 -0.8318 -0.5018
vn -0.2458 -0.8319 -0.4975
vn -0.6064 -0.4655 -0.6446
vn -0.7532 -0.3479 -0.5583
vn -0.6410 -0.7629 -0.0839
vn -0.0889 -0.6980 -0.7105
vn -0.0672 -0.9882 -0.1376
vn -0.8797 -0.4231 -0.2168
vn -0.6340 -0.6802 -0.3679
vn -0.6352 -0.6798 -0.3666
vn -0.1479 -0.9784 -0.1444
vn -0.2866 -0.6244 -0.7266
vn -0.9611 -0.2324 -0.1494
vn -0.5060 -0.7831 -0.3616
vn -0.5089 -0.7827 -0.3584
vn -0.7696 -0.5530 -0.3192
vn -0.7547 -0.5651 -0.3332
vn -0.7830 -0.5843 -0.2134
vn -0.2361 -0.6455 -0.7263
vn -0.7691 -0.5964 -0.2298
vn -0.6623 -0.5748 -0.4805
vn -0.1390 -0.8713 -0.4707
vn -0.6808 -0.7098 -0.1808
vn -0.1702 -0.9685 -0.1817
vn -0.8557 -0.3935 -0.3360
vn -0.9720 -0.1900 -0.1384
vn -0.7315 -0.6537 -0.1937
vn -0.9771 -0.1960 -0.0824
vn -0.9193 -0.3043 -0.2497
vn -0.9075 -0.3154 -0.2774
vn -0.7717 -0.4785 -0.4190
vn -0.9159 -0.3534 -0.1905
vn -0.3712 -0.8730 -0.3164
vn -0.0432 -0.8937 -0.4466
vn -0.0784 -0.7023 -0.7075
vn -0.6549 -0.7461 -0.1202
vn -0.6230 -0.6169 -0.4810
vn -0.8386 -0.4903 -0.2372
vn -0.4245 -0.7369 -0.5262
vn -0.9652 -0.2103 -0.1552
vn -0.9780 -0.1813 -0.1029
vn -0.5728 -0.4722 -0.6700
vn -0.5998 -0.7964 -0.0773
vn -0.4764 -0.7116 -0.5164
vn -0.4554 -0.7157 -0.5296
vn -0.5050 -0.5035 -0.7011
vn -0.5426 -0.5028 -0.6729
vn -0.1097 -0.6887 -0.7167
vn -0.9090 -0.2436 -0.3383
vn -0.8894 -0.2568 -0.3783
vn -0.8141 -0.5334 -0.2296
vn -0.8026 -0.5449 -0.2428
vn -0.5540 -0.7466 -0.3684
vn -0.8367 -0.4709 -0.2794
vn -0.8897 -0.3339 -0.3112
vn -0.7427 -0.6371 -0.2063
vn -0.0366 -0.7011 -0.7121
vn -0.1519 -0.9722 -0.1782
vn -0.8400 -0.2972 -0.4540
vn -0.0679 -0.9823 -0.1748
vn -0.8245 -0.2981 -0.4809
vn -0.0903 -0.9831 -0.1590
vn -0.6073 -0.7854 -0.1198
vn -0.9689 -0.2026 -0.1420
vn -0.6026 -0.7946 -0.0739
vn -0.4142 -0.8450 -0.3382
vn -0.4063 -0.8465 -0.3440
vn -0.9794 -0.1980 -0.0389
vn -0.8503 -0.4693 -0.2381
vn -0.4179 -0.5502 -0.7229
vn -0.4357 -0.5530 -0.7102
vn -0.9886 -0.1471 -0.0317
vn -0.6780 -0.3885 -0.6240
vn -0.9594 -0.2065 -0.1921
vn -0.7024 -0.6156 -0.3573
vn -0.8057 -0.5051 -0.3093
vn -0.5951 -0.6200 -0.5113
vn -0.8140 -0.5002 -0.2953
vn -0.4459 -0.8228 -0.3523
vn -0.9339 -0.3155 -0.1683
vn -0.9830 -0.1618 -0.0868
vn -0.2289 -0.6370 -0.7361
vn -0.0373 -0.7008 -0.7124
vn -0.0224 -0.9892 -0.1447
vn -0.0409 -0.9903 -0.1328
vn -0.6943 -0.6899 -0.2050
vn -0.1658 -0.6512 -0.7405
vn -0.1892 -0.6564 -0.7303
vn -0.1236 -0.6711 -0.7310
vn -0.6681 -0.5746 -0.4727
vn -0.5853 -0.7178 -0.3771
vn -0.2932 -0.8001 -0.5233
vn -0.2878 -0.7997 -0.5268
vn -0.8265 -0.5083 -0.2421
vn -0.8209 -0.4227 -0.3839
vn -0.7159 -0.3661 -0.5945
vn -0.7433 -0.6264 -0.2349
vn -0.7579 -0.6147 -0.2186
vn -0.2901 -0.9187 -0.2679
vn -0.7843 -0.3228 -0.5299
vn -0.9645 -0.2079 -0.1627
vn -0.2730 -0.9209 -0.2784
vn -0.5676 -0.6523 -0.5024
vn -0.5381 -0.6613 -0.5226
vn -0.8631 -0.4377 -0.2521
vn -0.8505 -0.4520 -0.2690
vn -0.6022 -0.4364 -0.6685
vn -0.6430 -0.4258 -0.6366
vn -0.9487 -0.2882 -0.1304
vn -0.6726 -0.7231 -0.1570
vn -0.4780 -0.5171 -0.7100
vn -0.4652 -0.5147 -0.7202
vn -0.6674 -0.7269 -0.1620
vn -0.9569 -0.2097 -0.2008
vn -0.8949 -0.3925 -0.2122
vn -0.8714 -0.4225 -0.2492
vn -0.6751 -0.6409 -0.3653
vn -0.6686 -0.6438 -0.3722
vn -0.8986 -0.3871 -0.2065
vn -0.9210 -0.3451 -0.1810
vn -0.2008 -0.8395 -0.5049
vn -0.1985 -0.8393 -0.5062
vn -0.1816 -0.9564 -0.2288
vn -0.7002 -0.6752 -0.2321
vn -0.8651 -0.3772 -0.3307
vn -0.8364 -0.4046 -0.3697
vn -0.7922 -0.5644 -0.2320
vn -0.7785 -0.5752 -0.2512
vn -0.9298 -0.2858 -0.2320
vn -0.5162 -0.4860 -0.7052
vn -0.3837 -0.8632 -0.3281
vn -0.9611 -0.2149 -0.1733
vn -0.0986 -0.8713 -0.4807
vn -0.0954 -0.8704 -0.4831
vn -0.6054 -0.7902 -0.0953
vn -0.5877 -0.7978 -0.1346
vn -0.9339 -0.3212 -0.1571
vn -0.3307 -0.5913 -0.7356
vn -0.9412 -0.3091 -0.1366
vn -0.7548 -0.3477 -0.5562
vn -0.9778 -0.2016 -0.0568
vn -0.7004 -0.6852 -0.1999
vn -0.3552 -0.8820 -0.3097
vn -0.7354 -0.3631 -0.5721
vn -0.9596 -0.2620 -0.1027
vn -0.3585 -0.5663 -0.7421
vn -0.3946 -0.5623 -0.7267
vn -0.5511 -0.8305 -0.0810
vn -0.2479 -0.6091 -0.7534
vn -0.7310 -0.5882 -0.3460
vn -0.5903 -0.4450 -0.6735
vn -0.0951 -0.9766 -0.1927
vn -0.0547 -0.8782 -0.4751
vn -0.9499 -0.2339 -0.2072
vn -0.7467 -0.4941 -0.4452
vn -0.7646 -0.4867 -0.4225
vn -0.6268 -0.7674 -0.1349
vn -0.7175 -0.6543 -0.2389
vn -0.6044 -0.6981 -0.3840
vn -0.1920 -0.9558 -0.2225
vn -0.3715 -0.7584 -0.5355
vn -0.3665 -0.7584 -0.5389
vn -0.8000 -0.3161 -0.5099
vn -0.8016 -0.3164 -0.5073
vn -0.6685 -0.7152 -0.2040
vn -0.8421 -0.4845 -0.2368
vn -0.6184 -0.6080 -0.4979
vn -0.2782 -0.5988 -0.7510
vn -0.1421 -0.6585 -0.7390
vn -0.1128 -0.6526 -0.7493
vn -0.8957 -0.3367 -0.2903
vn -0.0879 -0.6770 -0.7307
vn -0.0692 -0.6723 -0.7371
vn -0.4111 -0.7354 -0.5386
vn -0.1695 -0.8410 -0.5139
vn -0.8919 -0.2527 -0.3751
vn -0.6499 -0.7444 -0.1534
vn -0.6281 -0.7580 -0.1755
vn -0.8974 -0.3893 -0.2076
vn -0.7926 -0.4484 -0.4132
vn -0.9079 -0.3657 -0.2049
vn -0.5069 -0.6735 -0.5380
vn -0.5298 -0.6661 -0.5250
vn -0.4265 -0.5244 -0.7369
vn -0.9247 -0.3395 -0.1724
vn -0.6322 -0.4231 -0.6491
vn -0.3317 -0.8802 -0.3393
vn -0.0472 -0.9852 -0.1646
vn -0.0263 -0.9835 -0.1791
vn -0.5601 -0.4521 -0.6942
vn -0.7135 -0.3682 -0.5961
vn -0.0435 -0.8750 -0.4822
vn -0.3613 -0.8641 -0.3503
vn -0.8355 -0.4718 -0.2817
vn -0.8666 -0.2702 -0.4194
vn -0.9200 -0.2370 -0.3120
vn -0.7710 -0.5866 -0.2480
vn -0.6859 -0.5414 -0.4863
vn -0.9207 -0.2826 -0.2690
vn -0.3268 -0.7698 -0.5483
vn -0.2404 -0.8088 -0.5367
vn -0.2535 -0.8089 -0.5305
vn -0.5381 -0.7459 -0.3924
vn -0.3041 -0.5697 -0.7636
vn -0.3532 -0.5689 -0.7427
vn -0.2126 -0.6219 -0.7537
vn -0.1804 -0.6200 -0.7636
vn -0.6971 -0.6929 -0.1841
vn -0.0396 -0.6755 -0.7363
vn -0.0360 -0.6744 -0.7375
vn -0.4813 -0.4892 -0.7274
vn -0.6701 -0.3811 -0.6370
vn -0.6438 -0.6628 -0.3824
vn -0.6338 -0.6672 -0.3912
vn -0.5069 -0.7703 -0.3869
vn -0.5034 -0.7712 -0.3897
vn -0.5626 -0.4499 -0.6936
vn -0.4547 -0.8110 -0.3682
vn -0.8146 -0.5197 -0.2575
vn -0.4477 -0.8108 -0.3771
vn -0.9031 -0.3031 -0.3043
vn -0.9123 -0.3628 -0.1900
vn -0.5579 -0.6485 -0.5178
vn -0.2553 -0.6113 -0.7491
vn -0.2334 -0.9311 -0.2804
vn -0.2496 -0.9294 -0.2721
vn -0.9718 -0.2052 -0.1161
vn -0.7157 -0.5965 -0.3634
vn -0.9115 -0.3626 -0.1939
vn -0.9093 -0.2437 -0.3373
vn -0.8144 -0.4186 -0.4018
vn -0.8470 -0.3902 -0.3611
vn -0.1345 -0.9631 -0.2332
vn -0.1443 -0.9631 -0.2270
vn -0.6316 -0.5824 -0.5118
vn -0.0741 -0.6633 -0.7447
vn -0.5230 -0.4723 -0.7095
vn -0.9492 -0.2867 -0.1299
vn -0.3841 -0.5283 -0.7572
vn -0.4228 -0.5278 -0.7367
vn -0.9330 -0.2723 -0.2354
vn -0.6962 -0.3639 -0.6188
vn -0.0800 -0.9801 -0.1818
vn -0.7499 -0.6125 -0.2500
vn -0.7364 -0.5040 -0.4513
vn -0.7121 -0.5172 -0.4748
vn -0.8895 -0.3974 -0.2257
vn -0.6008 -0.7795 -0.1772
vn -0.8343 -0.2882 -0.4699
vn -0.5762 -0.7201 -0.3866
vn -0.7232 -0.6456 -0.2455
vn -0.8635 -0.3757 -0.3364
vn -0.8767 -0.2644 -0.4019
vn -0.8629 -0.2701 -0.4271
vn -0.7921 -0.4492 -0.4132
vn -0.6622 -0.3863 -0.6420
vn -0.6389 -0.7404 -0.2088
vn -0.6525 -0.7315 -0.1978
vn -0.3123 -0.8968 -0.3133
vn -0.3007 -0.8978 -0.3217
vn -0.9877 -0.1526 -0.0342
vn -0.9570 -0.2278 -0.1793
vn -0.1453 -0.8464 -0.5123
vn -0.1315 -0.8448 -0.5186
vn -0.9507 -0.2848 -0.1227
vn -0.5534 -0.8279 -0.0909
vn -0.4675 -0.4829 -0.7405
vn -0.9462 -0.2439 -0.2125
vn -0.5877 -0.7968 -0.1408
vn -0.5740 -0.8046 -0.1525
vn -0.7646 -0.3323 -0.5523
vn -0.4384 -0.7060 -0.5562
vn -0.5144 -0.4677 -0.7188
vn -0.4391 -0.5083 -0.7408
vn -0.7849 -0.5639 -0.2566
vn -0.3838 -0.7321 -0.5627
vn -0.1325 -0.6210 -0.7725
vn -0.1652 -0.6250 -0.7629
vn -0.4696 -0.6854 -0.5565
vn -0.4899 -0.6826 -0.5422
vn -0.8384 -0.2827 -0.4660
vn -0.7900 -0.3160 -0.5254
vn -0.8042 -0.3007 -0.5127
vn -0.7711 -0.3243 -0.5479
vn -0.6261 -0.5734 -0.5283
vn -0.7477 -0.5623 -0.3532
vn -0.6515 -0.5705 -0.5001
vn -0.9435 -0.2246 -0.2438
vn -0.6328 -0.3938 -0.6667
vn -0.6362 -0.3941 -0.6633
vn -0.7331 -0.3447 -0.5863
vn -0.7264 -0.3503 -0.5914
vn -0.7454 -0.6163 -0.2539
vn -0.9851 -0.1580 -0.0680
vn -0.0185 -0.9765 -0.2148
vn -0.6935 -0.6816 -0.2334
vn -0.1095 -0.9718 -0.2090
vn -0.6980 -0.6784 -0.2293
vn -0.2041 -0.9375 -0.2817
vn -0.2191 -0.9364 -0.2742
vn -0.7609 -0.4669 -0.4506
vn -0.7561 -0.3245 -0.5683
vn -0.0941 -0.6334 -0.7681
vn -0.8967 -0.2535 -0.3628
vn -0.9277 -0.2343 -0.2907
vn -0.9207 -0.2370 -0.3101
vn -0.7700 -0.5394 -0.3408
vn -0.7818 -0.5325 -0.3245
vn -0.9536 -0.2193 -0.2063
vn -0.3229 -0.7720 -0.5475
vn -0.3417 -0.8742 -0.3451
vn -0.2809 -0.5789 -0.7654
vn -0.2643 -0.5735 -0.7754
vn -0.8194 -0.2987 -0.4893
vn -0.3301 -0.5333 -0.7788
vn -0.3632 -0.5361 -0.7620
vn -0.8146 -0.4184 -0.4017
vn -0.6578 -0.4009 -0.6376
vn -0.4762 -0.7875 -0.3913
vn -0.3968 -0.5021 -0.7684
vn -0.9081 -0.2452 -0.3395
vn -0.9018 -0.2507 -0.3521
vn -0.9053 -0.3765 -0.1967
vn -0.1942 -0.8152 -0.5456
vn -0.7517 -0.6019 -0.2695
vn -0.2126 -0.8153 -0.5386
vn -0.9479 -0.2271 -0.2234
vn -0.7122 -0.6493 -0.2669
vn -0.6006 -0.4126 -0.6849
vn -0.9299 -0.2340 -0.2838
vn -0.9257 -0.2323 -0.2985
vn -0.5964 -0.4130 -0.6883
vn -0.5725 -0.4213 -0.7034
vn -0.5579 -0.4352 -0.7066
vn -0.0415 -0.6519 -0.7572
vn -0.9710 -0.2125 -0.1095
vn -0.5349 -0.8363 -0.1200
vn -0.9620 -0.2184 -0.1639
vn -0.6129 -0.7607 -0.2136
vn -0.0673 -0.6423 -0.7635
vn -0.6300 -0.7508 -0.1986
vn -0.5212 -0.4411 -0.7306
vn -0.9244 -0.2757 -0.2637
vn -0.5333 -0.8326 -0.1496
vn -0.9028 -0.3023 -0.3059
vn -0.9756 -0.2120 -0.0570
vn -0.0928 -0.6328 -0.7687
vn -0.5320 -0.4428 -0.7217
vn -0.7125 -0.5954 -0.3713
vn -0.9717 -0.2154 -0.0972
vn -0.9683 -0.2376 -0.0773
vn -0.9587 -0.2634 -0.1070
vn -0.8315 -0.4937 -0.2546
vn -0.2885 -0.5429 -0.7887
vn -0.5720 -0.6202 -0.5368
vn -0.2354 -0.5854 -0.7758
vn -0.2030 -0.5833 -0.7864
vn -0.2889 -0.7745 -0.5627
vn -0.4877 -0.4629 -0.7402
vn -0.7057 -0.6544 -0.2716
vn -0.8843 -0.4132 -0.2173
vn -0.0249 -0.6408 -0.7673
vn -0.3800 -0.8492 -0.3667
vn -0.8709 -0.3414 -0.3535
vn -0.8194 -0.4841 -0.3070
vn -0.8169 -0.4848 -0.3126
vn -0.9676 -0.1997 -0.1544
vn -0.8578 -0.4565 -0.2362
vn -0.9826 -0.1148 -0.1457
vn -0.9626 -0.2248 -0.1511
vn -0.9724 -0.2119 -0.0976
vn -0.9777 -0.1743 -0.1170
vn -0.4806 -0.4629 -0.7448
vn -0.4411 -0.4803 -0.7581
vn -0.4357 -0.4797 -0.7616
vn -0.7422 -0.6090 -0.2796
vn -0.4042 -0.8313 -0.3815
vn -0.1857 -0.8182 -0.5442
vn -0.4070 -0.8307 -0.3798
vn -0.9757 -0.2185 -0.0144
vn -0.6771 -0.5359 -0.5043
vn -0.7092 -0.5198 -0.4763
vn -0.6138 -0.6837 -0.3948
vn -0.6709 -0.7038 -0.2334
vn -0.6553 -0.7136 -0.2478
vn -0.5536 -0.7297 -0.4013
vn -0.0407 -0.6292 -0.7761
vn -0.8044 -0.5358 -0.2566
vn -0.8006 -0.5396 -0.2603
vn -0.3535 -0.7463 -0.5640
vn -0.9757 -0.2109 -0.0599
vn -0.3644 -0.5047 -0.7826
vn -0.0586 -0.8592 -0.5083
vn -0.4002 -0.4952 -0.7711
vn -0.1156 -0.6038 -0.7887
vn -0.0885 -0.8470 -0.5242
vn -0.0993 -0.8487 -0.5194
vn -0.0789 -0.9673 -0.2410
vn -0.3952 -0.4942 -0.7743
vn -0.7243 -0.5811 -0.3710
vn -0.2274 -0.5548 -0.8003
vn -0.2513 -0.5592 -0.7900
vn -0.2987 -0.5467 -0.7822
vn -0.9812 -0.1680 -0.0951
vn -0.1538 -0.5824 -0.7982
vn -0.2020 -0.5838 -0.7864
vn -0.7910 -0.4319 -0.4333
vn -0.9588 -0.2099 -0.1914
vn -0.9998 -0.0203 -0.0005
vn -0.9998 -0.0201 -0.0004
vn -0.2700 -0.9059 -0.3263
vn -0.3556 -0.5023 -0.7882
vn -0.3193 -0.5149 -0.7956
vn -0.3785 -0.7317 -0.5669
vn -0.9295 -0.2656 -0.2559
vn -0.6056 -0.7753 -0.1793
vn -0.0367 -0.9722 -0.2313
vn -0.0624 -0.6111 -0.7891
vn -0.8450 -0.4560 -0.2792
vn -0.5882 -0.7023 -0.4010
vn -0.9175 -0.3550 -0.1792
vn -0.3071 -0.5136 -0.8012
vn -0.7644 -0.4613 -0.4504
vn -0.1879 -0.5705 -0.7995
vn -0.4235 -0.7042 -0.5699
vn -0.9993 -0.0370 0.0019
vn -0.1293 -0.5911 -0.7962
vn -0.0967 -0.5838 -0.8061
vn -0.0202 -0.6095 -0.7925
vn -0.0612 -0.6118 -0.7886
vn -0.2908 -0.5240 -0.8005
vn -0.2477 -0.7893 -0.5619
vn -0.9981 -0.0609 0.0078
vn -0.8623 -0.4481 -0.2361
vn -0.4832 -0.6555 -0.5803
vn -0.2517 -0.5291 -0.8104
vn -0.2113 -0.5430 -0.8127
vn -0.8801 -0.3423 -0.3289
vn -0.0325 -0.6046 -0.7959
vn -0.2464 -0.5333 -0.8093
vn -0.9228 -0.3444 -0.1728
vn -0.2016 -0.5384 -0.8182
vn -0.1639 -0.9443 -0.2853
vn -0.1774 -0.9443 -0.2773
vn -0.1370 -0.5558 -0.8199
vn -0.5807 -0.7858 -0.2127
vn -0.0552 -0.5808 -0.8121
vn -0.0770 -0.5903 -0.8035
vn -0.9951 -0.0992 -0.0026
vn -0.5252 -0.6414 -0.5593
vn -0.1227 -0.5483 -0.8272
vn -0.9977 -0.0675 -0.0030
vn -0.5758 -0.6214 -0.5313
vn -0.1670 -0.5517 -0.8171
vn -0.0108 -0.5902 -0.8072
vn -0.9378 -0.3119 -0.1524
vn -0.3168 -0.7503 -0.5802
vn -0.9952 -0.0979 -0.0018
vn -0.0706 -0.5690 -0.8193
vn -0.0983 -0.5437 -0.8335
vn -0.9071 -0.2925 -0.3027
vn -0.0519 -0.5664 -0.8225
vn -0.7323 -0.4815 -0.4815
vn -0.0261 -0.5630 -0.8260
vn -0.0088 -0.5690 -0.8223
vn -0.4848 -0.8667 -0.1178
vn -0.5100 -0.8564 -0.0810
vn -0.9998 -0.0218 -0.0000
vn -0.5390 -0.8299 -0.1442
vn -0.2907 -0.8883 -0.3556
vn -0.8264 -0.3839 -0.4119
vn -0.6741 -0.6270 -0.3905
vn -0.6894 -0.6195 -0.3755
vn -0.9974 -0.0715 -0.0047
vn -0.8860 -0.4106 -0.2155
vn -0.9923 -0.1237 0.0023
vn -0.5466 -0.8219 -0.1602
vn -0.4468 -0.7998 -0.4008
vn -0.4409 -0.8004 -0.4062
vn -0.7474 -0.5625 -0.3536
vn -0.9987 -0.0489 -0.0132
vn -0.9754 -0.2115 -0.0616
vn -0.2442 -0.9145 -0.3225
vn -0.6821 -0.5313 -0.5024
vn -0.2687 -0.7740 -0.5734
vn -0.8162 -0.5172 -0.2575
vn -0.9886 -0.1505 -0.0049
vn -0.9993 -0.0263 -0.0271
vn -0.3208 -0.8680 -0.3790
vn -0.7683 -0.5759 -0.2794
vn -0.8993 -0.3718 -0.2302
vn -0.5789 -0.7014 -0.4159
vn -0.9988 -0.0475 -0.0129
vn -0.8424 -0.3827 -0.3793
vn -0.1386 -0.8201 -0.5552
vn -0.1492 -0.8219 -0.5497
vn -0.0434 -0.9703 -0.2380
vn -0.9953 -0.0970 -0.0063
vn -0.7942 -0.4260 -0.4334
vn -0.9979 -0.0610 -0.0213
vn -0.3138 -0.7523 -0.5793
vn -0.6423 -0.7288 -0.2373
vn -0.6251 -0.7387 -0.2521
vn -0.8832 -0.3999 -0.2451
vn -0.4998 -0.8557 -0.1343
vn -0.9953 -0.0924 -0.0282
vn -0.9952 -0.0972 -0.0064
vn -0.5645 -0.8018 -0.1961
vn -0.0604 -0.8496 -0.5240
vn -0.0329 -0.8440 -0.5353
vn -0.9966 -0.0632 -0.0520
vn -0.2972 -0.8845 -0.3597
vn -0.9923 -0.1239 -0.0048
vn -0.9884 -0.1493 -0.0262
vn -0.9936 -0.1070 -0.0370
vn -0.7228 -0.4913 -0.4860
vn -0.9600 -0.2064 -0.1892
vn -0.3457 -0.8517 -0.3938
vn -0.6828 -0.6811 -0.2643
vn -0.9470 -0.2258 -0.2286
vn -0.6845 -0.6801 -0.2626
vn -0.9881 -0.1537 -0.0033
vn -0.9836 -0.1779 -0.0309
vn -0.9673 -0.2383 -0.0873
vn -0.6454 -0.5483 -0.5318
vn -0.5397 -0.7295 -0.4202
vn -0.4118 -0.6959 -0.5883
vn -0.2297 -0.9164 -0.3278
vn -0.8136 -0.4028 -0.4192
vn -0.9733 -0.2297 -0.0021
vn -0.8953 -0.3086 -0.3211
vn -0.8802 -0.3178 -0.3524
vn -0.9856 -0.1689 -0.0119
vn -0.9928 -0.1139 -0.0359
vn -0.9296 -0.3333 -0.1571
vn -0.8581 -0.3453 -0.3801
vn -0.0930 -0.9613 -0.2595
vn -0.5765 -0.5930 -0.5621
vn -0.5934 -0.5966 -0.5404
vn -0.5024 -0.6575 -0.5615
vn -0.9955 -0.0810 -0.0493
vn -0.9749 -0.2208 -0.0291
vn -0.9806 -0.1958 -0.0089
vn -0.7150 -0.6450 -0.2698
vn -0.7547 -0.4560 -0.4717
vn -0.5901 -0.7766 -0.2205
vn -0.4678 -0.8767 -0.1123
vn -0.7892 -0.5477 -0.2779
vn -0.7378 -0.6150 -0.2782
vn -0.6549 -0.6420 -0.3986
vn -0.6436 -0.6475 -0.4080
vn -0.4863 -0.8618 -0.1442
vn -0.5059 -0.7566 -0.4142
vn -0.5040 -0.7569 -0.4160
vn -0.9943 -0.0900 -0.0570
vn -0.1182 -0.9501 -0.2886
vn -0.1285 -0.9506 -0.2825
vn -0.9892 -0.1429 -0.0324
vn -0.9734 -0.2286 -0.0132
vn -0.6503 -0.5422 -0.5321
vn -0.9676 -0.2504 -0.0333
vn -0.7606 -0.5855 -0.2804
vn -0.5609 -0.8045 -0.1954
vn -0.9850 -0.1606 -0.0637
vn -0.7033 -0.4942 -0.5110
vn -0.5383 -0.8204 -0.1930
vn -0.9507 -0.2227 -0.2156
vn -0.7122 -0.6469 -0.2725
vn -0.3335 -0.8615 -0.3830
vn -0.9848 -0.1625 -0.0609
vn -0.9487 -0.2810 -0.1452
vn -0.9569 -0.2662 -0.1164
vn -0.7782 -0.5632 -0.2779
vn -0.6159 -0.7503 -0.2403
vn -0.5983 -0.7599 -0.2542
vn -0.9838 -0.1759 -0.0340
vn -0.9788 -0.1959 -0.0594
vn -0.2103 -0.7887 -0.5777
vn -0.2123 -0.7889 -0.5767
vn -0.1776 -0.7932 -0.5825
vn -0.9201 -0.3359 -0.2016
vn -0.9583 -0.2838 -0.0343
vn -0.9646 -0.2633 -0.0131
vn -0.9876 -0.1385 -0.0743
vn -0.9908 -0.1210 -0.0599
vn -0.1062 -0.8249 -0.5552
vn -0.0922 -0.8227 -0.5610
vn -0.9337 -0.3112 -0.1770
vn -0.9924 -0.0960 -0.0767
vn -0.6830 -0.6171 -0.3909
vn -0.8754 -0.3263 -0.3568
vn -0.2570 -0.7653 -0.5901
vn -0.4341 -0.6939 -0.5746
vn -0.8650 -0.4224 -0.2709
vn -0.9482 -0.3157 -0.0354
vn -0.1974 -0.9237 -0.3284
vn -0.2001 -0.9236 -0.3271
vn -0.3881 -0.8234 -0.4140
vn -0.7817 -0.5171 -0.3486
vn -0.7968 -0.5088 -0.3260
vn -0.9762 -0.2136 -0.0381
vn -0.9691 -0.2382 -0.0645
vn -0.8386 -0.4817 -0.2543
vn -0.6564 -0.7049 -0.2687
vn -0.6467 -0.7100 -0.2786
vn -0.9267 -0.2761 -0.2550
vn -0.8180 -0.3830 -0.4292
vn -0.8343 -0.3724 -0.4064
vn -0.4599 -0.8782 -0.1313
vn -0.9847 -0.1638 -0.0600
vn -0.9851 -0.1610 -0.0601
vn -0.5036 -0.8491 -0.1595
vn -0.7862 -0.4217 -0.4516
vn -0.5186 -0.6303 -0.5778
vn -0.3704 -0.7167 -0.5909
vn -0.3473 -0.7183 -0.6029
vn -0.9678 -0.2494 -0.0349
vn -0.9597 -0.2730 -0.0662
vn -0.9793 -0.1687 -0.1119
vn -0.8219 -0.4787 -0.3089
vn -0.4247 -0.9001 -0.0972
vn -0.9788 -0.1958 -0.0596
vn -0.9722 -0.2174 -0.0870
vn -0.9856 -0.1409 -0.0931
vn -0.2418 -0.8980 -0.3675
vn -0.9826 -0.1683 -0.0786
vn -0.2514 -0.8977 -0.3619
vn -0.9772 -0.1906 -0.0934
vn -0.2802 -0.8748 -0.3952
vn -0.0561 -0.9634 -0.2621
vn -0.0191 -0.9605 -0.2777
vn -0.4942 -0.8389 -0.2281
vn -0.9420 -0.2350 -0.2394
vn -0.4186 -0.9022 -0.1035
vn -0.8652 -0.4221 -0.2708
vn -0.5508 -0.7181 -0.4254
vn -0.8513 -0.3429 -0.3971
vn -0.9589 -0.2789 -0.0532
vn -0.4744 -0.7689 -0.4286
vn -0.5891 -0.6877 -0.4242
vn -0.6775 -0.5115 -0.5285
vn -0.9463 -0.3227 -0.0204
vn -0.9407 -0.3369 -0.0387
vn -0.6761 -0.6786 -0.2870
vn -0.6717 -0.6811 -0.2913
vn -0.9683 -0.2364 -0.0802
vn -0.4810 -0.6576 -0.5799
vn -0.8886 -0.4061 -0.2131
vn -0.9443 -0.3246 -0.0552
vn -0.8537 -0.4593 -0.2455
vn -0.9730 -0.1835 -0.1398
vn -0.9312 -0.3622 -0.0416
vn -0.5786 -0.7767 -0.2490
vn -0.5683 -0.7814 -0.2576
vn -0.4885 -0.8540 -0.1791
vn -0.7323 -0.5637 -0.3820
vn -0.7198 -0.6254 -0.3014
vn -0.9824 -0.1615 -0.0940
vn -0.9724 -0.2162 -0.0878
vn -0.1393 -0.7932 -0.5929
vn -0.1721 -0.7953 -0.5812
vn -0.9072 -0.3600 -0.2179
vn -0.8971 -0.3692 -0.2425
vn -0.9608 -0.2684 -0.0692
vn -0.9412 -0.3353 -0.0417
vn -0.9340 -0.3496 -0.0736
vn -0.7035 -0.6446 -0.2993
vn -0.8188 -0.5082 -0.2670
vn -0.8823 -0.4004 -0.2474
vn -0.0695 -0.9532 -0.2941
vn -0.0724 -0.9535 -0.2925
vn -0.9637 -0.2546 -0.0800
vn -0.5381 -0.8089 -0.2369
vn -0.9773 -0.1824 -0.1080
vn -0.7284 -0.4640 -0.5042
vn -0.2862 -0.8745 -0.3915
vn -0.2267 -0.7620 -0.6066
vn -0.0467 -0.8232 -0.5659
vn -0.0580 -0.8264 -0.5600
vn -0.9093 -0.2724 -0.3146
vn -0.2812 -0.7420 -0.6086
vn -0.9271 -0.3399 -0.1578
vn -0.9426 -0.3222 -0.0877
vn -0.7695 -0.4273 -0.4746
vn -0.9119 -0.4103 -0.0094
vn -0.6149 -0.5643 -0.5509
vn -0.5888 -0.5675 -0.5756
vn -0.9766 -0.1936 -0.0933
vn -0.6235 -0.6621 -0.4158
vn -0.6124 -0.6667 -0.4249
vn -0.9428 -0.2941 -0.1571
vn -0.4276 -0.6691 -0.6078
vn -0.9509 -0.2932 -0.0992
vn -0.5354 -0.6186 -0.5750
vn -0.5089 -0.6176 -0.5996
vn -0.9174 -0.3924 -0.0671
vn -0.9267 -0.3739 -0.0376
vn -0.1472 -0.9304 -0.3358
vn -0.1596 -0.9315 -0.3270
vn -0.9338 -0.3429 -0.1022
vn -0.3141 -0.7280 -0.6094
vn -0.9467 -0.3149 -0.0683
vn -0.3079 -0.7279 -0.6127
vn -0.9151 -0.4019 -0.0336
vn -0.9701 -0.2261 -0.0877
vn -0.9820 -0.1695 -0.0838
vn -0.7005 -0.6481 -0.2990
vn -0.8079 -0.5202 -0.2769
vn -0.9648 -0.1948 -0.1769
vn -0.9295 -0.2447 -0.2760
vn -0.9626 -0.2430 -0.1197
vn -0.4643 -0.6543 -0.5969
vn -0.3646 -0.8382 -0.4055
vn -0.6144 -0.7356 -0.2854
vn -0.6268 -0.7300 -0.2722
vn -0.7568 -0.5394 -0.3692
vn -0.7595 -0.5381 -0.3655
vn -0.9568 -0.2559 -0.1380
vn -0.4538 -0.8736 -0.1757
vn -0.6962 -0.5952 -0.4013
vn -0.9801 -0.1643 -0.1110
vn -0.9735 -0.1847 -0.1352
vn -0.3649 -0.6879 -0.6274
vn -0.7445 -0.5976 -0.2974
vn -0.9031 -0.4247 -0.0635
vn -0.5032 -0.8412 -0.1978
vn -0.3972 -0.9124 -0.0988
vn -0.9676 -0.2205 -0.1228
vn -0.8939 -0.4457 -0.0490
vn -0.7875 -0.5045 -0.3539
vn -0.9080 -0.3227 -0.2673
vn -0.9719 -0.1841 -0.1464
vn -0.9228 -0.3733 -0.0957
vn -0.9331 -0.3533 -0.0678
vn -0.6721 -0.5184 -0.5287
vn -0.6464 -0.5223 -0.5562
vn -0.9764 -0.1782 -0.1217
vn -0.6401 -0.7066 -0.3017
vn -0.6473 -0.7029 -0.2948
vn -0.0255 -0.9534 -0.3006
vn -0.2046 -0.7700 -0.6044
vn -0.9227 -0.3335 -0.1935
vn -0.8453 -0.4422 -0.2998
vn -0.8507 -0.4382 -0.2904
vn -0.9012 -0.3860 -0.1969
vn -0.4105 -0.8067 -0.4252
vn -0.9602 -0.2608 -0.1001
vn -0.9517 -0.2823 -0.1207
vn -0.4257 -0.8959 -0.1271
vn -0.4093 -0.8996 -0.1526
vn -0.4028 -0.6871 -0.6047
vn -0.2481 -0.8829 -0.3987
vn -0.9622 -0.2451 -0.1185
vn -0.9846 -0.1682 -0.0485
vn -0.2060 -0.9080 -0.3649
vn -0.9786 -0.1938 -0.0697
vn -0.8114 -0.3811 -0.4432
vn -0.8236 -0.3772 -0.4235
vn -0.9494 -0.2986 -0.0979
vn -0.9149 -0.3626 -0.1776
vn -0.5023 -0.7401 -0.4472
vn -0.5134 -0.7372 -0.4393
vn -0.9428 -0.3152 -0.1090
vn -0.5827 -0.5730 -0.5763
vn -0.4481 -0.7834 -0.4308
vn -0.4390 -0.7850 -0.4370
vn -0.9655 -0.2354 -0.1114
vn -0.9674 -0.2218 -0.1221
vn -0.9163 -0.3955 -0.0625
vn -0.9077 -0.4090 -0.0937
vn -0.8854 -0.4628 -0.0436
vn -0.9413 -0.3130 -0.1266
vn -0.4517 -0.8750 -0.1744
vn -0.8898 -0.2874 -0.3544
vn -0.9071 -0.2765 -0.3174
vn -0.8775 -0.3016 -0.3729
vn -0.8459 -0.3415 -0.4098
vn -0.3769 -0.9196 -0.1106
vn -0.1667 -0.7718 -0.6136
vn -0.0574 -0.9464 -0.3178
vn -0.7938 -0.4034 -0.4550
vn -0.7580 -0.4230 -0.4966
vn -0.9296 -0.3156 -0.1905
vn -0.9475 -0.2809 -0.1530
vn -0.9225 -0.3740 -0.0954
vn -0.5794 -0.6870 -0.4385
vn -0.2164 -0.7603 -0.6125
vn -0.4869 -0.8480 -0.2094
vn -0.9564 -0.2559 -0.1410
vn -0.9083 -0.4118 -0.0735
vn -0.5393 -0.7174 -0.4411
vn -0.6006 -0.7468 -0.2855
vn -0.9204 -0.2642 -0.2882
vn -0.8658 -0.4968 -0.0602
vn -0.8715 -0.4880 -0.0474
vn -0.2713 -0.7399 -0.6156
vn -0.8870 -0.4556 -0.0750
vn -0.5439 -0.8001 -0.2531
vn -0.5314 -0.8046 -0.2650
vn -0.7261 -0.5650 -0.3918
vn -0.7958 -0.5350 -0.2837
vn -0.7957 -0.5351 -0.2837
vn -0.9072 -0.4104 -0.0924
vn -0.7223 -0.4581 -0.5181
vn -0.8834 -0.4619 -0.0795
vn -0.2356 -0.8885 -0.3938
vn -0.0574 -0.8022 -0.5943
vn -0.9410 -0.3141 -0.1259
vn -0.8944 -0.3728 -0.2472
vn -0.8868 -0.3793 -0.2638
vn -0.9661 -0.2198 -0.1358
vn -0.1914 -0.9077 -0.3735
vn -0.4952 -0.6253 -0.6031
vn -0.4699 -0.6284 -0.6199
vn -0.1133 -0.7998 -0.5895
vn -0.0990 -0.7958 -0.5974
vn -0.4155 -0.8928 -0.1741
vn -0.9341 -0.3410 -0.1055
vn -0.9242 -0.3614 -0.1231
vn -0.4260 -0.6533 -0.6259
vn -0.9514 -0.2811 -0.1262
vn -0.3135 -0.8487 -0.4259
vn -0.1117 -0.9345 -0.3380
vn -0.9507 -0.2746 -0.1439
vn -0.1659 -0.7722 -0.6133
vn -0.9796 -0.1891 -0.0680
vn -0.9564 -0.2484 -0.1540
vn -0.3891 -0.9003 -0.1952
vn -0.3330 -0.9358 -0.1160
vn -0.6545 -0.6244 -0.4263
vn -0.6694 -0.6172 -0.4135
vn -0.9893 -0.1417 -0.0347
vn -0.9589 -0.2006 -0.2007
vn -0.8798 -0.4194 -0.2236
vn -0.9768 -0.1769 -0.1205
vn -0.7315 -0.6100 -0.3048
vn -0.7850 -0.4014 -0.4719
vn -0.8796 -0.4703 -0.0724
vn -0.4843 -0.7513 -0.4484
vn -0.8689 -0.3133 -0.3833
vn -0.9582 -0.2544 -0.1309
vn -0.8586 -0.3203 -0.4002
vn -0.9161 -0.3824 -0.1202
vn -0.9069 -0.3994 -0.1340
vn -0.8993 -0.4211 -0.1179
vn -0.8902 -0.4465 -0.0902
vn -0.9270 -0.2392 -0.2891
vn -0.4442 -0.8702 -0.2131
vn -0.8154 -0.4690 -0.3392
vn -0.8294 -0.4607 -0.3159
vn -0.3641 -0.9200 -0.1452
vn -0.6902 -0.4923 -0.5303
vn -0.6656 -0.4918 -0.5614
vn -0.9315 -0.3304 -0.1519
vn -0.6690 -0.6742 -0.3128
vn -0.6974 -0.5950 -0.3995
vn -0.8823 -0.4587 -0.1061
vn -0.4859 -0.8437 -0.2281
vn -0.6142 -0.7294 -0.3014
vn -0.8147 -0.3698 -0.4467
vn -0.6068 -0.7318 -0.3102
vn -0.5733 -0.7678 -0.2860
vn -0.5477 -0.5898 -0.5934
vn -0.5261 -0.5894 -0.6131
vn -0.6076 -0.5385 -0.5838
vn -0.6231 -0.5397 -0.5661
vn -0.8410 -0.5385 -0.0528
vn -0.3283 -0.7080 -0.6252
vn -0.9859 -0.1615 -0.0431
vn -0.9049 -0.3807 -0.1905
vn -0.0942 -0.9386 -0.3319
vn -0.8666 -0.4942 -0.0688
vn -0.1504 -0.9175 -0.3682
vn -0.8467 -0.5233 -0.0963
vn -0.9176 -0.3581 -0.1724
vn -0.5017 -0.8258 -0.2578
vn -0.9735 -0.2046 -0.1022
vn -0.8732 -0.3031 -0.3817
vn -0.3403 -0.8285 -0.4447
vn -0.3591 -0.8255 -0.4354
vn -0.7275 -0.4494 -0.5185
vn -0.3709 -0.6803 -0.6322
vn -0.8620 -0.4952 -0.1083
vn -0.9285 -0.3455 -0.1364
vn -0.3358 -0.9350 -0.1142
vn -0.8986 -0.4228 -0.1169
vn -0.9343 -0.3180 -0.1614
vn -0.5695 -0.7695 -0.2889
vn -0.7933 -0.3741 -0.4803
vn -0.7682 -0.5644 -0.3020
vn -0.3869 -0.8059 -0.4481
vn -0.7756 -0.5576 -0.2958
vn -0.7352 -0.5539 -0.3907
vn -0.6697 -0.6735 -0.3131
vn -0.2432 -0.7388 -0.6285
vn -0.9229 -0.3602 -0.1363
vn -0.9052 -0.3911 -0.1662
vn -0.8764 -0.3951 -0.2754
vn -0.8351 -0.4850 -0.2596
vn -0.4241 -0.8773 -0.2246
vn -0.9745 -0.2079 -0.0841
vn -0.8312 -0.5482 -0.0928
vn -0.8467 -0.5282 -0.0635
vn -0.7004 -0.6392 -0.3175
vn -0.6978 -0.6408 -0.3200
vn -0.9655 -0.1931 -0.1745
vn -0.8952 -0.4243 -0.1361
vn -0.2852 -0.7122 -0.6414
vn -0.4233 -0.6516 -0.6294
vn -0.3743 -0.9117 -0.1693
vn -0.8392 -0.3424 -0.4225
vn -0.0521 -0.7982 -0.6002
vn -0.8388 -0.4774 -0.2619
vn -0.8658 -0.4415 -0.2357
vn -0.0928 -0.9242 -0.3705
vn -0.8705 -0.4718 -0.1401
vn -0.8841 -0.4526 -0.1163
vn -0.9304 -0.3334 -0.1521
vn -0.9501 -0.2684 -0.1587
vn -0.1068 -0.7724 -0.6261
vn -0.1229 -0.7769 -0.6175
vn -0.5774 -0.5511 -0.6025
vn -0.5864 -0.6799 -0.4403
vn -0.9264 -0.2365 -0.2931
vn -0.1443 -0.9166 -0.3727
vn -0.8825 -0.4449 -0.1522
vn -0.2012 -0.8919 -0.4051
vn -0.9422 -0.3097 -0.1281
vn -0.8997 -0.4064 -0.1594
vn -0.9472 -0.2800 -0.1564
vn -0.9545 -0.2493 -0.1640
vn -0.9762 -0.2007 -0.0819
vn -0.2915 -0.9493 -0.1175
vn -0.9378 -0.2967 -0.1803
vn -0.9277 -0.3114 -0.2058
vn -0.3687 -0.6798 -0.6340
vn -0.2896 -0.8594 -0.4213
vn -0.5541 -0.6967 -0.4557
vn -0.5544 -0.6966 -0.4554
vn -0.1977 -0.7426 -0.6399
vn -0.7668 -0.4062 -0.4970
vn -0.8653 -0.4067 -0.2930
vn -0.9479 -0.2783 -0.1553
vn -0.9315 -0.3141 -0.1836
vn -0.0573 -0.7920 -0.6078
vn -0.8277 -0.5588 -0.0519
vn -0.8082 -0.5831 -0.0821
vn -0.0693 -0.9375 -0.3410
vn -0.0321 -0.9418 -0.3347
vn -0.9838 -0.1727 -0.0489
vn -0.2690 -0.7201 -0.6396
vn -0.4797 -0.6147 -0.6261
vn -0.9098 -0.3766 -0.1744
vn -0.4418 -0.6297 -0.6390
vn -0.6796 -0.4794 -0.5553
vn -0.4450 -0.7649 -0.4658
vn -0.4490 -0.7645 -0.4624
vn -0.3815 -0.9095 -0.1649
vn -0.3104 -0.6992 -0.6440
vn -0.8660 -0.4870 -0.1139
vn -0.8491 -0.5091 -0.1413
vn -0.6217 -0.6435 -0.4465
vn -0.6402 -0.6352 -0.4321
vn -0.9544 -0.2497 -0.1635
vn -0.6161 -0.5131 -0.5976
vn -0.6347 -0.5164 -0.5749
vn -0.9223 -0.3386 -0.1862
vn -0.3219 -0.8365 -0.4435
vn -0.8320 -0.5468 -0.0934
vn -0.4915 -0.8343 -0.2498
vn -0.4681 -0.8403 -0.2736
vn -0.9517 -0.2085 -0.2254
vn -0.8226 -0.3512 -0.4472
vn -0.0973 -0.9251 -0.3672
vn -0.6120 -0.7221 -0.3225
vn -0.7028 -0.5783 -0.4142
vn -0.7028 -0.5783 -0.4143
vn -0.6406 -0.6968 -0.3227
vn -0.6360 -0.6990 -0.3268
vn -0.7544 -0.5788 -0.3096
vn -0.1896 -0.8971 -0.3991
vn -0.7549 -0.5784 -0.3092
vn -0.9366 -0.3100 -0.1633
vn -0.7874 -0.3818 -0.4839
vn -0.2930 -0.9503 -0.1055
vn -0.2627 -0.9559 -0.1311
vn -0.5711 -0.7581 -0.3148
vn -0.2216 -0.7205 -0.6571
vn -0.9833 -0.1773 -0.0399
vn -0.2843 -0.8595 -0.4247
vn -0.0496 -0.9352 -0.3505
vn -0.9408 -0.2885 -0.1780
vn -0.7997 -0.5975 -0.0595
vn -0.6659 -0.6681 -0.3320
vn -0.8285 -0.5423 -0.1399
vn -0.8500 -0.5146 -0.1130
vn -0.7836 -0.3718 -0.4976
vn -0.5388 -0.5585 -0.6307
vn -0.5779 -0.5506 -0.6024
vn -0.7222 -0.4264 -0.5446
vn -0.8947 -0.4167 -0.1607
vn -0.7363 -0.4247 -0.5267
vn -0.3319 -0.9281 -0.1686
vn -0.7916 -0.4912 -0.3635
vn -0.3320 -0.9281 -0.1685
vn -0.7976 -0.4899 -0.3520
vn -0.0820 -0.7787 -0.6220
vn -0.9581 -0.2020 -0.2030
vn -0.9810 -0.1766 -0.0804
vn -0.9015 -0.2724 -0.3362
vn -0.8614 -0.4808 -0.1638
vn -0.8715 -0.4683 -0.1453
vn -0.4054 -0.7872 -0.4648
vn -0.9626 -0.2364 -0.1321
vn -0.9427 -0.2181 -0.2524
vn -0.9349 -0.2299 -0.2703
vn -0.1588 -0.7449 -0.6480
vn -0.1817 -0.7484 -0.6379
vn -0.3292 -0.6772 -0.6580
vn -0.7682 -0.5114 -0.3851
vn -0.9691 -0.2172 -0.1171
vn -0.3790 -0.6538 -0.6549
vn -0.7731 -0.6273 -0.0934
vn -0.9119 -0.3316 -0.2418
vn -0.9252 -0.3168 -0.2088
vn -0.8095 -0.5791 -0.0970
vn -0.7967 -0.5934 -0.1148
vn -0.9144 -0.3605 -0.1844
vn -0.9775 -0.1822 -0.1059
vn -0.7462 -0.4031 -0.5297
vn -0.8427 -0.4703 -0.2620
vn -0.2387 -0.8726 -0.4261
vn -0.5174 -0.8015 -0.3000
vn -0.5325 -0.7977 -0.2829
vn -0.1503 -0.9001 -0.4089
vn -0.0984 -0.9081 -0.4070
vn -0.6945 -0.4462 -0.5644
vn -0.8818 -0.4385 -0.1735
vn -0.8511 -0.4193 -0.3160
vn -0.8737 -0.3939 -0.2857
vn -0.4421 -0.6085 -0.6590
vn -0.4024 -0.8936 -0.1987
vn -0.0430 -0.7727 -0.6333
vn -0.5690 -0.7587 -0.3172
vn -0.2335 -0.8718 -0.4306
vn -0.5253 -0.7133 -0.4639
vn -0.5108 -0.7182 -0.4725
vn -0.8075 -0.5730 -0.1404
vn -0.8250 -0.5525 -0.1186
vn -0.7311 -0.5443 -0.4114
vn -0.6125 -0.6503 -0.4493
vn -0.9058 -0.3854 -0.1758
vn -0.8498 -0.3198 -0.4190
vn -0.9804 -0.1787 -0.0830
vn -0.8643 -0.4706 -0.1777
vn -0.7572 -0.5250 -0.3887
vn -0.6683 -0.6653 -0.3327
vn -0.3742 -0.6515 -0.6600
vn -0.6363 -0.4832 -0.6014
vn -0.2078 -0.7269 -0.6545
vn -0.4991 -0.5886 -0.6360
vn -0.8490 -0.5094 -0.1407
vn -0.8340 -0.5240 -0.1728
vn -0.4274 -0.8755 -0.2254
vn -0.7705 -0.6335 -0.0702
vn -0.9476 -0.2144 -0.2370
vn -0.2861 -0.8433 -0.4550
vn -0.2827 -0.8430 -0.4577
vn -0.6929 -0.4462 -0.5664
vn -0.6685 -0.5987 -0.4411
vn -0.2408 -0.9640 -0.1125
vn -0.2212 -0.9669 -0.1272
vn -0.7775 -0.6197 -0.1071
vn -0.9029 -0.2525 -0.3479
vn -0.9105 -0.2529 -0.3273
vn -0.3933 -0.7863 -0.4765
vn -0.4442 -0.8585 -0.2562
vn -0.4269 -0.8635 -0.2685
vn -0.3736 -0.9023 -0.2150
vn -0.9061 -0.3849 -0.1754
vn -0.8489 -0.4633 -0.2544
vn -0.1446 -0.9019 -0.4069
vn -0.7238 -0.6084 -0.3254
vn -0.7188 -0.6122 -0.3295
vn -0.5254 -0.5670 -0.6344
vn -0.7384 -0.6704 -0.0730
vn -0.0334 -0.9224 -0.3847
vn -0.0763 -0.9264 -0.3688
vn -0.3213 -0.6678 -0.6714
vn -0.1156 -0.7468 -0.6549
vn -0.1337 -0.7504 -0.6473
vn -0.6533 -0.4813 -0.5844
vn -0.5028 -0.8110 -0.2992
vn -0.8632 -0.4721 -0.1790
vn -0.5989 -0.7258 -0.3384
vn -0.0479 -0.7705 -0.6357
vn -0.8183 -0.5023 -0.2792
vn -0.5706 -0.5455 -0.6139
vn -0.8870 -0.2781 -0.3686
vn -0.8686 -0.2915 -0.4008
vn -0.9796 -0.1871 -0.0735
vn -0.7930 -0.5934 -0.1379
vn -0.9771 -0.1852 -0.1049
vn -0.7316 -0.6766 -0.0831
vn -0.7093 -0.5560 -0.4333
vn -0.7453 -0.6597 -0.0971
vn -0.2898 -0.9418 -0.1704
vn -0.4180 -0.6242 -0.6600
vn -0.5842 -0.6635 -0.4675
vn -0.1746 -0.7202 -0.6714
vn -0.4320 -0.6070 -0.6670
vn -0.8315 -0.5322 -0.1594
vn -0.6236 -0.4983 -0.6024
vn -0.7637 -0.6347 -0.1178
vn -0.8403 -0.5105 -0.1827
vn -0.9514 -0.2597 -0.1656
vn -0.4958 -0.7260 -0.4765
vn -0.4815 -0.7304 -0.4844
vn -0.8769 -0.4380 -0.1979
vn -0.0884 -0.9056 -0.4149
vn -0.8881 -0.4219 -0.1825
vn -0.9614 -0.2311 -0.1494
vn -0.8075 -0.3408 -0.4814
vn -0.9266 -0.2359 -0.2929
vn -0.3562 -0.8053 -0.4739
vn -0.3555 -0.8053 -0.4744
vn -0.9690 -0.2175 -0.1172
vn -0.8347 -0.4338 -0.3393
vn -0.8569 -0.4110 -0.3112
vn -0.1513 -0.7285 -0.6681
vn -0.4765 -0.5764 -0.6639
vn -0.5650 -0.7519 -0.3398
vn -0.9133 -0.3631 -0.1845
vn -0.8939 -0.3902 -0.2208
vn -0.7771 -0.3772 -0.5038
vn -0.3324 -0.9177 -0.2174
vn -0.2594 -0.6861 -0.6797
vn -0.2904 -0.6887 -0.6644
vn -0.1768 -0.8841 -0.4326
vn -0.9049 -0.3415 -0.2541
vn -0.9389 -0.2949 -0.1772
vn -0.5805 -0.6663 -0.4680
vn -0.6350 -0.6905 -0.3462
vn -0.6363 -0.6900 -0.3451
vn -0.9249 -0.2980 -0.2361
vn -0.9297 -0.3359 -0.1514
vn -0.5219 -0.7871 -0.3288
vn -0.9758 -0.1880 -0.1119
vn -0.6993 -0.6294 -0.3388
vn -0.7013 -0.6283 -0.3368
vn -0.3586 -0.8990 -0.2515
vn -0.2950 -0.9407 -0.1678
vn -0.7915 -0.5956 -0.1374
vn -0.2586 -0.9504 -0.1728
vn -0.5226 -0.7870 -0.3279
vn -0.8348 -0.5203 -0.1802
vn -0.8240 -0.5315 -0.1963
vn -0.7345 -0.6733 -0.0849
vn -0.8002 -0.4729 -0.3688
vn -0.7973 -0.5791 -0.1699
vn -0.8097 -0.5667 -0.1522
vn -0.9797 -0.1936 -0.0522
vn -0.9379 -0.2833 -0.2003
vn -0.3342 -0.6552 -0.6775
vn -0.8989 -0.3916 -0.1965
vn -0.9900 -0.1365 -0.0354
vn -0.9508 -0.2589 -0.1702
vn -0.9421 -0.3069 -0.1349
vn -0.7647 -0.6335 -0.1180
vn -0.0897 -0.7518 -0.6533
vn -0.0734 -0.7473 -0.6604
vn -0.3734 -0.6290 -0.6819
vn -0.3773 -0.6301 -0.6787
vn -0.2425 -0.8539 -0.4606
vn -0.2381 -0.8537 -0.4631
vn -0.6663 -0.4552 -0.5906
vn -0.7037 -0.7067 -0.0734
vn -0.7075 -0.7034 -0.0691
vn -0.1273 -0.7235 -0.6785
vn -0.1735 -0.9759 -0.1325
vn -0.1956 -0.9739 -0.1148
vn -0.8549 -0.4747 -0.2092
vn -0.5522 -0.6788 -0.4841
vn -0.8658 -0.4618 -0.1926
vn -0.8639 -0.2974 -0.4066
vn -0.9654 -0.1951 -0.1728
vn -0.0383 -0.7490 -0.6614
vn -0.9269 -0.3253 -0.1872
vn -0.9251 -0.2303 -0.3018
vn -0.9104 -0.2416 -0.3360
vn -0.1002 -0.9071 -0.4088
vn -0.6182 -0.4741 -0.6269
vn -0.5740 -0.5127 -0.6385
vn -0.5639 -0.7530 -0.3392
vn -0.6942 -0.5738 -0.4345
vn -0.3821 -0.8829 -0.2731
vn -0.8842 -0.4155 -0.2134
vn -0.4617 -0.8336 -0.3033
vn -0.6377 -0.6169 -0.4613
vn -0.4693 -0.8317 -0.2966
vn -0.6526 -0.6142 -0.4437
vn -0.7512 -0.6406 -0.1592
vn -0.7737 -0.6185 -0.1370
vn -0.9214 -0.3493 -0.1701
vn -0.1791 -0.8826 -0.4346
vn -0.9823 -0.1774 -0.0606
vn -0.8741 -0.4364 -0.2133
vn -0.1978 -0.6934 -0.6928
vn -0.2146 -0.6988 -0.6824
vn -0.2670 -0.6734 -0.6893
vn -0.4128 -0.7650 -0.4944
vn -0.9702 -0.1924 -0.1475
vn -0.7051 -0.4252 -0.5675
vn -0.2444 -0.9547 -0.1697
vn -0.8026 -0.5652 -0.1908
vn -0.8297 -0.4857 -0.2750
vn -0.3173 -0.8133 -0.4877
vn -0.8766 -0.3944 -0.2756
vn -0.8914 -0.3552 -0.2814
vn -0.9081 -0.3355 -0.2507
vn -0.8186 -0.4563 -0.3489
vn -0.9310 -0.3167 -0.1817
vn -0.4611 -0.7403 -0.4892
vn -0.4448 -0.7436 -0.4993
vn -0.7244 -0.6756 -0.1375
vn -0.7515 -0.6504 -0.1100
vn -0.8331 -0.3091 -0.4587
vn -0.7226 -0.5538 -0.4137
vn -0.7949 -0.4695 -0.3843
vn -0.8031 -0.5189 -0.2927
vn -0.7980 -0.5231 -0.2992
vn -0.7693 -0.6143 -0.1756
vn -0.6169 -0.4738 -0.6285
vn -0.0416 -0.7500 -0.6601
vn -0.5708 -0.5163 -0.6384
vn -0.7554 -0.3895 -0.5269
vn -0.4884 -0.8113 -0.3213
vn -0.4499 -0.5911 -0.6694
vn -0.8363 -0.5064 -0.2101
vn -0.0894 -0.9054 -0.4150
vn -0.9805 -0.1938 -0.0341
vn -0.8939 -0.3942 -0.2134
vn -0.9234 -0.3340 -0.1893
vn -0.2919 -0.9310 -0.2192
vn -0.7736 -0.4959 -0.3944
vn -0.7381 -0.6566 -0.1555
vn -0.6921 -0.7141 -0.1050
vn -0.8564 -0.2816 -0.4327
vn -0.9362 -0.2876 -0.2021
vn -0.8756 -0.4342 -0.2115
vn -0.3188 -0.6439 -0.6955
vn -0.8136 -0.3313 -0.4777
vn -0.8435 -0.4980 -0.2010
vn -0.6578 -0.4420 -0.6099
vn -0.7283 -0.3943 -0.5605
vn -0.0823 -0.7254 -0.6833
vn -0.0965 -0.7313 -0.6752
vn -0.7262 -0.6759 -0.1257
vn -0.7672 -0.4972 -0.4053
vn -0.4885 -0.5603 -0.6689
vn -0.9116 -0.3606 -0.1974
vn -0.2202 -0.9592 -0.1776
vn -0.4102 -0.5958 -0.6904
vn -0.8398 -0.4113 -0.3544
vn -0.7853 -0.3526 -0.5089
vn -0.7824 -0.5867 -0.2089
vn -0.7989 -0.5736 -0.1808
vn -0.8759 -0.2722 -0.3983
vn -0.8964 -0.2617 -0.3576
vn -0.6046 -0.7121 -0.3570
vn -0.6075 -0.7108 -0.3546
vn -0.5182 -0.5331 -0.6688
vn -0.9568 -0.2736 -0.0986
vn -0.9066 -0.3740 -0.1955
vn -0.9604 -0.2031 -0.1907
vn -0.6098 -0.6313 -0.4792
vn -0.2301 -0.6678 -0.7079
vn -0.6967 -0.7063 -0.1255
vn -0.9549 -0.2364 -0.1799
vn -0.9452 -0.3027 -0.1224
vn -0.2045 -0.8627 -0.4626
vn -0.9485 -0.2118 -0.2354
vn -0.9089 -0.3660 -0.1998
vn -0.3773 -0.8888 -0.2603
vn -0.5218 -0.6919 -0.4991
vn -0.5428 -0.6848 -0.4863
vn -0.9835 -0.1662 -0.0713
vn -0.2904 -0.9313 -0.2199
vn -0.5205 -0.7892 -0.3261
vn -0.7344 -0.5244 -0.4308
vn -0.0404 -0.9108 -0.4108
vn -0.1248 -0.9826 -0.1378
vn -0.1310 -0.8814 -0.4538
vn -0.5612 -0.4889 -0.6679
vn -0.4152 -0.5928 -0.6901
vn -0.6563 -0.4442 -0.6099
vn -0.7617 -0.6256 -0.1689
vn -0.9705 -0.1930 -0.1443
vn -0.9888 -0.1435 -0.0399
vn -0.7408 -0.3774 -0.5557
vn -0.8131 -0.5401 -0.2174
vn -0.8243 -0.5281 -0.2040
vn -0.7732 -0.3521 -0.5275
vn -0.1448 -0.6995 -0.6998
vn -0.6506 -0.5924 -0.4751
vn -0.1616 -0.7050 -0.6906
vn -0.6595 -0.5941 -0.4607
vn -0.6949 -0.4173 -0.5856
vn -0.4019 -0.8707 -0.2833
vn -0.7417 -0.6521 -0.1570
vn -0.2785 -0.8237 -0.4939
vn -0.2930 -0.8231 -0.4864
vn -0.1966 -0.9649 -0.1738
vn -0.4153 -0.8548 -0.3112
vn -0.4260 -0.8526 -0.3027
vn -0.3695 -0.7819 -0.5022
vn -0.3519 -0.7837 -0.5118
vn -0.8561 -0.4710 -0.2127
vn -0.2904 -0.6433 -0.7084
vn -0.4308 -0.5727 -0.6975
vn -0.6689 -0.6549 -0.3516
vn -0.6655 -0.6565 -0.3550
vn -0.9770 -0.1852 -0.1059
vn -0.8659 -0.2809 -0.4138
vn -0.7763 -0.5452 -0.3164
vn -0.7978 -0.3226 -0.5093
vn -0.7506 -0.3627 -0.5523
vn -0.1660 -0.8632 -0.4767
vn -0.1757 -0.8644 -0.4712
vn -0.9390 -0.2197 -0.2648
vn -0.9326 -0.2259 -0.2815
vn -0.9206 -0.2357 -0.3114
vn -0.3972 -0.7638 -0.5088
vn -0.7077 -0.6134 -0.3507
vn -0.6532 -0.7517 -0.0909
vn -0.6741 -0.7359 -0.0626
vn -0.3693 -0.6014 -0.7085
vn -0.0440 -0.7285 -0.6836
vn -0.0381 -0.7264 -0.6862
vn -0.0983 -0.8911 -0.4431
vn -0.7559 -0.6218 -0.2048
vn -0.7745 -0.6060 -0.1815
vn -0.5848 -0.4956 -0.6422
vn -0.1180 -0.9864 -0.1147
vn -0.4512 -0.8248 -0.3409
vn -0.4623 -0.8231 -0.3300
vn -0.0622 -0.9005 -0.4304
vn -0.8764 -0.3680 -0.3106
vn -0.8850 -0.3646 -0.2897
vn -0.5587 -0.7424 -0.3697
vn -0.5157 -0.5349 -0.6693
vn -0.4695 -0.5449 -0.6947
vn -0.2524 -0.9420 -0.2211
vn -0.3388 -0.6233 -0.7048
vn -0.7063 -0.6931 -0.1438
vn -0.7234 -0.6643 -0.1883
vn -0.5110 -0.6977 -0.5020
vn -0.4924 -0.7035 -0.5125
vn -0.6749 -0.7249 -0.1380
vn -0.6948 -0.7102 -0.1132
vn -0.7977 -0.4586 -0.3916
vn -0.7056 -0.3910 -0.5910
vn -0.9403 -0.2625 -0.2167
vn -0.5665 -0.7391 -0.3644
vn -0.3507 -0.1829 0.9185
vn -0.0912 -0.1583 0.9832
vn -0.0064 -0.1595 0.9872
vn -0.7407 -0.2251 0.6330
vn -0.4481 -0.1949 0.8725
vn -0.4560 -0.1966 0.8680
vn -0.2460 -0.1779 0.9528
vn -0.6101 -0.2095 0.7641
vn -0.9054 -0.1907 0.3794
vn -0.6141 -0.2114 0.7604
vn -0.0682 -0.1627 0.9843
vn -0.9614 -0.2037 0.1849
vn -0.7228 -0.2218 0.6545
vn -0.9607 -0.2020 0.1903
vn -0.6866 -0.2187 0.6933
vn -0.2095 -0.1753 0.9620
vn -0.2101 -0.1755 0.9618
vn -0.6991 -0.1698 0.6945
vn -0.0495 -0.1572 0.9863
vn -0.7088 -0.2253 0.6685
vn -0.6690 -0.2228 0.7091
vn -0.0110 -0.1614 0.9868
vn -0.8079 -0.1787 0.5615
vn -0.5762 -0.2079 0.7904
vn -0.4057 -0.1962 0.8927
vn -0.4021 -0.1951 0.8945
vn -0.1684 -0.1738 0.9703
vn -0.6508 -0.2191 0.7270
vn -0.5607 -0.2097 0.8010
vn -0.5632 -0.2101 0.7992
vn -0.9727 -0.2276 0.0450
vn -0.8902 -0.1897 0.4142
vn -0.8868 -0.1864 0.4230
vn -0.1553 -0.1768 0.9719
vn -0.7851 -0.1773 0.5934
vn -0.6334 -0.2226 0.7411
vn -0.6669 -0.1656 0.7265
vn -0.6662 -0.1653 0.7272
vn -0.1199 -0.1726 0.9777
vn -0.9736 -0.2168 0.0719
vn -0.9472 -0.2028 0.2483
vn -0.9483 -0.2049 0.2422
vn -0.3455 -0.1966 0.9176
vn -0.3408 -0.1948 0.9197
vn -0.5136 -0.2106 0.8318
vn -0.8044 -0.1807 0.5660
vn -0.5132 -0.2104 0.8321
vn -0.6055 -0.2196 0.7649
vn -0.6087 -0.2211 0.7620
vn -0.9653 -0.2177 0.1442
vn -0.1020 -0.1762 0.9791
vn -0.6442 -0.1686 0.7460
vn -0.0680 -0.1714 0.9829
vn -0.8627 -0.1899 0.4687
vn -0.8642 -0.1908 0.4656
vn -0.2947 -0.1951 0.9355
vn -0.2933 -0.1948 0.9360
vn -0.0516 -0.1751 0.9832
vn -0.9666 -0.2265 0.1202
vn -0.5591 -0.2213 0.7990
vn -0.5605 -0.2219 0.7979
vn -0.6246 -0.1641 0.7635
vn -0.9295 -0.2039 0.3072
vn -0.9328 -0.2070 0.2950
vn -0.0110 -0.1718 0.9851
vn -0.9569 -0.2194 0.1903
vn -0.0052 -0.1736 0.9848
vn -0.4546 -0.2110 0.8653
vn -0.9570 -0.2196 0.1896
vn -0.6004 -0.1696 0.7815
vn -0.2451 -0.1966 0.9493
vn -0.2402 -0.1951 0.9509
vn -0.1527 -0.1889 0.9700
vn -0.5182 -0.2226 0.8258
vn -0.5122 -0.2209 0.8300
vn -0.2069 -0.1930 0.9591
vn -0.4008 -0.2115 0.8914
vn -0.4009 -0.2116 0.8914
vn -0.8364 -0.1920 0.5135
vn -0.8348 -0.1910 0.5163
vn -0.5860 -0.1643 0.7935
vn -0.4886 -0.2245 0.8431
vn -0.7002 -0.1762 0.6919
vn -0.7561 -0.1827 0.6284
vn -0.7578 -0.1835 0.6261
vn -0.1038 -0.1903 0.9762
vn -0.0982 -0.1883 0.9772
vn -0.9139 -0.2060 0.3497
vn -0.9166 -0.2096 0.3405
vn -0.3444 -0.2121 0.9145
vn -0.3444 -0.2121 0.9146
vn -0.4487 -0.2215 0.8658
vn -0.4532 -0.2235 0.8629
vn -0.5614 -0.1650 0.8109
vn -0.9432 -0.2191 0.2499
vn -0.9438 -0.2202 0.2466
vn -0.0559 -0.1894 0.9803
vn -0.0502 -0.1877 0.9810
vn -0.7347 -0.1804 0.6539
vn -0.0005 -0.1911 0.9816
vn -0.0070 -0.1886 0.9820
vn -0.9030 -0.2039 0.3780
vn -0.2937 -0.2127 0.9319
vn -0.2936 -0.2126 0.9320
vn -0.3987 -0.2242 0.8893
vn -0.3997 -0.2246 0.8887
vn -0.5479 -0.1698 0.8191
vn -0.8045 -0.1907 0.5625
vn -0.8062 -0.1915 0.5598
vn -0.1688 -0.2065 0.9638
vn -0.7144 -0.1888 0.6738
vn -0.1485 -0.2051 0.9674
vn -0.2385 -0.2130 0.9475
vn -0.9875 -0.1386 0.0751
vn -0.9875 -0.1396 0.0730
vn -0.2388 -0.2132 0.9474
vn -0.5197 -0.1637 0.8385
vn -0.1298 -0.2074 0.9696
vn -0.3434 -0.2246 0.9119
vn -0.3438 -0.2248 0.9117
vn -0.0505 -0.2040 0.9777
vn -0.9828 -0.1377 0.1228
vn -0.0151 -0.2014 0.9794
vn -0.9305 -0.2198 0.2931
vn -0.7812 -0.1960 0.5927
vn -0.0964 -0.2054 0.9739
vn -0.1016 -0.2067 0.9731
vn -0.9803 -0.1430 0.1363
vn -0.1835 -0.2137 0.9595
vn -0.2929 -0.2255 0.9292
vn -0.8839 -0.2076 0.4190
vn -0.2939 -0.2257 0.9288
vn -0.8834 -0.2072 0.4202
vn -0.6957 -0.1798 0.6955
vn -0.9754 -0.1457 0.1654
vn -0.9744 -0.1426 0.1738
vn -0.5024 -0.1690 0.8480
vn -0.0560 -0.2061 0.9769
vn -0.2646 -0.2294 0.9367
vn -0.2383 -0.2250 0.9448
vn -0.9690 -0.1403 0.2032
vn -0.9868 -0.1616 -0.0084
vn -0.6728 -0.1821 0.7171
vn -0.2125 -0.2306 0.9496
vn -0.9621 -0.1478 0.2293
vn -0.4764 -0.1633 0.8639
vn -0.0415 -0.2190 0.9748
vn -0.5992 -0.1769 0.7808
vn -0.1724 -0.2255 0.9589
vn -0.9080 -0.2194 0.3568
vn -0.1547 -0.2285 0.9612
vn -0.9562 -0.1432 0.2554
vn -0.7510 -0.1902 0.6323
vn -0.7570 -0.1945 0.6238
vn -0.1291 -0.2262 0.9655
vn -0.9838 -0.1623 0.0767
vn -0.9863 -0.1635 0.0225
vn -0.9866 -0.1599 0.0317
vn -0.9255 -0.2246 0.3049
vn -0.6617 -0.1860 0.7263
vn -0.1012 -0.2283 0.9683
vn -0.9794 -0.1582 0.1258
vn -0.0959 -0.2275 0.9691
vn -0.9781 -0.1559 0.1379
vn -0.9466 -0.1513 0.2848
vn -0.8581 -0.2064 0.4702
vn -0.8599 -0.2077 0.4663
vn -0.0577 -0.2280 0.9720
vn -0.4554 -0.1695 0.8740
vn -0.0445 -0.2341 0.9712
vn -0.9907 -0.1349 0.0158
vn -0.9915 -0.1301 0.0091
vn -0.9397 -0.1458 0.3094
vn -0.9840 -0.1529 0.0910
vn -0.8959 -0.2231 0.3841
vn -0.9821 -0.1676 0.0860
vn -0.9717 -0.1595 0.1740
vn -0.9714 -0.1591 0.1761
vn -0.9294 -0.1534 0.3358
vn -0.6366 -0.1814 0.7495
vn -0.9814 -0.1892 0.0317
vn -0.4267 -0.1607 0.8900
vn -0.9781 -0.2057 0.0311
vn -0.9122 -0.2238 0.3433
vn -0.9636 -0.1616 0.2128
vn -0.7174 -0.1943 0.6690
vn -0.9784 -0.1687 0.1195
vn -0.7139 -0.1929 0.6732
vn -0.9209 -0.1475 0.3609
vn -0.9881 -0.1511 0.0297
vn -0.9895 -0.1444 0.0104
vn -0.6233 -0.1831 0.7603
vn -0.9871 -0.1420 0.0740
vn -0.8322 -0.2081 0.5140
vn -0.8304 -0.2069 0.5173
vn -0.5457 -0.1768 0.8191
vn -0.9565 -0.1575 0.2457
vn -0.9600 -0.1636 0.2272
vn -0.9105 -0.1551 0.3834
vn -0.3977 -0.1695 0.9017
vn -0.9274 -0.1592 0.3385
vn -0.8814 -0.2212 0.4175
vn -0.8793 -0.2190 0.4229
vn -0.9837 -0.1779 0.0267
vn -0.9839 -0.1764 0.0296
vn -0.9020 -0.1569 0.4021
vn -0.8980 -0.1536 0.4122
vn -0.5200 -0.1803 0.8349
vn -0.6885 -0.1978 0.6977
vn -0.9820 -0.1768 0.0673
vn -0.9424 -0.1622 0.2924
vn -0.9446 -0.1648 0.2839
vn -0.5656 -0.1856 0.8035
vn -0.8851 -0.1551 0.4388
vn -0.3690 -0.1595 0.9156
vn -0.5018 -0.1767 0.8467
vn -0.9138 -0.1591 0.3738
vn -0.7972 -0.2073 0.5671
vn -0.8031 -0.2121 0.5568
vn -0.8762 -0.1591 0.4549
vn -0.5752 -0.1856 0.7967
vn -0.8552 -0.2221 0.4683
vn -0.8541 -0.2212 0.4708
vn -0.3398 -0.1628 0.9263
vn -0.3494 -0.1636 0.9226
vn -0.6552 -0.1924 0.7305
vn -0.9296 -0.1649 0.3298
vn -0.6605 -0.1956 0.7249
vn -0.4805 -0.1796 0.8584
vn -0.7797 -0.2058 0.5914
vn -0.8583 -0.1562 0.4889
vn -0.3226 -0.1661 0.9318
vn -0.9730 -0.1810 0.1432
vn -0.4546 -0.1782 0.8727
vn -0.4495 -0.1762 0.8757
vn -0.3978 -0.1692 0.9017
vn -0.3658 -0.1738 0.9143
vn -0.8549 -0.1585 0.4940
vn -0.9808 -0.1940 0.0211
vn -0.2984 -0.1615 0.9407
vn -0.8277 -0.2223 0.5152
vn -0.8237 -0.2192 0.5229
vn -0.9675 -0.1837 0.1736
vn -0.6135 -0.1946 0.7654
vn -0.6160 -0.1956 0.7631
vn -0.9657 -0.1807 0.1864
vn -0.8322 -0.1639 0.5297
vn -0.7516 -0.2099 0.6253
vn -0.7486 -0.2089 0.6293
vn -0.9783 -0.1923 0.0778
vn -0.9779 -0.1898 0.0878
vn -0.2705 -0.1627 0.9489
vn -0.2691 -0.1620 0.9494
vn -0.9206 -0.1745 0.3492
vn -0.4101 -0.1784 0.8944
vn -0.8175 -0.1595 0.5534
vn -0.1934 -0.1946 0.9616
vn -0.7302 -0.1753 0.6603
vn -0.9607 -0.1814 0.2102
vn -0.7268 -0.2107 0.6537
vn -0.5970 -0.1946 0.7783
vn -0.1474 -0.1904 0.9706
vn -0.7952 -0.2196 0.5652
vn -0.8085 -0.1634 0.5653
vn -0.8936 -0.1745 0.4135
vn -0.9102 -0.1708 0.3774
vn -0.7154 -0.2081 0.6670
vn -0.9742 -0.1905 0.1206
vn -0.9520 -0.1839 0.2447
vn -0.9526 -0.1844 0.2421
vn -0.5442 -0.1949 0.8160
vn -0.2107 -0.1582 0.9647
vn -0.2177 -0.1617 0.9625
vn -0.7842 -0.1635 0.5986
vn -0.7830 -0.1630 0.6003
vn -0.6907 -0.2106 0.6918
vn -0.6870 -0.2093 0.6958
vn -0.8739 -0.1735 0.4541
vn -0.7645 -0.2231 0.6048
vn -0.8925 -0.1753 0.4156
vn -0.1689 -0.1589 0.9727
vn -0.1704 -0.1596 0.9724
vn -0.3979 -0.1845 0.8987
vn -0.9368 -0.1838 0.2977
vn -0.3154 -0.1758 0.9325
vn -0.9391 -0.1858 0.2892
vn -0.5151 -0.1949 0.8347
vn -0.5185 -0.1961 0.8323
vn -0.7587 -0.1640 0.6304
vn -0.7611 -0.1646 0.6274
vn -0.7544 -0.2203 0.6183
vn -0.2942 -0.1784 0.9390
vn -0.8525 -0.1750 0.4925
vn -0.6521 -0.2091 0.7287
vn -0.6531 -0.2096 0.7277
vn -0.9772 -0.2120 0.0068
vn -0.3594 -0.1813 0.9154
vn -0.7344 -0.1680 0.6576
vn -0.9754 -0.2068 0.0761
vn -0.1202 -0.1589 0.9799
vn -0.1212 -0.1593 0.9798
vn -0.9754 -0.2095 0.0682
vn -0.9694 -0.2053 0.1344
vn -0.9694 -0.2025 0.1386
vn -0.9208 -0.1853 0.3432
vn -0.9211 -0.1854 0.3424
vn -0.4793 -0.1935 0.8561
vn -0.2698 -0.1737 0.9471
vn -0.8660 -0.1771 0.4676
vn -0.8393 -0.1784 0.5136
vn -0.8312 -0.1755 0.5276
vn -0.7191 -0.1621 0.6757
vn -0.9767 -0.2148 0.0048
vn -0.6673 0.7448 0.0045
vn -0.7733 0.6340 0.0068
vn -0.7951 0.6065 -0.0009
vn -0.8095 0.5870 0.0108
vn -0.8670 0.4984 0.0037
vn -0.8789 0.4771 0.0022
vn -0.8833 0.4688 0.0036
vn -0.8955 0.4450 -0.0009
vn -0.9151 0.4033 0.0002
vn -0.9162 0.4007 0.0011
vn -0.9338 0.3577 -0.0011
vn -0.9382 0.3462 0.0015
vn -0.9514 0.3081 -0.0019
vn -0.9580 0.2867 0.0028
vn -0.9711 0.2387 -0.0043
vn -0.9791 0.2033 0.0039
vn -0.9821 0.1882 -0.0000
vn -0.9888 0.1490 -0.0017
vn -0.9924 0.1228 0.0022
vn -0.9995 0.0316 0.0001
vn -0.3360 -0.9375 -0.0903
vn -0.8550 0.5186 -0.0002
vn -0.8751 0.4839 0.0003
vn -0.8531 0.5217 -0.0013
vn -0.3171 -0.9436 -0.0953
vn -0.5462 -0.8361 -0.0509
vn -0.4360 -0.8973 -0.0689
vn -0.4303 -0.8998 -0.0725
vn -0.6515 -0.7580 -0.0309
vn -0.2894 -0.9527 -0.0927
vn -0.6461 -0.7627 -0.0301
vn -0.5374 -0.8419 -0.0486
vn -0.2536 -0.9623 -0.0983
vn -0.9753 0.2208 0.0026
vn -0.6099 -0.7917 -0.0343
vn -0.3921 -0.9174 -0.0685
vn -0.9394 -0.3426 -0.0082
vn -0.2447 -0.9648 -0.0965
vn -0.4980 -0.8658 -0.0494
vn -0.4785 -0.8762 -0.0572
vn -0.5985 -0.8005 -0.0319
vn -0.9369 -0.3493 -0.0101
vn -0.3640 -0.9280 -0.0798
vn -0.2113 -0.9719 -0.1041
vn -0.9720 0.2350 -0.0014
vn -0.5845 -0.8106 -0.0357
vn -0.1966 -0.9754 -0.1001
vn -0.9994 0.0337 0.0012
vn -0.5509 -0.8338 -0.0354
vn -0.2988 -0.9509 -0.0808
vn -0.4274 -0.9023 -0.0566
vn -0.4293 -0.9015 -0.0553
vn -1.0000 -0.0041 -0.0017
vn -0.1495 -0.9832 -0.1049
vn -1.0000 0.0065 0.0007
vn -0.1505 -0.9830 -0.1052
vn -0.5381 -0.8423 -0.0332
vn -0.9985 -0.0552 -0.0008
vn -0.2739 -0.9582 -0.0826
vn -0.9996 -0.0265 -0.0007
vn -0.1030 -0.9891 -0.1048
vn -0.5043 -0.8626 -0.0401
vn -0.0757 -0.9906 -0.1138
vn -0.8060 -0.5912 -0.0287
vn -0.3663 -0.9288 -0.0562
vn -0.3842 -0.9206 -0.0702
vn -0.2091 -0.9744 -0.0832
vn -0.2126 -0.9735 -0.0842
vn -0.2256 -0.9710 -0.0785
vn -0.1004 -0.9894 -0.1053
vn -0.3412 -0.9378 -0.0635
vn -0.4905 -0.8706 -0.0371
vn -0.0266 -0.9928 -0.1164
vn -0.7667 -0.6419 -0.0097
vn -0.8178 -0.5751 -0.0210
vn -0.1741 -0.9818 -0.0759
vn -0.4676 -0.8828 -0.0445
vn -0.8157 -0.5783 -0.0159
vn -0.1751 -0.9816 -0.0763
vn -0.8368 -0.5473 -0.0148
vn -0.8577 -0.5141 -0.0129
vn -0.8492 -0.5279 -0.0115
vn -0.6991 -0.7149 -0.0144
vn -0.2999 -0.9515 -0.0683
vn -0.3112 -0.9476 -0.0725
vn -0.7634 -0.6458 -0.0082
vn -0.2369 -0.9690 -0.0697
vn -0.3336 -0.9424 -0.0232
vn -0.2963 -0.9550 -0.0095
vn -0.7304 -0.6829 -0.0108
vn -0.4230 -0.9052 -0.0414
vn -0.4208 -0.9062 -0.0424
vn -0.4933 0.8699 0.0018
vn -0.7041 -0.7100 -0.0117
vn -0.6961 -0.7179 -0.0101
vn -0.5158 0.8567 -0.0023
vn -0.1364 -0.9869 -0.0866
vn -0.5157 0.8568 0.0004
vn -0.5176 0.8556 -0.0004
vn -0.7283 -0.6852 -0.0101
vn -0.3714 -0.9274 -0.0444
vn -0.3771 -0.9252 -0.0424
vn -0.5176 0.8556 -0.0002
vn -0.0098 -0.9955 -0.0948
vn -0.0571 -0.9937 -0.0962
vn -0.0087 -0.9954 -0.0951
vn -0.5180 0.8554 -0.0001
vn -0.4713 -0.8815 -0.0282
vn -0.4654 -0.8847 -0.0269
vn -0.5180 0.8554 0.0001
vn -0.3146 -0.9479 -0.0498
vn -0.5178 0.8555 -0.0000
vn -0.3163 -0.9474 -0.0491
vn -0.5178 0.8555 0.0001
vn -0.4328 -0.9010 -0.0294
vn -0.6788 -0.7343 -0.0098
vn -0.4968 0.8679 -0.0011
vn -0.1258 -0.9886 -0.0822
vn -0.5228 0.8524 0.0021
vn -0.8787 0.4773 0.0008
vn -0.8946 0.4469 0.0006
vn -0.6165 -0.7873 -0.0113
vn -0.8818 0.4715 -0.0003
vn -0.4166 -0.9087 -0.0263
vn -0.1776 -0.9819 -0.0662
vn -0.5339 0.8455 -0.0045
vn -0.6514 -0.7587 -0.0107
vn -0.6436 -0.7653 -0.0121
vn -0.6734 -0.7392 -0.0108
vn -0.4972 0.8676 0.0012
vn -0.1237 -0.9904 -0.0619
vn -0.5069 0.8620 -0.0005
vn -0.2745 -0.9598 -0.0579
vn -0.2701 -0.9621 -0.0378
vn -0.8802 0.4747 -0.0014
vn -0.3803 -0.9244 -0.0290
vn -0.5393 0.8421 0.0019
vn -0.1363 -0.9880 -0.0726
vn -0.5910 -0.8066 -0.0120
vn -0.2136 -0.9750 -0.0605
vn -0.3709 -0.9283 -0.0269
vn -0.0522 -0.9955 -0.0797
vn -0.0122 -0.9970 -0.0767
vn -0.5543 0.8323 -0.0028
vn -0.5518 -0.8339 -0.0104
vn -0.6211 -0.7836 -0.0100
vn -0.8801 0.4747 0.0001
vn -0.5860 -0.8102 -0.0103
vn -0.2128 -0.9762 -0.0416
vn -0.8795 0.4758 -0.0004
vn -0.1561 -0.9861 -0.0572
vn -0.8795 0.4758 0.0031
vn -0.8911 0.4538 -0.0015
vn -0.3211 -0.9466 -0.0294
vn -0.1102 -0.9916 -0.0682
vn -0.1600 -0.9857 -0.0538
vn -0.1207 -0.9915 -0.0475
vn -0.9385 -0.3451 -0.0115
vn -0.9459 -0.3244 -0.0074
vn -0.9552 -0.2957 -0.0091
vn -0.2908 -0.9562 -0.0331
vn -0.2289 -0.9722 -0.0482
vn -0.2455 -0.9690 -0.0275
vn -0.5280 -0.8492 -0.0067
vn -0.0415 -0.9972 -0.0623
vn -0.9540 0.2998 0.0001
vn -0.9520 -0.3059 -0.0071
vn -0.9620 -0.2730 -0.0057
vn -0.9527 -0.3037 -0.0064
vn -0.9647 0.2632 -0.0019
vn -0.2447 -0.9692 -0.0272
vn -0.2156 -0.9756 -0.0406
vn -0.4740 -0.8805 -0.0110
vn -0.4745 -0.8802 -0.0111
vn -0.1869 -0.9818 -0.0332
vn -0.9862 0.1653 0.0016
vn -0.1452 -0.9886 -0.0399
vn -0.9918 0.1278 0.0004
vn -0.1605 -0.9865 -0.0335
vn -0.4255 -0.9049 -0.0091
vn -0.4265 -0.9044 -0.0094
vn -0.9512 0.3069 -0.0310
vn -0.9911 0.1329 -0.0011
vn -0.3806 -0.9247 -0.0095
vn -0.9815 0.1913 0.0063
vn -0.9963 0.0858 -0.0001
vn -0.9968 0.0800 0.0009
vn -0.9989 0.0468 -0.0014
vn -0.1045 -0.9938 -0.0375
vn -0.3193 -0.9476 -0.0059
vn -0.1085 -0.9933 -0.0386
vn -0.3897 -0.9209 -0.0066
vn -0.0351 -0.9984 -0.0441
vn -0.3579 -0.9337 -0.0100
vn -0.3222 -0.9467 -0.0069
vn -0.8010 -0.5984 -0.0203
vn -0.8166 -0.5768 -0.0229
vn -0.8471 -0.5313 -0.0148
vn -0.8491 -0.5282 -0.0124
vn -0.2475 -0.9684 -0.0307
vn -0.8743 -0.4854 -0.0102
vn -0.8739 -0.4860 -0.0104
vn -0.0277 -0.9994 -0.0210
vn -0.2691 -0.9631 -0.0037
vn -0.0902 -0.9956 -0.0249
vn -0.0648 -0.9977 -0.0204
vn -0.2495 -0.9683 -0.0084
vn -0.6152 -0.7880 -0.0251
vn -0.6711 -0.7411 -0.0213
vn -0.6126 -0.7901 -0.0230
vn -0.2043 -0.9789 -0.0065
vn -0.1701 -0.9854 -0.0051
vn -0.1953 -0.9807 -0.0084
vn -0.0358 -0.9991 -0.0242
vn -0.4549 0.8905 0.0015
vn -0.4713 0.8820 -0.0019
vn -0.4730 0.8810 -0.0007
vn -0.4719 0.8817 -0.0001
vn -0.4731 0.8810 0.0004
vn -0.4738 0.8806 0.0001
vn -0.0570 0.9984 0.0011
vn -0.4738 0.8806 -0.0001
vn -0.1460 0.9893 0.0045
vn -0.4736 0.8807 -0.0001
vn -0.4736 0.8807 0.0015
vn -0.4588 0.8885 -0.0013
vn -0.7341 0.6790 -0.0001
vn -0.9066 0.4219 -0.0011
vn -0.8944 0.4473 0.0005
vn -0.9267 0.3759 -0.0017
vn -0.9261 0.3774 -0.0007
vn -0.9182 0.3961 -0.0009
vn -0.6070 0.7947 0.0002
vn -0.9067 0.4218 -0.0017
vn -0.9037 0.4281 0.0006
vn -0.9278 0.3731 0.0021
vn -0.5995 0.8004 -0.0010
vn -0.5781 0.8160 0.0017
vn -0.6743 0.7385 -0.0009
vn -0.6382 0.7699 -0.0000
vn -0.9248 0.3803 0.0111
vn -0.9227 0.3856 -0.0039
vn -0.9028 0.4300 -0.0004
vn -0.9292 0.3695 0.0001
vn -0.5655 -0.8222 -0.0647
vn -0.7901 0.6130 -0.0012
vn -0.7934 0.6087 0.0004
vn -0.9576 -0.2882 -0.0013
vn -0.9020 0.4318 0.0016
vn -0.9565 -0.2917 -0.0027
vn -0.9399 -0.3414 -0.0033
vn -0.9162 0.4007 -0.0001
vn -0.9287 0.3708 -0.0001
vn -0.9142 0.4053 -0.0008
vn -0.9035 0.4286 0.0009
vn -0.6364 -0.7702 -0.0434
vn -0.7626 0.6468 0.0040
vn -0.7827 0.6224 -0.0071
vn -0.8968 0.4425 -0.0016
vn -0.6864 -0.7268 -0.0256
vn -0.9628 -0.2701 -0.0050
vn -0.7499 -0.6614 -0.0136
vn -0.7269 -0.6865 -0.0192
vn -0.9294 0.3690 -0.0003
vn -0.0521 -0.9939 -0.0976
vn -0.0122 -0.9941 -0.1075
vn -0.9433 0.3320 -0.0000
vn -0.1412 -0.9863 -0.0849
vn -0.1771 -0.9796 -0.0952
vn -0.0891 -0.9923 -0.0860
vn -0.2086 -0.9760 -0.0621
vn -0.2696 -0.9613 -0.0570
vn -0.2993 -0.9531 -0.0448
vn -0.0888 -0.9936 -0.0704
vn -0.3062 -0.9518 -0.0202
vn -0.0742 -0.9954 -0.0604
vn -0.0307 -0.9984 -0.0465
vn -0.0527 -0.9974 -0.0495
vn -0.0784 -0.9963 -0.0346
vn -0.9761 0.2172 0.0008
vn -0.1322 -0.9910 -0.0210
vn -0.0195 -0.9991 -0.0381
vn -0.9719 0.2354 -0.0024
vn -0.9834 0.1812 -0.0014
vn -0.1313 -0.9913 -0.0059
vn -0.1466 -0.9892 -0.0084
vn -0.8497 -0.5269 -0.0197
vn -0.0858 -0.9963 -0.0058
vn -0.0314 -0.9995 -0.0028
vn -0.8739 -0.4859 -0.0140
vn -0.8930 -0.4500 -0.0112
vn -0.8347 -0.5503 -0.0180
vn -0.6795 0.7337 -0.0012
vn -0.7121 0.7021 0.0004
vn -0.8741 -0.4856 -0.0138
vn -0.8992 -0.4374 -0.0096
vn -0.8984 -0.4391 -0.0090
vn -0.7120 0.7022 0.0004
vn -0.7418 0.6707 0.0008
vn -0.7343 0.6788 -0.0004
vn -0.0886 0.9961 0.0014
vn -0.0222 0.9998 -0.0004
vn -0.4257 0.9049 0.0003
vn -0.4210 0.9070 -0.0017
vn -0.4257 0.9048 0.0001
vn -0.3908 0.9205 -0.0000
vn -0.4254 0.9050 -0.0001
vn -0.2468 0.9691 -0.0004
vn -0.4266 0.9045 -0.0005
vn -0.4270 0.9042 0.0001
vn -0.4267 0.9044 0.0002
vn -0.0966 0.9953 -0.0011
vn -0.7110 0.7032 -0.0001
vn -0.4270 0.9042 0.0011
vn -0.2842 0.9588 -0.0008
vn -0.4218 0.9067 -0.0003
vn -0.9155 0.4024 0.0017
vn -0.9337 0.3580 0.0024
vn -0.7610 0.6487 -0.0002
vn -0.9508 0.3097 0.0018
vn -0.9421 0.3353 0.0004
vn -0.7351 0.6780 -0.0004
vn -0.7108 0.7034 -0.0000
vn -0.7342 0.6790 -0.0000
vn -0.6967 0.7174 -0.0006
vn -0.6696 0.7428 0.0011
vn -0.7652 0.6438 0.0007
vn -0.7181 0.6959 0.0009
vn -0.2095 0.9778 -0.0011
vn -0.7477 0.6640 -0.0077
vn -0.7010 0.7132 -0.0014
vn -0.9425 0.3342 -0.0001
vn -0.9425 0.3341 -0.0001
vn -0.7109 0.7033 0.0001
vn -0.7566 0.6538 0.0032
vn -0.9525 0.3046 0.0002
vn -0.8131 0.5821 0.0013
vn -0.7353 0.6777 -0.0000
vn -0.7296 0.6839 -0.0010
vn -0.7351 0.6779 -0.0000
vn -0.7116 0.7026 -0.0002
vn -0.7116 0.7026 -0.0009
vn -0.2121 0.9772 0.0004
vn -0.7439 0.6683 -0.0010
vn -0.9803 -0.1977 -0.0041
vn -0.7122 0.7020 -0.0012
vn -0.7354 0.6776 0.0006
vn -0.8911 0.4537 0.0007
vn -0.7171 0.6969 0.0114
vn -0.9293 0.3692 -0.0004
vn -0.8756 0.4829 -0.0006
vn -0.8680 -0.4961 -0.0230
vn -0.9702 -0.2422 -0.0061
vn -0.8462 -0.5322 -0.0249
vn -0.9746 -0.2240 -0.0035
vn -0.8264 -0.5624 -0.0275
vn -0.9430 0.3327 0.0005
vn -0.8406 -0.5408 -0.0284
vn -0.0188 0.9998 -0.0001
vn -0.9131 0.4077 0.0016
vn -0.8013 -0.5974 -0.0320
vn -0.8565 -0.5156 -0.0224
vn -0.0469 0.9989 0.0009
vn -0.0336 0.9994 -0.0002
vn -0.8417 -0.5396 -0.0211
vn -0.2105 0.9776 -0.0000
vn -0.8126 -0.5821 -0.0294
vn -0.8360 -0.5483 -0.0245
vn -0.8552 0.5182 -0.0009
vn -0.0879 0.9961 0.0002
vn -0.0875 0.9962 0.0002
vn -0.9443 0.3290 0.0008
vn -0.9565 0.2917 -0.0013
vn -0.9661 0.2582 0.0022
vn -0.1480 0.9890 -0.0002
vn -0.9317 -0.3631 -0.0066
vn -0.8567 -0.5156 -0.0163
vn -0.8769 -0.4803 -0.0165
vn -0.9126 -0.4087 -0.0083
vn -0.8993 -0.4371 -0.0122
vn -0.2107 0.9775 -0.0000
vn -0.8994 -0.4369 -0.0121
vn -0.2122 0.9772 0.0002
vn -0.9212 -0.3891 -0.0070
vn -0.9212 -0.3890 -0.0071
vn -0.6808 -0.7315 -0.0389
vn -0.6832 -0.7298 -0.0271
vn -0.3296 0.9441 0.0005
vn -0.2672 0.9636 -0.0030
vn -0.2739 0.9617 0.0027
vn -0.3301 0.9440 0.0008
vn -0.7459 -0.6657 -0.0204
vn -0.3294 0.9442 -0.0002
vn -0.3770 0.9262 -0.0005
vn -0.3776 0.9260 -0.0003
vn -0.2761 0.9611 0.0001
vn -0.2761 0.9611 0.0002
vn -0.3302 0.9439 -0.0000
vn -0.3751 0.9270 0.0015
vn -0.3776 0.9260 0.0003
vn -0.2763 0.9611 -0.0000
vn -0.3303 0.9439 -0.0001
vn -0.3753 0.9269 -0.0012
vn -0.3783 0.9257 -0.0000
vn -0.2764 0.9611 -0.0000
vn -0.3305 0.9438 -0.0000
vn -0.3783 0.9257 -0.0002
vn -0.3307 0.9437 -0.0001
vn -0.8234 -0.5673 -0.0114
vn -0.8240 -0.5665 -0.0053
vn -0.3790 0.9254 -0.0000
vn -0.2019 0.9794 0.0033
vn -0.3309 0.9437 0.0001
vn -0.2764 0.9610 -0.0000
vn -0.2519 0.9677 0.0125
vn -0.7940 -0.6078 -0.0120
vn -0.3278 0.9447 -0.0007
vn -0.2696 0.9630 -0.0048
vn -0.7153 -0.6986 -0.0170
vn -0.3782 0.9257 0.0003
vn -0.3790 0.9254 0.0001
vn -0.3309 0.9437 0.0018
vn -0.7968 -0.6041 -0.0072
vn -0.7892 -0.6141 -0.0093
vn -0.9701 0.2427 -0.0000
vn -0.9714 0.2375 0.0050
vn -0.9514 0.3081 0.0034
vn -0.9620 0.2732 -0.0030
vn -0.9411 0.3381 -0.0019
vn -0.9603 0.2789 -0.0059
vn -0.9759 0.2181 0.0063
vn -0.9911 0.0983 -0.0896
vn -0.9571 0.2899 0.0023
vn -0.9580 0.2867 0.0072
vn -0.0383 -0.9956 -0.0858
vn -0.9722 0.2341 -0.0051
vn -0.0438 -0.9963 -0.0743
vn -0.0665 -0.9963 -0.0553
vn -0.9722 0.2341 0.0040
vn -0.9588 0.2841 -0.0020
vn -0.9736 0.2285 -0.0001
vn -0.1390 -0.9900 -0.0225
vn -0.7618 0.6478 -0.0006
vn -0.9590 0.2835 -0.0010
vn -0.1122 -0.9936 -0.0092
vn -0.0903 -0.9959 -0.0047
vn -0.0434 -0.9990 -0.0106
vn -0.6226 0.7826 0.0019
vn -0.9952 -0.0979 -0.0025
vn -0.9887 -0.1496 -0.0021
vn -0.9950 -0.0999 -0.0011
vn -0.9892 -0.1467 -0.0012
vn -0.9849 -0.1733 -0.0014
vn -0.8381 0.5456 -0.0036
vn -0.8673 0.4978 -0.0058
vn -0.8741 0.4845 0.0344
vn -0.8521 0.5234 0.0042
vn -0.9583 0.2858 -0.0001
vn -0.9736 0.2281 -0.0001
vn -0.9736 0.2283 0.0001
vn -0.6800 0.7332 0.0003
vn -0.9957 -0.0929 0.0043
vn -0.6809 0.7324 -0.0000
vn -0.9992 -0.0396 0.0003
vn -0.2057 0.9786 -0.0001
vn -0.7624 0.6471 -0.0002
vn -0.7637 0.6456 -0.0008
vn -0.7933 0.6088 0.0002
vn -0.6439 0.7651 -0.0001
vn -0.9425 0.3342 -0.0000
vn -0.9583 0.2858 -0.0004
vn -0.7914 0.6114 0.0021
vn -0.1372 0.9905 -0.0001
vn -0.9809 -0.1944 -0.0031
vn -0.8149 0.5796 -0.0000
vn -0.8324 0.5542 0.0019
vn -0.8375 0.5464 -0.0005
vn -0.8591 0.5118 0.0002
vn -0.8100 0.5864 -0.0017
vn -0.9587 0.2843 -0.0009
vn -0.9742 0.2258 -0.0014
vn -0.9737 0.2280 0.0001
vn -0.9572 0.2895 0.0056
vn -0.8760 0.4823 0.0004
vn -0.8758 0.4827 0.0003
vn -0.7620 0.6476 0.0006
vn -0.9128 0.4085 0.0009
vn -0.8944 0.4472 -0.0010
vn -0.8957 0.4447 -0.0002
vn -0.6404 0.7680 -0.0000
vn -0.1797 0.9837 -0.0025
vn -0.9296 0.3685 -0.0008
vn -0.9184 0.3957 -0.0016
vn -0.9325 0.3611 0.0017
vn -0.9420 -0.3357 -0.0005
vn -0.9415 -0.3369 -0.0016
vn -0.9509 -0.3065 -0.0440
vn -0.3781 0.9258 0.0005
vn -0.9256 -0.3784 -0.0106
vn -0.9425 -0.3342 -0.0082
vn -0.2371 0.9715 -0.0015
vn -0.9706 -0.2389 0.0289
vn -0.9601 -0.2797 -0.0023
vn -0.9661 -0.2576 -0.0167
vn -0.9151 -0.4031 -0.0053
vn -0.8943 -0.4473 -0.0104
vn -0.6551 0.7555 -0.0000
vn -0.6807 0.7325 -0.0001
vn -0.6809 0.7324 -0.0001
vn -0.9424 -0.3343 -0.0083
vn -0.9267 -0.3758 -0.0071
vn -0.9211 -0.3893 -0.0107
vn -0.2390 0.9710 -0.0025
vn -0.9579 -0.2872 -0.0064
vn -0.9782 -0.2073 0.0096
vn -0.9725 -0.2328 -0.0000
vn -0.9584 -0.2854 -0.0073
vn -0.9750 -0.2220 -0.0068
vn -0.7610 0.6488 -0.0000
vn -0.7626 0.6469 -0.0008
vn -0.6443 0.7648 0.0001
vn -0.9401 -0.3409 -0.0055
vn -0.9411 -0.3380 -0.0041
vn -0.5728 -0.8193 -0.0264
vn -0.6204 -0.7841 -0.0155
vn -0.5207 -0.8534 -0.0241
vn -0.5370 -0.8436 -0.0016
vn -0.5508 -0.8343 -0.0241
vn -0.5373 -0.8429 -0.0292
vn -0.5849 -0.8108 -0.0215
vn -0.5805 -0.8140 -0.0201
vn -0.5517 -0.8340 -0.0104
vn -0.6796 0.7336 0.0015
vn -0.7627 0.6467 -0.0001
vn -0.7624 0.6471 0.0001
vn -0.7625 0.6470 0.0011
vn -0.7653 0.6437 0.0001
vn -0.8718 -0.4894 -0.0191
vn -0.8752 -0.4833 -0.0189
vn -0.8673 -0.4975 -0.0168
vn -0.8109 -0.5842 -0.0346
vn -0.7835 -0.6201 -0.0403
vn -0.7708 -0.6361 -0.0359
vn -0.7850 -0.6185 -0.0345
vn -0.8077 -0.5890 -0.0258
vn -0.7792 -0.6260 -0.0308
vn -0.9875 -0.1578 -0.0034
vn -0.7539 -0.6560 -0.0360
vn -0.9791 -0.2034 -0.0005
vn -0.7809 -0.6241 -0.0267
vn -0.7457 -0.6656 -0.0297
vn -0.6704 -0.7402 -0.0523
vn -0.9694 -0.2454 -0.0049
vn -0.6650 -0.7452 -0.0500
vn -0.6930 -0.7197 -0.0420
vn -0.9820 0.1888 -0.0002
vn -0.9957 -0.0926 -0.0029
vn -0.5970 -0.7999 -0.0612
vn -0.9681 -0.2507 -0.0011
vn -0.7483 -0.6627 -0.0293
vn -0.9581 -0.2864 -0.0045
vn -0.9474 -0.3201 -0.0055
vn -0.9206 -0.3905 -0.0047
vn -0.6397 -0.7674 -0.0437
vn -0.6744 -0.7375 -0.0373
vn -0.9201 -0.3918 -0.0051
vn -0.7803 -0.6251 -0.0198
vn -0.9991 0.0426 -0.0023
vn -0.8907 -0.4544 -0.0083
vn -0.7208 -0.6927 -0.0240
vn -0.7105 -0.7031 -0.0278
vn -0.9849 0.1731 -0.0004
vn -0.9881 0.1540 0.0003
vn -0.9198 -0.3923 -0.0038
vn -0.7757 -0.6310 -0.0131
vn -0.8009 -0.5986 -0.0162
vn -0.9324 -0.3613 -0.0046
vn -0.8725 -0.4886 -0.0064
vn -0.9919 0.1268 -0.0003
vn -0.8203 -0.5717 -0.0133
vn -0.8437 -0.5367 -0.0083
vn -0.9998 -0.0178 0.0026
vn -0.9939 0.1101 0.0002
vn -0.9993 -0.0380 -0.0016
vn -0.9988 -0.0499 -0.0002
vn -0.7643 -0.6446 -0.0168
vn -0.6843 -0.7288 -0.0239
vn -0.9969 0.0793 -0.0001
vn -0.8169 -0.5766 -0.0092
vn -0.0913 -0.9922 -0.0851
vn -0.1012 -0.9928 -0.0648
vn -0.1568 -0.9874 -0.0200
vn -0.1644 -0.9861 -0.0219
vn -0.9995 0.0309 -0.0003
vn -0.6042 0.7968 -0.0024
vn -0.5834 0.8122 0.0022
vn -0.6446 0.7645 -0.0024
vn -0.9856 0.1688 -0.0000
vn -0.6041 0.7969 0.0003
vn -0.6435 0.7655 -0.0003
vn -0.6437 0.7653 0.0015
vn -0.6045 0.7966 -0.0000
vn -0.5737 0.8191 -0.0000
vn -0.2424 0.9702 0.0016
vn -0.2839 0.9589 -0.0011
vn -0.2079 0.9781 0.0018
vn -0.8157 0.5785 -0.0001
vn -0.2820 0.9594 0.0002
vn -0.6410 0.7675 -0.0013
vn -0.4221 0.9065 0.0001
vn -0.2834 0.9590 0.0014
vn -0.9857 0.1687 0.0001
vn -0.9967 0.0810 -0.0000
vn -0.8105 0.5857 -0.0012
vn -0.8093 0.5874 -0.0002
vn -0.9997 0.0242 0.0005
vn -0.9995 0.0324 0.0001
vn -1.0000 -0.0037 -0.0007
vn -0.8968 -0.4420 -0.0184
vn -0.9858 0.1676 0.0003
vn -0.8940 -0.4479 -0.0148
vn -0.8933 -0.4493 -0.0152
vn -0.9105 -0.4134 -0.0132
vn -0.9805 -0.1965 -0.0014
vn -0.9992 -0.0397 0.0002
vn -0.9750 -0.2223 -0.0034
vn -0.9749 -0.2228 -0.0033
vn -0.7045 -0.7081 -0.0469
vn -0.7534 -0.6566 -0.0364
vn -0.6395 -0.7667 -0.0574
vn -0.9684 -0.2492 -0.0032
vn -0.7245 -0.6881 -0.0399
vn -0.7083 -0.7046 -0.0435
vn -0.7218 -0.6910 -0.0397
vn -0.9604 -0.2787 -0.0062
vn -0.9751 -0.2214 -0.0144
vn -0.6297 -0.7749 -0.0546
vn -0.9889 -0.1485 -0.0032
vn -0.9786 -0.2056 -0.0016
vn -0.9706 -0.2406 -0.0029
vn -0.8028 -0.5960 -0.0189
vn -0.7812 -0.6237 -0.0257
vn -0.9991 -0.0412 0.0001
vn -0.7051 -0.7084 -0.0330
vn -0.7296 -0.6830 -0.0349
vn -0.9809 -0.1942 -0.0039
vn -0.9964 -0.0848 -0.0004
vn -0.9970 -0.0776 -0.0006
vn -0.7513 -0.6595 -0.0236
vn -0.8984 -0.4392 -0.0045
vn -0.9057 -0.4239 -0.0074
vn -0.9939 -0.1102 -0.0009
vn -0.8551 -0.5184 -0.0091
vn -0.8744 -0.4852 -0.0078
vn -0.9107 -0.4131 -0.0076
vn -0.9057 -0.4240 -0.0050
vn -0.8527 -0.5222 -0.0105
vn -0.8892 -0.4575 -0.0063
vn -0.9933 -0.1158 -0.0007
vn -0.9878 -0.1559 -0.0012
vn -0.8518 -0.5238 -0.0061
vn -0.8698 -0.4933 -0.0080
vn -0.9853 -0.1706 -0.0002
vn -0.6552 -0.7552 -0.0199
vn -0.2142 -0.9767 -0.0167
vn -0.6043 0.7967 0.0002
vn -0.7947 0.6070 0.0006
vn -0.6042 0.7968 -0.0001
vn -0.7931 0.6091 -0.0005
vn -0.8251 0.5650 -0.0013
vn -0.8229 0.5682 -0.0006
vn -0.6047 0.7965 -0.0001
vn -0.7931 0.6091 -0.0006
vn -0.7922 0.6103 0.0001
vn -0.8249 0.5653 0.0005
vn -0.4599 0.8880 0.0009
vn -0.3351 0.9422 -0.0007
vn -0.3300 0.9440 0.0004
vn -0.8260 0.5637 0.0013
vn -0.7933 0.6088 0.0009
vn -0.3802 0.9249 0.0017
vn -0.3635 0.9316 -0.0004
vn -0.5822 0.8131 -0.0009
vn -0.6061 0.7954 0.0010
vn -0.8259 0.5638 -0.0017
vn -0.8240 0.5665 -0.0002
vn -0.5562 0.8311 0.0022
vn -0.7934 0.6087 0.0001
vn -0.7908 0.6121 0.0014
vn -0.8342 0.5514 -0.0016
vn -0.8251 0.5649 0.0030
vn -0.7885 0.6151 -0.0002
vn -0.8311 0.5561 0.0001
vn -0.8352 0.5499 0.0013
vn -0.9325 -0.3610 -0.0098
vn -0.9210 -0.3892 -0.0190
vn -0.9115 -0.4112 -0.0128
vn -0.9153 -0.4026 -0.0134
vn -0.9280 -0.3724 -0.0093
vn -0.9147 -0.4040 -0.0139
vn -0.7397 -0.6717 -0.0410
vn -0.7546 -0.6546 -0.0454
vn -0.7228 -0.6894 -0.0489
vn -0.9991 -0.0423 0.0009
vn -0.9969 -0.0786 0.0003
vn -0.6959 -0.7162 -0.0516
vn -0.6730 -0.7378 -0.0512
vn -0.9988 0.0483 0.0017
vn -0.9940 -0.1094 -0.0005
vn -0.7697 -0.6376 -0.0320
vn -0.9868 -0.1619 0.0010
vn -0.9891 -0.1470 -0.0017
vn -0.7708 -0.6366 -0.0232
vn -0.8400 -0.5424 -0.0153
vn -0.7467 -0.6646 -0.0289
vn -0.7184 -0.6949 -0.0308
vn -0.7845 -0.6199 -0.0165
vn -0.8113 -0.5843 -0.0185
vn -0.8183 -0.5747 -0.0096
vn -0.8456 -0.5338 -0.0091
vn -0.6525 -0.7575 -0.0209
vn -0.2667 -0.9636 -0.0191
vn -0.5397 0.8418 0.0022
vn -0.5608 0.8279 -0.0025
vn -0.5600 0.8285 0.0003
vn -0.5616 0.8274 -0.0004
vn -0.5616 0.8274 0.0002
vn -0.5587 0.8294 0.0015
vn -0.8404 0.5420 0.0009
vn -0.5588 0.8293 -0.0014
vn -0.8546 0.5192 -0.0012
vn -0.5617 0.8273 -0.0001
vn -0.5615 0.8275 0.0013
vn -0.8724 0.4888 -0.0000
vn -0.8543 0.5198 -0.0005
vn -0.8534 0.5212 -0.0000
vn -0.5573 0.8303 -0.0004
vn -0.4204 0.9073 0.0011
vn -0.4018 0.9157 -0.0019
vn -0.4435 0.8963 -0.0006
vn -0.5813 0.8137 -0.0013
vn -0.0498 0.9988 -0.0020
vn -0.8536 0.5209 0.0001
vn -0.4733 0.8809 -0.0009
vn -0.6073 0.7945 0.0006
vn -0.5336 -0.8423 -0.0758
vn -0.5104 -0.8567 -0.0739
vn -0.5785 -0.8145 -0.0446
vn -0.4673 -0.8806 -0.0787
vn -0.4790 -0.8741 -0.0810
vn -0.5981 -0.7991 -0.0606
vn -0.5544 -0.8301 -0.0598
vn -0.4421 -0.8930 -0.0849
vn -0.6375 0.7705 -0.0005
vn -0.6440 0.7651 0.0009
vn -0.5423 -0.8379 -0.0616
vn -0.4212 -0.9028 -0.0870
vn -0.3967 -0.9144 -0.0803
vn -0.5248 -0.8492 -0.0590
vn -0.8549 0.5188 0.0011
vn -0.3829 -0.9198 -0.0855
vn -0.4878 -0.8705 -0.0649
vn -0.4910 -0.8687 -0.0660
vn -0.6035 -0.7959 -0.0493
vn -0.3501 -0.9321 -0.0924
vn -0.5228 -0.1138 0.8448
vn -0.4717 -0.0382 0.8809
vn -0.4799 -0.0748 0.8741
vn -0.0033 0.9960 0.0893
vn -0.4292 -0.1221 0.8949
vn -0.9965 0.0466 0.0696
vn -0.0523 0.9945 0.0907
vn -0.3894 -0.0505 0.9197
vn -0.0315 0.9981 0.0532
vn -0.9972 0.0405 0.0629
vn -0.3262 -0.0804 0.9419
vn -0.0865 0.9947 0.0549
vn -0.1138 0.9867 0.1163
vn -0.9992 0.0278 0.0302
vn -0.1473 0.9871 0.0635
vn -0.1726 0.9787 0.1111
vn -0.9990 0.0322 0.0324
vn -0.9998 0.0131 0.0122
vn -0.2078 0.9744 0.0862
vn -0.0579 -0.0501 0.9971
vn -0.2105 0.9731 0.0931
vn -0.0500 -0.0735 0.9960
vn -0.2643 0.9583 0.1089
vn -0.9998 0.0122 0.0126
vn -0.2626 0.9595 0.1019
vn -0.9995 -0.0249 -0.0193
vn -0.0072 -0.0951 0.9954
vn -0.3198 0.9381 0.1327
vn -0.3234 0.9384 0.1217
vn -0.9987 -0.0434 -0.0257
vn -0.3733 0.9231 0.0923
vn -0.9980 -0.0537 -0.0345
vn -0.3904 0.9100 0.1398
vn -0.9958 -0.0790 -0.0463
vn -0.4152 0.9031 0.1092
vn -0.4365 0.8904 0.1288
vn -0.4460 0.8877 0.1139
vn -0.4807 0.8707 0.1041
vn -0.4846 0.8666 0.1191
vn -0.9969 -0.0695 -0.0367
vn -0.9969 -0.0695 -0.0368
vn -0.5210 0.8464 0.1104
vn -0.9975 -0.0632 -0.0303
vn -0.5340 0.8415 0.0815
vn -0.9976 -0.0626 -0.0300
vn -0.5568 0.8250 0.0965
vn -0.5770 0.8137 0.0704
vn -0.9978 -0.0600 -0.0272
vn -0.5947 0.7969 0.1062
vn -0.9970 -0.0707 -0.0305
vn -0.6172 0.7845 0.0599
vn -0.6447 0.7603 0.0800
vn -0.9972 -0.0686 -0.0283
vn -0.6617 0.7478 0.0551
vn -0.6683 0.7401 0.0743
vn -0.9965 -0.0781 -0.0295
vn -0.9965 -0.0784 -0.0297
vn -0.7119 0.6988 0.0703
vn -0.7080 0.7043 0.0520
vn -0.9961 -0.0834 -0.0292
vn -0.9968 -0.0766 -0.0245
vn -0.9957 -0.0893 -0.0267
vn -0.7361 0.6757 0.0403
vn -0.7569 0.6498 0.0693
vn -0.9980 -0.0612 -0.0140
vn -0.9956 -0.0906 -0.0228
vn -0.9979 -0.0628 -0.0148
vn -0.8089 0.5873 0.0279
vn -0.8247 0.5595 0.0826
vn -0.9957 -0.0919 0.0107
vn -0.8295 0.5535 0.0743
vn -0.8448 0.5300 0.0735
vn -0.9873 -0.0428 0.1528
vn -0.8791 0.4707 0.0756
vn -0.9586 -0.0691 0.2762
vn -0.9072 0.4162 0.0609
vn -0.9046 0.4134 0.1035
vn -0.9430 -0.1059 0.3154
vn -0.9336 -0.0315 0.3569
vn -0.9316 0.3604 0.0469
vn -0.9336 0.3458 0.0940
vn -0.9527 0.3006 0.0441
vn -0.9503 0.2937 0.1033
vn -0.8593 -0.0928 0.5030
vn -0.8291 -0.0655 0.5552
vn -0.9766 0.2132 0.0271
vn -0.9727 0.2187 0.0778
vn -0.7473 -0.0447 0.6630
vn -0.9797 0.1792 0.0894
vn -0.7224 -0.1191 0.6811
vn -0.9882 0.1456 0.0484
vn -0.6823 -0.0447 0.7297
vn -0.9916 0.1111 0.0663
vn -0.9890 0.1127 0.0956
vn -0.9977 0.0521 0.0424
vn -0.5462 -0.0581 0.8357
vn 0.8091 -0.0004 0.5877
vn 0.8144 0.0003 0.5803
vn -1.0000 -0.0001 -0.0053
vn -0.9986 0.0001 0.0521
vn -0.9989 0.0005 0.0466
vn 0.8572 -0.0003 0.5151
vn 0.8560 -0.0001 0.5170
vn -0.9954 -0.0011 0.0963
vn 0.8871 -0.0008 0.4617
vn 0.9071 -0.0002 0.4209
vn 0.9016 0.0004 0.4325
vn -0.9874 -0.0009 0.1584
vn -0.9905 0.0001 0.1374
vn 0.9347 -0.0000 0.3554
vn -0.9784 0.0003 0.2069
vn -0.9740 -0.0007 0.2267
vn 0.9382 0.0008 0.3460
vn -0.9617 -0.0007 0.2741
vn 0.9616 -0.0010 0.2745
vn -0.9541 0.0009 0.2996
vn 0.9705 0.0003 0.2410
vn 0.9741 -0.0004 0.2263
vn -0.9316 -0.0008 0.3636
vn 0.9864 -0.0002 0.1642
vn 0.9872 -0.0006 0.1593
vn -0.9267 -0.0001 0.3758
vn -0.9068 -0.0004 0.4215
vn 0.9952 -0.0007 0.0981
vn -0.9015 0.0001 0.4327
vn -0.8874 -0.0008 0.4610
vn 0.9971 0.0002 0.0760
vn 0.9984 -0.0004 0.0568
vn -0.8686 -0.0003 0.4955
vn 0.9997 0.0002 0.0243
vn -0.8648 0.0002 0.5021
vn 1.0000 0.0001 0.0009
vn 0.9865 0.0491 0.1564
vn -0.8228 -0.0002 0.5684
vn 0.9999 0.0027 0.0138
vn -0.8249 -0.0005 0.5653
vn -0.7935 -0.0004 0.6085
vn -0.7856 0.0002 0.6188
vn -0.7497 -0.0011 0.6617
vn -0.7224 0.0011 0.6914
vn -0.6778 -0.0012 0.7352
vn -0.6450 0.0006 0.7642
vn -0.6292 -0.0005 0.7772
vn -0.5961 -0.0008 0.8029
vn -0.5625 0.0003 0.8268
vn -0.5522 -0.0003 0.8337
vn -0.4840 0.0004 0.8751
vn -0.4720 -0.0006 0.8816
vn -0.4003 0.0005 0.9164
vn -0.3838 -0.0005 0.9234
vn -0.3387 -0.0000 0.9409
vn -0.3270 -0.0006 0.9450
vn -0.2678 -0.0000 0.9635
vn -0.2666 -0.0000 0.9638
vn -0.2223 -0.0007 0.9750
vn -0.1730 -0.0002 0.9849
vn -0.1831 0.0004 0.9831
vn -0.1244 -0.0008 0.9922
vn -0.0826 0.0004 0.9966
vn -0.0642 -0.0006 0.9979
vn -0.0036 0.0004 1.0000
vn 0.0161 -0.0004 0.9999
vn 0.0567 0.0004 0.9984
vn 0.0843 -0.0007 0.9964
vn 0.1331 -0.0001 0.9911
vn 0.1398 0.0004 0.9902
vn 0.2222 -0.0005 0.9750
vn 0.2321 0.0001 0.9727
vn 0.2750 -0.0006 0.9615
vn 0.3002 0.0002 0.9539
vn 0.3265 -0.0009 0.9452
vn 0.4070 -0.0004 0.9134
vn 0.3914 0.0008 0.9202
vn 0.4798 0.0003 0.8774
vn 0.4905 -0.0004 0.8714
vn 0.5320 -0.0004 0.8468
vn 0.5402 0.0002 0.8416
vn 0.5937 -0.0001 0.8047
vn 0.6062 0.0007 0.7953
vn 0.6421 -0.0007 0.7666
vn 0.6700 -0.0004 0.7424
vn 0.6814 0.0003 0.7319
vn 0.7148 -0.0010 0.6993
vn 0.7460 0.0011 0.6659
vn 0.7805 -0.0012 0.6252
vn -0.1564 0.7070 -0.6897
vn -0.2055 0.7481 -0.6310
vn -0.1624 0.9834 -0.0811
vn -0.1623 0.5509 -0.8187
vn -0.1004 0.3443 -0.9335
vn -0.1653 0.6358 -0.7540
vn -0.2090 0.8891 -0.4072
vn -0.0587 0.4874 -0.8712
vn -0.1848 0.5120 -0.8389
vn -0.1755 0.6133 -0.7701
vn -0.0896 0.4474 -0.8898
vn -0.1160 0.5172 -0.8480
vn -0.1635 0.9807 -0.1076
vn -0.1789 0.9651 -0.1910
vn -0.2007 0.6839 -0.7015
vn -0.1810 0.7321 -0.6568
vn -0.0144 0.2601 -0.9655
vn -0.0249 0.3395 -0.9403
vn -0.0542 0.3681 -0.9282
vn -0.0632 0.3766 -0.9242
vn -0.2335 0.7594 -0.6073
vn -0.2270 0.9302 -0.2885
vn -0.0212 0.4384 -0.8986
vn -0.0639 0.2762 -0.9590
vn -0.2509 0.7342 -0.6309
vn -0.0297 0.2037 -0.9786
vn -0.2111 0.6080 -0.7654
vn -0.2416 0.6936 -0.6786
vn -0.2080 0.5293 -0.8226
vn -0.2094 0.6120 -0.7627
vn -0.2835 0.7536 -0.5930
vn -0.2225 0.5038 -0.8346
vn 0.0038 0.2463 -0.9692
vn -0.2342 0.9163 -0.3247
vn -0.2420 0.6973 -0.6746
vn -0.2710 0.6455 -0.7141
vn -0.2814 0.7235 -0.6303
vn -0.1804 0.4070 -0.8954
vn -0.0530 0.2477 -0.9674
vn -0.1096 0.2423 -0.9640
vn -0.2661 0.9196 -0.2890
vn -0.2346 0.6277 -0.7422
vn -0.2754 0.9100 -0.3098
vn -0.1001 0.1618 -0.9817
vn -0.1017 0.2664 -0.9585
vn -0.0043 0.0196 -0.9998
vn -0.0043 0.1100 -0.9939
vn -0.2565 0.5061 -0.8235
vn -0.3083 0.6377 -0.7059
vn -0.1926 0.2998 -0.9344
vn -0.0537 0.1636 -0.9851
vn -0.0731 0.1322 -0.9885
vn -0.2862 0.5606 -0.7771
vn -0.3083 0.6374 -0.7062
vn -0.2779 0.4722 -0.8366
vn -0.1572 0.2404 -0.9579
vn -0.2053 0.3343 -0.9198
vn -0.2755 0.9141 -0.2976
vn -0.3244 0.7426 -0.5859
vn -0.3277 0.6883 -0.6472
vn -0.1444 0.1647 -0.9757
vn -0.3259 0.8369 -0.4399
vn -0.2303 0.3938 -0.8899
vn -0.2324 0.3886 -0.8916
vn -0.2885 0.5680 -0.7708
vn -0.3387 0.8250 -0.4524
vn -0.3728 0.6864 -0.6244
vn -0.3401 0.7538 -0.5622
vn -0.2428 0.2570 -0.9354
vn -0.2448 0.2743 -0.9299
vn -0.0842 0.1257 -0.9885
vn -0.1710 0.1406 -0.9752
vn -0.0228 0.0125 -0.9997
vn -0.0581 0.0464 -0.9972
vn -0.2804 0.3477 -0.8947
vn -0.3572 0.6080 -0.7091
vn -0.3341 0.8875 -0.3174
vn -0.3837 0.8304 -0.4039
vn -0.3051 0.2670 -0.9141
vn -0.4155 0.6440 -0.6423
vn -0.3573 0.6085 -0.7085
vn -0.1864 0.0328 -0.9819
vn -0.3154 0.4727 -0.8228
vn -0.3161 0.2329 -0.9197
vn -0.2982 0.3757 -0.8775
vn -0.0585 0.0458 -0.9972
vn -0.3380 0.8846 -0.3213
vn -0.2296 0.0869 -0.9694
vn -0.2236 0.1001 -0.9695
vn -0.0919 0.0307 -0.9953
vn -0.3373 0.5382 -0.7724
vn -0.3491 0.2968 -0.8888
vn -0.2117 0.2101 -0.9545
vn -0.1241 0.0583 -0.9906
vn -0.2245 0.0286 -0.9740
vn -0.2315 0.0462 -0.9717
vn -0.2075 0.2211 -0.9529
vn -0.3118 0.4496 -0.8370
vn -0.3525 0.8888 -0.2928
vn -0.3311 0.5115 -0.7929
vn -0.1283 0.0519 -0.9904
vn -0.4521 0.6878 -0.5680
vn -0.3586 0.8848 -0.2977
vn -0.3559 0.3018 -0.8845
vn -0.3737 0.6669 -0.6446
vn -0.3587 0.3949 -0.8458
vn -0.3532 0.3128 -0.8817
vn -0.1783 0.0463 -0.9829
vn -0.2773 0.1088 -0.9546
vn -0.3805 0.8273 -0.4132
vn -0.2538 0.2240 -0.9410
vn -0.4117 0.5576 -0.7208
vn -0.2869 0.0808 -0.9546
vn -0.2099 0.1933 -0.9584
vn -0.2793 0.0103 -0.9601
vn -0.4432 0.6626 -0.6038
vn -0.4034 0.7753 -0.4860
vn -0.4219 0.2409 -0.8741
vn -0.3825 0.5257 -0.7598
vn -0.3976 0.2929 -0.8696
vn -0.2971 0.0518 -0.9534
vn -0.4268 0.7478 -0.5085
vn -0.4291 0.8087 -0.4023
vn -0.4305 0.8172 -0.3833
vn -0.2479 0.1297 -0.9601
vn -0.4925 0.5778 -0.6508
vn -0.3394 0.1163 -0.9334
vn -0.3768 0.4619 -0.8029
vn -0.3910 0.3948 -0.8314
vn -0.4174 0.5775 -0.7016
vn -0.4654 0.6562 -0.5939
vn -0.4647 0.6470 -0.6045
vn -0.3300 0.0157 -0.9439
vn -0.2961 0.1833 -0.9374
vn -0.4219 0.6726 -0.6079
vn -0.3503 0.0473 -0.9354
vn -0.3906 0.3937 -0.8321
vn -0.4356 0.2762 -0.8567
vn -0.4878 0.7850 -0.3818
vn -0.4720 0.8019 -0.3663
vn -0.2968 0.1811 -0.9376
vn -0.4860 0.6424 -0.5926
vn -0.4136 0.4930 -0.7654
vn -0.3925 0.0266 -0.9194
vn -0.3976 0.0371 -0.9168
vn -0.4909 0.6613 -0.5672
vn -0.5167 0.5640 -0.6441
vn -0.4875 0.4881 -0.7240
vn -0.4304 0.6382 -0.6383
vn -0.3452 0.2030 -0.9163
vn -0.3884 0.8203 -0.4197
vn -0.4604 0.4305 -0.7763
vn -0.4911 0.2262 -0.8412
vn -0.4915 0.2305 -0.8398
vn -0.4687 0.5773 -0.6686
vn -0.4488 0.3224 -0.8335
vn -0.5587 0.7227 -0.4069
vn -0.3570 0.1751 -0.9175
vn -0.5381 0.4588 -0.7070
vn -0.4665 0.4445 -0.7647
vn -0.4438 0.0326 -0.8955
vn -0.4466 0.0387 -0.8939
vn 0.0019 0.9983 0.0577
vn -0.4881 0.4971 -0.7174
vn -0.5193 0.1897 -0.8333
vn -0.3437 0.1067 -0.9330
vn -0.5857 0.5575 -0.5884
vn -0.5920 0.5467 -0.5922
vn -0.5821 0.4782 -0.6576
vn -0.0033 0.9999 -0.0105
vn -0.6180 0.6642 -0.4206
vn 0.0021 0.9930 -0.1184
vn -0.4874 0.0161 -0.8730
vn -0.5391 0.2191 -0.8132
vn -0.4760 0.0661 -0.8770
vn 0.0084 0.9909 -0.1341
vn -0.4776 0.3013 -0.8253
vn -0.4871 0.3423 -0.8034
vn -0.4612 0.7399 -0.4897
vn -0.4548 0.7472 -0.4846
vn -0.3994 0.2021 -0.8942
vn -0.4089 0.1824 -0.8942
vn -0.0251 0.9909 -0.1324
vn -0.0125 0.9945 -0.1044
vn -0.3874 0.1323 -0.9124
vn -0.5716 0.1904 -0.7981
vn -0.6154 0.6507 -0.4448
vn -0.6165 0.5588 -0.5547
vn -0.5155 0.3924 -0.7618
vn -0.4062 0.0949 -0.9088
vn -0.6693 0.6096 -0.4248
vn -0.5227 0.0764 -0.8491
vn -0.5193 0.0483 -0.8532
vn -0.5680 0.1620 -0.8069
vn -0.5062 0.7340 -0.4527
vn -0.4891 0.5464 -0.6799
vn -0.6670 0.5984 -0.4440
vn -0.4886 0.5473 -0.6795
vn -0.5157 0.3685 -0.7735
vn -0.5914 0.2024 -0.7806
vn -0.5229 0.4278 -0.7373
vn -0.6140 0.1391 -0.7769
vn -0.6843 0.4233 -0.5937
vn -0.5576 0.0023 -0.8301
vn -0.6650 0.4795 -0.5726
vn -0.5302 0.2854 -0.7984
vn -0.6908 0.5164 -0.5061
vn -0.4497 0.1628 -0.8782
vn -0.5293 0.5416 -0.6531
vn -0.6295 0.1989 -0.7511
vn -0.4406 0.1242 -0.8891
vn -0.6819 0.4134 -0.6034
vn -0.5925 0.0464 -0.8042
vn -0.6612 0.1492 -0.7352
vn -0.4617 0.1835 -0.8679
vn -0.7522 0.4667 -0.4651
vn -0.7483 0.4503 -0.4871
vn -0.5308 0.2837 -0.7986
vn -0.5995 0.0290 -0.7999
vn -0.7271 0.3632 -0.5826
vn -0.6247 0.0173 -0.7807
vn -0.6588 0.1347 -0.7402
vn -0.5352 0.4644 -0.7056
vn -0.6482 0.0426 -0.7603
vn -0.7544 0.3778 -0.5367
vn -0.4773 0.0703 -0.8759
vn -0.6904 0.1313 -0.7114
vn -0.6867 0.1239 -0.7163
vn -0.7917 0.3790 -0.4791
vn -0.7876 0.4273 -0.4439
vn -0.5028 0.1177 -0.8564
vn -0.5352 0.3713 -0.7587
vn -0.6647 0.0190 -0.7469
vn -0.7224 0.1237 -0.6803
vn -0.6954 0.0294 -0.7180
vn -0.7900 0.2808 -0.5451
vn -0.6890 0.0495 -0.7231
vn -0.7357 0.1012 -0.6697
vn -0.8319 0.3531 -0.4281
vn -0.8323 0.2974 -0.4678
vn -0.7934 0.2860 -0.5374
vn -0.7659 0.1089 -0.6337
vn -0.5336 0.2869 -0.7956
vn -0.8737 0.2572 -0.4129
vn -0.8490 0.3026 -0.4332
vn -0.8332 0.2394 -0.4984
vn -0.8222 0.2260 -0.5224
vn -0.8610 0.2151 -0.4609
vn -0.9682 0.0509 -0.2448
vn -0.9816 0.0385 -0.1871
vn -0.9621 0.0170 -0.2721
vn -0.9711 0.0063 -0.2384
vn -0.5556 0.3399 -0.7588
vn -0.0416 0.9991 -0.0125
vn -0.0309 0.9939 -0.1063
vn -0.0449 0.9789 -0.1993
vn -0.0255 0.9997 0.0014
vn -0.0571 0.9718 -0.2288
vn -0.5703 0.3593 -0.7387
vn -0.5300 0.1490 -0.8348
vn -0.5866 0.3962 -0.7063
vn -0.0483 0.9334 -0.3557
vn -0.0725 0.9918 -0.1057
vn -0.0669 0.9932 -0.0955
vn -0.5654 0.2457 -0.7874
vn -0.5988 0.2409 -0.7638
vn -0.0615 0.9249 -0.3753
vn -0.0933 0.9376 -0.3350
vn -0.5480 0.1181 -0.8281
vn -0.0805 0.9340 -0.3480
vn -0.5292 0.0606 -0.8464
vn -0.0376 0.8784 -0.4765
vn -0.0795 0.9936 -0.0797
vn -0.6402 0.3458 -0.6860
vn -0.1071 0.8930 -0.4372
vn -0.0802 0.9961 -0.0363
vn -0.0575 0.8057 -0.5895
vn -0.0740 0.9447 -0.3194
vn -0.0830 0.8870 -0.4542
vn -0.5865 0.2676 -0.7645
vn -0.1063 0.9900 -0.0925
vn -0.6317 0.3100 -0.7106
vn -0.1020 0.8827 -0.4587
vn -0.0944 0.7988 -0.5942
vn -0.5555 0.0927 -0.8263
vn -0.1191 0.8774 -0.4647
vn -0.5765 0.1400 -0.8050
vn -0.1068 0.9441 -0.3119
vn -0.0678 0.7196 -0.6911
vn -0.1206 0.9050 -0.4079
vn -0.5741 0.0642 -0.8163
vn -0.1131 0.9832 -0.1432
vn 0.0033 0.1287 -0.9917
vn -0.1396 0.9182 -0.3707
vn -0.6544 0.3470 -0.6719
vn -0.1353 0.9465 -0.2929
vn -0.6354 0.2767 -0.7209
vn -0.1500 0.9806 -0.1258
vn -0.1256 0.7260 -0.6762
vn -0.1466 0.9124 -0.3822
vn -0.0536 0.6716 -0.7390
vn -0.1155 0.6692 -0.7341
vn -0.1723 0.8578 -0.4842
vn -0.1757 0.9244 -0.3387
vn -0.1317 0.7104 -0.6913
vn -0.6298 0.2490 -0.7358
vn -0.6624 0.3826 -0.6441
vn 0.0066 0.1687 -0.9856
vn -0.1329 0.6450 -0.7525
vn -0.1590 0.9317 -0.3267
vn -0.6874 0.3022 -0.6604
vn -0.1051 0.6373 -0.7635
vn -0.0902 0.5759 -0.8125
vn -0.7059 0.4858 -0.5154
vn -0.0242 0.1235 -0.9920
vn -0.5970 0.0948 -0.7966
vn -0.1431 0.5345 -0.8330
vn -0.1900 0.8665 -0.4617
vn -0.2148 0.9534 -0.2117
vn -0.1391 0.5447 -0.8270
vn -0.6759 0.2134 -0.7054
vn -0.0617 0.4896 -0.8697
vn -0.0924 0.4546 -0.8859
vn -0.2434 0.8312 -0.4998
vn -0.6102 0.1276 -0.7819
vn -0.6362 0.1060 -0.7642
vn -0.2429 0.8460 -0.4746
vn -0.0130 0.3993 -0.9167
vn -0.1381 0.4467 -0.8839
vn -0.6940 0.3102 -0.6498
vn -0.6319 0.0721 -0.7717
vn -0.7053 0.3637 -0.6085
vn -0.2224 0.9591 -0.1753
vn -0.2398 0.9519 -0.1905
vn -0.2666 0.9174 -0.2955
vn -0.1147 0.3600 -0.9259
vn -0.1704 0.4281 -0.8875
vn -0.2555 0.8982 -0.3577
vn -0.2822 0.8412 -0.4613
vn -0.7076 0.2075 -0.6754
vn -0.6899 0.2254 -0.6879
vn -0.2447 0.9592 -0.1415
vn -0.3301 0.7341 -0.5933
vn -0.3077 0.8098 -0.4996
vn -0.3249 0.9044 -0.2765
vn -0.3336 0.8146 -0.4744
vn -0.6676 0.1178 -0.7352
vn -0.2883 0.9276 -0.2374
vn -0.7295 0.1307 -0.6713
vn -0.3857 0.7207 -0.5760
vn -0.2960 0.9307 -0.2147
vn -0.1647 0.1198 -0.9791
vn -0.3364 0.8126 -0.4759
vn -0.7217 0.2658 -0.6392
vn -0.3914 0.7658 -0.5102
vn -0.4197 0.7245 -0.5468
vn -0.4182 0.7686 -0.4841
vn -0.3744 0.8855 -0.2752
vn -0.4528 0.6870 -0.5684
vn -0.5212 0.7166 -0.4636
vn -0.5417 0.6298 -0.5568
vn -0.6552 0.0755 -0.7516
vn -0.7621 0.3667 -0.5336
vn -0.5571 0.6551 -0.5103
vn -0.5696 0.6781 -0.4646
vn -0.6104 0.6068 -0.5090
vn -0.6104 0.4712 -0.6368
vn -0.5980 0.4585 -0.6574
vn -0.7507 0.2708 -0.6026
vn -0.6133 0.5638 -0.5532
vn -0.6436 0.4470 -0.6213
vn -0.7819 0.3762 -0.4970
vn -0.6498 0.5584 -0.5156
vn -0.6529 0.5530 -0.5176
vn -0.6525 0.4632 -0.5997
vn -0.6927 0.5236 -0.4960
vn -0.9706 0.0052 -0.2405
vn -0.9582 0.0080 -0.2859
vn -0.0476 0.9918 -0.1182
vn -0.7246 0.2097 -0.6565
vn -0.7194 0.1937 -0.6670
vn -0.0353 0.9990 -0.0257
vn -0.8063 0.3322 -0.4893
vn -0.7461 0.2808 -0.6037
vn -0.0985 0.9708 -0.2187
vn -0.6957 0.0714 -0.7147
vn -0.0452 0.5379 -0.8418
vn -0.2163 0.8395 -0.4984
vn -0.1497 0.3406 -0.9282
vn -0.1358 0.4540 -0.8806
vn -0.1393 0.3168 -0.9382
vn -0.1591 0.2360 -0.9587
vn -0.3791 0.8349 -0.3990
vn -0.7834 0.2972 -0.5458
vn -0.7420 0.2116 -0.6361
vn -0.7734 0.2554 -0.5802
vn -0.7778 0.2020 -0.5952
vn -0.7575 0.1556 -0.6340
vn -0.7692 0.2152 -0.6017
vn -0.8098 0.3471 -0.4730
vn -0.7299 0.0254 -0.6831
vn -0.7951 0.2137 -0.5676
vn -0.8066 0.2532 -0.5341
vn -0.7719 0.1667 -0.6135
vn -0.7769 0.1831 -0.6025
vn -0.8118 0.1832 -0.5544
vn -0.7461 0.0476 -0.6641
vn -0.8036 0.1354 -0.5796
vn -0.7730 0.0954 -0.6272
vn -0.7639 0.0980 -0.6378
vn -0.8343 0.1916 -0.5170
vn -0.8547 0.2036 -0.4775
vn -0.7843 0.1128 -0.6101
vn -0.8065 0.1493 -0.5720
vn -0.7740 0.0143 -0.6330
vn -0.7936 0.0435 -0.6069
vn -0.8143 0.0935 -0.5728
vn -0.8195 0.1341 -0.5572
vn -0.9037 0.2154 -0.3701
vn -0.8668 0.2526 -0.4298
vn -0.8403 0.1524 -0.5203
vn -0.8892 0.1924 -0.4150
vn -0.7926 0.0423 -0.6083
vn -0.8553 0.1358 -0.5000
vn -0.8658 0.1473 -0.4783
vn -0.8119 0.0830 -0.5779
vn -0.8108 0.0885 -0.5786
vn -0.8970 0.1981 -0.3951
vn -0.8088 0.0127 -0.5879
vn -0.8382 0.0796 -0.5395
vn -0.8695 0.1443 -0.4725
vn -0.9178 0.1680 -0.3598
vn -0.9012 0.1361 -0.4115
vn -0.8375 0.0788 -0.5407
vn -0.8862 0.1551 -0.4365
vn -0.8593 0.1190 -0.4975
vn -0.8921 0.1274 -0.4335
vn -0.8345 0.0317 -0.5500
vn -0.8845 0.1011 -0.4555
vn -0.8385 0.0246 -0.5444
vn -0.8579 0.0768 -0.5081
vn -0.8682 0.0609 -0.4925
vn -0.9234 0.1759 -0.3411
vn -0.9160 0.0732 -0.3945
vn -0.9160 0.1039 -0.3874
vn -0.9262 0.1290 -0.3543
vn -0.8834 0.0703 -0.4632
vn -0.8946 0.1205 -0.4304
vn -0.8603 0.0189 -0.5094
vn -0.8983 0.0388 -0.4377
vn -0.9346 0.0659 -0.3496
vn -0.8661 0.0293 -0.4991
vn -0.9150 0.0560 -0.3994
vn -0.8870 0.0591 -0.4580
vn -0.9370 0.0515 -0.3454
vn -0.9412 0.1037 -0.3216
vn -0.9439 0.1092 -0.3116
vn -0.9478 0.0437 -0.3159
vn -0.9315 0.0415 -0.3614
vn -0.9486 0.0387 -0.3142
vn -0.8859 0.0523 -0.4609
vn -0.8887 0.0025 -0.4586
vn -0.9456 0.0667 -0.3185
vn -0.9522 0.0483 -0.3018
vn -0.9612 0.0868 -0.2618
vn -0.8997 0.0241 -0.4359
vn -0.9103 0.0081 -0.4139
vn -0.9214 0.0187 -0.3882
vn -0.9636 0.0128 -0.2669
vn -0.9304 0.0066 -0.3664
vn -0.9719 0.0237 -0.2341
vn -0.9706 0.0389 -0.2377
vn -0.9809 0.0124 -0.1943
vn -0.9527 0.0453 -0.3004
vn -0.9418 0.0149 -0.3358
vn -0.9468 0.0055 -0.3218
vn -0.9858 0.0527 -0.1597
vn -0.9806 0.0119 -0.1955
vn -0.9861 0.0169 -0.1653
vn -0.9929 0.0135 -0.1184
vn -0.9794 0.0032 -0.2019
vn -0.9963 0.0077 -0.0855
vn -0.9861 0.0130 -0.1654
vn -0.9896 0.0025 -0.1439
vn -0.9816 0.0007 -0.1908
vn -0.9896 0.0033 -0.1440
vn -0.9952 0.0006 -0.0981
vn -0.9952 -0.0024 -0.0980
vn -0.9916 0.0084 -0.1291
vn -0.9982 0.0031 -0.0599
vn -0.9992 -0.0019 -0.0401
vn -0.9903 0.0005 -0.1387
vn -0.9956 0.0008 -0.0940
vn -0.9998 0.0017 -0.0216
vn -0.9982 -0.0017 -0.0593
vn -0.9964 0.0037 -0.0847
vn -0.9998 0.0018 -0.0218
vn -0.0032 0.9980 0.0631
vn 0.0019 1.0000 0.0057
vn -0.0019 0.9998 0.0194
vn -0.0253 0.9996 -0.0112
vn -0.0192 0.9997 0.0119
vn -0.0197 0.9987 -0.0464
vn -0.0317 0.9954 -0.0907
vn -0.0194 0.9789 -0.2033
vn -0.0504 0.9472 -0.3167
vn -0.0298 0.9588 -0.2826
vn -0.0482 0.9935 -0.1028
vn -0.0164 0.9069 -0.4211
vn -0.0221 0.8969 -0.4417
vn -0.0086 0.8491 -0.5282
vn -0.0498 0.9987 0.0099
vn -0.0675 0.9435 -0.3244
vn -0.0666 0.9794 -0.1907
vn -0.0665 0.9710 -0.2298
vn -0.0915 0.8799 -0.4663
vn -0.0905 0.9741 -0.2073
vn -0.0644 0.8623 -0.5023
vn -0.0114 0.7159 -0.6981
vn -0.0924 0.9358 -0.3403
vn -0.1084 0.9721 -0.2079
vn -0.0482 0.7866 -0.6156
vn 0.0025 0.7430 -0.6693
vn -0.1070 0.9726 -0.2065
vn -0.1349 0.7884 -0.6002
vn -0.1162 0.9355 -0.3335
vn -0.1209 0.8021 -0.5848
vn -0.1391 0.8145 -0.5632
vn -0.0060 0.6213 -0.7836
vn -0.1162 0.9921 -0.0463
vn -0.1080 0.7774 -0.6196
vn -0.1065 0.8546 -0.5082
vn -0.1168 0.8065 -0.5795
vn -0.1402 0.9711 -0.1929
vn -0.1634 0.7648 -0.6232
vn -0.1457 0.8636 -0.4826
vn -0.1405 0.8462 -0.5140
vn -0.0987 0.7105 -0.6968
vn -0.1777 0.7897 -0.5872
vn -0.0669 0.6418 -0.7640
vn -0.1650 0.8126 -0.5590
vn 0.0074 0.5402 -0.8415
vn -0.1315 0.9861 -0.1014
vn -0.1559 0.7039 -0.6929
vn -0.1458 0.5931 -0.7918
vn -0.1694 0.9582 -0.2305
vn -0.1781 0.9474 -0.2659
vn -0.2152 0.9324 -0.2903
vn -0.1923 0.8412 -0.5054
vn -0.9688 0.2167 0.1202
vn -0.4794 0.8044 0.3509
vn -0.0101 0.8341 0.5515
vn -0.8089 0.5384 0.2361
vn -0.8451 0.4687 0.2573
vn -0.5286 0.8399 0.1228
vn -0.0287 0.9068 0.4207
vn -0.3493 0.9321 0.0963
vn -0.1204 0.6548 0.7461
vn -0.9367 0.3003 0.1798
vn -0.7991 0.5241 0.2945
vn -0.9368 0.3411 0.0781
vn -0.5427 0.8324 0.1123
vn -0.0228 0.9151 0.4026
vn -0.5060 0.8086 0.3001
vn -0.7250 0.6007 0.3369
vn -0.0023 0.8755 0.4832
vn -0.7718 0.5620 0.2974
vn -0.4581 0.8846 0.0876
vn -0.1080 0.9744 0.1974
vn -0.9572 0.2530 0.1406
vn -0.5917 0.7546 0.2836
vn -0.4048 0.8712 0.2779
vn -0.1056 0.6418 0.7596
vn -0.2831 0.9542 0.0968
vn -0.3332 0.9026 0.2725
vn -0.3439 0.8958 0.2815
vn -0.2268 0.9711 0.0748
vn -0.2664 0.9607 0.0786
vn -0.1332 0.9837 0.1212
vn -0.9633 0.2322 0.1346
vn -0.0806 0.6469 0.7583
vn -0.6022 0.7907 0.1105
vn -0.8270 0.5499 0.1172
vn -0.5228 0.7932 0.3121
vn -0.7059 0.6676 0.2368
vn -0.6416 0.7358 0.2167
vn -0.1926 0.9781 0.0789
vn -0.9518 0.2703 0.1449
vn -0.9557 0.2546 0.1475
vn -0.0797 0.6462 0.7590
vn -0.6145 0.7825 0.1003
vn -0.7803 0.6181 0.0952
vn -0.1715 0.9823 0.0746
vn -0.1102 0.9905 0.0825
vn -0.0251 0.9659 0.2578
vn -0.2269 0.9229 0.3111
vn -0.7907 0.5596 0.2484
vn -0.7544 0.6092 0.2444
vn -0.6557 0.7242 0.2134
vn -0.6067 0.7924 0.0631
vn -0.0065 0.9080 0.4189
vn -0.7373 0.5947 0.3205
vn -0.7348 0.6291 0.2534
vn -0.1745 0.9840 0.0368
vn -0.2207 0.9744 0.0435
vn -0.0524 0.7531 0.6558
vn -0.0505 0.6636 0.7464
vn -0.0551 0.7482 0.6611
vn -0.7459 0.6574 0.1068
vn -0.9434 0.2928 0.1555
vn -0.8848 0.4113 0.2188
vn -0.2402 0.9389 0.2466
vn -0.8737 0.4453 0.1957
vn -0.2144 0.9767 -0.0097
vn -0.6808 0.6486 0.3403
vn -0.6953 0.6335 0.3396
vn -0.8372 0.5422 0.0717
vn -0.1742 0.9537 0.2450
vn -0.6093 0.7530 0.2483
vn -0.8480 0.4864 0.2106
vn -0.2414 0.9699 -0.0327
vn -0.2584 0.9658 0.0230
vn -0.8403 0.4776 0.2566
vn -0.2875 0.9224 0.2578
vn -0.0150 0.9748 0.2228
vn -0.2310 0.9477 0.2203
vn -0.8137 0.5210 0.2579
vn -0.9199 0.3886 0.0534
vn -0.8872 0.4166 0.1983
vn -0.4270 0.9042 -0.0012
vn -0.1936 0.9451 0.2632
vn -0.0318 0.6417 0.7663
vn -0.3274 0.9449 0.0053
vn -0.8654 0.4672 0.1809
vn -0.1635 0.9863 -0.0207
vn -0.7411 0.5893 0.3217
vn -0.7729 0.6032 0.1970
vn -0.7523 0.6586 0.0190
vn -0.7916 0.6089 0.0511
vn -0.7786 0.5966 0.1944
vn -0.1844 0.9623 0.1998
vn -0.0434 0.9989 0.0198
vn -0.7325 0.6440 0.2204
vn -0.6728 0.7124 0.1997
vn -0.3025 0.9525 -0.0354
vn -0.8200 0.5327 0.2094
vn -0.9757 0.1876 0.1129
vn -0.0614 0.9975 0.0362
vn -0.0865 0.9961 0.0158
vn -0.0100 0.9897 0.1426
vn -0.8874 0.4251 0.1783
vn -0.0054 0.6338 0.7735
vn -0.6207 0.7839 0.0164
vn -0.1062 0.9939 -0.0286
vn -0.3792 0.9243 -0.0434
vn -0.8082 0.5889 -0.0000
vn -0.7939 0.6071 -0.0339
vn -0.9080 0.3926 0.1466
vn -0.1247 0.9921 -0.0155
vn -0.2291 0.9477 0.2220
vn -0.7188 0.6698 0.1864
vn -0.9110 0.4124 -0.0027
vn -0.9231 0.3825 -0.0390
vn -0.8839 0.4674 0.0174
vn -0.3521 0.9313 -0.0936
vn -0.0390 0.7717 0.6348
vn -0.7089 0.7032 -0.0548
vn -0.7856 0.5497 0.2838
vn -0.1842 0.9799 -0.0770
vn -0.8595 0.5091 -0.0467
vn -0.1522 0.9552 0.2539
vn -0.0416 0.6562 0.7535
vn -0.2835 0.9439 0.1696
vn -0.2129 0.9636 0.1615
vn -0.9414 0.3102 0.1327
vn -0.9267 0.3451 0.1488
vn -0.8865 0.4384 0.1482
vn -0.8654 0.4680 0.1789
vn -0.5457 0.8291 -0.1215
vn -0.6827 0.7157 -0.1471
vn -0.8774 0.4769 -0.0520
vn -0.8478 0.5217 -0.0953
vn -0.2791 0.9441 -0.1753
vn -0.2443 0.9664 -0.0796
vn -0.9841 0.1748 0.0309
vn -0.8792 0.4580 -0.1309
vn -0.0168 0.6775 0.7354
vn -0.5238 0.8346 -0.1708
vn -0.7273 0.6801 -0.0919
vn -0.2756 0.9411 -0.1959
vn -0.1838 0.9623 0.2004
vn -0.7375 0.6467 -0.1945
vn -0.0261 0.7375 0.6749
vn -0.3283 0.9280 -0.1760
vn -0.9678 0.2166 0.1285
vn -0.9094 0.4016 -0.1087
vn -0.8929 0.4385 -0.1026
vn -0.9632 0.2620 -0.0608
vn -0.7798 0.6117 -0.1335
vn -0.3538 0.9163 -0.1876
vn -0.7403 0.6081 0.2868
vn -0.6084 0.7795 0.1490
vn -0.9205 0.3813 -0.0854
vn -0.8185 0.5484 -0.1715
vn -0.9108 0.3847 0.1498
vn -0.1731 0.9743 0.1441
vn -0.1478 0.9728 0.1783
vn -0.0395 0.7007 0.7124
vn -0.8578 0.4984 -0.1253
vn -0.9564 0.2501 0.1508
vn -0.0123 0.8038 0.5948
vn -0.5979 0.7747 -0.2059
vn -0.0340 0.7044 0.7090
vn -0.5713 0.7728 -0.2765
vn -0.7545 0.6189 -0.2183
vn -0.9672 0.2376 0.0899
vn -0.0312 0.7106 0.7029
vn -0.9204 0.3816 -0.0853
vn -0.8441 0.5109 0.1625
vn -0.1161 0.9734 0.1973
vn -0.4570 0.8555 -0.2432
vn -0.5299 0.7992 -0.2836
vn -0.9880 0.1538 -0.0137
vn -0.0049 0.8094 0.5872
vn -0.8013 0.5408 -0.2558
vn -0.0074 0.7926 0.6097
vn -0.8946 0.4072 -0.1843
vn -0.5353 0.7998 -0.2717
vn -0.8347 0.5120 -0.2028
vn -0.8349 0.4673 -0.2907
vn -0.8647 0.4574 -0.2076
vn -0.7402 0.6082 0.2869
vn -0.6854 0.6638 0.2992
vn -0.9394 0.3214 -0.1190
vn -0.9381 0.3303 0.1044
vn -0.5295 0.7682 -0.3599
vn -0.5411 0.7743 -0.3281
vn -0.9618 0.2582 -0.0912
vn -0.6026 0.7838 0.1503
vn -0.1746 0.9738 0.1457
vn -0.2440 0.9597 0.1394
vn -0.9260 0.3413 -0.1613
vn -0.8959 0.4055 -0.1812
vn -0.1644 0.9736 0.1584
vn -0.8808 0.4394 -0.1765
vn -0.9467 0.2937 -0.1321
vn -0.9576 0.2660 -0.1104
vn -0.8350 0.4673 -0.2906
vn -0.8077 0.5195 -0.2789
vn -0.1522 0.9826 0.1067
vn -0.2114 0.9714 0.1082
vn -0.9262 0.3410 -0.1606
vn -0.8728 0.4175 -0.2528
vn -0.9869 0.1567 -0.0373
vn -0.8766 0.4057 -0.2587
vn -0.8767 0.4057 -0.2584
vn -0.7391 0.5584 -0.3767
vn -0.9615 0.2300 -0.1503
vn -0.9596 0.2395 -0.1474
vn -0.6710 0.6514 -0.3543
vn -0.9255 0.3112 -0.2158
vn -0.9205 0.3316 -0.2066
vn -0.6537 0.6488 -0.3894
vn -0.9421 0.2750 -0.1919
vn -0.8919 0.4408 0.1009
vn -0.9469 0.2723 -0.1711
vn -0.7810 0.5053 -0.3670
vn -0.9465 0.2400 -0.2156
vn -0.7277 0.5538 -0.4047
vn -0.4740 0.8745 0.1024
vn -0.7244 0.5609 -0.4008
vn -0.7216 0.5385 -0.4352
vn -0.9201 0.3759 0.1100
vn -0.9343 0.3084 0.1789
vn -0.9595 0.2029 -0.1955
vn -0.9185 0.2672 -0.2915
vn -0.9720 0.1830 -0.1475
vn -0.9271 0.2653 -0.2647
vn -0.7718 0.4674 -0.4311
vn -0.7776 0.4744 -0.4125
vn -0.4128 0.9071 0.0826
vn -0.9420 0.2384 -0.2362
vn -0.3979 0.9128 0.0917
vn -0.9585 0.2453 0.1449
vn -0.8508 0.3588 -0.3839
vn -0.9603 0.1983 -0.1960
vn -0.9175 0.3835 0.1056
vn -0.8588 0.3543 -0.3701
vn -0.8253 0.3910 -0.4074
vn -0.8988 0.4230 0.1154
vn -0.9757 0.1499 -0.1596
vn -0.8206 0.3886 -0.4191
vn -0.8986 0.4300 0.0873
vn -0.9372 0.2038 -0.2831
vn -0.9580 0.1867 -0.2175
vn -0.9733 0.1321 -0.1875
vn -0.9269 0.2320 -0.2951
vn -0.9616 0.2533 0.1061
vn -0.9494 0.1855 -0.2534
vn -0.9244 0.2326 -0.3022
vn -0.9606 0.2635 0.0889
vn -0.9603 0.1483 -0.2365
vn -0.9593 0.1483 -0.2401
vn -0.8611 0.3191 -0.3958
vn -0.8662 0.3198 -0.3839
vn -0.9743 0.1067 -0.1984
vn -0.9279 0.2029 -0.3128
vn -0.8705 0.4810 0.1046
vn -0.9432 0.1617 -0.2902
vn -0.4528 0.8902 0.0501
vn -0.9048 0.2326 -0.3567
vn -0.9250 0.1887 -0.3297
vn -0.9650 0.2492 0.0822
vn -0.9852 0.0587 -0.1612
vn -0.9854 0.0587 -0.1601
vn -0.9448 0.2816 0.1672
vn -0.3434 0.9383 0.0398
vn -0.9919 0.0406 -0.1204
vn -0.9930 0.0306 -0.1137
vn -0.9895 0.0364 -0.1399
vn -0.9715 0.0863 -0.2207
vn -0.9964 0.0137 -0.0840
vn -0.5011 0.8645 0.0393
vn -0.9937 0.0184 -0.1108
vn -0.2654 0.9640 0.0173
vn -0.9296 0.3218 0.1798
vn -0.8741 0.3834 0.2983
vn -0.8693 0.4838 0.1009
vn -0.3208 0.9456 0.0550
vn -0.4304 0.6916 0.5800
vn -0.4466 0.6919 0.5673
vn -0.9564 0.2805 0.0819
vn -0.4443 0.7261 0.5247
vn -0.3074 0.6944 0.6506
vn -0.9567 0.2489 0.1511
vn -0.9370 0.3004 0.1783
vn -0.9476 0.3046 0.0962
vn -0.8850 0.4109 0.2188
vn -0.3538 0.8152 0.4586
vn -0.2864 0.8343 0.4710
vn -0.5332 0.8433 0.0667
vn -0.3058 0.8109 0.4990
vn -0.8690 0.4440 0.2184
vn -0.2632 0.8109 0.5227
vn -0.9665 0.2423 0.0850
vn -0.2401 0.8352 0.4948
vn -0.8227 0.5591 0.1027
vn -0.8074 0.5284 0.2624
vn -0.1763 0.8054 0.5658
vn -0.3070 0.8463 0.4353
vn -0.9083 0.3691 0.1970
vn -0.0144 0.9548 0.2968
vn -0.2275 0.8730 0.4314
vn -0.1977 0.8520 0.4847
vn -0.9060 0.4111 0.1003
vn -0.9115 0.4092 0.0422
vn -0.2487 0.8560 0.4533
vn -0.1867 0.8664 0.4631
vn -0.8972 0.3896 0.2079
vn -0.1253 0.8313 0.5415
vn -0.1468 0.7970 0.5859
vn -0.1117 0.8288 0.5483
vn -0.9660 0.2440 0.0854
vn -0.1416 0.7732 0.6182
vn -0.5485 0.8342 0.0567
vn -0.8252 0.5162 0.2292
vn -0.2361 0.8758 0.4209
vn -0.9720 0.2177 0.0881
vn -0.1492 0.8870 0.4369
vn -0.1494 0.8543 0.4979
vn -0.1502 0.8549 0.4966
vn -0.1330 0.7363 0.6635
vn -0.3092 0.8967 0.3167
vn -0.7818 0.5786 0.2323
vn -0.1147 0.7496 0.6519
vn -0.0717 0.9918 0.1061
vn -0.1244 0.8628 0.4899
vn -0.4028 0.9151 0.0181
vn -0.1829 0.9023 0.3905
vn -0.1135 0.6996 0.7054
vn -0.9564 0.2899 0.0357
vn -0.1104 0.7442 0.6588
vn -0.1093 0.7918 0.6009
vn -0.1248 0.9918 0.0259
vn -0.0039 0.9333 0.3591
vn -0.2125 0.9137 0.3464
vn -0.1809 0.9115 0.3693
vn -0.0697 0.9923 0.1023
vn -0.1240 0.8624 0.4908
vn -0.5385 0.8424 0.0191
vn -0.5543 0.7994 0.2320
vn -0.7849 0.5755 0.2295
vn -0.0915 0.8529 0.5140
vn -0.9445 0.3228 0.0612
vn -0.1407 0.9054 0.4005
vn -0.7438 0.6321 0.2173
vn -0.1511 0.9867 0.0599
vn -0.5460 0.8040 0.2354
vn -0.4971 0.8417 0.2106
vn -0.0909 0.8110 0.5779
vn -0.0851 0.8584 0.5059
vn -0.0921 0.8893 0.4479
vn -0.0915 0.7852 0.6124
vn -0.0948 0.8038 0.5873
vn -0.3524 0.9358 0.0008
vn -0.1114 0.9308 0.3481
vn -0.8622 0.5041 0.0508
vn -0.0877 0.8948 0.4378
vn -0.1650 0.9311 0.3252
vn -0.0693 0.8075 0.5858
vn -0.4701 0.8557 0.2163
vn -0.9237 0.3767 0.0704
vn -0.9098 0.4147 -0.0167
vn -0.8978 0.4361 0.0614
vn -0.5341 0.8266 0.1774
vn -0.9587 0.2827 0.0307
vn -0.1101 0.9336 0.3409
vn -0.4344 0.8751 0.2134
vn -0.3375 0.9169 0.2131
vn -0.3686 0.9088 0.1955
vn -0.3052 0.9333 0.1893
vn -0.3306 0.9173 0.2219
vn -0.6000 0.7749 0.1987
vn -0.0776 0.9072 0.4135
vn -0.0772 0.9423 0.3258
vn -0.0572 0.7797 0.6235
vn -0.9387 0.3429 0.0344
vn -0.4032 0.9148 -0.0216
vn -0.8879 0.4590 0.0316
vn -0.9407 0.3371 0.0372
vn -0.0555 0.8502 0.5235
vn -0.0157 0.9539 0.2997
vn -0.1057 0.9578 0.2674
vn -0.0475 0.8135 0.5797
vn -0.4926 0.8699 -0.0253
vn -0.0694 0.9604 0.2699
vn -0.9803 0.1911 0.0508
vn -0.5363 0.8255 0.1758
vn -0.4291 0.8913 0.1467
vn -0.8283 0.5602 -0.0084
vn -0.0686 0.9358 0.3457
vn -0.1139 0.9747 0.1925
vn -0.1004 0.9621 0.2534
vn -0.5717 0.8202 -0.0212
vn -0.8194 0.5510 0.1582
vn -0.0454 0.9553 0.2920
vn -0.0209 0.8811 0.4725
vn -0.5104 0.8599 -0.0074
vn -0.9803 0.1912 0.0494
vn -0.7523 0.6416 0.1496
vn -0.0653 0.9748 0.2134
vn -0.7647 0.6241 0.1606
vn -0.1764 0.9843 -0.0020
vn -0.6699 0.7325 0.1215
vn -0.6849 0.7123 0.1536
vn -0.0248 0.9465 0.3219
vn -0.0249 0.9337 0.3573
vn -0.0265 0.9409 0.3378
vn -0.0100 0.9963 0.0848
vn -0.0603 0.9815 0.1815
vn -0.0603 0.9816 0.1814
vn -0.9724 0.2267 0.0558
vn -0.9653 0.2570 0.0467
vn -0.0030 0.9681 0.2506
vn -0.0119 0.9912 0.1317
vn -0.0314 0.9617 0.2724
vn -0.6571 0.7472 0.0989
vn -0.9400 0.3395 0.0326
vn -0.9539 0.2994 -0.0195
vn -0.7361 0.6700 0.0962
vn -0.0896 0.9843 0.1521
vn -0.0026 0.9799 0.1996
vn -0.0062 0.9741 0.2262
vn -0.9752 0.1232 0.1840
vn -0.7876 0.6064 0.1092
vn -0.9809 0.0885 0.1732
vn -0.9686 0.1414 0.2045
vn -0.1191 0.9877 0.1016
vn -0.1714 0.9791 -0.1095
vn -0.0277 0.9787 0.2032
vn -0.0372 0.9836 0.1763
vn -0.9605 0.2733 0.0531
vn -0.6786 0.7299 0.0826
vn -0.7929 0.6073 0.0503
vn -0.9661 0.1441 0.2143
vn -0.9355 0.3533 -0.0035
vn -0.9545 0.1734 0.2424
vn -0.0049 0.9870 0.1606
vn -0.0315 0.9930 0.1138
vn -0.0125 0.9800 0.1986
vn -0.0123 0.9802 0.1978
vn -0.0343 0.9898 0.1385
vn 0.0043 0.9920 0.1261
vn -0.5541 0.8299 -0.0655
vn -0.6916 0.7221 0.0124
vn -0.6381 0.7696 -0.0260
vn -0.6943 0.7194 0.0196
vn -0.9832 0.1187 0.1385
vn -0.1093 0.9930 0.0444
vn -0.6259 0.7790 0.0367
vn -0.3003 0.9515 -0.0662
vn -0.0458 0.9976 0.0527
vn -0.2561 0.9651 -0.0542
vn -0.0235 0.9959 0.0878
vn -0.9492 0.1773 0.2599
vn -0.7456 0.6651 -0.0422
vn -0.7216 0.6914 0.0347
vn -0.9775 0.2107 0.0121
vn -0.9726 0.2251 0.0587
vn -0.4423 0.8952 -0.0548
vn -0.8630 0.5017 -0.0595
vn -0.9722 0.1658 0.1653
vn -0.9675 0.2525 0.0139
vn -0.6797 0.7324 -0.0409
vn -0.6176 0.7818 -0.0857
vn -0.7501 0.6606 -0.0309
vn -0.8906 0.4502 -0.0644
vn -0.9017 0.4309 -0.0365
vn -0.9667 0.1670 0.1941
vn -0.5105 0.8581 -0.0547
vn -0.8152 0.5738 -0.0790
vn -0.7533 0.6477 -0.1139
vn -0.7630 0.6382 -0.1027
vn -0.9410 0.3324 -0.0630
vn -0.9480 0.3109 -0.0683
vn -0.4461 0.8871 -0.1188
vn -0.9350 0.3545 -0.0062
vn -0.3450 0.9348 -0.0844
vn -0.9745 0.2244 -0.0091
vn -0.5951 0.7781 -0.2010
vn -0.6186 0.7808 -0.0876
vn -0.4537 0.8735 -0.1767
vn -0.3857 0.9078 -0.1648
vn -0.9702 0.2421 0.0008
vn -0.4594 0.8533 -0.2465
vn -0.3380 0.9364 -0.0941
vn -0.9843 0.1665 0.0579
vn -0.4026 0.8692 -0.2872
vn -0.9568 0.2906 0.0099
vn -0.9328 0.1927 0.3047
vn -0.9347 0.2336 0.2677
vn -0.9816 0.1896 -0.0208
vn -0.6133 0.7195 -0.3259
vn -0.4479 0.8498 -0.2777
vn -0.9776 0.2103 0.0135
vn -0.4196 0.8980 -0.1324
vn -0.9040 0.3804 -0.1951
vn -0.9490 0.1823 0.2572
vn -0.9264 0.2538 0.2782
vn -0.5917 0.7039 -0.3929
vn -0.9643 0.1924 0.1819
vn -0.6208 0.7094 -0.3336
vn -0.7841 0.4977 -0.3707
vn -0.9697 0.2418 -0.0345
vn -0.7703 0.4933 -0.4042
vn -0.9453 0.2186 -0.2423
vn -0.9888 0.1458 0.0328
vn -0.9728 0.1646 0.1631
vn -0.9245 0.2030 -0.3226
vn -0.8956 0.2445 -0.3716
vn -0.9532 0.3014 -0.0241
vn -0.9653 0.2599 -0.0264
vn -0.4768 0.8650 -0.1565
vn -0.9307 0.2129 0.2975
vn -0.9842 0.1741 0.0335
vn -0.8700 0.4169 0.2631
vn -0.7610 0.5571 0.3325
vn -0.1620 0.7736 0.6126
vn -0.5353 0.8152 -0.2211
vn -0.1535 0.7364 0.6589
vn -0.1542 0.7390 0.6558
vn -0.5129 0.8332 -0.2068
vn -0.1412 0.7711 0.6209
vn -0.9484 0.3101 -0.0664
vn -0.9081 0.2642 0.3249
vn -0.3253 0.8617 0.3895
vn -0.2921 0.8861 0.3597
vn -0.8987 0.2932 0.3260
vn -0.2536 0.8918 0.3747
vn -0.1886 0.9036 0.3847
vn -0.1223 0.8668 0.4835
vn -0.9600 0.2660 -0.0874
vn -0.0467 0.9183 0.3931
vn -0.0584 0.8741 0.4822
vn -0.3741 0.9193 0.1223
vn -0.4414 0.8849 0.1485
vn -0.0409 0.8944 0.4454
vn -0.5422 0.8201 0.1831
vn -0.0444 0.9370 0.3464
vn -0.9807 0.1957 -0.0020
vn -0.8193 0.5671 -0.0849
vn -0.8131 0.5586 -0.1636
vn -0.9888 0.1456 0.0334
vn -0.6974 0.6937 -0.1798
vn -0.9883 0.1525 -0.0016
vn -0.9936 0.1121 0.0142
vn -0.6467 0.7268 -0.2312
vn -0.6580 0.7429 -0.1234
vn -0.8569 0.4994 -0.1278
vn -0.9680 0.1903 0.1637
vn -0.7059 0.6530 -0.2743
vn -0.9772 0.2093 -0.0345
vn -0.6363 0.7401 -0.2178
vn -0.7730 0.5788 -0.2596
vn -0.7797 0.5751 -0.2474
vn -0.7196 0.6439 -0.2598
vn -0.6845 0.6787 -0.2662
vn -0.6699 0.6533 -0.3527
vn -0.9747 0.2135 -0.0669
vn -0.7807 0.5370 -0.3196
vn -0.7073 0.6284 -0.3237
vn -0.7374 0.5867 -0.3346
vn -0.8341 0.4647 0.2973
vn -0.0498 0.8453 0.5319
vn -0.0381 0.8722 0.4876
vn -0.0448 0.9376 0.3447
vn -0.9544 0.2152 0.2068
vn -0.9793 0.1991 -0.0378
vn -0.8919 0.2732 0.3604
vn -0.8398 0.4548 -0.2965
vn -0.9719 0.2090 -0.1082
vn -0.8949 0.3602 -0.2635
vn -0.9738 0.2167 -0.0687
vn -0.9713 0.2293 -0.0636
vn -0.9054 0.3005 0.2998
vn -0.8362 0.3475 0.4243
vn -0.9945 0.1001 0.0305
vn -0.9659 0.1972 0.1677
vn -0.8556 0.4025 -0.3256
vn -0.8636 0.3332 0.3784
vn -0.9297 0.2751 0.2450
vn -0.9515 0.2084 0.2263
vn -0.9256 0.2538 0.2808
vn -0.9813 0.1740 -0.0822
vn -0.9830 0.1620 -0.0865
vn -0.9116 0.3003 -0.2808
vn -0.8914 0.3157 0.3252
vn -0.8155 0.4384 -0.3778
vn -0.9246 0.2970 -0.2384
vn -0.8756 0.3588 -0.3235
vn -0.9028 0.3276 -0.2787
vn -0.9945 0.1037 -0.0115
vn -0.9561 0.2199 0.1935
vn -0.8167 0.4358 -0.3783
vn -0.9803 0.1639 -0.1100
vn -0.9831 0.1319 -0.1268
vn -0.8941 0.2975 -0.3347
vn -0.9462 0.2461 0.2099
vn -0.8972 0.3268 -0.2970
vn -0.8136 0.4346 -0.3861
vn -0.9742 0.1955 -0.1125
vn -0.9888 0.1489 -0.0030
vn -0.9911 0.1268 -0.0394
vn -0.8989 0.2762 -0.3401
vn -0.9950 0.0995 -0.0064
vn -0.9929 0.1110 -0.0434
vn -0.9982 0.0597 -0.0114
vn -0.9943 0.0979 -0.0423
vn -0.9867 0.1567 -0.0438
vn -0.9974 0.0664 -0.0275
vn -0.8846 0.3213 0.3379
vn -0.8910 0.2679 -0.3666
vn -0.9029 0.2570 -0.3447
vn -0.9746 0.1325 -0.1805
vn -0.9957 0.0924 0.0060
vn -0.9988 0.0452 -0.0163
vn -0.9974 0.0719 0.0027
vn -0.9963 0.0710 -0.0491
vn -0.9957 0.0614 -0.0693
vn -0.9952 0.0961 -0.0180
vn -0.9056 0.3004 0.2994
vn -0.9848 0.0931 -0.1466
vn -0.9346 0.2681 0.2338
vn -0.8437 0.3441 0.4120
vn -0.9956 0.0631 -0.0697
vn -0.9787 0.0879 -0.1853
vn -0.9945 0.0441 -0.0947
vn -0.9430 0.1618 -0.2906
vn -0.9175 0.1959 -0.3461
vn -0.8293 0.4049 0.3851
vn -0.8670 0.3347 0.3691
vn -0.9856 0.0956 -0.1392
vn -0.9906 0.1189 -0.0670
vn -0.9865 0.1516 -0.0623
vn -0.8727 0.3601 0.3298
vn -0.9448 0.1453 -0.2937
vn -0.9922 0.0614 -0.1087
vn -0.9991 0.0254 -0.0333
vn -0.9981 0.0462 -0.0415
vn -0.8905 0.3454 0.2960
vn -0.9508 0.2448 0.1897
vn -0.9434 0.1461 -0.2977
vn -0.9072 0.3275 0.2643
vn -0.9260 0.2759 0.2577
vn -0.9933 0.1049 -0.0477
vn -0.9576 0.1220 -0.2609
vn -0.9697 0.1925 0.1503
vn -0.9928 0.0982 -0.0688
vn -0.9856 0.1411 -0.0932
vn -0.9895 0.1104 -0.0930
vn -0.9490 0.2500 0.1922
vn -0.9988 0.0194 -0.0457
vn -0.9580 0.1172 -0.2618
vn -0.9927 0.0994 -0.0685
vn -0.9869 0.1264 -0.1000
vn -0.8644 0.3674 0.3432
vn -0.8081 0.4193 0.4138
vn -0.9919 0.0789 -0.0992
vn -0.9312 0.2897 0.2215
vn -0.5445 0.1639 -0.8226
vn -0.9641 0.1071 -0.2429
vn -0.9991 0.0409 0.0092
vn -0.9675 0.0914 -0.2359
vn -0.9771 0.0661 -0.2024
vn -0.9841 0.1023 -0.1449
vn -0.9776 0.0655 -0.2001
vn -0.8815 0.3534 0.3130
vn -0.9959 0.0268 -0.0863
vn -0.9847 0.0445 -0.1685
vn -0.9986 0.0163 -0.0512
vn -0.9386 0.2714 0.2128
vn -0.9894 0.0630 -0.1306
vn -0.9917 0.0829 -0.0987
vn -0.9776 0.0652 -0.2002
vn -0.7789 0.4438 0.4431
vn -0.8363 0.4067 0.3677
vn -0.9850 0.0441 -0.1667
vn -0.9818 0.0631 -0.1792
vn -0.6651 0.4968 0.5576
vn -0.8665 0.3970 0.3025
vn -0.9989 0.0453 -0.0141
vn -0.8181 0.4335 0.3779
vn -0.9934 0.0184 -0.1136
vn -0.9977 0.0486 -0.0482
vn -0.9951 0.0126 -0.0976
vn -0.7645 0.4653 0.4462
vn -0.9973 0.0167 -0.0719
vn -0.9899 0.0331 -0.1382
vn -0.9094 0.3285 0.2549
vn -0.9608 0.1198 -0.2501
vn -0.9991 0.0072 -0.0418
vn -0.9998 0.0044 -0.0208
vn -0.9925 0.0220 -0.1201
vn -0.9934 0.0253 -0.1115
vn -0.9992 0.0012 -0.0408
vn -0.9975 0.0508 -0.0489
vn -0.9962 0.0171 -0.0850
vn -0.6981 0.5019 0.5106
vn -0.9692 0.1036 -0.2235
vn -0.9976 0.0067 -0.0689
vn -0.8738 0.3836 0.2988
vn -0.9976 0.0070 -0.0687
vn -0.9980 0.0041 -0.0625
vn -0.8490 0.4056 0.3387
vn -0.9993 0.0047 -0.0377
vn -0.9995 0.0016 -0.0323
vn -1.0000 0.0017 -0.0007
vn -0.9661 0.2101 0.1499
vn -0.9995 0.0297 -0.0098
vn -1.0000 -0.0002 -0.0077
vn -0.9106 0.3260 0.2539
vn -0.8210 0.4341 0.3709
vn -0.9514 0.1964 0.2371
vn -0.9683 0.1620 0.1903
vn -0.7954 0.4450 0.4114
vn -0.9107 0.3381 0.2373
vn -0.9398 0.2392 0.2441
vn -0.7743 0.4194 0.4738
vn -0.8664 0.3970 0.3030
vn -0.8219 0.3769 0.4272
vn -0.9349 0.2963 0.1955
vn -0.7814 0.4093 0.4711
vn -0.8372 0.4319 0.3356
vn -0.9073 0.3440 0.2417
vn -0.9008 0.3702 0.2268
vn -0.6565 0.6030 0.4532
vn -0.7427 0.4341 0.5099
vn -0.4890 0.6718 0.5563
vn -0.7209 0.4551 0.5227
vn -0.7301 0.4687 0.4973
vn -0.7903 0.4296 0.4368
vn -0.5232 0.6754 0.5197
vn -0.7327 0.5774 0.3602
vn -0.3795 0.7035 0.6008
vn -0.7257 0.4525 0.5182
vn -0.3861 0.7042 0.5958
vn -0.4658 0.6967 0.5455
vn -0.5025 0.6933 0.5165
vn -0.7848 0.4685 0.4058
vn -0.9708 0.0892 -0.2227
vn -0.4543 0.7271 0.5147
vn -0.7575 0.5022 0.4171
vn -0.4203 0.7200 0.5522
vn -0.7191 0.5163 0.4651
vn -0.3230 0.7195 0.6148
vn -0.3816 0.7353 0.5601
vn -0.4059 0.7221 0.5602
vn -0.5599 0.7048 0.4356
vn -0.6477 0.5019 0.5733
vn -0.5412 0.7232 0.4291
vn -0.2872 0.7105 0.6424
vn -0.7514 0.4930 0.4386
vn -0.7083 0.5333 0.4625
vn -0.3891 0.7603 0.5201
vn -0.9995 0.0307 -0.0124
vn -0.7055 0.5011 0.5012
vn -0.3320 0.7332 0.5935
vn -0.2368 0.7041 0.6695
vn -0.2509 0.6932 0.6757
vn -0.9968 0.0450 -0.0653
vn -0.2785 0.7093 0.6475
vn -0.6671 0.5716 0.4779
vn -0.9998 0.0111 -0.0141
vn -0.5988 0.5568 0.5757
vn -0.2746 0.7470 0.6054
vn -0.2781 0.7479 0.6028
vn -1.0000 0.0094 0.0011
vn -0.3164 0.7461 0.5858
vn -0.6626 0.5089 0.5495
vn -0.9995 0.0210 -0.0217
vn -0.5025 0.7208 0.4774
vn -0.9725 0.1957 0.1260
vn -0.4718 0.7612 0.4449
vn -0.9972 0.0337 -0.0668
vn -0.3389 0.7740 0.5349
vn -0.7314 0.5150 0.4471
vn -0.4336 0.7676 0.4721
vn -0.9145 0.3542 0.1956
vn -0.2084 0.6984 0.6847
vn -0.3201 0.7733 0.5474
vn -0.4136 0.7691 0.4873
vn -0.3627 0.7825 0.5061
vn -0.3518 0.7587 0.5483
vn -0.2033 0.6889 0.6958
vn -0.6438 0.5521 0.5298
vn -0.9483 0.2603 0.1816
vn -0.9344 0.3090 0.1772
vn -0.8565 0.4575 0.2388
vn -0.9089 0.3642 0.2032
vn -0.3985 0.8011 0.4465
vn -0.5928 0.5532 0.5852
vn -0.2893 0.8062 0.5160
vn -0.8571 0.4640 0.2237
vn -0.6842 0.5370 0.4935
vn -0.7270 0.5252 0.4424
vn -0.1919 0.7390 0.6458
vn -0.9347 0.2972 0.1948
vn -0.9617 0.2270 0.1538
vn -0.9085 0.3413 0.2412
vn -0.6183 0.5913 0.5178
vn -0.6436 0.5520 0.5301
vn -0.1856 0.7018 0.6878
vn -0.4056 0.8044 0.4341
vn -0.3179 0.8494 0.4213
vn -0.3907 0.8214 0.4155
vn -0.3938 0.8385 0.3767
vn -0.9897 0.0295 -0.1399
vn -0.5538 0.6076 0.5692
vn -0.5721 0.6075 0.5511
vn -0.1834 0.7326 0.6555
vn -0.9871 0.0336 -0.1567
vn -0.8755 0.4010 0.2698
vn -0.9999 0.0030 -0.0128
vn -0.8383 0.4462 0.3132
vn -0.8533 0.4687 0.2286
vn -0.7744 0.5778 0.2578
vn -0.5457 0.5978 0.5872
vn -0.7371 0.6134 0.2836
vn -0.2081 0.8341 0.5108
vn -0.9996 0.0104 -0.0248
vn -0.6650 0.5723 0.4799
vn -0.9546 0.2497 0.1627
vn -0.8548 0.4272 0.2947
vn -0.1656 0.8225 0.5441
vn -0.2046 0.7996 0.5646
vn -0.3898 0.8428 0.3711
vn -0.1831 0.8296 0.5274
vn -0.4881 0.6041 0.6300
vn -0.9589 0.2283 0.1684
vn -0.8813 0.4234 0.2097
vn -0.8803 0.4177 0.2250
vn -0.9394 0.2688 0.2130
vn -0.9479 0.2617 0.1818
vn -0.8212 0.4783 0.3112
vn -0.1653 0.8223 0.5446
vn -0.3978 0.8578 0.3254
vn -0.3008 0.8517 0.4291
vn -0.8466 0.4838 0.2217
vn -0.9250 0.3042 0.2275
vn -0.1690 0.6856 0.7081
vn -0.9312 0.3065 0.1973
vn -0.7806 0.5204 0.3462
vn -0.1660 0.6882 0.7063
vn -0.8257 0.4511 0.3389
vn -0.5029 0.6218 0.6003
vn -0.4873 0.6463 0.5872
vn -0.4438 0.8347 0.3261
vn -0.1480 0.6341 0.7589
vn -0.7785 0.5026 0.3761
vn -0.1417 0.6767 0.7225
vn -0.7891 0.4874 0.3739
vn -0.3946 0.8608 0.3215
vn -0.7799 0.5314 0.3307
vn -0.8223 0.4829 0.3011
vn -0.5902 0.7611 0.2692
vn -0.9138 0.3412 0.2202
vn -0.1961 0.8781 0.4364
vn -0.7191 0.5616 0.4094
vn -0.7327 0.5433 0.4100
vn -0.6697 0.5896 0.4515
vn -0.5557 0.6470 0.5222
vn -0.5716 0.7718 0.2784
vn -0.6190 0.5970 0.5102
vn -0.6015 0.6259 0.4964
vn -0.5973 0.6221 0.5061
vn -0.3326 0.8806 0.3375
vn -0.5644 0.6466 0.5132
vn -0.4936 0.6716 0.5526
vn -0.4980 0.6628 0.5591
vn -0.5845 0.6461 0.4908
vn -0.4449 0.6615 0.6037
vn -0.5944 0.6491 0.4748
vn -0.7700 0.5255 0.3618
vn -0.6129 0.7408 0.2747
vn -0.4208 0.6470 0.6359
vn -0.6455 0.7251 0.2398
vn -0.6770 0.6325 0.3762
vn -0.3883 0.7004 0.5989
vn -0.3681 0.6703 0.6443
vn -0.9664 0.2259 0.1224
vn -0.6178 0.6475 0.4462
vn -0.6855 0.6214 0.3794
vn -0.5906 0.6700 0.4497
vn -0.5586 0.6821 0.4719
vn -0.7243 0.5764 0.3783
vn -0.5297 0.6854 0.4996
vn -0.4457 0.6605 0.6041
vn -0.5022 0.8262 0.2554
vn -0.5204 0.8091 0.2732
vn -0.9554 0.2508 0.1559
vn -0.6829 0.6031 0.4123
vn -0.6671 0.6190 0.4146
vn -0.3065 0.6941 0.6514
vn -0.4991 0.7201 0.4821
vn -0.6031 0.6805 0.4161
vn -0.6171 0.6749 0.4045
vn -0.3535 0.6895 0.6322
vn -0.2442 0.9096 0.3362
vn -0.2636 0.9245 0.2754
vn -0.9361 0.3099 0.1666
vn -0.9086 0.3767 0.1805
vn -0.9286 0.3312 0.1672
vn -0.2614 0.9255 0.2742
vn -0.1334 0.9125 0.3868
vn -0.3952 0.8782 0.2694
vn -0.4815 0.8372 0.2594
vn -0.0834 0.7540 0.6516
vn -0.0929 0.6889 0.7189
vn -0.0957 0.6995 0.7082
vn -0.2056 0.9319 0.2990
vn -0.9632 0.2415 0.1177
vn -0.2438 0.7353 0.6324
vn -0.0654 0.7106 0.7005
vn -0.0777 0.7596 0.6458
vn -0.3384 0.9163 0.2143
vn -0.8121 0.5423 0.2153
vn -0.8509 0.4776 0.2188
vn -0.9592 0.2409 0.1478
vn -0.6075 0.6988 0.3776
vn -0.9619 0.2450 0.1209
vn -0.9747 0.1883 0.1201
vn -0.0600 0.7004 0.7113
vn -0.8670 0.4288 0.2538
vn -0.2268 0.7565 0.6134
vn -0.0666 0.8034 0.5917
vn -0.9080 0.3838 0.1682
vn -0.5933 0.7106 0.3782
vn -0.0667 0.8401 0.5383
vn -0.6072 0.6989 0.3780
vn -0.1407 0.9387 0.3146
vn -0.9383 0.2956 0.1794
vn -0.4749 0.7616 0.4409
vn -0.5891 0.7826 0.2013
vn -0.2340 0.7690 0.5948
vn -0.0933 0.9434 0.3182
vn -0.3393 0.8073 0.4829
vn -0.6449 0.6811 0.3468
vn -0.4242 0.8824 0.2033
vn -0.9726 0.1952 0.1260
vn -0.9656 0.2217 0.1360
vn -0.2560 0.7942 0.5511
vn -0.2202 0.7958 0.5641
vn -0.2803 0.7749 0.5665
vn -0.9542 0.2722 0.1239
vn -0.9494 0.2838 0.1345
vn -0.5354 0.7467 0.3948
vn -0.1955 0.7716 0.6052
vn -0.1397 0.9385 0.3157
vn -0.2197 0.7956 0.5646
vn -0.4683 0.7865 0.4027
vn -0.5416 0.8204 0.1835
vn -0.1886 0.7424 0.6428
vn -0.8135 0.5213 0.2578
vn -0.8613 0.4738 0.1836
vn -0.9159 0.3447 0.2054
vn -0.5823 0.7316 0.3545
vn -0.5505 0.7424 0.3819
vn -0.2608 0.9458 0.1937
vn -0.0279 0.7452 0.6663
vn -0.9027 0.3980 0.1635
vn -0.9332 0.3216 0.1602
vn -0.0583 0.8837 0.4645
vn -0.0655 0.8694 0.4897
vn -0.1825 0.7604 0.6233
vn -0.4693 0.7856 0.4033
vn -0.8243 0.4893 0.2847
vn -0.9140 0.3489 0.2071
vn -0.1298 0.9621 0.2400
vn -0.0361 0.8576 0.5131
vn -0.6426 0.7033 0.3041
vn -0.6275 0.7131 0.3127
vn -0.8178 0.5228 0.2405
vn -0.4755 0.8606 0.1822
vn -0.6761 0.6710 0.3043
vn -0.8623 0.4374 0.2551
vn -0.8001 0.5738 0.1751
vn -0.6941 0.6729 0.2558
vn -0.2676 0.9511 0.1541
vn -0.4840 0.7992 0.3565
vn -0.3288 0.9314 0.1559
vn -0.0247 0.8269 0.5618
vn -0.0458 0.8115 0.5825
vn -0.4444 0.8847 0.1411
vn -0.9108 0.3564 0.2084
vn -0.3100 0.9418 0.1299
vn -0.7120 0.6790 0.1788
vn -0.6900 0.6778 0.2540
vn -0.6336 0.7557 0.1656
vn -0.6501 0.7424 0.1623
vn -0.5379 0.7693 0.3448
vn -0.0500 0.9490 0.3113
vn -0.0319 0.8543 0.5188
vn -0.6333 0.7265 0.2665
vn -0.7870 0.5334 0.3100
vn -0.6166 0.7221 0.3138
vn -0.9519 0.2890 0.1018
vn -0.0479 0.9231 0.3816
vn -0.5619 0.7593 0.3282
vn -0.7881 0.5974 0.1483
vn -0.5601 0.6734 0.4826
vn -0.1778 0.7811 0.5985
vn -0.8318 0.4080 0.3763
vn -0.3469 0.8746 0.3388
vn -0.0888 0.4041 0.9104
vn -0.9817 0.1321 0.1368
vn -0.4856 0.4665 0.7393
vn -0.5127 0.4370 0.7390
vn -0.2055 0.7374 0.6435
vn -0.6223 0.5976 0.5056
vn -0.4700 0.4297 0.7710
vn -0.9588 0.1967 0.2050
vn -0.0979 0.4618 0.8815
vn -0.2621 0.6460 0.7169
vn -0.1048 0.5815 0.8068
vn -0.3694 0.8435 0.3898
vn -0.0924 0.5341 0.8404
vn -0.0769 0.4415 0.8940
vn -0.0717 0.4228 0.9034
vn -0.5728 0.4796 0.6648
vn -0.5677 0.4846 0.6655
vn -0.0789 0.5057 0.8591
vn -0.0877 0.4967 0.8635
vn -0.2517 0.7047 0.6634
vn -0.0548 0.3991 0.9153
vn -0.0401 0.4059 0.9130
vn -0.0587 0.8473 0.5278
vn -0.0618 0.8465 0.5288
vn -0.7076 0.5080 0.4911
vn -0.2543 0.6681 0.6993
vn -0.3015 0.9000 0.3148
vn -0.0073 0.8688 0.4951
vn -0.5168 0.4739 0.7130
vn -0.0571 0.4687 0.8815
vn -0.0449 0.4010 0.9150
vn -0.0028 0.4000 0.9165
vn -0.4482 0.7665 0.4601
vn -0.4695 0.7478 0.4694
vn -0.3592 0.4481 0.8186
vn -0.0651 0.5552 0.8291
vn -0.5486 0.6740 0.4947
vn -0.0767 0.5982 0.7977
vn -0.0346 0.4365 0.8990
vn -0.3960 0.4275 0.8127
vn -0.0366 0.4348 0.8998
vn -0.4170 0.4104 0.8110
vn -0.2778 0.6115 0.7409
vn -0.6240 0.4869 0.6112
vn -0.3779 0.8264 0.4174
vn -0.2409 0.6944 0.6780
vn -0.0579 0.4702 0.8807
vn -0.3256 0.4906 0.8083
vn -0.3408 0.4784 0.8093
vn -0.4997 0.7166 0.4866
vn -0.0443 0.5085 0.8599
vn -0.3890 0.8106 0.4377
vn -0.4117 0.7984 0.4394
vn -0.7805 0.4330 0.4509
vn -0.3779 0.4347 0.8174
vn -0.3873 0.4242 0.8186
vn -0.0717 0.5927 0.8023
vn -0.2084 0.9511 0.2278
vn -0.9439 0.2382 0.2288
vn -0.0074 0.4322 0.9017
vn -0.1102 0.8033 0.5853
vn -0.1082 0.8043 0.5843
vn -0.1957 0.7123 0.6740
vn -0.0491 0.5355 0.8431
vn -0.0317 0.4935 0.8692
vn -0.0456 0.5433 0.8383
vn -0.3109 0.5215 0.7946
vn -0.0087 0.4759 0.8794
vn -0.0070 0.8589 0.5121
vn -0.0374 0.6073 0.7936
vn -0.2595 0.6371 0.7258
vn -0.0491 0.5794 0.8135
vn -0.0010 0.4872 0.8733
vn -0.2912 0.5598 0.7758
vn -0.2809 0.5692 0.7727
vn -0.1709 0.7588 0.6285
vn -0.0296 0.5957 0.8026
vn -0.0178 0.5233 0.8519
vn 0.0003 0.5413 0.8408
vn -0.6005 0.6078 0.5196
vn -0.2745 0.6046 0.7477
vn -0.5929 0.6173 0.5171
vn -0.2106 0.9501 0.2300
vn -0.0323 0.8440 0.5353
vn -0.0151 0.5737 0.8189
vn -0.4516 0.4583 0.7655
vn -0.3701 0.4289 0.8241
vn -0.0120 0.5679 0.8230
vn -0.4083 0.7825 0.4701
vn -0.0149 0.6148 0.7886
vn -0.7036 0.6960 0.1432
vn -0.6955 0.6953 0.1813
vn -0.6195 0.7661 0.1715
vn -0.6580 0.7356 0.1613
vn -0.6113 0.7516 0.2479
vn -0.4682 0.8499 0.2416
vn -0.4575 0.8520 0.2545
vn -0.6984 0.6422 0.3159
vn -0.7008 0.6442 0.3065
vn -0.4165 0.4432 0.7938
vn -0.8548 0.4425 0.2711
vn -0.4435 0.4168 0.7935
vn -0.8512 0.4486 0.2722
vn -0.4591 0.8321 0.3110
vn -0.4585 0.8322 0.3118
vn -0.2501 0.6552 0.7128
vn -0.4937 0.4742 0.7290
vn -0.8302 0.4702 0.2996
vn -0.6523 0.4976 0.5717
vn -0.8542 0.4331 0.2875
vn -0.8388 0.4353 0.3268
vn -0.8129 0.4761 0.3353
vn -0.4396 0.8191 0.3685
vn -0.8174 0.4550 0.3532
vn -0.4497 0.8070 0.3827
vn -0.4316 0.8013 0.4143
vn -0.7680 0.5016 0.3982
vn -0.7697 0.4998 0.3973
vn -0.7466 0.5087 0.4287
vn -0.8305 0.4145 0.3721
vn -0.8423 0.4188 0.3393
vn -0.7696 0.4711 0.4310
vn -0.1648 0.9665 0.1968
vn -0.8014 0.4409 0.4041
vn -0.7432 0.4843 0.4616
vn -0.4160 0.7798 0.4677
vn -0.4366 0.7857 0.4382
vn -0.9184 0.2910 0.2680
vn -0.9111 0.3101 0.2715
vn -0.6528 0.5467 0.5244
vn -0.6711 0.5510 0.4960
vn -0.7259 0.4806 0.4921
vn -0.2125 0.6927 0.6892
vn -0.8043 0.4056 0.4342
vn -0.8804 0.3344 0.3364
vn -0.8807 0.3337 0.3361
vn -0.7470 0.4484 0.4908
vn -0.9219 0.2534 0.2932
vn -0.7076 0.4920 0.5072
vn -0.6838 0.4830 0.5469
vn -0.4240 0.7643 0.4858
vn -0.9140 0.2699 0.3029
vn -0.7842 0.4217 0.4552
vn -0.9565 0.1848 0.2258
vn -0.7248 0.4680 0.5056
vn -0.8866 0.2913 0.3592
vn -0.4791 0.7241 0.4960
vn -0.4996 0.7106 0.4954
vn -0.6200 0.5212 0.5865
vn -0.9404 0.2016 0.2737
vn -0.6824 0.4662 0.5630
vn -0.1530 0.7512 0.6421
vn -0.8112 0.3805 0.4439
vn -0.7779 0.3896 0.4930
vn -0.8570 0.3160 0.4070
vn -0.8782 0.3044 0.3689
vn -0.6255 0.5663 0.5367
vn -0.6618 0.4948 0.5632
vn -0.6400 0.4893 0.5925
vn -0.5626 0.5532 0.6144
vn -0.5809 0.5670 0.5840
vn -0.5794 0.5160 0.6309
vn -0.9088 0.2391 0.3420
vn -0.7218 0.4094 0.5580
vn -0.7519 0.4133 0.5136
vn -0.6314 0.4613 0.6233
vn -0.3993 0.7237 0.5629
vn -0.4139 0.7294 0.5446
vn -0.8864 0.2669 0.3782
vn -0.8699 0.2691 0.4133
vn -0.6002 0.4858 0.6354
vn -0.6263 0.4944 0.6028
vn -0.7451 0.4543 0.4883
vn -0.7655 0.3675 0.5282
vn -0.5222 0.5586 0.6444
vn -0.5842 0.4926 0.6450
vn -0.5578 0.4827 0.6752
vn -0.6000 0.4704 0.6471
vn -0.5763 0.4571 0.6774
vn -0.5237 0.5240 0.6717
vn -0.5387 0.4902 0.6852
vn -0.5182 0.4795 0.7082
vn -0.3319 0.6279 0.7039
vn -0.3237 0.5327 0.7820
vn -0.5305 0.4962 0.6873
vn -0.5273 0.4990 0.6878
vn -0.5900 0.5089 0.6268
vn -0.3291 0.8739 0.3578
vn -0.3244 0.8763 0.3561
vn -0.0660 0.8034 0.5918
vn -0.0638 0.8042 0.5910
vn -0.3791 0.8257 0.4177
vn -0.6487 0.5306 0.5456
vn -0.8485 0.3630 0.3851
vn -0.1609 0.7132 0.6822
vn -0.2768 0.5311 0.8008
vn -0.9762 0.1254 0.1767
vn -0.4571 0.4638 0.7589
vn -0.3510 0.4205 0.8366
vn -0.3139 0.4841 0.8168
vn -0.3099 0.4901 0.8147
vn -0.6659 0.5123 0.5423
vn -0.0140 0.8281 0.5605
vn -0.5559 0.5154 0.6522
vn -0.2384 0.6174 0.7497
vn -0.3431 0.4516 0.8236
vn -0.2195 0.9391 0.2645
vn -0.2291 0.9351 0.2704
vn -0.2404 0.5900 0.7708
vn -0.2427 0.5877 0.7718
vn -0.3819 0.4139 0.8263
vn -0.4330 0.4915 0.7556
vn -0.1103 0.7559 0.6453
vn -0.7363 0.4424 0.5120
vn -0.1042 0.7608 0.6405
vn -0.4214 0.4286 0.7992
vn -0.1493 0.7224 0.6752
vn -0.8260 0.3659 0.4288
vn -0.0063 0.8279 0.5608
vn -0.6152 0.5281 0.5854
vn -0.6860 0.4698 0.5556
vn -0.2254 0.6422 0.7326
vn -0.1807 0.9586 0.2203
vn -0.2714 0.5247 0.8069
vn -0.1895 0.6585 0.7284
vn -0.1914 0.6562 0.7299
vn -0.0302 0.8021 0.5964
vn -0.0421 0.7978 0.6014
vn -0.2712 0.9067 0.3231
vn -0.2756 0.9041 0.3267
vn -0.5655 0.6235 0.5398
vn -0.4735 0.5122 0.7165
vn -0.4681 0.5165 0.7170
vn -0.1123 0.9775 0.1788
vn -0.5084 0.5384 0.6721
vn -0.9225 0.2381 0.3038
vn -0.5346 0.6515 0.5383
vn -0.9636 0.1524 0.2195
vn -0.5759 0.5821 0.5740
vn -0.7047 0.4429 0.5543
vn -0.3894 0.7928 0.4689
vn -0.3781 0.8026 0.4613
vn -0.2726 0.4994 0.8224
vn -0.8280 0.3557 0.4335
vn -0.3797 0.7754 0.5045
vn -0.5993 0.5587 0.5733
vn -0.7536 0.4198 0.5058
vn -0.4021 0.4772 0.7814
vn -0.4181 0.4636 0.7812
vn -0.4029 0.7554 0.5168
vn -0.4533 0.7206 0.5246
vn -0.4406 0.7294 0.5234
vn -0.2419 0.5689 0.7860
vn -0.0709 0.7593 0.6469
vn -0.2030 0.6238 0.7548
vn -0.2130 0.6059 0.7665
vn -0.1436 0.6703 0.7281
vn -0.1086 0.7143 0.6914
vn -0.1067 0.7159 0.6900
vn -0.3764 0.4331 0.8190
vn -0.3962 0.4190 0.8170
vn -0.2963 0.4573 0.8385
vn -0.5230 0.5434 0.6566
vn -0.0614 0.7549 0.6530
vn -0.5089 0.6526 0.5613
vn -0.3246 0.4281 0.8434
vn -0.3261 0.4267 0.8435
vn -0.3765 0.4114 0.8301
vn -0.1384 0.9697 0.2011
vn -0.3557 0.8210 0.4466
vn -0.1610 0.6566 0.7369
vn -0.3366 0.8488 0.4078
vn -0.3315 0.8527 0.4036
vn -0.2336 0.5564 0.7974
vn -0.6854 0.4543 0.5690
vn -0.4210 0.5315 0.7350
vn -0.4369 0.5170 0.7361
vn -0.5501 0.5602 0.6194
vn -0.5533 0.5570 0.6194
vn -0.2654 0.4894 0.8307
vn -0.6058 0.5263 0.5967
vn -0.3527 0.4345 0.8287
vn -0.3749 0.7803 0.5005
vn -0.3690 0.4662 0.8040
vn -0.0352 0.7609 0.6480
vn -0.2831 0.8834 0.3734
vn -0.2820 0.8842 0.3724
vn -0.1463 0.6657 0.7317
vn -0.6416 0.4688 0.6071
vn -0.1481 0.9580 0.2456
vn -0.1107 0.6880 0.7172
vn -0.5527 0.5971 0.5813
vn -0.0928 0.9768 0.1929
vn -0.1898 0.5857 0.7880
vn -0.1971 0.5739 0.7949
vn -0.4853 0.6618 0.5714
vn -0.4897 0.6582 0.5718
vn -0.1913 0.6142 0.7656
vn -0.1901 0.9372 0.2926
vn -0.2424 0.9151 0.3221
vn -0.4642 0.5626 0.6841
vn -0.4669 0.5600 0.6844
vn -0.1502 0.6127 0.7759
vn -0.5030 0.5820 0.6389
vn -0.2266 0.5294 0.8176
vn -0.2377 0.5129 0.8249
vn -0.0635 0.7212 0.6898
vn -0.4226 0.6922 0.5850
vn -0.3397 0.4123 0.8453
vn -0.3527 0.4059 0.8431
vn -0.4070 0.5108 0.7573
vn -0.1987 0.5485 0.8122
vn -0.2997 0.4335 0.8499
vn -0.3715 0.7620 0.5304
vn -0.3786 0.7531 0.5381
vn -0.3122 0.4239 0.8502
vn -0.5832 0.5178 0.6259
vn -0.0134 0.7527 0.6582
vn -0.5276 0.5940 0.6073
vn -0.5237 0.5966 0.6081
vn -0.9540 0.1579 0.2550
vn -0.9579 0.1423 0.2493
vn -0.4936 0.5813 0.6469
vn -0.3802 0.5340 0.7552
vn -0.8003 0.3416 0.4928
vn -0.1448 0.9561 0.2549
vn -0.3633 0.4695 0.8047
vn -0.0458 0.7086 0.7041
vn -0.0869 0.9733 0.2124
vn -0.2695 0.4585 0.8469
vn -0.2676 0.4608 0.8462
vn -0.1568 0.6059 0.7799
vn -0.7522 0.6490 0.1137
vn -0.1100 0.6308 0.7681
vn -0.3314 0.8314 0.4461
vn -0.3427 0.8220 0.4548
vn -0.7821 0.6098 0.1282
vn -0.7010 0.7007 0.1326
vn -0.0461 0.7004 0.7122
vn -0.4606 0.6037 0.6507
vn -0.0812 0.6682 0.7396
vn -0.8070 0.5725 0.1449
vn -0.6851 0.4253 0.5914
vn -0.8469 0.2989 0.4397
vn -0.3805 0.4908 0.7838
vn -0.0176 0.7242 0.6894
vn -0.9357 0.1772 0.3050
vn -0.9327 0.1842 0.3101
vn -0.0515 0.9845 0.1679
vn -0.5657 0.5241 0.6367
vn -0.7355 0.6625 0.1420
vn -0.7702 0.6202 0.1488
vn -0.4056 0.5736 0.7116
vn -0.4171 0.5599 0.7159
vn -0.7657 0.6256 0.1495
vn -0.3473 0.8032 0.4840
vn -0.3656 0.7843 0.5011
vn -0.1884 0.5576 0.8085
vn -0.3546 0.5202 0.7770
vn -0.2275 0.4945 0.8389
vn -0.2263 0.4960 0.8383
vn -0.8609 0.4879 0.1445
vn -0.8058 0.5705 0.1585
vn -0.0321 0.6821 0.7306
vn -0.4445 0.6732 0.5910
vn -0.6606 0.7327 0.1634
vn -0.3469 0.4338 0.8315
vn -0.0780 0.6549 0.7517
vn -0.2680 0.4334 0.8604
vn -0.1190 0.6146 0.7798
vn -0.6311 0.4549 0.6283
vn -0.7722 0.3569 0.5257
vn -0.2933 0.8574 0.4229
vn -0.2928 0.8578 0.4225
vn -0.6997 0.4129 0.5830
vn -0.7287 0.6606 0.1807
vn -0.4239 0.6020 0.6767
vn -0.4679 0.6160 0.6337
vn -0.6505 0.4402 0.6189
vn -0.1980 0.5302 0.8244
vn -0.5869 0.7931 0.1630
vn -0.1746 0.9400 0.2930
vn -0.2211 0.9150 0.3375
vn -0.3617 0.4679 0.8064
vn -0.3241 0.4056 0.8547
vn -0.8352 0.5253 0.1627
vn -0.3699 0.7351 0.5681
vn -0.0867 0.6397 0.7637
vn -0.3671 0.7383 0.5658
vn -0.8213 0.3087 0.4798
vn -0.1468 0.5652 0.8118
vn -0.1351 0.5790 0.8040
vn -0.3329 0.5038 0.7971
vn -0.5246 0.5560 0.6447
vn -0.3881 0.6998 0.5997
vn -0.3923 0.6932 0.6047
vn -0.8692 0.2552 0.4236
vn -0.9078 0.2136 0.3609
vn -0.9074 0.2145 0.3615
vn -0.4056 0.6178 0.6737
vn -0.2679 0.4333 0.8605
vn -0.4229 0.6439 0.6376
vn -0.3884 0.5762 0.7192
vn -0.8949 0.4227 0.1430
vn -0.5393 0.5152 0.6661
vn -0.1136 0.9573 0.2657
vn -0.1119 0.9577 0.2651
vn -0.6700 0.7135 0.2050
vn -0.0980 0.5843 0.8056
vn -0.2144 0.9097 0.3557
vn -0.0413 0.9829 0.1796
vn -0.0412 0.6465 0.7618
vn -0.0035 0.9868 0.1616
vn -0.3670 0.5368 0.7597
vn -0.8373 0.5216 0.1639
vn -0.5648 0.8003 0.2015
vn -0.7329 0.3859 0.5604
vn -0.1479 0.5357 0.8313
vn -0.0661 0.6087 0.7906
vn -0.6129 0.7676 0.1877
vn -0.6240 0.7563 0.1964
vn -0.7414 0.6441 0.1884
vn -0.8213 0.5396 0.1849
vn -0.8099 0.5567 0.1849
vn -0.7811 0.5919 0.1990
vn -0.7776 0.5963 0.1997
vn -0.4798 0.6043 0.6361
vn -0.3321 0.4350 0.8370
vn -0.3194 0.4456 0.8363
vn -0.6474 0.4303 0.6291
vn -0.8613 0.4751 0.1801
vn -0.3561 0.7783 0.5172
vn -0.1715 0.5113 0.8421
vn -0.3237 0.4761 0.8176
vn -0.7117 0.6748 0.1952
vn -0.2244 0.4651 0.8563
vn -0.2278 0.4620 0.8571
vn -0.1586 0.9327 0.3238
vn -0.5373 0.8172 0.2084
vn -0.0277 0.6545 0.7555
vn -0.1036 0.5679 0.8166
vn -0.6630 0.7200 0.2052
vn -0.8406 0.2733 0.4677
vn -0.1902 0.4885 0.8516
vn -0.2908 0.4111 0.8639
vn -0.2997 0.4066 0.8631
vn -0.3457 0.5707 0.7448
vn -0.3082 0.4143 0.8564
vn -0.0033 0.6516 0.7586
vn -0.8738 0.2478 0.4184
vn -0.0700 0.5942 0.8013
vn -0.3411 0.7975 0.4977
vn -0.0448 0.6212 0.7824
vn -0.3676 0.6093 0.7026
vn -0.6504 0.4275 0.6279
vn -0.2337 0.8918 0.3875
vn -0.0487 0.9734 0.2239
vn -0.0387 0.9763 0.2129
vn -0.0883 0.5498 0.8306
vn -0.7384 0.6371 0.2212
vn -0.4239 0.6286 0.6521
vn -0.5591 0.7952 0.2346
vn -0.4222 0.6299 0.6518
vn -0.5686 0.7869 0.2396
vn -0.1365 0.5454 0.8270
vn -0.6322 0.7336 0.2494
vn -0.3235 0.4760 0.8178
vn -0.7586 0.3432 0.5539
vn -0.8616 0.4745 0.1803
vn -0.3021 0.8289 0.4709
vn -0.2993 0.8311 0.4688
vn -0.5048 0.8329 0.2268
vn -0.4788 0.8525 0.2095
vn -0.3937 0.6369 0.6628
vn 0.0006 0.9755 0.2199
vn -0.3805 0.6726 0.6347
vn -0.3496 0.5792 0.7364
vn -0.8942 0.4207 0.1530
vn -0.6679 0.7000 0.2529
vn -0.5172 0.8269 0.2206
vn -0.5480 0.8042 0.2302
vn -0.7267 0.6427 0.2425
vn -0.1479 0.5285 0.8360
vn -0.6946 0.6747 0.2497
vn -0.8164 0.3030 0.4916
vn -0.3507 0.7656 0.5393
vn -0.8320 0.5122 0.2131
vn -0.8381 0.5012 0.2155
vn -0.3551 0.7568 0.5488
vn -0.5890 0.4347 0.6812
vn -0.7921 0.5619 0.2384
vn -0.0706 0.9575 0.2797
vn -0.7823 0.5771 0.2344
vn -0.9107 0.2386 0.3373
vn -0.3369 0.5134 0.7893
vn -0.3114 0.5488 0.7758
vn -0.0439 0.5665 0.8229
vn -0.7434 0.6222 0.2455
vn -0.7861 0.5682 0.2433
vn -0.8156 0.5292 0.2339
vn -0.1717 0.5051 0.8458
vn -0.0088 0.5977 0.8017
vn -0.3494 0.7312 0.5859
vn -0.2345 0.4379 0.8679
vn -0.3135 0.4228 0.8502
vn -0.3243 0.6319 0.7040
vn -0.3425 0.6126 0.7124
vn -0.6888 0.6779 0.2569
vn -0.1802 0.9129 0.3663
vn -0.0616 0.5454 0.8359
vn -0.8807 0.4299 0.1989
vn -0.1848 0.9113 0.3679
vn -0.3600 0.6597 0.6597
vn -0.8007 0.3093 0.5130
vn -0.9046 0.3902 0.1719
vn -0.1922 0.4664 0.8634
vn -0.1904 0.4682 0.8629
vn -0.4590 0.5661 0.6847
vn -0.4666 0.5557 0.6881
vn -0.3675 0.7045 0.6072
vn -0.2266 0.8800 0.4175
vn -0.9185 0.3641 0.1541
vn -0.6078 0.4287 0.6684
vn -0.8059 0.5355 0.2523
vn -0.6230 0.7398 0.2542
vn -0.3124 0.5562 0.7701
vn -0.3958 0.6379 0.6607
vn -0.1293 0.9342 0.3324
vn -0.1259 0.9355 0.3302
vn -0.5867 0.4470 0.6753
vn -0.6822 0.6748 0.2816
vn -0.1190 0.5084 0.8529
vn -0.2922 0.4433 0.8474
vn -0.0466 0.5543 0.8310
vn -0.3022 0.4864 0.8198
vn -0.0151 0.5794 0.8149
vn -0.2675 0.4094 0.8722
vn -0.2602 0.4134 0.8726
vn -0.0965 0.5350 0.8393
vn -0.7081 0.3742 0.5988
vn -0.7151 0.3678 0.5944
vn -0.3023 0.5307 0.7918
vn -0.0510 0.9620 0.2681
vn -0.6515 0.7105 0.2661
vn -0.8833 0.2645 0.3870
vn -0.8618 0.4556 0.2229
vn -0.8466 0.4869 0.2150
vn -0.5669 0.7732 0.2842
vn -0.2960 0.5882 0.7526
vn -0.7267 0.6337 0.2654
vn -0.8832 0.2648 0.3872
vn -0.1446 0.4899 0.8597
vn -0.7720 0.5753 0.2702
vn -0.7870 0.5505 0.2785
vn -0.8914 0.4033 0.2067
vn 0.0099 0.5552 0.8317
vn -0.4869 0.5117 0.7079
vn -0.6341 0.4080 0.6568
vn -0.2911 0.6137 0.7339
vn -0.5574 0.4658 0.6873
vn -0.2802 0.4291 0.8587
vn -0.5044 0.8258 0.2525
vn -0.8453 0.2961 0.4448
vn -0.8481 0.2912 0.4426
vn -0.9405 0.3074 0.1449
vn -0.5351 0.7967 0.2810
vn -0.5093 0.8156 0.2745
vn -0.7639 0.3375 0.5501
vn -0.2276 0.4295 0.8739
vn -0.3226 0.6488 0.6892
vn -0.3083 0.6602 0.6849
vn -0.5689 0.7717 0.2843
vn -0.3818 0.6287 0.6775
vn -0.7284 0.6196 0.2924
vn -0.7558 0.5865 0.2913
vn -0.2456 0.8650 0.4376
vn -0.0884 0.5174 0.8512
vn -0.1911 0.4490 0.8729
vn -0.5756 0.4453 0.6859
vn -0.3422 0.7130 0.6120
vn -0.2779 0.6247 0.7297
vn -0.2962 0.5895 0.7515
vn -0.5303 0.4547 0.7156
vn -0.5985 0.7378 0.3123
vn -0.2493 0.4129 0.8760
vn -0.2172 0.4278 0.8774
vn -0.0473 0.5240 0.8504
vn -0.2989 0.4550 0.8388
vn -0.8819 0.4226 0.2090
vn -0.3407 0.7626 0.5498
vn -0.2815 0.5110 0.8122
vn -0.3445 0.7397 0.5780
vn -0.1210 0.5034 0.8555
vn -0.3103 0.7949 0.5214
vn -0.3084 0.7967 0.5198
vn -0.9198 0.3531 0.1713
vn -0.6779 0.3887 0.6240
vn -0.6746 0.3914 0.6259
vn -0.0778 0.5138 0.8544
vn -0.1347 0.9162 0.3775
vn -0.1391 0.9141 0.3808
vn -0.6591 0.6859 0.3083
vn -0.6360 0.7040 0.3161
vn -0.7998 0.5263 0.2887
vn -0.4269 0.5772 0.6961
vn -0.0028 0.9633 0.2685
vn -0.1478 0.4753 0.8673
vn -0.1451 0.4773 0.8667
vn -0.1897 0.8843 0.4266
vn -0.1917 0.8836 0.4273
vn -0.4824 0.8221 0.3025
vn -0.8240 0.5002 0.2663
vn -0.8343 0.4841 0.2637
vn -0.2756 0.6605 0.6984
vn -0.2857 0.4348 0.8540
vn -0.3558 0.6658 0.6558
vn -0.4181 0.8719 0.2548
vn -0.4846 0.4847 0.7282
vn -0.2809 0.5275 0.8018
vn -0.2653 0.5630 0.7827
vn -0.3310 0.7455 0.5786
vn -0.7201 0.6095 0.3316
vn -0.0160 0.9592 0.2823
vn -0.6305 0.7064 0.3217
vn -0.3513 0.7016 0.6199
vn -0.2104 0.4305 0.8777
vn -0.8220 0.3114 0.4769
vn -0.0176 0.5263 0.8501
vn -0.5309 0.4386 0.7251
vn -0.2822 0.4791 0.8312
vn -0.5274 0.4400 0.7268
vn -0.2567 0.6430 0.7216
vn -0.0592 0.5147 0.8554
vn -0.7527 0.5807 0.3101
vn -0.5198 0.7897 0.3259
vn -0.7811 0.5386 0.3159
vn -0.4580 0.5115 0.7270
vn -0.4438 0.5322 0.7210
vn -0.6033 0.4202 0.6778
vn -0.2550 0.4311 0.8655
vn -0.4243 0.8658 0.2652
vn -0.0132 0.5253 0.8508
vn -0.4886 0.4814 0.7277
vn -0.9396 0.3041 0.1571
vn -0.1189 0.4766 0.8711
vn -0.4859 0.8194 0.3042
vn -0.7820 0.5374 0.3157
vn -0.2615 0.4699 0.8431
vn -0.2830 0.5089 0.8130
vn -0.8017 0.3380 0.4929
vn -0.9095 0.3616 0.2051
vn -0.3123 0.7711 0.5548
vn -0.3746 0.8926 0.2510
vn -0.3017 0.7876 0.5374
vn -0.4941 0.4678 0.7328
vn -0.5162 0.4342 0.7382
vn -0.0754 0.9368 0.3418
vn -0.0721 0.9380 0.3392
vn -0.2421 0.8407 0.4844
vn -0.2465 0.8377 0.4873
vn -0.2510 0.5943 0.7640
vn -0.5693 0.7516 0.3331
vn -0.2655 0.5600 0.7848
vn -0.5827 0.7401 0.3356
vn -0.8336 0.4699 0.2902
vn -0.1031 0.4842 0.8688
vn -0.7976 0.5159 0.3126
vn -0.8931 0.3937 0.2176
vn -0.1670 0.4428 0.8809
vn -0.2462 0.4415 0.8628
vn -0.6311 0.4110 0.6579
vn -0.8577 0.3116 0.4090
vn -0.2276 0.4121 0.8822
vn -0.6693 0.6516 0.3570
vn -0.5276 0.7843 0.3264
vn -0.6157 0.7027 0.3565
vn -0.3339 0.7365 0.5883
vn -0.2410 0.6158 0.7501
vn -0.3305 0.7388 0.5874
vn -0.2514 0.5883 0.7686
vn -0.0099 0.5113 0.8594
vn -0.0419 0.5014 0.8642
vn -0.0066 0.9458 0.3248
vn -0.7320 0.3832 0.5634
vn -0.4111 0.8609 0.2998
vn -0.7051 0.6033 0.3726
vn -0.2215 0.4143 0.8828
vn -0.1543 0.8867 0.4358
vn -0.1441 0.8927 0.4269
vn -0.0819 0.9171 0.3901
vn -0.2383 0.6491 0.7224
vn -0.3878 0.5743 0.7210
vn -0.3874 0.5746 0.7209
vn -0.2578 0.4904 0.8325
vn -0.4983 0.4345 0.7503
vn -0.0834 0.4830 0.8716
vn -0.0786 0.4857 0.8706
vn -0.7603 0.3614 0.5397
vn -0.3652 0.6331 0.6826
vn -0.8737 0.4054 0.2689
vn -0.6661 0.6510 0.3639
vn -0.1524 0.4489 0.8805
vn -0.2270 0.6210 0.7502
vn -0.4466 0.4787 0.7559
vn -0.3153 0.9240 0.2162
vn -0.0345 0.5008 0.8649
vn -0.9184 0.3329 0.2137
vn -0.2524 0.4485 0.8574
vn -0.1802 0.4276 0.8858
vn -0.3462 0.6612 0.6655
vn -0.3366 0.6773 0.6542
vn -0.3741 0.8926 0.2515
vn -0.6493 0.6556 0.3855
vn -0.2457 0.5348 0.8085
vn -0.4902 0.4372 0.7541
vn -0.8054 0.4859 0.3395
vn -0.0827 0.9176 0.3888
vn -0.2691 0.4809 0.8345
vn -0.5678 0.4233 0.7060
vn -0.7388 0.5612 0.3731
vn -0.0650 0.4869 0.8710
vn -0.3315 0.7020 0.6304
vn -0.3199 0.7123 0.6247
vn -0.4830 0.4557 0.7477
vn -0.0350 0.9374 0.3464
vn -0.6826 0.4000 0.6116
vn -0.3077 0.7570 0.5764
vn -0.7398 0.5599 0.3730
vn -0.7843 0.5072 0.3573
vn -0.7701 0.5301 0.3549
vn -0.9105 0.3519 0.2169
vn -0.1307 0.4479 0.8845
vn -0.1203 0.4538 0.8829
vn -0.1446 0.8729 0.4661
vn -0.8158 0.3512 0.4595
vn -0.8212 0.3439 0.4554
vn -0.2501 0.4284 0.8683
vn -0.2264 0.6716 0.7055
vn -0.3473 0.6196 0.7039
vn -0.9493 0.2645 0.1702
vn -0.9495 0.2639 0.1700
vn -0.2020 0.8446 0.4957
vn -0.2015 0.8448 0.4956
vn -0.0800 0.4694 0.8793
vn -0.4401 0.4839 0.7564
vn -0.6370 0.6642 0.3913
vn -0.5928 0.4199 0.6872
vn -0.7826 0.3650 0.5043
vn -0.2134 0.4542 0.8650
vn -0.3907 0.5313 0.7517
vn -0.5690 0.7337 0.3713
vn -0.6366 0.4131 0.6513
vn -0.5130 0.7738 0.3716
vn -0.5362 0.7539 0.3796
vn -0.0207 0.4883 0.8724
vn -0.2290 0.5668 0.7914
vn -0.2471 0.5414 0.8036
vn -0.2227 0.4888 0.8435
vn -0.8119 0.4664 0.3510
vn -0.3309 0.9105 0.2478
vn -0.1997 0.4129 0.8886
vn -0.5895 0.7127 0.3803
vn -0.1789 0.4179 0.8907
vn -0.4654 0.4272 0.7752
vn -0.4705 0.8042 0.3633
vn -0.4835 0.7953 0.3657
vn -0.2566 0.7941 0.5509
vn -0.2447 0.8063 0.5386
vn -0.6715 0.6199 0.4060
vn -0.6899 0.6004 0.4044
vn -0.2160 0.4415 0.8709
vn -0.2202 0.5923 0.7750
vn -0.0902 0.8937 0.4396
vn -0.7329 0.5523 0.3974
vn -0.5351 0.4408 0.7207
vn -0.7024 0.5844 0.4063
vn -0.8828 0.3775 0.2797
vn -0.6806 0.4027 0.6120
vn -0.2007 0.4374 0.8766
vn -0.1305 0.4351 0.8909
vn -0.7205 0.4072 0.5614
vn -0.3642 0.8853 0.2891
vn -0.0937 0.4574 0.8843
vn -0.5804 0.7043 0.4089
vn -0.0330 0.4796 0.8768
vn -0.4095 0.8481 0.3361
vn -0.4372 0.8252 0.3575
vn -0.0367 0.9162 0.3990
vn -0.0277 0.9192 0.3929
vn -0.1994 0.6503 0.7330
vn -0.5124 0.4312 0.7427
vn -0.1796 0.4176 0.8907
vn -0.5346 0.4200 0.7334
vn -0.1668 0.4176 0.8932
vn -0.1767 0.4409 0.8800
vn -0.3923 0.8646 0.3139
vn -0.3122 0.7208 0.6189
vn -0.2029 0.6236 0.7549
vn -0.2207 0.5998 0.7691
vn -0.3132 0.6691 0.6740
vn -0.6249 0.4276 0.6532
vn -0.3818 0.5225 0.7624
vn -0.7709 0.3846 0.5078
vn -0.0848 0.8894 0.4493
vn -0.5310 0.7405 0.4120
vn -0.1911 0.4334 0.8807
vn -0.3144 0.7045 0.6362
vn -0.7263 0.4058 0.5548
vn -0.4390 0.4504 0.7774
vn -0.4453 0.4440 0.7775
vn -0.2131 0.4932 0.8434
vn -0.3211 0.9050 0.2789
vn -0.2145 0.5259 0.8230
vn -0.1957 0.5465 0.8143
vn -0.0469 0.4619 0.8857
vn -0.2843 0.7393 0.6104
vn -0.3492 0.5818 0.7346
vn -0.3499 0.5808 0.7350
vn -0.1569 0.8474 0.5072
vn -0.1657 0.8437 0.5107
vn -0.6102 0.6689 0.4246
vn -0.3987 0.4754 0.7842
vn -0.2509 0.7745 0.5807
vn -0.2452 0.7814 0.5738
vn -0.7260 0.5510 0.4114
vn -0.7470 0.5278 0.4043
vn -0.1421 0.4255 0.8937
vn -0.8762 0.3900 0.2832
vn -0.0810 0.4471 0.8908
vn -0.6494 0.6292 0.4271
vn -0.5726 0.4417 0.6907
vn -0.9659 0.2060 0.1567
vn -0.1936 0.6544 0.7309
vn -0.0033 0.9179 0.3968
vn -0.9157 0.3243 0.2374
vn -0.9210 0.3099 0.2358
vn -0.0330 0.4628 0.8859
vn -0.0270 0.4663 0.8842
vn -0.2084 0.8124 0.5446
vn -0.0920 0.4347 0.8959
vn -0.1877 0.4853 0.8540
vn -0.3814 0.8550 0.3514
vn -0.1967 0.5699 0.7979
vn -0.0664 0.4490 0.8911
vn -0.1027 0.8731 0.4766
vn -0.5240 0.7451 0.4127
vn -0.1526 0.5068 0.8485
vn -0.1980 0.4549 0.8683
vn -0.6749 0.4404 0.5921
vn -0.6836 0.4287 0.5907
vn -0.1700 0.6332 0.7551
vn -0.3145 0.6191 0.7196
vn -0.4398 0.4360 0.7851
vn -0.3047 0.6668 0.6801
vn -0.3258 0.6337 0.7016
vn -0.2777 0.9269 0.2524
vn -0.1554 0.4106 0.8985
vn -0.0105 0.4643 0.8856
vn -0.4631 0.4190 0.7810
vn -0.4494 0.4291 0.7835
vn -0.5474 0.7146 0.4355
vn -0.0963 0.4332 0.8961
vn -0.1735 0.6044 0.7776
vn -0.1581 0.4293 0.8892
vn -0.1783 0.4132 0.8930
vn -0.6617 0.5980 0.4523
vn -0.6780 0.5796 0.4521
vn -0.9518 0.2478 0.1806
vn -0.1627 0.5315 0.8313
vn -0.2527 0.9417 0.2221
vn -0.2888 0.7258 0.6244
vn -0.5818 0.4512 0.6767
vn -0.7756 0.4812 0.4085
vn -0.0507 0.8885 0.4560
vn -0.0422 0.8929 0.4484
vn -0.1770 0.6256 0.7598
vn -0.4926 0.4174 0.7636
vn -0.4740 0.4324 0.7670
vn -0.2938 0.6853 0.6664
vn -0.2858 0.6880 0.6671
vn -0.1848 0.4633 0.8667
vn -0.7987 0.4475 0.4022
vn -0.1638 0.5428 0.8237
vn -0.1311 0.4097 0.9028
vn -0.1231 0.4131 0.9023
vn -0.4133 0.8233 0.3890
vn -0.4004 0.8329 0.3820
vn -0.3529 0.8871 0.2975
vn -0.9431 0.2513 0.2176
vn -0.5459 0.7136 0.4390
vn -0.4803 0.7697 0.4206
vn -0.4643 0.7833 0.4134
vn -0.1359 0.4294 0.8928
vn -0.0451 0.4385 0.8976
vn -0.2377 0.7564 0.6094
vn -0.2509 0.7464 0.6164
vn -0.4899 0.7469 0.4496
vn -0.3009 0.6281 0.7176
vn -0.6355 0.6292 0.4475
vn -0.3832 0.4793 0.7896
vn -0.3797 0.4843 0.7882
vn -0.1508 0.5739 0.8049
vn -0.5395 0.4406 0.7175
vn -0.1466 0.6104 0.7784
vn -0.1108 0.4122 0.9043
vn -0.6019 0.6507 0.4630
vn -0.5997 0.6542 0.4608
vn -0.0272 0.4437 0.8958
vn -0.8842 0.3574 0.3008
vn -0.1494 0.4536 0.8786
vn -0.8799 0.3659 0.3032
vn -0.1353 0.4674 0.8736
vn -0.4182 0.4200 0.8054
vn -0.2786 0.7098 0.6469
vn -0.0605 0.4246 0.9033
vn -0.3145 0.9066 0.2815
vn -0.1646 0.8033 0.5724
vn -0.1656 0.8028 0.5728
vn -0.0410 0.8749 0.4825
vn -0.1525 0.5778 0.8018
vn -0.3417 0.5323 0.7745
vn -0.3416 0.5324 0.7745
vn -0.6323 0.4541 0.6277
vn -0.6328 0.4536 0.6276
vn -0.0134 0.4406 0.8976
vn -0.0516 0.4275 0.9026
vn -0.4100 0.4499 0.7934
vn -0.0930 0.4085 0.9080
vn -0.7043 0.5378 0.4635
vn -0.6946 0.5467 0.4676
vn -0.3778 0.8551 0.3550
vn -0.3128 0.5847 0.7485
vn -0.0951 0.8487 0.5203
vn -0.1024 0.8450 0.5249
vn -0.1326 0.6186 0.7744
vn -0.7359 0.5027 0.4535
vn -0.0669 0.4183 0.9058
vn -0.6343 0.6005 0.4869
vn -0.4231 0.4172 0.8044
vn -0.0292 0.4235 0.9054
vn -0.1299 0.4926 0.8605
vn -0.1228 0.5018 0.8562
vn -0.1212 0.4192 0.8998
vn -0.1142 0.4237 0.8986
vn -0.1358 0.5304 0.8368
vn -0.7702 0.4701 0.4311
vn -0.0140 0.4250 0.9051
vn -0.6938 0.4517 0.5609
vn -0.2233 0.6779 0.7004
vn -0.2872 0.6632 0.6911
vn -0.2654 0.9305 0.2524
vn -0.2788 0.9246 0.2596
vn -0.1187 0.5873 0.8006
vn -0.1140 0.5852 0.8029
vn -0.1207 0.5803 0.8054
vn -0.8508 0.3827 0.3600
vn -0.7028 0.5122 0.4937
vn -0.9652 0.1900 0.1795
vn -0.3048 0.5755 0.7589
vn -0.1121 0.5510 0.8269
vn -0.0965 0.4578 0.8838
vn -0.3234 -0.5515 0.7690
vn -0.3153 -0.3475 0.8831
vn -0.2307 -0.5218 0.8212
vn -0.3118 -0.3796 0.8710
vn -0.3104 -0.3544 0.8821
vn -0.2839 -0.5098 0.8121
vn -0.2845 -0.5285 0.7998
vn -0.1880 -0.5284 0.8279
vn -0.1100 -0.3662 0.9240
vn -0.0692 -0.3786 0.9230
vn -0.1544 -0.3918 0.9070
vn -0.1466 -0.3543 0.9236
vn -0.6303 -0.6050 0.4865
vn -0.6839 -0.5214 0.5103
vn -0.6586 -0.5741 0.4866
vn -0.1379 -0.5202 0.8428
vn -0.1384 -0.5248 0.8399
vn -0.6935 -0.4863 0.5316
vn -0.6661 -0.5228 0.5319
vn -0.6299 -0.6016 0.4911
vn -0.2411 -0.5482 0.8008
vn -0.9080 -0.4084 0.0933
vn -0.2119 -0.5489 0.8086
vn -0.8575 -0.4975 0.1312
vn -0.8551 -0.4863 0.1797
vn -0.1786 -0.5446 0.8194
vn -0.8347 -0.5060 0.2172
vn -0.8406 -0.4941 0.2218
vn -0.0985 -0.3411 0.9348
vn -0.8107 -0.5281 0.2526
vn -0.0481 -0.3457 0.9371
vn -0.6792 -0.6107 0.4071
vn -0.8325 -0.4828 0.2717
vn -0.9077 -0.4197 -0.0049
vn -0.8757 -0.4828 -0.0058
vn -0.6938 -0.5910 0.4114
vn -0.7666 -0.5716 0.2926
vn -0.7956 -0.5275 0.2979
vn -0.1935 -0.9745 0.1140
vn -0.9356 -0.3505 0.0437
vn -0.9349 -0.3522 0.0434
vn -0.8427 -0.3984 0.3622
vn -0.8509 -0.5236 0.0427
vn -0.8493 -0.5262 0.0421
vn -0.8394 -0.3638 0.4039
vn -0.8206 -0.4009 0.4073
vn -0.7929 -0.3469 0.5010
vn -0.8707 -0.4837 0.0885
vn -0.9389 -0.3231 0.1189
vn -0.8278 -0.5517 0.1020
vn -0.7591 -0.4044 0.5101
vn -0.9091 -0.3928 0.1389
vn -0.7260 -0.4887 0.4838
vn -0.7312 -0.4743 0.4903
vn -0.8267 -0.5416 0.1524
vn -0.7651 -0.3372 0.5485
vn -0.9188 -0.3455 0.1908
vn -0.9113 -0.3678 0.1852
vn -0.7341 -0.3674 0.5711
vn -0.9032 -0.3552 0.2410
vn -0.9006 -0.3637 0.2381
vn -0.8831 -0.3715 0.2866
vn -0.8848 -0.3656 0.2888
vn -0.8649 -0.3703 0.3389
vn -0.8625 -0.3800 0.3342
vn -0.8562 -0.3746 0.3558
vn -0.2010 -0.3688 0.9075
vn -0.7640 -0.5464 0.3433
vn -0.7417 -0.5893 0.3204
vn -0.7607 -0.5342 0.3687
vn -0.0562 -0.5259 0.8487
vn -0.8101 -0.3737 0.4517
vn -0.8096 -0.3760 0.4507
vn -0.7277 -0.5765 0.3716
vn -0.7327 -0.5476 0.4040
vn -0.0236 -0.4085 0.9125
vn -0.0249 -0.4857 0.8738
vn -0.6563 -0.5828 0.4793
vn -0.8305 -0.5225 0.1929
vn -0.7024 -0.3815 0.6009
vn -0.7032 -0.3758 0.6036
vn -0.6886 -0.5659 0.4535
vn -0.6488 -0.5103 0.5644
vn -0.6419 -0.5352 0.5491
vn -0.6708 -0.5901 0.4492
vn -0.7334 -0.3802 0.5636
vn -0.6729 -0.3653 0.6432
vn -0.6725 -0.3693 0.6414
vn -0.6128 -0.5322 0.5842
vn -0.6134 -0.5292 0.5862
vn -0.2490 -0.3948 0.8844
vn -0.2465 -0.3816 0.8908
vn -0.6341 -0.3829 0.6718
vn -0.6346 -0.3595 0.6841
vn -0.5820 -0.5395 0.6085
vn -0.5771 -0.5476 0.6059
vn -0.2049 -0.3852 0.8998
vn -0.5358 -0.5859 0.6080
vn -0.5960 -0.3786 0.7081
vn -0.5960 -0.3938 0.6998
vn -0.1039 -0.5077 0.8552
vn -0.5345 -0.5578 0.6350
vn -0.5747 -0.3658 0.7321
vn -0.0879 -0.5342 0.8408
vn -0.5055 -0.5883 0.6311
vn -0.0646 -0.5143 0.8552
vn -0.5511 -0.3956 0.7347
vn -0.4949 -0.5467 0.6754
vn -0.5017 -0.5055 0.7020
vn -0.5424 -0.3353 0.7703
vn -0.4885 -0.4097 0.7704
vn -0.4882 -0.3951 0.7782
vn -0.4502 -0.5456 0.7069
vn -0.4506 -0.5418 0.7096
vn -0.7453 -0.4800 0.4627
vn -0.7888 -0.3890 0.4759
vn -0.4619 -0.3629 0.8093
vn -0.3903 -0.5805 0.7146
vn -0.4295 -0.3619 0.8274
vn -0.4309 -0.3835 0.8169
vn -0.3847 -0.5425 0.7468
vn -0.3859 -0.5347 0.7518
vn -0.3773 -0.3589 0.8537
vn -0.3789 -0.3863 0.8409
vn -0.3537 -0.4924 0.7953
vn -0.9523 0.3052 0.0024
vn -0.9478 0.3187 -0.0026
vn -0.9324 0.3615 0.0024
vn -0.0522 -0.9986 -0.0042
vn -0.0355 -0.9994 0.0004
vn -0.9184 0.3957 -0.0000
vn -0.9152 0.4029 -0.0026
vn -0.0769 -0.9970 0.0007
vn -0.1415 -0.9899 -0.0030
vn -0.1128 -0.9936 0.0014
vn -0.8949 0.4463 0.0013
vn -0.8860 0.4636 -0.0025
vn -0.1542 -0.9880 -0.0002
vn -0.8751 0.4840 0.0014
vn -0.8554 0.5180 0.0016
vn -0.1968 -0.9804 0.0014
vn -0.2248 -0.9744 -0.0051
vn -0.8459 0.5333 -0.0033
vn -0.2480 -0.9688 0.0016
vn -0.8323 0.5543 0.0009
vn -0.8073 0.5902 -0.0016
vn -0.8102 0.5862 -0.0037
vn -0.2884 -0.9575 0.0019
vn -0.3238 -0.9461 -0.0049
vn -0.3213 -0.9470 -0.0038
vn -0.7796 0.6262 0.0055
vn -0.3585 -0.9335 0.0006
vn -0.7462 0.6657 -0.0040
vn -0.7441 0.6680 -0.0047
vn -0.3908 -0.9205 -0.0015
vn -0.4025 -0.9154 -0.0050
vn -0.7293 0.6842 0.0005
vn -0.4267 -0.9044 0.0010
vn -0.6990 0.7151 0.0027
vn -0.6740 0.7387 -0.0040
vn -0.4818 -0.8763 0.0005
vn -0.4851 -0.8744 -0.0021
vn -0.6654 0.7465 -0.0007
vn -0.6346 0.7728 0.0015
vn -0.6092 0.7930 -0.0045
vn -0.5501 -0.8351 -0.0003
vn -0.6003 0.7998 -0.0001
vn -0.5457 -0.8379 -0.0038
vn -0.5882 -0.8087 0.0010
vn -0.5526 0.8334 0.0024
vn -0.6165 -0.7874 -0.0052
vn -0.5250 0.8511 -0.0072
vn -0.6184 -0.7858 -0.0043
vn -0.5072 0.8619 -0.0002
vn -0.4710 0.8821 0.0039
vn -0.6532 -0.7572 0.0014
vn -0.6857 -0.7279 -0.0060
vn -0.4421 0.8970 0.0013
vn -0.6730 -0.7397 -0.0009
vn -0.4151 0.9097 -0.0078
vn -0.7000 -0.7142 -0.0009
vn -0.4019 0.9157 -0.0017
vn -0.7298 -0.6836 -0.0009
vn -0.3549 0.9349 0.0044
vn -0.7397 -0.6730 -0.0047
vn -0.7652 -0.6437 0.0004
vn -0.3341 0.9425 0.0031
vn -0.7848 -0.6197 -0.0047
vn -0.3010 0.9536 -0.0054
vn -0.2867 0.9580 -0.0012
vn -0.7895 -0.6138 -0.0020
vn -0.2428 0.9701 0.0039
vn -0.8147 -0.5798 0.0027
vn -0.2087 0.9780 -0.0032
vn -0.8424 -0.5388 -0.0075
vn -0.1852 0.9827 0.0013
vn -0.8468 -0.5319 -0.0038
vn -0.1390 0.9903 -0.0019
vn -0.1399 0.9902 -0.0017
vn -0.8612 -0.5082 0.0016
vn -0.1007 0.9949 0.0024
vn -0.8921 -0.4518 -0.0014
vn -0.0459 0.9989 -0.0040
vn -0.0585 0.9983 -0.0005
vn -0.9026 -0.4304 -0.0104
vn -0.9113 -0.4117 -0.0010
vn -0.9248 -0.3804 0.0028
vn -0.9492 -0.3146 -0.0058
vn -0.9473 -0.3202 -0.0043
vn -0.9597 -0.2812 0.0001
vn -0.9714 -0.2374 0.0008
vn -0.9767 -0.2144 -0.0043
vn -0.9805 -0.1965 0.0005
vn -0.9894 -0.1452 -0.0005
vn -0.9911 -0.1333 -0.0046
vn -0.9949 -0.1010 0.0035
vn -0.9985 -0.0551 -0.0009
vn -0.9987 -0.0500 -0.0020
vn -0.9997 -0.0245 0.0006
vn -1.0000 0.0083 -0.0007
vn -0.9999 0.0133 -0.0017
vn -0.9963 0.0859 -0.0017
vn -0.9957 0.0929 -0.0036
vn -0.9914 0.1309 0.0022
vn -0.9857 0.1686 -0.0007
vn -0.9838 0.1791 -0.0035
vn -0.9808 0.1948 -0.0004
vn -0.9704 0.2416 0.0012
vn -0.5156 0.0641 -0.8544
vn -0.0000 -0.0000 -1.0000
vn 0.0004 -0.0002 -1.0000
vn 0.0001 0.0001 -1.0000
vn 0.0001 0.0002 -1.0000
vn 0.0001 -0.0000 -1.0000
vn -0.0001 -0.0001 -1.0000
vn -0.0000 1.0000 -0.0000
vn 0.0006 1.0000 -0.0014
vn 0.0001 1.0000 -0.0001
vn -0.0001 1.0000 -0.0003
vn -0.0001 1.0000 -0.0008
vn -0.0000 1.0000 0.0001
vn -0.0000 1.0000 -0.0001
vn 0.0004 1.0000 -0.0000
vn -0.0002 1.0000 -0.0000
vn 0.0008 1.0000 -0.0000
vn -0.0001 1.0000 -0.0000
vn 0.0001 1.0000 0.0001
vn 0.0024 0.9996 -0.0292
vn 0.0003 1.0000 -0.0000
vn -0.0002 1.0000 -0.0001
vn 0.0013 1.0000 -0.0001
vn -0.0001 1.0000 -0.0001
vn 0.0002 1.0000 -0.0013
vn -0.0005 1.0000 -0.0004
vn -0.0023 1.0000 0.0005
vn 0.0011 1.0000 -0.0003
vn 0.0004 1.0000 -0.0013
vn 0.0004 1.0000 -0.0008
vn -0.0002 1.0000 -0.0003
vn -0.0001 1.0000 0.0001
vn 0.0005 1.0000 -0.0003
vn 0.0003 1.0000 -0.0002
vn -0.0011 1.0000 0.0035
vn -0.0022 1.0000 0.0021
vn 0.0006 1.0000 -0.0005
vn 0.8405 0.5418 -0.0072
vn 0.9858 0.1681 -0.0013
vn 0.9817 0.1902 0.0024
vn 0.8965 0.4430 -0.0055
vn 0.8929 0.4503 -0.0024
vn 0.9842 -0.1770 -0.0047
vn 0.9098 0.4150 0.0014
vn 0.9260 0.3775 0.0022
vn 0.9376 0.3476 -0.0048
vn 0.9441 0.3295 0.0020
vn 0.9801 -0.1985 0.0041
vn 0.9726 -0.2323 -0.0043
vn 0.9592 0.2826 0.0017
vn 0.9685 0.2491 -0.0036
vn 0.9716 0.2365 -0.0070
vn 0.9749 0.2226 0.0002
vn 0.9590 -0.2836 -0.0014
vn 0.9438 -0.3307 0.0002
vn 0.9996 -0.0291 -0.0006
vn 0.9916 -0.1297 -0.0007
vn 0.9862 -0.1658 -0.0007
vn 0.9787 -0.2052 -0.0054
vn 0.9708 -0.2400 -0.0017
vn 0.9614 -0.2752 0.0002
vn 0.9338 -0.3576 -0.0087
vn 0.9290 -0.3702 -0.0016
vn 0.9130 -0.4079 0.0047
vn 0.8877 -0.4603 -0.0031
vn 0.8850 -0.4656 -0.0064
vn 0.8663 -0.4994 0.0019
vn 0.8444 -0.5357 0.0011
vn 0.8317 -0.5552 -0.0082
vn 0.8146 -0.5801 0.0020
vn 0.7867 -0.6173 0.0024
vn 0.7698 -0.6382 -0.0081
vn 0.7541 -0.6567 0.0008
vn 0.7244 -0.6894 0.0003
vn 0.7056 -0.7086 -0.0035
vn 0.7011 -0.7131 -0.0064
vn 0.6744 -0.7384 0.0013
vn 0.6450 -0.7642 -0.0037
vn 0.6414 -0.7672 -0.0054
vn 0.6220 -0.7830 0.0004
vn 0.5865 -0.8099 0.0014
vn 0.5610 -0.8278 -0.0070
vn 0.5307 -0.8476 0.0048
vn 0.4820 -0.8761 -0.0012
vn 0.4740 -0.8805 -0.0066
vn 0.4473 -0.8944 0.0013
vn 0.4103 -0.9120 0.0009
vn 0.3917 -0.9201 -0.0036
vn 0.3798 -0.9251 -0.0007
vn 0.3505 -0.9366 -0.0000
vn 0.3301 -0.9440 -0.0029
vn 0.3136 -0.9495 0.0001
vn 0.2828 -0.9592 0.0005
vn 0.2505 -0.9681 -0.0046
vn 0.2503 -0.9681 -0.0045
vn 0.2203 -0.9754 0.0021
vn 0.0244 0.9997 -0.0019
vn 0.1852 -0.9827 0.0041
vn 0.0507 0.9987 0.0015
vn 0.0896 0.9960 0.0010
vn 0.1364 -0.9906 -0.0055
vn 0.1457 -0.9893 -0.0023
vn 0.1127 0.9936 -0.0039
vn 0.1171 -0.9931 -0.0010
vn 0.1312 0.9914 0.0010
vn 0.0909 -0.9959 0.0015
vn 0.1714 0.9852 0.0005
vn 0.0568 -0.9984 0.0009
vn 0.0353 -0.9994 -0.0038
vn 0.1984 0.9801 -0.0030
vn 0.0137 -0.9999 0.0011
vn 0.1949 0.9808 -0.0017
vn 0.9999 0.0123 -0.0016
vn 0.9998 -0.0059 -0.0195
vn 0.2453 0.9694 0.0030
vn 0.2871 0.9579 -0.0036
vn 0.9998 -0.0179 -0.0041
vn 0.3402 0.9403 0.0027
vn 0.3783 0.9257 -0.0045
vn 0.3830 0.9237 -0.0022
vn 0.4089 0.9126 0.0014
vn 0.9973 0.0727 -0.0036
vn 0.4511 0.8925 -0.0004
vn 0.4640 0.8858 -0.0058
vn 0.4851 0.8744 0.0006
vn 0.5196 0.8544 0.0013
vn 0.5473 0.8369 -0.0047
vn 0.5492 0.8357 -0.0040
vn 0.5738 0.8190 0.0010
vn 0.6022 0.7984 0.0012
vn 1.0000 0.0010 0.0026
vn 0.6270 0.7790 -0.0034
vn 0.6259 0.7799 -0.0028
vn 0.9924 -0.1234 -0.0036
vn 0.6658 0.7461 0.0033
vn 0.6957 0.7183 -0.0037
vn 0.7023 0.7119 -0.0008
vn 0.7500 0.6614 -0.0025
vn 0.7383 0.6745 0.0019
vn 0.7689 0.6394 0.0010
vn 0.7869 0.6171 -0.0006
vn 0.7931 0.6091 -0.0038
vn 0.8123 0.5832 0.0033
vn 0.8461 0.5331 -0.0032
vn 0.1496 -0.3539 0.9233
vn 0.1512 -0.3283 0.9324
vn 0.1411 -0.3822 0.9132
vn 0.5169 -0.4046 0.7544
vn 0.5110 -0.3799 0.7711
vn 0.0870 -0.5239 0.8473
vn 0.0894 -0.5167 0.8515
vn 0.0852 -0.3957 0.9144
vn 0.4909 -0.3966 0.7757
vn 0.0978 -0.3396 0.9355
vn 0.0877 -0.3336 0.9386
vn 0.4807 -0.3691 0.7954
vn 0.4497 -0.3926 0.8023
vn 0.4497 -0.3934 0.8019
vn 0.0354 -0.5385 0.8419
vn 0.0447 -0.4994 0.8652
vn -0.0011 -0.5582 0.8297
vn 0.4288 -0.3627 0.8274
vn 0.0370 -0.4333 0.9005
vn 0.4028 -0.3950 0.8257
vn 0.0131 -0.3507 0.9364
vn 0.8438 -0.5347 0.0455
vn 0.9340 -0.3511 0.0665
vn 0.9096 -0.4059 0.0884
vn 0.9059 -0.4032 0.1297
vn 0.2347 -0.3660 0.9005
vn 0.8715 -0.4562 0.1800
vn 0.8606 -0.4718 0.1918
vn 0.2034 -0.3847 0.9003
vn 0.8612 -0.4655 0.2040
vn 0.8298 -0.5160 0.2126
vn 0.8461 -0.3766 0.3772
vn 0.8851 -0.2832 0.3693
vn 0.7423 -0.5351 0.4033
vn 0.7534 -0.4990 0.4282
vn 0.7327 -0.5193 0.4398
vn 0.8083 -0.3121 0.4992
vn 0.7394 -0.4658 0.4861
vn 0.7058 -0.5249 0.4758
vn 0.9211 -0.3885 0.0264
vn 0.9201 -0.3907 0.0276
vn 0.7298 -0.4133 0.5446
vn 0.6885 -0.5089 0.5167
vn 0.8637 -0.4983 0.0750
vn 0.9206 -0.3756 0.1068
vn 0.6635 -0.5133 0.5444
vn 0.7130 -0.3820 0.5880
vn 0.6386 -0.5478 0.5404
vn 0.8332 -0.5358 0.1366
vn 0.6444 -0.5114 0.5686
vn 0.9213 -0.3585 0.1508
vn 0.6917 -0.3871 0.6097
vn 0.9201 -0.3541 0.1674
vn 0.6147 -0.5339 0.5805
vn 0.6159 -0.5192 0.5926
vn 0.6624 -0.3919 0.6385
vn 0.5939 -0.5345 0.6013
vn 0.5961 -0.5141 0.6168
vn 0.9040 -0.3570 0.2354
vn 0.6402 -0.3864 0.6640
vn 0.8211 -0.5125 0.2512
vn 0.8709 -0.4047 0.2790
vn 0.8844 -0.3768 0.2755
vn 0.5391 -0.5228 0.6604
vn 0.5226 -0.5447 0.6559
vn 0.5885 -0.3704 0.7187
vn 0.7986 -0.5114 0.3174
vn 0.8693 -0.3789 0.3173
vn 0.5195 -0.5126 0.6836
vn 0.8793 -0.3459 0.3274
vn 0.5596 -0.3910 0.7307
vn 0.4973 -0.5264 0.6897
vn 0.7645 -0.5397 0.3525
vn 0.5014 -0.4761 0.7225
vn 0.7814 -0.4829 0.3954
vn 0.8356 -0.3556 0.4188
vn 0.8283 -0.3711 0.4197
vn 0.4331 -0.4659 0.7716
vn 0.2007 -0.2175 0.9552
vn 0.3757 -0.5117 0.7727
vn 0.2289 -0.5290 0.8172
vn 0.2274 -0.5227 0.8216
vn 0.7996 -0.4864 0.3522
vn 0.2436 -0.3969 0.8849
vn 0.1978 -0.5294 0.8250
vn 0.8175 -0.3611 0.4487
vn 0.1825 -0.5571 0.8101
vn 0.7969 -0.3994 0.4532
vn 0.2004 -0.3930 0.8974
vn 0.7931 -0.3682 0.4851
vn 0.7511 -0.4566 0.4768
vn 0.1613 -0.5180 0.8400
vn 0.7448 -0.3527 0.5664
vn 0.7672 -0.3001 0.5669
vn 0.7354 -0.3454 0.5829
vn 0.7583 -0.3959 0.5179
vn 0.6748 -0.5486 0.4937
vn 0.7879 -0.2977 0.5391
vn 0.7945 -0.2807 0.5385
vn -0.1332 0.9873 -0.0870
vn 0.5623 -0.5316 0.6334
vn 0.5619 -0.5337 0.6320
vn 0.7045 -0.3676 0.6071
vn 0.4389 -0.5801 0.6862
vn 0.4401 -0.5306 0.7244
vn 0.4295 -0.5314 0.7302
vn 0.6815 -0.3593 0.6375
vn 0.3353 -0.5517 0.7637
vn 0.3790 -0.5405 0.7512
vn 0.3906 -0.3489 0.8518
vn 0.6494 -0.3704 0.6642
vn 0.3319 -0.4813 0.8113
vn 0.3424 -0.4012 0.8496
vn 0.3508 -0.3789 0.8564
vn 0.1855 -0.4074 0.8942
vn 0.6154 -0.3767 0.6924
vn 0.2636 -0.5544 0.7894
vn 0.2775 -0.5199 0.8079
vn 0.6155 -0.3725 0.6946
vn 0.2983 -0.3249 0.8974
vn 0.2940 -0.3661 0.8829
vn 0.2978 -0.3542 0.8865
vn 0.5883 -0.3708 0.7187
vn 0.1377 -0.5233 0.8409
vn 0.5538 -0.3526 0.7543
vn 0.1332 -0.5356 0.8339
vn 0.6284 -0.4889 -0.6051
vn 0.7901 -0.5838 -0.1868
vn 0.5926 -0.5187 -0.6163
vn 0.5948 -0.5062 -0.6245
vn 0.7674 -0.6061 -0.2089
vn 0.7908 -0.5793 -0.1977
vn 0.5619 -0.5112 -0.6503
vn 0.8662 -0.4988 -0.0298
vn 0.8149 -0.4984 -0.2959
vn 0.8383 -0.4107 -0.3586
vn 0.7435 -0.6017 -0.2918
vn 0.9463 -0.2645 -0.1860
vn 0.8301 -0.4432 -0.3384
vn 0.9084 -0.3775 -0.1797
vn 0.7432 -0.5950 -0.3059
vn 0.7848 -0.5213 -0.3351
vn 0.8619 -0.4560 -0.2220
vn 0.7828 -0.5064 -0.3615
vn 0.9081 -0.3192 -0.2710
vn 0.8338 -0.4876 -0.2589
vn 0.7731 -0.4866 -0.4070
vn 0.5785 -0.4874 -0.6541
vn 0.8359 -0.3101 -0.4529
vn 0.7840 -0.4426 -0.4352
vn 0.7726 -0.4792 -0.4165
vn 0.7064 -0.5760 -0.4114
vn 0.6922 -0.5687 -0.4444
vn 0.9568 -0.2900 -0.0203
vn 0.9116 -0.4112 0.0016
vn 0.6632 -0.5694 -0.4857
vn 0.7108 -0.4360 -0.5520
vn 0.9111 -0.4000 -0.0996
vn 0.6360 -0.5736 -0.5163
vn 0.9424 -0.3079 -0.1305
vn 0.9351 -0.3303 -0.1286
vn 0.6780 -0.4385 -0.5899
vn 0.8822 -0.4474 -0.1464
vn 0.6120 -0.5697 -0.5485
vn 0.8976 -0.3050 -0.3183
vn 0.8405 -0.4371 -0.3202
vn 0.5490 -0.6223 -0.5580
vn 0.5548 -0.5967 -0.5798
vn 0.8090 -0.4483 -0.3803
vn 0.8112 -0.4374 -0.3881
vn 0.8506 -0.3304 -0.4091
vn 0.5220 -0.6105 -0.5957
vn 0.5344 -0.5513 -0.6407
vn 0.5306 -0.5080 -0.6785
vn 0.4995 -0.5496 -0.6696
vn 0.4853 -0.5661 -0.6664
vn 0.4739 -0.5471 -0.6900
vn 0.4441 -0.5729 -0.6889
vn 0.9375 -0.3435 -0.0567
vn 0.9447 -0.3214 -0.0651
vn 0.8597 -0.5066 -0.0652
vn 0.8429 -0.5082 -0.1769
vn 0.8888 -0.4128 -0.1990
vn 0.9374 -0.2391 -0.2532
vn 0.9126 -0.3447 -0.2200
vn 0.8946 -0.3928 -0.2133
vn 0.8530 -0.4555 -0.2549
vn 0.4391 -0.5382 -0.7194
vn 0.3751 -0.6164 -0.6923
vn 0.8310 -0.4897 -0.2640
vn 0.8963 -0.3201 -0.3068
vn 0.3749 -0.6105 -0.6977
vn 0.8145 -0.5122 -0.2724
vn 0.3478 -0.5873 -0.7308
vn 0.2626 -0.6629 -0.7012
vn 0.7730 -0.4416 -0.4555
vn 0.7192 -0.5398 -0.4375
vn 0.7753 -0.4261 -0.4662
vn 0.7539 -0.4467 -0.4818
vn 0.7154 -0.5390 -0.4445
vn 0.7530 -0.4419 -0.4876
vn 0.0805 -0.5652 -0.8210
vn 0.0389 -0.5893 -0.8070
vn 0.0336 -0.5684 -0.8221
vn 0.7304 -0.4666 -0.4988
vn 0.8721 -0.4892 -0.0144
vn 0.7248 -0.4649 -0.5085
vn 0.7537 -0.4251 -0.5012
vn 0.8787 -0.4751 -0.0473
vn 0.6704 -0.5423 -0.5065
vn 0.7053 -0.4731 -0.5279
vn 0.8755 -0.4728 -0.0999
vn 0.8582 -0.5061 -0.0862
vn 0.6731 -0.4828 -0.5601
vn 0.8424 -0.5253 -0.1198
vn 0.6421 -0.5491 -0.5350
vn 0.7326 -0.6701 -0.1193
vn 0.8760 -0.4598 -0.1457
vn 0.8484 -0.5064 -0.1543
vn 0.6142 -0.5480 -0.5679
vn 0.6280 -0.5134 -0.5849
vn 0.4341 0.6163 0.6571
vn 0.4462 0.6061 0.6584
vn 0.9727 0.1227 0.1971
vn 0.0330 0.6703 0.7413
vn 0.0269 0.6724 0.7397
vn 0.6852 0.4593 0.5653
vn 0.0533 0.6327 0.7725
vn 0.3736 0.7827 0.4978
vn 0.3900 0.7549 0.5273
vn 0.2382 0.9211 0.3079
vn 0.2013 0.5014 0.8415
vn 0.1777 0.5230 0.8336
vn 0.3941 0.6089 0.6884
vn 0.2239 0.4837 0.8461
vn 0.2693 0.4281 0.8627
vn 0.3780 0.4955 0.7820
vn 0.1553 0.5274 0.8353
vn 0.3748 0.5752 0.7271
vn 0.0988 0.5821 0.8071
vn 0.0991 0.5812 0.8077
vn 0.6427 0.4725 0.6031
vn 0.0527 0.6228 0.7806
vn 0.6234 0.4915 0.6081
vn 0.3295 0.8450 0.4211
vn 0.0258 0.6719 0.7402
vn 0.1675 0.9508 0.2608
vn 0.1723 0.9490 0.2640
vn 0.2429 0.4597 0.8542
vn 0.3587 0.8087 0.4661
vn 0.3010 0.8739 0.3817
vn 0.5037 0.6422 0.5778
vn 0.4029 0.7402 0.5383
vn 0.3785 0.6304 0.6778
vn 0.2595 0.4222 0.8685
vn 0.3444 0.4922 0.7995
vn 0.3189 0.5098 0.7990
vn 0.2526 0.9066 0.3381
vn 0.6423 0.4628 0.6110
vn 0.3306 0.4278 0.8412
vn 0.3284 0.4503 0.8303
vn 0.7475 0.4054 0.5262
vn 0.3059 0.4088 0.8598
vn 0.7771 0.3750 0.5054
vn 0.7190 0.4238 0.5509
vn 0.1022 0.9734 0.2051
vn 0.1095 0.9714 0.2108
vn 0.3351 0.5699 0.7503
vn 0.3457 0.5606 0.7524
vn 0.9478 0.1640 0.2735
vn 0.9465 0.1686 0.2751
vn 0.2981 0.8705 0.3916
vn 0.2005 0.4791 0.8545
vn 0.3901 0.6537 0.6484
vn 0.0872 0.5568 0.8261
vn 0.0918 0.5520 0.8288
vn 0.2254 0.4475 0.8654
vn 0.0361 0.6027 0.7972
vn 0.2450 0.8994 0.3621
vn 0.1263 0.5316 0.8376
vn 0.1366 0.5256 0.8397
vn 0.3615 0.7818 0.5080
vn 0.3677 0.7782 0.5091
vn 0.1683 0.5044 0.8469
vn 0.2965 0.4198 0.8578
vn 0.3338 0.6109 0.7179
vn 0.4723 0.6378 0.6084
vn 0.3921 0.7079 0.5874
vn 0.6634 0.4485 0.5989
vn 0.0429 0.5840 0.8106
vn 0.7257 0.3963 0.5624
vn 0.6799 0.4306 0.5936
vn 0.3240 0.8346 0.4455
vn 0.5304 0.5707 0.6270
vn 0.2864 0.4111 0.8654
vn 0.0473 0.9841 0.1710
vn 0.5838 0.4931 0.6449
vn 0.6264 0.4807 0.6136
vn 0.0074 0.6079 0.7940
vn 0.3751 0.7493 0.5457
vn 0.3334 0.6113 0.7178
vn 0.2936 0.5023 0.8133
vn 0.3151 0.4840 0.8164
vn 0.0554 0.5439 0.8373
vn 0.3396 0.6469 0.6828
vn 0.7231 0.3986 0.5641
vn 0.0380 0.5671 0.8228
vn 0.3017 0.5685 0.7654
vn 0.9030 0.2237 0.3668
vn 0.3176 0.5581 0.7666
vn 0.0940 0.5201 0.8489
vn 0.1967 0.4578 0.8671
vn 0.1928 0.4616 0.8659
vn 0.9174 0.1950 0.3470
vn 0.2881 0.6022 0.7445
vn 0.5983 0.4687 0.6498
vn 0.2315 0.4312 0.8721
vn 0.2690 0.4085 0.8722
vn 0.2613 0.4116 0.8731
vn 0.2922 0.4562 0.8406
vn 0.3023 0.4397 0.8457
vn 0.1847 0.9285 0.3221
vn 0.1877 0.9272 0.3242
vn 0.1462 0.4872 0.8610
vn 0.7769 0.3480 0.5247
vn 0.4540 0.6476 0.6119
vn 0.3287 0.6541 0.6812
vn 0.0645 0.9771 0.2025
vn 0.0869 0.5231 0.8478
vn 0.0442 0.5294 0.8473
vn 0.2984 0.6157 0.7293
vn 0.6074 0.4504 0.6544
vn 0.2948 0.6475 0.7027
vn 0.3372 0.8106 0.4788
vn 0.3363 0.8114 0.4781
vn 0.6273 0.4337 0.6469
vn 0.3644 0.7672 0.5279
vn 0.6733 0.4095 0.6155
vn 0.8800 0.2409 0.4093
vn 0.3599 0.7374 0.5716
vn 0.2926 0.5317 0.7948
vn 0.2695 0.5591 0.7841
vn 0.5551 0.4886 0.6732
vn 0.2642 0.6643 0.6992
vn 0.2220 0.4238 0.8781
vn 0.0576 0.5196 0.8524
vn 0.1283 0.4866 0.8641
vn 0.1236 0.4895 0.8632
vn 0.2754 0.4914 0.8262
vn 0.2925 0.4684 0.8337
vn 0.1700 0.4647 0.8690
vn 0.0069 0.9843 0.1766
vn 0.0214 0.5254 0.8506
vn 0.3497 0.7766 0.5240
vn 0.2681 0.4340 0.8601
vn 0.3703 0.7080 0.6013
vn 0.6185 0.4357 0.6540
vn 0.8188 0.3007 0.4890
vn 0.6674 0.4150 0.6184
vn 0.1997 0.9058 0.3738
vn 0.2029 0.9042 0.3758
vn 0.3932 0.6608 0.6393
vn 0.2415 0.6177 0.7485
vn 0.0450 0.9719 0.2309
vn 0.2634 0.4391 0.8590
vn 0.5835 0.4568 0.6714
vn 0.5899 0.4524 0.6689
vn 0.2751 0.5936 0.7563
vn 0.0032 0.5295 0.8483
vn 0.0869 0.9556 0.2815
vn 0.0953 0.4943 0.8641
vn 0.8004 0.3091 0.5135
vn 0.1974 0.4300 0.8810
vn 0.2015 0.4273 0.8814
vn 0.2748 0.5341 0.7995
vn 0.3337 0.7906 0.5135
vn 0.6395 0.4201 0.6439
vn 0.2502 0.5736 0.7800
vn 0.0015 0.9752 0.2212
vn 0.4389 0.5787 0.6874
vn 0.0455 0.5048 0.8621
vn 0.1546 0.4526 0.8782
vn 0.3576 0.7238 0.5901
vn 0.4997 0.5320 0.6835
vn 0.2594 0.5139 0.8177
vn 0.0783 0.4900 0.8682
vn 0.2553 0.4113 0.8750
vn 0.8194 0.5593 0.1257
vn 0.2690 0.4566 0.8480
vn 0.2505 0.4772 0.8423
vn 0.5455 0.4704 0.6937
vn 0.6727 0.7292 0.1256
vn 0.2431 0.4210 0.8738
vn 0.7523 0.6485 0.1161
vn 0.7748 0.6161 0.1418
vn 0.7105 0.6889 0.1439
vn 0.7664 0.3386 0.5458
vn 0.6254 0.7632 0.1621
vn 0.2569 0.5689 0.7813
vn 0.2436 0.6194 0.7463
vn 0.8096 0.5689 0.1447
vn 0.6667 0.7327 0.1368
vn 0.0222 0.5087 0.8607
vn 0.0519 0.4972 0.8661
vn 0.8469 0.5132 0.1396
vn 0.7115 0.6862 0.1514
vn 0.0492 0.9606 0.2734
vn 0.0498 0.9603 0.2744
vn 0.3463 0.7475 0.5669
vn 0.3431 0.7506 0.5646
vn 0.2462 0.6163 0.7480
vn 0.3606 0.6815 0.6368
vn 0.6282 0.7618 0.1578
vn 0.8579 0.4907 0.1522
vn 0.1321 0.4554 0.8804
vn 0.1253 0.4597 0.8792
vn 0.7752 0.6136 0.1501
vn 0.1740 0.4337 0.8841
vn 0.7514 0.3446 0.5627
vn 0.2308 0.6574 0.7173
vn 0.5577 0.4493 0.6980
vn 0.5448 0.4525 0.7060
vn 0.2277 0.8673 0.4427
vn 0.2310 0.4115 0.8816
vn 0.2178 0.4172 0.8823
vn 0.5818 0.7993 0.1502
vn 0.2315 0.6736 0.7019
vn 0.0082 0.5054 0.8629
vn 0.8539 0.4964 0.1565
vn 0.6979 0.6927 0.1822
vn 0.8017 0.5687 0.1841
vn 0.5898 0.4228 0.6880
vn 0.8324 0.5333 0.1507
vn 0.2438 0.4460 0.8612
vn 0.2246 0.4631 0.8574
vn 0.7683 0.6150 0.1775
vn 0.2866 0.8213 0.4932
vn 0.8855 0.2478 0.3930
vn 0.2290 0.5465 0.8056
vn 0.7303 0.6546 0.1952
vn 0.1941 0.6644 0.7217
vn 0.3217 0.7874 0.5259
vn 0.2504 0.5078 0.8243
vn 0.2380 0.5177 0.8218
vn 0.0947 0.9385 0.3319
vn 0.8764 0.4551 0.1574
vn 0.3428 0.7518 0.5632
vn 0.8464 0.4991 0.1860
vn 0.7945 0.5755 0.1939
vn 0.3416 0.7188 0.6056
vn 0.5199 0.4393 0.7326
vn 0.7159 0.3679 0.5934
vn 0.7161 0.3678 0.5933
vn 0.2119 0.8738 0.4378
vn 0.1658 0.4269 0.8890
vn 0.7767 0.5982 0.1971
vn 0.3685 0.6647 0.6499
vn 0.1951 0.4163 0.8880
vn 0.2036 0.4125 0.8879
vn 0.2374 0.5666 0.7891
vn 0.4382 0.5204 0.7329
vn 0.7515 0.6296 0.1972
vn 0.8499 0.3038 0.4305
vn 0.8184 0.5434 0.1871
vn 0.6257 0.4108 0.6631
vn 0.5065 0.4608 0.7288
vn 0.5861 0.7814 0.2141
vn 0.4999 0.4698 0.7276
vn 0.0029 0.4881 0.8728
vn 0.6210 0.7549 0.2110
vn 0.0856 0.4638 0.8818
vn 0.0781 0.4679 0.8803
vn 0.3891 0.6087 0.6914
vn 0.5131 0.8337 0.2039
vn 0.2238 0.5059 0.8331
vn 0.6742 0.7104 0.2020
vn 0.0322 0.4825 0.8753
vn 0.8946 0.4169 0.1608
vn 0.2415 0.8426 0.4813
vn 0.7113 0.6666 0.2230
vn 0.7087 0.6693 0.2233
vn 0.0360 0.9472 0.3186
vn 0.2162 0.6159 0.7576
vn 0.3108 0.7686 0.5591
vn 0.4729 0.4991 0.7261
vn 0.2146 0.4963 0.8412
vn 0.5758 0.4220 0.7002
vn 0.5571 0.4308 0.7099
vn 0.0200 0.4817 0.8761
vn 0.2143 0.6086 0.7640
vn 0.1973 0.5626 0.8028
vn 0.3305 0.7234 0.6062
vn 0.6146 0.4197 0.6679
vn 0.9110 0.3800 0.1601
vn 0.2865 0.8047 0.5199
vn 0.8679 0.4607 0.1855
vn 0.8759 0.4456 0.1848
vn 0.0100 0.4838 0.8751
vn 0.1405 0.4298 0.8919
vn 0.1334 0.4331 0.8914
vn 0.0590 0.4679 0.8818
vn 0.7563 0.6054 0.2479
vn 0.8463 0.4903 0.2083
vn 0.1951 0.4516 0.8706
vn 0.2170 0.4347 0.8741
vn 0.8197 0.5345 0.2059
vn 0.0725 0.9337 0.3506
vn 0.6317 0.7323 0.2542
vn 0.7627 0.3586 0.5382
vn 0.2022 0.6595 0.7240
vn 0.1760 0.4156 0.8923
vn 0.4290 0.5194 0.7390
vn 0.7824 0.5705 0.2499
vn 0.8050 0.3422 0.4847
vn 0.8155 0.3280 0.4768
vn 0.2129 0.5524 0.8059
vn 0.6684 0.3947 0.6305
vn 0.1885 0.4895 0.8514
vn 0.7159 0.6448 0.2677
vn 0.6717 0.3921 0.6286
vn 0.4529 0.8607 0.2328
vn 0.8111 0.5337 0.2393
vn 0.0046 0.9440 0.3300
vn 0.4998 0.8243 0.2660
vn 0.1669 0.4123 0.8956
vn 0.1103 0.4327 0.8948
vn 0.8573 0.4690 0.2121
vn 0.3336 0.7176 0.6113
vn 0.5870 0.4251 0.6890
vn 0.7542 0.6075 0.2493
vn 0.2738 0.7952 0.5410
vn 0.6402 0.7297 0.2404
vn 0.9007 0.3982 0.1737
vn 0.5798 0.7687 0.2701
vn 0.5538 0.4267 0.7150
vn 0.6762 0.6873 0.2655
vn 0.6675 0.6956 0.2657
vn 0.1717 0.4414 0.8807
vn 0.1937 0.4242 0.8846
vn 0.0412 0.4562 0.8889
vn 0.7177 0.3915 0.5760
vn 0.4662 0.4717 0.7485
vn 0.1481 0.4145 0.8979
vn 0.3548 0.6304 0.6905
vn 0.3581 0.6213 0.6969
vn 0.8022 0.5421 0.2503
vn 0.2238 0.8337 0.5047
vn 0.7466 0.3830 0.5440
vn 0.5138 0.4321 0.7412
vn 0.3407 0.6753 0.6541
vn 0.3340 0.6842 0.6483
vn 0.0862 0.4458 0.8910
vn 0.1947 0.4858 0.8521
vn 0.1805 0.6089 0.7724
vn 0.7126 0.6492 0.2660
vn 0.2002 0.5826 0.7877
vn 0.1859 0.6354 0.7495
vn 0.0740 0.9162 0.3939
vn 0.0681 0.9217 0.3818
vn 0.4965 0.4525 0.7407
vn 0.3046 0.7548 0.5809
vn 0.3257 0.7383 0.5906
vn 0.7091 0.3930 0.5854
vn 0.4684 0.8478 0.2487
vn 0.1873 0.5303 0.8269
vn 0.1734 0.5439 0.8211
vn 0.1449 0.6643 0.7333
vn 0.3491 0.5941 0.7247
vn 0.0221 0.4552 0.8901
vn 0.0176 0.4583 0.8886
vn 0.0585 0.4436 0.8943
vn 0.1042 0.4234 0.8999
vn 0.1785 0.6224 0.7621
vn 0.5599 0.7771 0.2875
vn 0.4142 0.5011 0.7598
vn 0.7114 0.6399 0.2907
vn 0.4489 0.4626 0.7646
vn 0.4847 0.4270 0.7634
vn 0.1461 0.4319 0.8900
vn 0.3796 0.5507 0.7434
vn 0.6787 0.6745 0.2905
vn 0.1546 0.4753 0.8661
vn 0.1715 0.4604 0.8710
vn 0.7303 0.6150 0.2974
vn 0.1686 0.5744 0.8010
vn 0.3117 0.6905 0.6527
vn 0.1352 0.5376 0.8323
vn 0.0819 0.4206 0.9035
vn 0.3258 0.6475 0.6889
vn 0.4757 0.4384 0.7626
vn 0.2413 0.8009 0.5480
vn 0.0111 0.9249 0.3801
vn 0.8877 0.4063 0.2166
vn 0.1267 0.4095 0.9035
vn 0.0080 0.4443 0.8958
vn 0.1528 0.5968 0.7877
vn 0.1190 0.4111 0.9038
vn 0.6368 0.7076 0.3063
vn 0.0797 0.8970 0.4348
vn 0.0724 0.9029 0.4238
vn 0.6602 0.4237 0.6201
vn 0.1535 0.5233 0.8382
vn 0.8449 0.4682 0.2587
vn 0.5409 0.7896 0.2897
vn 0.9295 0.3300 0.1650
vn 0.1509 0.6131 0.7755
vn 0.0528 0.4298 0.9014
vn 0.0525 0.4301 0.9012
vn 0.4787 0.4285 0.7663
vn 0.7582 0.5745 0.3085
vn 0.1209 0.8680 0.4816
vn 0.1352 0.6401 0.7563
vn 0.1236 0.4650 0.8766
vn 0.1495 0.4441 0.8834
vn 0.4186 0.4690 0.7777
vn 0.1445 0.5087 0.8487
vn 0.3689 0.5553 0.7454
vn 0.7282 0.6060 0.3203
vn 0.9478 0.2820 0.1488
vn 0.5277 0.4262 0.7348
vn 0.6879 0.6434 0.3357
vn 0.9239 0.3388 0.1779
vn 0.4372 0.4421 0.7832
vn 0.4518 0.4301 0.7816
vn 0.3296 0.6379 0.6960
vn 0.2242 0.7914 0.5688
vn 0.1325 0.5361 0.8337
vn 0.3118 0.7194 0.6207
vn 0.5857 0.4250 0.6901
vn 0.2639 0.7570 0.5977
vn 0.4971 0.8048 0.3243
vn 0.4904 0.8123 0.3159
vn 0.2999 0.6849 0.6641
vn 0.1330 0.5404 0.8308
vn 0.3174 0.6627 0.6783
vn 0.0230 0.4329 0.9011
vn 0.8222 0.4867 0.2953
vn 0.8398 0.4637 0.2824
vn 0.5507 0.7632 0.3380
vn 0.7587 0.5591 0.3343
vn 0.4512 0.4194 0.7878
vn 0.7305 0.5919 0.3406
vn 0.0970 0.4502 0.8876
vn 0.1203 0.4306 0.8945
vn 0.0016 0.4212 0.9070
vn 0.0881 0.4038 0.9106
vn 0.0794 0.4067 0.9101
vn 0.8794 0.4100 0.2420
vn 0.1179 0.5805 0.8057
vn 0.8640 0.4375 0.2491
vn 0.0386 0.4129 0.9100
vn 0.9193 0.3482 0.1833
vn 0.1218 0.4971 0.8591
vn 0.1064 0.5114 0.8527
vn 0.6326 0.6902 0.3514
vn 0.6159 0.7072 0.3471
vn 0.6295 0.4266 0.6494
vn 0.4163 0.8605 0.2936
vn 0.7692 0.3940 0.5030
vn 0.5176 0.4290 0.7403
vn 0.1986 0.7957 0.5722
vn 0.4078 0.4628 0.7871
vn 0.1191 0.5914 0.7976
vn 0.4421 0.8418 0.3098
vn 0.4407 0.8452 0.3025
vn 0.6624 0.6600 0.3544
vn 0.6776 0.6422 0.3583
vn 0.3522 0.9074 0.2295
vn 0.0818 0.8862 0.4560
vn 0.0063 0.4164 0.9092
vn 0.3433 0.5473 0.7633
vn 0.3757 0.5025 0.7787
vn 0.3725 0.5062 0.7778
vn 0.2934 0.6985 0.6526
vn 0.1258 0.8518 0.5086
vn 0.1229 0.8541 0.5054
vn 0.1103 0.6146 0.7811
vn 0.7135 0.5988 0.3638
vn 0.6898 0.6244 0.3665
vn 0.1037 0.5562 0.8246
vn 0.2731 0.7421 0.6122
vn 0.3128 0.6145 0.7243
vn 0.8958 0.3782 0.2336
vn 0.9479 0.2821 0.1482
vn 0.0818 0.5001 0.8621
vn 0.0956 0.4845 0.8696
vn 0.0466 0.4056 0.9129
vn 0.0601 0.4368 0.8975
vn 0.2917 0.6520 0.6998
vn 0.3039 0.6337 0.7114
vn 0.8608 0.4356 0.2631
vn 0.5563 0.4343 0.7085
vn 0.5436 0.4421 0.7135
vn 0.0322 0.3991 0.9164
vn 0.5274 0.7745 0.3492
vn 0.4718 0.4337 0.7677
vn 0.2935 0.6982 0.6530
vn 0.9373 0.2946 0.1861
vn 0.6851 0.4260 0.5909
vn 0.0801 0.5412 0.8371
vn 0.0803 0.5410 0.8372
vn 0.0634 0.4448 0.8934
vn 0.9000 0.3717 0.2277
vn 0.0123 0.8984 0.4390
vn 0.2626 0.7268 0.6346
vn 0.0023 0.3969 0.9179
vn 0.2364 0.7644 0.5999
vn 0.3353 0.9070 0.2546
vn 0.0465 0.4878 0.8717
vn 0.0529 0.4786 0.8765
vn 0.4079 0.4347 0.8029
vn 0.0704 0.5928 0.8023
vn 0.7086 0.4395 0.5520
vn 0.7237 0.4250 0.5437
vn 0.3756 0.4747 0.7960
vn 0.8866 0.3838 0.2582
vn 0.6104 0.4619 0.6435
vn 0.0043 0.4411 0.8974
vn 0.5715 0.4586 0.6805
vn 0.0353 0.4246 0.9047
vn 0.0155 0.4543 0.8907
vn 0.4387 0.4239 0.7924
vn 0.0738 0.6040 0.7936
vn 0.6394 0.6649 0.3861
vn 0.4845 0.4291 0.7623
vn 0.4413 0.8243 0.3546
vn 0.1345 0.8230 0.5519
vn 0.0444 0.5423 0.8390
vn 0.1285 0.8259 0.5490
vn 0.0436 0.5431 0.8385
vn 0.0484 0.8691 0.4922
vn 0.6980 0.6029 0.3864
vn 0.4952 0.4548 0.7402
vn 0.0219 0.4944 0.8690
vn 0.3163 0.5907 0.7423
vn 0.5998 0.7083 0.3721
vn 0.4517 0.4234 0.7853
vn 0.9251 0.3213 0.2024
vn 0.0138 0.5311 0.8472
vn 0.2927 0.9314 0.2162
vn 0.3340 0.9055 0.2619
vn 0.2114 0.7417 0.6366
vn 0.0229 0.5699 0.8214
vn 0.4314 0.8328 0.3468
vn 0.0340 0.6069 0.7940
vn 0.0418 0.5982 0.8002
vn 0.0068 0.8923 0.4514
vn 0.5369 0.4549 0.7105
vn 0.6278 0.4689 0.6214
vn 0.0116 0.6010 0.7992
vn 0.9634 0.2246 0.1467
vn 0.7924 0.4978 0.3525
vn 0.0068 0.5946 0.8040
vn 0.6637 0.6356 0.3943
vn 0.7314 0.6655 0.1491
vn 0.6020 0.7789 0.1758
vn 0.4022 0.4399 0.8030
vn 0.6582 0.7265 0.1974
vn 0.6510 0.4722 0.5943
vn 0.6401 0.7366 0.2184
vn 0.5534 0.8069 0.2063
vn 0.5933 0.7714 0.2301
vn 0.7412 0.6266 0.2406
vn 0.5518 0.8035 0.2233
vn 0.4331 0.4333 0.7903
vn 0.5406 0.8056 0.2425
vn 0.3364 0.5101 0.7916
vn 0.3404 0.5053 0.7930
vn 0.3618 0.4649 0.8080
vn 0.5982 0.7517 0.2777
vn 0.6659 0.7047 0.2450
vn 0.8549 0.4254 0.2969
vn 0.8686 0.4005 0.2918
vn 0.4917 0.8365 0.2417
vn 0.7744 0.5774 0.2586
vn 0.9154 0.3315 0.2284
vn 0.8209 0.5151 0.2465
vn 0.4902 0.8221 0.2895
vn 0.3460 0.8957 0.2795
vn 0.0517 0.8503 0.5238
vn 0.4286 0.8683 0.2497
vn 0.2737 0.6202 0.7352
vn 0.2941 0.6016 0.7427
vn 0.6003 0.7370 0.3107
vn 0.6208 0.7248 0.2989
vn 0.3844 0.8838 0.2666
vn 0.4008 0.8857 0.2343
vn 0.3911 0.8871 0.2452
vn 0.7844 0.5386 0.3076
vn 0.5785 0.7409 0.3412
vn 0.8156 0.5057 0.2812
vn 0.9553 0.2472 0.1623
vn 0.5154 0.7958 0.3178
vn 0.6662 0.6719 0.3237
vn 0.5339 0.7416 0.4061
vn 0.7749 0.5456 0.3190
vn 0.7586 0.5441 0.3584
vn 0.7863 0.5111 0.3471
vn 0.7975 0.5181 0.3092
vn 0.5677 0.7465 0.3472
vn 0.3929 0.8686 0.3019
vn 0.3975 0.8649 0.3063
vn 0.2281 0.7270 0.6476
vn 0.7367 0.5607 0.3780
vn 0.7221 0.5603 0.4057
vn 0.7662 0.5254 0.3700
vn 0.7988 0.4730 0.3718
vn 0.8282 0.4585 0.3222
vn 0.8303 0.4557 0.3208
vn 0.0952 0.8179 0.5674
vn 0.4705 0.8005 0.3713
vn 0.5820 0.7078 0.4003
vn 0.5006 0.7729 0.3898
vn 0.3936 0.8575 0.3313
vn 0.6884 0.5899 0.4220
vn 0.0108 0.8806 0.4737
vn 0.4699 0.7950 0.3836
vn 0.8776 0.3738 0.3001
vn 0.3988 0.8475 0.3502
vn 0.7454 0.5177 0.4199
vn 0.6925 0.5758 0.4346
vn 0.6836 0.5719 0.4534
vn 0.7875 0.4842 0.3813
vn 0.4839 0.7800 0.3967
vn 0.2713 0.6477 0.7120
vn 0.2604 0.6642 0.7007
vn 0.7301 0.5252 0.4372
vn 0.7152 0.5240 0.4626
vn 0.3953 0.8254 0.4032
vn 0.7740 0.4874 0.4043
vn 0.4892 0.7484 0.4479
vn 0.8593 0.3908 0.3300
vn 0.8529 0.4000 0.3355
vn 0.2534 0.6877 0.6803
vn 0.8022 0.4525 0.3895
vn 0.7770 0.4563 0.4336
vn 0.1470 0.7964 0.5866
vn 0.0496 0.8476 0.5283
vn 0.7321 0.4904 0.4728
vn 0.6562 0.5796 0.4832
vn 0.8696 0.3549 0.3433
vn 0.4553 0.7658 0.4540
vn 0.8216 0.4143 0.3916
vn 0.8183 0.4197 0.3927
vn 0.4546 0.7694 0.4487
vn 0.7678 0.4668 0.4389
vn 0.2898 0.5787 0.7623
vn 0.7150 0.5011 0.4876
vn 0.6968 0.4977 0.5165
vn 0.9714 0.1625 0.1733
vn 0.2978 0.5415 0.7862
vn 0.6402 0.5580 0.5279
vn 0.6340 0.5582 0.5352
vn 0.8586 0.3658 0.3592
vn 0.6081 0.5969 0.5233
vn 0.4432 0.8178 0.3671
vn 0.9079 0.3021 0.2907
vn 0.9577 0.1976 0.2090
vn 0.7239 0.4710 0.5042
vn 0.6679 0.5064 0.5455
vn 0.4380 0.7570 0.4849
vn 0.6249 0.6531 0.4277
vn 0.3976 0.4125 0.8196
vn 0.6449 0.6344 0.4262
vn 0.9482 0.2024 0.2449
vn 0.8778 0.3263 0.3506
vn 0.8852 0.3154 0.3419
vn 0.7037 0.4764 0.5271
vn 0.7595 0.4404 0.4788
vn 0.9271 0.2472 0.2817
vn 0.3375 0.4707 0.8152
vn 0.5245 0.6729 0.5217
vn 0.6808 0.4695 0.5623
vn 0.5102 0.6724 0.5363
vn 0.6168 0.5321 0.5801
vn 0.6057 0.5746 0.5504
vn 0.5929 0.5697 0.5692
vn 0.4476 0.7335 0.5115
vn 0.8347 0.4355 0.3371
vn 0.9207 0.2478 0.3015
vn 0.2825 0.9303 0.2340
vn 0.7201 0.4486 0.5294
vn 0.7295 0.4518 0.5136
vn 0.6472 0.5119 0.5649
vn 0.6485 0.5085 0.5665
vn 0.9717 0.1315 0.1960
vn 0.8081 0.3632 0.4637
vn 0.8556 0.3405 0.3898
vn 0.5559 0.4725 0.6839
vn 0.5954 0.5302 0.6037
vn 0.4177 0.8358 0.3564
vn 0.4751 0.6933 0.5418
vn 0.3688 0.4330 0.8225
vn 0.4147 0.7275 0.5467
vn 0.5545 0.6118 0.5642
vn 0.9399 0.2738 0.2041
vn 0.9416 0.2692 0.2025
vn 0.5649 0.4885 0.6651
vn 0.8836 0.2845 0.3719
vn 0.4173 0.4132 0.8094
vn 0.8855 0.2820 0.3693
vn 0.9459 0.1811 0.2692
vn 0.9488 0.1684 0.2673
vn 0.4129 0.7223 0.5548
vn 0.2532 0.6526 0.7142
vn 0.5951 0.5305 0.6037
vn 0.8704 0.2907 0.3974
vn 0.8516 0.3093 0.4232
vn 0.5496 0.5639 0.6164
vn 0.5707 0.5756 0.5857
vn 0.5131 0.4650 0.7215
vn 0.6636 0.4492 0.5982
vn 0.4469 0.6921 0.5668
vn 0.4382 0.6808 0.5869
vn 0.5366 0.6138 0.5791
vn 0.7194 0.4241 0.5501
vn 0.5943 0.5009 0.6292
vn 0.9202 0.2205 0.3236
vn 0.8143 0.3338 0.4748
vn 0.8239 0.3223 0.4662
vn 0.5139 0.5926 0.6203
vn 0.4924 0.5982 0.6322
vn 0.0592 0.8243 0.5631
vn 0.9029 0.2236 0.3671
vn 0.5569 0.5360 0.6345
vn 0.5413 0.5229 0.6584
vn 0.4068 0.6852 0.6042
vn 0.4822 0.6061 0.6326
vn 0.5193 0.7488 0.4118
vn 0.1182 0.9561 0.2682
vn 0.1245 0.9581 0.2580
vn 0.1243 0.7754 0.6191
vn 0.4365 0.5994 0.6710
vn 0.4612 0.5600 0.6883
vn 0.2630 0.6385 0.7233
vn 0.5390 0.4999 0.6779
vn 0.5148 0.4925 0.7018
vn 0.1330 0.9332 0.3339
vn 0.4956 0.5388 0.6813
vn 0.4143 0.6206 0.6657
vn 0.8208 0.4364 0.3685
vn 0.4138 0.6388 0.6486
vn 0.1381 0.9310 0.3378
vn 0.1414 0.9140 0.3802
vn 0.4650 0.5520 0.6921
vn 0.4918 0.5053 0.7091
vn 0.1494 0.9085 0.3904
vn 0.4010 0.5724 0.7152
vn 0.1460 0.8982 0.4147
vn 0.3898 0.5529 0.7364
vn 0.1850 0.8729 0.4515
vn 0.5467 0.7257 0.4176
vn 0.1580 0.8829 0.4423
vn 0.2842 0.7786 0.5594
vn 0.1793 0.8503 0.4948
vn 0.1915 0.8390 0.5093
vn 0.0539 0.8196 0.5704
vn 0.3275 0.5817 0.7445
vn 0.1768 0.8248 0.5370
vn 0.5338 0.5130 0.6722
vn 0.5849 0.6803 0.4416
vn 0.2736 0.7021 0.6574
vn 0.3286 0.5611 0.7597
vn 0.1780 0.7884 0.5889
vn 0.6125 0.6567 0.4399
vn 0.1735 0.7596 0.6268
vn 0.2017 0.7423 0.6390
vn 0.3305 0.4649 0.8213
vn 0.2529 0.6529 0.7139
vn 0.2515 0.6131 0.7489
vn 0.1679 0.7142 0.6795
vn 0.3666 0.4343 0.8228
vn 0.1575 0.6780 0.7180
vn 0.1699 0.6894 0.7042
vn 0.2117 0.5780 0.7881
vn 0.2171 0.5717 0.7912
vn 0.1611 0.6066 0.7785
vn 0.1582 0.6151 0.7724
vn 0.1527 0.5713 0.8064
vn 0.1354 0.5513 0.8233
vn 0.2717 0.8679 0.4160
vn 0.2746 0.8711 0.4072
vn 0.2858 0.8436 0.4546
vn 0.2777 0.8328 0.4788
vn 0.2168 0.6880 0.6926
vn 0.2212 0.6837 0.6954
vn 0.0154 0.8471 0.5313
vn 0.8464 0.2716 0.4581
vn 0.8600 0.2636 0.4369
vn 0.2836 0.5571 0.7805
vn 0.7567 0.4993 0.4220
vn 0.6127 0.5047 0.6082
vn 0.1372 0.7562 0.6398
vn 0.6431 0.6134 0.4584
vn 0.4413 0.4382 0.7831
vn 0.6365 0.6251 0.4518
vn 0.4065 0.4208 0.8110
vn 0.9629 0.2101 0.1691
vn 0.4874 0.4976 0.7175
vn 0.3478 0.8839 0.3125
vn 0.0985 0.7820 0.6154
vn 0.4512 0.4843 0.7496
vn 0.4738 0.4612 0.7502
vn 0.4259 0.7982 0.4260
vn 0.2461 0.9439 0.2202
vn 0.2979 0.5127 0.8052
vn 0.2999 0.5103 0.8060
vn 0.3926 0.4174 0.8195
vn 0.9092 0.3231 0.2626
vn 0.9105 0.3193 0.2626
vn 0.2898 0.9184 0.2692
vn 0.2953 0.9154 0.2734
vn 0.8862 0.3539 0.2990
vn 0.6314 0.5092 0.5849
vn 0.1298 0.7401 0.6599
vn 0.5702 0.6834 0.4559
vn 0.2177 0.6556 0.7231
vn 0.4191 0.8058 0.4184
vn 0.3725 0.4180 0.8286
vn 0.9563 0.2171 0.1960
vn 0.5010 0.5057 0.7024
vn 0.2577 0.6007 0.7568
vn 0.9744 0.1664 0.1512
vn 0.5774 0.5247 0.6256
vn 0.5659 0.5356 0.6268
vn 0.5411 0.5170 0.6633
vn 0.5369 0.7103 0.4551
vn 0.6384 0.6013 0.4805
vn 0.2232 0.6062 0.7634
vn 0.2120 0.6243 0.7519
vn 0.3402 0.8804 0.3305
vn 0.6050 0.6348 0.4806
vn 0.6040 0.6372 0.4787
vn 0.2049 0.6404 0.7402
vn 0.0153 0.8123 0.5831
vn 0.3309 0.4363 0.8368
vn 0.3335 0.4347 0.8365
vn 0.4243 0.7904 0.4418
vn 0.0605 0.7763 0.6274
vn 0.0660 0.7734 0.6305
vn 0.9415 0.2519 0.2240
vn 0.3521 0.8632 0.3619
vn 0.4252 0.4855 0.7639
vn 0.1058 0.7283 0.6770
vn 0.3817 0.8414 0.3826
vn 0.6918 0.5294 0.4911
vn 0.6771 0.5417 0.4981
vn 0.2488 0.5455 0.8003
vn 0.2580 0.5377 0.8027
vn 0.1893 0.9622 0.1958
vn 0.3460 0.8688 0.3543
vn 0.4753 0.5425 0.6926
vn 0.4103 0.4494 0.7935
vn 0.9283 0.2594 0.2663
vn 0.4515 0.5170 0.7272
vn 0.4447 0.5226 0.7274
vn 0.5081 0.5509 0.6621
vn 0.2430 0.5751 0.7812
vn 0.3936 0.8188 0.4179
vn 0.2109 0.6170 0.7582
vn 0.2912 0.4736 0.8312
vn 0.2967 0.4644 0.8344
vn 0.5135 0.7135 0.4767
vn 0.3722 0.4092 0.8331
vn 0.1034 0.7220 0.6841
vn 0.2625 0.5043 0.8227
vn 0.7767 0.4461 0.4447
vn 0.0068 0.7951 0.6065
vn 0.7366 0.4786 0.4778
vn 0.3584 0.8481 0.3904
vn 0.5927 0.6171 0.5176
vn 0.3106 0.4328 0.8463
vn 0.1796 0.6396 0.7474
vn 0.5643 0.6626 0.4925
vn 0.3858 0.4395 0.8112
vn 0.1354 0.6750 0.7253
vn 0.0212 0.7764 0.6299
vn 0.0686 0.7516 0.6561
vn 0.1893 0.6020 0.7758
vn 0.3951 0.4713 0.7885
vn 0.4981 0.5519 0.6688
vn 0.3960 0.8137 0.4255
vn 0.9743 0.1385 0.1775
vn 0.6688 0.5353 0.5159
vn 0.2214 0.9458 0.2377
vn 0.1239 0.6654 0.7362
vn 0.8252 0.3766 0.4210
vn 0.5302 0.5629 0.6340
vn 0.2630 0.4812 0.8362
vn 0.4078 0.5174 0.7523
vn 0.0758 0.7072 0.7030
vn 0.3053 0.8955 0.3238
vn 0.0443 0.7308 0.6812
vn 0.4749 0.7312 0.4896
vn 0.4896 0.7190 0.4933
vn 0.3551 0.8438 0.4025
vn 0.2492 0.5167 0.8191
vn 0.2202 0.9432 0.2489
vn 0.1799 0.5757 0.7976
vn 0.3847 0.8029 0.4554
vn 0.5511 0.6610 0.5093
vn 0.0091 0.7593 0.6506
vn 0.2901 0.4440 0.8478
vn 0.3360 0.4066 0.8495
vn 0.8378 0.3680 0.4033
vn 0.4902 0.6137 0.6190
vn 0.3655 0.4122 0.8345
vn 0.8147 0.3980 0.4217
vn 0.0441 0.7254 0.6869
vn 0.4523 0.6057 0.6546
vn 0.3905 0.7840 0.4826
vn 0.4436 0.5649 0.6958
vn 0.4364 0.5704 0.6959
vn 0.1048 0.6608 0.7432
vn 0.3488 0.4492 0.8225
vn 0.3663 0.4371 0.8215
vn 0.3701 0.4898 0.7894
vn 0.1850 0.5722 0.7990
vn 0.3652 0.8259 0.4295
vn 0.6808 0.4942 0.5407
vn 0.4144 0.7592 0.5019
vn 0.7793 0.4063 0.4771
vn 0.3950 0.5131 0.7620
vn 0.3757 0.5351 0.7566
vn 0.5672 0.6207 0.5413
vn 0.0255 0.7110 0.7027
vn 0.2062 0.5334 0.8203
vn 0.2001 0.5421 0.8161
vn 0.3269 0.4109 0.8511
vn 0.1411 0.6200 0.7719
vn 0.0983 0.6470 0.7561
vn 0.1498 0.5809 0.8001
vn 0.0740 0.6851 0.7246
vn 0.2239 0.5029 0.8348
vn 0.1407 0.9690 0.2030
vn 0.1583 0.9644 0.2118
vn 0.2718 0.4357 0.8581
vn 0.2417 0.9274 0.2855
vn 0.2429 0.4678 0.8498
vn 0.6848 0.4690 0.5577
vn 0.4071 0.5569 0.7240
vn 0.3882 0.5791 0.7169
vn 0.2929 0.8936 0.3401
vn 0.6633 0.4787 0.5752
vn 0.7651 0.4192 0.4889
vn 0.0995 0.6134 0.7835
vn 0.1036 0.6074 0.7876
vn 0.3103 0.4101 0.8577
vn 0.3463 0.5196 0.7811
vn 0.1797 0.5396 0.8225
vn 0.3215 0.4356 0.8408
vn 0.3859 0.7874 0.4807
vn 0.3591 0.8090 0.4654
vn 0.1737 -0.1088 0.9788
vn 0.9989 0.0325 0.0328
vn 0.9997 0.0167 0.0165
vn 0.1422 -0.0615 0.9879
vn 0.0741 -0.0627 0.9953
vn 0.0298 0.9982 0.0513
vn 0.9997 0.0165 0.0161
vn 0.0471 -0.1013 0.9937
vn 0.0531 0.9938 0.0981
vn 0.9996 -0.0227 -0.0176
vn 0.0843 0.9939 0.0717
vn 0.0157 -0.0464 0.9988
vn 0.0987 0.9904 0.0973
vn 0.9996 -0.0222 -0.0166
vn 0.9981 -0.0531 -0.0325
vn 0.1370 0.9870 0.0839
vn 0.1395 0.9872 0.0776
vn 0.9980 -0.0533 -0.0328
vn 0.1810 0.9803 0.0792
vn 0.1948 0.9732 0.1220
vn 0.9962 -0.0759 -0.0439
vn 0.2335 0.9690 0.0808
vn 0.2484 0.9616 0.1169
vn 0.9961 -0.0778 -0.0410
vn 0.2960 0.9476 0.1200
vn 0.3022 0.9481 0.0990
vn 0.9978 -0.0598 -0.0295
vn 0.3448 0.9336 0.0973
vn 0.9975 -0.0641 -0.0310
vn 0.3763 0.9208 0.1025
vn 0.3598 0.9242 0.1278
vn 0.9979 -0.0585 -0.0261
vn 0.4231 0.9007 0.0985
vn 0.9975 -0.0641 -0.0291
vn 0.4123 0.9019 0.1291
vn 0.4755 0.8726 0.1116
vn 0.4757 0.8723 0.1132
vn 0.9963 -0.0802 -0.0318
vn 0.9972 -0.0696 -0.0287
vn 0.5211 0.8463 0.1108
vn 0.5219 0.8454 0.1142
vn 0.5715 0.8178 0.0677
vn 0.5973 0.7973 0.0867
vn 0.9963 -0.0815 -0.0283
vn 0.5876 0.8016 0.1102
vn 0.9960 -0.0844 -0.0289
vn 0.6259 0.7774 0.0622
vn 0.9964 -0.0809 -0.0232
vn 0.6867 0.7225 0.0798
vn 0.9973 -0.0712 -0.0191
vn 0.6876 0.7239 0.0574
vn 0.9968 -0.0769 -0.0197
vn 0.7314 0.6802 0.0489
vn 0.7315 0.6800 0.0497
vn 0.9978 -0.0646 -0.0144
vn 0.9970 -0.0757 -0.0148
vn 0.7561 0.6510 0.0675
vn 0.9969 -0.0741 0.0273
vn 0.8061 0.5910 0.0294
vn 0.8291 0.5555 0.0629
vn 0.9874 -0.0348 0.1543
vn 0.9587 -0.0667 0.2765
vn 0.8940 0.4462 0.0401
vn 0.8946 0.4387 0.0845
vn 0.9447 -0.1040 0.3110
vn 0.9355 -0.0493 0.3499
vn 0.9283 -0.0902 0.3607
vn 0.9149 0.3960 0.0785
vn 0.9285 0.3695 0.0373
vn 0.9131 -0.0690 0.4018
vn 0.9280 0.3588 0.1007
vn 0.9475 0.3101 0.0777
vn 0.9562 0.2892 0.0446
vn 0.8545 -0.0501 0.5171
vn 0.8356 -0.0988 0.5404
vn 0.9613 0.2602 0.0908
vn 0.8167 -0.0662 0.5733
vn 0.9763 0.2140 0.0337
vn 0.7723 -0.0787 0.6304
vn 0.9735 0.2051 0.1015
vn 0.7409 -0.1172 0.6613
vn 0.9900 0.1368 0.0330
vn 0.7187 -0.0399 0.6942
vn 0.9876 0.1326 0.0841
vn 0.9955 0.0818 0.0474
vn 0.6214 -0.0989 0.7772
vn 0.9937 0.0820 0.0765
vn 0.5938 -0.0466 0.8032
vn 0.5687 -0.1119 0.8149
vn 0.5411 -0.0674 0.8383
vn 0.4829 -0.0581 0.8737
vn 0.9960 0.0428 0.0785
vn 0.4585 -0.1102 0.8819
vn 0.9973 0.0409 0.0609
vn 0.4151 -0.0777 0.9064
vn 0.4071 -0.0456 0.9123
vn 0.3666 -0.1090 0.9240
vn 0.3337 -0.0566 0.9410
vn 0.9991 0.0279 0.0326
vn 0.2133 -0.0592 0.9752
vn 0.0256 0.9822 0.1860
vn 0.0300 0.9785 0.2041
vn 0.9921 0.0792 -0.0975
vn 0.6531 0.7561 -0.0409
vn 0.9980 0.0628 -0.0068
vn 0.9671 0.2375 0.0911
vn 0.0790 0.8106 0.5802
vn 0.9345 0.3060 0.1816
vn 0.9904 0.0670 -0.1208
vn 0.9915 0.0891 -0.0943
vn 0.9858 0.0952 -0.1380
vn 0.8709 0.4234 0.2496
vn 0.8825 0.4021 0.2441
vn 0.9618 0.2610 0.0826
vn 0.6599 0.6251 0.4169
vn 0.9313 0.1933 -0.3088
vn 0.9102 0.2013 -0.3620
vn 0.9859 0.0640 -0.1548
vn 0.7120 0.5972 0.3694
vn 0.9388 0.2946 0.1785
vn 0.0126 0.9420 0.3354
vn 0.9667 0.1117 -0.2303
vn 0.9918 0.0672 -0.1089
vn 0.8383 0.4698 0.2766
vn 0.8349 0.4759 0.2766
vn 0.9677 0.2415 0.0726
vn 0.9720 0.2278 0.0582
vn 0.9982 0.0266 -0.0528
vn 0.9980 0.0103 -0.0630
vn 0.9637 0.2611 0.0553
vn -0.0031 0.9675 0.2530
vn 0.7193 0.5956 0.3575
vn 0.9985 0.0015 -0.0544
vn 0.7852 0.5362 0.3096
vn 0.7782 0.5464 0.3096
vn 0.0093 0.9744 0.2248
vn 0.6683 0.6451 0.3704
vn 0.9963 0.0088 -0.0849
vn 0.9958 0.0115 -0.0905
vn 0.9970 0.0110 -0.0772
vn 0.9995 0.0016 -0.0330
vn 0.9676 0.2085 0.1423
vn 0.9398 0.2853 0.1883
vn 0.3946 0.6492 0.6502
vn 0.3704 0.6751 0.6380
vn 0.8461 0.4697 0.2520
vn 0.4283 0.7213 0.5443
vn 0.9588 0.2417 0.1493
vn 0.6223 0.6729 0.3999
vn 0.9343 0.3564 0.0041
vn -0.0040 0.9868 0.1618
vn 0.4031 0.7621 0.5068
vn 0.9686 0.2480 0.0185
vn 0.9376 0.3007 0.1743
vn 0.2759 0.7573 0.5919
vn 0.3098 0.7766 0.5485
vn 0.8827 0.4133 0.2238
vn 0.8848 0.4089 0.2235
vn 0.9226 0.3760 -0.0857
vn 0.9052 0.4153 -0.0902
vn 0.2394 0.7204 0.6510
vn 0.4217 0.7694 0.4798
vn 0.7912 0.5423 0.2829
vn 0.7841 0.5534 0.2810
vn 0.4060 0.7807 0.4751
vn 0.4377 0.7884 0.4323
vn 0.8058 0.5347 0.2544
vn 0.7205 0.6220 0.3066
vn 0.2897 0.8006 0.5246
vn 0.2024 0.7547 0.6240
vn 0.2836 0.8071 0.5178
vn 0.2161 0.7978 0.5629
vn 0.7310 0.6080 0.3096
vn 0.6962 0.6418 0.3216
vn 0.6316 0.6904 0.3528
vn 0.9208 0.3418 0.1881
vn 0.9171 0.3476 0.1951
vn 0.1954 0.6710 0.7153
vn 0.2253 0.8204 0.5255
vn 0.9008 0.3261 -0.2868
vn 0.6180 0.7091 0.3397
vn 0.1782 0.7439 0.6441
vn 0.4534 0.7965 0.4000
vn 0.6508 0.6936 0.3089
vn 0.9145 0.2705 -0.3008
vn 0.1872 0.7924 0.5806
vn 0.1809 0.7982 0.5747
vn 0.1716 0.8335 0.5252
vn 0.1719 0.8332 0.5256
vn 0.9394 0.2968 0.1715
vn 0.3983 0.8494 0.3463
vn 0.6545 0.7006 0.2843
vn 0.1541 0.6729 0.7235
vn 0.4100 0.8466 0.3394
vn 0.3374 0.8725 0.3535
vn 0.1379 0.8361 0.5310
vn 0.6046 0.7358 0.3050
vn 0.1415 0.6861 0.7136
vn 0.8708 0.4432 0.2128
vn 0.1264 0.7519 0.6470
vn 0.9609 0.2456 0.1276
vn 0.1724 0.8579 0.4840
vn 0.1257 0.8684 0.4797
vn 0.9997 0.0239 -0.0110
vn 0.1579 0.8725 0.4623
vn 0.1292 0.8648 0.4853
vn 0.9448 0.2867 0.1583
vn 0.7391 0.6320 0.2333
vn 0.9998 0.0183 0.0029
vn 0.1002 0.6767 0.7294
vn 0.1082 0.7007 0.7052
vn 0.9633 0.2391 0.1222
vn 0.4792 0.8308 0.2829
vn 0.3784 0.8847 0.2721
vn 0.9996 0.0224 -0.0186
vn 0.3179 0.9026 0.2903
vn 0.2783 0.9260 0.2551
vn 0.9414 0.2990 0.1559
vn 0.9999 0.0044 -0.0111
vn 0.5178 0.8198 0.2446
vn 0.4497 0.8534 0.2637
vn 0.0954 0.7866 0.6101
vn 0.7776 0.5873 0.2243
vn 0.1780 0.9194 0.3507
vn 0.0911 0.7357 0.6712
vn 0.9534 0.2722 0.1301
vn 0.0755 0.7475 0.6600
vn 1.0000 0.0026 0.0009
vn 0.0642 0.8559 0.5131
vn 0.3330 0.9135 0.2340
vn 0.7213 0.6565 0.2209
vn 0.9991 0.0028 -0.0421
vn 1.0000 -0.0001 -0.0039
vn 0.2858 0.9282 0.2382
vn 0.0602 0.7229 0.6883
vn 0.0629 0.8137 0.5779
vn 0.0711 0.7953 0.6021
vn 0.1587 0.9399 0.3023
vn 0.4772 0.8543 0.2059
vn 0.0750 0.8466 0.5270
vn 0.1818 0.9489 0.2579
vn 0.1184 0.9338 0.3378
vn 0.4973 0.6571 0.5665
vn 0.0528 0.9207 0.3867
vn 0.7856 0.5853 0.2007
vn 0.2500 0.9534 0.1689
vn 0.4148 0.6815 0.6028
vn 0.5149 0.6701 0.5347
vn 0.0522 0.7912 0.6093
vn 0.4645 0.6842 0.5622
vn 0.4301 0.7040 0.5652
vn 0.6643 0.7266 0.1754
vn 0.6789 0.7063 0.2004
vn 0.6115 0.7692 0.1854
vn 0.0457 0.7850 0.6178
vn 0.3594 0.7074 0.6087
vn 0.5048 0.8444 0.1792
vn 0.3898 0.7164 0.5786
vn 0.4225 0.8904 0.1692
vn 0.3351 0.6887 0.6429
vn 0.0500 0.7956 0.6037
vn 0.3894 0.7168 0.5784
vn 0.0440 0.8820 0.4692
vn 0.1029 0.9527 0.2861
vn 0.3481 0.7051 0.6178
vn 0.7353 0.6454 0.2069
vn 0.7227 0.6665 0.1827
vn 0.4567 0.7173 0.5263
vn 0.3099 0.6788 0.6657
vn 0.8139 0.5492 0.1896
vn 0.8429 0.5025 0.1924
vn 0.3013 0.9422 0.1464
vn 0.3084 0.7197 0.6220
vn 0.2723 0.6943 0.6662
vn 0.0445 0.8542 0.5181
vn 0.9578 0.2642 0.1135
vn 0.9108 0.3565 0.2084
vn 0.2871 0.7101 0.6429
vn 0.0264 0.8752 0.4830
vn 0.0214 0.8423 0.5385
vn 0.9448 0.3027 0.1255
vn 0.9701 0.1307 0.2047
vn 0.0229 0.8398 0.5424
vn 0.9767 0.1195 0.1783
vn 0.3829 0.7465 0.5442
vn 0.0487 0.9388 0.3409
vn 0.9695 0.1195 0.2139
vn 0.3307 0.7306 0.5974
vn 0.0444 0.8838 0.4657
vn 0.3450 0.7363 0.5820
vn 0.9646 0.1558 0.2128
vn 0.6394 0.7521 0.1599
vn 0.2786 0.9552 0.0996
vn 0.2592 0.6830 0.6829
vn 0.5155 0.8500 0.1081
vn 0.0318 0.9052 0.4237
vn 0.2841 0.7504 0.5968
vn 0.5581 0.8185 0.1362
vn 0.9772 0.1371 0.1623
vn 0.9746 0.1476 0.1682
vn 0.3607 0.7498 0.5547
vn 0.3490 0.9352 0.0593
vn 0.9185 0.3434 0.1962
vn 0.0265 0.9100 0.4137
vn 0.9633 0.1690 0.2087
vn 0.9594 0.1612 0.2314
vn 0.4068 0.9100 0.0800
vn 0.2430 0.7232 0.6465
vn 0.6442 0.7575 0.1061
vn 0.9334 0.2209 0.2829
vn 0.0063 0.8656 0.5007
vn 0.5498 0.7470 0.3739
vn 0.5617 0.7197 0.4079
vn 0.0947 0.9805 0.1723
vn 0.9479 0.1816 0.2618
vn 0.2295 0.9680 0.1018
vn 0.2083 0.9766 0.0533
vn 0.9776 0.1500 0.1478
vn 0.9740 0.1943 0.1167
vn 0.0700 0.9875 0.1413
vn 0.2146 0.7005 0.6806
vn 0.2319 0.7523 0.6167
vn 0.9155 0.2373 0.3249
vn 0.9110 0.2473 0.3300
vn 0.2862 0.7702 0.5699
vn 0.6588 0.7425 0.1211
vn 0.2795 0.7773 0.5636
vn 0.9604 0.1975 0.1966
vn 0.2122 0.7268 0.6532
vn 0.9586 0.2444 0.1461
vn 0.3464 0.7918 0.5032
vn 0.3590 0.7805 0.5118
vn 0.9683 0.1864 0.1660
vn 0.9629 0.1899 0.1918
vn 0.9366 0.3505 0.0010
vn 0.6020 0.7894 0.1206
vn 0.2050 0.7173 0.6659
vn 0.3781 0.9218 0.0860
vn 0.1819 0.7738 0.6067
vn 0.2337 0.7542 0.6137
vn 0.9277 0.2485 0.2786
vn 0.9377 0.3007 0.1741
vn 0.0235 0.9569 0.2896
vn 0.1574 0.9862 0.0511
vn 0.7719 0.6280 0.0990
vn 0.9449 0.2264 0.2363
vn 0.8918 0.4013 0.2091
vn 0.3595 0.8060 0.4703
vn 0.2711 0.9599 0.0712
vn 0.0851 0.9916 0.0975
vn 0.1766 0.7129 0.6787
vn 0.7630 0.6378 0.1049
vn 0.0156 0.9063 0.4224
vn 0.8600 0.3157 0.4009
vn 0.0013 0.9129 0.4083
vn 0.7364 0.6158 0.2803
vn 0.0166 0.9730 0.2301
vn 0.7672 0.5884 0.2552
vn 0.6748 0.6787 0.2898
vn 0.9720 0.1773 0.1543
vn 0.7311 0.6323 0.2564
vn 0.9270 0.2495 0.2799
vn 0.2134 0.9767 0.0209
vn 0.6704 0.7342 0.1071
vn 0.9622 0.1988 0.1861
vn 0.5982 0.7447 0.2960
vn 0.6441 0.7110 0.2820
vn 0.6749 0.6918 0.2567
vn 0.6194 0.7351 0.2757
vn 0.7900 0.6106 0.0546
vn 0.9724 0.2032 0.1150
vn 0.5493 0.7831 0.2916
vn 0.9468 0.2293 0.2258
vn 0.9328 0.2722 0.2360
vn 0.6602 0.7511 0.0084
vn 0.6784 0.7340 0.0325
vn 0.3514 0.8714 0.3423
vn 0.6115 0.7465 0.2624
vn 0.5621 0.7771 0.2832
vn 0.0374 0.9989 0.0300
vn 0.0590 0.9958 0.0699
vn 0.0565 0.9984 0.0019
vn 0.2015 0.9795 0.0011
vn 0.9536 0.1966 0.2279
vn 0.9477 0.2034 0.2461
vn 0.4803 0.8273 0.2914
vn 0.9370 0.2468 0.2472
vn 0.8955 0.2612 0.3604
vn 0.9427 0.2857 0.1722
vn 0.9175 0.2504 0.3090
vn 0.3668 0.8724 0.3230
vn 0.8754 0.3173 0.3646
vn 0.9246 0.2562 0.2819
vn 0.8941 0.3093 0.3240
vn 0.0246 0.9950 0.0966
vn 0.8642 0.3259 0.3832
vn 0.8694 0.3148 0.3810
vn 0.5700 0.7845 0.2443
vn 0.9165 0.2953 0.2697
vn 0.0669 0.9977 0.0129
vn 0.6367 0.7709 0.0182
vn 0.9016 0.3098 0.3019
vn 0.8717 0.3348 0.3579
vn 0.8153 0.4006 0.4181
vn 0.8246 0.3688 0.4290
vn 0.8464 0.3832 0.3697
vn 0.8878 0.3211 0.3296
vn 0.1073 0.9942 -0.0024
vn 0.7562 0.4165 0.5046
vn 0.8717 0.4893 0.0267
vn 0.8103 0.3679 0.4561
vn 0.8158 0.4003 0.4173
vn 0.1033 0.9945 -0.0150
vn 0.3883 0.8290 0.4025
vn 0.7537 0.4643 0.4651
vn 0.7678 0.4236 0.4806
vn 0.2224 0.9735 -0.0526
vn 0.7866 0.4487 0.4242
vn 0.7764 0.4309 0.4600
vn 0.3832 0.8812 0.2769
vn 0.1087 0.6547 0.7480
vn 0.8309 0.5554 0.0337
vn 0.6337 0.7710 -0.0636
vn 0.7609 0.4584 0.4593
vn 0.1364 0.9904 -0.0246
vn 0.6881 0.5174 0.5087
vn 0.8412 0.5407 -0.0015
vn 0.7557 0.4646 0.4615
vn 0.7455 0.5020 0.4384
vn 0.6725 0.7018 0.2349
vn 0.7596 0.6497 -0.0287
vn 0.7144 0.4780 0.5110
vn 0.9516 0.2322 0.2012
vn 0.9574 0.2514 0.1422
vn 0.7048 0.5243 0.4780
vn 0.2742 0.9606 -0.0455
vn 0.6859 0.7261 -0.0480
vn 0.7094 0.7046 -0.0170
vn 0.7248 0.5145 0.4581
vn 0.3801 0.9240 -0.0419
vn 0.1539 0.9856 -0.0697
vn 0.6828 0.5554 0.4747
vn 0.5383 0.6017 0.5901
vn 0.8876 0.4575 -0.0539
vn 0.6409 0.5656 0.5191
vn 0.6119 0.5945 0.5217
vn 0.0878 0.6357 0.7670
vn 0.9290 0.3268 0.1736
vn 0.1978 0.9796 -0.0365
vn 0.9321 0.3182 0.1730
vn 0.9577 0.2878 0.0018
vn 0.5641 0.5950 0.5725
vn 0.5924 0.5988 0.5389
vn 0.6361 0.7323 0.2431
vn 0.5567 0.7975 0.2325
vn 0.4501 0.8892 -0.0817
vn 0.4405 0.8945 -0.0766
vn 0.5294 0.6258 0.5728
vn 0.8764 0.3564 0.3238
vn 0.2102 0.9697 -0.1242
vn 0.6316 0.6065 0.4830
vn 0.5375 0.6474 0.5403
vn 0.5162 0.8545 -0.0584
vn 0.9512 0.3079 -0.0190
vn 0.9046 0.3791 0.1951
vn 0.0731 0.7000 0.7104
vn 0.2190 0.9700 -0.1053
vn 0.9585 0.2851 0.0008
vn 0.5668 0.6467 0.5104
vn 0.9791 0.2008 0.0309
vn 0.5021 0.8512 -0.1528
vn 0.9715 0.1806 0.1533
vn 0.6703 0.7047 0.2327
vn 0.9817 0.1799 0.0624
vn 0.9102 0.3690 0.1883
vn 0.8579 0.4661 0.2160
vn 0.5982 0.6212 0.5063
vn 0.5164 0.6281 0.5820
vn 0.6996 0.5826 0.4137
vn 0.2944 0.9502 -0.1023
vn 0.5265 0.8413 -0.1223
vn 0.9507 0.2455 0.1893
vn 0.2280 0.9226 0.3110
vn 0.6491 0.6101 0.4544
vn 0.9251 0.2821 0.2543
vn 0.6163 0.6400 0.4588
vn 0.6381 0.6085 0.4718
vn 0.8037 0.5903 -0.0749
vn 0.0544 0.6579 0.7512
vn 0.9509 0.3089 -0.0180
vn 0.4921 0.6140 0.6171
vn 0.4302 0.6524 0.6240
vn 0.2820 0.9489 -0.1415
vn 0.6058 0.7674 0.2100
vn 0.4534 0.6616 0.5972
vn 0.0449 0.7759 0.6293
vn 0.2278 0.9457 0.2320
vn 0.7031 0.6849 -0.1910
vn 0.9361 0.3475 -0.0550
vn 0.0733 0.7004 0.7099
vn 0.3421 0.9186 -0.1979
vn 0.9735 0.2283 -0.0112
vn 0.5277 0.6615 0.5328
vn 0.0252 0.7303 0.6826
vn 0.8365 0.5339 -0.1232
vn 0.8531 0.5039 -0.1355
vn 0.8726 0.4426 0.2068
vn 0.8945 0.3431 0.2865
vn 0.5680 0.6580 0.4944
vn 0.3529 0.9005 -0.2542
vn 0.9352 0.3501 -0.0529
vn 0.4686 0.6728 0.5725
vn 0.9550 0.2383 0.1765
vn 0.8873 0.4437 -0.1262
vn 0.4039 0.6938 0.5963
vn 0.8819 0.4523 -0.1331
vn 0.8607 0.4925 -0.1290
vn 0.2695 0.9311 0.2457
vn 0.9870 0.1540 0.0455
vn 0.2098 0.9555 0.2074
vn 0.0356 0.6366 0.7704
vn 0.9648 0.2092 0.1597
vn 0.4440 0.8653 -0.2326
vn 0.3838 0.8965 -0.2213
vn 0.8941 0.4116 0.1765
vn 0.9825 0.1864 -0.0012
vn 0.9809 0.1942 0.0041
vn 0.9505 0.3010 -0.0774
vn 0.1882 0.9457 0.2651
vn 0.9323 0.3150 0.1777
vn 0.6156 0.6389 0.4614
vn 0.6637 0.6209 0.4171
vn 0.4386 0.8652 -0.2429
vn 0.0093 0.6529 0.7574
vn 0.9367 0.2744 0.2177
vn 0.9308 0.3425 -0.1282
vn 0.9460 0.3159 -0.0722
vn 0.9842 0.1751 0.0254
vn 0.9723 0.2318 -0.0283
vn 0.1910 0.9596 0.2066
vn 0.7916 0.5538 -0.2582
vn 0.7574 0.5959 -0.2669
vn 0.9713 0.2311 -0.0565
vn 0.7507 0.6008 -0.2748
vn 0.8774 0.4405 0.1901
vn 0.8398 0.5069 0.1943
vn 0.8464 0.4776 -0.2357
vn 0.8225 0.5022 -0.2672
vn 0.9194 0.3451 -0.1887
vn 0.9171 0.3804 -0.1192
vn 0.5436 0.7944 -0.2709
vn 0.9801 0.1931 -0.0462
vn 0.9185 0.3147 0.2394
vn 0.5306 0.6794 0.5069
vn 0.9917 0.1273 0.0191
vn 0.5337 0.7515 -0.3879
vn 0.4839 0.6983 0.5274
vn 0.6508 0.6756 -0.3465
vn 0.9579 0.2433 0.1526
vn 0.6988 0.6468 -0.3054
vn 0.5914 0.6579 0.4662
vn 0.2497 0.9534 0.1694
vn 0.5074 0.6984 0.5048
vn 0.9074 0.3782 -0.1832
vn 0.9017 0.3493 -0.2547
vn 0.5840 0.6740 0.4523
vn 0.3906 0.6915 0.6077
vn 0.9818 0.1856 -0.0408
vn 0.9738 0.2179 -0.0656
vn 0.9704 0.2051 0.1273
vn 0.6987 0.4764 0.5337
vn 0.9895 0.1441 -0.0080
vn 0.9432 0.2912 -0.1601
vn 0.1528 0.9654 0.2114
vn 0.8684 0.3656 0.3350
vn 0.5312 0.6985 0.4795
vn 0.6378 0.6571 -0.4018
vn 0.8910 0.3456 0.2946
vn 0.9812 0.1886 -0.0408
vn 0.9582 0.2621 0.1149
vn 0.1413 0.9724 0.1855
vn 0.8035 0.5059 -0.3138
vn 0.7345 0.5714 -0.3660
vn 0.9043 0.3470 -0.2485
vn 0.8998 0.3558 -0.2527
vn 0.9919 0.1263 0.0111
vn 0.7011 0.6166 -0.3583
vn 0.7702 0.5140 -0.3778
vn 0.9946 0.1034 -0.0028
vn 0.0275 0.7336 0.6790
vn 0.1062 0.9827 0.1516
vn 0.8158 0.4004 0.4173
vn 0.9721 0.2108 -0.1028
vn 0.9741 0.1967 -0.1111
vn 0.8597 0.4907 0.1418
vn 0.7258 0.5828 -0.3655
vn 0.6462 0.6293 -0.4317
vn 0.9895 0.1440 -0.0116
vn 0.7680 0.6187 0.1658
vn 0.8174 0.5444 0.1883
vn 0.9828 0.1732 -0.0642
vn 0.9791 0.1695 -0.1126
vn 0.1932 0.9598 0.2035
vn 0.9556 0.2235 -0.1922
vn 0.9222 0.2792 -0.2677
vn 0.0219 0.7913 0.6111
vn 0.7020 0.5555 -0.4456
vn 0.9928 0.1159 -0.0315
vn 0.0104 0.8048 0.5935
vn 0.9944 0.1014 0.0286
vn 0.8242 0.4228 -0.3767
vn 0.9567 0.2230 -0.1870
vn 0.9703 0.1873 -0.1531
vn 0.4766 0.7206 0.5036
vn 0.7316 0.5368 -0.4201
vn 0.8704 0.3940 0.2954
vn 0.9445 0.3039 0.1247
vn 0.9130 0.3820 0.1430
vn 0.8468 0.3838 0.3683
vn 0.5158 0.7272 0.4529
vn 0.8119 0.4459 0.3768
vn 0.8108 0.4334 -0.3933
vn 0.4556 0.7399 0.4950
vn 0.7753 0.4880 -0.4010
vn 0.7020 0.6221 0.3468
vn 0.1379 0.9720 0.1903
vn 0.7985 0.4390 -0.4120
vn 0.9396 0.2595 -0.2231
vn 0.5314 0.7274 0.4342
vn 0.9011 0.3396 0.2696
vn 0.1850 0.9734 0.1354
vn 0.5966 0.6787 0.4282
vn 0.1758 0.9768 0.1227
vn 0.7939 0.4405 -0.4191
vn 0.8310 0.3747 -0.4113
vn 0.9980 0.0634 -0.0040
vn 0.2250 0.9664 0.1244
vn 0.9980 0.0628 -0.0067
vn 0.9946 0.1038 -0.0059
vn 0.1322 0.9844 0.1157
vn 0.1608 0.9765 0.1435
vn 0.9441 0.2038 -0.2591
vn 0.5694 0.7166 0.4028
vn 0.9347 0.2265 -0.2740
vn 0.9923 0.1147 -0.0474
vn 0.9626 0.1713 -0.2097
vn 0.9632 0.1691 -0.2088
vn 0.9508 0.3008 0.0745
vn 0.8395 0.4191 0.3459
vn 0.9755 0.1445 -0.1662
vn 0.8707 0.3050 -0.3857
vn 0.8424 0.3628 -0.3984
vn 0.8136 0.5613 0.1518
vn 0.8392 0.5331 0.1075
vn 0.7732 0.6128 0.1629
vn 0.7331 0.6654 0.1406
vn 0.4624 0.7629 0.4518
vn 0.4989 0.7393 0.4522
vn 0.8607 0.3141 -0.4006
vn 0.9185 0.3710 0.1368
vn 0.9986 0.0504 -0.0168
vn 0.9389 0.1794 -0.2936
vn 0.9264 0.2158 -0.3085
vn 0.9457 0.1717 -0.2759
vn 0.9971 0.0716 -0.0255
vn 0.9323 0.1939 -0.3052
vn 0.8070 0.4424 0.3912
vn 0.5260 0.7474 0.4059
vn 0.9704 0.1980 0.1386
vn 0.9038 0.2461 -0.3502
vn 0.9556 0.1452 -0.2564
vn 0.8242 0.5543 0.1159
vn 0.9707 0.1091 -0.2143
vn 0.9379 0.2788 0.2065
vn 0.8730 0.4781 0.0960
vn 0.8655 0.4770 0.1531
vn 0.6709 0.5137 0.5348
vn 0.4693 0.7749 0.4234
vn 0.9983 0.0501 -0.0291
vn 0.9839 0.0750 -0.1621
vn 0.9991 0.0311 -0.0296
vn 0.9973 0.0495 -0.0544
vn 0.9726 0.0912 -0.2138
vn 0.9032 0.4130 0.1167
vn 0.9524 0.1284 -0.2766
vn 0.9964 0.0310 -0.0783
vn 0.9958 0.0433 -0.0806
vn 0.9799 0.0552 -0.1915
vn 0.9311 0.3485 0.1080
vn 0.9898 0.0538 -0.1322
vn 0.9913 0.0431 -0.1244
vn 0.7548 0.4901 0.4361
vn 0.9664 0.0945 -0.2391
vn 0.9951 0.0225 -0.0963
vn 0.9528 0.1277 -0.2753
vn 0.9919 0.0422 -0.1199
vn 0.9660 0.0950 -0.2405
vn 0.9685 0.2300 0.0950
vn 0.5724 0.7416 0.3500
vn 0.9439 0.3267 0.0488
vn 0.9313 0.3499 0.1007
vn 0.5686 0.7455 0.3477
vn 0.5018 0.7764 0.3814
vn 0.9982 0.0275 -0.0530
vn 0.8482 0.4127 0.3320
vn 0.9796 0.0591 -0.1923
vn 0.9744 0.0756 -0.2119
vn 0.9951 0.0224 -0.0959
vn 0.9605 0.2396 0.1413
vn 0.9930 0.0200 -0.1165
vn 0.9879 0.0354 -0.1509
vn 0.5026 0.7756 0.3818
vn 0.9797 0.0589 -0.1914
vn 0.8360 0.5427 0.0815
vn 0.8527 0.5182 0.0654
vn 0.9997 0.0057 -0.0226
vn 0.9860 0.0438 -0.1610
vn 0.6152 0.5367 0.5775
vn 0.8740 0.4758 0.0993
vn 0.9541 0.2401 0.1789
vn 0.9925 0.0203 -0.1208
vn 0.9150 0.4012 0.0426
vn 0.9466 0.2772 0.1647
vn 0.9994 0.0027 -0.0331
vn 0.9987 0.0034 -0.0516
vn 0.9982 0.0064 -0.0591
vn 0.8116 0.5822 0.0478
vn 0.9062 0.3454 0.2439
vn 0.8319 0.4966 0.2477
vn 0.8573 0.4545 0.2420
vn 0.5350 0.7791 0.3268
vn 0.9565 0.2393 0.1668
vn 0.9626 0.2682 0.0390
vn 0.9538 0.2843 0.0975
vn 0.1173 0.9916 0.0538
vn 0.5224 0.8526 0.0066
vn 0.8591 0.4591 0.2263
vn 0.8673 0.4429 0.2270
vn 0.4462 0.8186 0.3616
vn 0.4010 0.7976 0.4505
vn 0.0913 0.9921 0.0859
vn 0.0520 0.9954 0.0804
vn 0.2315 0.7844 0.5754
vn 0.9778 0.1992 0.0644
vn 0.5830 0.8108 0.0518
vn 0.9387 0.2975 0.1740
vn 0.9232 0.3186 0.2149
vn 0.4244 0.8144 0.3957
vn 0.3302 0.8431 0.4245
vn 0.5351 0.7790 0.3268
vn 0.1998 0.8403 0.5039
vn 0.9296 0.3632 0.0630
vn 0.9160 0.3984 0.0480
vn 0.2644 0.8047 0.5316
vn 0.9058 0.3463 0.2442
vn 0.8706 0.4019 0.2837
vn 0.0096 0.9573 0.2891
vn 0.8442 0.4836 0.2312
vn 0.2341 0.8377 0.4934
vn 0.5001 0.8092 0.3084
vn 0.3591 0.9332 -0.0153
vn 0.4076 0.8399 0.3584
vn 0.3744 0.8343 0.4048
vn 0.1637 0.6991 0.6960
vn 0.8022 0.5411 0.2522
vn 0.7987 0.4769 0.3670
vn 0.8125 0.4505 0.3700
vn 0.7649 0.4897 0.4185
vn 0.2311 0.8578 0.4591
vn 0.4288 0.9034 -0.0091
vn 0.2230 0.8609 0.4573
vn 0.1430 0.8026 0.5791
vn 0.1470 0.8085 0.5698
vn 0.8989 0.3851 0.2090
vn 0.5667 0.8231 -0.0366
vn 0.2887 0.8832 0.3696
vn 0.3183 0.8650 0.3879
vn 0.1278 0.9909 0.0431
vn 0.6402 0.5427 0.5438
vn 0.9230 0.3348 0.1896
vn 0.4998 0.8661 0.0067
vn 0.1296 0.7304 0.6707
vn 0.8747 0.3943 0.2817
vn 0.1319 0.6307 0.7647
vn 0.8171 0.5267 0.2342
vn 0.5841 0.8116 -0.0126
vn 0.9404 0.2841 0.1869
vn 0.1346 0.8306 0.5404
vn 0.4437 0.8962 0.0038
vn 0.3086 0.8925 0.3290
vn 0.3089 0.8925 0.3288
vn 0.1277 0.7507 0.6482
vn 0.5490 0.5728 0.6087
vn 0.5805 0.5688 0.5827
vn 0.7214 0.6910 0.0470
vn 0.8720 0.4415 0.2113
vn 0.1756 0.8972 0.4053
vn 0.9591 0.2474 0.1378
vn 0.9301 0.3674 -0.0035
vn 0.4995 0.8663 0.0063
vn 0.7571 0.6033 0.2505
vn 0.0922 0.7334 0.6735
vn 0.0946 0.8595 0.5023
vn 0.9084 0.4152 0.0502
vn 0.8776 0.4790 0.0215
vn 0.2181 0.9213 0.3219
vn 0.2596 0.9152 0.3083
vn 0.1586 0.9154 0.3700
vn 0.5476 0.7967 0.2558
vn 0.0059 0.9923 0.1233
vn 0.1306 0.8929 0.4310
vn 0.1308 0.8927 0.4312
vn 0.9431 0.3303 0.0392
vn 0.8406 0.4406 0.3149
vn 0.9579 0.2832 0.0466
vn 0.8374 0.4463 0.3157
vn 0.7786 0.5857 0.2250
vn 0.7016 0.5524 0.4501
vn 0.0994 0.8529 0.5125
vn 0.5049 0.8617 -0.0500
vn 0.9773 0.2036 0.0587
vn 0.9791 0.1966 0.0523
vn 0.0937 0.8897 0.4468
vn 0.2124 0.9321 0.2935
vn 0.9024 0.4310 0.0012
vn 0.0870 0.8964 0.4345
vn 0.4820 0.8491 0.2159
vn 0.1020 0.9209 0.3761
vn 0.1354 0.9211 0.3651
vn 0.3227 0.9152 0.2414
vn 0.7402 0.5365 0.4053
vn 0.3988 0.8868 0.2336
vn 0.0094 0.9901 0.1399
vn 0.9506 0.3100 0.0178
vn 0.0846 0.9322 0.3520
vn 0.5641 0.8177 -0.1148
vn 0.3369 0.9394 -0.0641
vn 0.9239 0.3785 -0.0565
vn 0.2743 0.9426 0.1904
vn 0.6200 0.7604 0.1934
vn 0.6107 0.7891 -0.0663
vn 0.5556 0.8138 0.1704
vn 0.0755 0.9102 0.4073
vn 0.3465 0.9199 0.1834
vn 0.0779 0.9415 0.3278
vn 0.0914 0.9342 0.3449
vn 0.0657 0.8783 0.4737
vn 0.0632 0.9074 0.4156
vn 0.9739 0.2254 0.0249
vn 0.0626 0.8356 0.5458
vn 0.1359 0.9502 0.2803
vn 0.1229 0.9551 0.2697
vn 0.2711 0.9613 -0.0497
vn 0.0783 0.9591 0.2718
vn 0.3527 0.9165 0.1889
vn 0.4083 0.8996 0.1551
vn 0.4882 0.8608 0.1437
vn 0.4170 0.8960 0.1525
vn 0.3695 0.9217 0.1183
vn 0.8995 0.4356 -0.0336
vn 0.3634 0.9249 -0.1119
vn 0.7877 0.5078 0.3488
vn 0.7983 0.4902 0.3499
vn 0.6231 0.7688 0.1437
vn 0.3760 0.9215 -0.0973
vn 0.5184 0.8499 0.0943
vn 0.0713 0.9563 0.2835
vn 0.9690 0.2455 0.0261
vn 0.1074 0.9696 0.2198
vn 0.1035 0.9682 0.2279
vn 0.7059 0.5502 0.4460
vn 0.6854 0.7129 0.1481
vn 0.7068 0.5492 0.4459
vn 0.4538 0.8762 -0.1624
vn 0.0347 0.9111 0.4107
vn 0.6432 0.5930 0.4844
vn 0.0325 0.7215 0.6916
vn 0.4183 0.8983 -0.1343
vn 0.3378 0.9322 0.1298
vn 0.0532 0.6558 0.7531
vn 0.5244 0.8211 -0.2253
vn 0.9666 0.2366 0.0987
vn 0.8410 0.4525 0.2967
vn 0.0215 0.8878 0.4596
vn 0.0657 0.9751 0.2116
vn 0.0717 0.9789 0.1916
vn 0.9171 0.3804 -0.1193
vn 0.4549 0.8817 0.1254
vn 0.4388 0.8942 0.0886
vn 0.8829 0.3927 0.2575
vn 0.0273 0.9372 0.3477
vn 0.8708 0.4679 -0.1505
vn 0.5804 0.7619 -0.2875
vn 0.0279 0.9363 0.3502
vn 0.0306 0.9565 0.2902
vn 0.0243 0.9590 0.2824
vn 0.7314 0.6671 0.1413
vn 0.6740 0.7288 0.1207
vn 0.0529 0.9757 0.2125
vn 0.2802 0.9549 0.0978
vn 0.0159 0.6829 0.7303
vn 0.5070 0.8566 0.0959
vn 0.5906 0.7999 0.1063
vn 0.8624 0.4471 -0.2375
vn 0.0472 0.9877 0.1493
vn 0.1610 0.9764 0.1440
vn 0.8732 0.4350 -0.2195
vn 0.5446 0.8367 0.0581
vn 0.7849 0.5579 -0.2696
vn 0.1250 0.9850 0.1187
vn 0.3657 0.9304 0.0244
vn 0.4672 0.8822 0.0590
vn 0.7226 0.6858 0.0865
vn 0.4566 0.8884 0.0486
vn 0.0020 0.6985 0.7157
vn 0.0149 0.6813 0.7319
vn 0.1696 0.9832 0.0678
vn 0.4104 0.9102 0.0559
vn 0.6077 0.7931 0.0416
vn 0.8695 0.3971 -0.2936
vn 0.0483 0.9881 0.1462
vn 0.0514 0.9956 0.0786
vn 0.8419 0.4323 -0.3230
vn -0.0038 0.7553 0.6554
vn 0.9202 0.3626 0.1478
vn 0.7224 0.5710 0.3899
vn 0.7415 0.5368 0.4024
vn 0.0333 0.7221 0.6910
vn 0.7475 0.6631 0.0392
vn 0.0083 0.9363 0.3511
vn 0.3059 0.9521 0.0023
vn 0.8216 0.4683 -0.3249
vn 0.8636 0.4091 -0.2945
vn 0.3843 0.9232 0.0111
vn 0.0065 0.9843 0.1762
vn 0.0162 0.9690 0.2464
vn 0.2522 0.9675 0.0170
vn 0.8544 0.3916 -0.3415
vn 0.0874 0.9953 0.0428
vn 0.8816 0.3459 -0.3213
vn 0.8333 0.4674 0.2952
vn 0.0222 0.9935 0.1119
vn 0.2955 0.9553 -0.0092
vn 0.9164 0.2925 -0.2734
vn 0.0344 0.9907 0.1320
vn 0.1631 0.9866 -0.0025
vn 0.1553 0.9878 0.0077
vn 0.7666 0.6419 -0.0183
vn 0.8331 0.5455 -0.0913
vn 0.8263 0.5631 0.0118
vn 0.8466 0.5291 -0.0576
vn 0.7790 0.6176 -0.1086
vn 0.9287 0.2979 -0.2209
vn 0.7667 0.6418 -0.0184
vn 0.8702 0.4910 -0.0399
vn 0.9180 0.2913 -0.2690
vn 0.7010 0.7062 -0.0994
vn 0.7306 0.6724 -0.1189
vn 0.6609 0.7361 -0.1461
vn 0.9314 0.3072 0.1952
vn 0.6457 0.7525 -0.1297
vn 0.7633 0.6386 -0.0983
vn 0.9198 0.3633 0.1484
vn 0.8662 0.3527 -0.3541
vn 0.7647 0.6289 -0.1402
vn 0.9889 0.1355 -0.0607
vn 0.7864 0.5906 -0.1807
vn 0.7352 0.6530 -0.1817
vn 0.7168 0.6690 -0.1968
vn 0.9625 0.2684 -0.0397
vn 0.9614 0.2706 -0.0496
vn 0.5692 0.7988 -0.1947
vn 0.9715 0.2356 -0.0252
vn 0.8133 0.5585 -0.1631
vn 0.5763 0.7924 -0.1996
vn 0.8918 0.4209 0.1658
vn 0.8173 0.5458 -0.1847
vn 0.8456 0.4926 -0.2056
vn 0.5166 0.8282 -0.2171
vn 0.6310 0.7403 -0.2319
vn 0.9859 0.1256 -0.1107
vn 0.7781 0.5866 -0.2248
vn 0.5109 0.8040 -0.3041
vn 0.9092 0.2742 -0.3133
vn 0.4474 0.8414 -0.3032
vn 0.6929 0.6542 -0.3031
vn 0.6433 0.7246 -0.2472
vn 0.6297 0.7068 -0.3223
vn 0.8830 0.3119 -0.3509
vn 0.8641 0.3533 -0.3584
vn 0.9003 0.3875 -0.1983
vn 0.5730 0.7454 -0.3407
vn 0.9651 0.2441 0.0945
vn 0.9295 0.3327 -0.1595
vn 0.9625 0.2484 -0.1085
vn 0.9550 0.2537 -0.1538
vn 0.9592 0.2642 -0.1005
vn 0.9863 0.1066 -0.1255
vn 0.9865 0.1633 -0.0102
vn 0.9859 0.1590 -0.0514
vn 0.9761 0.1403 -0.1658
vn 0.9318 0.2927 -0.2146
vn 0.9333 0.2858 -0.2174
vn 0.9695 0.1919 -0.1523
vn 0.9723 0.1975 0.1247
vn 0.9304 0.2450 -0.2725
vn 0.9552 0.2005 -0.2177
vn 0.9970 0.0718 -0.0279
vn 0.8990 0.4095 0.1554
vn 0.9679 0.1335 -0.2130
vn 0.8772 0.4583 0.1433
vn 0.9555 0.1455 -0.2565
vn 0.9959 0.0681 -0.0599
vn 0.9266 0.1861 -0.3267
vn 0.9427 0.1554 -0.2951
vn 0.9563 0.2484 0.1542
vn 0.9390 0.1601 -0.3043
vn 0.9157 0.3401 0.2141
vn 0.9862 0.0426 -0.1601
vn 0.9069 0.3588 0.2207
vn 0.2802 0.8357 0.4723
vn 0.3004 0.8119 0.5007
vn 0.1624 0.7636 0.6249
vn 0.1559 0.7131 0.6835
vn 0.1574 0.7590 0.6318
vn 0.1531 0.7642 0.6265
vn 0.3063 0.8426 0.4430
vn 0.7850 0.5226 0.3327
vn 0.2746 0.8311 0.4836
vn 0.7857 0.5214 0.3327
vn 0.2717 0.8693 0.4130
vn 0.2379 0.8597 0.4521
vn 0.3547 0.8483 0.3931
vn 0.2152 0.8718 0.4401
vn 0.9935 0.0985 -0.0563
vn 0.2701 0.8838 0.3820
vn 0.2256 0.9030 0.3656
vn 0.7282 0.5725 0.3767
vn 0.1149 0.7996 0.5895
vn 0.1160 0.8021 0.5858
vn 0.2081 0.9016 0.3793
vn 0.8152 0.5356 0.2203
vn 0.8391 0.4949 0.2259
vn 0.8178 0.5324 0.2187
vn 0.0991 0.8417 0.5307
vn 0.2023 0.9279 0.3132
vn 0.9786 0.1360 -0.1547
vn 0.5801 0.7823 0.2271
vn 0.5349 0.8193 0.2066
vn 0.9876 0.0942 -0.1258
vn 0.0908 0.7979 0.5960
vn 0.3921 0.8929 0.2213
vn 0.9038 0.4120 0.1155
vn 0.0722 0.8686 0.4902
vn 0.5663 0.8075 0.1651
vn 0.9814 0.1067 -0.1599
vn 0.0523 0.9361 0.3478
vn 0.8997 0.2597 -0.3508
vn 0.0518 0.9650 0.2570
vn 0.0333 0.9621 0.2707
vn 0.0222 0.4177 -0.9083
vn 0.0683 0.2805 -0.9574
vn 0.0471 0.3802 -0.9237
vn 0.1682 0.5208 -0.8369
vn 0.2030 0.6538 -0.7289
vn 0.1986 0.9665 -0.1626
vn 0.2397 0.9036 -0.3549
vn 0.2063 0.6208 -0.7564
vn 0.0246 0.2106 -0.9773
vn 0.2611 0.7422 -0.6172
vn 0.0050 0.3553 -0.9347
vn 0.0819 0.4123 -0.9074
vn 0.1857 0.5990 -0.7789
vn 0.0590 0.2963 -0.9533
vn 0.2412 0.9342 -0.2627
vn 0.2442 0.6848 -0.6866
vn 0.2197 0.4504 -0.8654
vn 0.2505 0.7571 -0.6033
vn 0.2395 0.6943 -0.6787
vn 0.2396 0.5140 -0.8236
vn 0.1596 0.4223 -0.8923
vn 0.1565 0.3257 -0.9324
vn 0.2552 0.8775 -0.4060
vn 0.1144 0.3935 -0.9122
vn 0.2439 0.9549 -0.1693
vn 0.3000 0.7253 -0.6196
vn 0.2028 0.3631 -0.9094
vn 0.1041 0.3074 -0.9459
vn 0.1482 0.4237 -0.8936
vn 0.2889 0.6568 -0.6965
vn 0.1360 0.2893 -0.9475
vn 0.2609 0.9147 -0.3086
vn 0.2870 0.8941 -0.3438
vn 0.2710 0.9395 -0.2097
vn 0.3151 0.8978 -0.3076
vn 0.3040 0.9063 -0.2935
vn 0.2484 0.4761 -0.8436
vn 0.3265 0.7513 -0.5735
vn 0.2679 0.5567 -0.7863
vn 0.0914 0.1771 -0.9799
vn 0.1279 0.2536 -0.9588
vn 0.2938 0.6683 -0.6834
vn 0.2142 0.3894 -0.8958
vn 0.0591 0.2762 -0.9593
vn 0.2114 0.2772 -0.9373
vn 0.0388 0.1788 -0.9831
vn 0.2392 0.4948 -0.8355
vn 0.2816 0.7436 -0.6065
vn 0.1388 0.1527 -0.9785
vn 0.1418 0.1483 -0.9787
vn 0.2706 0.5722 -0.7742
vn 0.2491 0.3554 -0.9009
vn 0.3304 0.6155 -0.7155
vn 0.1717 0.1821 -0.9682
vn 0.3613 0.8321 -0.4208
vn 0.2525 0.3628 -0.8970
vn 0.2665 0.9464 -0.1827
vn 0.2709 0.2859 -0.9192
vn 0.2785 0.4030 -0.8718
vn 0.2906 0.4978 -0.8172
vn 0.3096 0.3333 -0.8905
vn 0.3312 0.9166 -0.2242
vn 0.4214 0.6416 -0.6409
vn 0.0843 0.1682 -0.9821
vn 0.1850 0.0297 -0.9823
vn 0.3739 0.8503 -0.3704
vn 0.3418 0.8777 -0.3357
vn 0.4322 0.7380 -0.5182
vn 0.3098 0.3343 -0.8901
vn 0.5385 0.5635 -0.6265
vn 0.1021 0.0958 -0.9901
vn 0.3350 0.2851 -0.8980
vn 0.4012 0.7821 -0.4768
vn 0.1934 0.2611 -0.9457
vn 0.2252 0.0344 -0.9737
vn 0.3508 0.8909 -0.2885
vn 0.3779 0.8280 -0.4142
vn 0.3126 0.9159 -0.2520
vn 0.3041 0.5676 -0.7651
vn 0.3440 0.5137 -0.7860
vn 0.2036 0.0876 -0.9751
vn 0.1022 0.0381 -0.9940
vn 0.0952 0.0627 -0.9935
vn 0.2248 0.2088 -0.9518
vn 0.3644 0.3232 -0.8733
vn 0.3779 0.5791 -0.7223
vn 0.3297 0.6974 -0.6363
vn 0.4053 0.7914 -0.4576
vn 0.3387 0.4174 -0.8433
vn 0.3344 0.4077 -0.8497
vn 0.2410 0.0374 -0.9698
vn 0.3625 0.2460 -0.8989
vn 0.4093 0.7892 -0.4577
vn 0.1214 0.0429 -0.9917
vn 0.3732 0.6489 -0.6631
vn 0.2770 0.0465 -0.9597
vn 0.2014 0.1220 -0.9719
vn 0.4388 0.6716 -0.5970
vn 0.4509 0.6877 -0.5690
vn 0.4053 0.2732 -0.8724
vn 0.4832 0.5831 -0.6530
vn 0.4181 0.7410 -0.5254
vn 0.1709 0.0534 -0.9838
vn 0.2846 0.0335 -0.9581
vn 0.4125 0.8255 -0.3852
vn 0.4370 0.7789 -0.4498
vn 0.4538 0.6926 -0.5606
vn 0.3820 0.6134 -0.6912
vn 0.2295 0.1590 -0.9602
vn 0.4018 0.2119 -0.8909
vn 0.3854 0.6692 -0.6353
vn 0.3540 0.5419 -0.7622
vn 0.3371 -0.0101 -0.9414
vn 0.4618 0.8286 -0.3164
vn 0.4590 0.6430 -0.6130
vn 0.3268 0.0393 -0.9443
vn 0.3280 0.0419 -0.9437
vn 0.2652 0.2329 -0.9356
vn 0.3791 0.3938 -0.8373
vn 0.4268 0.5420 -0.7239
vn 0.2684 0.2234 -0.9371
vn 0.3941 0.3464 -0.8513
vn 0.4397 0.2364 -0.8664
vn 0.4394 0.2357 -0.8668
vn 0.3749 0.3852 -0.8433
vn 0.4998 0.7705 -0.3957
vn 0.3471 0.0286 -0.9374
vn 0.3764 0.0457 -0.9253
vn 0.4231 0.6463 -0.6350
vn 0.2733 0.1179 -0.9547
vn 0.4994 0.6087 -0.6166
vn 0.4730 0.2323 -0.8499
vn 0.5559 0.7310 -0.3958
vn 0.4781 0.2206 -0.8502
vn 0.3877 0.0293 -0.9213
vn 0.2807 0.1363 -0.9501
vn 0.4092 0.4841 -0.7734
vn 0.4329 0.4375 -0.7882
vn 0.3251 0.1908 -0.9262
vn 0.3944 0.3627 -0.8443
vn 0.4225 0.0362 -0.9057
vn 0.4236 0.0385 -0.9050
vn 0.4179 0.0552 -0.9068
vn 0.4761 0.5094 -0.7169
vn 0.5371 0.5404 -0.6477
vn 0.5119 0.2539 -0.8206
vn 0.3331 0.2121 -0.9187
vn 0.5008 0.1414 -0.8539
vn 0.4482 0.0882 -0.8896
vn 0.4252 0.3556 -0.8323
vn 0.4510 0.0126 -0.8924
vn 0.4424 0.3349 -0.8320
vn 0.5677 0.4663 -0.6784
vn 0.5384 0.1821 -0.8228
vn 0.4681 0.0398 -0.8828
vn 0.3388 0.1233 -0.9327
vn 0.3340 0.1356 -0.9328
vn 0.5897 0.6704 -0.4504
vn 0.4890 0.0584 -0.8703
vn 0.4539 0.4686 -0.7579
vn 0.5364 0.1866 -0.8230
vn 0.4769 0.5194 -0.7091
vn 0.6043 0.5577 -0.5690
vn 0.6178 0.6785 -0.3975
vn 0.3889 0.1703 -0.9054
vn 0.4821 0.0179 -0.8759
vn 0.4810 0.3343 -0.8105
vn 0.5638 0.2251 -0.7946
vn 0.4578 0.7471 -0.4819
vn 0.5140 0.0270 -0.8573
vn 0.5176 0.0356 -0.8549
vn 0.6273 0.4182 -0.6570
vn 0.5621 0.1963 -0.8034
vn 0.3819 0.1259 -0.9156
vn 0.4697 0.3592 -0.8065
vn 0.6293 0.5148 -0.5822
vn 0.4769 0.4490 -0.7556
vn 0.4814 0.5648 -0.6702
vn 0.3859 0.1194 -0.9148
vn 0.5151 0.5090 -0.6896
vn 0.6591 0.4827 -0.5767
vn 0.6857 0.5801 -0.4397
vn 0.5147 0.3747 -0.7712
vn -0.0064 1.0000 -0.0030
vn 0.5112 0.3256 -0.7954
vn 0.6075 0.1428 -0.7814
vn 0.5463 0.0597 -0.8354
vn 0.5622 0.0227 -0.8267
vn 0.6570 0.4711 -0.5886
vn 0.7284 0.4813 -0.4876
vn 0.4303 0.1490 -0.8903
vn 0.6063 0.1373 -0.7833
vn 0.0187 0.9929 -0.1172
vn 0.5958 0.0439 -0.8019
vn 0.5192 0.4390 -0.7333
vn 0.4368 0.1250 -0.8908
vn 0.6011 0.0349 -0.7984
vn 0.4983 0.2818 -0.8199
vn 0.6473 0.2171 -0.7307
vn 0.6555 0.1396 -0.7422
vn 0.0163 0.9904 -0.1369
vn 0.7341 0.4860 -0.4742
vn 0.6548 0.1411 -0.7425
vn 0.6598 0.0695 -0.7482
vn 0.5616 0.6410 -0.5232
vn 0.5206 0.4747 -0.7096
vn 0.7834 0.4142 -0.4633
vn 0.5185 0.3881 -0.7619
vn 0.6443 0.0482 -0.7632
vn 0.4784 0.1593 -0.8636
vn 0.6898 0.1245 -0.7132
vn 0.7523 0.3154 -0.5784
vn 0.6969 0.1411 -0.7032
vn 0.7833 0.4141 -0.4636
vn 0.6608 0.0085 -0.7505
vn 0.5430 0.2683 -0.7957
vn 0.4752 0.1685 -0.8636
vn 0.8276 0.3401 -0.4465
vn 0.7274 0.1080 -0.6777
vn 0.7941 0.3034 -0.5267
vn 0.7857 0.2588 -0.5619
vn 0.7037 0.0272 -0.7100
vn 0.6946 0.0573 -0.7171
vn 0.7255 0.1045 -0.6802
vn 0.8262 0.3376 -0.4510
vn 0.8220 0.2729 -0.4998
vn 0.7563 0.1049 -0.6457
vn 0.7567 0.1043 -0.6454
vn 0.8605 0.2818 -0.4244
vn 0.8731 0.2841 -0.3961
vn 0.8425 0.2220 -0.4908
vn 0.9616 0.0358 -0.2723
vn 0.9737 0.0817 -0.2125
vn 0.5361 0.2886 -0.7933
vn 0.9393 0.0175 -0.3426
vn 0.9841 0.0404 -0.1731
vn 0.5075 0.4941 -0.7059
vn 0.5462 0.3429 -0.7643
vn 0.9658 0.0191 -0.2585
vn 0.9814 0.0434 -0.1869
vn 0.9857 0.0293 -0.1658
vn 0.4746 0.1020 -0.8743
vn 0.9780 0.0207 -0.2074
vn 0.9700 -0.0047 -0.2429
vn 0.9979 0.0006 -0.0654
vn 0.9948 0.0011 -0.1015
vn 0.0206 0.9997 -0.0126
vn 0.0268 0.9937 -0.1092
vn 0.0329 0.9988 -0.0362
vn 0.0286 0.9984 0.0480
vn 0.0246 0.9391 -0.3428
vn -0.0051 0.9762 -0.2170
vn 0.5740 0.4796 -0.6637
vn 0.0565 0.9924 -0.1095
vn 0.0540 0.9699 -0.2373
vn 0.0557 0.9973 -0.0476
vn 0.0329 0.9988 -0.0351
vn 0.5970 0.3492 -0.7222
vn 0.0441 0.9419 -0.3330
vn 0.5527 0.3650 -0.7492
vn 0.0554 0.9972 -0.0493
vn 0.5146 0.1026 -0.8512
vn 0.0543 0.9714 -0.2312
vn 0.0742 0.9431 -0.3242
vn 0.5311 0.1445 -0.8349
vn 0.5728 0.2928 -0.7656
vn 0.5714 0.2168 -0.7915
vn 0.0846 0.9940 -0.0695
vn 0.5442 0.0532 -0.8373
vn 0.0996 0.8929 -0.4392
vn 0.6050 0.3295 -0.7249
vn 0.6194 0.6139 -0.4894
vn 0.0743 0.9436 -0.3225
vn 0.0963 0.8965 -0.4325
vn 0.5906 0.2561 -0.7652
vn 0.0966 0.8763 -0.4719
vn 0.0842 0.9931 -0.0815
vn 0.1207 0.9788 -0.1657
vn 0.0962 0.9366 -0.3369
vn 0.0933 0.8793 -0.4670
vn 0.6258 0.3818 -0.6802
vn 0.1125 0.8274 -0.5502
vn 0.0739 0.7633 -0.6419
vn 0.0789 0.8206 -0.5660
vn 0.1143 0.9876 -0.1075
vn 0.6341 0.4268 -0.6448
vn 0.5816 0.0978 -0.8076
vn 0.6013 0.3214 -0.7315
vn 0.1105 0.7852 -0.6093
vn 0.6658 0.3128 -0.6774
vn 0.1630 0.9075 -0.3871
vn 0.1388 0.9854 -0.0989
vn 0.6371 0.2125 -0.7409
vn 0.0477 0.6850 -0.7270
vn 0.0944 0.6523 -0.7521
vn 0.1147 0.6734 -0.7303
vn 0.1178 0.6668 -0.7358
vn 0.6582 0.2873 -0.6959
vn 0.1516 0.6845 -0.7131
vn 0.1992 0.8527 -0.4829
vn 0.0688 0.5068 -0.8593
vn 0.0442 0.5556 -0.8303
vn 0.6398 0.0713 -0.7652
vn 0.1174 0.5655 -0.8163
vn 0.1116 0.5856 -0.8029
vn 0.6485 0.4048 -0.6447
vn 0.6475 0.2167 -0.7306
vn 0.2056 0.8942 -0.3976
vn 0.1037 0.4964 -0.8619
vn 0.7208 0.4379 -0.5373
vn 0.6833 0.5336 -0.4984
vn 0.1087 0.4801 -0.8705
vn 0.1298 0.5759 -0.8071
vn 0.5988 0.1566 -0.7854
vn 0.2330 0.9468 -0.2219
vn 0.2725 0.8856 -0.3762
vn 0.2528 0.8128 -0.5249
vn 0.0954 0.3847 -0.9181
vn 0.1197 0.4887 -0.8642
vn 0.6778 0.3742 -0.6329
vn 0.6989 0.3086 -0.6452
vn 0.0533 0.0834 -0.9951
vn 0.2885 0.8480 -0.4445
vn 0.7174 0.3386 -0.6089
vn 0.0819 0.0300 -0.9962
vn -0.0088 0.1157 -0.9932
vn -0.0074 0.0249 -0.9997
vn 0.3218 0.7668 -0.5554
vn 0.2663 0.9463 -0.1835
vn 0.6806 0.2106 -0.7018
vn 0.2441 0.9547 -0.1703
vn 0.0461 -0.0000 -0.9989
vn 0.3194 0.8342 -0.4495
vn 0.3488 0.7418 -0.5727
vn 0.3188 0.7854 -0.5306
vn 0.3201 0.8512 -0.4159
vn 0.3158 0.9141 -0.2544
vn 0.1765 0.0673 -0.9820
vn 0.3768 0.7553 -0.5362
vn 0.3791 0.7525 -0.5385
vn 0.7252 0.4432 -0.5270
vn 0.6950 0.1824 -0.6955
vn 0.6751 0.2981 -0.6748
vn 0.4500 0.6884 -0.5689
vn 0.6952 0.2426 -0.6766
vn 0.4266 0.8423 -0.3294
vn 0.4606 0.6941 -0.5532
vn 0.5006 0.7408 -0.4479
vn 0.7703 0.3780 -0.5135
vn 0.5370 0.6182 -0.5740
vn 0.4860 0.7040 -0.5179
vn 0.5663 0.6448 -0.5134
vn 0.5604 0.6969 -0.4476
vn 0.6590 0.0697 -0.7489
vn 0.6555 0.0801 -0.7509
vn 0.6154 0.5968 -0.5149
vn 0.7183 0.3394 -0.6073
vn 0.6011 0.5012 -0.6224
vn 0.6403 0.5815 -0.5019
vn 0.6871 0.4786 -0.5466
vn 0.6842 0.3909 -0.6157
vn 0.9669 0.0663 -0.2464
vn 0.0378 0.9908 -0.1300
vn 0.7616 0.2983 -0.5753
vn 0.0757 0.9623 -0.2611
vn 0.0832 0.9846 -0.1537
vn 0.7157 0.2588 -0.6487
vn 0.0868 0.9677 -0.2368
vn 0.1331 0.8643 -0.4851
vn 0.7211 0.1678 -0.6722
vn 0.7269 0.1964 -0.6581
vn 0.1568 0.9417 -0.2976
vn 0.1255 0.9729 -0.1944
vn 0.1582 0.8763 -0.4551
vn 0.2397 0.9037 -0.3548
vn 0.2241 0.8389 -0.4960
vn 0.2610 0.8310 -0.4913
vn 0.7435 0.2217 -0.6309
vn 0.1653 0.2191 -0.9616
vn 0.9569 0.0123 -0.2900
vn 0.9949 0.0004 -0.1007
vn 0.9980 0.0011 -0.0634
vn 0.1776 0.3436 -0.9222
vn 0.6974 0.0674 -0.7135
vn 0.9656 0.0020 -0.2601
vn 0.7018 0.0522 -0.7105
vn 0.7719 0.3814 -0.5087
vn 0.8139 0.3147 -0.4884
vn 0.7572 0.2344 -0.6097
vn 0.7574 0.2341 -0.6096
vn 0.7592 0.1718 -0.6278
vn 0.7636 0.1592 -0.6257
vn 0.7229 0.1124 -0.6817
vn 0.7234 0.0235 -0.6901
vn 0.7952 0.2119 -0.5681
vn 0.7916 0.2052 -0.5756
vn 0.8102 0.3059 -0.5000
vn 0.8462 0.2777 -0.4548
vn 0.8120 0.2183 -0.5414
vn 0.7483 0.0412 -0.6620
vn 0.8203 0.1895 -0.5396
vn 0.7960 0.1742 -0.5797
vn 0.7926 0.1548 -0.5898
vn 0.8435 0.2238 -0.4883
vn 0.7571 0.0285 -0.6526
vn 0.8045 0.1453 -0.5759
vn 0.8441 0.1216 -0.5222
vn 0.7854 0.1073 -0.6097
vn 0.7971 0.0898 -0.5971
vn 0.8365 0.1688 -0.5213
vn 0.8688 0.1668 -0.4663
vn 0.8728 0.2295 -0.4307
vn 0.8791 0.2017 -0.4319
vn 0.8277 0.1410 -0.5432
vn 0.7892 0.0328 -0.6132
vn 0.7878 0.0301 -0.6152
vn 0.8889 0.2162 -0.4039
vn 0.8475 0.1335 -0.5137
vn 0.8310 0.0748 -0.5512
vn 0.8159 0.0964 -0.5702
vn 0.8976 0.2205 -0.3818
vn 0.8731 0.1498 -0.4640
vn 0.8999 0.1784 -0.3979
vn 0.8832 0.1422 -0.4470
vn 0.8199 0.0268 -0.5719
vn 0.8188 0.0245 -0.5736
vn 0.8590 0.1104 -0.4999
vn 0.8945 0.1211 -0.4304
vn 0.9141 0.1675 -0.3693
vn 0.8832 0.1431 -0.4467
vn 0.8746 0.0698 -0.4798
vn 0.8889 0.1159 -0.4431
vn 0.8428 0.0817 -0.5320
vn 0.8637 0.0635 -0.4999
vn 0.9258 0.1505 -0.3468
vn 0.9140 0.1251 -0.3859
vn 0.8473 0.0250 -0.5305
vn 0.8471 0.0247 -0.5308
vn 0.9107 0.0784 -0.4055
vn 0.9458 0.1175 -0.3028
vn 0.9427 0.1235 -0.3101
vn 0.9043 0.0906 -0.4172
vn 0.8735 0.0711 -0.4816
vn 0.9170 0.0902 -0.3884
vn 0.8659 0.0162 -0.4999
vn 0.8745 0.0267 -0.4843
vn 0.9304 0.0771 -0.3583
vn 0.9463 0.1288 -0.2964
vn 0.8863 0.0451 -0.4610
vn 0.9404 0.0886 -0.3284
vn 0.8921 0.0147 -0.4516
vn 0.9570 0.0817 -0.2782
vn 0.9153 0.0584 -0.3985
vn 0.9373 0.0592 -0.3434
vn 0.9053 0.0382 -0.4230
vn 0.8990 0.0092 -0.4378
vn 0.9050 0.0264 -0.4245
vn 0.9486 0.0693 -0.3089
vn 0.9507 0.0414 -0.3073
vn 0.9311 0.0464 -0.3617
vn 0.9199 0.0188 -0.3917
vn 0.9271 0.0039 -0.3748
vn 0.9697 0.0467 -0.2397
vn 0.9579 0.0512 -0.2824
vn 0.9514 0.0225 -0.3072
vn 0.9534 0.0038 -0.3018
vn 0.9926 0.0272 -0.1183
vn 0.9926 0.0272 -0.1179
vn 0.9919 0.0038 -0.1271
vn 0.9744 0.0227 -0.2235
vn 0.9725 0.0290 -0.2310
vn 0.9848 0.0012 -0.1737
vn 0.9803 0.0070 -0.1973
vn 0.9905 0.0082 -0.1375
vn 0.9810 0.0059 -0.1940
vn 0.9891 0.0037 -0.1475
vn 0.9995 0.0011 -0.0309
vn 0.9864 0.0160 -0.1633
vn 0.0051 0.9990 -0.0442
vn 0.0117 0.9992 0.0383
vn 0.0174 0.9997 0.0193
vn 0.9952 0.0181 -0.0959
vn 0.9929 -0.0094 -0.1187
vn 0.0362 0.9888 -0.1448
vn 0.0166 0.9985 0.0528
vn 0.9960 0.0082 -0.0887
vn 0.0270 0.9937 -0.1085
vn 0.9978 -0.0035 -0.0659
vn 0.9998 0.0044 -0.0204
vn 0.9995 -0.0003 -0.0321
vn 0.0340 0.9511 -0.3070
vn 0.9995 -0.0090 -0.0294
vn 0.0565 0.9869 -0.1513
vn 0.0750 0.9710 -0.2268
vn 0.0358 0.9668 -0.2529
vn 0.0253 0.8910 -0.4534
vn 0.0487 0.8718 -0.4875
vn 0.0730 0.8957 -0.4386
vn 0.0425 0.9718 -0.2320
vn 0.0831 0.9827 -0.1653
vn 0.0960 0.9363 -0.3379
vn 0.0177 0.9090 -0.4164
vn 0.1134 0.9572 -0.2662
vn 0.0230 0.7836 -0.6209
vn 0.0013 0.8096 -0.5870
vn 0.0789 0.8207 -0.5659
vn 0.1110 0.9268 -0.3588
vn 0.1144 0.9619 -0.2482
vn 0.1168 0.8816 -0.4573
vn 0.0576 0.7453 -0.6643
vn 0.1357 0.8012 -0.5828
vn 0.1241 0.9307 -0.3441
vn 0.0961 0.6888 -0.7186
vn 0.1222 0.7512 -0.6486
vn 0.1300 0.9877 -0.0871
vn 0.1419 0.7892 -0.5976
vn 0.1563 0.9720 -0.1757
vn 0.1679 0.9513 -0.2586
vn 0.0144 0.6422 -0.7664
vn 0.1523 0.8251 -0.5441
vn 0.1648 0.9526 -0.2558
vn 0.1631 0.9086 -0.3844
vn 0.1408 0.7512 -0.6449
vn 0.1575 0.8189 -0.5519
vn 0.0694 0.5868 -0.8068
vn 0.0494 0.6236 -0.7802
vn 0.1941 0.9668 -0.1664
vn 0.0059 0.5451 -0.8383
vn 0.1950 0.8191 -0.5395
vn 0.1768 0.7252 -0.6654
vn 0.1547 0.6826 -0.7142
vn 0.1443 0.6383 -0.7561
vn 0.1728 0.5760 -0.7989
vn 0.1652 0.6587 -0.7340
vn 0.0639 0.4521 -0.8897
vn 0.1959 0.9526 -0.2328
vn 0.1842 0.9775 -0.1027
vn 0.1920 0.9048 -0.3800
vn 0.1272 0.9833 -0.1299
vn 0.2014 0.7866 -0.5836
vn 0.1685 0.5219 -0.8362
vn 0.2394 0.6949 -0.6780
vn 0.1874 0.7614 -0.6207
vn 0.2038 0.6516 -0.7307
vn 0.0339 0.4757 -0.8790
vn 0.0369 0.2945 -0.9549
vn 0.9481 -0.2061 0.2423
vn 0.9472 -0.2012 0.2498
vn 0.4835 -0.2044 0.8512
vn 0.9718 -0.1571 0.1759
vn 0.6991 -0.1632 0.6961
vn 0.3896 -0.1928 0.9006
vn 0.6503 -0.2209 0.7269
vn 0.6513 -0.2213 0.7258
vn 0.9586 -0.1895 0.2127
vn 0.9519 -0.1946 0.2366
vn 0.5612 -0.2099 0.8006
vn 0.5616 -0.2101 0.8003
vn 0.9740 -0.2245 0.0286
vn 0.9638 -0.1918 0.1855
vn 0.1479 -0.1747 0.9735
vn 0.6841 -0.2243 0.6940
vn 0.9717 -0.2187 0.0896
vn 0.6759 -0.1671 0.7178
vn 0.9751 -0.2175 0.0427
vn 0.1210 -0.1713 0.9778
vn 0.8243 -0.1800 0.5367
vn 0.3359 -0.1940 0.9217
vn 0.8238 -0.1797 0.5377
vn 0.3450 -0.1962 0.9179
vn 0.4313 -0.2040 0.8788
vn 0.5195 -0.2103 0.8282
vn 0.6152 -0.2217 0.7565
vn 0.6108 -0.2202 0.7605
vn 0.9359 -0.1999 0.2901
vn 0.6651 -0.1628 0.7288
vn 0.1015 -0.1760 0.9791
vn 0.9729 -0.2207 0.0695
vn 0.4089 -0.2040 0.8895
vn 0.9651 -0.2184 0.1442
vn 0.0737 -0.1721 0.9823
vn 0.2949 -0.1967 0.9351
vn 0.5776 -0.2245 0.7848
vn 0.1584 -0.1818 0.9705
vn 0.6439 -0.1669 0.7467
vn 0.0479 -0.1751 0.9834
vn 0.0389 -0.1729 0.9842
vn 0.2761 -0.1924 0.9417
vn 0.8792 -0.1927 0.4357
vn 0.8827 -0.1956 0.4272
vn 0.4558 -0.2139 0.8640
vn 0.5598 -0.2200 0.7989
vn 0.9679 -0.2237 0.1145
vn 0.6222 -0.1645 0.7654
vn 0.7858 -0.1786 0.5921
vn 0.5361 -0.2245 0.8137
vn 0.8670 -0.1922 0.4598
vn 0.1029 -0.1853 0.9773
vn 0.1501 -0.1909 0.9701
vn 0.9580 -0.2182 0.1860
vn 0.9580 -0.2180 0.1865
vn 0.2304 -0.1962 0.9531
vn 0.2252 -0.1949 0.9546
vn 0.9658 -0.2208 0.1359
vn 0.6118 -0.1690 0.7728
vn 0.5104 -0.2210 0.8311
vn 0.5111 -0.2213 0.8306
vn 0.9456 -0.2091 0.2493
vn 0.7121 -0.1752 0.6799
vn 0.3946 -0.2105 0.8944
vn 0.9242 -0.2068 0.3210
vn 0.9221 -0.2046 0.3284
vn 0.7660 -0.1833 0.6162
vn 0.8560 -0.1944 0.4790
vn 0.1753 -0.1968 0.9646
vn 0.9027 -0.2052 0.3783
vn 0.9008 -0.2029 0.3839
vn 0.4756 -0.2230 0.8509
vn 0.3631 -0.2139 0.9069
vn 0.6950 -0.1786 0.6964
vn 0.0811 -0.1906 0.9783
vn 0.4544 -0.2210 0.8629
vn 0.4498 -0.2195 0.8657
vn 0.9506 -0.2195 0.2193
vn 0.3462 -0.2111 0.9141
vn 0.7483 -0.1815 0.6381
vn 0.7502 -0.1824 0.6356
vn 0.0483 -0.1865 0.9813
vn 0.8845 -0.2055 0.4188
vn 0.2302 -0.2050 0.9513
vn 0.3213 -0.2145 0.9224
vn 0.8791 -0.2027 0.4314
vn 0.0294 -0.1912 0.9811
vn 0.5667 -0.1674 0.8068
vn 0.5656 -0.1666 0.8077
vn 0.4124 -0.2247 0.8829
vn 0.4097 -0.2242 0.8842
vn 0.6750 -0.1760 0.7166
vn 0.2918 -0.2104 0.9331
vn 0.8302 -0.1966 0.5217
vn 0.2721 -0.2142 0.9381
vn 0.3704 -0.2246 0.9013
vn 0.6571 -0.1806 0.7319
vn 0.7265 -0.1826 0.6624
vn 0.9348 -0.2197 0.2791
vn 0.1166 -0.2070 0.9714
vn 0.9448 -0.2269 0.2364
vn 0.2058 -0.2129 0.9552
vn 0.3117 -0.2256 0.9230
vn 0.1057 -0.2082 0.9724
vn 0.3616 -0.2283 0.9039
vn 0.5206 -0.1669 0.8373
vn 0.0573 -0.2063 0.9768
vn 0.5195 -0.1663 0.8381
vn 0.0814 -0.2042 0.9755
vn 0.1737 -0.2136 0.9614
vn 0.1762 -0.2148 0.9606
vn 0.9305 -0.2209 0.2922
vn 0.2732 -0.2258 0.9351
vn 0.2630 -0.2244 0.9383
vn 0.9903 -0.1384 -0.0115
vn 0.3194 -0.2291 0.9195
vn 0.2508 -0.2266 0.9411
vn 0.9895 -0.1386 0.0420
vn 0.2239 -0.2260 0.9480
vn 0.4974 -0.1640 0.8519
vn 0.9216 -0.2175 0.3214
vn 0.9872 -0.1409 0.0750
vn 0.9207 -0.2164 0.3247
vn 0.9870 -0.1366 0.0841
vn 0.6089 -0.1787 0.7728
vn 0.1987 -0.2306 0.9525
vn 0.1677 -0.2241 0.9600
vn 0.0342 -0.2147 0.9761
vn 0.9841 -0.1371 0.1132
vn 0.0172 -0.2154 0.9764
vn 0.1373 -0.2294 0.9636
vn 0.9876 -0.1565 -0.0108
vn 0.9137 -0.2186 0.3426
vn 0.4781 -0.1687 0.8619
vn 0.9882 -0.1526 0.0125
vn 0.0997 -0.2256 0.9691
vn 0.9779 -0.1450 0.1505
vn 0.0055 -0.2191 0.9757
vn 0.9771 -0.1420 0.1586
vn 0.0787 -0.2293 0.9702
vn 0.8605 -0.2096 0.4643
vn 0.1377 -0.2547 0.9572
vn 0.0644 -0.2280 0.9715
vn 0.9876 -0.1536 0.0316
vn 0.9876 -0.1539 0.0294
vn 0.0063 -0.2337 0.9723
vn 0.6569 -0.1806 0.7320
vn 0.0141 -0.2366 0.9715
vn 0.9909 -0.1323 0.0248
vn 0.9687 -0.1419 0.2036
vn 0.9688 -0.1421 0.2031
vn 0.4556 -0.1633 0.8751
vn 0.8285 -0.2051 0.5212
vn 0.9777 -0.1471 0.1501
vn 0.9808 -0.1569 0.1154
vn 0.9618 -0.1575 0.2240
vn 0.9860 -0.1653 -0.0222
vn 0.7667 -0.1948 0.6117
vn 0.9840 -0.1545 0.0883
vn 0.8535 -0.2063 0.4786
vn 0.9845 -0.1563 0.0793
vn 0.9545 -0.1556 0.2545
vn 0.9249 -0.1490 0.3499
vn 0.9066 -0.1596 0.3906
vn 0.9069 -0.1576 0.3909
vn 0.4398 -0.1671 0.8824
vn 0.9811 -0.1896 0.0395
vn 0.9120 -0.1640 0.3761
vn 0.9553 -0.1449 0.2577
vn 0.9560 -0.1464 0.2541
vn 0.8066 -0.1517 0.5713
vn 0.5650 -0.1800 0.8052
vn 0.5620 -0.1785 0.8076
vn 0.9039 -0.1776 0.3890
vn 0.9781 -0.2060 0.0313
vn 0.8143 -0.1646 0.5566
vn 0.9032 -0.1767 0.3912
vn 0.9154 -0.1789 0.3605
vn 0.7876 -0.1648 0.5937
vn 0.7826 -0.1694 0.5990
vn 0.8151 -0.1699 0.5538
vn 0.9844 -0.1758 -0.0063
vn 0.4117 -0.1648 0.8963
vn 0.6219 -0.1855 0.7608
vn 0.9407 -0.1508 0.3039
vn 0.9043 -0.1932 0.3806
vn 0.7961 -0.1841 0.5765
vn 0.9382 -0.1487 0.3125
vn 0.7966 -0.1961 0.5719
vn 0.9297 -0.1527 0.3352
vn 0.7998 -0.2075 0.5633
vn 0.8015 -0.2188 0.5566
vn 0.7843 -0.2221 0.5792
vn 0.4029 -0.1671 0.8999
vn 0.9771 -0.1661 0.1328
vn 0.5197 -0.1783 0.8355
vn 0.9670 -0.1519 0.2048
vn 0.5203 -0.1785 0.8351
vn 0.9844 -0.1759 -0.0056
vn 0.6913 -0.1930 0.6964
vn 0.6902 -0.1928 0.6975
vn 0.7734 -0.2077 0.5989
vn 0.8971 -0.2276 0.3787
vn 0.8923 -0.2225 0.3928
vn 0.3639 -0.1639 0.9169
vn 0.8152 -0.1635 0.5557
vn 0.8311 -0.1570 0.5336
vn 0.8643 -0.2199 0.4523
vn 0.9840 -0.1758 0.0303
vn 0.8609 -0.2187 0.4594
vn 0.9840 -0.1757 0.0306
vn 0.6702 -0.1935 0.7165
vn 0.9694 -0.1677 0.1794
vn 0.7589 -0.2028 0.6188
vn 0.9702 -0.1688 0.1738
vn 0.3476 -0.1682 0.9224
vn 0.7544 -0.1668 0.6348
vn 0.4780 -0.1784 0.8601
vn 0.4773 -0.1782 0.8605
vn 0.7857 -0.1788 0.5922
vn 0.7510 -0.1698 0.6381
vn 0.6615 -0.1969 0.7237
vn 0.9004 -0.1905 0.3913
vn 0.8709 -0.2293 0.4348
vn 0.9621 -0.1712 0.2122
vn 0.9807 -0.1789 0.0789
vn 0.9798 -0.1760 0.0948
vn 0.8800 -0.1549 0.4490
vn 0.8811 -0.1560 0.4465
vn 0.3155 -0.1606 0.9352
vn 0.7940 -0.1942 0.5761
vn 0.9015 -0.2113 0.3776
vn 0.4530 -0.1787 0.8734
vn 0.8845 -0.2140 0.4146
vn 0.7937 -0.2044 0.5729
vn 0.7008 -0.2057 0.6831
vn 0.9752 -0.1792 0.1297
vn 0.9771 -0.1833 0.1079
vn 0.2948 -0.1646 0.9413
vn 0.9331 -0.1707 0.3166
vn 0.6158 -0.1946 0.7635
vn 0.6177 -0.1957 0.7617
vn 0.8573 -0.1636 0.4880
vn 0.8263 -0.2180 0.5192
vn 0.8509 -0.1562 0.5015
vn 0.9412 -0.1590 0.2980
vn 0.9811 -0.1935 -0.0006
vn 0.9010 -0.1535 0.4057
vn 0.9233 -0.1651 0.3467
vn 0.9590 -0.1745 0.2233
vn 0.8946 -0.1672 0.4145
vn 0.8480 -0.2237 0.4805
vn 0.8502 -0.1632 0.5004
vn 0.2706 -0.1590 0.9495
vn 0.9805 -0.1957 0.0185
vn 0.7874 -0.1640 0.5942
vn 0.9263 -0.1700 0.3363
vn 0.9164 -0.1890 0.3528
vn 0.8086 -0.2206 0.5454
vn 0.9702 -0.1823 0.1599
vn 0.8366 -0.2237 0.5001
vn 0.2481 -0.1635 0.9548
vn 0.9786 -0.1920 0.0743
vn 0.9488 -0.1763 0.2622
vn 0.9490 -0.1765 0.2611
vn 0.8920 -0.2181 0.3960
vn 0.2248 -0.1584 0.9614
vn 0.5633 -0.1946 0.8030
vn 0.5636 -0.1947 0.8028
vn 0.4336 -0.1849 0.8819
vn 0.7682 -0.2183 0.6019
vn 0.1976 -0.1647 0.9663
vn 0.7744 -0.1565 0.6130
vn 0.9759 -0.2000 0.0872
vn 0.9743 -0.2025 0.0989
vn 0.9369 -0.1766 0.3018
vn 0.3393 -0.1772 0.9238
vn 0.7547 -0.1695 0.6338
vn 0.3403 -0.1779 0.9233
vn 0.9305 -0.1876 0.3146
vn 0.8231 -0.1754 0.5402
vn 0.6919 -0.2109 0.6904
vn 0.4017 -0.1848 0.8969
vn 0.1728 -0.1617 0.9716
vn 0.1722 -0.1614 0.9718
vn 0.7544 -0.2208 0.6182
vn 0.8219 -0.1926 0.5361
vn 0.5190 -0.1932 0.8327
vn 0.5234 -0.1948 0.8295
vn 0.6621 -0.2084 0.7198
vn 0.7373 -0.1584 0.6567
vn 0.8946 -0.1755 0.4109
vn 0.3993 -0.1854 0.8979
vn 0.8321 -0.2083 0.5140
vn 0.2943 -0.1746 0.9396
vn 0.7587 -0.1986 0.6204
vn 0.7388 -0.2196 0.6371
vn 0.7364 -0.2188 0.6402
vn 0.5361 -0.7569 0.3739
vn 0.6527 -0.2116 0.7275
vn 0.8834 -0.1795 0.4329
vn 0.9464 -0.1872 0.2634
vn 0.1222 -0.1602 0.9795
vn 0.1215 -0.1598 0.9796
vn 0.2769 -0.1784 0.9442
vn 0.8541 -0.1689 0.4920
vn 0.4714 -0.1936 0.8604
vn 0.4796 -0.1955 0.8554
vn 0.6924 -0.2123 0.6896
vn 0.7248 -0.2201 0.6529
vn 0.9711 -0.2019 0.1275
vn 0.9709 -0.2015 0.1292
vn 0.9372 -0.1934 0.2902
vn 0.8736 -0.1786 0.4528
vn 0.8722 -0.1776 0.4558
vn 0.0956 -0.1575 0.9829
vn 0.7137 -0.1756 0.6780
vn 0.2476 -0.1742 0.9531
vn 0.4552 -0.1956 0.8686
vn 0.8490 -0.1919 0.4923
vn 0.9775 -0.2090 0.0293
vn 0.7176 -0.1913 0.6696
vn 0.7408 -0.1946 0.6429
vn 0.7277 -0.1961 0.6572
vn 0.6139 -0.2098 0.7610
vn 0.6122 -0.2087 0.7627
vn 0.0740 -0.1617 0.9841
vn 0.7213 -0.2030 0.6622
vn 0.2213 -0.1781 0.9588
vn 0.7387 -0.2096 0.6406
vn 0.6810 -0.2217 0.6979
vn 0.1512 -0.1918 0.9697
vn 0.9513 -0.1591 0.2639
vn 0.5116 -0.2059 0.8342
vn 0.7106 -0.1682 0.6831
vn 0.8790 -0.1645 0.4475
vn 0.8749 -0.1683 0.4542
vn 0.9221 -0.1908 0.3367
vn 0.0391 -0.1563 0.9869
vn 0.0461 -0.1599 0.9861
vn 0.2110 -0.1762 0.9615
vn 0.9627 -0.2017 0.1805
vn 0.7092 -0.2274 0.6673
vn 0.9632 -0.2037 0.1752
vn 0.8497 -0.1792 0.4958
vn 0.8499 -0.1793 0.4955
vn 0.3144 -0.5186 -0.7951
vn 0.3296 -0.5065 -0.7968
vn 0.6959 -0.5442 -0.4687
vn 0.5645 -0.6339 -0.5287
vn 0.2727 -0.5206 -0.8090
vn 0.2822 -0.5277 -0.8012
vn 0.1699 -0.5715 -0.8028
vn 0.0809 -0.5844 -0.8074
vn 0.4556 -0.8122 -0.3644
vn 0.1230 -0.5885 -0.7990
vn 0.0214 -0.6133 -0.7895
vn 0.8813 -0.4207 -0.2153
vn 0.2304 -0.5374 -0.8113
vn 0.7532 -0.6157 -0.2317
vn 0.7665 -0.6046 -0.2164
vn 0.8608 -0.4528 -0.2324
vn 0.9029 -0.3766 -0.2075
vn 0.0347 -0.6001 -0.7992
vn 0.2262 -0.5409 -0.8101
vn 0.4568 -0.8119 -0.3634
vn 0.6613 -0.6483 -0.3774
vn 0.8061 -0.5451 -0.2303
vn 0.0713 -0.5904 -0.8040
vn 0.1840 -0.5423 -0.8198
vn 0.5129 -0.7681 -0.3835
vn 0.1800 -0.5451 -0.8188
vn 0.5083 -0.7695 -0.3867
vn 0.2225 -0.8127 -0.5386
vn 0.6872 -0.6965 -0.2066
vn 0.6552 -0.7436 -0.1333
vn 0.0175 -0.5832 -0.8122
vn 0.1336 -0.5556 -0.8206
vn 0.1235 -0.5518 -0.8248
vn 0.6312 -0.7671 -0.1145
vn 0.0709 -0.5649 -0.8221
vn 0.0836 -0.5534 -0.8287
vn 0.9341 -0.2630 -0.2414
vn 0.2442 -0.9285 -0.2799
vn 0.2606 -0.9268 -0.2705
vn 0.0267 -0.5684 -0.8223
vn 0.0395 -0.9834 -0.1774
vn 0.0337 -0.5641 -0.8250
vn 0.6457 -0.5669 -0.5116
vn 0.6652 -0.5615 -0.4922
vn 0.8486 -0.5255 -0.0613
vn 0.8482 -0.5242 -0.0760
vn 0.8226 -0.5176 -0.2353
vn 0.8317 -0.5436 -0.1134
vn 0.8198 -0.5561 -0.1367
vn 0.8326 -0.5415 -0.1163
vn 0.1551 -0.9618 -0.2254
vn 0.8181 -0.5539 -0.1547
vn 0.7994 -0.4366 -0.4128
vn 0.4462 -0.7074 -0.5481
vn 0.7886 -0.5849 -0.1895
vn 0.6754 -0.7205 -0.1570
vn 0.1571 -0.8424 -0.5155
vn 0.7925 -0.5726 -0.2097
vn 0.7783 -0.5850 -0.2281
vn 0.5270 -0.6429 -0.5559
vn 0.0886 -0.9777 -0.1905
vn 0.0763 -0.9772 -0.1983
vn 0.7599 -0.6017 -0.2462
vn 0.7811 -0.5742 -0.2452
vn 0.9465 -0.2148 -0.2408
vn 0.9383 -0.2199 -0.2669
vn 0.9222 -0.2944 -0.2509
vn 0.6100 -0.6068 -0.5095
vn 0.5865 -0.6108 -0.5319
vn 0.9143 -0.2968 -0.2754
vn 0.2675 -0.7923 -0.5485
vn 0.9010 -0.3000 -0.3135
vn 0.4092 -0.8320 -0.3746
vn 0.9086 -0.3640 -0.2047
vn 0.4642 -0.6888 -0.5568
vn 0.4779 -0.6869 -0.5475
vn 0.6888 -0.6942 -0.2090
vn 0.9690 -0.1918 -0.1557
vn 0.2924 -0.7776 -0.5567
vn 0.1080 -0.8364 -0.5374
vn 0.7399 -0.6349 -0.2224
vn 0.7256 -0.6458 -0.2375
vn 0.3080 -0.8956 -0.3211
vn 0.3196 -0.8945 -0.3127
vn 0.5870 -0.8006 -0.1203
vn 0.8096 -0.4215 -0.4085
vn 0.9815 -0.1642 -0.0988
vn 0.3818 -0.7268 -0.5710
vn 0.7513 -0.4633 -0.4701
vn 0.3372 -0.7523 -0.5660
vn 0.9299 -0.3251 -0.1723
vn 0.5780 -0.7141 -0.3949
vn 0.6137 -0.5893 -0.5255
vn 0.8415 -0.4588 -0.2852
vn 0.7116 -0.5174 -0.4753
vn 0.6942 -0.5224 -0.4952
vn 0.8417 -0.4851 -0.2370
vn 0.8616 -0.3536 -0.3641
vn 0.8777 -0.3477 -0.3297
vn 0.9691 -0.2348 -0.0754
vn 0.0483 -0.8604 -0.5073
vn 0.0495 -0.8598 -0.5082
vn 0.6111 -0.7770 -0.1511
vn 0.6393 -0.7503 -0.1686
vn 0.6327 -0.7544 -0.1749
vn 0.9868 -0.1530 -0.0521
vn 0.1506 -0.8259 -0.5434
vn 0.7890 -0.5584 -0.2562
vn 0.8596 -0.4550 -0.2327
vn 0.3544 -0.8712 -0.3399
vn 0.7847 -0.4394 -0.4374
vn 0.9241 -0.2492 -0.2898
vn 0.1134 -0.9651 -0.2362
vn 0.6299 -0.5705 -0.5269
vn 0.2260 -0.7967 -0.5605
vn 0.9535 -0.2780 -0.1168
vn 0.2186 -0.7948 -0.5661
vn 0.2220 -0.9356 -0.2745
vn 0.2069 -0.9369 -0.2819
vn 0.4797 -0.7856 -0.3907
vn 0.4247 -0.7046 -0.5685
vn 0.7792 -0.5353 -0.3261
vn 0.5343 -0.6436 -0.5481
vn 0.7682 -0.5415 -0.3415
vn 0.5564 -0.8270 -0.0811
vn 0.0860 -0.8489 -0.5215
vn 0.9399 -0.3063 -0.1508
vn 0.8382 -0.3812 -0.3901
vn 0.9609 -0.2094 -0.1814
vn 0.7168 -0.6600 -0.2250
vn 0.6993 -0.6726 -0.2419
vn 0.9575 -0.2123 -0.1952
vn 0.1568 -0.8198 -0.5508
vn 0.5591 -0.8177 -0.1368
vn 0.5955 -0.7983 -0.0902
vn 0.1268 -0.9655 -0.2276
vn 0.9852 -0.1602 -0.0616
vn 0.8674 -0.4219 -0.2639
vn 0.7047 -0.6056 -0.3696
vn 0.8945 -0.3888 -0.2205
vn 0.8824 -0.4027 -0.2433
vn 0.6566 -0.7279 -0.1974
vn 0.6573 -0.7275 -0.1969
vn 0.7538 -0.6072 -0.2511
vn 0.6595 -0.5391 -0.5239
vn 0.6834 -0.5317 -0.5003
vn 0.2797 -0.9034 -0.3249
vn 0.6187 -0.6795 -0.3942
vn 0.6068 -0.6839 -0.4051
vn 0.3207 -0.7517 -0.5762
vn 0.5198 -0.6487 -0.5559
vn 0.8103 -0.5261 -0.2583
vn 0.0466 -0.9780 -0.2033
vn 0.0346 -0.9768 -0.2113
vn 0.7142 -0.5896 -0.3771
vn 0.8171 -0.3914 -0.4233
vn 0.6092 -0.7787 -0.1498
vn 0.1913 -0.9417 -0.2766
vn 0.1775 -0.9424 -0.2835
vn 0.3821 -0.8529 -0.3558
vn 0.0458 -0.8438 -0.5346
vn 0.4630 -0.7906 -0.4007
vn 0.0418 -0.8454 -0.5325
vn 0.8742 -0.3226 -0.3628
vn 0.5949 -0.7820 -0.1861
vn 0.4089 -0.8322 -0.3745
vn 0.5631 -0.8190 -0.1101
vn 0.5744 -0.5992 -0.5577
vn 0.5979 -0.5932 -0.5391
vn 0.7287 -0.5806 -0.3632
vn 0.7571 -0.5510 -0.3510
vn 0.5559 -0.6136 -0.5608
vn 0.7330 -0.6313 -0.2533
vn 0.7996 -0.5037 -0.3269
vn 0.8308 -0.4953 -0.2538
vn 0.8248 -0.4808 -0.2976
vn 0.9473 -0.2325 -0.2203
vn 0.4983 -0.8621 -0.0927
vn 0.5566 -0.7296 -0.3974
vn 0.5394 -0.7365 -0.4081
vn 0.2617 -0.7670 -0.5859
vn 0.4740 -0.6630 -0.5795
vn 0.3565 -0.7360 -0.5755
vn 0.9233 -0.3368 -0.1849
vn 0.2499 -0.9133 -0.3217
vn 0.9210 -0.3477 -0.1755
vn 0.2968 -0.8850 -0.3588
vn 0.8577 -0.4368 -0.2712
vn 0.7778 -0.4480 -0.4408
vn 0.7458 -0.4611 -0.4809
vn 0.7673 -0.5866 -0.2590
vn 0.4023 -0.7073 -0.5813
vn 0.5206 -0.8452 -0.1211
vn 0.4432 -0.6806 -0.5834
vn 0.8955 -0.3124 -0.3171
vn 0.9727 -0.2191 -0.0759
vn 0.6137 -0.7599 -0.2143
vn 0.6310 -0.7502 -0.1975
vn 0.0604 -0.9684 -0.2420
vn 0.0789 -0.9710 -0.2258
vn 0.9738 -0.1812 -0.1371
vn 0.9762 -0.1781 -0.1234
vn 0.7114 -0.4923 -0.5016
vn 0.6683 -0.7017 -0.2470
vn 0.8181 -0.3918 -0.4211
vn 0.6819 -0.6935 -0.2326
vn 0.7268 -0.6364 -0.2583
vn 0.4428 -0.8034 -0.3981
vn 0.6728 -0.5169 -0.5292
vn 0.5927 -0.7892 -0.1610
vn 0.8848 -0.4124 -0.2169
vn 0.4695 -0.6659 -0.5797
vn 0.9402 -0.2361 -0.2457
vn 0.3242 -0.8660 -0.3806
vn 0.2742 -0.7608 -0.5882
vn 0.1523 -0.8008 -0.5793
vn 0.1738 -0.8050 -0.5672
vn 0.6422 -0.7319 -0.2276
vn 0.7604 -0.5880 -0.2758
vn 0.7992 -0.5428 -0.2582
vn 0.2973 -0.7457 -0.5963
vn 0.6262 -0.5560 -0.5465
vn 0.6343 -0.5562 -0.5369
vn 0.9488 -0.2833 -0.1398
vn 0.7533 -0.5945 -0.2813
vn 0.9144 -0.2769 -0.2954
vn 0.5940 -0.7830 -0.1845
vn 0.2407 -0.9144 -0.3254
vn 0.0314 -0.9686 -0.2466
vn 0.8488 -0.3603 -0.3870
vn 0.9140 -0.3608 -0.1856
vn 0.9176 -0.3547 -0.1793
vn 0.5824 -0.7037 -0.4070
vn 0.7256 -0.4938 -0.4792
vn 0.8355 -0.4603 -0.3002
vn 0.5487 -0.6130 -0.5685
vn 0.7027 -0.6617 -0.2614
vn 0.4182 -0.6747 -0.6082
vn 0.4988 -0.6433 -0.5808
vn 0.8673 -0.4406 -0.2316
vn 0.9811 -0.1692 -0.0934
vn 0.2202 -0.7730 -0.5950
vn 0.3982 -0.8213 -0.4085
vn 0.9704 -0.2279 -0.0802
vn 0.9288 -0.3234 -0.1810
vn 0.8145 -0.5193 -0.2586
vn 0.9847 -0.1629 -0.0616
vn 0.6574 -0.6379 -0.4011
vn 0.6693 -0.6330 -0.3890
vn 0.8741 -0.4162 -0.2507
vn 0.5117 -0.7522 -0.4151
vn 0.5082 -0.7533 -0.4173
vn 0.1375 -0.9480 -0.2871
vn 0.1493 -0.9482 -0.2805
vn 0.0826 -0.8247 -0.5595
vn 0.0915 -0.8286 -0.5523
vn 0.7341 -0.6233 -0.2695
vn 0.7245 -0.6294 -0.2809
vn 0.3826 -0.8235 -0.4189
vn 0.8729 -0.3251 -0.3638
vn 0.3619 -0.7197 -0.5926
vn 0.3508 -0.8481 -0.3971
vn 0.3422 -0.8489 -0.4027
vn 0.5365 -0.8342 -0.1278
vn 0.3359 -0.7191 -0.6083
vn 0.7007 -0.6631 -0.2633
vn 0.2124 -0.9219 -0.3239
vn 0.2271 -0.7692 -0.5973
vn 0.5798 -0.7853 -0.2172
vn 0.3855 -0.6976 -0.6039
vn 0.9304 -0.3309 -0.1576
vn 0.2889 -0.8891 -0.3551
vn 0.8963 -0.3749 -0.2370
vn 0.5613 -0.8138 -0.1508
vn 0.9636 -0.2470 -0.1027
vn 0.5956 -0.5699 -0.5661
vn 0.5444 -0.8219 -0.1679
vn 0.7716 -0.4227 -0.4753
vn 0.7990 -0.4133 -0.4367
vn 0.8872 -0.4084 -0.2146
vn 0.9818 -0.1693 -0.0862
vn 0.9249 -0.2553 -0.2819
vn 0.9387 -0.3062 -0.1582
vn 0.1293 -0.8084 -0.5743
vn 0.8894 -0.3006 -0.3444
vn 0.7199 -0.4682 -0.5124
vn 0.7643 -0.4443 -0.4675
vn 0.9379 -0.2359 -0.2543
vn 0.9145 -0.3489 -0.2046
vn 0.0362 -0.8288 -0.5584
vn 0.9846 -0.1634 -0.0622
vn 0.9542 -0.2108 -0.2122
vn 0.8292 -0.3657 -0.4226
vn 0.4618 -0.6388 -0.6154
vn 0.6308 -0.7333 -0.2538
vn 0.6467 -0.7252 -0.2363
vn 0.8362 -0.4864 -0.2534
vn 0.8468 -0.3481 -0.4023
vn 0.0652 -0.9601 -0.2719
vn 0.5212 -0.6199 -0.5866
vn 0.2559 -0.8995 -0.3542
vn 0.9766 -0.2071 -0.0575
vn 0.3920 -0.6929 -0.6052
vn 0.9083 -0.3656 -0.2033
vn 0.4872 -0.8681 -0.0951
vn 0.6470 -0.5210 -0.5568
vn 0.2029 -0.9227 -0.3279
vn 0.8946 -0.2869 -0.3426
vn 0.7532 -0.4452 -0.4843
vn 0.9259 -0.2549 -0.2789
vn 0.7780 -0.5199 -0.3528
vn 0.7881 -0.5166 -0.3346
vn 0.9063 -0.3757 -0.1937
vn 0.1073 -0.9526 -0.2848
vn 0.0979 -0.9520 -0.2900
vn 0.0501 -0.8225 -0.5666
vn 0.3193 -0.8684 -0.3794
vn 0.4857 -0.8620 -0.1450
vn 0.5155 -0.8480 -0.1233
vn 0.9094 -0.2729 -0.3139
vn 0.3086 -0.7288 -0.6112
vn 0.3095 -0.7291 -0.6104
vn 0.5425 -0.7225 -0.4287
vn 0.6964 -0.6576 -0.2874
vn 0.7035 -0.6541 -0.2777
vn 0.4510 -0.6376 -0.6246
vn 0.9671 -0.2347 -0.0979
vn 0.1669 -0.7825 -0.5999
vn 0.0849 -0.8050 -0.5872
vn 0.0924 -0.8075 -0.5826
vn 0.9545 -0.2743 -0.1168
vn 0.9999 -0.0116 0.0007
vn 0.8803 -0.3948 -0.2629
vn 0.8522 -0.3380 -0.3993
vn 0.4801 -0.7682 -0.4236
vn 0.4782 -0.7686 -0.4250
vn 0.9988 -0.0479 0.0022
vn 0.6986 -0.6038 -0.3839
vn 0.3465 -0.7017 -0.6225
vn 0.5056 -0.8446 -0.1761
vn 0.5936 -0.5721 -0.5660
vn 0.4459 -0.8898 -0.0974
vn 0.7082 -0.4824 -0.5155
vn 0.6850 -0.4908 -0.5384
vn 0.9998 -0.0187 -0.0020
vn 1.0000 -0.0027 -0.0000
vn 0.7451 -0.5529 -0.3729
vn 0.5403 -0.8164 -0.2041
vn 0.2374 -0.8979 -0.3707
vn 0.9984 -0.0570 -0.0012
vn 0.6703 -0.6934 -0.2644
vn 0.6627 -0.6969 -0.2743
vn 0.5815 -0.7835 -0.2191
vn 0.9994 -0.0347 -0.0014
vn 0.1697 -0.9288 -0.3294
vn 0.1730 -0.9289 -0.3275
vn 0.6167 -0.7500 -0.2393
vn 0.5990 -0.7592 -0.2547
vn 0.7834 -0.5558 -0.2783
vn 0.6236 -0.5441 -0.5613
vn 0.9986 -0.0521 0.0064
vn 0.8244 -0.3647 -0.4328
vn 0.7775 -0.5651 -0.2761
vn 0.7051 -0.5940 -0.3873
vn 0.9010 -0.3621 -0.2390
vn 0.1852 -0.7689 -0.6120
vn 0.2380 -0.7487 -0.6187
vn 0.6301 -0.6581 -0.4121
vn 0.6180 -0.6631 -0.4224
vn 0.0378 -0.8106 -0.5843
vn 0.9980 -0.0639 0.0011
vn 0.8207 -0.4696 -0.3256
vn 0.8390 -0.4553 -0.2979
vn 0.9987 -0.0504 -0.0046
vn 0.7919 -0.4026 -0.4591
vn 0.5578 -0.5828 -0.5909
vn 0.9970 -0.0755 -0.0168
vn 0.8846 -0.3921 -0.2525
vn 0.2090 -0.9094 -0.3597
vn 0.2038 -0.9092 -0.3631
vn 0.2664 -0.7329 -0.6260
vn 0.9996 -0.0203 -0.0191
vn 0.4239 -0.8979 -0.1190
vn 0.6523 -0.5206 -0.5509
vn 0.4694 -0.8737 -0.1278
vn 0.4474 -0.8821 -0.1473
vn 0.9906 -0.1367 0.0062
vn 0.9947 -0.1030 -0.0059
vn 0.9777 -0.1778 -0.1115
vn 0.9954 -0.0958 0.0086
vn 0.4149 -0.8078 -0.4188
vn 0.5257 -0.7295 -0.4377
vn 0.5389 -0.8176 -0.2028
vn 0.7662 -0.4075 -0.4969
vn 0.9877 -0.1555 -0.0172
vn 0.9895 -0.1427 -0.0246
vn 0.9979 -0.0512 -0.0389
vn 0.0490 -0.8044 -0.5921
vn 0.5834 -0.5600 -0.5883
vn 0.9840 -0.1780 -0.0078
vn 0.9624 -0.1964 -0.1875
vn 0.2800 -0.8784 -0.3872
vn 0.2715 -0.8778 -0.3946
vn 0.9971 -0.0747 -0.0169
vn 0.5502 -0.5881 -0.5928
vn 0.3617 -0.6904 -0.6265
vn 0.0419 -0.9542 -0.2963
vn 0.4948 -0.8514 -0.1737
vn 0.4817 -0.8573 -0.1818
vn 0.9953 -0.0842 -0.0481
vn 0.9930 -0.1120 -0.0383
vn 0.8523 -0.4621 -0.2452
vn 0.7953 -0.4885 -0.3590
vn 0.9858 -0.1674 -0.0153
vn 0.9781 -0.2079 -0.0031
vn 0.6690 -0.4943 -0.5551
vn 0.9940 -0.0939 -0.0559
vn 0.4616 -0.6390 -0.6153
vn 0.9138 -0.2577 -0.3139
vn 0.7311 -0.6176 -0.2899
vn 0.7183 -0.4448 -0.5349
vn 0.3846 -0.6664 -0.6387
vn 0.4407 -0.7841 -0.4370
vn 0.4437 -0.7836 -0.4349
vn 0.4313 -0.6630 -0.6119
vn 0.7544 -0.5875 -0.2927
vn 0.8699 -0.3071 -0.3860
vn 0.7208 -0.5751 -0.3868
vn 0.1211 -0.7769 -0.6178
vn 0.1410 -0.7784 -0.6118
vn 0.9918 -0.1221 -0.0383
vn 0.9908 -0.1325 -0.0286
vn 0.5030 -0.6033 -0.6189
vn 0.1743 -0.7600 -0.6261
vn 0.9531 -0.2091 -0.2186
vn 0.5711 -0.7807 -0.2537
vn 0.5660 -0.7831 -0.2577
vn 0.9801 -0.1984 -0.0111
vn 0.3070 -0.7023 -0.6423
vn 0.9753 -0.2173 -0.0388
vn 0.9709 -0.1868 -0.1497
vn 0.9679 -0.1898 -0.1648
vn 0.2308 -0.7462 -0.6244
vn 0.8105 -0.3619 -0.4606
vn 0.9605 -0.2529 -0.1163
vn 0.9544 -0.2618 -0.1435
vn 0.8496 -0.3233 -0.4167
vn 0.5624 -0.7023 -0.4365
vn 0.8632 -0.3168 -0.3932
vn 0.9852 -0.1609 -0.0587
vn 0.8779 -0.4231 -0.2242
vn 0.1322 -0.9341 -0.3316
vn 0.1268 -0.9337 -0.3349
vn 0.9736 -0.2281 -0.0071
vn 0.9660 -0.2558 -0.0364
vn 0.6638 -0.6897 -0.2892
vn 0.6574 -0.6922 -0.2978
vn 0.3079 -0.8559 -0.4155
vn 0.3232 -0.8549 -0.4058
vn 0.7440 -0.5530 -0.3752
vn 0.7927 -0.5424 -0.2783
vn 0.7661 -0.4075 -0.4970
vn 0.9465 -0.2808 -0.1591
vn 0.5858 -0.6815 -0.4386
vn 0.6319 -0.7252 -0.2732
vn 0.6219 -0.7298 -0.2840
vn 0.5976 -0.6769 -0.4297
vn 0.9799 -0.1904 -0.0586
vn 0.5974 -0.5341 -0.5983
vn 0.9852 -0.1681 -0.0322
vn 0.6676 -0.6185 -0.4145
vn 0.4516 -0.6372 -0.6245
vn 0.9751 -0.2041 -0.0870
vn 0.3840 -0.9165 -0.1124
vn 0.9716 -0.2363 -0.0120
vn 0.5099 -0.5962 -0.6201
vn 0.7754 -0.4001 -0.4885
vn 0.8353 -0.3369 -0.4345
vn 0.9945 -0.0859 -0.0605
vn 0.8046 -0.5244 -0.2787
vn 0.9891 -0.1137 -0.0936
vn 0.8163 -0.5121 -0.2672
vn 0.2977 -0.7085 -0.6398
vn 0.9863 -0.1464 -0.0761
vn 0.9902 -0.1264 -0.0588
vn 0.9288 -0.3169 -0.1922
vn 0.4128 -0.8979 -0.1532
vn 0.9571 -0.2890 -0.0227
vn 0.9528 -0.3016 -0.0339
vn 0.6995 -0.6493 -0.2985
vn 0.0537 -0.7893 -0.6116
vn 0.4861 -0.8472 -0.2144
vn 0.3921 -0.8138 -0.4289
vn 0.1659 -0.9165 -0.3641
vn 0.1616 -0.9161 -0.3670
vn 0.9700 -0.2342 -0.0653
vn 0.9753 -0.2175 -0.0385
vn 0.9644 -0.1949 -0.1785
vn 0.6727 -0.6126 -0.4150
vn 0.6914 -0.6531 -0.3089
vn 0.9847 -0.1650 -0.0554
vn 0.0843 -0.7776 -0.6231
vn 0.1052 -0.7797 -0.6173
vn 0.8594 -0.4268 -0.2815
vn 0.8866 -0.2759 -0.3713
vn 0.6976 -0.5878 -0.4096
vn 0.5222 -0.8188 -0.2386
vn 0.8699 -0.4091 -0.2756
vn 0.2438 -0.8846 -0.3976
vn 0.9018 -0.3849 -0.1964
vn 0.7291 -0.4475 -0.5178
vn 0.3830 -0.9168 -0.1131
vn 0.3855 -0.6493 -0.6555
vn 0.9807 -0.1830 -0.0691
vn 0.3406 -0.6822 -0.6470
vn 0.4880 -0.7492 -0.4479
vn 0.4793 -0.7512 -0.4539
vn 0.9668 -0.2513 -0.0451
vn 0.9600 -0.2725 -0.0644
vn 0.8398 -0.3366 -0.4259
vn 0.9843 -0.1501 -0.0930
vn 0.9803 -0.1854 -0.0684
vn 0.5369 -0.8038 -0.2563
vn 0.6647 -0.4764 -0.5756
vn 0.7045 -0.4578 -0.5423
vn 0.6257 -0.5165 -0.5846
vn 0.9790 -0.1835 -0.0883
vn 0.7148 -0.6248 -0.3141
vn 0.9080 -0.2547 -0.3326
vn 0.9459 -0.3236 -0.0236
vn 0.9285 -0.2398 -0.2837
vn 0.9363 -0.3491 -0.0380
vn 0.3877 -0.8009 -0.4564
vn 0.3971 -0.8003 -0.4493
vn 0.4900 -0.8456 -0.2117
vn 0.7712 -0.3987 -0.4962
vn 0.7590 -0.5761 -0.3034
vn 0.9550 -0.2941 -0.0388
vn 0.9684 -0.2373 -0.0770
vn 0.1947 -0.7391 -0.6448
vn 0.9825 -0.1577 -0.0993
vn 0.0615 -0.9470 -0.3152
vn 0.5071 -0.7338 -0.4521
vn 0.9276 -0.3391 -0.1567
vn 0.2511 -0.7187 -0.6484
vn 0.2439 -0.7162 -0.6539
vn 0.4526 -0.8747 -0.1734
vn 0.4679 -0.8648 -0.1821
vn 0.9705 -0.2308 -0.0700
vn 0.0921 -0.9374 -0.3358
vn 0.0884 -0.9370 -0.3380
vn 0.5569 -0.5610 -0.6124
vn 0.5430 -0.5608 -0.6250
vn 0.9677 -0.2273 -0.1092
vn 0.9739 -0.2086 -0.0892
vn 0.7378 -0.6061 -0.2971
vn 0.9766 -0.1974 -0.0856
vn 0.9006 -0.2720 -0.3391
vn 0.4806 -0.6123 -0.6278
vn 0.9293 -0.3678 -0.0335
vn 0.5902 -0.7538 -0.2889
vn 0.6009 -0.7492 -0.2786
vn 0.9513 -0.3020 -0.0626
vn 0.9146 -0.3640 -0.1760
vn 0.2216 -0.8927 -0.3925
vn 0.1992 -0.8942 -0.4008
vn 0.3600 -0.8282 -0.4295
vn 0.7948 -0.3628 -0.4865
vn 0.9414 -0.2224 -0.2538
vn 0.3422 -0.9326 -0.1146
vn 0.8362 -0.4426 -0.3239
vn 0.8496 -0.4258 -0.3112
vn 0.9586 -0.2728 -0.0819
vn 0.9390 -0.3388 -0.0594
vn 0.4545 -0.8644 -0.2149
vn 0.9443 -0.3200 -0.0763
vn 0.2685 -0.8655 -0.4230
vn 0.2711 -0.8654 -0.4213
vn 0.6086 -0.5339 -0.5870
vn 0.5151 -0.5733 -0.6372
vn 0.6649 -0.4761 -0.5755
vn 0.9758 -0.1934 -0.1019
vn 0.0430 -0.7835 -0.6199
vn 0.7815 -0.5509 -0.2928
vn 0.9851 -0.1672 -0.0410
vn 0.6944 -0.5913 -0.4101
vn 0.9620 -0.2487 -0.1123
vn 0.3148 -0.6759 -0.6664
vn 0.9694 -0.2293 -0.0878
vn 0.9787 -0.1926 -0.0717
vn 0.9126 -0.4066 -0.0442
vn 0.9539 -0.2893 -0.0796
vn 0.9383 -0.3408 -0.0593
vn 0.5467 -0.7056 -0.4508
vn 0.3695 -0.6559 -0.6582
vn 0.6150 -0.7258 -0.3082
vn 0.6226 -0.7225 -0.3006
vn 0.9387 -0.2903 -0.1858
vn 0.7829 -0.5068 -0.3608
vn 0.4316 -0.6131 -0.6616
vn 0.9043 -0.3539 -0.2386
vn 0.7634 -0.3823 -0.5206
vn 0.9612 -0.2477 -0.1211
vn 0.7316 -0.4172 -0.5391
vn 0.9468 -0.2809 -0.1568
vn 0.4140 -0.8845 -0.2152
vn 0.8319 -0.4869 -0.2661
vn 0.3341 -0.9350 -0.1187
vn 0.5050 -0.5823 -0.6370
vn 0.1244 -0.9207 -0.3699
vn 0.9296 -0.3646 -0.0546
vn 0.9173 -0.3897 -0.0820
vn 0.1221 -0.9205 -0.3711
vn 0.9447 -0.3137 -0.0958
vn 0.1674 -0.7457 -0.6449
vn 0.9839 -0.1443 -0.1050
vn 0.1346 -0.7439 -0.6546
vn 0.4220 -0.8763 -0.2323
vn 0.0399 -0.9385 -0.3428
vn 0.9389 -0.3161 -0.1359
vn 0.6623 -0.6079 -0.4380
vn 0.9710 -0.2089 -0.1162
vn 0.9602 -0.2505 -0.1232
vn 0.9707 -0.2160 -0.1053
vn 0.9123 -0.4071 -0.0440
vn 0.9823 -0.1565 -0.1029
vn 0.9686 -0.2032 -0.1435
vn 0.3447 -0.8303 -0.4378
vn 0.9559 -0.2034 -0.2120
vn 0.9280 -0.3622 -0.0878
vn 0.5055 -0.8183 -0.2735
vn 0.6289 -0.6393 -0.4425
vn 0.9531 -0.2878 -0.0939
vn 0.9464 -0.3019 -0.1147
vn 0.5276 -0.8126 -0.2477
vn 0.4641 -0.5931 -0.6579
vn 0.6429 -0.6337 -0.4302
vn 0.2069 -0.7270 -0.6548
vn 0.1749 -0.7247 -0.6665
vn 0.9213 -0.2394 -0.3065
vn 0.4505 -0.7654 -0.4595
vn 0.3064 -0.6738 -0.6724
vn 0.7915 -0.3747 -0.4828
vn 0.7337 -0.4142 -0.5386
vn 0.8253 -0.4633 -0.3229
vn 0.7943 -0.4879 -0.3621
vn 0.8952 -0.4429 -0.0498
vn 0.9825 -0.1788 -0.0531
vn 0.8679 -0.2983 -0.3973
vn 0.8856 -0.4600 -0.0644
vn 0.7045 -0.6350 -0.3169
vn 0.9029 -0.4224 -0.0796
vn 0.5657 -0.5294 -0.6322
vn 0.9685 -0.2098 -0.1343
vn 0.4033 -0.9029 -0.1486
vn 0.7509 -0.5380 -0.3829
vn 0.3044 -0.9455 -0.1154
vn 0.2766 -0.6937 -0.6650
vn 0.3964 -0.8996 -0.1834
vn 0.9318 -0.3319 -0.1466
vn 0.2178 -0.8762 -0.4300
vn 0.9478 -0.2912 -0.1302
vn 0.6552 -0.6854 -0.3178
vn 0.9383 -0.3328 -0.0942
vn 0.6371 -0.4923 -0.5931
vn 0.6146 -0.4946 -0.6145
vn 0.9134 -0.3655 -0.1792
vn 0.0498 -0.9352 -0.3505
vn 0.8740 -0.4831 -0.0528
vn 0.1770 -0.9003 -0.3976
vn 0.1567 -0.9006 -0.4055
vn 0.8667 -0.4383 -0.2379
vn 0.0614 -0.7678 -0.6378
vn 0.8848 -0.3776 -0.2730
vn 0.9183 -0.3869 -0.0835
vn 0.2274 -0.8767 -0.4238
vn 0.5618 -0.7739 -0.2923
vn 0.5674 -0.7714 -0.2882
vn 0.8741 -0.2864 -0.3922
vn 0.4196 -0.7722 -0.4771
vn 0.0970 -0.7477 -0.6570
vn 0.9026 -0.4232 -0.0790
vn 0.1064 -0.7497 -0.6531
vn 0.8285 -0.3166 -0.4619
vn 0.9809 -0.1817 -0.0688
vn 0.9814 -0.1820 -0.0605
vn 0.9287 -0.3593 -0.0917
vn 0.9124 -0.3889 -0.1278
vn 0.2988 -0.8418 -0.4495
vn 0.3013 -0.8417 -0.4482
vn 0.6865 -0.4440 -0.5758
vn 0.9875 -0.1470 -0.0562
vn 0.9581 -0.2585 -0.1230
vn 0.8653 -0.4994 -0.0428
vn 0.5370 -0.7045 -0.4640
vn 0.5911 -0.7467 -0.3051
vn 0.5815 -0.7499 -0.3154
vn 0.2469 -0.6900 -0.6804
vn 0.8939 -0.2600 -0.3653
vn 0.8950 -0.3967 -0.2037
vn 0.9395 -0.3184 -0.1264
vn 0.7907 -0.5329 -0.3014
vn 0.9615 -0.2398 -0.1344
vn 0.6952 -0.6416 -0.3241
vn 0.9257 -0.3567 -0.1258
vn 0.9257 -0.3174 -0.2060
vn 0.9176 -0.3243 -0.2300
vn 0.3799 -0.9105 -0.1630
vn 0.9624 -0.2389 -0.1292
vn 0.6547 -0.6860 -0.3175
vn 0.0830 -0.9240 -0.3733
vn 0.0782 -0.9232 -0.3762
vn 0.9519 -0.2556 -0.1692
vn 0.9640 -0.2295 -0.1346
vn 0.3409 -0.8150 -0.4687
vn 0.9045 -0.4089 -0.1215
vn 0.7202 -0.5571 -0.4136
vn 0.1463 -0.7317 -0.6658
vn 0.9426 -0.3010 -0.1445
vn 0.3672 -0.9064 -0.2086
vn 0.8902 -0.4421 -0.1099
vn 0.4433 -0.6016 -0.6645
vn 0.8929 -0.4448 -0.0702
vn 0.7438 -0.5358 -0.3995
vn 0.8668 -0.4916 -0.0834
vn 0.9526 -0.2566 -0.1632
vn 0.4121 -0.6269 -0.6613
vn 0.9581 -0.2396 -0.1570
vn 0.8524 -0.3111 -0.4202
vn 0.9445 -0.2841 -0.1650
vn 0.9134 -0.2462 -0.3242
vn 0.8765 -0.4722 -0.0940
vn 0.5675 -0.6819 -0.4615
vn 0.9715 -0.1911 -0.1403
vn 0.8401 -0.4749 -0.2621
vn 0.8625 -0.4976 -0.0926
vn 0.7283 -0.3953 -0.5597
vn 0.4881 -0.8354 -0.2527
vn 0.4697 -0.8419 -0.2656
vn 0.8387 -0.4787 -0.2596
vn 0.5963 -0.6567 -0.4617
vn 0.6136 -0.6501 -0.4483
vn 0.4770 -0.5781 -0.6620
vn 0.2798 -0.6678 -0.6898
vn 0.7679 -0.3746 -0.5197
vn 0.7238 -0.3960 -0.5650
vn 0.3272 -0.6553 -0.6808
vn 0.7805 -0.3581 -0.5125
vn 0.8087 -0.3478 -0.4745
vn 0.5987 -0.5064 -0.6206
vn 0.5550 -0.5210 -0.6486
vn 0.9411 -0.2973 -0.1611
vn 0.6760 -0.6608 -0.3261
vn 0.9364 -0.3181 -0.1482
vn 0.5095 -0.5580 -0.6550
vn 0.7782 -0.5060 -0.3719
vn 0.3299 -0.9280 -0.1730
vn 0.5382 -0.7917 -0.2891
vn 0.8193 -0.4639 -0.3371
vn 0.5192 -0.7988 -0.3038
vn 0.7615 -0.5731 -0.3027
vn 0.2882 -0.9515 -0.1074
vn 0.3482 -0.6384 -0.6864
vn 0.2630 -0.9555 -0.1333
vn 0.9310 -0.3396 -0.1343
vn 0.0639 -0.7521 -0.6560
vn 0.0530 -0.7475 -0.6622
vn 0.9129 -0.3860 -0.1327
vn 0.8619 -0.4986 -0.0923
vn 0.1753 -0.8872 -0.4268
vn 0.1202 -0.7227 -0.6807
vn 0.8892 -0.4404 -0.1242
vn 0.8325 -0.5514 -0.0542
vn 0.9002 -0.3495 -0.2599
vn 0.9671 -0.2189 -0.1300
vn 0.9717 -0.2045 -0.1179
vn 0.2395 -0.6934 -0.6795
vn 0.9260 -0.3532 -0.1329
vn 0.0517 -0.9223 -0.3831
vn 0.1986 -0.6929 -0.6931
vn 0.0404 -0.9252 -0.3774
vn 0.9066 -0.3885 -0.1649
vn 0.2659 -0.6615 -0.7012
vn 0.9770 -0.1870 -0.1021
vn 0.4167 -0.5936 -0.6884
vn 0.8258 -0.5606 -0.0614
vn 0.3975 -0.8933 -0.2099
vn 0.8886 -0.3701 -0.2708
vn 0.3815 -0.8969 -0.2236
vn 0.6705 -0.4397 -0.5975
vn 0.8081 -0.5158 -0.2845
vn 0.3534 -0.6353 -0.6866
vn 0.9518 -0.2548 -0.1706
vn 0.5139 -0.5528 -0.6560
vn 0.6949 -0.4343 -0.5732
vn 0.3799 -0.6181 -0.6883
vn 0.8948 -0.4312 -0.1159
vn 0.1412 -0.9044 -0.4026
vn 0.3436 -0.9245 -0.1651
vn 0.9323 -0.3271 -0.1540
vn 0.2549 -0.8508 -0.4594
vn 0.2683 -0.8529 -0.4478
vn 0.1681 -0.7050 -0.6890
vn 0.9378 -0.2848 -0.1987
vn 0.2196 -0.6810 -0.6986
vn 0.5636 -0.5133 -0.6472
vn 0.8971 -0.4111 -0.1620
vn 0.4849 -0.7287 -0.4836
vn 0.8601 -0.4981 -0.1098
vn 0.4998 -0.7247 -0.4743
vn 0.7328 -0.5976 -0.3253
vn 0.5577 -0.6811 -0.4744
vn 0.8631 -0.4866 -0.1351
vn 0.8789 -0.4632 -0.1139
vn 0.5457 -0.7742 -0.3207
vn 0.9777 -0.1870 -0.0955
vn 0.7523 -0.5139 -0.4122
vn 0.7781 -0.3604 -0.5144
vn 0.7452 -0.3720 -0.5534
vn 0.7965 -0.4706 -0.3796
vn 0.5122 -0.7075 -0.4870
vn 0.9581 -0.2395 -0.1571
vn 0.8049 -0.5906 -0.0580
vn 0.8958 -0.2571 -0.3626
vn 0.4560 -0.8525 -0.2557
vn 0.9130 -0.3715 -0.1688
vn 0.4376 -0.8585 -0.2674
vn 0.3006 -0.6433 -0.7041
vn 0.6272 -0.4683 -0.6223
vn 0.4427 -0.5674 -0.6943
vn 0.7964 -0.6011 -0.0668
vn 0.9392 -0.2175 -0.2655
vn 0.8899 -0.4316 -0.1476
vn 0.8533 -0.4144 -0.3165
vn 0.9394 -0.3023 -0.1619
vn 0.1743 -0.8870 -0.4276
vn 0.3994 -0.7856 -0.4726
vn 0.9260 -0.2920 -0.2393
vn 0.2940 -0.9400 -0.1729
vn 0.0817 -0.7333 -0.6750
vn 0.8042 -0.5879 -0.0878
vn 0.8099 -0.5768 -0.1069
vn 0.8312 -0.5514 -0.0708
vn 0.1620 -0.7034 -0.6921
vn 0.1030 -0.9027 -0.4177
vn 0.9620 -0.2338 -0.1410
vn 0.6109 -0.7175 -0.3346
vn 0.6154 -0.7157 -0.3303
vn 0.7235 -0.3999 -0.5627
vn 0.8425 -0.5205 -0.1391
vn 0.1034 -0.7102 -0.6964
vn 0.1364 -0.7132 -0.6875
vn 0.9760 -0.1900 -0.1064
vn 0.8713 -0.3918 -0.2954
vn 0.6895 -0.5748 -0.4407
vn 0.7093 -0.5672 -0.4186
vn 0.8870 -0.4362 -0.1516
vn 0.4949 -0.8146 -0.3025
vn 0.5064 -0.8111 -0.2928
vn 0.5767 -0.6530 -0.4909
vn 0.2213 -0.9666 -0.1290
vn 0.8469 -0.2944 -0.4428
vn 0.7955 -0.5973 -0.1022
vn 0.9318 -0.3226 -0.1665
vn 0.9161 -0.3530 -0.1900
vn 0.6357 -0.4584 -0.6211
vn 0.0561 -0.7240 -0.6875
vn 0.7950 -0.3311 -0.5082
vn 0.8286 -0.3165 -0.4618
vn 0.4412 -0.7587 -0.4793
vn 0.9503 -0.2909 -0.1109
vn 0.4900 -0.5271 -0.6943
vn 0.5276 -0.5287 -0.6649
vn 0.9739 -0.2008 -0.1059
vn 0.6714 -0.5990 -0.4364
vn 0.6403 -0.6139 -0.4616
vn 0.6831 -0.4117 -0.6032
vn 0.9309 -0.2279 -0.2853
vn 0.6513 -0.6767 -0.3433
vn 0.6793 -0.6482 -0.3442
vn 0.8949 -0.4159 -0.1620
vn 0.9511 -0.2668 -0.1556
vn 0.9386 -0.2931 -0.1822
vn 0.3912 -0.6053 -0.6932
vn 0.8660 -0.4746 -0.1578
vn 0.3476 -0.6078 -0.7140
vn 0.7730 -0.6309 -0.0662
vn 0.3395 -0.9131 -0.2258
vn 0.3658 -0.9078 -0.2053
vn 0.3046 -0.9378 -0.1666
vn 0.5360 -0.7821 -0.3180
vn 0.0467 -0.7286 -0.6834
vn 0.2286 -0.8564 -0.4629
vn 0.9065 -0.3770 -0.1899
vn 0.3498 -0.8056 -0.4781
vn 0.9073 -0.2438 -0.3425
vn 0.8104 -0.5749 -0.1125
vn 0.8688 -0.3926 -0.3016
vn 0.3330 -0.8018 -0.4962
vn 0.9227 -0.2320 -0.3080
vn 0.8457 -0.5139 -0.1442
vn 0.5900 -0.7362 -0.3317
vn 0.5412 -0.7655 -0.3480
vn 0.1669 -0.8677 -0.4682
vn 0.9073 -0.3345 -0.2549
vn 0.8499 -0.4978 -0.1729
vn 0.8647 -0.4805 -0.1462
vn 0.8770 -0.2721 -0.3959
vn 0.8858 -0.4310 -0.1721
vn 0.6408 -0.6877 -0.3412
vn 0.9446 -0.2827 -0.1666
vn 0.7871 -0.6115 -0.0808
vn 0.7027 -0.6251 -0.3399
vn 0.7088 -0.6216 -0.3336
vn 0.4472 -0.7434 -0.4973
vn 0.4610 -0.7403 -0.4893
vn 0.2172 -0.9693 -0.1156
vn 0.8251 -0.4904 -0.2804
vn 0.1893 -0.6736 -0.7145
vn 0.8427 -0.4724 -0.2583
vn 0.9798 -0.1957 -0.0410
vn 0.4233 -0.8689 -0.2565
vn 0.4028 -0.8744 -0.2704
vn 0.9589 -0.2247 -0.1731
vn 0.2779 -0.6506 -0.7067
vn 0.0933 -0.7125 -0.6955
vn 0.0747 -0.7068 -0.7034
vn 0.8244 -0.4384 -0.3580
vn 0.8282 -0.4370 -0.3510
vn 0.9605 -0.2157 -0.1756
vn 0.9811 -0.1788 -0.0741
vn 0.8448 -0.4147 -0.3382
vn 0.5892 -0.4758 -0.6530
vn 0.9174 -0.3589 -0.1721
vn 0.8838 -0.4107 -0.2242
vn 0.0846 -0.9077 -0.4110
vn 0.7855 -0.6134 -0.0822
vn 0.9461 -0.2159 -0.2415
vn 0.7563 -0.5157 -0.4025
vn 0.4292 -0.5812 -0.6914
vn 0.8658 -0.4678 -0.1779
vn 0.9256 -0.3287 -0.1875
vn 0.5617 -0.7567 -0.3344
vn 0.1193 -0.8883 -0.4435
vn 0.3184 -0.6157 -0.7208
vn 0.7523 -0.6531 -0.0867
vn 0.9352 -0.2912 -0.2014
vn 0.2989 -0.8198 -0.4884
vn 0.5765 -0.7411 -0.3441
vn 0.8934 -0.4067 -0.1910
vn 0.9072 -0.3838 -0.1720
vn 0.7969 -0.5880 -0.1382
vn 0.8306 -0.5301 -0.1705
vn 0.9604 -0.2026 -0.1913
vn 0.2318 -0.6487 -0.7248
vn 0.9750 -0.1963 -0.1036
vn 0.5889 -0.4761 -0.6531
vn 0.6434 -0.4344 -0.6304
vn 0.6348 -0.4317 -0.6409
vn 0.8865 -0.3597 -0.2911
vn 0.8145 -0.3111 -0.4897
vn 0.7717 -0.3512 -0.5302
vn 0.9674 -0.2190 -0.1274
vn 0.9365 -0.3166 -0.1510
vn 0.7716 -0.4875 -0.4087
vn 0.4536 -0.8363 -0.3080
vn 0.8604 -0.4752 -0.1843
vn 0.4703 -0.8331 -0.2913
vn 0.7743 -0.6236 -0.1077
vn 0.7227 -0.6085 -0.3277
vn 0.3756 -0.5792 -0.7235
vn 0.1503 -0.6848 -0.7131
vn 0.1284 -0.6814 -0.7206
vn 0.7961 -0.5254 -0.3003
vn 0.8511 -0.2884 -0.4387
vn 0.0758 -0.9059 -0.4167
vn 0.3325 -0.6172 -0.7131
vn 0.3692 -0.7825 -0.5014
vn 0.6212 -0.6278 -0.4690
vn 0.6100 -0.6299 -0.4807
vn 0.2604 -0.8430 -0.4708
vn 0.9189 -0.3525 -0.1768
vn 0.9181 -0.2368 -0.3178
vn 0.2459 -0.9597 -0.1363
vn 0.9868 -0.1514 -0.0574
vn 0.2484 -0.6251 -0.7400
vn 0.6770 -0.4188 -0.6052
vn 0.1896 -0.8712 -0.4528
vn 0.3336 -0.9204 -0.2039
vn 0.3012 -0.9258 -0.2286
vn 0.8780 -0.2721 -0.3938
vn 0.5561 -0.4855 -0.6746
vn 0.7423 -0.3733 -0.5565
vn 0.7039 -0.3821 -0.5988
vn 0.9876 -0.1483 -0.0513
vn 0.0267 -0.9095 -0.4148
vn 0.5834 -0.4585 -0.6704
vn 0.8160 -0.5562 -0.1572
vn 0.2967 -0.8199 -0.4897
vn 0.8507 -0.4962 -0.1738
vn 0.0353 -0.7154 -0.6978
vn 0.2483 -0.9525 -0.1764
vn 0.2624 -0.9504 -0.1668
vn 0.8751 -0.4400 -0.2015
vn 0.8895 -0.4193 -0.1815
vn 0.6582 -0.5988 -0.4563
vn 0.9794 -0.1975 -0.0430
vn 0.7328 -0.6736 -0.0963
vn 0.7529 -0.6545 -0.0692
vn 0.4069 -0.7607 -0.5057
vn 0.9618 -0.2031 -0.1837
vn 0.9677 -0.2000 -0.1533
vn 0.1530 -0.9799 -0.1277
vn 0.7776 -0.6167 -0.1226
vn 0.7907 -0.3206 -0.5215
vn 0.4867 -0.8078 -0.3326
vn 0.4955 -0.8052 -0.3256
vn 0.9082 -0.3726 -0.1906
vn 0.8984 -0.3884 -0.2051
vn 0.2823 -0.6282 -0.7250
vn 0.7981 -0.5862 -0.1392
vn 0.7584 -0.3496 -0.5500
vn 0.6750 -0.6496 -0.3498
vn 0.8890 -0.3550 -0.2892
vn 0.9264 -0.2905 -0.2396
vn 0.4991 -0.5179 -0.6947
vn 0.6351 -0.4094 -0.6550
vn 0.4022 -0.5550 -0.7282
vn 0.4676 -0.5470 -0.6944
vn 0.8668 -0.4383 -0.2378
vn 0.5528 -0.4878 -0.6757
vn 0.9902 -0.1365 -0.0282
vn 0.8220 -0.4414 -0.3599
vn 0.7917 -0.4670 -0.3939
vn 0.1676 -0.6568 -0.7352
vn 0.2121 -0.6564 -0.7240
vn 0.5091 -0.7889 -0.3442
vn 0.7885 -0.5331 -0.3068
vn 0.7931 -0.5293 -0.3015
vn 0.9363 -0.3017 -0.1796
vn 0.7781 -0.6162 -0.1221
vn 0.6074 -0.7093 -0.3576
vn 0.6110 -0.7080 -0.3542
vn 0.3297 -0.6044 -0.7252
vn 0.0572 -0.9003 -0.4316
vn 0.1547 -0.9798 -0.1266
vn 0.1731 -0.9725 -0.1560
vn 0.2598 -0.8285 -0.4961
vn 0.1069 -0.6869 -0.7189
vn 0.0859 -0.6818 -0.7265
vn 0.3620 -0.8910 -0.2739
vn 0.0538 -0.6992 -0.7129
vn 0.3812 -0.8870 -0.2605
vn 0.7285 -0.5408 -0.4205
vn 0.7061 -0.5463 -0.4505
vn 0.9814 -0.1681 -0.0922
vn 0.8863 -0.4129 -0.2097
vn 0.9849 -0.1592 -0.0683
vn 0.4958 -0.7020 -0.5112
vn 0.5270 -0.6955 -0.4883
vn 0.9275 -0.3244 -0.1859
vn 0.5546 -0.6720 -0.4907
vn 0.8321 -0.5273 -0.1720
vn 0.1910 -0.9638 -0.1861
vn 0.8165 -0.5428 -0.1970
vn 0.7576 -0.3498 -0.5510
vn 0.6816 -0.3906 -0.6187
vn 0.7413 -0.6578 -0.1334
vn 0.9422 -0.2604 -0.2107
vn 0.4377 -0.8449 -0.3077
vn 0.5197 -0.4944 -0.6968
vn 0.3449 -0.5831 -0.7355
vn 0.5799 -0.7297 -0.3622
vn 0.8378 -0.5097 -0.1955
vn 0.7191 -0.3698 -0.5883
vn 0.7353 -0.6694 -0.1062
vn 0.9698 -0.2052 -0.1315
vn 0.1214 -0.8873 -0.4450
vn 0.7638 -0.6256 -0.1590
vn 0.8520 -0.4786 -0.2122
vn 0.8634 -0.4655 -0.1945
vn 0.8701 -0.3716 -0.3239
vn 0.7588 -0.6404 -0.1184
vn 0.8938 -0.4035 -0.1958
vn 0.8810 -0.4213 -0.2152
vn 0.5866 -0.4545 -0.6703
vn 0.7805 -0.6014 -0.1707
vn 0.7523 -0.5732 -0.3247
vn 0.1426 -0.6537 -0.7432
vn 0.1691 -0.6563 -0.7353
vn 0.9873 -0.1499 -0.0527
vn 0.7216 -0.6893 -0.0636
vn 0.0821 -0.8918 -0.4449
vn 0.3999 -0.5567 -0.7281
vn 0.7901 -0.4689 -0.3948
vn 0.2627 -0.9369 -0.2307
vn 0.9536 -0.2130 -0.2130
vn 0.2942 -0.9331 -0.2068
vn 0.9464 -0.2175 -0.2388
vn 0.3497 -0.7851 -0.5112
vn 0.4341 -0.5358 -0.7242
vn 0.2312 -0.8280 -0.5108
vn 0.5756 -0.6470 -0.5002
vn 0.1633 -0.8701 -0.4651
vn 0.6501 -0.4105 -0.6394
vn 0.6931 -0.3894 -0.6065
vn 0.6243 -0.6018 -0.4982
vn 0.4890 -0.5144 -0.7045
vn 0.8137 -0.5504 -0.1872
vn 0.3959 -0.7583 -0.5179
vn 0.9590 -0.2239 -0.1736
vn 0.0455 -0.6908 -0.7216
vn 0.8485 -0.2788 -0.4497
vn 0.5425 -0.4620 -0.7016
vn 0.2482 -0.6253 -0.7399
vn 0.9479 -0.2585 -0.1863
vn 0.0982 -0.9863 -0.1328
vn 0.2032 -0.8465 -0.4920
vn 0.6726 -0.5709 -0.4708
vn 0.4382 -0.7325 -0.5209
vn 0.8779 -0.2617 -0.4009
vn 0.4535 -0.8262 -0.3343
vn 0.4483 -0.8273 -0.3385
vn 0.2811 -0.6000 -0.7490
vn 0.9319 -0.2844 -0.2253
vn 0.5052 -0.4771 -0.7191
vn 0.9232 -0.3361 -0.1863
vn 0.9010 -0.3775 -0.2136
vn 0.8722 -0.4397 -0.2145
vn 0.7169 -0.6837 -0.1363
vn 0.8948 -0.2521 -0.3686
vn 0.6722 -0.7352 -0.0868
vn 0.7714 -0.4801 -0.4177
vn 0.6877 -0.7228 -0.0675
vn 0.9444 -0.2210 -0.2436
vn 0.5747 -0.4230 -0.7006
vn 0.8996 -0.3875 -0.2015
vn 0.8405 -0.5034 -0.2003
vn 0.9206 -0.3019 -0.2477
vn 0.7329 -0.5870 -0.3438
vn 0.7618 -0.6281 -0.1584
vn 0.0288 -0.8937 -0.4478
vn 0.5748 -0.7314 -0.3669
vn 0.3530 -0.5690 -0.7427
vn 0.3389 -0.5612 -0.7552
vn 0.6890 -0.6301 -0.3581
vn 0.2012 -0.6219 -0.7568
vn 0.0634 -0.6662 -0.7431
vn 0.0705 -0.8876 -0.4551
vn 0.0990 -0.6542 -0.7498
vn 0.1248 -0.6590 -0.7417
vn 0.7180 -0.5222 -0.4603
vn 0.6983 -0.7097 -0.0934
vn 0.2793 -0.6015 -0.7485
vn 0.3390 -0.9029 -0.2642
vn 0.3211 -0.9061 -0.2754
vn 0.7063 -0.6193 -0.3431
vn 0.1119 -0.9862 -0.1220
vn 0.4588 -0.7157 -0.5266
vn 0.8830 -0.4071 -0.2335
vn 0.4683 -0.7140 -0.5205
vn 0.6576 -0.7490 -0.0813
vn 0.8220 -0.2958 -0.4867
vn 0.5002 -0.6879 -0.5259
vn 0.6609 -0.6646 -0.3485
vn 0.5230 -0.7765 -0.3516
vn 0.0309 -0.6772 -0.7351
vn 0.9050 -0.2464 -0.3468
vn 0.1779 -0.8569 -0.4838
vn 0.9004 -0.3822 -0.2080
vn 0.9162 -0.3525 -0.1908
vn 0.5740 -0.6482 -0.5003
vn 0.5384 -0.6607 -0.5231
vn 0.9765 -0.2020 -0.0750
vn 0.8518 -0.4520 -0.2649
vn 0.9784 -0.1789 -0.1039
vn 0.9768 -0.1810 -0.1144
vn 0.2003 -0.9646 -0.1715
vn 0.8034 -0.4378 -0.4037
vn 0.4028 -0.8613 -0.3096
vn 0.4034 -0.8612 -0.3093
vn 0.9554 -0.2335 -0.1807
vn 0.9701 -0.2043 -0.1312
vn 0.1847 -0.9653 -0.1846
vn 0.8222 -0.4914 -0.2871
vn 0.5142 -0.4810 -0.7101
vn 0.7877 -0.3176 -0.5279
vn 0.9310 -0.2290 -0.2841
vn 0.7262 -0.6638 -0.1788
vn 0.9358 -0.2290 -0.2682
vn 0.6761 -0.5706 -0.4661
vn 0.9062 -0.3164 -0.2805
vn 0.2961 -0.8039 -0.5158
vn 0.2884 -0.8020 -0.5231
vn 0.7845 -0.5937 -0.1790
vn 0.7659 -0.6092 -0.2056
vn 0.2253 -0.5984 -0.7689
vn 0.4512 -0.5005 -0.7388
vn 0.9643 -0.2132 -0.1569
vn 0.9726 -0.1922 -0.1309
vn 0.2001 -0.6225 -0.7566
vn 0.1603 -0.6214 -0.7669
vn 0.7656 -0.3258 -0.5548
vn 0.9190 -0.3522 -0.1771
vn 0.4803 -0.4944 -0.7245
vn 0.9539 -0.2781 -0.1130
vn 0.6368 -0.6768 -0.3694
vn 0.1070 -0.8742 -0.4736
vn 0.1076 -0.8744 -0.4731
vn 0.7449 -0.6485 -0.1568
vn 0.2385 -0.9454 -0.2220
vn 0.4153 -0.7332 -0.5384
vn 0.2250 -0.9467 -0.2306
vn 0.8413 -0.2862 -0.4585
vn 0.8022 -0.5528 -0.2256
vn 0.8174 -0.5385 -0.2043
vn 0.7388 -0.5212 -0.4272
vn 0.7182 -0.6820 -0.1378
vn 0.6062 -0.4354 -0.6655
vn 0.3528 -0.5370 -0.7662
vn 0.8698 -0.2696 -0.4134
vn 0.8259 -0.4429 -0.3488
vn 0.8902 -0.2559 -0.3769
vn 0.8527 -0.4761 -0.2152
vn 0.6174 -0.6009 -0.5076
vn 0.0603 -0.6645 -0.7449
vn 0.6508 -0.5882 -0.4801
vn 0.4032 -0.5310 -0.7453
vn 0.8256 -0.5189 -0.2217
vn 0.6752 -0.7314 -0.0957
vn 0.7801 -0.4675 -0.4159
vn 0.8977 -0.3885 -0.2081
vn 0.8676 -0.4485 -0.2148
vn 0.3295 -0.7825 -0.5283
vn 0.7281 -0.3472 -0.5910
vn 0.4201 -0.8436 -0.3346
vn 0.4228 -0.5170 -0.7442
vn 0.7709 -0.5480 -0.3245
vn 0.3792 -0.7570 -0.5321
vn 0.7419 -0.3442 -0.5754
vn 0.1374 -0.8553 -0.4996
vn 0.6834 -0.7185 -0.1294
vn 0.7011 -0.7046 -0.1095
vn 0.9364 -0.3162 -0.1525
vn 0.8649 -0.3796 -0.3284
vn 0.8509 -0.3887 -0.3535
vn 0.3403 -0.5469 -0.7649
vn 0.2545 -0.8064 -0.5338
vn 0.7948 -0.3102 -0.5215
vn 0.2738 -0.5820 -0.7657
vn 0.9616 -0.2157 -0.1696
vn 0.9656 -0.2135 -0.1486
vn 0.0597 -0.9897 -0.1300
vn 0.0539 -0.9894 -0.1348
vn 0.5259 -0.4514 -0.7209
vn 0.2150 -0.8362 -0.5045
vn 0.9476 -0.2429 -0.2077
vn 0.8208 -0.2957 -0.4888
vn 0.9034 -0.3220 -0.2832
vn 0.9184 -0.2386 -0.3157
vn 0.6362 -0.7678 -0.0750
vn 0.3809 -0.5231 -0.7624
vn 0.0488 -0.8783 -0.4756
vn 0.9735 -0.1908 -0.1258
vn 0.7004 -0.3663 -0.6126
vn 0.6906 -0.3676 -0.6229
vn 0.1100 -0.9816 -0.1558
vn 0.9771 -0.2117 -0.0204
vn 0.1157 -0.6220 -0.7744
vn 0.7383 -0.6430 -0.2034
vn 0.1475 -0.6255 -0.7662
vn 0.7237 -0.5964 -0.3473
vn 0.7511 -0.6321 -0.1905
vn 0.7736 -0.3246 -0.5443
vn 0.1955 -0.9541 -0.2268
vn 0.9626 -0.2181 -0.1608
vn 0.9110 -0.2480 -0.3294
vn 0.6603 -0.3835 -0.6457
vn 0.6366 -0.3982 -0.6604
vn 0.6629 -0.3833 -0.6432
vn 0.2999 -0.9157 -0.2674
vn 0.2825 -0.9182 -0.2775
vn 0.1486 -0.9732 -0.1754
vn 0.1316 -0.9736 -0.1867
vn 0.2790 -0.5715 -0.7718
vn 0.0816 -0.6370 -0.7666
vn 0.6188 -0.6070 -0.4986
vn 0.1932 -0.6166 -0.7632
vn 0.9233 -0.3367 -0.1846
vn 0.5719 -0.4274 -0.7001
vn 0.6065 -0.4075 -0.6827
vn 0.5577 -0.7458 -0.3644
vn 0.5450 -0.7505 -0.3739
vn 0.6059 -0.4073 -0.6834
vn 0.7783 -0.4680 -0.4186
vn 0.0769 -0.8721 -0.4832
vn 0.5248 -0.6701 -0.5250
vn 0.6899 -0.6220 -0.3705
vn 0.9424 -0.3063 -0.1347
vn 0.1719 -0.8312 -0.5287
vn 0.0160 -0.9889 -0.1476
vn 0.9612 -0.2606 -0.0903
vn 0.9541 -0.2200 -0.2033
vn 0.9572 -0.2224 -0.1851
vn 0.7370 -0.5839 -0.3404
vn 0.7036 -0.6890 -0.1740
vn 0.4351 -0.4867 -0.7575
vn 0.4867 -0.7928 -0.3668
vn 0.4660 -0.4691 -0.7502
vn 0.6514 -0.7473 -0.1310
vn 0.8239 -0.4181 -0.3827
vn 0.6861 -0.5444 -0.4826
vn 0.5079 -0.4434 -0.7385
vn 0.5381 -0.4418 -0.7178
vn 0.6315 -0.7668 -0.1148
vn 0.8883 -0.3314 -0.3179
vn 0.5668 -0.4276 -0.7042
vn 0.6484 -0.6645 -0.3714
vn 0.0368 -0.6420 -0.7658
vn 0.7307 -0.6575 -0.1839
vn 0.9242 -0.2763 -0.2637
vn 0.9471 -0.2251 -0.2288
vn 0.0761 -0.6335 -0.7700
vn 0.8400 -0.4887 -0.2358
vn 0.9531 -0.2405 -0.1835
vn 0.8083 -0.5020 -0.3077
vn 0.6756 -0.7203 -0.1571
vn 0.9499 -0.2365 -0.2046
vn 0.0136 -0.6511 -0.7588
vn 0.4186 -0.4764 -0.7732
vn 0.0506 -0.8786 -0.4749
vn 0.2711 -0.5484 -0.7910
vn 0.2937 -0.5584 -0.7759
vn 0.6436 -0.7623 -0.0678
vn 0.4545 -0.4771 -0.7522
vn 0.7479 -0.4961 -0.4410
vn 0.7329 -0.4990 -0.4625
vn 0.9174 -0.3496 -0.1899
vn 0.3614 -0.8797 -0.3091
vn 0.3416 -0.8822 -0.3241
vn 0.8245 -0.5145 -0.2354
vn 0.8561 -0.4482 -0.2574
vn 0.9763 -0.2153 -0.0237
vn 0.2976 -0.7784 -0.5527
vn 0.2017 -0.5778 -0.7909
vn 0.2187 -0.5855 -0.7806
vn 0.9739 -0.2149 -0.0735
vn 0.9670 -0.2232 -0.1228
vn 0.9701 -0.2168 -0.1095
vn 0.3936 -0.4930 -0.7759
vn 0.9373 -0.2558 -0.2366
vn 0.1025 -0.8590 -0.5016
vn 0.1076 -0.8612 -0.4968
vn 0.1881 -0.9548 -0.2303
vn 0.7097 -0.6731 -0.2081
vn 0.2124 -0.8217 -0.5289
vn 0.3555 -0.5105 -0.7830
vn 0.3227 -0.5334 -0.7819
vn 0.9223 -0.3441 -0.1762
vn 0.9753 -0.2202 -0.0175
vn 0.7044 -0.6879 -0.1751
vn 0.0350 -0.6330 -0.7734
vn 0.9739 -0.2151 -0.0727
vn 0.6073 -0.6996 -0.3764
vn 0.3579 -0.7556 -0.5486
vn 0.6061 -0.6999 -0.3778
vn 0.3625 -0.5078 -0.7815
vn 0.3594 -0.5107 -0.7810
vn 0.5073 -0.6720 -0.5395
vn 0.0498 -0.9842 -0.1698
vn 0.8407 -0.3890 -0.3767
vn 0.3804 -0.8539 -0.3551
vn 0.0948 -0.6021 -0.7928
vn 0.5870 -0.8050 -0.0861
vn 0.2807 -0.5301 -0.8001
vn 0.2350 -0.5615 -0.7934
vn 0.2110 -0.5551 -0.8046
vn 0.4043 -0.7315 -0.5490
vn 0.1833 -0.5848 -0.7902
vn 0.1369 -0.5837 -0.8003
vn 0.9995 0.0325 -0.0015
vn 0.9982 0.0595 0.0018
vn 0.9968 0.0801 -0.0011
vn 0.9926 0.1217 0.0017
vn 0.9917 0.1286 -0.0002
vn 0.9842 0.1769 -0.0021
vn 0.9794 0.2018 0.0034
vn 0.9733 0.2293 -0.0022
vn 0.9617 0.2739 0.0035
vn 0.9592 0.2827 -0.0005
vn 0.9442 0.3294 -0.0034
vn 0.9329 0.3600 0.0058
vn 0.9260 0.3774 -0.0025
vn 0.9042 0.4271 -0.0012
vn 0.8965 0.4430 0.0078
vn 0.8818 0.4717 0.0019
vn 0.8717 0.4900 0.0076
vn 0.8590 0.5120 0.0009
vn 0.8434 0.5373 0.0088
vn 0.8064 0.5913 0.0085
vn 0.7973 0.6036 0.0005
vn 0.7729 0.6345 0.0061
vn 0.5610 -0.8262 -0.0518
vn 0.9974 -0.0726 -0.0007
vn 0.9824 0.1866 -0.0005
vn 0.3986 -0.9144 -0.0711
vn 0.6042 0.7968 -0.0000
vn 0.9658 -0.2593 -0.0026
vn 0.2853 -0.9539 -0.0936
vn 0.9739 -0.2270 -0.0030
vn 0.4052 -0.9113 -0.0732
vn 0.9662 -0.2579 -0.0031
vn 0.5192 -0.8527 -0.0579
vn 0.5072 -0.8603 -0.0521
vn 0.7104 -0.7026 -0.0404
vn 0.2684 -0.9582 -0.0995
vn 0.8508 -0.5251 -0.0194
vn 0.9646 -0.2636 -0.0048
vn 0.8629 -0.5050 -0.0213
vn 0.2461 -0.9644 -0.0970
vn 0.6441 -0.7639 -0.0390
vn 0.8096 -0.5867 -0.0173
vn 0.6384 0.7697 0.0004
vn 0.8956 -0.4447 -0.0093
vn 0.8960 -0.4439 -0.0090
vn 0.9494 -0.3139 -0.0040
vn 0.4639 -0.8844 -0.0517
vn 0.3387 -0.9376 -0.0781
vn 0.9242 -0.3819 -0.0068
vn 0.2223 -0.9699 -0.0997
vn 0.1971 -0.9754 -0.0984
vn 0.6678 0.7444 -0.0000
vn 0.6634 0.7483 -0.0001
vn 0.3332 -0.9397 -0.0767
vn 0.7032 -0.7108 -0.0177
vn 0.6718 -0.7406 -0.0141
vn 0.9131 -0.4077 -0.0050
vn 0.6066 -0.7948 -0.0189
vn 0.2049 -0.9739 -0.0975
vn 0.4531 -0.8895 -0.0587
vn 0.6834 0.7300 -0.0002
vn 0.5465 -0.8365 -0.0395
vn 0.3210 -0.9468 -0.0210
vn 0.3005 -0.9499 -0.0859
vn 0.7721 -0.6352 -0.0196
vn 0.7868 -0.6169 -0.0187
vn 0.3936 -0.9177 -0.0537
vn 0.7093 0.7049 -0.0000
vn 0.7082 0.7060 0.0008
vn 0.6989 0.7152 -0.0001
vn 0.7023 0.7119 -0.0017
vn 0.9392 -0.3433 -0.0027
vn 0.5294 -0.8472 -0.0448
vn 0.1376 -0.9604 -0.2421
vn 0.1367 -0.9859 -0.0969
vn 0.1383 -0.9857 -0.0962
vn 0.7427 -0.6691 -0.0247
vn 0.7299 0.6836 0.0002
vn 0.2546 -0.9637 -0.0807
vn 0.7963 -0.6048 -0.0093
vn 0.7297 0.6837 -0.0001
vn 0.7055 -0.7083 -0.0259
vn 0.5070 -0.8610 -0.0402
vn 0.0975 -0.9899 -0.1030
vn 0.6241 -0.7809 -0.0253
vn 0.0662 -0.9912 -0.1147
vn 0.9108 -0.4128 -0.0065
vn 0.7548 0.6560 0.0014
vn 0.6039 -0.7965 -0.0293
vn 0.7365 0.6765 0.0003
vn 0.2606 -0.9624 -0.0772
vn 0.7679 -0.6404 -0.0158
vn 0.7932 -0.6089 -0.0139
vn 0.9286 -0.3710 -0.0061
vn 0.9243 -0.3816 -0.0040
vn 0.8707 -0.4918 -0.0091
vn 0.0218 -0.9939 -0.1079
vn 0.3554 -0.9324 -0.0661
vn 0.8537 -0.5207 -0.0080
vn 0.7547 0.6561 -0.0003
vn 0.5831 -0.8119 -0.0264
vn 0.8706 -0.4920 -0.0069
vn 0.7516 -0.6595 -0.0098
vn 0.7698 0.6383 0.0004
vn 0.5744 -0.8181 -0.0296
vn 0.4370 -0.8985 -0.0414
vn 0.4381 -0.8980 -0.0409
vn 0.8888 -0.4581 -0.0094
vn 0.3019 -0.9508 -0.0690
vn 0.2878 -0.9555 -0.0642
vn 0.7846 0.6200 -0.0003
vn 0.0459 -0.9942 -0.0968
vn 0.0440 -0.9942 -0.0977
vn 0.7753 -0.6316 -0.0085
vn 0.8446 -0.5353 -0.0081
vn 0.3819 -0.9233 -0.0416
vn 0.8670 0.4983 0.0032
vn 0.9348 0.3552 0.0013
vn 0.9459 0.3245 0.0011
vn 0.7973 0.6036 0.0003
vn 0.2395 -0.9686 -0.0666
vn 0.1873 -0.9786 -0.0850
vn 0.5288 -0.8482 -0.0302
vn 0.5299 -0.8475 -0.0307
vn 0.1790 -0.9836 -0.0222
vn 0.7501 -0.6612 -0.0102
vn 0.9775 -0.2108 -0.0016
vn 0.1342 -0.9908 -0.0151
vn 0.9592 0.2828 -0.0000
vn 0.3927 -0.9181 -0.0541
vn 0.9398 0.3418 -0.0008
vn 0.8167 0.5771 -0.0002
vn 0.9861 -0.1660 -0.0025
vn 0.9156 -0.4018 -0.0117
vn 0.2462 0.9692 -0.0006
vn 0.8137 0.5813 -0.0004
vn 0.9596 0.2813 0.0003
vn 0.9505 0.3106 -0.0002
vn 0.9003 -0.4350 -0.0168
vn 0.4791 -0.8772 -0.0325
vn 0.7280 -0.6855 -0.0101
vn 0.2831 0.9591 -0.0000
vn 0.7239 -0.6898 -0.0094
vn 0.3062 0.9520 0.0010
vn 0.3266 -0.9438 -0.0517
vn 0.1100 -0.9910 -0.0761
vn 0.0918 -0.9914 -0.0933
vn 0.8354 0.5497 0.0001
vn 0.9765 -0.2156 -0.0033
vn 0.6985 -0.7155 -0.0102
vn 0.8799 -0.4749 -0.0161
vn 0.8804 -0.4739 -0.0163
vn 0.2190 -0.9734 -0.0679
vn 0.8416 0.5402 -0.0003
vn 0.9155 -0.4022 -0.0079
vn 0.3349 0.9423 -0.0016
vn 0.1742 -0.9818 -0.0762
vn 0.5735 -0.8188 -0.0270
vn 0.3015 -0.9522 -0.0494
vn 0.6748 -0.7379 -0.0102
vn 0.6754 -0.7374 -0.0103
vn 0.8590 0.5120 0.0003
vn 0.4368 -0.8991 -0.0270
vn 0.3656 -0.9306 -0.0171
vn 0.8683 0.4960 -0.0005
vn 0.9955 -0.0946 -0.0002
vn 0.9362 -0.3513 -0.0049
vn 0.9999 -0.0144 -0.0085
vn 0.2648 -0.9628 -0.0545
vn 0.9994 0.0073 0.0335
vn 0.9984 -0.0561 0.0032
vn 0.9963 -0.0859 -0.0038
vn 0.9998 -0.0199 -0.0030
vn 0.6527 -0.7576 -0.0100
vn 0.9912 -0.1326 -0.0004
vn 0.7835 0.6214 0.0008
vn 0.2382 -0.9699 -0.0503
vn 0.9199 -0.3921 -0.0117
vn 0.5858 -0.8104 -0.0110
vn 0.8818 0.4716 0.0004
vn 0.7696 0.6385 -0.0011
vn 0.7875 0.6163 -0.0001
vn 0.5536 -0.8326 -0.0201
vn 0.6215 -0.7834 -0.0101
vn 0.8065 0.5912 0.0001
vn 0.8010 -0.5977 -0.0328
vn 0.6440 -0.7649 -0.0112
vn 0.9842 0.1771 0.0004
vn 0.9995 0.0326 0.0009
vn 0.8684 0.4959 0.0050
vn 0.7800 -0.6241 -0.0465
vn 0.8944 0.4473 -0.0004
vn 0.7508 -0.6593 -0.0395
vn 0.8187 0.5742 -0.0000
vn 0.8993 -0.4371 -0.0133
vn 0.8416 0.5401 0.0002
vn 0.8415 0.5403 0.0001
vn 0.5282 -0.8490 -0.0157
vn 0.8604 0.5097 -0.0006
vn 0.6184 -0.7858 -0.0107
vn 0.9041 0.4272 0.0005
vn 0.3561 -0.9339 -0.0315
vn 0.9179 -0.3968 -0.0100
vn 0.0296 -0.9958 -0.0866
vn 0.8764 0.4815 -0.0000
vn 0.3856 -0.9223 -0.0281
vn 0.3939 -0.9188 -0.0251
vn 0.3492 -0.9367 -0.0275
vn 0.7706 -0.6365 -0.0328
vn 0.5162 -0.8563 -0.0190
vn 0.8943 0.4474 0.0002
vn 0.9983 -0.0590 -0.0000
vn 0.9160 0.4012 -0.0004
vn 0.1629 -0.9847 -0.0616
vn 0.9099 0.4149 -0.0007
vn 0.8938 0.4484 0.0005
vn 0.3174 -0.9476 -0.0366
vn 0.8674 0.4975 -0.0061
vn 0.8023 -0.5965 -0.0241
vn 0.9165 0.4001 0.0014
vn 0.4676 -0.8838 -0.0140
vn 0.7425 -0.6689 -0.0366
vn 0.9936 -0.1133 -0.0014
vn 0.6755 -0.7354 -0.0544
vn 0.9262 0.3770 0.0004
vn 0.6639 -0.7459 -0.0533
vn 0.6343 -0.7705 -0.0628
vn 0.1260 -0.9904 -0.0568
vn 0.9997 0.0257 0.0009
vn 0.9260 0.3775 -0.0014
vn 0.2611 -0.9645 -0.0389
vn 0.8968 -0.4424 -0.0116
vn 0.9867 -0.1626 -0.0010
vn 0.5519 -0.8339 -0.0085
vn 0.3123 -0.9494 -0.0338
vn 0.9997 0.0263 0.0008
vn 0.1607 -0.9862 -0.0405
vn 0.9229 -0.3848 -0.0138
vn 0.9994 -0.0157 0.0321
vn 0.9345 0.3560 -0.0003
vn 0.9983 -0.0588 0.0002
vn 0.9988 -0.0475 -0.0081
vn 0.9935 -0.1139 -0.0011
vn 0.9434 -0.3317 -0.0035
vn 0.9472 -0.3205 -0.0129
vn 0.9852 -0.1712 -0.0009
vn 0.9387 -0.3446 -0.0113
vn 0.9227 -0.3855 -0.0070
vn 0.2682 -0.9627 -0.0359
vn 0.7611 -0.6479 -0.0318
vn 0.9464 0.3230 0.0004
vn 0.9014 -0.4328 -0.0141
vn 1.0000 -0.0068 -0.0018
vn 0.9442 0.3293 -0.0001
vn 0.9508 -0.3099 -0.0058
vn 0.0578 -0.9966 -0.0584
vn 0.0975 -0.9932 -0.0635
vn 0.9705 -0.2409 0.0005
vn 0.9797 -0.1982 -0.0296
vn 0.6766 -0.7350 -0.0436
vn 0.9646 -0.2637 -0.0014
vn 0.9512 -0.3085 -0.0068
vn 0.9735 -0.2285 0.0110
vn 0.2645 -0.9642 -0.0215
vn 0.9992 -0.0399 0.0006
vn 0.9806 -0.1959 -0.0015
vn 0.9340 -0.3572 -0.0090
vn 0.5056 -0.8628 -0.0046
vn 0.4752 -0.8770 -0.0708
vn 0.0980 -0.9939 -0.0502
vn 0.6437 -0.7634 -0.0532
vn 0.6452 -0.7622 -0.0524
vn 0.4964 -0.8671 -0.0427
vn 0.5902 -0.8072 -0.0146
vn 0.2266 -0.9732 -0.0389
vn 1.0000 0.0022 -0.0002
vn 0.6261 -0.7794 -0.0231
vn 0.4193 -0.9076 -0.0206
vn 0.4530 -0.8915 -0.0095
vn 0.4802 -0.8766 -0.0318
vn 0.9729 -0.2311 -0.0023
vn 0.9592 0.2827 0.0001
vn 0.4829 -0.8756 -0.0087
vn 0.0179 -0.9981 -0.0592
vn 0.9838 -0.1789 -0.0041
vn 0.7367 -0.6755 -0.0318
vn 0.5407 -0.8411 -0.0120
vn 0.9945 -0.1049 0.0004
vn 0.1657 -0.9853 -0.0424
vn 0.4465 -0.8948 0.0007
vn 0.6978 -0.7156 -0.0319
vn 0.2220 -0.9743 -0.0377
vn 0.6348 -0.7713 -0.0449
vn 0.7591 -0.6505 -0.0253
vn 0.7924 -0.6096 -0.0215
vn 0.7880 -0.6153 -0.0208
vn 0.4658 -0.8848 -0.0149
vn 0.8100 -0.5862 -0.0170
vn 0.9994 -0.0334 0.0021
vn 0.4518 -0.8921 -0.0104
vn 0.7246 -0.6888 -0.0230
vn 0.8965 -0.4431 -0.0077
vn 0.8724 -0.4888 -0.0081
vn 0.3929 -0.9190 -0.0320
vn 0.9723 0.2339 -0.0002
vn 0.9733 0.2293 0.0001
vn 0.8225 -0.5686 -0.0145
vn 0.8045 -0.5937 -0.0130
vn 0.9984 -0.0561 -0.0020
vn 0.4255 -0.9049 -0.0091
vn 0.8939 -0.4483 -0.0054
vn 0.1874 -0.9819 -0.0256
vn 0.1483 -0.9884 -0.0319
vn 0.7984 -0.6019 -0.0151
vn 0.1141 -0.9927 -0.0395
vn 0.9103 -0.4138 -0.0062
vn 0.9963 -0.0857 0.0011
vn 0.4109 -0.9116 -0.0104
vn 0.3271 -0.9450 -0.0072
vn 0.3759 -0.9266 -0.0066
vn 0.3785 -0.9256 -0.0074
vn 0.9826 0.1857 -0.0000
vn 0.9935 -0.1136 -0.0020
vn 0.1089 -0.9937 -0.0273
vn 0.6816 -0.7314 -0.0211
vn 1.0000 0.0035 -0.0007
vn 0.0243 -0.9989 -0.0399
vn 0.3407 -0.9401 -0.0096
vn 0.2862 -0.9581 -0.0080
vn 0.9912 -0.1325 -0.0003
vn 0.2209 -0.9749 -0.0290
vn 0.9905 0.1378 -0.0003
vn 0.9917 0.1285 0.0002
vn 0.3159 -0.9488 -0.0096
vn 0.9868 -0.1621 -0.0027
vn 0.3444 0.9388 0.0003
vn 0.2872 -0.9578 -0.0078
vn 0.1152 -0.9930 -0.0251
vn 0.0609 -0.9977 -0.0294
vn 0.4448 0.8956 0.0042
vn 0.3781 0.9257 -0.0007
vn 0.4074 0.9133 0.0002
vn 0.2515 -0.9678 -0.0090
vn 0.9834 -0.1817 -0.0013
vn 0.1814 -0.9832 -0.0206
vn 0.2192 -0.9757 -0.0034
vn 0.2307 -0.9730 -0.0073
vn 0.9967 0.0815 -0.0001
vn 0.9968 0.0801 -0.0000
vn 0.0248 -0.9993 -0.0273
vn 0.9778 -0.2094 -0.0038
vn 0.0736 -0.9970 -0.0227
vn 0.1752 -0.9845 -0.0018
vn 0.1847 -0.9828 -0.0049
vn 0.9733 -0.2297 -0.0024
vn 0.9993 0.0366 -0.0002
vn 0.9995 0.0319 0.0001
vn 0.9662 -0.2576 -0.0054
vn 1.0000 -0.0040 0.0007
vn 1.0000 0.0068 0.0001
vn 0.0538 0.9985 0.0005
vn 0.9565 -0.2916 -0.0042
vn 0.9638 -0.2666 -0.0091
vn 0.9586 -0.2847 -0.0022
vn 0.1743 0.9847 0.0022
vn 0.9345 -0.3557 -0.0080
vn 0.1439 0.9896 -0.0051
vn 0.9185 -0.3953 -0.0089
vn 0.7676 -0.6399 -0.0366
vn 0.8016 -0.5970 -0.0329
vn 0.5794 -0.8124 -0.0660
vn 0.9902 0.1399 0.0012
vn 0.9914 0.1306 -0.0005
vn 0.7201 -0.6917 -0.0541
vn 0.9581 -0.2864 -0.0043
vn 1.0000 -0.0020 -0.0005
vn 0.9516 -0.3074 -0.0031
vn 0.7348 -0.6773 -0.0370
vn 0.7084 -0.7040 -0.0499
vn 0.9392 -0.3433 -0.0059
vn 0.9301 -0.3672 -0.0077
vn 0.9157 -0.4019 -0.0077
vn 0.6881 -0.7240 -0.0488
vn 0.9998 -0.0205 0.0014
vn 0.7103 -0.7028 -0.0390
vn 0.9959 0.0906 0.0003
vn 0.9983 0.0590 -0.0003
vn 0.6686 -0.7428 -0.0346
vn 0.9951 -0.0992 -0.0003
vn 0.9993 -0.0374 -0.0006
vn 0.9907 -0.1361 -0.0016
vn 0.9917 -0.1283 -0.0003
vn 0.9480 -0.3181 -0.0060
vn 0.9975 -0.0709 0.0004
vn 0.9980 -0.0639 -0.0005
vn 0.7447 -0.6673 -0.0149
vn 0.7262 -0.6872 -0.0186
vn 0.6276 -0.7777 -0.0366
vn 0.6270 -0.7782 -0.0369
vn 0.5841 -0.8109 -0.0370
vn 0.5945 -0.8030 -0.0417
vn 0.9949 -0.1005 -0.0008
vn 0.6216 -0.7829 -0.0249
vn 0.6658 -0.7457 -0.0244
vn 0.8667 -0.4989 -0.0041
vn 0.7943 -0.6075 -0.0110
vn 0.2104 -0.9744 -0.0789
vn 0.6810 -0.7320 -0.0213
vn 0.8466 -0.5322 -0.0069
vn 0.9936 -0.1127 0.0009
vn 0.6480 -0.7614 -0.0202
vn 0.0370 -0.9960 -0.0815
vn 0.3413 -0.9390 -0.0426
vn 0.2923 -0.9551 -0.0474
vn 0.1138 -0.9905 -0.0775
vn 0.0534 -0.9949 -0.0852
vn 0.2259 -0.9715 -0.0719
vn 0.2386 -0.9709 -0.0181
vn 0.2098 -0.9760 -0.0582
vn 0.1756 -0.9828 -0.0569
vn 0.0757 -0.9944 -0.0741
vn 0.4935 0.8697 0.0012
vn 0.4755 0.8797 -0.0020
vn 0.4424 0.8968 0.0004
vn 0.0098 -0.9973 -0.0731
vn 0.9879 -0.1550 -0.0025
vn 0.9859 -0.1674 -0.0012
vn 0.4499 0.8931 -0.0015
vn 0.0077 -0.9985 -0.0542
vn 0.0658 -0.9962 -0.0567
vn 0.0462 -0.9978 -0.0469
vn 0.0681 -0.9971 -0.0345
vn 0.4833 0.8755 0.0016
vn 0.5186 0.8550 -0.0012
vn 0.0213 -0.9990 -0.0389
vn 0.5367 0.8437 0.0014
vn 0.9799 -0.1997 -0.0023
vn 0.0605 -0.9981 -0.0096
vn 0.0107 -0.9998 -0.0187
vn 0.0161 -0.9998 -0.0095
vn 0.0669 -0.9977 -0.0065
vn 0.0085 -1.0000 -0.0046
vn 0.0165 0.9999 -0.0003
vn 0.0857 0.9963 -0.0003
vn 0.9473 -0.3200 -0.0122
vn 0.3029 0.9530 0.0041
vn 0.9388 -0.3443 -0.0091
vn 0.9362 -0.3514 -0.0056
vn 0.2914 0.9566 -0.0019
vn 0.3036 0.9528 -0.0000
vn 0.8506 -0.5251 -0.0253
vn 0.8502 -0.5259 -0.0250
vn 0.8782 -0.4779 -0.0214
vn 0.8279 -0.5603 -0.0252
vn 0.9995 0.0313 -0.0003
vn 0.8565 -0.5158 -0.0181
vn 0.8639 -0.5034 -0.0153
vn 1.0000 -0.0025 0.0005
vn 0.8422 -0.5388 -0.0205
vn 0.8381 -0.5452 -0.0182
vn 0.9360 -0.3519 -0.0064
vn 0.9355 -0.3532 -0.0059
vn 0.8207 -0.5708 -0.0271
vn 0.9997 0.0263 0.0013
vn 1.0000 -0.0086 -0.0005
vn 0.9992 -0.0409 0.0003
vn 0.9660 -0.2587 -0.0027
vn 0.8537 -0.5206 -0.0119
vn 0.8565 -0.5160 -0.0102
vn 0.8376 -0.5460 -0.0140
vn 0.8292 -0.5588 -0.0126
vn 0.7514 -0.6597 -0.0171
vn 0.1828 0.9832 -0.0000
vn 0.6922 -0.7201 -0.0473
vn 0.8579 -0.5135 -0.0166
vn 0.8381 -0.5453 -0.0185
vn 0.8293 -0.5587 -0.0140
vn 0.8142 -0.5802 -0.0208
vn 0.2788 -0.9600 -0.0252
vn 0.6887 -0.7241 -0.0368
vn 0.9324 -0.3615 -0.0039
vn 0.5521 0.8338 -0.0006
vn 0.6607 -0.7493 -0.0442
vn 0.5759 0.8175 0.0005
vn 0.6026 0.7980 0.0014
vn 0.9831 -0.1829 0.0024
vn 0.0167 0.9999 -0.0003
vn 0.0319 0.9995 0.0004
vn 0.0532 0.9986 -0.0002
vn 0.6662 0.7458 -0.0016
vn 0.9739 -0.2270 0.0010
vn 0.0847 0.9964 0.0002
vn 0.0859 0.9963 0.0002
vn 0.9605 -0.2780 -0.0114
vn 0.1389 0.9903 0.0002
vn 0.1137 0.9935 -0.0002
vn 0.7084 -0.7054 -0.0265
vn 0.1440 0.9896 -0.0000
vn 0.6775 -0.7348 -0.0308
vn 0.6583 -0.7522 -0.0298
vn 0.9719 0.2356 0.0024
vn 0.1786 0.9839 0.0002
vn 0.7722 -0.6352 -0.0140
vn 0.8465 -0.5323 -0.0106
vn 0.2135 0.9769 -0.0002
vn 0.8425 -0.5386 -0.0088
vn 0.7124 -0.7015 -0.0208
vn 0.8181 -0.5750 -0.0093
vn 0.8225 -0.5687 -0.0108
vn 0.9533 -0.3018 -0.0086
vn 0.2358 0.9718 0.0001
vn 0.2424 0.9702 0.0006
vn 0.7069 -0.7071 -0.0159
vn 0.8220 -0.5695 -0.0059
vn 0.9429 0.3324 -0.0194
vn 0.8150 -0.5794 -0.0092
vn 0.1523 -0.9850 -0.0816
vn 0.7870 -0.6169 -0.0055
vn 0.9902 0.1398 -0.0000
vn 0.9903 0.1388 0.0004
vn 0.1446 -0.9868 -0.0726
vn 0.9822 0.1879 -0.0001
vn 0.3917 -0.9194 -0.0352
vn 0.9516 -0.3072 -0.0045
vn 0.1474 -0.9890 -0.0119
vn 0.9968 0.0803 0.0011
vn 0.8414 -0.5400 -0.0241
vn 0.8266 -0.5623 -0.0243
vn 0.0902 -0.9958 -0.0138
vn 0.1133 -0.9935 -0.0117
vn 0.2965 0.9550 -0.0002
vn 0.2998 0.9540 -0.0000
vn 0.9984 0.0572 -0.0012
vn 0.9958 0.0914 -0.0004
vn 0.1175 -0.9931 -0.0009
vn 0.1441 -0.9895 -0.0063
vn 0.6079 0.7940 -0.0002
vn 0.5746 0.8184 0.0001
vn 0.3450 0.9386 -0.0000
vn 0.8775 -0.4794 -0.0103
vn 0.8732 -0.4872 -0.0121
vn 0.1153 0.9933 0.0005
vn 0.2027 0.9792 0.0022
vn 0.2077 0.9782 -0.0028
vn 0.3496 0.9369 0.0002
vn 0.7007 -0.7134 -0.0095
vn 0.3236 -0.9459 -0.0219
vn 0.6426 0.7662 -0.0000
vn 0.6380 0.7701 0.0008
vn 0.3823 0.9241 0.0002
vn 0.6269 0.7791 -0.0014
vn 0.6625 0.7491 -0.0004
vn 0.6825 0.7309 0.0013
vn 0.2436 0.9699 -0.0013
vn 0.4277 0.9039 0.0005
vn 0.3971 0.9178 -0.0007
vn 0.4001 0.9165 0.0036
vn 0.8159 0.5782 0.0024
vn 0.7388 0.6739 -0.0019
vn 0.8961 -0.4436 -0.0154
vn 0.4512 0.8924 -0.0005
vn 0.8740 -0.4855 -0.0193
vn 0.8243 -0.5655 -0.0283
vn 0.9737 -0.2277 -0.0077
vn 0.8999 -0.4358 -0.0121
vn 0.9720 -0.2347 -0.0129
vn 0.4932 0.8699 0.0006
vn 0.4843 0.8749 -0.0003
vn 0.8163 0.5777 -0.0019
vn 0.5464 -0.8341 -0.0760
vn 0.8975 -0.4409 -0.0108
vn 0.9841 -0.1774 0.0114
vn 0.8804 -0.4741 -0.0150
vn 0.8774 -0.4796 -0.0139
vn 0.5189 -0.8510 -0.0809
vn 0.4735 -0.8772 -0.0791
vn 0.5997 -0.7984 -0.0547
vn 0.6023 -0.7964 -0.0552
vn 0.7375 -0.6741 -0.0416
vn 0.5322 0.8466 -0.0002
vn 0.5370 0.8436 0.0003
vn 0.4429 -0.8929 -0.0809
vn 0.4531 -0.8876 -0.0827
vn 0.5511 -0.8323 -0.0596
vn 0.5592 -0.8268 -0.0614
vn 0.3955 -0.9141 -0.0893
vn 0.4917 -0.8684 -0.0649
vn 0.5188 -0.8522 -0.0675
vn 0.3875 -0.9178 -0.0862
vn 0.8136 -0.5810 -0.0219
vn 0.7369 -0.6753 -0.0317
vn 0.7122 -0.7009 -0.0395
vn 0.5897 -0.8063 -0.0465
vn 0.7866 -0.6168 -0.0295
vn 0.7685 -0.6392 -0.0290
vn 0.5749 0.8182 0.0001
vn 0.9748 0.2232 0.0001
vn 0.3380 -0.9363 -0.0958
vn 0.9687 0.2483 -0.0006
vn 0.6068 -0.7919 -0.0686
vn 0.3346 -0.9376 -0.0943
vn 0.8759 -0.4823 -0.0121
vn 0.4514 -0.8900 -0.0646
vn 0.9973 -0.0732 -0.0006
vn 0.0176 -0.9485 0.3162
vn 0.0174 -0.9485 0.3162
vn 0.0165 0.9486 0.3162
vn 0.0174 0.9486 0.3161
vn 0.0181 0.0002 -0.9998
vn 0.0172 -0.0000 -0.9999
vn 1.0000 -0.0000 -0.0000
vn 0.0148 -0.3162 0.9486
vn 0.0172 -0.3159 0.9486
vn 0.0182 0.9998 -0.0000
vn 0.0175 0.9998 -0.0001
vn 0.0173 -0.3162 -0.9485
vn 0.0174 -0.3162 -0.9485
vt 0.300000 0.300000
vt 0.700000 0.300000
vt 0.700000 0.700000
s off
usemtl material_0
f 3/1/1 4/2/1 5/3/1
f 6/1/2 68/2/2 7/3/2
f 13/1/3 14/2/3 390/3/3
f 13/1/4 390/2/4 15/3/4
f 18/1/5 19/2/5 375/3/5
f 21/1/6 22/2/6 23/3/6
f 25/1/7 26/2/7 27/3/7
f 31/1/8 32/2/8 33/3/8
f 29/1/9 410/2/9 30/3/9
f 34/1/10 35/2/10 36/3/10
f 39/1/11 408/2/11 40/3/11
f 42/1/12 75/2/12 430/3/12
f 43/1/13 383/2/13 402/3/13
f 92/1/14 47/2/14 48/3/14
f 49/1/15 541/2/15 50/3/15
f 51/1/16 52/2/16 12/3/16
f 49/1/17 89/2/17 541/3/17
f 54/1/18 405/2/18 55/3/18
f 63/1/19 1/2/19 64/3/19
f 66/1/20 11/2/20 428/3/20
f 67/1/21 2/2/21 68/3/21
f 69/1/22 8/2/22 14/3/22
f 65/1/23 417/2/23 3/3/23
f 71/1/24 74/2/24 3816/3/24
f 72/1/25 36/2/25 73/3/25
f 78/1/26 42/2/26 79/3/26
f 80/1/27 28/2/27 410/3/27
f 31/1/28 23/2/28 332/3/28
f 33/1/29 368/2/29 84/3/29
f 82/1/30 44/2/30 51/3/30
f 90/1/31 45/2/31 91/3/31
f 92/1/32 48/2/32 93/3/32
f 96/1/33 59/2/33 415/3/33
f 96/1/34 415/2/34 1/3/34
f 70/1/35 35/2/35 34/3/35
f 100/1/36 78/2/36 44/3/36
f 101/1/37 15/2/37 102/3/37
f 16/1/38 5/2/38 17/3/38
f 25/1/39 81/2/39 26/3/39
f 103/1/40 24/2/40 425/3/40
f 103/1/41 425/2/41 70/3/41
f 104/1/42 83/2/42 41/3/42
f 84/1/43 408/2/43 39/3/43
f 34/1/44 36/2/44 72/3/44
f 43/1/45 87/2/45 383/3/45
f 105/1/46 91/2/46 106/3/46
f 95/1/47 411/2/47 53/3/47
f 97/1/48 55/2/48 60/3/48
f 107/1/49 13/2/49 15/3/49
f 108/1/50 373/2/50 99/3/50
f 109/1/51 409/2/51 77/3/51
f 65/1/52 61/2/52 417/3/52
f 109/1/53 20/2/53 409/3/53
f 110/1/54 2/2/54 67/3/54
f 72/1/55 73/2/55 111/3/55
f 16/1/56 17/2/56 81/3/56
f 18/1/57 375/2/57 22/3/57
f 37/1/58 38/2/58 85/3/58
f 21/1/59 23/2/59 31/3/59
f 113/1/60 41/2/60 87/3/60
f 39/1/61 40/2/61 86/3/61
f 125/1/62 402/2/62 89/3/62
f 90/1/63 86/2/63 45/3/63
f 125/1/64 43/2/64 402/3/64
f 69/1/65 14/2/65 13/3/65
f 114/1/66 66/2/66 24/3/66
f 115/1/67 356/2/67 95/3/67
f 116/1/68 15/2/68 101/3/68
f 114/1/69 24/2/69 103/3/69
f 97/1/70 54/2/70 55/3/70
f 118/1/71 71/2/71 20/3/71
f 118/1/72 74/2/72 71/3/72
f 80/1/73 410/2/73 29/3/73
f 119/1/74 6/2/74 19/3/74
f 120/1/75 51/2/75 12/3/75
f 121/1/76 88/2/76 47/3/76
f 92/1/77 93/2/77 56/3/77
f 122/1/78 11/2/78 66/3/78
f 123/1/79 57/2/79 59/3/79
f 104/1/80 27/2/80 83/3/80
f 124/1/81 8/2/81 69/3/81
f 124/1/82 63/2/82 8/3/82
f 112/1/83 76/2/83 75/3/83
f 105/1/84 90/2/84 91/3/84
f 126/1/85 42/2/85 78/3/85
f 54/1/86 94/2/86 405/3/86
f 77/1/87 28/2/87 80/3/87
f 62/1/88 373/2/88 108/3/88
f 127/1/89 46/2/89 88/3/89
f 127/1/90 85/2/90 46/3/90
f 99/1/91 2/2/91 110/3/91
f 128/1/92 3/2/92 5/3/92
f 67/1/93 68/2/93 6/3/93
f 112/1/94 75/2/94 42/3/94
f 104/1/95 41/2/95 113/3/95
f 107/1/96 15/2/96 116/3/96
f 120/1/97 82/2/97 51/3/97
f 105/1/98 106/2/98 130/3/98
f 122/1/99 12/2/99 11/3/99
f 131/1/100 37/2/100 85/3/100
f 132/1/101 58/2/101 62/3/101
f 133/1/102 60/2/102 61/3/102
f 132/1/103 98/2/103 58/3/103
f 133/1/104 97/2/104 60/3/104
f 134/1/105 34/2/105 72/3/105
f 123/1/106 56/2/106 57/3/106
f 135/1/107 16/2/107 81/3/107
f 136/1/108 44/2/108 82/3/108
f 136/1/109 100/2/109 44/3/109
f 137/1/110 69/2/110 13/3/110
f 118/1/111 20/2/111 109/3/111
f 138/1/112 21/2/112 31/3/112
f 122/1/113 66/2/113 114/3/113
f 139/1/114 30/2/114 37/3/114
f 140/1/115 50/2/115 141/3/115
f 140/1/116 49/2/116 50/3/116
f 121/1/117 47/2/117 92/3/117
f 148/1/118 92/2/118 56/3/118
f 126/1/119 78/2/119 100/3/119
f 129/1/120 123/2/120 59/3/120
f 96/1/121 1/2/121 63/3/121
f 128/1/122 65/2/122 3/3/122
f 142/1/123 5/2/123 16/3/123
f 119/1/124 19/2/124 18/3/124
f 143/1/125 22/2/125 21/3/125
f 144/1/126 34/2/126 134/3/126
f 139/1/127 37/2/127 131/3/127
f 144/1/128 70/2/128 34/3/128
f 127/1/129 88/2/129 121/3/129
f 146/1/130 112/2/130 42/3/130
f 147/1/131 86/2/131 90/3/131
f 148/1/132 56/2/132 123/3/132
f 129/1/133 59/2/133 96/3/133
f 125/1/134 89/2/134 49/3/134
f 151/1/135 69/2/135 137/3/135
f 152/1/136 128/2/136 5/3/136
f 153/1/137 67/2/137 6/3/137
f 153/1/138 6/2/138 119/3/138
f 139/1/139 29/2/139 30/3/139
f 154/1/140 155/2/140 76/3/140
f 131/1/141 85/2/141 127/3/141
f 154/1/142 76/2/142 112/3/142
f 156/1/143 31/2/143 33/3/143
f 158/1/144 12/2/144 122/3/144
f 158/1/145 120/2/145 12/3/145
f 137/1/146 13/2/146 107/3/146
f 159/1/147 105/2/147 130/3/147
f 160/1/148 117/2/148 94/3/148
f 161/1/149 54/2/149 97/3/149
f 162/1/150 80/2/150 29/3/150
f 163/1/151 72/2/151 111/3/151
f 164/1/152 126/2/152 100/3/152
f 165/1/153 121/2/153 92/3/153
f 176/1/154 82/2/154 120/3/154
f 143/1/155 18/2/155 22/3/155
f 135/1/156 81/2/156 25/3/156
f 138/1/157 31/2/157 156/3/157
f 150/1/158 96/2/158 63/3/158
f 151/1/159 124/2/159 69/3/159
f 113/1/160 87/2/160 43/3/160
f 107/1/161 116/2/161 3898/3/161
f 147/1/162 39/2/162 86/3/162
f 166/1/163 77/2/163 80/3/163
f 167/1/164 111/2/164 145/3/164
f 167/1/165 145/2/165 168/3/165
f 95/1/166 169/2/166 115/3/166
f 170/1/167 94/2/167 54/3/167
f 171/1/168 146/2/168 42/3/168
f 171/1/169 42/2/169 126/3/169
f 175/1/170 99/2/170 110/3/170
f 173/1/171 61/2/171 65/3/171
f 176/1/172 120/2/172 158/3/172
f 142/1/173 16/2/173 135/3/173
f 177/1/174 129/2/174 96/3/174
f 150/1/175 63/2/175 124/3/175
f 178/1/176 109/2/176 77/3/176
f 179/1/177 103/2/177 70/3/177
f 179/1/178 70/2/178 144/3/178
f 84/1/179 39/2/179 157/3/179
f 163/1/180 134/2/180 72/3/180
f 154/1/181 112/2/181 146/3/181
f 149/1/182 95/2/182 53/3/182
f 136/1/183 82/2/183 176/3/183
f 181/1/184 118/2/184 109/3/184
f 152/1/185 5/2/185 142/3/185
f 181/1/186 182/2/186 118/3/186
f 163/1/187 111/2/187 167/3/187
f 183/1/188 33/2/188 84/3/188
f 184/1/189 25/2/189 27/3/189
f 164/1/190 100/2/190 136/3/190
f 184/1/191 27/2/191 104/3/191
f 183/1/192 156/2/192 33/3/192
f 157/1/193 39/2/193 147/3/193
f 165/1/194 92/2/194 174/3/194
f 159/1/195 130/2/195 186/3/195
f 179/1/196 114/2/196 103/3/196
f 170/1/197 160/2/197 94/3/197
f 170/1/198 187/2/198 160/3/198
f 188/1/199 151/2/199 137/3/199
f 161/1/200 97/2/200 172/3/200
f 133/1/201 61/2/201 173/3/201
f 166/1/202 80/2/202 162/3/202
f 175/1/203 108/2/203 99/3/203
f 190/1/204 29/2/204 139/3/204
f 189/1/205 65/2/205 128/3/205
f 154/1/206 191/2/206 155/3/206
f 192/1/207 121/2/207 165/3/207
f 192/1/208 127/2/208 121/3/208
f 174/1/209 92/2/209 148/3/209
f 193/1/210 135/2/210 25/3/210
f 195/1/211 124/2/211 151/3/211
f 196/1/212 122/2/212 114/3/212
f 197/1/213 113/2/213 43/3/213
f 195/1/214 150/2/214 124/3/214
f 196/1/215 114/2/215 180/3/215
f 198/1/216 90/2/216 105/3/216
f 199/1/217 125/2/217 49/3/217
f 198/1/218 105/2/218 159/3/218
f 149/1/219 169/2/219 95/3/219
f 132/1/220 53/2/220 98/3/220
f 170/1/221 54/2/221 161/3/221
f 200/1/222 62/2/222 108/3/222
f 172/1/223 97/2/223 133/3/223
f 201/1/224 123/2/224 129/3/224
f 201/1/225 129/2/225 177/3/225
f 212/1/226 119/2/226 18/3/226
f 202/1/227 21/2/227 138/3/227
f 202/1/228 143/2/228 21/3/228
f 158/1/229 122/2/229 196/3/229
f 3898/1/230 137/2/230 107/3/230
f 180/1/231 114/2/231 179/3/231
f 204/1/232 147/2/232 90/3/232
f 204/1/233 90/2/233 198/3/233
f 162/1/234 29/2/234 190/3/234
f 205/1/235 104/2/235 113/3/235
f 207/1/236 43/2/236 125/3/236
f 206/1/237 139/2/237 131/3/237
f 208/1/238 185/2/238 148/3/238
f 208/1/239 148/2/239 123/3/239
f 209/1/240 164/2/240 136/3/240
f 210/1/241 110/2/241 67/3/241
f 211/1/242 176/2/242 158/3/242
f 212/1/243 18/2/243 143/3/243
f 213/1/244 134/2/244 163/3/244
f 184/1/245 104/2/245 194/3/245
f 214/1/246 168/2/246 215/3/246
f 214/1/247 167/2/247 168/3/247
f 185/1/248 174/2/248 148/3/248
f 216/1/249 126/2/249 164/3/249
f 216/1/250 171/2/250 126/3/250
f 177/1/251 96/2/251 150/3/251
f 218/1/252 140/2/252 141/3/252
f 217/1/253 53/2/253 132/3/253
f 203/1/254 137/2/254 3898/3/254
f 200/1/255 132/2/255 62/3/255
f 178/1/256 77/2/256 166/3/256
f 206/1/257 190/2/257 139/3/257
f 189/1/258 128/2/258 152/3/258
f 219/1/259 131/2/259 127/3/259
f 220/1/260 144/2/260 134/3/260
f 220/1/261 179/2/261 144/3/261
f 222/1/262 84/2/262 157/3/262
f 223/1/263 147/2/263 204/3/263
f 194/1/264 104/2/264 205/3/264
f 181/1/265 109/2/265 178/3/265
f 230/1/266 198/2/266 159/3/266
f 197/1/267 43/2/267 207/3/267
f 225/1/268 180/2/268 179/3/268
f 199/1/269 49/2/269 140/3/269
f 210/1/270 175/2/270 110/3/270
f 208/1/271 123/2/271 201/3/271
f 227/1/272 173/2/272 65/3/272
f 227/1/273 65/2/273 189/3/273
f 228/1/274 137/2/274 203/3/274
f 228/1/275 188/2/275 137/3/275
f 229/1/276 166/2/276 162/3/276
f 193/1/277 142/2/277 135/3/277
f 230/1/278 159/2/278 186/3/278
f 149/1/279 53/2/279 217/3/279
f 207/1/280 125/2/280 199/3/280
f 231/1/281 108/2/281 175/3/281
f 232/1/282 177/2/282 150/3/282
f 213/1/283 163/2/283 167/3/283
f 233/1/284 151/2/284 188/3/284
f 234/1/285 210/2/285 67/3/285
f 233/1/286 195/2/286 151/3/286
f 234/1/287 67/2/287 153/3/287
f 235/1/288 153/2/288 119/3/288
f 209/1/289 136/2/289 176/3/289
f 212/1/290 143/2/290 202/3/290
f 219/1/291 127/2/291 192/3/291
f 256/1/292 152/2/292 142/3/292
f 221/1/293 138/2/293 156/3/293
f 222/1/294 183/2/294 84/3/294
f 236/1/295 158/2/295 196/3/295
f 223/1/296 157/2/296 147/3/296
f 237/1/297 201/2/297 177/3/297
f 238/1/298 150/2/298 195/3/298
f 239/1/299 198/2/299 230/3/299
f 240/1/300 10/2/300 9/3/300
f 254/1/301 181/2/301 178/3/301
f 220/1/302 134/2/302 213/3/302
f 254/1/303 224/2/303 181/3/303
f 240/1/304 243/2/304 10/3/304
f 240/1/305 9/2/305 244/3/305
f 245/1/306 167/2/306 214/3/306
f 249/1/307 206/2/307 131/3/307
f 248/1/308 146/2/308 171/3/308
f 218/1/309 141/2/309 226/3/309
f 250/1/310 243/2/310 240/3/310
f 251/1/311 208/2/311 201/3/311
f 252/1/312 240/2/312 244/3/312
f 250/1/313 247/2/313 243/3/313
f 253/1/314 189/2/314 152/3/314
f 221/1/315 156/2/315 183/3/315
f 254/1/316 178/2/316 166/3/316
f 256/1/317 142/2/317 193/3/317
f 250/1/318 240/2/318 252/3/318
f 225/1/319 179/2/319 220/3/319
f 258/1/320 247/2/320 250/3/320
f 257/1/321 222/2/321 157/3/321
f 259/1/322 190/2/322 206/3/322
f 260/1/323 193/2/323 25/3/323
f 260/1/324 25/2/324 184/3/324
f 261/1/325 165/2/325 174/3/325
f 262/1/326 185/2/326 208/3/326
f 263/1/327 258/2/327 250/3/327
f 200/1/328 108/2/328 231/3/328
f 238/1/329 232/2/329 150/3/329
f 252/1/330 244/2/330 255/3/330
f 264/1/331 199/2/331 140/3/331
f 265/1/332 250/2/332 252/3/332
f 236/1/333 211/2/333 158/3/333
f 246/1/334 162/2/334 190/3/334
f 267/1/335 196/2/335 180/3/335
f 268/1/336 138/2/336 221/3/336
f 268/1/337 202/2/337 138/3/337
f 269/1/338 172/2/338 133/3/338
f 245/1/339 213/2/339 167/3/339
f 265/1/340 263/2/340 250/3/340
f 237/1/341 177/2/341 232/3/341
f 270/1/342 252/2/342 255/3/342
f 204/1/343 198/2/343 239/3/343
f 271/1/344 214/2/344 215/3/344
f 248/1/345 154/2/345 146/3/345
f 272/1/346 230/2/346 186/3/346
f 254/1/347 297/2/347 224/3/347
f 216/1/348 164/2/348 209/3/348
f 273/1/349 255/2/349 266/3/349
f 274/1/350 209/2/350 176/3/350
f 274/1/351 176/2/351 211/3/351
f 275/1/352 132/2/352 200/3/352
f 246/1/353 190/2/353 259/3/353
f 276/1/354 205/2/354 113/3/354
f 231/1/355 175/2/355 210/3/355
f 276/1/356 113/2/356 197/3/356
f 249/1/357 131/2/357 219/3/357
f 277/1/358 192/2/358 165/3/358
f 277/1/359 165/2/359 261/3/359
f 262/1/360 174/2/360 185/3/360
f 270/1/361 255/2/361 273/3/361
f 278/1/362 258/2/362 263/3/362
f 251/1/363 201/2/363 237/3/363
f 235/1/364 119/2/364 212/3/364
f 170/1/365 279/2/365 187/3/365
f 280/1/366 212/2/366 202/3/366
f 281/1/367 161/2/367 172/3/367
f 273/1/368 266/2/368 282/3/368
f 283/1/369 263/2/369 265/3/369
f 229/1/370 162/2/370 246/3/370
f 284/1/371 191/2/371 154/3/371
f 259/1/372 206/2/372 249/3/372
f 248/1/373 171/2/373 216/3/373
f 286/1/374 186/2/374 241/3/374
f 283/1/375 278/2/375 263/3/375
f 242/1/376 169/2/376 149/3/376
f 287/1/377 252/2/377 270/3/377
f 287/1/378 265/2/378 252/3/378
f 288/1/379 233/2/379 188/3/379
f 288/1/380 188/2/380 228/3/380
f 289/1/381 225/2/381 220/3/381
f 277/1/382 219/2/382 192/3/382
f 291/1/383 278/2/383 283/3/383
f 293/1/384 214/2/384 271/3/384
f 292/1/385 174/2/385 262/3/385
f 294/1/386 154/2/386 248/3/386
f 170/1/387 161/2/387 281/3/387
f 295/1/388 221/2/388 183/3/388
f 296/1/389 238/2/389 195/3/389
f 296/1/390 195/2/390 233/3/390
f 308/1/391 256/2/391 193/3/391
f 291/1/392 285/2/392 278/3/392
f 267/1/393 180/2/393 225/3/393
f 299/1/394 283/2/394 265/3/394
f 299/1/395 265/2/395 287/3/395
f 300/1/396 270/2/396 273/3/396
f 264/1/397 140/2/397 218/3/397
f 302/1/398 259/2/398 249/3/398
f 303/1/399 219/2/399 277/3/399
f 322/1/400 157/2/400 223/3/400
f 300/1/401 287/2/401 270/3/401
f 269/1/402 133/2/402 173/3/402
f 292/1/403 261/2/403 174/3/403
f 304/1/404 196/2/404 267/3/404
f 305/1/405 262/2/405 208/3/405
f 305/1/406 208/2/406 251/3/406
f 227/1/407 189/2/407 253/3/407
f 272/1/408 186/2/408 286/3/408
f 304/1/409 236/2/409 196/3/409
f 306/1/410 152/2/410 256/3/410
f 307/1/411 166/2/411 229/3/411
f 309/1/412 220/2/412 213/3/412
f 310/1/413 246/2/413 259/3/413
f 311/1/414 283/2/414 299/3/414
f 311/1/415 291/2/415 283/3/415
f 309/1/416 213/2/416 245/3/416
f 312/1/417 234/2/417 153/3/417
f 312/1/418 153/2/418 290/3/418
f 293/1/419 245/2/419 214/3/419
f 294/1/420 284/2/420 154/3/420
f 313/1/421 235/2/421 212/3/421
f 314/1/422 282/2/422 298/3/422
f 314/1/423 273/2/423 282/3/423
f 315/1/424 248/2/424 216/3/424
f 317/1/425 221/2/425 295/3/425
f 296/1/426 233/2/426 288/3/426
f 316/1/427 318/2/427 285/3/427
f 316/1/428 285/2/428 291/3/428
f 296/1/429 288/2/429 319/3/429
f 321/1/430 297/2/430 254/3/430
f 322/1/431 223/2/431 204/3/431
f 281/1/432 172/2/432 269/3/432
f 303/1/433 249/2/433 219/3/433
f 323/1/434 239/2/434 230/3/434
f 286/1/435 241/2/435 325/3/435
f 327/1/436 251/2/436 237/3/436
f 328/1/437 217/2/437 132/3/437
f 329/1/438 232/2/438 238/3/438
f 328/1/439 132/2/439 275/3/439
f 326/1/440 256/2/440 308/3/440
f 329/1/441 238/2/441 296/3/441
f 300/1/442 273/2/442 314/3/442
f 307/1/443 254/2/443 166/3/443
f 330/1/444 210/2/444 234/3/444
f 310/1/445 229/2/445 246/3/445
f 290/1/446 153/2/446 235/3/446
f 332/1/447 197/2/447 207/3/447
f 331/1/448 287/2/448 300/3/448
f 316/1/449 291/2/449 311/3/449
f 333/1/450 237/2/450 232/3/450
f 295/1/451 183/2/451 222/3/451
f 322/1/452 257/2/452 157/3/452
f 334/1/453 204/2/453 239/3/453
f 335/1/454 267/2/454 225/3/454
f 336/1/455 249/2/455 303/3/455
f 306/1/456 253/2/456 152/3/456
f 292/1/457 262/2/457 305/3/457
f 346/1/458 149/2/458 217/3/458
f 337/1/459 271/2/459 338/3/459
f 321/1/460 254/2/460 307/3/460
f 339/1/461 284/2/461 294/3/461
f 260/1/462 184/2/462 194/3/462
f 340/1/463 248/2/463 315/3/463
f 341/1/464 209/2/464 320/3/464
f 341/1/465 216/2/465 209/3/465
f 342/1/466 261/2/466 292/3/466
f 352/1/467 207/2/467 199/3/467
f 317/1/468 268/2/468 221/3/468
f 274/1/469 211/2/469 236/3/469
f 327/1/470 237/2/470 333/3/470
f 324/1/471 314/2/471 298/3/471
f 344/1/472 299/2/472 287/3/472
f 343/1/473 226/2/473 301/3/473
f 302/1/474 249/2/474 336/3/474
f 344/1/475 287/2/475 331/3/475
f 345/1/476 303/2/476 277/3/476
f 346/1/477 217/2/477 328/3/477
f 348/1/478 305/2/478 251/3/478
f 330/1/479 231/2/479 210/3/479
f 306/1/480 256/2/480 326/3/480
f 313/1/481 212/2/481 280/3/481
f 308/1/482 193/2/482 260/3/482
f 310/1/483 259/2/483 302/3/483
f 320/1/484 209/2/484 274/3/484
f 277/1/485 261/2/485 342/3/485
f 349/1/486 314/2/486 324/3/486
f 351/1/487 292/2/487 305/3/487
f 332/1/488 276/2/488 197/3/488
f 352/1/489 199/2/489 264/3/489
f 353/1/490 321/2/490 307/3/490
f 354/1/491 331/2/491 300/3/491
f 354/1/492 300/2/492 314/3/492
f 355/1/493 229/2/493 310/3/493
f 334/1/494 322/2/494 204/3/494
f 289/1/495 220/2/495 309/3/495
f 356/1/496 170/2/496 281/3/496
f 323/1/497 230/2/497 272/3/497
f 357/1/498 281/2/498 269/3/498
f 242/1/499 149/2/499 346/3/499
f 360/1/500 173/2/500 227/3/500
f 337/1/501 293/2/501 271/3/501
f 361/1/502 200/2/502 231/3/502
f 362/1/503 296/2/503 319/3/503
f 340/1/504 294/2/504 248/3/504
f 362/1/505 329/2/505 296/3/505
f 330/1/506 234/2/506 312/3/506
f 363/1/507 324/2/507 347/3/507
f 364/1/508 318/2/508 316/3/508
f 365/1/509 311/2/509 299/3/509
f 366/1/510 292/2/510 351/3/510
f 365/1/511 299/2/511 344/3/511
f 367/1/512 194/2/512 205/3/512
f 348/1/513 251/2/513 327/3/513
f 367/1/514 205/2/514 276/3/514
f 329/1/515 333/2/515 232/3/515
f 335/1/516 225/2/516 289/3/516
f 378/1/517 295/2/517 222/3/517
f 352/1/518 332/2/518 207/3/518
f 355/1/519 307/2/519 229/3/519
f 368/1/520 264/2/520 218/3/520
f 369/1/521 310/2/521 302/3/521
f 336/1/522 303/2/522 345/3/522
f 370/1/523 316/2/523 311/3/523
f 351/1/524 305/2/524 348/3/524
f 371/1/525 245/2/525 293/3/525
f 294/1/526 372/2/526 339/3/526
f 373/1/527 227/2/527 253/3/527
f 354/1/528 314/2/528 349/3/528
f 366/1/529 342/2/529 292/3/529
f 350/1/530 274/2/530 236/3/530
f 364/1/531 374/2/531 318/3/531
f 375/1/532 260/2/532 194/3/532
f 304/1/533 267/2/533 335/3/533
f 344/1/534 331/2/534 354/3/534
f 377/1/535 280/2/535 202/3/535
f 376/1/536 307/2/536 355/3/536
f 376/1/537 353/2/537 307/3/537
f 378/1/538 222/2/538 257/3/538
f 345/1/539 277/2/539 342/3/539
f 380/1/540 363/2/540 347/3/540
f 379/1/541 348/2/541 327/3/541
f 370/1/542 364/2/542 316/3/542
f 381/1/543 245/2/543 358/3/543
f 329/1/544 362/2/544 382/3/544
f 381/1/545 309/2/545 245/3/545
f 383/1/546 293/2/546 337/3/546
f 343/1/547 301/2/547 384/3/547
f 356/1/548 279/2/548 170/3/548
f 361/1/549 275/2/549 200/3/549
f 341/1/550 315/2/550 216/3/550
f 269/1/551 173/2/551 360/3/551
f 363/1/552 349/2/552 324/3/552
f 355/1/553 310/2/553 369/3/553
f 370/1/554 311/2/554 365/3/554
f 385/1/555 302/2/555 336/3/555
f 350/1/556 236/2/556 304/3/556
f 386/1/557 202/2/557 268/3/557
f 333/1/558 329/2/558 382/3/558
f 388/1/559 257/2/559 322/3/559
f 387/1/560 354/2/560 349/3/560
f 389/1/561 363/2/561 380/3/561
f 358/1/562 245/2/562 371/3/562
f 368/1/563 352/2/563 264/3/563
f 379/1/564 327/2/564 333/3/564
f 71/1/565 242/2/565 346/3/565
f 391/1/566 226/2/566 343/3/566
f 391/1/567 218/2/567 226/3/567
f 385/1/568 369/2/568 302/3/568
f 392/1/569 336/2/569 345/3/569
f 393/1/570 349/2/570 363/3/570
f 394/1/571 342/2/571 366/3/571
f 333/1/572 382/2/572 404/3/572
f 360/1/573 227/2/573 373/3/573
f 395/1/574 253/2/574 306/3/574
f 290/1/575 235/2/575 313/3/575
f 396/1/576 376/2/576 355/3/576
f 371/1/577 293/2/577 383/3/577
f 334/1/578 239/2/578 323/3/578
f 398/1/579 374/2/579 364/3/579
f 394/1/580 345/2/580 342/3/580
f 398/1/581 3851/2/581 374/3/581
f 399/1/582 351/2/582 348/3/582
f 401/1/583 370/2/583 365/3/583
f 402/1/584 338/2/584 403/3/584
f 402/1/585 337/2/585 338/3/585
f 400/1/586 272/2/586 286/3/586
f 404/1/587 379/2/587 333/3/587
f 408/1/588 368/2/588 218/3/588
f 409/1/589 275/2/589 361/3/589
f 407/1/590 344/2/590 354/3/590
f 410/1/591 231/2/591 330/3/591
f 393/1/592 387/2/592 349/3/592
f 411/1/593 281/2/593 357/3/593
f 412/1/594 355/2/594 369/3/594
f 412/1/595 369/2/595 385/3/595
f 414/1/596 336/2/596 392/3/596
f 414/1/597 385/2/597 336/3/597
f 377/1/598 202/2/598 386/3/598
f 399/1/599 366/2/599 351/3/599
f 379/1/600 404/2/600 406/3/600
f 378/1/601 257/2/601 388/3/601
f 7/1/602 308/2/602 260/3/602
f 415/1/603 322/2/603 334/3/603
f 375/1/604 194/2/604 367/3/604
f 399/1/605 348/2/605 379/3/605
f 413/1/606 355/2/606 412/3/606
f 413/1/607 396/2/607 355/3/607
f 23/1/608 276/2/608 332/3/608
f 359/1/609 242/2/609 71/3/609
f 392/1/610 345/2/610 394/3/610
f 20/1/611 346/2/611 328/3/611
f 407/1/612 365/2/612 344/3/612
f 417/1/613 320/2/613 274/3/613
f 379/1/614 406/2/614 3863/3/614
f 40/1/615 218/2/615 391/3/615
f 4/1/616 350/2/616 304/3/616
f 45/1/617 343/2/617 384/3/617
f 46/1/618 313/2/618 280/3/618
f 46/1/619 280/2/619 377/3/619
f 17/1/620 335/2/620 289/3/620
f 386/1/621 268/2/621 317/3/621
f 398/1/622 364/2/622 370/3/622
f 418/1/623 399/2/623 379/3/623
f 418/1/624 379/2/624 3863/3/624
f 68/1/625 326/2/625 308/3/625
f 388/1/626 322/2/626 397/3/626
f 419/1/627 366/2/627 399/3/627
f 412/1/628 385/2/628 420/3/628
f 400/1/629 323/2/629 272/3/629
f 405/1/630 372/2/630 294/3/630
f 3875/1/631 420/2/631 385/3/631
f 3875/1/632 385/2/632 414/3/632
f 3875/1/633 414/2/633 421/3/633
f 392/1/634 422/2/634 423/3/634
f 424/1/635 366/2/635 419/3/635
f 409/1/636 328/2/636 275/3/636
f 424/1/637 394/2/637 366/3/637
f 425/1/638 389/2/638 380/3/638
f 421/1/639 414/2/639 423/3/639
f 426/1/640 392/2/640 394/3/640
f 3/1/641 274/2/641 350/3/641
f 410/1/642 361/2/642 231/3/642
f 419/1/643 399/2/643 418/3/643
f 423/1/644 414/2/644 392/3/644
f 427/1/645 365/2/645 407/3/645
f 424/1/646 426/2/646 394/3/646
f 422/1/647 392/2/647 426/3/647
f 38/1/648 290/2/648 313/3/648
f 411/1/649 356/2/649 281/3/649
f 118/1/650 182/2/650 74/3/650
f 428/1/651 363/2/651 389/3/651
f 428/1/652 393/2/652 363/3/652
f 397/1/653 322/2/653 415/3/653
f 395/1/654 306/2/654 326/3/654
f 64/1/655 334/2/655 323/3/655
f 400/1/656 286/2/656 325/3/656
f 405/1/657 294/2/657 340/3/657
f 55/1/658 315/2/658 341/3/658
f 429/1/659 387/2/659 393/3/659
f 23/1/660 367/2/660 276/3/660
f 408/1/661 218/2/661 40/3/661
f 430/1/662 398/2/662 370/3/662
f 430/1/663 370/2/663 401/3/663
f 17/1/664 304/2/664 335/3/664
f 93/1/665 295/2/665 378/3/665
f 391/1/666 343/2/666 45/3/666
f 93/1/667 317/2/667 295/3/667
f 427/1/668 401/2/668 365/3/668
f 26/1/669 309/2/669 381/3/669
f 407/1/670 354/2/670 387/3/670
f 26/1/671 289/2/671 309/3/671
f 58/1/672 269/2/672 360/3/672
f 373/1/673 253/2/673 395/3/673
f 383/1/674 337/2/674 402/3/674
f 425/1/675 380/2/675 416/3/675
f 431/1/676 3851/2/676 398/3/676
f 20/1/677 328/2/677 409/3/677
f 60/1/678 341/2/678 320/3/678
f 417/1/679 274/2/679 3/3/679
f 37/1/680 290/2/680 38/3/680
f 386/1/681 317/2/681 48/3/681
f 45/1/682 384/2/682 91/3/682
f 429/1/683 393/2/683 428/3/683
f 71/1/684 346/2/684 20/3/684
f 68/1/685 308/2/685 7/3/685
f 19/1/686 260/2/686 375/3/686
f 55/1/687 340/2/687 315/3/687
f 22/1/688 367/2/688 23/3/688
f 30/1/689 330/2/689 312/3/689
f 3/1/690 350/2/690 4/3/690
f 32/1/691 332/2/691 352/3/691
f 88/1/692 377/2/692 386/3/692
f 52/1/693 407/2/693 387/3/693
f 48/1/694 317/2/694 93/3/694
f 57/1/695 378/2/695 388/3/695
f 83/1/696 381/2/696 358/3/696
f 98/1/697 269/2/697 58/3/697
f 98/1/698 357/2/698 269/3/698
f 14/1/699 325/2/699 390/3/699
f 14/1/700 400/2/700 325/3/700
f 75/1/701 431/2/701 398/3/701
f 89/1/702 403/2/702 541/3/702
f 2/1/703 395/2/703 326/3/703
f 89/1/704 402/2/704 403/3/704
f 55/1/705 341/2/705 60/3/705
f 37/1/706 312/2/706 290/3/706
f 24/1/707 389/2/707 425/3/707
f 32/1/708 352/2/708 368/3/708
f 24/1/709 428/2/709 389/3/709
f 35/1/710 416/2/710 36/3/710
f 1/1/711 415/2/711 334/3/711
f 1/1/712 334/2/712 64/3/712
f 8/1/713 323/2/713 400/3/713
f 356/1/714 433/2/714 279/3/714
f 41/1/715 358/2/715 371/3/715
f 71/1/716 3816/2/716 359/3/716
f 28/1/717 361/2/717 410/3/717
f 99/1/718 373/2/718 395/3/718
f 60/1/719 320/2/719 61/3/719
f 79/1/720 430/2/720 401/3/720
f 6/1/721 260/2/721 19/3/721
f 6/1/722 7/2/722 260/3/722
f 46/1/723 377/2/723 88/3/723
f 5/1/724 304/2/724 17/3/724
f 52/1/725 387/2/725 429/3/725
f 5/1/726 4/2/726 304/3/726
f 22/1/727 375/2/727 367/3/727
f 56/1/728 378/2/728 57/3/728
f 81/1/729 289/2/729 26/3/729
f 81/1/730 17/2/730 289/3/730
f 35/1/731 425/2/731 416/3/731
f 86/1/732 40/2/732 391/3/732
f 15/1/733 390/2/733 432/3/733
f 75/1/734 398/2/734 430/3/734
f 87/1/735 371/2/735 383/3/735
f 79/1/736 401/2/736 427/3/736
f 51/1/737 407/2/737 52/3/737
f 11/1/738 429/2/738 428/3/738
f 30/1/739 312/2/739 37/3/739
f 38/1/740 313/2/740 46/3/740
f 61/1/741 320/2/741 417/3/741
f 88/1/742 386/2/742 47/3/742
f 8/1/743 64/2/743 323/3/743
f 41/1/744 83/2/744 358/3/744
f 86/1/745 391/2/745 45/3/745
f 28/1/746 409/2/746 361/3/746
f 410/1/747 330/2/747 30/3/747
f 405/1/748 340/2/748 55/3/748
f 75/1/749 3800/2/749 431/3/749
f 47/1/750 386/2/750 48/3/750
f 2/1/751 326/2/751 68/3/751
f 56/1/752 93/2/752 378/3/752
f 59/1/753 388/2/753 397/3/753
f 51/1/754 427/2/754 407/3/754
f 12/1/755 429/2/755 11/3/755
f 12/1/756 52/2/756 429/3/756
f 8/1/22 400/2/22 14/3/22
f 27/1/757 26/2/757 381/3/757
f 27/1/758 381/2/758 83/3/758
f 33/1/759 32/2/759 368/3/759
f 41/1/760 371/2/760 87/3/760
f 78/1/761 79/2/761 427/3/761
f 78/1/762 427/2/762 44/3/762
f 356/1/763 115/2/763 433/3/763
f 94/1/764 117/2/764 372/3/764
f 94/1/765 372/2/765 405/3/765
f 53/1/766 411/2/766 357/3/766
f 53/1/767 357/2/767 98/3/767
f 62/1/768 58/2/768 360/3/768
f 62/1/769 360/2/769 373/3/769
f 99/1/770 395/2/770 2/3/770
f 59/1/771 397/2/771 415/3/771
f 63/1/772 64/2/772 8/3/772
f 76/1/773 3800/2/773 75/3/773
f 42/1/774 430/2/774 79/3/774
f 15/1/775 432/2/775 102/3/775
f 31/1/776 332/2/776 32/3/776
f 44/1/777 427/2/777 51/3/777
f 84/1/778 368/2/778 408/3/778
f 77/1/779 409/2/779 28/3/779
f 66/1/780 428/2/780 24/3/780
f 85/1/781 38/2/781 46/3/781
f 95/1/782 356/2/782 411/3/782
f 70/1/783 425/2/783 35/3/783
f 59/1/784 57/2/784 388/3/784
f 435/1/785 436/2/785 437/3/785
f 443/1/786 444/2/786 445/3/786
f 446/1/787 447/2/787 448/3/787
f 451/1/788 798/2/788 452/3/788
f 453/1/789 828/2/789 454/3/789
f 464/1/790 778/2/790 465/3/790
f 468/1/791 469/2/791 749/3/791
f 475/1/792 763/2/792 476/3/792
f 477/1/793 822/2/793 478/3/793
f 482/1/794 440/2/794 449/3/794
f 489/1/795 491/2/795 490/3/795
f 492/1/796 493/2/796 494/3/796
f 495/1/797 438/2/797 817/3/797
f 495/1/798 817/2/798 446/3/798
f 498/1/799 459/2/799 499/3/799
f 448/1/800 500/2/800 501/3/800
f 442/1/801 502/2/801 444/3/801
f 466/1/802 506/2/802 470/3/802
f 461/1/803 804/2/803 507/3/803
f 473/1/804 508/2/804 477/3/804
f 512/1/805 3611/2/805 513/3/805
f 472/1/806 515/2/806 516/3/806
f 517/1/807 463/2/807 746/3/807
f 454/1/808 818/2/808 459/3/808
f 517/1/809 746/2/809 469/3/809
f 524/1/810 449/2/810 450/3/810
f 524/1/811 450/2/811 453/3/811
f 535/1/812 510/2/812 471/3/812
f 527/1/813 504/2/813 528/3/813
f 529/1/814 509/2/814 530/3/814
f 464/1/815 380/2/815 347/3/815
f 531/1/816 755/2/816 439/3/816
f 531/1/817 437/2/817 755/3/817
f 532/1/818 477/2/818 478/3/818
f 533/1/819 514/2/819 472/3/819
f 403/1/820 338/2/820 441/3/820
f 516/1/821 515/2/821 479/3/821
f 534/1/822 458/2/822 463/3/822
f 545/1/823 521/2/823 487/3/823
f 475/1/824 468/2/824 763/3/824
f 544/1/825 466/2/825 470/3/825
f 535/1/826 471/2/826 3641/3/826
f 489/1/827 523/2/827 491/3/827
f 537/1/828 3611/2/828 512/3/828
f 536/1/829 473/2/829 477/3/829
f 529/1/830 455/2/830 456/3/830
f 538/1/831 478/2/831 434/3/831
f 549/1/832 474/2/832 480/3/832
f 529/1/833 456/2/833 509/3/833
f 540/1/834 484/2/834 485/3/834
f 541/1/835 441/2/835 440/3/835
f 541/1/836 440/2/836 482/3/836
f 527/1/837 528/2/837 505/3/837
f 542/1/838 454/2/838 459/3/838
f 543/1/839 498/2/839 466/3/839
f 544/1/840 470/2/840 473/3/840
f 545/1/841 487/2/841 522/3/841
f 546/1/842 457/2/842 458/3/842
f 547/1/843 442/2/843 444/3/843
f 549/1/844 480/2/844 484/3/844
f 548/1/845 445/2/845 455/3/845
f 550/1/846 459/2/846 498/3/846
f 475/1/847 476/2/847 523/3/847
f 488/1/848 438/2/848 495/3/848
f 532/1/849 478/2/849 538/3/849
f 551/1/850 496/2/850 497/3/850
f 403/1/851 441/2/851 541/3/851
f 551/1/852 497/2/852 526/3/852
f 503/1/853 504/2/853 527/3/853
f 552/1/854 482/2/854 449/3/854
f 553/1/855 460/2/855 461/3/855
f 553/1/856 501/2/856 460/3/856
f 552/1/857 449/2/857 524/3/857
f 554/1/858 505/2/858 435/3/858
f 3614/1/859 3611/2/859 537/3/859
f 536/1/860 477/2/860 532/3/860
f 488/1/861 519/2/861 486/3/861
f 556/1/862 455/2/862 529/3/862
f 529/1/863 530/2/863 884/3/863
f 464/1/864 416/2/864 380/3/864
f 557/1/865 453/2/865 454/3/865
f 520/1/866 468/2/866 475/3/866
f 558/1/867 511/2/867 467/3/867
f 542/1/868 459/2/868 550/3/868
f 9/1/869 10/2/869 559/3/869
f 544/1/870 473/2/870 536/3/870
f 560/1/871 518/2/871 483/3/871
f 525/1/872 255/2/872 244/3/872
f 567/1/873 462/2/873 510/3/873
f 524/1/874 453/2/874 555/3/874
f 561/1/875 454/2/875 542/3/875
f 550/1/876 498/2/876 543/3/876
f 540/1/877 485/2/877 519/3/877
f 443/1/878 445/2/878 548/3/878
f 562/1/879 451/2/879 452/3/879
f 563/1/880 467/2/880 514/3/880
f 534/1/881 463/2/881 517/3/881
f 555/1/882 453/2/882 557/3/882
f 564/1/883 468/2/883 520/3/883
f 565/1/884 479/2/884 518/3/884
f 564/1/885 469/2/885 468/3/885
f 566/1/886 483/2/886 521/3/886
f 567/1/887 510/2/887 535/3/887
f 568/1/888 536/2/888 532/3/888
f 549/1/889 484/2/889 540/3/889
f 552/1/890 541/2/890 482/3/890
f 548/1/891 455/2/891 556/3/891
f 554/1/892 527/2/892 505/3/892
f 570/1/893 488/2/893 495/3/893
f 557/1/894 454/2/894 561/3/894
f 543/1/895 466/2/895 544/3/895
f 571/1/896 446/2/896 448/3/896
f 572/1/897 439/2/897 451/3/897
f 507/1/898 462/2/898 567/3/898
f 546/1/899 458/2/899 534/3/899
f 573/1/900 532/2/900 538/3/900
f 574/1/901 522/2/901 492/3/901
f 494/1/902 442/2/902 547/3/902
f 584/1/903 475/2/903 523/3/903
f 585/1/904 489/2/904 490/3/904
f 576/1/905 503/2/905 527/3/905
f 465/1/906 416/2/906 464/3/906
f 577/1/907 448/2/907 501/3/907
f 558/1/908 467/2/908 563/3/908
f 578/1/909 533/2/909 472/3/909
f 565/1/910 516/2/910 479/3/910
f 580/1/911 457/2/911 546/3/911
f 560/1/912 483/2/912 566/3/912
f 579/1/913 544/2/913 536/3/913
f 581/1/914 535/2/914 3641/3/914
f 580/1/915 452/2/915 457/3/915
f 568/1/916 532/2/916 573/3/916
f 582/1/917 492/2/917 494/3/917
f 564/1/918 517/2/918 469/3/918
f 584/1/919 523/2/919 489/3/919
f 583/1/920 543/2/920 544/3/920
f 571/1/921 495/2/921 446/3/921
f 585/1/922 539/2/922 586/3/922
f 465/1/923 511/2/923 558/3/923
f 573/1/924 538/2/924 575/3/924
f 585/1/925 490/2/925 539/3/925
f 563/1/926 514/2/926 533/3/926
f 496/1/927 255/2/927 525/3/927
f 569/1/928 526/2/928 503/3/928
f 587/1/929 472/2/929 516/3/929
f 588/1/930 555/2/930 557/3/930
f 576/1/931 527/2/931 554/3/931
f 589/1/932 435/2/932 437/3/932
f 566/1/933 521/2/933 545/3/933
f 590/1/934 550/2/934 543/3/934
f 572/1/935 531/2/935 439/3/935
f 591/1/936 3614/2/936 537/3/936
f 574/1/937 545/2/937 522/3/937
f 600/1/938 512/2/938 474/3/938
f 600/1/939 474/2/939 549/3/939
f 592/1/940 549/2/940 540/3/940
f 50/1/941 541/2/941 552/3/941
f 593/1/942 547/2/942 444/3/942
f 593/1/943 444/2/943 443/3/943
f 595/1/944 524/2/944 555/3/944
f 594/1/945 519/2/945 488/3/945
f 596/1/946 534/2/946 517/3/946
f 597/1/947 557/2/947 561/3/947
f 598/1/948 542/2/948 550/3/948
f 571/1/949 448/2/949 577/3/949
f 590/1/950 543/2/950 583/3/950
f 579/1/951 536/2/951 568/3/951
f 569/1/952 503/2/952 576/3/952
f 574/1/953 492/2/953 582/3/953
f 583/1/954 544/2/954 579/3/954
f 601/1/955 437/2/955 531/3/955
f 602/1/956 494/2/956 547/3/956
f 603/1/957 443/2/957 548/3/957
f 572/1/958 451/2/958 562/3/958
f 604/1/959 488/2/959 570/3/959
f 595/1/960 552/2/960 524/3/960
f 606/1/961 495/2/961 571/3/961
f 607/1/962 546/2/962 534/3/962
f 588/1/963 557/2/963 597/3/963
f 465/1/964 36/2/964 416/3/964
f 608/1/965 517/2/965 564/3/965
f 577/1/966 501/2/966 553/3/966
f 578/1/967 472/2/967 587/3/967
f 609/1/968 545/2/968 574/3/968
f 581/1/969 3641/2/969 3637/3/969
f 591/1/970 3612/2/970 3614/3/970
f 610/1/971 551/2/971 526/3/971
f 591/1/972 3615/2/972 3612/3/972
f 610/1/973 526/2/973 569/3/973
f 589/1/974 554/2/974 435/3/974
f 594/1/975 540/2/975 519/3/975
f 612/1/976 465/2/976 558/3/976
f 50/1/977 552/2/977 595/3/977
f 613/1/978 563/2/978 533/3/978
f 614/1/979 561/2/979 542/3/979
f 614/1/980 542/2/980 598/3/980
f 615/1/981 565/2/981 518/3/981
f 615/1/982 518/2/982 560/3/982
f 599/1/983 566/2/983 545/3/983
f 616/1/984 520/2/984 475/3/984
f 618/1/985 535/2/985 581/3/985
f 618/1/986 567/2/986 535/3/986
f 593/1/987 443/2/987 603/3/987
f 496/1/988 266/2/988 255/3/988
f 619/1/989 529/2/989 884/3/989
f 604/1/990 594/2/990 488/3/990
f 621/1/991 568/2/991 573/3/991
f 620/1/992 576/2/992 554/3/992
f 606/1/993 570/2/993 495/3/993
f 589/1/994 437/2/994 601/3/994
f 622/1/995 555/2/995 588/3/995
f 622/1/996 595/2/996 555/3/996
f 597/1/997 561/2/997 614/3/997
f 623/1/998 516/2/998 565/3/998
f 580/1/999 562/2/999 452/3/999
f 624/1/1000 598/2/1000 550/3/1000
f 624/1/1001 550/2/1001 590/3/1001
f 599/1/1002 545/2/1002 609/3/1002
f 617/1/1003 579/2/1003 568/3/1003
f 596/1/1004 517/2/1004 608/3/1004
f 605/1/1005 573/2/1005 575/3/1005
f 602/1/1006 547/2/1006 593/3/1006
f 625/1/1007 537/2/1007 512/3/1007
f 626/1/1008 475/2/1008 584/3/1008
f 611/1/1009 556/2/1009 529/3/1009
f 612/1/1010 36/2/1010 465/3/1010
f 629/1/1011 489/2/1011 585/3/1011
f 617/1/1012 568/2/1012 621/3/1012
f 630/1/1013 554/2/1013 589/3/1013
f 631/1/1014 590/2/1014 583/3/1014
f 633/1/1015 582/2/1015 494/3/1015
f 634/1/1016 579/2/1016 617/3/1016
f 633/1/1017 494/2/1017 602/3/1017
f 632/1/1018 461/2/1018 507/3/1018
f 621/1/1019 573/2/1019 605/3/1019
f 635/1/1020 50/2/1020 595/3/1020
f 635/1/1021 141/2/1021 50/3/1021
f 636/1/1022 548/2/1022 556/3/1022
f 611/1/1023 529/2/1023 619/3/1023
f 624/1/1024 590/2/1024 627/3/1024
f 612/1/1025 558/2/1025 563/3/1025
f 628/1/1026 583/2/1026 579/3/1026
f 613/1/1027 533/2/1027 578/3/1027
f 587/1/1028 516/2/1028 623/3/1028
f 637/1/1029 588/2/1029 597/3/1029
f 638/1/1030 610/2/1030 569/3/1030
f 627/1/1031 590/2/1031 631/3/1031
f 628/1/1032 579/2/1032 634/3/1032
f 639/1/1033 531/2/1033 572/3/1033
f 647/1/1034 507/2/1034 567/3/1034
f 591/1/1035 537/2/1035 625/3/1035
f 631/1/1036 583/2/1036 628/3/1036
f 641/1/1037 563/2/1037 613/3/1037
f 623/1/1038 565/2/1038 615/3/1038
f 643/1/1039 621/2/1039 605/3/1039
f 635/1/1040 226/2/1040 141/3/1040
f 642/1/1041 592/2/1041 540/3/1041
f 644/1/1042 622/2/1042 588/3/1042
f 616/1/1043 475/2/1043 626/3/1043
f 644/1/1044 588/2/1044 637/3/1044
f 629/1/1045 584/2/1045 489/3/1045
f 645/1/1046 586/2/1046 646/3/1046
f 645/1/1047 585/2/1047 586/3/1047
f 266/1/1048 551/2/1048 610/3/1048
f 266/1/1049 496/2/1049 551/3/1049
f 632/1/1050 553/2/1050 461/3/1050
f 620/1/1051 554/2/1051 630/3/1051
f 635/1/1052 595/2/1052 622/3/1052
f 603/1/1053 548/2/1053 636/3/1053
f 648/1/1054 3615/2/1054 591/3/1054
f 625/1/1055 512/2/1055 600/3/1055
f 649/1/1056 600/2/1056 549/3/1056
f 651/1/1057 520/2/1057 616/3/1057
f 649/1/1058 549/2/1058 592/3/1058
f 650/1/1059 597/2/1059 614/3/1059
f 651/1/1060 564/2/1060 520/3/1060
f 652/1/1061 574/2/1061 582/3/1061
f 652/1/1062 609/2/1062 574/3/1062
f 653/1/1063 631/2/1063 628/3/1063
f 655/1/1064 614/2/1064 598/3/1064
f 656/1/1065 611/2/1065 619/3/1065
f 632/1/1066 507/2/1066 647/3/1066
f 641/1/1067 612/2/1067 563/3/1067
f 658/1/1068 613/2/1068 578/3/1068
f 660/1/1069 617/2/1069 621/3/1069
f 639/1/1070 601/2/1070 531/3/1070
f 659/1/1071 581/2/1071 3637/3/1071
f 661/1/1072 560/2/1072 566/3/1072
f 661/1/1073 615/2/1073 560/3/1073
f 301/1/1074 635/2/1074 622/3/1074
f 650/1/1075 637/2/1075 597/3/1075
f 662/1/1076 599/2/1076 609/3/1076
f 664/1/1077 598/2/1077 624/3/1077
f 665/1/1078 582/2/1078 633/3/1078
f 607/1/1079 534/2/1079 596/3/1079
f 650/1/1080 614/2/1080 655/3/1080
f 667/1/1081 553/2/1081 632/3/1081
f 653/1/1082 628/2/1082 634/3/1082
f 668/1/1083 623/2/1083 615/3/1083
f 301/1/1084 226/2/1084 635/3/1084
f 655/1/1085 598/2/1085 664/3/1085
f 648/1/1086 3617/2/1086 3615/3/1086
f 669/1/1087 562/2/1087 580/3/1087
f 672/1/1088 546/2/1088 607/3/1088
f 660/1/1089 621/2/1089 643/3/1089
f 642/1/1090 540/2/1090 594/3/1090
f 301/1/1091 622/2/1091 644/3/1091
f 673/1/1092 604/2/1092 570/3/1092
f 73/1/1093 612/2/1093 641/3/1093
f 73/1/1094 36/2/1094 612/3/1094
f 675/1/1095 564/2/1095 651/3/1095
f 674/1/1096 606/2/1096 571/3/1096
f 664/1/1097 624/2/1097 627/3/1097
f 577/1/1098 553/2/1098 654/3/1098
f 676/1/1099 634/2/1099 617/3/1099
f 662/1/1100 566/2/1100 599/3/1100
f 652/1/1101 582/2/1101 665/3/1101
f 677/1/1102 627/2/1102 631/3/1102
f 657/1/1103 569/2/1103 576/3/1103
f 671/1/1104 653/2/1104 634/3/1104
f 647/1/1105 567/2/1105 618/3/1105
f 678/1/1106 593/2/1106 603/3/1106
f 679/1/1107 637/2/1107 650/3/1107
f 663/1/1108 625/2/1108 600/3/1108
f 636/1/1109 556/2/1109 611/3/1109
f 656/1/1110 619/2/1110 640/3/1110
f 681/1/1111 631/2/1111 653/3/1111
f 671/1/1112 634/2/1112 676/3/1112
f 658/1/1113 578/2/1113 587/3/1113
f 666/1/1114 660/2/1114 643/3/1114
f 384/1/1115 301/2/1115 644/3/1115
f 683/1/1116 650/2/1116 655/3/1116
f 677/1/1117 664/2/1117 627/3/1117
f 662/1/1118 609/2/1118 652/3/1118
f 654/1/1119 553/2/1119 667/3/1119
f 676/1/1120 617/2/1120 660/3/1120
f 684/1/1121 629/2/1121 585/3/1121
f 684/1/1122 585/2/1122 645/3/1122
f 602/1/1123 593/2/1123 670/3/1123
f 644/1/1124 637/2/1124 679/3/1124
f 659/1/1125 3637/2/1125 685/3/1125
f 677/1/1126 631/2/1126 681/3/1126
f 686/1/1127 611/2/1127 656/3/1127
f 657/1/1128 576/2/1128 620/3/1128
f 688/1/1129 613/2/1129 658/3/1129
f 688/1/1130 641/2/1130 613/3/1130
f 687/1/1131 689/2/1131 3617/3/1131
f 687/1/1132 3617/2/1132 648/3/1132
f 690/1/1133 591/2/1133 625/3/1133
f 663/1/1134 600/2/1134 649/3/1134
f 668/1/1135 615/2/1135 661/3/1135
f 679/1/1136 650/2/1136 683/3/1136
f 672/1/1137 580/2/1137 546/3/1137
f 674/1/1138 570/2/1138 606/3/1138
f 692/1/1139 633/2/1139 602/3/1139
f 693/1/1140 571/2/1140 577/3/1140
f 675/1/1141 608/2/1141 564/3/1141
f 670/1/1142 593/2/1142 678/3/1142
f 694/1/1143 616/2/1143 626/3/1143
f 695/1/1144 653/2/1144 671/3/1144
f 697/1/1145 569/2/1145 657/3/1145
f 698/1/1146 587/2/1146 623/3/1146
f 697/1/1147 638/2/1147 569/3/1147
f 696/1/1148 618/2/1148 581/3/1148
f 699/1/1149 655/2/1149 664/3/1149
f 700/1/1150 589/2/1150 601/3/1150
f 701/1/1151 625/2/1151 663/3/1151
f 702/1/1152 671/2/1152 676/3/1152
f 680/1/1153 642/2/1153 594/3/1153
f 669/1/1154 580/2/1154 682/3/1154
f 703/1/1155 664/2/1155 677/3/1155
f 695/1/1156 681/2/1156 653/3/1156
f 704/1/1157 596/2/1157 608/3/1157
f 686/1/1158 636/2/1158 611/3/1158
f 705/1/1159 384/2/1159 644/3/1159
f 705/1/1160 644/2/1160 679/3/1160
f 699/1/1161 683/2/1161 655/3/1161
f 691/1/1162 658/2/1162 587/3/1162
f 706/1/1163 632/2/1163 647/3/1163
f 707/1/1164 677/2/1164 681/3/1164
f 702/1/1165 695/2/1165 671/3/1165
f 708/1/1166 660/2/1166 666/3/1166
f 661/1/1167 566/2/1167 662/3/1167
f 708/1/1168 676/2/1168 660/3/1168
f 638/1/1169 266/2/1169 610/3/1169
f 638/1/1170 282/2/1170 266/3/1170
f 699/1/1171 664/2/1171 703/3/1171
f 692/1/1172 665/2/1172 633/3/1172
f 690/1/1173 648/2/1173 591/3/1173
f 710/1/1174 592/2/1174 642/3/1174
f 710/1/1175 649/2/1175 592/3/1175
f 711/1/1176 572/2/1176 562/3/1176
f 711/1/1177 562/2/1177 669/3/1177
f 705/1/1178 91/2/1178 384/3/1178
f 680/1/1179 594/2/1179 604/3/1179
f 682/1/1180 580/2/1180 672/3/1180
f 703/1/1181 677/2/1181 707/3/1181
f 712/1/1182 570/2/1182 674/3/1182
f 691/1/1183 587/2/1183 698/3/1183
f 713/1/1184 668/2/1184 661/3/1184
f 694/1/1185 651/2/1185 616/3/1185
f 714/1/1186 652/2/1186 665/3/1186
f 715/1/1187 679/2/1187 683/3/1187
f 716/1/1188 702/2/1188 676/3/1188
f 641/1/1189 111/2/1189 73/3/1189
f 690/1/1190 625/2/1190 701/3/1190
f 717/1/1191 639/2/1191 572/3/1191
f 718/1/1192 658/2/1192 691/3/1192
f 719/1/1193 663/2/1193 649/3/1193
f 698/1/1194 623/2/1194 668/3/1194
f 704/1/1195 607/2/1195 596/3/1195
f 715/1/1196 705/2/1196 679/3/1196
f 693/1/1197 577/2/1197 654/3/1197
f 721/1/1198 707/2/1198 681/3/1198
f 721/1/1199 681/2/1199 695/3/1199
f 667/1/1200 632/2/1200 706/3/1200
f 720/1/1201 602/2/1201 670/3/1201
f 722/1/1202 603/2/1202 636/3/1202
f 723/1/1203 629/2/1203 684/3/1203
f 722/1/1204 678/2/1204 603/3/1204
f 715/1/1205 683/2/1205 699/3/1205
f 696/1/1206 581/2/1206 659/3/1206
f 723/1/1207 584/2/1207 629/3/1207
f 645/1/1208 646/2/1208 709/3/1208
f 716/1/1209 676/2/1209 708/3/1209
f 724/1/1210 648/2/1210 690/3/1210
f 106/1/1211 705/2/1211 715/3/1211
f 106/1/1212 91/2/1212 705/3/1212
f 729/1/1213 661/2/1213 662/3/1213
f 700/1/1214 601/2/1214 639/3/1214
f 725/1/1215 695/2/1215 702/3/1215
f 712/1/1216 673/2/1216 570/3/1216
f 725/1/1217 702/2/1217 716/3/1217
f 726/1/1218 672/2/1218 607/3/1218
f 674/1/1219 571/2/1219 693/3/1219
f 727/1/1220 654/2/1220 667/3/1220
f 718/1/1221 688/2/1221 658/3/1221
f 728/1/1222 695/2/1222 725/3/1222
f 716/1/1223 708/2/1223 730/3/1223
f 638/1/1224 298/2/1224 282/3/1224
f 731/1/1225 657/2/1225 620/3/1225
f 732/1/1226 699/2/1226 703/3/1226
f 733/1/1227 630/2/1227 589/3/1227
f 720/1/1228 692/2/1228 602/3/1228
f 734/1/1229 636/2/1229 686/3/1229
f 656/1/1230 640/2/1230 893/3/1230
f 735/1/1231 703/2/1231 707/3/1231
f 728/1/1232 721/2/1232 695/3/1232
f 736/1/1233 680/2/1233 604/3/1233
f 737/1/1234 607/2/1234 704/3/1234
f 736/1/1235 604/2/1235 673/3/1235
f 738/1/1236 608/2/1236 675/3/1236
f 732/1/1237 715/2/1237 699/3/1237
f 739/1/1238 698/2/1238 668/3/1238
f 740/1/1239 707/2/1239 721/3/1239
f 741/1/1240 652/2/1240 714/3/1240
f 741/1/1241 662/2/1241 652/3/1241
f 723/1/1242 626/2/1242 584/3/1242
f 130/1/1243 106/2/1243 715/3/1243
f 735/1/1244 732/2/1244 703/3/1244
f 742/1/1245 725/2/1245 716/3/1245
f 130/1/1246 715/2/1246 732/3/1246
f 743/1/1247 686/2/1247 656/3/1247
f 735/1/1248 707/2/1248 740/3/1248
f 724/1/1249 687/2/1249 648/3/1249
f 717/1/1250 572/2/1250 711/3/1250
f 744/1/1251 669/2/1251 682/3/1251
f 719/1/1252 649/2/1252 710/3/1252
f 693/1/1253 654/2/1253 727/3/1253
f 742/1/1254 716/2/1254 730/3/1254
f 745/1/1255 636/2/1255 734/3/1255
f 746/1/1256 667/2/1256 706/3/1256
f 747/1/1257 130/2/1257 732/3/1257
f 645/1/1258 709/2/1258 748/3/1258
f 749/1/1259 647/2/1259 618/3/1259
f 731/1/1260 697/2/1260 657/3/1260
f 750/1/1261 713/2/1261 661/3/1261
f 740/1/1262 721/2/1262 728/3/1262
f 733/1/1263 620/2/1263 630/3/1263
f 751/1/1264 700/2/1264 639/3/1264
f 752/1/1265 689/2/1265 687/3/1265
f 741/1/1266 729/2/1266 662/3/1266
f 753/1/1267 665/2/1267 692/3/1267
f 751/1/1268 639/2/1268 717/3/1268
f 747/1/1269 186/2/1269 130/3/1269
f 753/1/1270 714/2/1270 665/3/1270
f 719/1/1271 701/2/1271 663/3/1271
f 754/1/1272 735/2/1272 740/3/1272
f 726/1/1273 607/2/1273 737/3/1273
f 734/1/1274 686/2/1274 743/3/1274
f 755/1/1275 680/2/1275 736/3/1275
f 738/1/1276 704/2/1276 608/3/1276
f 145/1/1277 111/2/1277 641/3/1277
f 145/1/1278 641/2/1278 688/3/1278
f 757/1/1279 728/2/1279 725/3/1279
f 757/1/1280 725/2/1280 742/3/1280
f 756/1/1281 651/2/1281 694/3/1281
f 758/1/1282 674/2/1282 693/3/1282
f 754/1/1283 732/2/1283 735/3/1283
f 739/1/1284 668/2/1284 713/3/1284
f 759/1/1285 740/2/1285 728/3/1285
f 760/1/1286 626/2/1286 723/3/1286
f 742/1/1287 730/2/1287 761/3/1287
f 697/1/1288 298/2/1288 638/3/1288
f 733/1/1289 589/2/1289 700/3/1289
f 241/1/1290 747/2/1290 732/3/1290
f 763/1/1291 618/2/1291 696/3/1291
f 241/1/1292 732/2/1292 754/3/1292
f 745/1/1293 722/2/1293 636/3/1293
f 711/1/1294 669/2/1294 744/3/1294
f 759/1/1295 728/2/1295 757/3/1295
f 765/1/1296 691/2/1296 698/3/1296
f 241/1/1297 186/2/1297 747/3/1297
f 766/1/1298 754/2/1298 740/3/1298
f 798/1/1299 712/2/1299 674/3/1299
f 767/1/1300 241/2/1300 754/3/1300
f 768/1/1301 678/2/1301 722/3/1301
f 757/1/1302 742/2/1302 761/3/1302
f 757/1/1303 761/2/1303 769/3/1303
f 768/1/1304 670/2/1304 678/3/1304
f 101/1/1305 102/2/1305 872/3/1305
f 772/1/1306 656/2/1306 893/3/1306
f 779/1/1307 759/2/1307 757/3/1307
f 772/1/1308 893/2/1308 773/3/1308
f 774/1/1309 697/2/1309 731/3/1309
f 777/1/1310 718/2/1310 691/3/1310
f 766/1/1311 740/2/1311 759/3/1311
f 778/1/1312 620/2/1312 733/3/1312
f 750/1/1313 661/2/1313 729/3/1313
f 767/1/1314 754/2/1314 766/3/1314
f 780/1/1315 717/2/1315 711/3/1315
f 753/1/1316 692/2/1316 762/3/1316
f 767/1/1317 325/2/1317 241/3/1317
f 782/1/1318 720/2/1318 670/3/1318
f 675/1/1319 651/2/1319 756/3/1319
f 783/1/1320 3645/2/1320 775/3/1320
f 769/1/1321 779/2/1321 757/3/1321
f 784/1/1322 767/2/1322 766/3/1322
f 755/1/1323 642/2/1323 680/3/1323
f 785/1/1324 759/2/1324 779/3/1324
f 760/1/1325 694/2/1325 626/3/1325
f 145/1/1326 688/2/1326 718/3/1326
f 786/1/1327 673/2/1327 712/3/1327
f 787/1/1328 723/2/1328 684/3/1328
f 785/1/1329 766/2/1329 759/3/1329
f 789/1/1330 775/2/1330 776/3/1330
f 790/1/1331 714/2/1331 753/3/1331
f 790/1/1332 741/2/1332 714/3/1332
f 789/1/1333 776/2/1333 771/3/1333
f 762/1/1334 692/2/1334 720/3/1334
f 791/1/1335 766/2/1335 785/3/1335
f 784/1/1336 390/2/1336 325/3/1336
f 784/1/1337 325/2/1337 767/3/1337
f 749/1/1338 618/2/1338 763/3/1338
f 791/1/1339 784/2/1339 766/3/1339
f 772/1/1340 743/2/1340 656/3/1340
f 764/1/1341 682/2/1341 672/3/1341
f 785/1/1342 779/2/1342 769/3/1342
f 476/1/1343 696/2/1343 659/3/1343
f 785/1/1344 769/2/1344 1244/3/1344
f 783/1/1345 3647/2/1345 3645/3/1345
f 793/1/1346 791/2/1346 785/3/1346
f 794/1/1347 752/2/1347 687/3/1347
f 799/1/1348 771/2/1348 770/3/1348
f 795/1/1349 796/2/1349 3642/3/1349
f 765/1/1350 698/2/1350 739/3/1350
f 432/1/1351 784/2/1351 791/3/1351
f 783/1/1352 775/2/1352 789/3/1352
f 432/1/1353 390/2/1353 784/3/1353
f 801/1/1354 793/2/1354 785/3/1354
f 801/1/1355 785/2/1355 1244/3/1355
f 697/1/1356 324/2/1356 298/3/1356
f 432/1/1357 791/2/1357 793/3/1357
f 778/1/1358 731/2/1358 620/3/1358
f 102/1/1359 432/2/1359 793/3/1359
f 781/1/1360 3647/2/1360 783/3/1360
f 772/1/1361 773/2/1361 802/3/1361
f 102/1/1362 801/2/1362 872/3/1362
f 102/1/1363 793/2/1363 801/3/1363
f 777/1/1364 691/2/1364 765/3/1364
f 706/1/1365 647/2/1365 749/3/1365
f 803/1/1366 750/2/1366 729/3/1366
f 789/1/1367 771/2/1367 799/3/1367
f 764/1/1368 672/2/1368 726/3/1368
f 770/1/1369 800/2/1369 799/3/1369
f 803/1/1370 729/2/1370 788/3/1370
f 659/1/1371 685/2/1371 805/3/1371
f 806/1/1372 687/2/1372 724/3/1372
f 804/1/1373 3642/2/1373 792/3/1373
f 782/1/1374 670/2/1374 768/3/1374
f 807/1/1375 690/2/1375 701/3/1375
f 809/1/1376 722/2/1376 745/3/1376
f 436/1/1377 642/2/1377 755/3/1377
f 168/1/1378 718/2/1378 777/3/1378
f 168/1/1379 145/2/1379 718/3/1379
f 786/1/1380 736/2/1380 673/3/1380
f 798/1/1381 674/2/1381 758/3/1381
f 810/1/1382 713/2/1382 750/3/1382
f 458/1/1383 693/2/1383 727/3/1383
f 788/1/1384 729/2/1384 741/3/1384
f 764/1/1385 744/2/1385 682/3/1385
f 812/1/1386 762/2/1386 720/3/1386
f 812/1/1387 720/2/1387 782/3/1387
f 799/1/1388 800/2/1388 795/3/1388
f 813/1/1389 704/2/1389 738/3/1389
f 814/1/1390 3642/2/1390 804/3/1390
f 490/1/1391 659/2/1391 805/3/1391
f 800/1/1392 796/2/1392 795/3/1392
f 815/1/1393 765/2/1393 739/3/1393
f 816/1/1394 781/2/1394 783/3/1394
f 504/1/1395 701/2/1395 719/3/1395
f 817/1/1396 789/2/1396 799/3/1396
f 818/1/1397 753/2/1397 762/3/1397
f 770/1/1398 796/2/1398 800/3/1398
f 786/1/1399 712/2/1399 798/3/1399
f 809/1/1400 768/2/1400 722/3/1400
f 820/1/1401 717/2/1401 780/3/1401
f 804/1/1402 792/2/1402 811/3/1402
f 820/1/1403 751/2/1403 717/3/1403
f 821/1/1404 797/2/1404 781/3/1404
f 515/1/1405 711/2/1405 744/3/1405
f 822/1/1406 734/2/1406 743/3/1406
f 823/1/1407 783/2/1407 789/3/1407
f 810/1/1408 739/2/1408 713/3/1408
f 814/1/1409 795/2/1409 3642/3/1409
f 476/1/1410 659/2/1410 491/3/1410
f 445/1/1411 760/2/1411 723/3/1411
f 445/1/1412 723/2/1412 787/3/1412
f 794/1/1413 687/2/1413 806/3/1413
f 456/1/1414 684/2/1414 645/3/1414
f 774/1/1415 324/2/1415 697/3/1415
f 467/1/1416 700/2/1416 751/3/1416
f 436/1/1417 710/2/1417 642/3/1417
f 810/1/1418 750/2/1418 803/3/1418
f 758/1/1419 693/2/1419 458/3/1419
f 818/1/1420 790/2/1420 753/3/1420
f 808/1/1421 797/2/1421 821/3/1421
f 463/1/1422 667/2/1422 746/3/1422
f 816/1/1423 783/2/1423 823/3/1423
f 493/1/1424 738/2/1424 675/3/1424
f 745/1/1425 734/2/1425 822/3/1425
f 493/1/1426 675/2/1426 756/3/1426
f 502/1/1427 694/2/1427 760/3/1427
f 215/1/1428 777/2/1428 765/3/1428
f 500/1/1429 795/2/1429 814/3/1429
f 476/1/1430 763/2/1430 696/3/1430
f 810/1/1431 815/2/1431 739/3/1431
f 509/1/1432 645/2/1432 748/3/1432
f 491/1/1433 659/2/1433 490/3/1433
f 804/1/1434 811/2/1434 824/3/1434
f 347/1/1435 774/2/1435 731/3/1435
f 9/1/1436 559/2/1436 752/3/1436
f 347/1/1437 731/2/1437 778/3/1437
f 9/1/1438 752/2/1438 794/3/1438
f 480/1/1439 3651/2/1439 808/3/1439
f 480/1/1440 827/2/1440 3651/3/1440
f 807/1/1441 701/2/1441 504/3/1441
f 821/1/1442 781/2/1442 816/3/1442
f 528/1/1443 710/2/1443 505/3/1443
f 528/1/1444 719/2/1444 710/3/1444
f 515/1/1445 780/2/1445 711/3/1445
f 447/1/1446 799/2/1446 795/3/1446
f 452/1/1447 798/2/1447 758/3/1447
f 824/1/1448 811/2/1448 825/3/1448
f 828/1/1449 790/2/1449 818/3/1449
f 444/1/1450 760/2/1450 445/3/1450
f 506/1/1451 768/2/1451 809/3/1451
f 787/1/1452 684/2/1452 456/3/1452
f 467/1/1453 733/2/1453 700/3/1453
f 215/1/1454 168/2/1454 777/3/1454
f 497/1/1455 724/2/1455 690/3/1455
f 497/1/1456 690/2/1456 807/3/1456
f 449/1/1457 810/2/1457 803/3/1457
f 504/1/1458 719/2/1458 528/3/1458
f 829/1/1459 788/2/1459 741/3/1459
f 505/1/1460 710/2/1460 436/3/1460
f 829/1/1461 741/2/1461 790/3/1461
f 487/1/1462 737/2/1462 704/3/1462
f 487/1/1463 704/2/1463 813/3/1463
f 817/1/1464 799/2/1464 447/3/1464
f 502/1/1465 756/2/1465 694/3/1465
f 463/1/1466 727/2/1466 667/3/1466
f 481/1/1467 215/2/1467 765/3/1467
f 456/1/1468 645/2/1468 509/3/1468
f 469/1/1469 706/2/1469 749/3/1469
f 774/1/1470 347/2/1470 324/3/1470
f 467/1/1471 751/2/1471 820/3/1471
f 812/1/1472 818/2/1472 762/3/1472
f 782/1/1473 768/2/1473 506/3/1473
f 479/1/1474 744/2/1474 764/3/1474
f 438/1/1475 789/2/1475 817/3/1475
f 438/1/1476 823/2/1476 789/3/1476
f 822/1/1477 743/2/1477 772/3/1477
f 447/1/1478 795/2/1478 500/3/1478
f 460/1/1479 814/2/1479 804/3/1479
f 502/1/1480 760/2/1480 444/3/1480
f 439/1/1481 736/2/1481 786/3/1481
f 462/1/1482 825/2/1482 826/3/1482
f 462/1/1483 824/2/1483 825/3/1483
f 484/1/1484 808/2/1484 821/3/1484
f 499/1/1485 812/2/1485 782/3/1485
f 509/1/1486 748/2/1486 819/3/1486
f 486/1/1487 816/2/1487 823/3/1487
f 508/1/1488 745/2/1488 822/3/1488
f 511/1/1489 733/2/1489 467/3/1489
f 772/1/1490 802/2/1490 831/3/1490
f 487/1/1491 726/2/1491 737/3/1491
f 829/1/1492 790/2/1492 828/3/1492
f 522/1/1493 813/2/1493 738/3/1493
f 522/1/1494 738/2/1494 493/3/1494
f 497/1/1495 806/2/1495 724/3/1495
f 437/1/1496 436/2/1496 755/3/1496
f 451/1/1497 786/2/1497 798/3/1497
f 481/1/1498 765/2/1498 815/3/1498
f 500/1/1499 814/2/1499 460/3/1499
f 450/1/1500 803/2/1500 788/3/1500
f 450/1/1501 788/2/1501 829/3/1501
f 458/1/1502 727/2/1502 463/3/1502
f 472/1/1503 820/2/1503 780/3/1503
f 472/1/1504 780/2/1504 515/3/1504
f 746/1/1505 706/2/1505 469/3/1505
f 479/1/1506 515/2/1506 744/3/1506
f 468/1/1507 749/2/1507 763/3/1507
f 483/1/1508 764/2/1508 726/3/1508
f 508/1/1509 809/2/1509 745/3/1509
f 484/1/1510 480/2/1510 808/3/1510
f 523/1/1511 476/2/1511 491/3/1511
f 490/1/1512 805/2/1512 840/3/1512
f 490/1/1513 840/2/1513 539/3/1513
f 525/1/1514 794/2/1514 806/3/1514
f 448/1/1515 447/2/1515 500/3/1515
f 526/1/1516 497/2/1516 807/3/1516
f 435/1/1517 505/2/1517 436/3/1517
f 755/1/1518 736/2/1518 439/3/1518
f 511/1/1519 778/2/1519 733/3/1519
f 470/1/1520 506/2/1520 809/3/1520
f 514/1/1521 467/2/1521 820/3/1521
f 485/1/1522 484/2/1522 821/3/1522
f 457/1/1523 758/2/1523 458/3/1523
f 481/1/1524 271/2/1524 215/3/1524
f 518/1/1525 479/2/1525 764/3/1525
f 440/1/1526 815/2/1526 810/3/1526
f 521/1/1527 726/2/1527 487/3/1527
f 450/1/1528 449/2/1528 803/3/1528
f 459/1/1529 812/2/1529 499/3/1529
f 459/1/1530 818/2/1530 812/3/1530
f 442/1/1531 493/2/1531 756/3/1531
f 466/1/1532 782/2/1532 506/3/1532
f 470/1/1533 809/2/1533 508/3/1533
f 510/1/1534 826/2/1534 832/3/1534
f 455/1/1535 787/2/1535 456/3/1535
f 496/1/1536 806/2/1536 497/3/1536
f 503/1/1537 807/2/1537 504/3/1537
f 509/1/1538 819/2/1538 530/3/1538
f 338/1/1539 481/2/1539 815/3/1539
f 338/1/1540 815/2/1540 441/3/1540
f 464/1/1541 347/2/1541 778/3/1541
f 440/1/1542 810/2/1542 449/3/1542
f 485/1/1543 821/2/1543 816/3/1543
f 454/1/1544 828/2/1544 818/3/1544
f 439/1/1545 786/2/1545 451/3/1545
f 518/1/1546 764/2/1546 483/3/1546
f 492/1/1547 522/2/1547 493/3/1547
f 478/1/1548 772/2/1548 831/3/1548
f 478/1/1549 822/2/1549 772/3/1549
f 441/1/1550 815/2/1550 440/3/1550
f 474/1/1551 830/2/1551 827/3/1551
f 442/1/1552 756/2/1552 502/3/1552
f 474/1/1553 827/2/1553 480/3/1553
f 453/1/1554 829/2/1554 828/3/1554
f 465/1/1555 778/2/1555 511/3/1555
f 466/1/1556 499/2/1556 782/3/1556
f 244/1/1557 794/2/1557 525/3/1557
f 244/1/1558 9/2/1558 794/3/1558
f 477/1/1559 508/2/1559 822/3/1559
f 481/1/1560 338/2/1560 271/3/1560
f 461/1/1561 460/2/1561 804/3/1561
f 462/1/1562 826/2/1562 510/3/1562
f 483/1/1563 726/2/1563 521/3/1563
f 487/1/1564 813/2/1564 522/3/1564
f 494/1/1565 493/2/1565 442/3/1565
f 457/1/1566 452/2/1566 758/3/1566
f 488/1/1567 486/2/1567 823/3/1567
f 488/1/1568 823/2/1568 438/3/1568
f 473/1/1569 470/2/1569 508/3/1569
f 455/1/1570 445/2/1570 787/3/1570
f 446/1/1571 817/2/1571 447/3/1571
f 501/1/1572 500/2/1572 460/3/1572
f 507/1/1573 824/2/1573 462/3/1573
f 507/1/1574 804/2/1574 824/3/1574
f 453/1/1575 450/2/1575 829/3/1575
f 514/1/1576 820/2/1576 472/3/1576
f 510/1/1577 832/2/1577 471/3/1577
f 512/1/1578 830/2/1578 474/3/1578
f 498/1/1579 499/2/1579 466/3/1579
f 525/1/1580 806/2/1580 496/3/1580
f 512/1/1581 513/2/1581 830/3/1581
f 526/1/1582 807/2/1582 503/3/1582
f 519/1/1583 816/2/1583 486/3/1583
f 478/1/1584 831/2/1584 434/3/1584
f 519/1/1585 485/2/1585 816/3/1585
f 819/1/1586 834/2/1586 886/3/1586
f 833/1/1587 887/2/1587 834/3/1587
f 836/1/1588 833/2/1588 834/3/1588
f 819/1/1589 748/2/1589 834/3/1589
f 839/1/1590 836/2/1590 841/3/1590
f 840/1/1591 838/2/1591 539/3/1591
f 839/1/1592 841/2/1592 842/3/1592
f 846/1/1593 847/2/1593 842/3/1593
f 3637/1/1594 843/2/1594 685/3/1594
f 849/1/1595 848/2/1595 666/3/1595
f 643/1/1596 849/2/1596 666/3/1596
f 643/1/1597 851/2/1597 849/3/1597
f 850/1/1598 849/2/1598 851/3/1598
f 850/1/1599 851/2/1599 852/3/1599
f 646/1/1600 835/2/1600 709/3/1600
f 605/1/1601 852/2/1601 851/3/1601
f 605/1/1602 853/2/1602 852/3/1602
f 890/1/1603 586/2/1603 837/3/1603
f 853/1/1604 605/2/1604 575/3/1604
f 852/1/1605 853/2/1605 854/3/1605
f 853/1/1606 575/2/1606 854/3/1606
f 837/1/1607 855/2/1607 892/3/1607
f 856/1/1608 854/2/1608 857/3/1608
f 575/1/1609 857/2/1609 854/3/1609
f 858/1/1610 855/2/1610 837/3/1610
f 575/1/1611 538/2/1611 857/3/1611
f 586/1/1612 838/2/1612 837/3/1612
f 586/1/1613 539/2/1613 838/3/1613
f 858/1/1614 837/2/1614 838/3/1614
f 1161/1/1615 856/2/1615 857/3/1615
f 858/1/1616 838/2/1616 840/3/1616
f 861/1/1617 858/2/1617 840/3/1617
f 1161/1/1618 857/2/1618 865/3/1618
f 434/1/1619 857/2/1619 538/3/1619
f 434/1/1620 865/2/1620 857/3/1620
f 840/1/1621 868/2/1621 861/3/1621
f 869/1/1622 861/2/1622 868/3/1622
f 870/1/1623 865/2/1623 434/3/1623
f 101/1/1624 872/2/1624 871/3/1624
f 870/1/1625 434/2/1625 873/3/1625
f 873/1/1626 1155/2/1626 870/3/1626
f 868/1/1627 840/2/1627 805/3/1627
f 434/1/1628 831/2/1628 873/3/1628
f 805/1/1629 869/2/1629 868/3/1629
f 805/1/1630 843/2/1630 869/3/1630
f 831/1/1631 802/2/1631 873/3/1631
f 1155/1/1632 873/2/1632 802/3/1632
f 874/1/1633 1244/2/1633 769/3/1633
f 843/1/1634 1197/2/1634 869/3/1634
f 802/1/1635 875/2/1635 1155/3/1635
f 876/1/1636 1155/2/1636 875/3/1636
f 844/1/1637 1197/2/1637 843/3/1637
f 685/1/1638 843/2/1638 805/3/1638
f 877/1/1639 860/2/1639 876/3/1639
f 877/1/1640 876/2/1640 875/3/1640
f 845/1/1641 844/2/1641 843/3/1641
f 878/1/1642 761/2/1642 730/3/1642
f 879/1/1643 864/2/1643 895/3/1643
f 879/1/1644 895/2/1644 640/3/1644
f 880/1/1645 878/2/1645 730/3/1645
f 881/1/1646 619/2/1646 882/3/1646
f 773/1/1647 875/2/1647 802/3/1647
f 885/1/1648 882/2/1648 886/3/1648
f 773/1/1649 877/2/1649 875/3/1649
f 880/1/1650 730/2/1650 708/3/1650
f 859/1/1651 880/2/1651 708/3/1651
f 834/1/1652 841/2/1652 836/3/1652
f 834/1/1653 748/2/1653 841/3/1653
f 773/1/1654 860/2/1654 877/3/1654
f 709/1/1655 841/2/1655 748/3/1655
f 888/1/1656 859/2/1656 708/3/1656
f 841/1/1657 709/2/1657 835/3/1657
f 841/1/1658 846/2/1658 842/3/1658
f 841/1/1659 835/2/1659 846/3/1659
f 773/1/1660 893/2/1660 860/3/1660
f 890/1/1661 835/2/1661 646/3/1661
f 888/1/1662 708/2/1662 666/3/1662
f 892/1/1663 891/2/1663 835/3/1663
f 860/1/1664 893/2/1664 889/3/1664
f 848/1/1665 888/2/1665 666/3/1665
f 890/1/1666 892/2/1666 835/3/1666
f 891/1/1667 892/2/1667 855/3/1667
f 646/1/1668 586/2/1668 890/3/1668
f 892/1/1669 890/2/1669 837/3/1669
f 894/1/1670 889/2/1670 893/3/1670
f 894/1/1671 862/2/1671 889/3/1671
f 851/1/1672 643/2/1672 605/3/1672
f 894/1/1673 893/2/1673 895/3/1673
f 891/1/1674 847/2/1674 846/3/1674
f 891/1/1675 846/2/1675 835/3/1675
f 895/1/1676 862/2/1676 894/3/1676
f 891/1/1677 855/2/1677 847/3/1677
f 864/1/1678 862/2/1678 895/3/1678
f 640/1/1679 895/2/1679 893/3/1679
f 879/1/1680 640/2/1680 619/3/1680
f 879/1/1681 881/2/1681 864/3/1681
f 881/1/1682 863/2/1682 864/3/1682
f 619/1/1683 881/2/1683 879/3/1683
f 883/1/1684 863/2/1684 881/3/1684
f 883/1/1685 881/2/1685 882/3/1685
f 883/1/1686 867/2/1686 863/3/1686
f 884/1/1687 882/2/1687 619/3/1687
f 885/1/1688 883/2/1688 882/3/1688
f 885/1/1689 867/2/1689 883/3/1689
f 885/1/1690 866/2/1690 867/3/1690
f 884/1/1691 530/2/1691 882/3/1691
f 886/1/1692 882/2/1692 530/3/1692
f 834/1/1693 887/2/1693 886/3/1693
f 885/1/1694 886/2/1694 887/3/1694
f 866/1/1695 885/2/1695 887/3/1695
f 530/1/1696 819/2/1696 886/3/1696
f 1555/1/1697 909/2/1697 910/3/1697
f 1604/1/1698 917/2/1698 1001/3/1698
f 1622/1/1699 917/2/1699 1604/3/1699
f 1471/1/1700 918/2/1700 1451/3/1700
f 1567/1/1701 927/2/1701 928/3/1701
f 1002/1/1702 927/2/1702 1567/3/1702
f 897/1/1703 925/2/1703 1609/3/1703
f 1611/1/1704 951/2/1704 944/3/1704
f 913/1/1705 1030/2/1705 1405/3/1705
f 958/1/1706 916/2/1706 1612/3/1706
f 975/1/1707 959/2/1707 1593/3/1707
f 942/1/1708 963/2/1708 1614/3/1708
f 1614/1/1709 963/2/1709 912/3/1709
f 992/1/1710 973/2/1710 958/3/1710
f 940/1/1711 976/2/1711 1490/3/1711
f 1490/1/1712 976/2/1712 903/3/1712
f 979/1/1713 972/2/1713 915/3/1713
f 1453/1/1714 984/2/1714 1202/3/1714
f 1495/1/1715 984/2/1715 1453/3/1715
f 907/1/1716 1598/2/1716 987/3/1716
f 937/1/1717 997/2/1717 998/3/1717
f 998/1/1718 997/2/1718 999/3/1718
f 1603/1/1719 946/2/1719 931/3/1719
f 930/1/1720 1004/2/1720 1620/3/1720
f 1620/1/1721 1004/2/1721 960/3/1721
f 901/1/1722 978/2/1722 1600/3/1722
f 1550/1/1723 911/2/1723 966/3/1723
f 1009/1/1724 953/2/1724 905/3/1724
f 960/1/1725 901/2/1725 1601/3/1725
f 1599/1/1726 1014/2/1726 930/3/1726
f 900/1/1727 944/2/1727 985/3/1727
f 1569/1/1728 970/2/1728 896/3/1728
f 1563/1/1729 1018/2/1729 1003/3/1729
f 920/1/1730 1018/2/1730 1563/3/1730
f 1539/1/1731 999/2/1731 921/3/1731
f 1606/1/1732 1022/2/1732 972/3/1732
f 1602/1/1733 1024/2/1733 1557/3/1733
f 971/1/1734 949/2/1734 950/3/1734
f 1621/1/1735 1025/2/1735 953/3/1735
f 916/1/1736 1025/2/1736 1621/3/1736
f 1584/1/1737 935/2/1737 983/3/1737
f 936/1/1738 1028/2/1738 1529/3/1738
f 952/1/1739 1029/2/1739 899/3/1739
f 978/1/1740 951/2/1740 1611/3/1740
f 897/1/1741 1031/2/1741 925/3/1741
f 919/1/1742 1032/2/1742 977/3/1742
f 985/1/1743 1033/2/1743 986/3/1743
f 1594/1/1744 1034/2/1744 1035/3/1744
f 981/1/1745 1034/2/1745 1594/3/1745
f 1597/1/1746 1008/2/1746 955/3/1746
f 1575/1/1747 1003/2/1747 914/3/1747
f 1020/1/1748 1037/2/1748 1578/3/1748
f 1578/1/1749 1037/2/1749 906/3/1749
f 958/1/1750 973/2/1750 916/3/1750
f 905/1/1751 1038/2/1751 956/3/1751
f 967/1/1752 923/2/1752 968/3/1752
f 933/1/1753 1014/2/1753 1599/3/1753
f 934/1/1754 994/2/1754 993/3/1754
f 907/1/1755 1039/2/1755 1608/3/1755
f 1571/1/1756 1040/2/1756 947/3/1756
f 926/1/1757 1040/2/1757 1571/3/1757
f 1015/1/1758 1041/2/1758 939/3/1758
f 901/1/1759 1042/2/1759 978/3/1759
f 1549/1/1760 955/2/1760 940/3/1760
f 959/1/1761 1043/2/1761 1533/3/1761
f 1533/1/1762 1043/2/1762 904/3/1762
f 1484/1/1763 1044/2/1763 932/3/1763
f 1529/1/1764 1044/2/1764 1484/3/1764
f 957/1/1765 1045/2/1765 1622/3/1765
f 960/1/1766 1046/2/1766 901/3/1766
f 1622/1/1767 1045/2/1767 917/3/1767
f 938/1/1768 1047/2/1768 937/3/1768
f 983/1/1769 1048/2/1769 964/3/1769
f 962/1/1770 1031/2/1770 897/3/1770
f 939/1/1771 980/2/1771 1579/3/1771
f 1000/1/1772 945/2/1772 1561/3/1772
f 903/1/1773 976/2/1773 1021/3/1773
f 925/1/1774 1050/2/1774 946/3/1774
f 1024/1/1775 1619/2/1775 1557/3/1775
f 1555/1/1776 1051/2/1776 909/3/1776
f 995/1/1777 1051/2/1777 1555/3/1777
f 921/1/1778 1022/2/1778 1606/3/1778
f 971/1/1779 989/2/1779 949/3/1779
f 1582/1/1780 914/2/1780 898/3/1780
f 1616/1/1781 1006/2/1781 935/3/1781
f 933/1/1782 1052/2/1782 1014/3/1782
f 923/1/1783 1032/2/1783 919/3/1783
f 928/1/1784 1053/2/1784 938/3/1784
f 1598/1/1785 912/2/1785 987/3/1785
f 1012/1/1786 1054/2/1786 990/3/1786
f 940/1/1787 1055/2/1787 976/3/1787
f 903/1/1788 1021/2/1788 1010/3/1788
f 992/1/1789 1056/2/1789 973/3/1789
f 967/1/1790 1057/2/1790 923/3/1790
f 991/1/1791 1058/2/1791 1017/3/1791
f 990/1/1792 1058/2/1792 991/3/1792
f 986/1/1793 1059/2/1793 988/3/1793
f 988/1/1794 1059/2/1794 992/3/1794
f 930/1/1795 1014/2/1795 1004/3/1795
f 1581/1/1796 1061/2/1796 941/3/1796
f 996/1/1797 1061/2/1797 1581/3/1797
f 1001/1/1798 1062/2/1798 942/3/1798
f 942/1/1799 1062/2/1799 963/3/1799
f 904/1/1800 1063/2/1800 1027/3/1800
f 1005/1/1801 1064/2/1801 961/3/1801
f 945/1/1802 1065/2/1802 995/3/1802
f 946/1/1803 1066/2/1803 931/3/1803
f 982/1/1804 1052/2/1804 933/3/1804
f 939/1/1805 1080/2/1805 980/3/1805
f 896/1/1806 1067/2/1806 922/3/1806
f 1015/1/1807 1068/2/1807 1041/3/1807
f 970/1/1808 1067/2/1808 896/3/1808
f 994/1/1809 1068/2/1809 1015/3/1809
f 923/1/1810 1060/2/1810 1032/3/1810
f 929/1/1811 1069/2/1811 1602/3/1811
f 2066/1/1812 1057/2/1812 967/3/1812
f 898/1/1813 1070/2/1813 1617/3/1813
f 1617/1/1814 1070/2/1814 1019/3/1814
f 1619/1/1815 1071/2/1815 1049/3/1815
f 907/1/1816 987/2/1816 1039/3/1816
f 944/1/1817 1072/2/1817 985/3/1817
f 985/1/1818 1072/2/1818 1033/3/1818
f 974/1/1819 918/2/1819 1073/3/1819
f 1025/1/1820 1074/2/1820 953/3/1820
f 1523/1/1821 1075/2/1821 929/3/1821
f 936/1/1822 908/2/1822 1028/3/1822
f 932/1/1823 1076/2/1823 1005/3/1823
f 927/1/1824 1053/2/1824 928/3/1824
f 1005/1/1825 1076/2/1825 1064/3/1825
f 975/1/1826 1019/2/1826 959/3/1826
f 950/1/1827 949/2/1827 1077/3/1827
f 1010/1/1828 1078/2/1828 1471/3/1828
f 901/1/1829 1046/2/1829 1042/3/1829
f 1079/1/1830 1052/2/1830 982/3/1830
f 1023/1/1831 1081/2/1831 934/3/1831
f 934/1/1832 1081/2/1832 994/3/1832
f 925/1/1833 1082/2/1833 1050/3/1833
f 1004/1/1834 1083/2/1834 960/3/1834
f 960/1/1835 1083/2/1835 1046/3/1835
f 1014/1/1836 1084/2/1836 1004/3/1836
f 937/1/1837 1047/2/1837 997/3/1837
f 1027/1/1838 1085/2/1838 1026/3/1838
f 952/1/1839 1086/2/1839 1029/3/1839
f 906/1/1840 1086/2/1840 952/3/1840
f 963/1/1841 1087/2/1841 912/3/1841
f 972/1/1842 1088/2/1842 915/3/1842
f 953/1/1843 1089/2/1843 905/3/1843
f 957/1/1844 1090/2/1844 1045/3/1844
f 931/1/1845 1090/2/1845 957/3/1845
f 1036/1/1846 1091/2/1846 920/3/1846
f 956/1/1847 1124/2/1847 969/3/1847
f 929/1/1848 1075/2/1848 1069/3/1848
f 920/1/1849 1091/2/1849 1018/3/1849
f 1002/1/1850 1092/2/1850 927/3/1850
f 1016/1/1851 1092/2/1851 1002/3/1851
f 1495/1/1852 1093/2/1852 984/3/1852
f 961/1/1853 1093/2/1853 1495/3/1853
f 973/1/1854 1094/2/1854 916/3/1854
f 916/1/1855 1094/2/1855 1025/3/1855
f 1013/1/1856 1095/2/1856 1011/3/1856
f 977/1/1857 1096/2/1857 1007/3/1857
f 986/1/1858 1097/2/1858 1059/3/1858
f 1033/1/1859 1097/2/1859 986/3/1859
f 1007/1/1860 1096/2/1860 962/3/1860
f 1523/1/1861 966/2/1861 1075/3/1861
f 1202/1/1862 1098/2/1862 913/3/1862
f 984/1/1863 1098/2/1863 1202/3/1863
f 948/1/1864 1099/2/1864 908/3/1864
f 947/1/1865 1099/2/1865 948/3/1865
f 1587/1/1866 1100/2/1866 989/3/1866
f 1030/1/1867 1101/2/1867 1372/3/1867
f 1020/1/1868 1102/2/1868 1037/3/1868
f 965/1/1869 1102/2/1869 1020/3/1869
f 981/1/1870 1103/2/1870 1034/3/1870
f 946/1/1871 1050/2/1871 1066/3/1871
f 1000/1/1872 1104/2/1872 945/3/1872
f 915/1/1873 1104/2/1873 1000/3/1873
f 917/1/1874 1105/2/1874 1001/3/1874
f 1001/1/1875 1105/2/1875 1062/3/1875
f 910/1/1876 909/2/1876 1008/3/1876
f 1059/1/1877 1056/2/1877 992/3/1877
f 914/1/1878 1106/2/1878 898/3/1878
f 955/1/1879 1055/2/1879 940/3/1879
f 935/1/1880 1107/2/1880 983/3/1880
f 983/1/1881 1107/2/1881 1048/3/1881
f 1057/1/1882 1108/2/1882 923/3/1882
f 923/1/1883 1108/2/1883 1060/3/1883
f 1372/1/1884 1110/2/1884 943/3/1884
f 978/1/1885 1109/2/1885 951/3/1885
f 943/1/1886 1110/2/1886 1013/3/1886
f 956/1/1887 1038/2/1887 1124/3/1887
f 1619/1/1888 1024/2/1888 1071/3/1888
f 1031/1/1889 1082/2/1889 925/3/1889
f 1003/1/1890 1111/2/1890 914/3/1890
f 905/1/1891 1089/2/1891 1038/3/1891
f 1011/1/1892 1112/2/1892 954/3/1892
f 951/1/1893 1113/2/1893 944/3/1893
f 944/1/1894 1113/2/1894 1072/3/1894
f 1114/1/1895 1057/2/1895 2066/3/1895
f 1046/1/1896 1115/2/1896 1042/3/1896
f 1529/1/1897 1028/2/1897 1044/3/1897
f 973/1/1898 1116/2/1898 1094/3/1898
f 939/1/1899 1041/2/1899 1080/3/1899
f 935/1/1900 1006/2/1900 1117/3/1900
f 1008/1/1901 1118/2/1901 955/3/1901
f 999/1/1902 1119/2/1902 921/3/1902
f 921/1/1903 1119/2/1903 1022/3/1903
f 1060/1/1904 1120/2/1904 1032/3/1904
f 931/1/1905 1066/2/1905 1090/3/1905
f 1026/1/1906 1040/2/1906 926/3/1906
f 980/1/1907 1103/2/1907 981/3/1907
f 1012/1/1908 1121/2/1908 1054/3/1908
f 899/1/1909 1121/2/1909 1012/3/1909
f 969/1/1910 1124/2/1910 970/3/1910
f 970/1/1911 1124/2/1911 1067/3/1911
f 1031/1/1912 1123/2/1912 1082/3/1912
f 912/1/1913 1125/2/1913 987/3/1913
f 938/1/1914 1053/2/1914 1047/3/1914
f 1042/1/1915 1109/2/1915 978/3/1915
f 1004/1/1916 1126/2/1916 1083/3/1916
f 1084/1/1917 1126/2/1917 1004/3/1917
f 995/1/1918 1065/2/1918 1051/3/1918
f 1014/1/1919 1127/2/1919 1084/3/1919
f 1052/1/1920 1127/2/1920 1014/3/1920
f 990/1/1921 1054/2/1921 1058/3/1921
f 964/1/1922 1102/2/1922 965/3/1922
f 996/1/1923 866/2/1923 1061/3/1923
f 1032/1/1924 1128/2/1924 977/3/1924
f 977/1/1925 1128/2/1925 1096/3/1925
f 1587/1/1926 902/2/1926 1100/3/1926
f 1022/1/1927 1088/2/1927 972/3/1927
f 913/1/1928 1129/2/1928 1030/3/1928
f 1017/1/1929 1130/2/1929 1016/3/1929
f 1016/1/1930 1130/2/1930 1092/3/1930
f 1072/1/1931 1097/2/1931 1033/3/1931
f 1101/1/1932 1110/2/1932 1372/3/1932
f 1025/1/1933 1094/2/1933 1074/3/1933
f 914/1/1934 1111/2/1934 1106/3/1934
f 994/1/1935 1132/2/1935 1068/3/1935
f 1081/1/1936 1132/2/1936 994/3/1936
f 1056/1/1937 1116/2/1937 973/3/1937
f 953/1/1938 870/2/1938 1089/3/1938
f 1117/1/1939 1107/2/1939 935/3/1939
f 898/1/1940 1106/2/1940 1070/3/1940
f 961/1/1941 1064/2/1941 1093/3/1941
f 922/1/1942 863/2/1942 996/3/1942
f 941/1/1943 836/2/1943 924/3/1943
f 1045/1/1944 1105/2/1944 917/3/1944
f 1047/1/1945 1133/2/1945 997/3/1945
f 1051/1/1946 1134/2/1946 909/3/1946
f 1029/1/1947 1121/2/1947 899/3/1947
f 1037/1/1948 1135/2/1948 906/3/1948
f 906/1/1949 1135/2/1949 1086/3/1949
f 1027/1/1950 1063/2/1950 1085/3/1950
f 1109/1/1951 1136/2/1951 951/3/1951
f 951/1/1952 1136/2/1952 1113/3/1952
f 1046/1/1953 1137/2/1953 1115/3/1953
f 1083/1/1954 1137/2/1954 1046/3/1954
f 962/1/1955 1123/2/1955 1031/3/1955
f 1052/1/1956 1131/2/1956 1127/3/1956
f 1079/1/1957 1131/2/1957 1052/3/1957
f 1097/1/1958 1138/2/1958 1059/3/1958
f 1074/1/1959 870/2/1959 953/3/1959
f 947/1/1960 1139/2/1960 1099/3/1960
f 1040/1/1961 1139/2/1961 947/3/1961
f 904/1/1962 1140/2/1962 1063/3/1962
f 1043/1/1963 1140/2/1963 904/3/1963
f 1056/1/1964 1141/2/1964 1116/3/1964
f 1019/1/1965 1142/2/1965 959/3/1965
f 912/1/1966 1087/2/1966 1125/3/1966
f 959/1/1967 1142/2/1967 1043/3/1967
f 1065/1/1968 1143/2/1968 1051/3/1968
f 989/1/1969 1144/2/1969 949/3/1969
f 927/1/1970 1092/2/1970 1053/3/1970
f 1042/1/1971 1115/2/1971 1109/3/1971
f 1036/1/1972 1146/2/1972 1091/3/1972
f 1035/1/1973 1146/2/1973 1036/3/1973
f 1069/1/1974 1024/2/1974 1602/3/1974
f 908/1/1975 1147/2/1975 1028/3/1975
f 1129/1/1976 1101/2/1976 1030/3/1976
f 1061/1/1977 836/2/1977 941/3/1977
f 1088/1/1978 1148/2/1978 915/3/1978
f 915/1/1979 1148/2/1979 1104/3/1979
f 980/1/1980 1149/2/1980 1103/3/1980
f 1080/1/1981 1149/2/1981 980/3/1981
f 1053/1/1982 1150/2/1982 1047/3/1982
f 1084/1/1983 1127/2/1983 1126/3/1983
f 1059/1/1984 1151/2/1984 1056/3/1984
f 1013/1/1985 1152/2/1985 1095/3/1985
f 1113/1/1986 1154/2/1986 1072/3/1986
f 1072/1/1987 1154/2/1987 1097/3/1987
f 909/1/1988 1134/2/1988 1008/3/1988
f 870/1/1989 1155/2/1989 1089/3/1989
f 1068/1/1990 1207/2/1990 1041/3/1990
f 1045/1/1991 1156/2/1991 1105/3/1991
f 999/1/1992 1158/2/1992 1119/3/1992
f 997/1/1993 1158/2/1993 999/3/1993
f 913/1/1994 1098/2/1994 1129/3/1994
f 1032/1/1995 1120/2/1995 1128/3/1995
f 1067/1/1996 863/2/1996 922/3/1996
f 1026/1/1997 1085/2/1997 1040/3/1997
f 1066/1/1998 1159/2/1998 1090/3/1998
f 945/1/1999 1104/2/1999 1065/3/1999
f 996/1/2000 867/2/2000 866/3/2000
f 863/1/2001 867/2/2001 996/3/2001
f 1022/1/2002 1160/2/2002 1088/3/2002
f 1074/1/2003 1161/2/2003 870/3/2003
f 962/1/2004 1162/2/2004 1123/3/2004
f 1096/1/2005 1162/2/2005 962/3/2005
f 1018/1/2006 1163/2/2006 1003/3/2006
f 1003/1/2007 1163/2/2007 1111/3/2007
f 1073/1/2008 918/2/2008 1164/3/2008
f 955/1/2009 1118/2/2009 1055/3/2009
f 964/1/2010 1165/2/2010 1102/3/2010
f 1048/1/2011 1165/2/2011 964/3/2011
f 1011/1/2012 1095/2/2012 1112/3/2012
f 1114/1/2013 1166/2/2013 1057/3/2013
f 1138/1/2014 1151/2/2014 1059/3/2014
f 1008/1/2015 1167/2/2015 1118/3/2015
f 1108/1/2016 1168/2/2016 1060/3/2016
f 1060/1/2017 1168/2/2017 1120/3/2017
f 1038/1/2018 876/2/2018 1124/3/2018
f 1054/1/2019 1169/2/2019 1058/3/2019
f 1056/1/2020 1151/2/2020 1141/3/2020
f 1097/1/2021 1170/2/2021 1138/3/2021
f 1105/1/2022 1171/2/2022 1062/3/2022
f 1121/1/2023 1172/2/2023 1054/3/2023
f 1126/1/2024 1173/2/2024 1083/3/2024
f 1083/1/2025 1173/2/2025 1137/3/2025
f 1058/1/2026 1174/2/2026 1017/3/2026
f 1017/1/2027 1174/2/2027 1130/3/2027
f 1067/1/2028 864/2/2028 863/3/2028
f 862/1/2029 1124/2/2029 889/3/2029
f 1067/1/2030 1124/2/2030 862/3/2030
f 889/1/2031 1124/2/2031 860/3/2031
f 1150/1/2032 1175/2/2032 1047/3/2032
f 1028/1/2033 1176/2/2033 1044/3/2033
f 1047/1/2034 1175/2/2034 1133/3/2034
f 911/1/2035 847/2/2035 966/3/2035
f 1074/1/2036 856/2/2036 1161/3/2036
f 1094/1/2037 856/2/2037 1074/3/2037
f 1089/1/2038 876/2/2038 1038/3/2038
f 1155/1/2039 876/2/2039 1089/3/2039
f 1090/1/2040 1156/2/2040 1045/3/2040
f 1471/1/2041 1078/2/2041 918/3/2041
f 1132/1/2042 1207/2/2042 1068/3/2042
f 1050/1/2043 1177/2/2043 1066/3/2043
f 1041/1/2044 1178/2/2044 1080/3/2044
f 1082/1/2045 1177/2/2045 1050/3/2045
f 1035/1/2046 1179/2/2046 1146/3/2046
f 1034/1/2047 1179/2/2047 1035/3/2047
f 1119/1/2048 1160/2/2048 1022/3/2048
f 876/1/2049 860/2/2049 1124/3/2049
f 1127/1/2050 1180/2/2050 1126/3/2050
f 1061/1/2051 866/2/2051 887/3/2051
f 924/1/2052 839/2/2052 911/3/2052
f 836/1/2053 839/2/2053 924/3/2053
f 1044/1/2054 1181/2/2054 932/3/2054
f 932/1/2055 1181/2/2055 1076/3/2055
f 966/1/2056 855/2/2056 1075/3/2056
f 1029/1/2057 1183/2/2057 1121/3/2057
f 1111/1/2058 1184/2/2058 1106/3/2058
f 1109/1/2059 1185/2/2059 1136/3/2059
f 1115/1/2060 1185/2/2060 1109/3/2060
f 1067/1/2061 862/2/2061 864/3/2061
f 1136/1/2062 1187/2/2062 1113/3/2062
f 1113/1/2063 1187/2/2063 1154/3/2063
f 1088/1/2064 1188/2/2064 1148/3/2064
f 865/1/2065 870/2/2065 1161/3/2065
f 1043/1/2066 1189/2/2066 1140/3/2066
f 1154/1/2067 1170/2/2067 1097/3/2067
f 1061/1/2068 833/2/2068 836/3/2068
f 887/1/2069 833/2/2069 1061/3/2069
f 989/1/2070 1100/2/2070 1144/3/2070
f 1102/1/2071 1190/2/2071 1037/3/2071
f 1105/1/2072 1191/2/2072 1171/3/2072
f 1037/1/2073 1190/2/2073 1135/3/2073
f 847/1/2074 855/2/2074 966/3/2074
f 1090/1/2075 1192/2/2075 1156/3/2075
f 854/1/2076 856/2/2076 1094/3/2076
f 911/1/2077 842/2/2077 847/3/2077
f 839/1/2078 842/2/2078 911/3/2078
f 1116/1/2079 854/2/2079 1094/3/2079
f 852/1/2080 854/2/2080 1141/3/2080
f 1141/1/2081 854/2/2081 1116/3/2081
f 1182/1/2082 1127/2/2082 1131/3/2082
f 1069/1/2083 861/2/2083 1024/3/2083
f 1057/1/2084 1166/2/2084 1108/3/2084
f 1075/1/2085 855/2/2085 1069/3/2085
f 1096/1/2086 1193/2/2086 1162/3/2086
f 1127/1/2087 1194/2/2087 1180/3/2087
f 1128/1/2088 1193/2/2088 1096/3/2088
f 1151/1/2089 850/2/2089 1141/3/2089
f 1051/1/2090 1195/2/2090 1134/3/2090
f 1108/1/2091 1196/2/2091 1168/3/2091
f 1143/1/2092 1195/2/2092 1051/3/2092
f 1024/1/2093 1197/2/2093 1071/3/2093
f 1126/1/2094 1180/2/2094 1173/3/2094
f 850/1/2095 852/2/2095 1141/3/2095
f 1147/1/2096 1176/2/2096 1028/3/2096
f 861/1/2097 1197/2/2097 1024/3/2097
f 954/1/2098 1198/2/2098 1145/3/2098
f 1112/1/2099 1198/2/2099 954/3/2099
f 987/1/2100 1125/2/2100 1206/3/2100
f 1185/1/2101 1200/2/2101 1136/3/2101
f 1092/1/2102 1199/2/2102 1053/3/2102
f 1115/1/2103 1201/2/2103 1185/3/2103
f 1137/1/2104 1201/2/2104 1115/3/2104
f 1086/1/2105 1183/2/2105 1029/3/2105
f 849/1/2106 850/2/2106 1151/3/2106
f 1090/1/2107 1159/2/2107 1192/3/2107
f 1608/1/2108 1202/2/2108 902/3/2108
f 1127/1/2109 1182/2/2109 1194/3/2109
f 1106/1/2110 1203/2/2110 1070/3/2110
f 1104/1/2111 1204/2/2111 1065/3/2111
f 1064/1/2112 1205/2/2112 1153/3/2112
f 1076/1/2113 1205/2/2113 1064/3/2113
f 1186/1/2114 976/2/2114 1055/3/2114
f 987/1/2115 1206/2/2115 1039/3/2115
f 858/1/2116 861/2/2116 855/3/2116
f 855/1/2117 861/2/2117 1069/3/2117
f 861/1/2118 869/2/2118 1197/3/2118
f 1021/1/2119 1225/2/2119 1010/3/2119
f 1138/1/2120 849/2/2120 1151/3/2120
f 1138/1/2121 848/2/2121 849/3/2121
f 1170/1/2122 848/2/2122 1138/3/2122
f 1156/1/2123 1191/2/2123 1105/3/2123
f 1070/1/2124 1208/2/2124 1019/3/2124
f 1102/1/2125 1209/2/2125 1190/3/2125
f 1019/1/2126 1208/2/2126 1142/3/2126
f 1071/1/2127 844/2/2127 845/3/2127
f 1133/1/2128 1211/2/2128 997/3/2128
f 997/1/2129 1211/2/2129 1158/3/2129
f 1040/1/2130 1210/2/2130 1139/3/2130
f 1123/1/2131 1212/2/2131 1082/3/2131
f 1082/1/2132 1212/2/2132 1177/3/2132
f 1063/1/2133 1213/2/2133 1085/3/2133
f 1182/1/2134 1214/2/2134 1194/3/2134
f 963/1/2135 1215/2/2135 1087/3/2135
f 1062/1/2136 1215/2/2136 963/3/2136
f 1121/1/2137 1217/2/2137 1172/3/2137
f 1197/1/2138 844/2/2138 1071/3/2138
f 888/1/2139 1154/2/2139 859/3/2139
f 1117/1/2140 1218/2/2140 1107/3/2140
f 1170/1/2141 1154/2/2141 888/3/2141
f 1180/1/2142 1219/2/2142 1173/3/2142
f 1107/1/2143 1220/2/2143 1048/3/2143
f 1048/1/2144 1220/2/2144 1165/3/2144
f 1080/1/2145 1178/2/2145 1149/3/2145
f 888/1/2146 848/2/2146 1170/3/2146
f 1147/1/2147 1221/2/2147 1176/3/2147
f 1201/1/2148 1222/2/2148 1185/3/2148
f 1185/1/2149 1222/2/2149 1200/3/2149
f 1136/1/2150 1200/2/2150 1187/3/2150
f 1010/1/2151 1225/2/2151 1078/3/2151
f 1173/1/2152 1226/2/2152 1137/3/2152
f 1137/1/2153 1226/2/2153 1201/3/2153
f 1160/1/2154 1188/2/2154 1088/3/2154
f 1118/1/2155 1186/2/2155 1055/3/2155
f 1224/1/2156 1227/2/2156 1223/3/2156
f 1223/1/2157 1227/2/2157 1233/3/2157
f 1091/1/2158 1163/2/2158 1018/3/2158
f 1187/1/2159 859/2/2159 1154/3/2159
f 859/1/2160 1187/2/2160 880/3/2160
f 1054/1/2161 1172/2/2161 1169/3/2161
f 1008/1/2162 1134/2/2162 1167/3/2162
f 1120/1/2163 1230/2/2163 1128/3/2163
f 1207/1/2164 1178/2/2164 1041/3/2164
f 1194/1/2165 1219/2/2165 1180/3/2165
f 1064/1/2166 1153/2/2166 1093/3/2166
f 1085/1/2167 1232/2/2167 1040/3/2167
f 949/1/2168 1144/2/2168 1242/3/2168
f 1200/1/2169 880/2/2169 1187/3/2169
f 1119/1/2170 1234/2/2170 1160/3/2170
f 1201/1/2171 1226/2/2171 1222/3/2171
f 1058/1/2172 1169/2/2172 1174/3/2172
f 1224/1/2173 1239/2/2173 1227/3/2173
f 1173/1/2174 1235/2/2174 1226/3/2174
f 1219/1/2175 1235/2/2175 1173/3/2175
f 1214/1/2176 1236/2/2176 1194/3/2176
f 1194/1/2177 1236/2/2177 1219/3/2177
f 1200/1/2178 878/2/2178 880/3/2178
f 1135/1/2179 1183/2/2179 1086/3/2179
f 1228/1/2180 1237/2/2180 1224/3/2180
f 1608/1/2181 1039/2/2181 1202/3/2181
f 1174/1/2182 1238/2/2182 1130/3/2182
f 1222/1/2183 878/2/2183 1200/3/2183
f 761/1/2184 1222/2/2184 769/3/2184
f 1065/1/2185 1204/2/2185 1143/3/2185
f 1214/1/2186 1245/2/2186 1236/3/2186
f 1222/1/2187 761/2/2187 878/3/2187
f 949/1/2188 1242/2/2188 1077/3/2188
f 1226/1/2189 769/2/2189 1222/3/2189
f 1034/1/2190 1243/2/2190 1179/3/2190
f 1103/1/2191 1243/2/2191 1034/3/2191
f 1235/1/2192 1244/2/2192 1226/3/2192
f 1128/1/2193 1230/2/2193 1193/3/2193
f 1236/1/2194 1246/2/2194 1219/3/2194
f 1219/1/2195 1246/2/2195 1235/3/2195
f 1228/1/2196 1247/2/2196 1237/3/2196
f 1130/1/2197 1199/2/2197 1092/3/2197
f 1244/1/2198 874/2/2198 1226/3/2198
f 1224/1/2199 1248/2/2199 1239/3/2199
f 1053/1/2200 1199/2/2200 1150/3/2200
f 1226/1/2201 874/2/2201 769/3/2201
f 1245/1/2202 1246/2/2202 1236/3/2202
f 1013/1/2203 1110/2/2203 1152/3/2203
f 1183/1/2204 1217/2/2204 1121/3/2204
f 1228/1/2205 1240/2/2205 1247/3/2205
f 1235/1/2206 1246/2/2206 1244/3/2206
f 1246/1/2207 801/2/2207 1244/3/2207
f 1143/1/2208 1249/2/2208 1195/3/2208
f 801/1/2209 1246/2/2209 872/3/2209
f 1158/1/2210 1234/2/2210 1119/3/2210
f 1245/1/2211 872/2/2211 1246/3/2211
f 871/1/2212 872/2/2212 1245/3/2212
f 1114/1/2213 1251/2/2213 1166/3/2213
f 1157/1/2214 1251/2/2214 1114/3/2214
f 1227/1/2215 1250/2/2215 1233/3/2215
f 1166/1/2216 1196/2/2216 1108/3/2216
f 1111/1/2217 1163/2/2217 1184/3/2217
f 1188/1/2218 1252/2/2218 1148/3/2218
f 1099/1/2219 1253/2/2219 908/3/2219
f 908/1/2220 1253/2/2220 1147/3/2220
f 1224/1/2221 1237/2/2221 1248/3/2221
f 902/1/2222 1405/2/2222 1100/3/2222
f 1240/1/2223 1254/2/2223 1247/3/2223
f 1196/1/2224 1255/2/2224 1168/3/2224
f 1142/1/2225 1256/2/2225 1043/3/2225
f 1043/1/2226 1256/2/2226 1189/3/2226
f 1044/1/2227 1176/2/2227 1181/3/2227
f 1227/1/2228 1239/2/2228 1250/3/2228
f 1145/1/2229 1229/2/2229 1257/3/2229
f 1091/1/2230 1258/2/2230 1163/3/2230
f 1133/1/2231 1259/2/2231 1211/3/2231
f 1135/1/2232 1260/2/2232 1183/3/2232
f 1087/1/2233 1231/2/2233 1125/3/2233
f 1240/1/2234 2167/2/2234 1254/3/2234
f 1233/1/2235 1250/2/2235 1261/3/2235
f 1106/1/2236 1184/2/2236 1203/3/2236
f 1062/1/2237 1171/2/2237 1215/3/2237
f 1098/1/2238 1263/2/2238 1129/3/2238
f 1040/1/2239 1232/2/2239 1210/3/2239
f 1239/1/2240 1264/2/2240 1250/3/2240
f 1104/1/2241 1148/2/2241 1204/3/2241
f 1165/1/2242 1265/2/2242 1102/3/2242
f 1102/1/2243 1265/2/2243 1209/3/2243
f 1266/1/2244 1178/2/2244 1207/3/2244
f 1237/1/2245 1267/2/2245 1248/3/2245
f 1160/1/2246 1268/2/2246 1188/3/2246
f 1248/1/2247 1264/2/2247 1239/3/2247
f 1183/1/2248 1269/2/2248 1217/3/2248
f 1162/1/2249 1270/2/2249 1123/3/2249
f 1123/1/2250 1270/2/2250 1212/3/2250
f 984/1/2251 1271/2/2251 1098/3/2251
f 1166/1/2252 1272/2/2252 1196/3/2252
f 1248/1/2253 1273/2/2253 1264/3/2253
f 1247/1/2254 1267/2/2254 1237/3/2254
f 1120/1/2255 1168/2/2255 1230/3/2255
f 1107/1/2256 1304/2/2256 1220/3/2256
f 1218/1/2257 1304/2/2257 1107/3/2257
f 1250/1/2258 1264/2/2258 1261/3/2258
f 1163/1/2259 1274/2/2259 1184/3/2259
f 1254/1/2260 1275/2/2260 1247/3/2260
f 1247/1/2261 1275/2/2261 1267/3/2261
f 1248/1/2262 1267/2/2262 1273/3/2262
f 1158/1/2263 1276/2/2263 1234/3/2263
f 1118/1/2264 1277/2/2264 1186/3/2264
f 1070/1/2265 1203/2/2265 1208/3/2265
f 1066/1/2266 1279/2/2266 1159/3/2266
f 1167/1/2267 1278/2/2267 1118/3/2267
f 1177/1/2268 1279/2/2268 1066/3/2268
f 2167/1/2269 1280/2/2269 1254/3/2269
f 1254/1/2270 1280/2/2270 1275/3/2270
f 1145/1/2271 1198/2/2271 1229/3/2271
f 1175/1/2272 1259/2/2272 1133/3/2272
f 1085/1/2273 1213/2/2273 1232/3/2273
f 1172/1/2274 1282/2/2274 1169/3/2274
f 1146/1/2275 1258/2/2275 1091/3/2275
f 1188/1/2276 1283/2/2276 1252/3/2276
f 1987/1/2277 1284/2/2277 2125/3/2277
f 1143/1/2278 1285/2/2278 1249/3/2278
f 1204/1/2279 1285/2/2279 1143/3/2279
f 1262/1/2280 1280/2/2280 2167/3/2280
f 1267/1/2281 1286/2/2281 1273/3/2281
f 1077/1/2282 1242/2/2282 1241/3/2282
f 1148/1/2283 1287/2/2283 1204/3/2283
f 1178/1/2284 1288/2/2284 1149/3/2284
f 1199/1/2285 1289/2/2285 1150/3/2285
f 1150/1/2286 1289/2/2286 1175/3/2286
f 1130/1/2287 1238/2/2287 1199/3/2287
f 1273/1/2288 1297/2/2288 1264/3/2288
f 1262/1/2289 1290/2/2289 1280/3/2289
f 2125/1/2290 1290/2/2290 1262/3/2290
f 1192/1/2291 1291/2/2291 1156/3/2291
f 1234/1/2292 1268/2/2292 1160/3/2292
f 1230/1/2293 1292/2/2293 1193/3/2293
f 1216/1/2294 1251/2/2294 1157/3/2294
f 1087/1/2295 1215/2/2295 1231/3/2295
f 1156/1/2296 1293/2/2296 1191/3/2296
f 1099/1/2297 1294/2/2297 1253/3/2297
f 1139/1/2298 1294/2/2298 1099/3/2298
f 1251/1/2299 1272/2/2299 1166/3/2299
f 1140/1/2300 1296/2/2300 1063/3/2300
f 1063/1/2301 1296/2/2301 1213/3/2301
f 1264/1/2302 1297/2/2302 1261/3/2302
f 1103/1/2303 1298/2/2303 1243/3/2303
f 1149/1/2304 1298/2/2304 1103/3/2304
f 1275/1/2305 1299/2/2305 1267/3/2305
f 1284/1/2306 1300/2/2306 2125/3/2306
f 1175/1/2307 1301/2/2307 1259/3/2307
f 2125/1/2308 1300/2/2308 1290/3/2308
f 1191/1/2309 1302/2/2309 1171/3/2309
f 1168/1/2310 1303/2/2310 1230/3/2310
f 1078/1/2311 1305/2/2311 918/3/2311
f 1211/1/2312 1276/2/2312 1158/3/2312
f 1255/1/2313 1306/2/2313 1168/3/2313
f 1278/1/2314 1277/2/2314 1118/3/2314
f 1159/1/2315 1291/2/2315 1192/3/2315
f 1184/1/2316 1307/2/2316 1203/3/2316
f 1267/1/2317 1299/2/2317 1286/3/2317
f 1152/1/2318 1309/2/2318 1095/3/2318
f 1095/1/2319 1309/2/2319 1112/3/2319
f 1171/1/2320 1308/2/2320 1215/3/2320
f 1193/1/2321 1310/2/2321 1162/3/2321
f 1162/1/2322 1310/2/2322 1270/3/2322
f 1280/1/2323 1311/2/2323 1275/3/2323
f 1275/1/2324 1311/2/2324 1299/3/2324
f 1190/1/2325 1313/2/2325 1135/3/2325
f 1135/1/2326 1313/2/2326 1260/3/2326
f 1209/1/2327 1313/2/2327 1190/3/2327
f 1129/1/2328 1314/2/2328 1101/3/2328
f 1284/1/2329 1315/2/2329 1300/3/2329
f 1295/1/2330 1315/2/2330 1284/3/2330
f 1273/1/2331 1316/2/2331 1297/3/2331
f 1286/1/2332 1316/2/2332 1273/3/2332
f 1165/1/2333 1317/2/2333 1265/3/2333
f 1220/1/2334 1317/2/2334 1165/3/2334
f 1101/1/2335 1318/2/2335 1110/3/2335
f 1261/1/2336 1297/2/2336 1319/3/2336
f 1147/1/2337 1253/2/2337 1221/3/2337
f 1204/1/2338 1320/2/2338 1285/3/2338
f 1183/1/2339 1260/2/2339 1269/3/2339
f 1169/1/2340 1282/2/2340 1174/3/2340
f 1093/1/2341 1271/2/2341 984/3/2341
f 1295/1/2342 1312/2/2342 1315/3/2342
f 1146/1/2343 1321/2/2343 1258/3/2343
f 1179/1/2344 1321/2/2344 1146/3/2344
f 1142/1/2345 1208/2/2345 1256/3/2345
f 1181/1/2346 1323/2/2346 1076/3/2346
f 1076/1/2347 1323/2/2347 1205/3/2347
f 1290/1/2348 1324/2/2348 1280/3/2348
f 1280/1/2349 1324/2/2349 1311/3/2349
f 1125/1/2350 1325/2/2350 1206/3/2350
f 1212/1/2351 1326/2/2351 1177/3/2351
f 1177/1/2352 1326/2/2352 1279/3/2352
f 1134/1/2353 1195/2/2353 1167/3/2353
f 1252/1/2354 1327/2/2354 1148/3/2354
f 1148/1/2355 1327/2/2355 1287/3/2355
f 1251/1/2356 1328/2/2356 1272/3/2356
f 1299/1/2357 1329/2/2357 1286/3/2357
f 1305/1/2358 1164/2/2358 918/3/2358
f 1272/1/2359 1330/2/2359 1196/3/2359
f 1188/1/2360 1268/2/2360 1283/3/2360
f 1238/1/2361 1332/2/2361 1199/3/2361
f 1172/1/2362 1333/2/2362 1282/3/2362
f 1217/1/2363 1333/2/2363 1172/3/2363
f 1300/1/2364 1335/2/2364 1290/3/2364
f 1290/1/2365 1335/2/2365 1324/3/2365
f 1297/1/2366 1322/2/2366 1319/3/2366
f 1205/1/2367 1336/2/2367 1153/3/2367
f 1281/1/2368 1342/2/2368 1216/3/2368
f 1311/1/2369 1337/2/2369 1299/3/2369
f 1299/1/2370 1337/2/2370 1329/3/2370
f 1297/1/2371 1316/2/2371 1322/3/2371
f 1258/1/2372 1338/2/2372 1163/3/2372
f 1286/1/2373 1339/2/2373 1316/3/2373
f 1163/1/2374 1338/2/2374 1274/3/2374
f 1329/1/2375 1339/2/2375 1286/3/2375
f 1184/1/2376 1340/2/2376 1307/3/2376
f 1178/1/2377 5562/2/2377 1288/3/2377
f 1266/1/2378 5562/2/2378 1178/3/2378
f 1168/1/2379 1306/2/2379 1303/3/2379
f 1167/1/2380 1341/2/2380 1278/3/2380
f 1216/1/2381 1342/2/2381 1251/3/2381
f 1093/1/2382 1343/2/2382 1271/3/2382
f 1213/1/2383 1344/2/2383 1232/3/2383
f 1287/1/2384 1320/2/2384 1204/3/2384
f 1315/1/2385 1335/2/2385 1300/3/2385
f 1189/1/2386 1296/2/2386 1140/3/2386
f 1232/1/2387 1345/2/2387 1210/3/2387
f 1259/1/2388 1276/2/2388 1211/3/2388
f 1331/1/2389 1347/2/2389 1312/3/2389
f 1312/1/2390 1347/2/2390 1315/3/2390
f 1279/1/2391 1348/2/2391 1159/3/2391
f 1159/1/2392 1348/2/2392 1291/3/2392
f 1311/1/2393 1324/2/2393 1337/3/2393
f 1174/1/2394 1349/2/2394 1238/3/2394
f 902/1/2395 1202/2/2395 1405/3/2395
f 1315/1/2396 1350/2/2396 1335/3/2396
f 1206/1/2397 1351/2/2397 1039/3/2397
f 976/1/2398 1353/2/2398 1021/3/2398
f 1346/1/2399 1347/2/2399 1331/3/2399
f 1292/1/2400 1354/2/2400 1193/3/2400
f 1193/1/2401 1354/2/2401 1310/3/2401
f 1196/1/2402 1330/2/2402 1255/3/2402
f 1221/1/2403 1355/2/2403 1176/3/2403
f 1191/1/2404 1293/2/2404 1302/3/2404
f 1316/1/2405 1356/2/2405 1322/3/2405
f 1337/1/2406 1357/2/2406 1329/3/2406
f 1265/1/2407 1358/2/2407 1209/3/2407
f 1209/1/2408 1358/2/2408 1313/3/2408
f 1129/1/2409 1359/2/2409 1314/3/2409
f 1263/1/2410 1359/2/2410 1129/3/2410
f 1335/1/2411 1360/2/2411 1324/3/2411
f 1347/1/2412 1362/2/2412 1315/3/2412
f 1315/1/2413 1362/2/2413 1350/3/2413
f 1291/1/2414 1293/2/2414 1156/3/2414
f 1125/1/2415 1363/2/2415 1325/3/2415
f 1098/1/2416 1271/2/2416 1263/3/2416
f 1288/1/2417 1364/2/2417 1149/3/2417
f 1149/1/2418 1364/2/2418 1298/3/2418
f 1324/1/2419 1366/2/2419 1337/3/2419
f 1230/1/2420 1303/2/2420 1292/3/2420
f 1316/1/2421 1339/2/2421 1356/3/2421
f 1276/1/2422 1367/2/2422 1234/3/2422
f 1274/1/2423 1340/2/2423 1184/3/2423
f 1313/1/2424 1368/2/2424 1260/3/2424
f 1304/1/2425 1369/2/2425 1220/3/2425
f 1220/1/2426 1369/2/2426 1317/3/2426
f 1249/1/2427 1370/2/2427 1195/3/2427
f 1260/1/2428 1371/2/2428 1269/3/2428
f 1242/1/2429 1372/2/2429 1241/3/2429
f 1335/1/2430 1373/2/2430 1360/3/2430
f 1234/1/2431 1374/2/2431 1268/3/2431
f 1352/1/2432 1375/2/2432 1346/3/2432
f 1175/1/2433 1376/2/2433 1301/3/2433
f 1289/1/2434 1376/2/2434 1175/3/2434
f 1329/1/2435 1377/2/2435 1339/3/2435
f 1139/1/2436 1378/2/2436 1294/3/2436
f 1210/1/2437 1378/2/2437 1139/3/2437
f 1110/1/2438 1309/2/2438 1152/3/2438
f 1282/1/2439 1349/2/2439 1174/3/2439
f 1324/1/2440 1360/2/2440 1366/3/2440
f 1199/1/2441 1379/2/2441 1289/3/2441
f 1332/1/2442 1379/2/2442 1199/3/2442
f 1347/1/2443 1380/2/2443 1362/3/2443
f 1346/1/2444 1380/2/2444 1347/3/2444
f 1179/1/2445 1381/2/2445 1321/3/2445
f 1243/1/2446 1381/2/2446 1179/3/2446
f 1335/1/2447 1382/2/2447 1373/3/2447
f 1217/1/2448 1383/2/2448 1333/3/2448
f 1350/1/2449 1382/2/2449 1335/3/2449
f 1269/1/2450 1383/2/2450 1217/3/2450
f 1375/1/2451 1385/2/2451 1346/3/2451
f 1198/1/2452 1386/2/2452 1229/3/2452
f 1078/1/2453 1225/2/2453 1305/3/2453
f 1291/1/2454 1387/2/2454 1293/3/2454
f 1231/1/2455 1363/2/2455 1125/3/2455
f 1186/1/2456 1353/2/2456 976/3/2456
f 1195/1/2457 1341/2/2457 1167/3/2457
f 1329/1/2458 1357/2/2458 1377/3/2458
f 1238/1/2459 1349/2/2459 1332/3/2459
f 1203/1/2460 1388/2/2460 1208/3/2460
f 1212/1/2461 1389/2/2461 1326/3/2461
f 1270/1/2462 1389/2/2462 1212/3/2462
f 1176/1/2463 1390/2/2463 1181/3/2463
f 1181/1/2464 1390/2/2464 1323/3/2464
f 1309/1/2465 1391/2/2465 1112/3/2465
f 1272/1/2466 1328/2/2466 1330/3/2466
f 1253/1/2467 1393/2/2467 1221/3/2467
f 1322/1/2468 1392/2/2468 1319/3/2468
f 1319/1/2469 1392/2/2469 1394/3/2469
f 1333/1/2470 1365/2/2470 1282/3/2470
f 1171/1/2471 1302/2/2471 1308/3/2471
f 1346/1/2472 1385/2/2472 1380/3/2472
f 1255/1/2473 1395/2/2473 1306/3/2473
f 1281/1/2474 1396/2/2474 1342/3/2474
f 1339/1/2475 1377/2/2475 1356/3/2475
f 1397/1/2476 1385/2/2476 1375/3/2476
f 1323/1/2477 1336/2/2477 1205/3/2477
f 1359/1/2478 1398/2/2478 1314/3/2478
f 1353/1/2479 1399/2/2479 1021/3/2479
f 1350/1/2480 1400/2/2480 1382/3/2480
f 1362/1/2481 1400/2/2481 1350/3/2481
f 1259/1/2482 1401/2/2482 1276/3/2482
f 1301/1/2483 1401/2/2483 1259/3/2483
f 1356/1/2484 1392/2/2484 1322/3/2484
f 1279/1/2485 1402/2/2485 1348/3/2485
f 1326/1/2486 1402/2/2486 1279/3/2486
f 5562/1/2487 1364/2/2487 1288/3/2487
f 1313/1/2488 1403/2/2488 1368/3/2488
f 1101/1/2489 1314/2/2489 1318/3/2489
f 1153/1/2490 1404/2/2490 1093/3/2490
f 1093/1/2491 1404/2/2491 1343/3/2491
f 1100/1/2492 1405/2/2492 1144/3/2492
f 1208/1/2493 1406/2/2493 1256/3/2493
f 1366/1/2494 1407/2/2494 1337/3/2494
f 1337/1/2495 1407/2/2495 1357/3/2495
f 1342/1/2496 1408/2/2496 1251/3/2496
f 1251/1/2497 1408/2/2497 1328/3/2497
f 1282/1/2498 1365/2/2498 1349/3/2498
f 1338/1/2499 1340/2/2499 1274/3/2499
f 1357/1/2500 1409/2/2500 1377/3/2500
f 1164/1/2501 1305/2/2501 1384/3/2501
f 1258/1/2502 1410/2/2502 1338/3/2502
f 1229/1/2503 1361/2/2503 1257/3/2503
f 1283/1/2504 1411/2/2504 1252/3/2504
f 1252/1/2505 1411/2/2505 1327/3/2505
f 1360/1/2506 1412/2/2506 1366/3/2506
f 1144/1/2507 1445/2/2507 1242/3/2507
f 1296/1/2508 1413/2/2508 1213/3/2508
f 1213/1/2509 1413/2/2509 1344/3/2509
f 1373/1/2510 1412/2/2510 1360/3/2510
f 1289/1/2511 1414/2/2511 1376/3/2511
f 1189/1/2512 1415/2/2512 1296/3/2512
f 1256/1/2513 1415/2/2513 1189/3/2513
f 1112/1/2514 1386/2/2514 1198/3/2514
f 1377/1/2515 1417/2/2515 1356/3/2515
f 1380/1/2516 1419/2/2516 1362/3/2516
f 1362/1/2517 1419/2/2517 1400/3/2517
f 1397/1/2518 1420/2/2518 1385/3/2518
f 1366/1/2519 1412/2/2519 1407/3/2519
f 1328/1/2520 1423/2/2520 1330/3/2520
f 1285/1/2521 1424/2/2521 1249/3/2521
f 1249/1/2522 1424/2/2522 1370/3/2522
f 1320/1/2523 1425/2/2523 1285/3/2523
f 1327/1/2524 1426/2/2524 1287/3/2524
f 1334/1/2525 1396/2/2525 1281/3/2525
f 1358/1/2526 1403/2/2526 1313/3/2526
f 1477/1/2527 1364/2/2527 5562/3/2527
f 1268/1/2528 1427/2/2528 1283/3/2528
f 1374/1/2529 1427/2/2529 1268/3/2529
f 1318/1/2530 1428/2/2530 1110/3/2530
f 1110/1/2531 1428/2/2531 1309/3/2531
f 1400/1/2532 1429/2/2532 1382/3/2532
f 1210/1/2533 1345/2/2533 1378/3/2533
f 1260/1/2534 1368/2/2534 1371/3/2534
f 1330/1/2535 1395/2/2535 1255/3/2535
f 1377/1/2536 1409/2/2536 1417/3/2536
f 1385/1/2537 1419/2/2537 1380/3/2537
f 1232/1/2538 1344/2/2538 1345/3/2538
f 1310/1/2539 1389/2/2539 1270/3/2539
f 1195/1/2540 1370/2/2540 1341/3/2540
f 1397/1/2541 1430/2/2541 1420/3/2541
f 1431/1/2542 1430/2/2542 1397/3/2542
f 1269/1/2543 1371/2/2543 1383/3/2543
f 1385/1/2544 1420/2/2544 1422/3/2544
f 1303/1/2545 1432/2/2545 1292/3/2545
f 1292/1/2546 1432/2/2546 1354/3/2546
f 1355/1/2547 1390/2/2547 1176/3/2547
f 1215/1/2548 1433/2/2548 1231/3/2548
f 1231/1/2549 1433/2/2549 1363/3/2549
f 1419/1/2550 1434/2/2550 1400/3/2550
f 1367/1/2551 1374/2/2551 1234/3/2551
f 1385/1/2552 1422/2/2552 1419/3/2552
f 1338/1/2553 1435/2/2553 1340/3/2553
f 1369/1/2554 1437/2/2554 1317/3/2554
f 1412/1/2555 1436/2/2555 1407/3/2555
f 1263/1/2556 1438/2/2556 1359/3/2556
f 1271/1/2557 1438/2/2557 1263/3/2557
f 1356/1/2558 1439/2/2558 1392/3/2558
f 1321/1/2559 1410/2/2559 1258/3/2559
f 1332/1/2560 1440/2/2560 1379/3/2560
f 1349/1/2561 1440/2/2561 1332/3/2561
f 1265/1/2562 1441/2/2562 1358/3/2562
f 1317/1/2563 1441/2/2563 1265/3/2563
f 1408/1/2564 1421/2/2564 1328/3/2564
f 1382/1/2565 1442/2/2565 1373/3/2565
f 1373/1/2566 1442/2/2566 1412/3/2566
f 1365/1/2567 1444/2/2567 1349/3/2567
f 1407/1/2568 1446/2/2568 1357/3/2568
f 1307/1/2569 1388/2/2569 1203/3/2569
f 1298/1/2570 1381/2/2570 1243/3/2570
f 1409/1/2571 1447/2/2571 1417/3/2571
f 1358/1/2572 1448/2/2572 1403/3/2572
f 1229/1/2573 1418/2/2573 1361/3/2573
f 1356/1/2574 1417/2/2574 1439/3/2574
f 1421/1/2575 1423/2/2575 1328/3/2575
f 1334/1/2576 1449/2/2576 1396/3/2576
f 1294/1/2577 1450/2/2577 1253/3/2577
f 1253/1/2578 1450/2/2578 1393/3/2578
f 1257/1/2579 1451/2/2579 1122/3/2579
f 1277/1/2580 1452/2/2580 1186/3/2580
f 1039/1/2581 1453/2/2581 1202/3/2581
f 1021/1/2582 1399/2/2582 1225/3/2582
f 1293/1/2583 1454/2/2583 1302/3/2583
f 1283/1/2584 1427/2/2584 1411/3/2584
f 1420/1/2585 1455/2/2585 1422/3/2585
f 1296/1/2586 1456/2/2586 1413/3/2586
f 1320/1/2587 1457/2/2587 1425/3/2587
f 1391/1/2588 1386/2/2588 1112/3/2588
f 1287/1/2589 1457/2/2589 1320/3/2589
f 1429/1/2590 1458/2/2590 1382/3/2590
f 1382/1/2591 1458/2/2591 1442/3/2591
f 1434/1/2592 1429/2/2592 1400/3/2592
f 1422/1/2593 1464/2/2593 1419/3/2593
f 1370/1/2594 1459/2/2594 1341/3/2594
f 1330/1/2595 1462/2/2595 1395/3/2595
f 1336/1/2596 1461/2/2596 1153/3/2596
f 1153/1/2597 1461/2/2597 1404/3/2597
f 1342/1/2598 1396/2/2598 1408/3/2598
f 1276/1/2599 1463/2/2599 1367/3/2599
f 1401/1/2600 1463/2/2600 1276/3/2600
f 1407/1/2601 1436/2/2601 1446/3/2601
f 1291/1/2602 1348/2/2602 1387/3/2602
f 1221/1/2603 1393/2/2603 1355/3/2603
f 1419/1/2604 1464/2/2604 1434/3/2604
f 1306/1/2605 1395/2/2605 1303/3/2605
f 1389/1/2606 1465/2/2606 1326/3/2606
f 1327/1/2607 1411/2/2607 1426/3/2607
f 1326/1/2608 1465/2/2608 1402/3/2608
f 1310/1/2609 1467/2/2609 1389/3/2609
f 1289/1/2610 1468/2/2610 1414/3/2610
f 1379/1/2611 1468/2/2611 1289/3/2611
f 1376/1/2612 1469/2/2612 1301/3/2612
f 1301/1/2613 1469/2/2613 1401/3/2613
f 1431/1/2614 1460/2/2614 1430/3/2614
f 1383/1/2615 1470/2/2615 1333/3/2615
f 1257/1/2616 1471/2/2616 1451/3/2616
f 1144/1/2617 1405/2/2617 1445/3/2617
f 1298/1/2618 1472/2/2618 1381/3/2618
f 1430/1/2619 1474/2/2619 1420/3/2619
f 1381/1/2620 1473/2/2620 1321/3/2620
f 1420/1/2621 1474/2/2621 1455/3/2621
f 1445/1/2622 1372/2/2622 1242/3/2622
f 1303/1/2623 1476/2/2623 1432/3/2623
f 1357/1/2624 1447/2/2624 1409/3/2624
f 1285/1/2625 1425/2/2625 1424/3/2625
f 1388/1/2626 1478/2/2626 1208/3/2626
f 1208/1/2627 1478/2/2627 1406/3/2627
f 1367/1/2628 1479/2/2628 1374/3/2628
f 1333/1/2629 1480/2/2629 1365/3/2629
f 1422/1/2630 1455/2/2630 1464/3/2630
f 1412/1/2631 1481/2/2631 1436/3/2631
f 1416/1/2632 1449/2/2632 1334/3/2632
f 1434/1/2633 1482/2/2633 1429/3/2633
f 1357/1/2634 1446/2/2634 1447/3/2634
f 1354/1/2635 1467/2/2635 1310/3/2635
f 1427/1/2636 1483/2/2636 1411/3/2636
f 1308/1/2637 1484/2/2637 1215/3/2637
f 1256/1/2638 1406/2/2638 1415/3/2638
f 1215/1/2639 1484/2/2639 1433/3/2639
f 1355/1/2640 1485/2/2640 1390/3/2640
f 1348/1/2641 1486/2/2641 1387/3/2641
f 1368/1/2642 1487/2/2642 1371/3/2642
f 1442/1/2643 1488/2/2643 1412/3/2643
f 1412/1/2644 1488/2/2644 1481/3/2644
f 1271/1/2645 1489/2/2645 1438/3/2645
f 1206/1/2646 1325/2/2646 1351/3/2646
f 1423/1/2647 1462/2/2647 1330/3/2647
f 1229/1/2648 1490/2/2648 1418/3/2648
f 1430/1/2649 1491/2/2649 1474/3/2649
f 1460/1/2650 1491/2/2650 1430/3/2650
f 1387/1/2651 1492/2/2651 1293/3/2651
f 1293/1/2652 1492/2/2652 1454/3/2652
f 1186/1/2653 1452/2/2653 1353/3/2653
f 1429/1/2654 1493/2/2654 1458/3/2654
f 1371/1/2655 1470/2/2655 1383/3/2655
f 1349/1/2656 1444/2/2656 1440/3/2656
f 1408/1/2657 1494/2/2657 1421/3/2657
f 1287/1/2658 1426/2/2658 1457/3/2658
f 1437/1/2659 1441/2/2659 1317/3/2659
f 1351/1/2660 1495/2/2660 1039/3/2660
f 1039/1/2661 1495/2/2661 1453/3/2661
f 1472/1/2662 1496/2/2662 1381/3/2662
f 1434/1/2663 1497/2/2663 1482/3/2663
f 1464/1/2664 1497/2/2664 1434/3/2664
f 1436/1/2665 1498/2/2665 1446/3/2665
f 1417/1/2666 1499/2/2666 1439/3/2666
f 1441/1/2667 1500/2/2667 1358/3/2667
f 1358/1/2668 1500/2/2668 1448/3/2668
f 1414/1/2669 1469/2/2669 1376/3/2669
f 1466/1/2670 1378/2/2670 1345/3/2670
f 1459/1/2671 1501/2/2671 1341/3/2671
f 1321/1/2672 1473/2/2672 1410/3/2672
f 1429/1/2673 1482/2/2673 1493/3/2673
f 1410/1/2674 1435/2/2674 1338/3/2674
f 1241/1/2675 943/2/2675 1475/3/2675
f 1442/1/2676 1458/2/2676 1488/3/2676
f 1309/1/2677 1428/2/2677 1391/3/2677
f 1392/1/2678 1439/2/2678 1394/3/2678
f 1257/1/2679 1361/2/2679 1471/3/2679
f 1416/1/2680 1502/2/2680 1449/3/2680
f 1318/1/2681 1503/2/2681 1428/3/2681
f 1314/1/2682 1503/2/2682 1318/3/2682
f 1365/1/2683 1480/2/2683 1444/3/2683
f 1307/1/2684 1504/2/2684 1388/3/2684
f 1345/1/2685 1505/2/2685 1466/3/2685
f 1344/1/2686 1505/2/2686 1345/3/2686
f 1403/1/2687 1487/2/2687 1368/3/2687
f 1374/1/2688 1507/2/2688 1427/3/2688
f 1343/1/2689 1489/2/2689 1271/3/2689
f 1447/1/2690 1508/2/2690 1417/3/2690
f 1417/1/2691 1508/2/2691 1499/3/2691
f 1437/1/2692 1525/2/2692 1441/3/2692
f 2052/1/2693 1509/2/2693 1460/3/2693
f 1460/1/2694 1509/2/2694 1491/3/2694
f 1364/1/2695 1472/2/2695 1298/3/2695
f 1477/1/2696 1472/2/2696 1364/3/2696
f 1305/1/2697 1510/2/2697 1384/3/2697
f 1371/1/2698 1511/2/2698 1470/3/2698
f 1379/1/2699 1440/2/2699 1468/3/2699
f 1436/1/2700 1481/2/2700 1498/3/2700
f 1444/1/2701 1512/2/2701 1440/3/2701
f 1367/1/2702 1463/2/2702 1479/3/2702
f 1415/1/2703 1513/2/2703 1296/3/2703
f 1296/1/2704 1513/2/2704 1456/3/2704
f 1396/1/2705 1494/2/2705 1408/3/2705
f 1333/1/2706 1470/2/2706 1480/3/2706
f 1455/1/2707 1515/2/2707 1464/3/2707
f 1464/1/2708 1515/2/2708 1497/3/2708
f 1378/1/2709 1516/2/2709 1294/3/2709
f 1294/1/2710 1516/2/2710 1450/3/2710
f 1439/1/2711 1517/2/2711 1394/3/2711
f 1469/1/2712 1518/2/2712 1401/3/2712
f 1401/1/2713 1518/2/2713 1463/3/2713
f 1447/1/2714 1519/2/2714 1508/3/2714
f 1388/1/2715 1520/2/2715 1478/3/2715
f 1491/1/2716 1521/2/2716 1474/3/2716
f 1395/1/2717 1522/2/2717 1303/3/2717
f 1303/1/2718 1522/2/2718 1476/3/2718
f 1278/1/2719 1523/2/2719 1277/3/2719
f 1411/1/2720 1524/2/2720 1426/3/2720
f 1381/1/2721 1496/2/2721 1473/3/2721
f 1465/1/2722 1526/2/2722 1402/3/2722
f 1355/1/2723 1527/2/2723 1485/3/2723
f 1393/1/2724 1527/2/2724 1355/3/2724
f 1402/1/2725 1528/2/2725 1348/3/2725
f 1348/1/2726 1528/2/2726 1486/3/2726
f 1308/1/2727 1529/2/2727 1484/3/2727
f 1410/1/2728 1530/2/2728 1435/3/2728
f 1302/1/2729 1529/2/2729 1308/3/2729
f 1446/1/2730 1519/2/2730 1447/3/2730
f 1427/1/2731 1531/2/2731 1483/3/2731
f 1443/1/2732 1532/2/2732 1416/3/2732
f 1416/1/2733 1532/2/2733 1502/3/2733
f 1467/1/2734 1533/2/2734 1389/3/2734
f 1487/1/2735 1511/2/2735 1371/3/2735
f 1384/1/2736 1510/2/2736 1534/3/2736
f 1340/1/2737 1504/2/2737 1307/3/2737
f 1477/1/2738 1536/2/2738 1472/3/2738
f 1439/1/2739 1499/2/2739 1517/3/2739
f 1506/1/2740 1537/2/2740 2052/3/2740
f 1387/1/2741 1486/2/2741 1492/3/2741
f 1455/1/2742 1540/2/2742 1515/3/2742
f 1474/1/2743 1540/2/2743 1455/3/2743
f 1411/1/2744 1483/2/2744 1524/3/2744
f 1468/1/2745 1541/2/2745 1414/3/2745
f 1414/1/2746 1541/2/2746 1469/3/2746
f 1479/1/2747 1542/2/2747 1374/3/2747
f 1458/1/2748 1543/2/2748 1488/3/2748
f 1374/1/2749 1542/2/2749 1507/3/2749
f 1396/1/2750 1544/2/2750 1494/3/2750
f 1323/1/2751 1545/2/2751 1336/3/2751
f 1449/1/2752 1544/2/2752 1396/3/2752
f 1336/1/2753 1545/2/2753 1461/3/2753
f 1441/1/2754 1546/2/2754 1500/3/2754
f 1277/1/2755 1523/2/2755 1452/3/2755
f 1225/1/2756 1510/2/2756 1305/3/2756
f 1370/1/2757 1424/2/2757 1459/3/2757
f 1482/1/2758 1547/2/2758 1493/3/2758
f 1497/1/2759 1547/2/2759 1482/3/2759
f 1406/1/2760 1548/2/2760 1415/3/2760
f 1391/1/2761 1549/2/2761 1386/3/2761
f 1341/1/2762 1550/2/2762 1278/3/2762
f 1501/1/2763 1550/2/2763 1341/3/2763
f 1448/1/2764 1551/2/2764 1403/3/2764
f 1403/1/2765 1551/2/2765 1487/3/2765
f 1470/1/2766 1552/2/2766 1480/3/2766
f 1390/1/2767 1545/2/2767 1323/3/2767
f 1229/1/2768 1386/2/2768 1490/3/2768
f 1480/1/2769 1554/2/2769 1444/3/2769
f 1537/1/2770 1509/2/2770 2052/3/2770
f 1398/1/2771 1555/2/2771 1314/3/2771
f 1314/1/2772 1555/2/2772 1503/3/2772
f 1509/1/2773 1556/2/2773 1491/3/2773
f 1491/1/2774 1556/2/2774 1521/3/2774
f 1446/1/2775 1498/2/2775 1519/3/2775
f 1399/1/2776 1557/2/2776 1225/3/2776
f 1507/1/2777 1531/2/2777 1427/3/2777
f 1325/1/2778 961/2/2778 1351/3/2778
f 1435/1/2779 1558/2/2779 1340/3/2779
f 1354/1/2780 1559/2/2780 1467/3/2780
f 1432/1/2781 1559/2/2781 1354/3/2781
f 1473/1/2782 1530/2/2782 1410/3/2782
f 1496/1/2783 1514/2/2783 1473/3/2783
f 1463/1/2784 1560/2/2784 1479/3/2784
f 1493/1/2785 1543/2/2785 1458/3/2785
f 1404/1/2786 1561/2/2786 1343/3/2786
f 1343/1/2787 1561/2/2787 1489/3/2787
f 1512/1/2788 1562/2/2788 1440/3/2788
f 1421/1/2789 1563/2/2789 1423/3/2789
f 1525/1/2790 1546/2/2790 1441/3/2790
f 1389/1/2791 1533/2/2791 1465/3/2791
f 1340/1/2792 1558/2/2792 1504/3/2792
f 1344/1/2793 1565/2/2793 1505/3/2793
f 1413/1/2794 1565/2/2794 1344/3/2794
f 1474/1/2795 1566/2/2795 1540/3/2795
f 1521/1/2796 1566/2/2796 1474/3/2796
f 1485/1/2797 1539/2/2797 1390/3/2797
f 1378/1/2798 1567/2/2798 1516/3/2798
f 1481/1/2799 1568/2/2799 1498/3/2799
f 1426/1/2800 1569/2/2800 1457/3/2800
f 1225/1/2801 1557/2/2801 1510/3/2801
f 1493/1/2802 1570/2/2802 1543/3/2802
f 1539/1/2803 1545/2/2803 1390/3/2803
f 1486/1/2804 1571/2/2804 1492/3/2804
f 1554/1/2805 1512/2/2805 1444/3/2805
f 1518/1/2806 1553/2/2806 1463/3/2806
f 1487/1/2807 1572/2/2807 1511/3/2807
f 1440/1/2808 1573/2/2808 1468/3/2808
f 1515/1/2809 1574/2/2809 1497/3/2809
f 1497/1/2810 1574/2/2810 1547/3/2810
f 1423/1/2811 1575/2/2811 1462/3/2811
f 1535/1/2812 1576/2/2812 1506/3/2812
f 1278/1/2813 1550/2/2813 1523/3/2813
f 1504/1/2814 1578/2/2814 1388/3/2814
f 1388/1/2815 1578/2/2815 1520/3/2815
f 1479/1/2816 1560/2/2816 1542/3/2816
f 1450/1/2817 1527/2/2817 1393/3/2817
f 1538/1/2818 1579/2/2818 1443/3/2818
f 1443/1/2819 1579/2/2819 1532/3/2819
f 1509/1/2820 1580/2/2820 1556/3/2820
f 1424/1/2821 1581/2/2821 1459/3/2821
f 1459/1/2822 1581/2/2822 1564/3/2822
f 1415/1/2823 1548/2/2823 1513/3/2823
f 1462/1/2824 1582/2/2824 1395/3/2824
f 1395/1/2825 1582/2/2825 1522/3/2825
f 1494/1/2826 1563/2/2826 1421/3/2826
f 1488/1/2827 1568/2/2827 1481/3/2827
f 961/1/2828 1495/2/2828 1351/3/2828
f 1473/1/2829 1584/2/2829 1530/3/2829
f 1302/1/2830 936/2/2830 1529/3/2830
f 1454/1/2831 936/2/2831 1302/3/2831
f 1468/1/2832 1585/2/2832 1541/3/2832
f 1586/1/2833 1577/2/2833 1535/3/2833
f 1536/1/2834 1588/2/2834 1472/3/2834
f 1472/1/2835 1588/2/2835 1496/3/2835
f 1480/1/2836 1552/2/2836 1554/3/2836
f 1500/1/2837 1589/2/2837 1448/3/2837
f 1448/1/2838 1589/2/2838 1551/3/2838
f 1553/1/2839 1560/2/2839 1463/3/2839
f 1476/1/2840 1559/2/2840 1432/3/2840
f 1547/1/2841 1570/2/2841 1493/3/2841
f 1402/1/2842 1526/2/2842 1528/3/2842
f 1525/1/2843 1590/2/2843 1546/3/2843
f 1325/1/2844 1363/2/2844 961/3/2844
f 1469/1/2845 1541/2/2845 1518/3/2845
f 1425/1/2846 1591/2/2846 1424/3/2846
f 1457/1/2847 1591/2/2847 1425/3/2847
f 1361/1/2848 1418/2/2848 1471/3/2848
f 1521/1/2849 1556/2/2849 1566/3/2849
f 1490/1/2850 903/2/2850 1418/3/2850
f 1535/1/2851 1577/2/2851 1576/3/2851
f 1527/1/2852 998/2/2852 1485/3/2852
f 1506/1/2853 1576/2/2853 1537/3/2853
f 1449/1/2854 1594/2/2854 1544/3/2854
f 1512/1/2855 1595/2/2855 1562/3/2855
f 1466/1/2856 1567/2/2856 1378/3/2856
f 1551/1/2857 1572/2/2857 1487/3/2857
f 1562/1/2858 1573/2/2858 1440/3/2858
f 1540/1/2859 1574/2/2859 1515/3/2859
f 1518/1/2860 1596/2/2860 1553/3/2860
f 1509/1/2861 1537/2/2861 1580/3/2861
f 1547/1/2862 1583/2/2862 1570/3/2862
f 1428/1/2863 1597/2/2863 1391/3/2863
f 1413/1/2864 991/2/2864 1565/3/2864
f 1456/1/2865 991/2/2865 1413/3/2865
f 1488/1/2866 1598/2/2866 1568/3/2866
f 1473/1/2867 1514/2/2867 1584/3/2867
f 1543/1/2868 1598/2/2868 1488/3/2868
f 1549/1/2869 940/2/2869 1386/3/2869
f 1524/1/2870 1569/2/2870 1426/3/2870
f 1459/1/2871 1564/2/2871 1501/3/2871
f 1406/1/2872 952/2/2872 1548/3/2872
f 1478/1/2873 952/2/2873 1406/3/2873
f 1386/1/2874 940/2/2874 1490/3/2874
f 1461/1/2875 1000/2/2875 1404/3/2875
f 1404/1/2876 1000/2/2876 1561/3/2876
f 1551/1/2877 1599/2/2877 1572/3/2877
f 1573/1/2878 1585/2/2878 1468/3/2878
f 1533/1/2879 1526/2/2879 1465/3/2879
f 1498/1/2880 902/2/2880 1519/3/2880
f 1519/1/2881 902/2/2881 1587/3/2881
f 1483/1/2882 1531/2/2882 1524/3/2882
f 1494/1/2883 920/2/2883 1563/3/2883
f 1511/1/2884 1601/2/2884 1470/3/2884
f 1470/1/2885 1601/2/2885 1552/3/2885
f 1435/1/2886 1530/2/2886 1558/3/2886
f 1359/1/2887 1555/2/2887 1398/3/2887
f 1499/1/2888 950/2/2888 1517/3/2888
f 1466/1/2889 1002/2/2889 1567/3/2889
f 1486/1/2890 926/2/2890 1571/3/2890
f 1528/1/2891 926/2/2891 1486/3/2891
f 1555/1/2892 910/2/2892 1503/3/2892
f 1241/1/2893 1372/2/2893 943/3/2893
f 1467/1/2894 1593/2/2894 1533/3/2894
f 1399/1/2895 1602/2/2895 1557/3/2895
f 1454/1/2896 948/2/2896 936/3/2896
f 1492/1/2897 948/2/2897 1454/3/2897
f 1423/1/2898 1563/2/2898 1575/3/2898
f 1502/1/2899 1594/2/2899 1449/3/2899
f 1556/1/2900 1603/2/2900 1566/3/2900
f 1532/1/2901 1594/2/2901 1502/3/2901
f 1559/1/2902 1593/2/2902 1467/3/2902
f 1574/1/2903 1604/2/2903 1547/3/2903
f 1547/1/2904 1604/2/2904 1583/3/2904
f 1577/1/2905 1605/2/2905 1576/3/2905
f 1545/1/2906 1606/2/2906 1461/3/2906
f 1540/1/2907 1607/2/2907 1574/3/2907
f 1566/1/2908 1607/2/2908 1540/3/2908
f 1510/1/2909 1557/2/2909 1534/3/2909
f 1503/1/2910 1597/2/2910 1428/3/2910
f 1552/1/2911 1600/2/2911 1554/3/2911
f 1568/1/2912 1608/2/2912 1498/3/2912
f 1451/1/2913 974/2/2913 1122/3/2913
f 1391/1/2914 1597/2/2914 1549/3/2914
f 943/1/2915 1013/2/2915 1475/3/2915
f 1537/1/2916 1609/2/2916 1580/3/2916
f 1500/1/2917 1610/2/2917 1589/3/2917
f 1546/1/2918 1610/2/2918 1500/3/2918
f 1554/1/2919 1611/2/2919 1512/3/2919
f 1512/1/2920 1611/2/2920 1595/3/2920
f 1504/1/2921 1020/2/2921 1578/3/2921
f 1558/1/2922 1020/2/2922 1504/3/2922
f 1553/1/2923 1612/2/2923 1560/3/2923
f 1613/1/2924 919/2/2924 1586/3/2924
f 1586/1/2925 919/2/2925 1577/3/2925
f 1589/1/2926 1599/2/2926 1551/3/2926
f 1538/1/2927 939/2/2927 1579/3/2927
f 1592/1/2928 939/2/2928 1538/3/2928
f 1543/1/2929 1614/2/2929 1598/3/2929
f 1505/1/2930 1002/2/2930 1466/3/2930
f 1570/1/2931 1614/2/2931 1543/3/2931
f 1457/1/2932 896/2/2932 1591/3/2932
f 1452/1/2933 929/2/2933 1353/3/2933
f 1615/1/2934 1546/2/2934 1590/3/2934
f 1499/1/2935 971/2/2935 950/3/2935
f 1564/1/2936 924/2/2936 1501/3/2936
f 1544/1/2883 920/2/2883 1494/3/2883
f 1581/1/2937 941/2/2937 1564/3/2937
f 1496/1/2938 1616/2/2938 1514/3/2938
f 1596/1/2939 958/2/2939 1553/3/2939
f 1541/1/2940 1596/2/2940 1518/3/2940
f 1533/1/2941 904/2/2941 1526/3/2941
f 1527/1/2942 937/2/2942 998/3/2942
f 1462/1/2943 1575/2/2943 1582/3/2943
f 1498/1/2944 1608/2/2944 902/3/2944
f 1476/1/2945 1617/2/2945 1559/3/2945
f 1516/1/2946 928/2/2946 1450/3/2946
f 1522/1/2947 1617/2/2947 1476/3/2947
f 1450/1/2948 928/2/2948 1527/3/2948
f 1556/1/2949 1618/2/2949 1603/3/2949
f 1580/1/2950 1618/2/2950 1556/3/2950
f 1445/1/2951 1030/2/2951 1372/3/2951
f 1530/1/2952 983/2/2952 1558/3/2952
f 1557/1/2953 1619/2/2953 1534/3/2953
f 1568/1/2954 907/2/2954 1608/3/2954
f 1572/1/2955 1620/2/2955 1511/3/2955
f 1511/1/2956 1620/2/2956 1601/3/2956
f 1552/1/2957 1601/2/2957 1600/3/2957
f 1548/1/2958 1012/2/2958 1513/3/2958
f 1353/1/2959 929/2/2959 1399/3/2959
f 1560/1/2960 1621/2/2960 1542/3/2960
f 1532/1/2961 981/2/2961 1594/3/2961
f 1574/1/2962 1622/2/2962 1604/3/2962
f 1363/1/2963 1005/2/2963 961/3/2963
f 1520/1/2964 952/2/2964 1478/3/2964
f 1489/1/2965 1561/2/2965 1438/3/2965
f 1438/1/2966 995/2/2966 1359/3/2966
f 1359/1/2967 995/2/2967 1555/3/2967
f 1461/1/2968 979/2/2968 1000/3/2968
f 1508/1/2969 971/2/2969 1499/3/2969
f 1456/1/2970 990/2/2970 991/3/2970
f 1513/1/2971 990/2/2971 1456/3/2971
f 1537/1/2972 897/2/2972 1609/3/2972
f 1576/1/2973 897/2/2973 1537/3/2973
f 1569/1/2974 896/2/2974 1457/3/2974
f 1485/1/2975 998/2/2975 1539/3/2975
f 1606/1/2976 979/2/2976 1461/3/2976
f 1363/1/2977 932/2/2977 1005/3/2977
f 1433/1/2978 932/2/2978 1363/3/2978
f 1566/1/2979 1603/2/2979 1607/3/2979
f 958/1/2980 1612/2/2980 1553/3/2980
f 1615/1/2981 1610/2/2981 1546/3/2981
f 1541/1/2982 988/2/2982 1596/3/2982
f 1507/1/2983 1009/2/2983 1531/3/2983
f 1559/1/2984 975/2/2984 1593/3/2984
f 1562/1/2985 900/2/2985 1573/3/2985
f 1570/1/2986 942/2/2986 1614/3/2986
f 1514/1/2987 1616/2/2987 1584/3/2987
f 1534/1/2988 1619/2/2988 1049/3/2988
f 1202/1/2989 913/2/2989 1405/3/2989
f 1519/1/2990 971/2/2990 1508/3/2990
f 1544/1/2991 1036/2/2991 920/3/2991
f 1545/1/2992 921/2/2992 1606/3/2992
f 1580/1/2993 1609/2/2993 1618/3/2993
f 1577/1/2994 919/2/2994 1605/3/2994
f 896/1/2995 922/2/2995 1591/3/2995
f 1503/1/2996 910/2/2996 1597/3/2996
f 1598/1/2997 907/2/2997 1568/3/2997
f 1554/1/2998 1600/2/2998 1611/3/2998
f 1524/1/2999 969/2/2999 1569/3/2999
f 1583/1/3000 942/2/3000 1570/3/3000
f 1612/1/3001 1621/2/3001 1560/3/3001
f 1542/1/3002 1009/2/3002 1507/3/3002
f 1610/1/3003 933/2/3003 1589/3/3003
f 1589/1/3004 933/2/3004 1599/3/3004
f 1605/1/3005 897/2/3005 1576/3/3005
f 1539/1/3006 921/2/3006 1545/3/3006
f 1573/1/3007 985/2/3007 1585/3/3007
f 1519/1/3008 989/2/3008 971/3/3008
f 1579/1/3009 981/2/3009 1532/3/3009
f 1595/1/3010 900/2/3010 1562/3/3010
f 979/1/3011 915/2/3011 1000/3/3011
f 1531/1/3012 956/2/3012 1524/3/3012
f 1574/1/3013 957/2/3013 1622/3/3013
f 1607/1/3014 957/2/3014 1574/3/3014
f 1591/1/3015 996/2/3015 1424/3/3015
f 1424/1/3016 996/2/3016 1581/3/3016
f 1528/1/3017 1026/2/3017 926/3/3017
f 1526/1/3018 1026/2/3018 1528/3/3018
f 1585/1/3019 988/2/3019 1541/3/3019
f 1475/1/3020 1011/2/3020 954/3/3020
f 1405/1/3021 1030/2/3021 1445/3/3021
f 1523/1/3022 929/2/3022 1452/3/3022
f 1567/1/3023 928/2/3023 1516/3/3023
f 1620/1/3024 960/2/3024 1601/3/3024
f 1605/1/3025 1007/2/3025 897/3/3025
f 1597/1/3026 955/2/3026 1549/3/3026
f 1475/1/3027 1013/2/3027 1011/3/3027
f 1558/1/3028 965/2/3028 1020/3/3028
f 1550/1/3029 966/2/3029 1523/3/3029
f 1519/1/3030 1587/2/3030 989/3/3030
f 1563/1/3031 1003/2/3031 1575/3/3031
f 1565/1/3032 1016/2/3032 1505/3/3032
f 1505/1/3033 1016/2/3033 1002/3/3033
f 1418/1/3034 1010/2/3034 1471/3/3034
f 1594/1/3035 1036/2/3035 1544/3/3035
f 1593/1/3036 959/2/3036 1533/3/3036
f 998/1/3037 999/2/3037 1539/3/3037
f 1496/1/3038 1588/2/3038 1616/3/3038
f 1592/1/3039 1015/2/3039 939/3/3039
f 1584/1/3040 983/2/3040 1530/3/3040
f 988/1/3041 992/2/3041 1596/3/3041
f 1595/1/3042 944/2/3042 900/3/3042
f 1612/1/3043 916/2/3043 1621/3/3043
f 1618/1/3044 946/2/3044 1603/3/3044
f 1399/1/3045 929/2/3045 1602/3/3045
f 1451/1/3046 918/2/3046 974/3/3046
f 1009/1/3047 956/2/3047 1531/3/3047
f 1583/1/3048 1001/2/3048 942/3/3048
f 1604/1/3049 1001/2/3049 1583/3/3049
f 1524/1/3050 956/2/3050 969/3/3050
f 1599/1/3051 930/2/3051 1572/3/3051
f 928/1/3052 938/2/3052 1527/3/3052
f 1572/1/3053 930/2/3053 1620/3/3053
f 1527/1/3054 938/2/3054 937/3/3054
f 1621/1/3055 1009/2/3055 1542/3/3055
f 1575/1/3056 914/2/3056 1582/3/3056
f 1609/1/3057 925/2/3057 1618/3/3057
f 1578/1/3058 906/2/3058 1520/3/3058
f 1520/1/3059 906/2/3059 952/3/3059
f 1579/1/3060 980/2/3060 981/3/3060
f 1522/1/3061 898/2/3061 1617/3/3061
f 1582/1/3062 898/2/3062 1522/3/3062
f 1548/1/3063 899/2/3063 1012/3/3063
f 952/1/3064 899/2/3064 1548/3/3064
f 1614/1/3065 912/2/3065 1598/3/3065
f 1601/1/3066 901/2/3066 1600/3/3066
f 900/1/3067 985/2/3067 1573/3/3067
f 1492/1/3068 947/2/3068 948/3/3068
f 1571/1/3069 947/2/3069 1492/3/3069
f 903/1/3070 1010/2/3070 1418/3/3070
f 922/1/3071 996/2/3071 1591/3/3071
f 1484/1/3072 932/2/3072 1433/3/3072
f 969/1/3073 970/2/3073 1569/3/3073
f 1009/1/3074 905/2/3074 956/3/3074
f 983/1/3075 964/2/3075 1558/3/3075
f 1558/1/3076 964/2/3076 965/3/3076
f 1501/1/3077 911/2/3077 1550/3/3077
f 924/1/3078 911/2/3078 1501/3/3078
f 1564/1/3079 941/2/3079 924/3/3079
f 1513/1/3080 1012/2/3080 990/3/3080
f 948/1/3081 908/2/3081 936/3/3081
f 1613/1/3082 923/2/3082 919/3/3082
f 968/1/3083 923/2/3083 1613/3/3083
f 1611/1/3084 944/2/3084 1595/3/3084
f 1610/1/3085 982/2/3085 933/3/3085
f 1615/1/3086 982/2/3086 1610/3/3086
f 1616/1/3087 935/2/3087 1584/3/3087
f 1607/1/3088 931/2/3088 957/3/3088
f 1603/1/3089 931/2/3089 1607/3/3089
f 1596/1/3090 992/2/3090 958/3/3090
f 993/1/3091 994/2/3091 1015/3/3091
f 1559/1/3092 1019/2/3092 975/3/3092
f 1617/1/3093 1019/2/3093 1559/3/3093
f 1588/1/3094 1006/2/3094 1616/3/3094
f 1561/1/3095 945/2/3095 1438/3/3095
f 1438/1/3096 945/2/3096 995/3/3096
f 1526/1/3097 904/2/3097 1027/3/3097
f 1585/1/3098 986/2/3098 988/3/3098
f 985/1/3099 986/2/3099 1585/3/3099
f 1594/1/3100 1035/2/3100 1036/3/3100
f 1600/1/3101 978/2/3101 1611/3/3101
f 1007/1/3102 962/2/3102 897/3/3102
f 1618/1/3103 925/2/3103 946/3/3103
f 1565/1/3104 1017/2/3104 1016/3/3104
f 991/1/3105 1017/2/3105 1565/3/3105
f 1605/1/3106 977/2/3106 1007/3/3106
f 919/1/3107 977/2/3107 1605/3/3107
f 1606/1/3108 972/2/3108 979/3/3108
f 1621/1/3109 953/2/3109 1009/3/3109
f 910/1/3110 1008/2/3110 1597/3/3110
f 1526/1/3111 1027/2/3111 1026/3/3111
f 1625/1/3112 1626/2/3112 1797/3/3112
f 1628/1/3113 1627/2/3113 1631/3/3113
f 1639/1/3114 1638/2/3114 1640/3/3114
f 1646/1/3115 1647/2/3115 1644/3/3115
f 1799/1/3116 1649/2/3116 1624/3/3116
f 1623/1/3117 1649/2/3117 1799/3/3117
f 1651/1/3118 1652/2/3118 1774/3/3118
f 1661/1/3119 1656/2/3119 1798/3/3119
f 1629/1/3120 1657/2/3120 1630/3/3120
f 1798/1/3121 1656/2/3121 1636/3/3121
f 1627/1/3122 1659/2/3122 1631/3/3122
f 1801/1/3123 1662/2/3123 1643/3/3123
f 1644/1/3124 1647/2/3124 1632/3/3124
f 1648/1/3125 1662/2/3125 1801/3/3125
f 1632/1/3126 1633/2/3126 1641/3/3126
f 1652/1/3127 1663/2/3127 1774/3/3127
f 1774/1/3128 1663/2/3128 1775/3/3128
f 1653/1/3129 1664/2/3129 1635/3/3129
f 1631/1/3130 1659/2/3130 1638/3/3130
f 1647/1/3131 1633/2/3131 1632/3/3131
f 1633/1/3132 1666/2/3132 1641/3/3132
f 1638/1/3133 1659/2/3133 1640/3/3133
f 1658/1/3134 1785/2/3134 1783/3/3134
f 1636/1/3135 1656/2/3135 1791/3/3135
f 1624/1/3136 1668/2/3136 1625/3/3136
f 1649/1/3137 1668/2/3137 1624/3/3137
f 1775/1/3138 1663/2/3138 1793/3/3138
f 1641/1/3139 1666/2/3139 1661/3/3139
f 1656/1/3140 1669/2/3140 1791/3/3140
f 1791/1/3141 1669/2/3141 1654/3/3141
f 845/1/3142 1667/2/3142 1645/3/3142
f 1630/1/3143 1670/2/3143 1634/3/3143
f 1657/1/3144 1670/2/3144 1630/3/3144
f 1663/1/3145 1671/2/3145 1793/3/3145
f 1785/1/3146 1676/2/3146 1770/3/3146
f 1666/1/3147 1672/2/3147 1661/3/3147
f 1664/1/3148 1706/2/3148 1635/3/3148
f 1635/1/3149 1706/2/3149 1650/3/3149
f 1793/1/3150 1671/2/3150 1627/3/3150
f 1645/1/3151 1667/2/3151 1642/3/3151
f 1662/1/3152 1673/2/3152 1643/3/3152
f 1643/1/3153 1673/2/3153 1660/3/3153
f 1668/1/3154 1674/2/3154 1625/3/3154
f 1625/1/3155 1674/2/3155 1626/3/3155
f 1654/1/3156 1675/2/3156 1623/3/3156
f 1658/1/3157 1676/2/3157 1785/3/3157
f 1669/1/3158 1675/2/3158 1654/3/3158
f 1672/1/3159 1677/2/3159 1661/3/3159
f 1661/1/3160 1677/2/3160 1656/3/3160
f 1642/1/3161 1678/2/3161 1648/3/3161
f 1671/1/3162 1679/2/3162 1627/3/3162
f 1706/1/3163 1726/2/3163 1650/3/3163
f 1627/1/3164 1679/2/3164 1659/3/3164
f 1670/1/3165 1681/2/3165 1634/3/3165
f 1634/1/3166 1681/2/3166 1655/3/3166
f 1674/1/3167 1682/2/3167 1626/3/3167
f 1626/1/3168 1682/2/3168 1651/3/3168
f 1679/1/3169 1683/2/3169 1659/3/3169
f 1667/1/3170 1678/2/3170 1642/3/3170
f 1656/1/3171 1685/2/3171 1669/3/3171
f 1677/1/3172 1685/2/3172 1656/3/3172
f 1650/1/3173 1726/2/3173 1665/3/3173
f 1673/1/3174 1686/2/3174 1660/3/3174
f 1660/1/3175 1686/2/3175 1637/3/3175
f 1659/1/3176 1683/2/3176 1640/3/3176
f 1678/1/3177 1687/2/3177 1648/3/3177
f 1640/1/3178 1683/2/3178 1688/3/3178
f 1675/1/3179 1689/2/3179 1623/3/3179
f 1623/1/3179 1689/2/3179 1649/3/3179
f 1648/1/3180 1687/2/3180 1662/3/3180
f 1726/1/3181 1705/2/3181 1665/3/3181
f 1651/1/3182 1691/2/3182 1652/3/3182
f 1682/1/3183 1691/2/3183 1651/3/3183
f 1690/1/3184 1671/2/3184 1663/3/3184
f 1685/1/3185 1692/2/3185 1669/3/3185
f 1669/1/3186 1692/2/3186 1675/3/3186
f 1652/1/3187 1691/2/3187 1663/3/3187
f 1689/1/3188 1694/2/3188 1649/3/3188
f 1649/1/3189 1694/2/3189 1668/3/3189
f 1655/1/3190 1696/2/3190 1658/3/3190
f 1681/1/3191 1696/2/3191 1655/3/3191
f 1665/1/3192 1705/2/3192 1680/3/3192
f 1692/1/3193 1698/2/3193 1675/3/3193
f 1693/1/3194 1664/2/3194 1653/3/3194
f 1770/1/3195 1699/2/3195 1771/3/3195
f 1676/1/3196 1699/2/3196 1770/3/3196
f 1695/1/3197 1700/2/3197 1671/3/3197
f 1671/1/3198 1700/2/3198 1679/3/3198
f 1686/1/3199 1701/2/3199 1637/3/3199
f 1637/1/3200 1701/2/3200 1629/3/3200
f 1694/1/3201 1702/2/3201 1668/3/3201
f 1668/1/3202 1702/2/3202 1674/3/3202
f 1698/1/3203 1704/2/3203 1675/3/3203
f 1675/1/3204 1704/2/3204 1689/3/3204
f 1680/1/3205 1705/2/3205 1684/3/3205
f 1687/1/3206 1707/2/3206 1662/3/3206
f 1662/1/3207 1707/2/3207 1673/3/3207
f 1700/1/3208 1727/2/3208 1679/3/3208
f 1679/1/3209 1727/2/3209 1683/3/3209
f 1771/1/3210 1699/2/3210 1693/3/3210
f 1688/1/3211 1727/2/3211 1708/3/3211
f 1683/1/3212 1727/2/3212 1688/3/3212
f 1629/1/3213 1701/2/3213 1657/3/3213
f 1702/1/3214 1709/2/3214 1674/3/3214
f 1674/1/3215 1709/2/3215 1682/3/3215
f 1704/1/3216 1711/2/3216 1689/3/3216
f 1689/1/3217 1711/2/3217 1694/3/3217
f 1705/1/3218 1710/2/3218 1684/3/3218
f 1658/1/3219 1713/2/3219 1676/3/3219
f 1696/1/3220 1713/2/3220 1658/3/3220
f 1691/1/3221 1716/2/3221 1690/3/3221
f 1699/1/3222 1715/2/3222 1693/3/3222
f 1690/1/3223 1716/2/3223 1695/3/3223
f 1682/1/3224 1719/2/3224 1691/3/3224
f 1718/1/3225 1749/2/3225 1712/3/3225
f 1712/1/3226 1749/2/3226 1714/3/3226
f 1709/1/3227 1719/2/3227 1682/3/3227
f 1684/1/3228 1710/2/3228 1697/3/3228
f 1716/1/3229 1721/2/3229 1695/3/3229
f 1694/1/3230 1722/2/3230 1702/3/3230
f 1711/1/3231 1722/2/3231 1694/3/3231
f 1700/1/3232 1725/2/3232 1727/3/3232
f 1714/1/3233 1749/2/3233 1717/3/3233
f 1727/1/3234 1725/2/3234 1708/3/3234
f 1707/1/3235 1686/2/3235 1673/3/3235
f 1713/1/3236 1728/2/3236 1676/3/3236
f 1721/1/3237 1729/2/3237 1695/3/3237
f 1695/1/3238 1729/2/3238 1700/3/3238
f 1749/1/3239 1751/2/3239 1717/3/3239
f 1719/1/3240 1716/2/3240 1691/3/3240
f 1702/1/3241 1731/2/3241 1709/3/3241
f 1701/1/3242 1732/2/3242 1657/3/3242
f 1722/1/3243 1731/2/3243 1702/3/3243
f 1657/1/3244 1732/2/3244 1670/3/3244
f 1693/1/3245 1715/2/3245 1664/3/3245
f 1717/1/3246 1758/2/3246 1720/3/3246
f 1751/1/3247 1758/2/3247 1717/3/3247
f 1710/1/3248 1733/2/3248 1697/3/3248
f 1729/1/3249 1725/2/3249 1700/3/3249
f 1731/1/3250 1734/2/3250 1709/3/3250
f 1709/1/3251 1734/2/3251 1719/3/3251
f 1720/1/3252 1758/2/3252 1723/3/3252
f 1164/1/3253 1384/2/3253 1073/3/3253
f 1664/1/3254 1715/2/3254 1706/3/3254
f 1734/1/3255 1737/2/3255 1719/3/3255
f 1758/1/3256 1738/2/3256 1723/3/3256
f 1697/1/3257 1733/2/3257 1703/3/3257
f 1729/1/3258 1739/2/3258 1725/3/3258
f 1726/1/3259 1735/2/3259 1705/3/3259
f 1719/1/3260 1737/2/3260 1716/3/3260
f 1686/1/3261 1740/2/3261 1701/3/3261
f 1737/1/3262 1741/2/3262 1716/3/3262
f 1723/1/3263 1738/2/3263 1730/3/3263
f 1728/1/3264 1742/2/3264 1676/3/3264
f 1676/1/3265 1742/2/3265 1699/3/3265
f 1716/1/3266 1741/2/3266 1721/3/3266
f 1744/1/3267 1743/2/3267 1755/3/3267
f 1384/1/3268 1744/2/3268 1073/3/3268
f 1073/1/3269 1744/2/3269 1755/3/3269
f 1707/1/3270 1746/2/3270 1686/3/3270
f 1715/1/3271 1747/2/3271 1706/3/3271
f 1741/1/3272 1748/2/3272 1721/3/3272
f 1749/1/3273 1750/2/3273 1751/3/3273
f 1721/1/3274 1748/2/3274 1729/3/3274
f 1743/1/3275 1750/2/3275 1749/3/3275
f 1738/1/3276 1752/2/3276 1730/3/3276
f 1732/1/3277 1753/2/3277 1670/3/3277
f 1670/1/3278 1753/2/3278 1681/3/3278
f 1748/1/3279 1739/2/3279 1729/3/3279
f 1733/1/3280 1789/2/3280 1703/3/3280
f 1748/1/3281 1754/2/3281 1739/3/3281
f 1712/1/3282 974/2/3282 1718/3/3282
f 1122/1/3283 974/2/3283 1712/3/3283
f 1730/1/3284 1752/2/3284 1736/3/3284
f 1749/1/3285 1755/2/3285 1743/3/3285
f 1740/1/3286 1757/2/3286 1701/3/3286
f 1744/1/3287 1769/2/3287 1743/3/3287
f 1751/1/3288 1759/2/3288 1758/3/3288
f 1750/1/3289 1759/2/3289 1751/3/3289
f 1752/1/3290 1760/2/3290 1736/3/3290
f 1706/1/3291 1747/2/3291 1726/3/3291
f 1764/1/3292 1534/2/3292 1782/3/3292
f 1703/1/3293 1789/2/3293 1724/3/3293
f 1782/1/3294 1049/2/3294 1645/3/3294
f 1746/1/3295 1740/2/3295 1686/3/3295
f 1759/1/3296 1772/2/3296 1758/3/3296
f 1742/1/3297 1773/2/3297 1699/3/3297
f 1769/1/3298 1750/2/3298 1743/3/3298
f 1699/1/3299 1773/2/3299 1715/3/3299
f 1736/1/3300 1760/2/3300 1745/3/3300
f 1755/1/3301 1718/2/3301 1073/3/3301
f 1073/1/3302 1718/2/3302 974/3/3302
f 1747/1/3303 1735/2/3303 1726/3/3303
f 1755/1/3304 1749/2/3304 1718/3/3304
f 1681/1/3305 1778/2/3305 1696/3/3305
f 1753/1/3306 1778/2/3306 1681/3/3306
f 1705/1/3307 1767/2/3307 1710/3/3307
f 1772/1/3308 1779/2/3308 1758/3/3308
f 1758/1/3309 1779/2/3309 1738/3/3309
f 1760/1/3310 1762/2/3310 1745/3/3310
f 1789/1/3311 1780/2/3311 1724/3/3311
f 1763/1/3312 1760/2/3312 1752/3/3312
f 1701/1/3313 1781/2/3313 1732/3/3313
f 1757/1/3314 1781/2/3314 1701/3/3314
f 1534/1/3315 1764/2/3315 1384/3/3315
f 1384/1/3316 1764/2/3316 1744/3/3316
f 1745/1/3317 1766/2/3317 1756/3/3317
f 1762/1/3318 1766/2/3318 1745/3/3318
f 1767/1/3319 1786/2/3319 1710/3/3319
f 1773/1/3320 1787/2/3320 1715/3/3320
f 1744/1/3321 1764/2/3321 1769/3/3321
f 1779/1/3322 1790/2/3322 1738/3/3322
f 1738/1/3323 1790/2/3323 1752/3/3323
f 1735/1/3324 1791/2/3324 1705/3/3324
f 1756/1/3325 1766/2/3325 1777/3/3325
f 1724/1/3326 1780/2/3326 1761/3/3326
f 1710/1/3327 1786/2/3327 1733/3/3327
f 1760/1/3328 1763/2/3328 1762/3/3328
f 1778/1/3329 1795/2/3329 1696/3/3329
f 1696/1/3330 1795/2/3330 1713/3/3330
f 1766/1/3331 1765/2/3331 1777/3/3331
f 1791/1/3332 1767/2/3332 1705/3/3332
f 1732/1/3333 1796/2/3333 1753/3/3333
f 1781/1/3334 1796/2/3334 1732/3/3334
f 1761/1/3335 1797/2/3335 1776/3/3335
f 1780/1/3336 1797/2/3336 1761/3/3336
f 1787/1/3337 1798/2/3337 1715/3/3337
f 1790/1/3338 1763/2/3338 1752/3/3338
f 1715/1/3339 1798/2/3339 1747/3/3339
f 1786/1/3340 1799/2/3340 1733/3/3340
f 1713/1/3341 1795/2/3341 1728/3/3341
f 1777/1/3342 1765/2/3342 1788/3/3342
f 1797/1/3343 1792/2/3343 1776/3/3343
f 1769/1/3344 1801/2/3344 1750/3/3344
f 1733/1/3345 1624/2/3345 1789/3/3345
f 1799/1/3346 1624/2/3346 1733/3/3346
f 1789/1/3347 1800/2/3347 1780/3/3347
f 1780/1/3348 1800/2/3348 1797/3/3348
f 1765/1/3349 1768/2/3349 1788/3/3349
f 1049/1/3350 1782/2/3350 1534/3/3350
f 1776/1/3351 1792/2/3351 1784/3/3351
f 1753/1/3352 1805/2/3352 1778/3/3352
f 1796/1/3353 1805/2/3353 1753/3/3353
f 1750/1/3354 1643/2/3354 1759/3/3354
f 1747/1/3355 1636/2/3355 1735/3/3355
f 1798/1/3356 1636/2/3356 1747/3/3356
f 1801/1/3357 1643/2/3357 1750/3/3357
f 1768/1/3358 1783/2/3358 1788/3/3358
f 1795/1/3359 1644/2/3359 1728/3/3359
f 1728/1/3360 1644/2/3360 1742/3/3360
f 1782/1/3361 1802/2/3361 1764/3/3361
f 1764/1/3362 1802/2/3362 1769/3/3362
f 1792/1/3363 1774/2/3363 1784/3/3363
f 1784/1/3364 1774/2/3364 1794/3/3364
f 1790/1/3365 1630/2/3365 1763/3/3365
f 1624/1/3366 1800/2/3366 1789/3/3366
f 1788/1/3367 1783/2/3367 1803/3/3367
f 1691/1/3368 1690/2/3368 1663/3/3368
f 1771/1/3369 1693/2/3369 1653/3/3369
f 1759/1/3370 1643/2/3370 1772/3/3370
f 1644/1/3371 1632/2/3371 1742/3/3371
f 1636/1/3372 1791/2/3372 1735/3/3372
f 1690/1/3373 1695/2/3373 1671/3/3373
f 1805/1/3374 1808/2/3374 1778/3/3374
f 1778/1/3374 1808/2/3374 1795/3/3374
f 1783/1/3375 1785/2/3375 1803/3/3375
f 1630/1/3376 1766/2/3376 1762/3/3376
f 1763/1/3377 1630/2/3377 1762/3/3377
f 1742/1/3378 1632/2/3378 1773/3/3378
f 1802/1/3379 1801/2/3379 1769/3/3379
f 1643/1/3380 1660/2/3380 1772/3/3380
f 1772/1/3381 1660/2/3381 1779/3/3381
f 1791/1/3382 1654/2/3382 1767/3/3382
f 1774/1/3383 1775/2/3383 1794/3/3383
f 1794/1/3384 1775/2/3384 1804/3/3384
f 1785/1/3385 1770/2/3385 1803/3/3385
f 1803/1/3386 1770/2/3386 1806/3/3386
f 1632/1/3387 1641/2/3387 1773/3/3387
f 1773/1/3388 1641/2/3388 1787/3/3388
f 1634/1/3389 1765/2/3389 1766/3/3389
f 1808/1/3390 1646/2/3390 1795/3/3390
f 1630/1/3391 1634/2/3391 1766/3/3391
f 1775/1/3392 1793/2/3392 1804/3/3392
f 1804/1/3393 1793/2/3393 1807/3/3393
f 1624/1/3394 1625/2/3394 1800/3/3394
f 1660/1/3395 1637/2/3395 1779/3/3395
f 1797/1/3396 1626/2/3396 1792/3/3396
f 1779/1/3397 1637/2/3397 1790/3/3397
f 1654/1/3398 1623/2/3398 1767/3/3398
f 1767/1/3399 1623/2/3399 1786/3/3399
f 1806/1/3400 1771/2/3400 1809/3/3400
f 1770/1/3401 1771/2/3401 1806/3/3401
f 1646/1/3402 1644/2/3402 1795/3/3402
f 1626/1/3403 1651/2/3403 1792/3/3403
f 1765/1/3404 1655/2/3404 1768/3/3404
f 1641/1/3405 1661/2/3405 1787/3/3405
f 1787/1/3406 1661/2/3406 1798/3/3406
f 1071/1/3407 1645/2/3407 1049/3/3407
f 1800/1/3408 1625/2/3408 1797/3/3408
f 1771/1/3409 1653/2/3409 1809/3/3409
f 1782/1/3410 1642/2/3410 1802/3/3410
f 1793/1/3411 1627/2/3411 1807/3/3411
f 1807/1/3412 1627/2/3412 1628/3/3412
f 1645/1/3413 1642/2/3413 1782/3/3413
f 1642/1/3414 1648/2/3414 1802/3/3414
f 1802/1/3415 1648/2/3415 1801/3/3415
f 1637/1/3416 1629/2/3416 1790/3/3416
f 1790/1/3417 1629/2/3417 1630/3/3417
f 1786/1/3418 1623/2/3418 1799/3/3418
f 1792/1/3419 1651/2/3419 1774/3/3419
f 1634/1/3420 1655/2/3420 1765/3/3420
f 1655/1/3421 1658/2/3421 1768/3/3421
f 1768/1/3422 1658/2/3422 1783/3/3422
f 1809/1/3423 1653/2/3423 1635/3/3423
f 845/1/3424 1645/2/3424 1071/3/3424
f 1815/1/3425 1814/2/3425 2091/3/3425
f 1819/1/3426 1817/2/3426 1818/3/3426
f 1820/1/3427 1819/2/3427 1818/3/3427
f 1821/1/3428 1819/2/3428 1820/3/3428
f 1823/1/3429 1822/2/3429 1940/3/3429
f 1823/1/3430 1940/2/3430 1941/3/3430
f 1824/1/3431 1823/2/3431 1941/3/3431
f 1824/1/3432 1941/2/3432 1825/3/3432
f 1824/1/3433 1825/2/3433 1826/3/3433
f 1827/1/3434 1824/2/3434 1826/3/3434
f 1827/1/3435 1826/2/3435 2107/3/3435
f 1828/1/3436 1827/2/3436 2107/3/3436
f 2158/1/3437 1828/2/3437 2107/3/3437
f 1829/1/3438 1828/2/3438 2158/3/3438
f 1829/1/3439 2158/2/3439 1830/3/3439
f 1831/1/3440 1829/2/3440 1830/3/3440
f 1831/1/3441 1830/2/3441 2163/3/3441
f 1831/1/3442 2163/2/3442 1832/3/3442
f 1833/1/3443 1831/2/3443 1832/3/3443
f 1233/1/3444 1834/2/3444 1223/3/3444
f 1334/1/3445 1835/2/3445 1416/3/3445
f 2225/1/3446 1849/2/3446 1839/3/3446
f 1839/1/3447 1849/2/3447 1837/3/3447
f 2225/1/3448 1843/2/3448 1849/3/3448
f 1835/1/3449 1844/2/3449 1416/3/3449
f 1845/1/3450 1842/2/3450 1841/3/3450
f 1848/1/3451 1847/2/3451 1866/3/3451
f 1866/1/3452 1847/2/3452 1840/3/3452
f 1851/1/3453 1852/2/3453 1853/3/3453
f 1416/1/3454 1844/2/3454 1443/3/3454
f 1851/1/3455 1854/2/3455 1852/3/3455
f 1845/1/3456 1846/2/3456 1842/3/3456
f 1844/1/3457 1856/2/3457 1443/3/3457
f 2180/1/3458 1859/2/3458 1863/3/3458
f 1861/1/3459 1854/2/3459 1851/3/3459
f 1848/1/3460 1858/2/3460 1847/3/3460
f 1857/1/3461 1865/2/3461 1855/3/3461
f 1443/1/3462 1856/2/3462 1538/3/3462
f 1845/1/3463 1866/2/3463 1846/3/3463
f 1867/1/3464 1866/2/3464 1845/3/3464
f 1854/1/3465 1861/2/3465 1841/3/3465
f 1865/1/3466 1868/2/3466 1855/3/3466
f 1858/1/3467 1862/2/3467 1835/3/3467
f 1856/1/3468 1864/2/3468 1538/3/3468
f 1870/1/3469 2000/2/3469 1871/3/3469
f 2146/1/3470 1841/2/3470 1861/3/3470
f 1538/1/3471 1864/2/3471 1592/3/3471
f 1872/1/3472 1873/2/3472 1874/3/3472
f 1876/1/3473 1841/2/3473 2146/3/3473
f 1862/1/3474 1844/2/3474 1835/3/3474
f 1867/1/3475 1848/2/3475 1866/3/3475
f 1880/1/3476 1848/2/3476 1867/3/3476
f 1874/1/3477 2226/2/3477 1872/3/3477
f 1592/1/3478 1883/2/3478 1015/3/3478
f 2226/1/3479 1874/2/3479 1884/3/3479
f 1864/1/3480 1883/2/3480 1592/3/3480
f 1876/1/3481 1845/2/3481 1841/3/3481
f 2228/1/3482 1879/2/3482 1885/3/3482
f 1844/1/3483 1881/2/3483 1856/3/3483
f 1884/1/3484 1879/2/3484 2226/3/3484
f 1015/1/3485 1883/2/3485 993/3/3485
f 1887/1/3486 1845/2/3486 1876/3/3486
f 993/1/3487 1889/2/3487 934/3/3487
f 2130/1/3488 1886/2/3488 1891/3/3488
f 1880/1/3489 1890/2/3489 1848/3/3489
f 1848/1/3490 1890/2/3490 1858/3/3490
f 1881/1/3491 1893/2/3491 1856/3/3491
f 1856/1/3492 1893/2/3492 1864/3/3492
f 1942/1/3493 1893/2/3493 1881/3/3493
f 1894/1/3494 993/2/3494 1883/3/3494
f 1858/1/3495 1890/2/3495 1862/3/3495
f 1845/1/3496 1887/2/3496 1867/3/3496
f 1023/1/3497 934/2/3497 1899/3/3497
f 1888/1/3498 1902/2/3498 2079/3/3498
f 1896/1/3499 1895/2/3499 1901/3/3499
f 1903/1/3500 1893/2/3500 1942/3/3500
f 1897/1/3501 1867/2/3501 1887/3/3501
f 1907/1/3502 1901/2/3502 1895/3/3502
f 1903/1/3503 1904/2/3503 1893/3/3503
f 1906/1/3504 1909/2/3504 1907/3/3504
f 1910/1/3505 1909/2/3505 1900/3/3505
f 1900/1/3506 1909/2/3506 1906/3/3506
f 2157/1/3507 1912/2/3507 1853/3/3507
f 1890/1/3508 1913/2/3508 1862/3/3508
f 1862/1/3509 1913/2/3509 1844/3/3509
f 1908/1/3510 1902/2/3510 1888/3/3510
f 1844/1/3511 1913/2/3511 1881/3/3511
f 1919/1/3512 1918/2/3512 1917/3/3512
f 1918/1/3513 1920/2/3513 1921/3/3513
f 2079/1/3514 1915/2/3514 2157/3/3514
f 1922/1/3515 1880/2/3515 1897/3/3515
f 1897/1/3516 1880/2/3516 1867/3/3516
f 1925/1/3517 1811/2/3517 1810/3/3517
f 1915/1/3518 1916/2/3518 2157/3/3518
f 2157/1/3519 1916/2/3519 1912/3/3519
f 1925/1/3520 1926/2/3520 1811/3/3520
f 1904/1/3521 1949/2/3521 1883/3/3521
f 1925/1/3522 1929/2/3522 1926/3/3522
f 1926/1/3523 1929/2/3523 1930/3/3523
f 1902/1/3524 1915/2/3524 2079/3/3524
f 1972/1/3525 1890/2/3525 1922/3/3525
f 1922/1/3526 1890/2/3526 1880/3/3526
f 1930/1/3527 1929/2/3527 1936/3/3527
f 1889/1/3528 1953/2/3528 1899/3/3528
f 1894/1/3529 1953/2/3529 1889/3/3529
f 1899/1/3530 1953/2/3530 1932/3/3530
f 1931/1/3531 1936/2/3531 1929/3/3531
f 1933/1/3532 1934/2/3532 1887/3/3532
f 1887/1/3533 1934/2/3533 1897/3/3533
f 1936/1/3534 1931/2/3534 1944/3/3534
f 1972/1/3535 1938/2/3535 1890/3/3535
f 1937/1/3536 1944/2/3536 1931/3/3536
f 1939/1/3537 1938/2/3537 1972/3/3537
f 1944/1/3538 1937/2/3538 1945/3/3538
f 1948/1/3539 1897/2/3539 1934/3/3539
f 1912/1/3540 1916/2/3540 2018/3/3540
f 2231/1/3541 1937/2/3541 1946/3/3541
f 1903/1/3542 1949/2/3542 1904/3/3542
f 2231/1/3543 1945/2/3543 1937/3/3543
f 1950/1/3544 1941/2/3544 1940/3/3544
f 1951/1/3545 1941/2/3545 1955/3/3545
f 1914/1/3546 1947/2/3546 1952/3/3546
f 1941/1/3547 1950/2/3547 1955/3/3547
f 1948/1/3548 1922/2/3548 1897/3/3548
f 1956/1/3549 1903/2/3549 1942/3/3549
f 1945/1/3550 2231/2/3550 1957/3/3550
f 2018/1/3551 1960/2/3551 1914/3/3551
f 1914/1/3552 1960/2/3552 1947/3/3552
f 1916/1/3553 1960/2/3553 2018/3/3553
f 1962/1/3554 2231/2/3554 1946/3/3554
f 1963/1/3555 1903/2/3555 1956/3/3555
f 1961/1/3556 2231/2/3556 1962/3/3556
f 1913/1/3557 1938/2/3557 1943/3/3557
f 1943/1/3558 1938/2/3558 1939/3/3558
f 1950/1/3559 1964/2/3559 1955/3/3559
f 1919/1/3560 1922/2/3560 1948/3/3560
f 1961/1/3561 1957/2/3561 2231/3/3561
f 1903/1/3562 1963/2/3562 1949/3/3562
f 1952/1/3563 1969/2/3563 2192/3/3563
f 1943/1/3564 1971/2/3564 1942/3/3564
f 1919/1/3565 1972/2/3565 1922/3/3565
f 1954/1/3566 1978/2/3566 1953/3/3566
f 1953/1/3567 1978/2/3567 1932/3/3567
f 1961/1/3568 1965/2/3568 1957/3/3568
f 1969/1/3569 1976/2/3569 2192/3/3569
f 1947/1/3570 1977/2/3570 1952/3/3570
f 1964/1/3571 1838/2/3571 1955/3/3571
f 1952/1/3572 1977/2/3572 1969/3/3572
f 1943/1/3573 1975/2/3573 1971/3/3573
f 1964/1/3574 1839/2/3574 1838/3/3574
f 1971/1/3575 1956/2/3575 1942/3/3575
f 1839/1/3576 1837/2/3576 1838/3/3576
f 1838/1/3577 1837/2/3577 1850/3/3577
f 1919/1/3578 1917/2/3578 1972/3/3578
f 1956/1/3579 1985/2/3579 1963/3/3579
f 1983/1/3580 1956/2/3580 1971/3/3580
f 1956/1/3581 1983/2/3581 1985/3/3581
f 1855/1/3582 1331/2/3582 1857/3/3582
f 1857/1/3583 1331/2/3583 1312/3/3583
f 1312/1/3584 1295/2/3584 1857/3/3584
f 2012/1/3585 1939/2/3585 1917/3/3585
f 1939/1/3586 1975/2/3586 1943/3/3586
f 1995/1/3587 1939/2/3587 2012/3/3587
f 1976/1/3588 1988/2/3588 1933/3/3588
f 1982/1/3589 1993/2/3589 1978/3/3589
f 1999/1/3590 1991/2/3590 1990/3/3590
f 1857/1/3591 1860/2/3591 1865/3/3591
f 1994/1/3592 1860/2/3592 1295/3/3592
f 1295/1/3593 1860/2/3593 1857/3/3593
f 2180/1/3594 1991/2/3594 1859/3/3594
f 1995/1/3595 1975/2/3595 1939/3/3595
f 1975/1/3596 1998/2/3596 1971/3/3596
f 1988/1/3597 1996/2/3597 1933/3/3597
f 1933/1/3598 1996/2/3598 1934/3/3598
f 1998/1/3599 1975/2/3599 1995/3/3599
f 1877/1/3600 2210/2/3600 1863/3/3600
f 1998/1/3601 1983/2/3601 1971/3/3601
f 1869/1/3602 2210/2/3602 1878/3/3602
f 1998/1/3603 2003/2/3603 1983/3/3603
f 1934/1/3604 2002/2/3604 1948/3/3604
f 1996/1/3605 2002/2/3605 1934/3/3605
f 1997/1/3606 2000/2/3606 1999/3/3606
f 1877/1/3607 1878/2/3607 2210/3/3607
f 1948/1/3608 2002/2/3608 1919/3/3608
f 1870/1/3609 1875/2/3609 1877/3/3609
f 1878/1/3610 1882/2/3610 1869/3/3610
f 1869/1/3611 1882/2/3611 1873/3/3611
f 1873/1/3612 1882/2/3612 1874/3/3612
f 1983/1/3613 2004/2/3613 1982/3/3613
f 1919/1/3614 1920/2/3614 1918/3/3614
f 2003/1/3615 2004/2/3615 1983/3/3615
f 2002/1/3616 2007/2/3616 1919/3/3616
f 1993/1/3617 2001/2/3617 2010/3/3617
f 2007/1/3618 2020/2/3618 1919/3/3618
f 1919/1/3619 2020/2/3619 1920/3/3619
f 1886/1/3620 1896/2/3620 1891/3/3620
f 1895/1/3621 1896/2/3621 1886/3/3621
f 1892/1/3622 1900/2/3622 1895/3/3622
f 1895/1/3623 1900/2/3623 1906/3/3623
f 1918/1/3624 1995/2/3624 2012/3/3624
f 1898/1/3625 1905/2/3625 1900/3/3625
f 1900/1/3626 1905/2/3626 1910/3/3626
f 2010/1/3627 2015/2/3627 2014/3/3627
f 1918/1/3628 1921/2/3628 1995/3/3628
f 2086/1/3629 2017/2/3629 2004/3/3629
f 2004/1/3630 2017/2/3630 2015/3/3630
f 1921/1/3631 2230/2/3631 1995/3/3631
f 1911/1/3632 1861/2/3632 1851/3/3632
f 1912/1/3633 2018/2/3633 1853/3/3633
f 1914/1/3634 1911/2/3634 1851/3/3634
f 1995/1/3635 2230/2/3635 2016/3/3635
f 2016/1/3636 2022/2/3636 2019/3/3636
f 2230/1/3637 2022/2/3637 2016/3/3637
f 2017/1/3638 2014/2/3638 2015/3/3638
f 1923/1/3639 1924/2/3639 1810/3/3639
f 1924/1/3640 1925/2/3640 1810/3/3640
f 1925/1/3641 1927/2/3641 1929/3/3641
f 1924/1/3642 1927/2/3642 1925/3/3642
f 1927/1/3643 1928/2/3643 1929/3/3643
f 1929/1/3644 1928/2/3644 1931/3/3644
f 2031/1/3645 2232/2/3645 2233/3/3645
f 1931/1/3646 1928/2/3646 1937/3/3646
f 2028/1/3647 2041/2/3647 2034/3/3647
f 1935/1/3648 1937/2/3648 1928/3/3648
f 1937/1/3649 1935/2/3649 1946/3/3649
f 1946/1/3650 1935/2/3650 2220/3/3650
f 2037/1/3651 2038/2/3651 2033/3/3651
f 1825/1/3652 1951/2/3652 1958/3/3652
f 1941/1/3653 1951/2/3653 1825/3/3653
f 1958/1/3654 2040/2/3654 1826/3/3654
f 2050/1/3655 2040/2/3655 1958/3/3655
f 1974/1/3656 1958/2/3656 1973/3/3656
f 1970/1/3657 1959/2/3657 1836/3/3657
f 1951/1/3658 1955/2/3658 1958/3/3658
f 1958/1/3659 1955/2/3659 1973/3/3659
f 1974/1/3660 2050/2/3660 1958/3/3660
f 1836/1/3661 1959/2/3661 1965/3/3661
f 1965/1/3662 1959/2/3662 1957/3/3662
f 1966/1/3663 1967/2/3663 2118/3/3663
f 1970/1/3664 1836/2/3664 1966/3/3664
f 1980/1/3665 2065/2/3665 1973/3/3665
f 1973/1/3666 2065/2/3666 1974/3/3666
f 1955/1/3667 1838/2/3667 1973/3/3667
f 1974/1/3668 2065/2/3668 2050/3/3668
f 1114/1/3669 2066/2/3669 2057/3/3669
f 2051/1/3670 2060/2/3670 2061/3/3670
f 2056/1/3671 2060/2/3671 2051/3/3671
f 2190/1/3672 2063/2/3672 2064/3/3672
f 1838/1/3673 1850/2/3673 1973/3/3673
f 2063/1/3674 2070/2/3674 2064/3/3674
f 2064/1/3675 2073/2/3675 2067/3/3675
f 1980/1/3676 1973/2/3676 1986/3/3676
f 1986/1/3677 2065/2/3677 1980/3/3677
f 1986/1/3678 1973/2/3678 2075/3/3678
f 1973/1/3679 1850/2/3679 2075/3/3679
f 2062/1/3680 2059/2/3680 1854/3/3680
f 2068/1/3681 2072/2/3681 2071/3/3681
f 2071/1/3682 2072/2/3682 2074/3/3682
f 2178/1/3683 2075/2/3683 1850/3/3683
f 1852/1/3684 2077/2/3684 1853/3/3684
f 1994/1/3685 1295/2/3685 1284/3/3685
f 2079/1/3686 2080/2/3686 2150/3/3686
f 2157/1/3687 2080/2/3687 2079/3/3687
f 1986/1/3688 2082/2/3688 1989/3/3688
f 1894/1/3689 1889/2/3689 993/3/3689
f 934/1/3690 1889/2/3690 1899/3/3690
f 1989/1/3691 1999/2/3691 1990/3/3691
f 1864/1/3692 1904/2/3692 1883/3/3692
f 1893/1/3693 1904/2/3693 1864/3/3693
f 1949/1/3694 1894/2/3694 1883/3/3694
f 1942/1/3695 1881/2/3695 1943/3/3695
f 1943/1/3696 1881/2/3696 1913/3/3696
f 1890/1/3697 1938/2/3697 1913/3/3697
f 1963/1/3698 1954/2/3698 1949/3/3698
f 1939/1/3699 1972/2/3699 1917/3/3699
f 1983/1/3700 1982/2/3700 1985/3/3700
f 2001/1/3701 1993/2/3701 1982/3/3701
f 2004/1/3702 2001/2/3702 1982/3/3702
f 2015/1/3703 2001/2/3703 2004/3/3703
f 1863/1/3704 1859/2/3704 1870/3/3704
f 2004/1/3705 2003/2/3705 2086/3/3705
f 2001/1/3706 2015/2/3706 2010/3/3706
f 1859/1/3707 2000/2/3707 1870/3/3707
f 1870/1/3708 1877/2/3708 1863/3/3708
f 2019/1/3709 2087/2/3709 2086/3/3709
f 2022/1/3710 2087/2/3710 2019/3/3710
f 1895/1/3711 2006/2/3711 1892/3/3711
f 2017/1/3712 2024/2/3712 2025/3/3712
f 2025/1/3713 2089/2/3713 2017/3/3713
f 2009/1/3714 1898/2/3714 1892/3/3714
f 2008/1/3715 1898/2/3715 2009/3/3715
f 1895/1/3716 1886/2/3716 2006/3/3716
f 1815/1/3717 2091/2/3717 2030/3/3717
f 2030/1/3718 1816/2/3718 1815/3/3718
f 1898/1/3719 1900/2/3719 1892/3/3719
f 1898/1/3720 2011/2/3720 1905/3/3720
f 2013/1/3721 1905/2/3721 2011/3/3721
f 2030/1/3722 2033/2/3722 1816/3/3722
f 1817/1/3723 1816/2/3723 2038/3/3723
f 2038/1/3724 1816/2/3724 2033/3/3724
f 2233/1/3725 2028/2/3725 2027/3/3725
f 2036/1/3726 2232/2/3726 2031/3/3726
f 2023/1/3727 1924/2/3727 2021/3/3727
f 2021/1/3728 1924/2/3728 1923/3/3728
f 1924/1/3729 2023/2/3729 1927/3/3729
f 2026/1/3730 2029/2/3730 2023/3/3730
f 2023/1/3731 2029/2/3731 1927/3/3731
f 2100/1/3732 2097/2/3732 2094/3/3732
f 2029/1/3733 1928/2/3733 1927/3/3733
f 1928/1/3734 2032/2/3734 1935/3/3734
f 2029/1/3735 2032/2/3735 1928/3/3735
f 2233/1/3736 2039/2/3736 2028/3/3736
f 2042/1/3737 2033/2/3737 2030/3/3737
f 1935/1/3738 2032/2/3738 2220/3/3738
f 2097/1/3739 2103/2/3739 2156/3/3739
f 2035/1/3740 2220/2/3740 2032/3/3740
f 1826/1/3741 1825/2/3741 1958/3/3741
f 2040/1/3742 2107/2/3742 1826/3/3742
f 2037/1/3743 2110/2/3743 2038/3/3743
f 2107/1/3744 2113/2/3744 2111/3/3744
f 2050/1/3745 2113/2/3745 2040/3/3745
f 2044/1/3746 2037/2/3746 2045/3/3746
f 2042/1/3747 2045/2/3747 2033/3/3747
f 2033/1/3748 2045/2/3748 2037/3/3748
f 1967/1/3749 1981/2/3749 1968/3/3749
f 1966/1/3750 1981/2/3750 1967/3/3750
f 2056/1/3751 2051/2/3751 2049/3/3751
f 1984/1/3752 1979/2/3752 1968/3/3752
f 2108/1/3753 2116/2/3753 2112/3/3753
f 2049/1/3754 1979/2/3754 2056/3/3754
f 1981/1/3755 1984/2/3755 1968/3/3755
f 2050/1/3756 2121/2/3756 2113/3/3756
f 2065/1/3757 2121/2/3757 2050/3/3757
f 2042/1/3758 2046/2/3758 2045/3/3758
f 1979/1/3759 2068/2/3759 2056/3/3759
f 2113/1/3760 2121/2/3760 2115/3/3760
f 2060/1/3761 2119/2/3761 2061/3/3761
f 2047/1/3762 2044/2/3762 2048/3/3762
f 1984/1/3763 2068/2/3763 1979/3/3763
f 2045/1/3764 2048/2/3764 2044/3/3764
f 2046/1/3765 2048/2/3765 2045/3/3765
f 2046/1/3766 1967/2/3766 2048/3/3766
f 2108/1/3767 2123/2/3767 2116/3/3767
f 2049/1/3768 2047/2/3768 1979/3/3768
f 1262/1/3769 2124/2/3769 2125/3/3769
f 1967/1/3770 1979/2/3770 2048/3/3770
f 2048/1/3771 1979/2/3771 2047/3/3771
f 1850/1/3772 1837/2/3772 2178/3/3772
f 1968/1/3773 1979/2/3773 1967/3/3773
f 1989/1/3774 2065/2/3774 1986/3/3774
f 1849/1/3775 2178/2/3775 1837/3/3775
f 2054/1/3776 2053/2/3776 1431/3/3776
f 1284/1/3777 1987/2/3777 1994/3/3777
f 2053/1/3778 1460/2/3778 1431/3/3778
f 1992/1/3779 1987/2/3779 2125/3/3779
f 1460/1/3780 2055/2/3780 2052/3/3780
f 1989/1/3781 1990/2/3781 2065/3/3781
f 1460/1/3782 2053/2/3782 2055/3/3782
f 2036/1/3783 2031/2/3783 2104/3/3783
f 2075/1/3784 2082/2/3784 1986/3/3784
f 2052/1/3785 2127/2/3785 1506/3/3785
f 2005/1/3786 2006/2/3786 2053/3/3786
f 2031/1/3787 2027/2/3787 2104/3/3787
f 2104/1/3788 2027/2/3788 2105/3/3788
f 2006/1/3789 2055/2/3789 2053/3/3789
f 2108/1/3790 2131/2/3790 2123/3/3790
f 2055/1/3791 2130/2/3791 2127/3/3791
f 2055/1/3792 2006/2/3792 1886/3/3792
f 2170/1/3793 2133/2/3793 2138/3/3793
f 2027/1/3794 2028/2/3794 2105/3/3794
f 2105/1/3795 2028/2/3795 2106/3/3795
f 1997/1/3796 1999/2/3796 1989/3/3796
f 2000/1/3797 1991/2/3797 1999/3/3797
f 1859/1/3798 1991/2/3798 2000/3/3798
f 2028/1/3799 2034/2/3799 2106/3/3799
f 2106/1/3799 2034/2/3799 2108/3/3799
f 2073/1/3800 2147/2/3800 2067/3/3800
f 2006/1/3801 2005/2/3801 1892/3/3801
f 1892/1/3802 2005/2/3802 2009/3/3802
f 2088/1/3803 2011/2/3803 2140/3/3803
f 2140/1/3804 2011/2/3804 2008/3/3804
f 2108/1/3805 2145/2/3805 2131/3/3805
f 2011/1/3806 1898/2/3806 2008/3/3806
f 2034/1/3807 2145/2/3807 2108/3/3807
f 2011/1/3808 2090/2/3808 2013/3/3808
f 2067/1/3809 2013/2/3809 2090/3/3809
f 1852/1/3810 2139/2/3810 2069/3/3810
f 2069/1/3811 2077/2/3811 1852/3/3811
f 2092/1/3812 2114/2/3812 2093/3/3812
f 2112/1/3813 2151/2/3813 2114/3/3813
f 2116/1/3814 2151/2/3814 2112/3/3814
f 2114/1/3815 2151/2/3815 2093/3/3815
f 2149/1/3816 2150/2/3816 2080/3/3816
f 2093/1/3817 2151/2/3817 2096/3/3817
f 2093/1/3818 2023/2/3818 2092/3/3818
f 2092/1/3819 2023/2/3819 2021/3/3819
f 2116/1/3820 2152/2/3820 2151/3/3820
f 2123/1/3821 2152/2/3821 2116/3/3821
f 2151/1/3822 2152/2/3822 2096/3/3822
f 2023/1/3823 2096/2/3823 2026/3/3823
f 2093/1/3824 2096/2/3824 2023/3/3824
f 2123/1/3825 2153/2/3825 2152/3/3825
f 2152/1/3822 2153/2/3822 2096/3/3822
f 2131/1/3825 2153/2/3825 2123/3/3825
f 2096/1/3826 2153/2/3826 2099/3/3826
f 2026/1/3827 2096/2/3827 2029/3/3827
f 2099/1/3828 2029/2/3828 2096/3/3828
f 2145/1/3829 2154/2/3829 2131/3/3829
f 2131/1/3825 2154/2/3825 2153/3/3825
f 2153/1/3830 2154/2/3830 2099/3/3830
f 2029/1/3831 2099/2/3831 2032/3/3831
f 2099/1/3832 2154/2/3832 2101/3/3832
f 2078/1/3833 2155/2/3833 2081/3/3833
f 2081/1/3834 2155/2/3834 2159/3/3834
f 2101/1/3835 2032/2/3835 2099/3/3835
f 2034/1/3836 2094/2/3836 2145/3/3836
f 2101/1/3837 2154/2/3837 2102/3/3837
f 2145/1/3838 2156/2/3838 2154/3/3838
f 2097/1/3839 2156/2/3839 2094/3/3839
f 2081/1/3840 1888/2/3840 2078/3/3840
f 2154/1/3841 2156/2/3841 2102/3/3841
f 2094/1/3842 2156/2/3842 2145/3/3842
f 2080/1/3843 2157/2/3843 2077/3/3843
f 2032/1/3844 2102/2/3844 2035/3/3844
f 2101/1/3845 2102/2/3845 2032/3/3845
f 2102/1/3846 2156/2/3846 2103/3/3846
f 2081/1/3847 2083/2/3847 1888/3/3847
f 1888/1/3848 2083/2/3848 1908/3/3848
f 1830/1/3849 2158/2/3849 2160/3/3849
f 2160/1/3850 2158/2/3850 2161/3/3850
f 2107/1/3851 2111/2/3851 2158/3/3851
f 2158/1/3852 2111/2/3852 2161/3/3852
f 2040/1/3853 2113/2/3853 2107/3/3853
f 2113/1/3854 2161/2/3854 2111/3/3854
f 2163/1/3855 2161/2/3855 2162/3/3855
f 2160/1/3856 2161/2/3856 2163/3/3856
f 2115/1/3857 2164/2/3857 2113/3/3857
f 2113/1/3858 2164/2/3858 2161/3/3858
f 1894/1/3859 1954/2/3859 1953/3/3859
f 2161/1/3860 2164/2/3860 2162/3/3860
f 1954/1/3861 1985/2/3861 1978/3/3861
f 1978/1/3862 1985/2/3862 1982/3/3862
f 2164/1/3863 2166/2/3863 2162/3/3863
f 2115/1/3864 2166/2/3864 2164/3/3864
f 2162/1/3865 2166/2/3865 2165/3/3865
f 2086/1/3866 2003/2/3866 2019/3/3866
f 2056/1/3867 2068/2/3867 2071/3/3867
f 2121/1/3868 2166/2/3868 2115/3/3868
f 2087/1/3869 2024/2/3869 2086/3/3869
f 2086/1/3870 2024/2/3870 2017/3/3870
f 2089/1/3871 2014/2/3871 2017/3/3871
f 1813/1/3872 2169/2/3872 1814/3/3872
f 1228/1/3873 2126/2/3873 1240/3/3873
f 2167/1/3874 2126/2/3874 2124/3/3874
f 2168/1/3875 2126/2/3875 1228/3/3875
f 1240/1/3876 2126/2/3876 2167/3/3876
f 1262/1/3877 2167/2/3877 2124/3/3877
f 2119/1/3878 2170/2/3878 1843/3/3878
f 1849/1/3879 2170/2/3879 2178/3/3879
f 2178/1/3880 2170/2/3880 2171/3/3880
f 1843/1/3881 2170/2/3881 1849/3/3881
f 2121/1/3882 2172/2/3882 2166/3/3882
f 2165/1/3883 2172/2/3883 2173/3/3883
f 2166/1/3884 2172/2/3884 2165/3/3884
f 2091/1/3885 2095/2/3885 2030/3/3885
f 2126/1/3886 2168/2/3886 2128/3/3886
f 2030/1/3887 2095/2/3887 2042/3/3887
f 2175/1/3888 2168/2/3888 2176/3/3888
f 2094/1/3889 2034/2/3889 2100/3/3889
f 1818/1/3890 2038/2/3890 2098/3/3890
f 1817/1/3891 2038/2/3891 1818/3/3891
f 2071/1/3892 2060/2/3892 2056/3/3892
f 2169/1/3893 2174/2/3893 2095/3/3893
f 2065/1/3894 1990/2/3894 2121/3/3894
f 1990/1/3895 2172/2/3895 2121/3/3895
f 2074/1/3896 2060/2/3896 2071/3/3896
f 2039/1/3897 2041/2/3897 2028/3/3897
f 1992/1/3898 2125/2/3898 2124/3/3898
f 2060/1/3899 2129/2/3899 2119/3/3899
f 2170/1/3900 2129/2/3900 2133/3/3900
f 2119/1/3901 2129/2/3901 2170/3/3901
f 2138/1/3902 2171/2/3902 2170/3/3902
f 2074/1/3903 2129/2/3903 2060/3/3903
f 1990/1/3904 2180/2/3904 2172/3/3904
f 2173/1/3905 2180/2/3905 1863/3/3905
f 2172/1/3906 2180/2/3906 2173/3/3906
f 1991/1/3907 2180/2/3907 1990/3/3907
f 2171/1/3908 2181/2/3908 2178/3/3908
f 2138/1/3909 2181/2/3909 2171/3/3909
f 2038/1/3910 2110/2/3910 2098/3/3910
f 2082/1/3911 2075/2/3911 2084/3/3911
f 2178/1/3912 2181/2/3912 2084/3/3912
f 2084/1/3913 2075/2/3913 2178/3/3913
f 2174/1/3914 2179/2/3914 2109/3/3914
f 2041/1/3915 2043/2/3915 2034/3/3915
f 1989/1/3916 2082/2/3916 1997/3/3916
f 2085/1/3917 2082/2/3917 2084/3/3917
f 1997/1/3918 2082/2/3918 2085/3/3918
f 2183/1/3919 1868/2/3919 1860/3/3919
f 2141/1/3920 1868/2/3920 2183/3/3920
f 1860/1/3921 1868/2/3921 1865/3/3921
f 2102/1/3922 2184/2/3922 2035/3/3922
f 2141/1/3923 2088/2/3923 1868/3/3923
f 2183/1/3924 2185/2/3924 2141/3/3924
f 2100/1/3925 2043/2/3925 2182/3/3925
f 2187/1/3926 2185/2/3926 2188/3/3926
f 2186/1/3927 2185/2/3927 2183/3/3927
f 2188/1/3928 2185/2/3928 2186/3/3928
f 1868/1/3929 2088/2/3929 2140/3/3929
f 2140/1/3930 2008/2/3930 2009/3/3930
f 2109/1/3931 2118/2/3931 2095/3/3931
f 2095/1/3932 2118/2/3932 2042/3/3932
f 2042/1/3933 2118/2/3933 2046/3/3933
f 2141/1/3934 2185/2/3934 2090/3/3934
f 2141/1/3935 2090/2/3935 2088/3/3935
f 2088/1/3936 2090/2/3936 2011/3/3936
f 2117/1/3937 2182/2/3937 2043/3/3937
f 2185/1/3938 2187/2/3938 2064/3/3938
f 2136/1/3939 2190/2/3939 2134/3/3939
f 2188/1/3940 2190/2/3940 2187/3/3940
f 2187/1/3941 2190/2/3941 2064/3/3941
f 2134/1/3942 2190/2/3942 2188/3/3942
f 2037/1/3943 2044/2/3943 2110/3/3943
f 2110/1/3944 2044/2/3944 2120/3/3944
f 2179/1/3945 2196/2/3945 2118/3/3945
f 2090/1/3946 2064/2/3946 2067/3/3946
f 2185/1/3947 2064/2/3947 2090/3/3947
f 1861/1/3948 1911/2/3948 2146/3/3948
f 1914/1/3949 1952/2/3949 1911/3/3949
f 1887/1/3950 1876/2/3950 1933/3/3950
f 1933/1/3951 2192/2/3951 1976/3/3951
f 2146/1/3952 2192/2/3952 1876/3/3952
f 1876/1/3953 2192/2/3953 1933/3/3953
f 1952/1/3954 2192/2/3954 1911/3/3954
f 1911/1/3955 2192/2/3955 2146/3/3955
f 1976/1/3956 1969/2/3956 1988/3/3956
f 2046/1/3957 2118/2/3957 1967/3/3957
f 2120/1/3958 2047/2/3958 2122/3/3958
f 2044/1/3959 2047/2/3959 2120/3/3959
f 2047/1/3960 2049/2/3960 2122/3/3960
f 2122/1/3961 2049/2/3961 2051/3/3961
f 1397/1/3962 2054/2/3962 1431/3/3962
f 2009/1/3963 2005/2/3963 2054/3/3963
f 2054/1/3964 2005/2/3964 2053/3/3964
f 2055/1/3965 2127/2/3965 2052/3/3965
f 2127/1/3966 2198/2/3966 1506/3/3966
f 1506/1/3967 2198/2/3967 1535/3/3967
f 2132/1/3968 2198/2/3968 2127/3/3968
f 1886/1/3969 2130/2/3969 2055/3/3969
f 2130/1/3970 2132/2/3970 2127/3/3970
f 2134/1/3971 2199/2/3971 2135/3/3971
f 2132/1/3972 2202/2/3972 2200/3/3972
f 2135/1/3973 2136/2/3973 2134/3/3973
f 1891/1/3974 2132/2/3974 2130/3/3974
f 2202/1/3975 2132/2/3975 2142/3/3975
f 2059/1/3976 968/2/3976 2058/3/3976
f 2190/1/3977 2136/2/3977 2063/3/3977
f 2058/1/3978 2139/2/3978 2059/3/3978
f 2137/1/3979 2139/2/3979 2058/3/3979
f 2160/1/3980 2163/2/3980 1830/3/3980
f 2204/1/3981 2201/2/3981 1885/3/3981
f 2062/1/3982 2066/2/3982 967/3/3982
f 2206/1/3983 2063/2/3983 2136/3/3983
f 2142/1/3984 2149/2/3984 2143/3/3984
f 2206/1/3985 2070/2/3985 2063/3/3985
f 2064/1/3986 2070/2/3986 2073/3/3986
f 2067/1/3987 2147/2/3987 2013/3/3987
f 1854/1/3988 2059/2/3988 1852/3/3988
f 2059/1/3989 2139/2/3989 1852/3/3989
f 2013/1/3990 2147/2/3990 2148/3/3990
f 2149/1/3991 2207/2/3991 2150/3/3991
f 1834/1/3992 2176/2/3992 1223/3/3992
f 2209/1/3993 1905/2/3993 2208/3/3993
f 2080/1/3994 2069/2/3994 2143/3/3994
f 2077/1/3995 2069/2/3995 2080/3/3995
f 2162/1/3996 2210/2/3996 2163/3/3996
f 2163/1/3997 2210/2/3997 1832/3/3997
f 2076/1/3998 2148/2/3998 2147/3/3998
f 2150/1/3999 2207/2/3999 1888/3/3999
f 1888/1/4000 2207/2/4000 2078/3/4000
f 2076/1/4001 2147/2/4001 2073/3/4001
f 2209/1/4002 2211/2/4002 1905/3/4002
f 2210/1/4003 1869/2/4003 1832/3/4003
f 1907/1/4004 2155/2/4004 2078/3/4004
f 1909/1/4005 2155/2/4005 1907/3/4005
f 1223/1/4006 2176/2/4006 1224/3/4006
f 1832/1/4007 1869/2/4007 1833/3/4007
f 2176/1/4008 2168/2/4008 1224/3/4008
f 1224/1/4009 2168/2/4009 1228/3/4009
f 1888/1/4010 2079/2/4010 2150/3/4010
f 2157/1/4011 1853/2/4011 2077/3/4011
f 1869/1/4012 1834/2/4012 1833/3/4012
f 2081/1/4013 2159/2/4013 2083/3/4013
f 1894/1/4014 1949/2/4014 1954/3/4014
f 1954/1/4015 1963/2/4015 1985/3/4015
f 1998/1/4016 2019/2/4016 2003/3/4016
f 1998/1/4017 2016/2/4017 2019/3/4017
f 1834/1/4018 2175/2/4018 2176/3/4018
f 1813/1/4019 2214/2/4019 2169/3/4019
f 1812/1/4020 2214/2/4020 1813/3/4020
f 1814/1/4021 2169/2/4021 2091/3/4021
f 2165/1/4022 2210/2/4022 2162/3/4022
f 2214/1/4023 2215/2/4023 2169/3/4023
f 2091/1/4024 2169/2/4024 2095/3/4024
f 2095/1/4025 2174/2/4025 2109/3/4025
f 2215/1/4026 2218/2/4026 2179/3/4026
f 2216/1/4027 2218/2/4027 2215/3/4027
f 2097/1/4028 2100/2/4028 2182/3/4028
f 2182/1/4029 2103/2/4029 2097/3/4029
f 2043/1/4030 2100/2/4030 2034/3/4030
f 2189/1/4031 2177/2/4031 2191/3/4031
f 2193/1/4032 2103/2/4032 2182/3/4032
f 2109/1/4033 2179/2/4033 2118/3/4033
f 2035/1/4034 2184/2/4034 2220/3/4034
f 2117/1/4035 2193/2/4035 2182/3/4035
f 2173/1/4036 2210/2/4036 2165/3/4036
f 1869/1/4037 1873/2/4037 1834/3/4037
f 2197/1/4038 2191/2/4038 2061/3/4038
f 2197/1/4039 2061/2/4039 2119/3/4039
f 1834/1/4040 1872/2/4040 2175/3/4040
f 1873/1/4041 1872/2/4041 1834/3/4041
f 1872/1/4042 2226/2/4042 2175/3/4042
f 2054/1/4043 1397/2/4043 1375/3/4043
f 1863/1/4044 2210/2/4044 2173/3/4044
f 2054/1/4045 2140/2/4045 2009/3/4045
f 1375/1/4046 2140/2/4046 2054/3/4046
f 2227/1/4047 2140/2/4047 1375/3/4047
f 2124/1/4048 2188/2/4048 1992/3/4048
f 2226/1/4049 2168/2/4049 2175/3/4049
f 2188/1/4050 2186/2/4050 1992/3/4050
f 1992/1/4051 2186/2/4051 1987/3/4051
f 2137/1/4052 1613/2/4052 1586/3/4052
f 2132/1/4053 2200/2/4053 2198/3/4053
f 967/1/4054 968/2/4054 2062/3/4054
f 1987/1/4055 2186/2/4055 1994/3/4055
f 2202/1/4056 2203/2/4056 2200/3/4056
f 2137/1/4057 2203/2/4057 2139/3/4057
f 2200/1/4058 2203/2/4058 2137/3/4058
f 2186/1/4059 2183/2/4059 1994/3/4059
f 1994/1/4060 2183/2/4060 1860/3/4060
f 2059/1/4061 2062/2/4061 968/3/4061
f 2126/1/4062 2188/2/4062 2124/3/4062
f 2144/1/4063 2136/2/4063 2135/3/4063
f 2206/1/4064 2136/2/4064 2144/3/4064
f 1896/1/4065 1901/2/4065 1891/3/4065
f 1891/1/4066 1901/2/4066 2149/3/4066
f 2226/1/4067 2228/2/4067 2168/3/4067
f 2203/1/4068 2069/2/4068 2139/3/4068
f 2202/1/4069 2069/2/4069 2203/3/4069
f 2135/1/4070 2205/2/4070 2144/3/4070
f 2168/1/4071 2201/2/4071 2128/3/4071
f 2228/1/4072 2201/2/4072 2168/3/4072
f 2143/1/4073 2149/2/4073 2080/3/4073
f 2013/1/4074 2208/2/4074 1905/3/4074
f 2148/1/4075 2208/2/4075 2013/3/4075
f 2201/1/4076 2199/2/4076 2128/3/4076
f 1910/1/4077 2211/2/4077 1909/3/4077
f 1905/1/4078 2211/2/4078 1910/3/4078
f 2076/1/4079 2212/2/4079 2148/3/4079
f 2148/1/4080 2212/2/4080 2208/3/4080
f 2155/1/4081 1909/2/4081 2211/3/4081
f 2212/1/4082 2209/2/4082 2208/3/4082
f 2128/1/4083 2199/2/4083 2126/3/4083
f 2199/1/4084 2134/2/4084 2126/3/4084
f 2211/1/4085 2213/2/4085 2155/3/4085
f 2209/1/4086 2213/2/4086 2211/3/4086
f 2126/1/4087 2134/2/4087 2188/3/4087
f 1853/1/4088 2018/2/4088 1851/3/4088
f 2016/1/4089 1998/2/4089 1995/3/4089
f 2169/1/4090 2215/2/4090 2174/3/4090
f 1820/1/4091 1818/2/4091 2177/3/4091
f 2174/1/4092 2215/2/4092 2179/3/4092
f 2177/1/4093 1818/2/4093 2098/3/4093
f 1821/1/4094 2177/2/4094 2217/3/4094
f 1820/1/4095 2177/2/4095 1821/3/4095
f 2179/1/4096 2218/2/4096 2196/3/4096
f 2098/1/4097 2110/2/4097 2177/3/4097
f 2177/1/4098 2110/2/4098 2191/3/4098
f 2177/1/4099 2219/2/4099 2217/3/4099
f 1946/1/4100 2220/2/4100 2224/3/4100
f 2103/1/4101 2193/2/4101 2102/3/4101
f 2102/1/4102 2193/2/4102 2194/3/4102
f 2177/1/4103 2189/2/4103 2219/3/4103
f 2110/1/4104 2120/2/4104 2191/3/4104
f 2102/1/4105 2195/2/4105 2184/3/4105
f 2194/1/4106 2195/2/4106 2102/3/4106
f 2221/1/4107 1959/2/4107 2218/3/4107
f 2218/1/4108 1959/2/4108 2196/3/4108
f 2189/1/4109 2191/2/4109 2219/3/4109
f 2219/1/4110 2191/2/4110 2222/3/4110
f 1945/1/4111 1957/2/4111 2221/3/4111
f 2120/1/4112 2122/2/4112 2191/3/4112
f 2191/1/4113 2122/2/4113 2061/3/4113
f 2225/1/4114 2222/2/4114 2197/3/4114
f 2191/1/4115 2197/2/4115 2222/3/4115
f 2051/1/4116 2061/2/4116 2122/3/4116
f 2119/1/4117 1843/2/4117 2197/3/4117
f 2197/1/4118 1843/2/4118 2225/3/4118
f 1331/1/4119 1855/2/4119 1346/3/4119
f 1346/1/4120 1855/2/4120 1352/3/4120
f 1375/1/4121 1352/2/4121 2227/3/4121
f 1352/1/4122 1868/2/4122 2227/3/4122
f 1855/1/4123 1868/2/4123 1352/3/4123
f 2140/1/4124 2227/2/4124 1868/3/4124
f 1535/1/4125 2200/2/4125 1586/3/4125
f 2198/1/4126 2200/2/4126 1535/3/4126
f 1586/1/4127 2200/2/4127 2137/3/4127
f 2226/1/4128 1879/2/4128 2228/3/4128
f 2201/1/4129 2228/2/4129 1885/3/4129
f 2137/1/4130 2058/2/4130 1613/3/4130
f 2058/1/4131 968/2/4131 1613/3/4131
f 1874/1/4132 1882/2/4132 2229/3/4132
f 2199/1/4133 2201/2/4133 2204/3/4133
f 2132/1/4134 1891/2/4134 2142/3/4134
f 2135/1/4135 2199/2/4135 2205/3/4135
f 2205/1/4136 2199/2/4136 2204/3/4136
f 2142/1/4137 1891/2/4137 2149/3/4137
f 1907/1/4138 1895/2/4138 1906/3/4138
f 2143/1/4139 2202/2/4139 2142/3/4139
f 2069/1/4140 2202/2/4140 2143/3/4140
f 2149/1/4141 1901/2/4141 2207/3/4141
f 1907/1/4142 2207/2/4142 1901/3/4142
f 2207/1/4143 1907/2/4143 2078/3/4143
f 2213/1/4144 2159/2/4144 2155/3/4144
f 2018/1/4145 1914/2/4145 1851/3/4145
f 1917/1/4146 1918/2/4146 2012/3/4146
f 1926/1/4147 1812/2/4147 1811/3/4147
f 1926/1/4148 2214/2/4148 1812/3/4148
f 1926/1/4149 1930/2/4149 2214/3/4149
f 2214/1/4150 1930/2/4150 2215/3/4150
f 1930/1/4151 1936/2/4151 2215/3/4151
f 2215/1/4152 1936/2/4152 2216/3/4152
f 2217/1/4153 1822/2/4153 1821/3/4153
f 2216/1/4154 1936/2/4154 2218/3/4154
f 2217/1/4155 1940/2/4155 1822/3/4155
f 1944/1/4156 2218/2/4156 1936/3/4156
f 2218/1/4157 1944/2/4157 2221/3/4157
f 1950/1/4158 1940/2/4158 1964/3/4158
f 2217/1/4159 2219/2/4159 1940/3/4159
f 1940/1/4160 2219/2/4160 1964/3/4160
f 1945/1/4161 2221/2/4161 1944/3/4161
f 2184/1/4162 2223/2/4162 2220/3/4162
f 2195/1/4163 2223/2/4163 2184/3/4163
f 2223/1/4164 2224/2/4164 2220/3/4164
f 1957/1/4165 1959/2/4165 2221/3/4165
f 2031/1/4166 2233/2/4166 2027/3/4166
f 2219/1/4167 2222/2/4167 1964/3/4167
f 2224/1/4168 1962/2/4168 1946/3/4168
f 1959/1/4169 1970/2/4169 2196/3/4169
f 2057/1/4170 2234/2/4170 1114/3/4170
f 1114/1/4171 2234/2/4171 1157/3/4171
f 1842/1/4172 2062/2/4172 1841/3/4172
f 1157/1/4173 1840/2/4173 1216/3/4173
f 2234/1/4174 1840/2/4174 1157/3/4174
f 2062/1/4175 1842/2/4175 2066/3/4175
f 2066/1/4176 1842/2/4176 2057/3/4176
f 1840/1/4177 1847/2/4177 1216/3/4177
f 1970/1/4178 1966/2/4178 2196/3/4178
f 2196/1/4179 1966/2/4179 2118/3/4179
f 1842/1/4180 1846/2/4180 2057/3/4180
f 1216/1/4181 1858/2/4181 1281/3/4181
f 1847/1/4182 1858/2/4182 1216/3/4182
f 1846/1/4183 2234/2/4183 2057/3/4183
f 2222/1/4167 1839/2/4167 1964/3/4167
f 2222/1/4184 2225/2/4184 1839/3/4184
f 1281/1/4185 1858/2/4185 1334/3/4185
f 2234/1/4186 1866/2/4186 1840/3/4186
f 1846/1/4187 1866/2/4187 2234/3/4187
f 1854/1/4188 1841/2/4188 2062/3/4188
f 1858/1/4189 1835/2/4189 1334/3/4189
f 1697/1/4190 2235/2/4190 1684/3/4190
f 1703/1/4191 2237/2/4191 2235/3/4191
f 1703/1/4192 2235/2/4192 1697/3/4192
f 2238/1/4193 3984/2/4193 2104/3/4193
f 1724/1/4194 2237/2/4194 1703/3/4194
f 2239/1/4195 2236/2/4195 1233/3/4195
f 2105/1/4196 2240/2/4196 2238/3/4196
f 1724/1/4197 1761/2/4197 2237/3/4197
f 2105/1/4198 2238/2/4198 2104/3/4198
f 1261/1/4199 2239/2/4199 1233/3/4199
f 1776/1/4200 1784/2/4200 1761/3/4200
f 2106/1/4201 2240/2/4201 2105/3/4201
f 2106/1/4202 2241/2/4202 2240/3/4202
f 1261/1/4203 2242/2/4203 2239/3/4203
f 2108/1/4204 2241/2/4204 2106/3/4204
f 2108/1/4205 2243/2/4205 2241/3/4205
f 1319/1/4206 2242/2/4206 1261/3/4206
f 2244/1/4207 2242/2/4207 1319/3/4207
f 2112/1/4208 2243/2/4208 2108/3/4208
f 1631/1/4209 2245/2/4209 1628/3/4209
f 2112/1/4210 2246/2/4210 2243/3/4210
f 1638/1/4211 2245/2/4211 1631/3/4211
f 2114/1/4212 2246/2/4212 2112/3/4212
f 1394/1/4213 2244/2/4213 1319/3/4213
f 2114/1/4214 2247/2/4214 2246/3/4214
f 1394/1/4215 2248/2/4215 2244/3/4215
f 1639/1/4216 2245/2/4216 1638/3/4216
f 2114/1/4217 2249/2/4217 2247/3/4217
f 2092/1/4218 2249/2/4218 2114/3/4218
f 1517/1/4219 2248/2/4219 1394/3/4219
f 2021/1/4220 2249/2/4220 2092/3/4220
f 1517/1/4221 2250/2/4221 2248/3/4221
f 2021/1/4222 3251/2/4222 2249/3/4222
f 950/1/4223 2250/2/4223 1517/3/4223
f 1923/1/4224 3251/2/4224 2021/3/4224
f 2251/1/4225 3251/2/4225 1923/3/4225
f 1810/1/4226 2251/2/4226 1923/3/4226
f 1811/1/4227 2252/2/4227 2251/3/4227
f 1811/1/4228 2251/2/4228 1810/3/4228
f 2253/1/4229 2250/2/4229 950/3/4229
f 1077/1/4230 2253/2/4230 950/3/4230
f 1811/1/4231 2254/2/4231 2252/3/4231
f 2255/1/4232 2253/2/4232 1077/3/4232
f 1812/1/4233 2254/2/4233 1811/3/4233
f 1241/1/4234 2255/2/4234 1077/3/4234
f 1812/1/4235 2256/2/4235 2254/3/4235
f 1813/1/4236 2256/2/4236 1812/3/4236
f 1241/1/4237 2257/2/4237 2255/3/4237
f 1813/1/4238 2258/2/4238 2256/3/4238
f 1475/1/4239 2257/2/4239 1241/3/4239
f 1814/1/4240 2258/2/4240 1813/3/4240
f 1814/1/4241 2259/2/4241 2258/3/4241
f 2260/1/4242 2257/2/4242 1475/3/4242
f 1815/1/4243 2259/2/4243 1814/3/4243
f 1815/1/4244 2262/2/4244 2259/3/4244
f 954/1/4245 2260/2/4245 1475/3/4245
f 2261/1/4246 2260/2/4246 954/3/4246
f 1816/1/4247 2263/2/4247 2262/3/4247
f 1816/1/4248 2262/2/4248 1815/3/4248
f 1145/1/4249 2261/2/4249 954/3/4249
f 2264/1/4250 2261/2/4250 1145/3/4250
f 1257/1/4251 2264/2/4251 1145/3/4251
f 1817/1/4252 2263/2/4252 1816/3/4252
f 1817/1/4253 1819/2/4253 2263/3/4253
f 1122/1/4254 2265/2/4254 2264/3/4254
f 1122/1/4255 2264/2/4255 1257/3/4255
f 2266/1/4256 2265/2/4256 1122/3/4256
f 1821/1/4257 2267/2/4257 1819/3/4257
f 1821/1/4258 2268/2/4258 2267/3/4258
f 1712/1/4259 2266/2/4259 1122/3/4259
f 1822/1/4260 2268/2/4260 1821/3/4260
f 1822/1/4261 1823/2/4261 2268/3/4261
f 1717/1/4262 1720/2/4262 1714/3/4262
f 1824/1/4263 2269/2/4263 1823/3/4263
f 1730/1/4264 2270/2/4264 1723/3/4264
f 1827/1/4265 2269/2/4265 1824/3/4265
f 2271/1/4266 2269/2/4266 1827/3/4266
f 1736/1/4267 2270/2/4267 1730/3/4267
f 1736/1/4268 1745/2/4268 2270/3/4268
f 1828/1/4269 2271/2/4269 1827/3/4269
f 1828/1/4270 2272/2/4270 2271/3/4270
f 1829/1/4271 2272/2/4271 1828/3/4271
f 1829/1/4272 2274/2/4272 2272/3/4272
f 1788/1/4273 2273/2/4273 1777/3/4273
f 1788/1/4274 1803/2/4274 2273/3/4274
f 1831/1/4275 2274/2/4275 1829/3/4275
f 1831/1/4276 2275/2/4276 2274/3/4276
f 1809/1/4277 2276/2/4277 1806/3/4277
f 1831/1/4278 2277/2/4278 2275/3/4278
f 1635/1/4279 2276/2/4279 1809/3/4279
f 1833/1/4280 2277/2/4280 1831/3/4280
f 1635/1/4281 1650/2/4281 2276/3/4281
f 1834/1/4282 2277/2/4282 1833/3/4282
f 1834/1/4283 2236/2/4283 2277/3/4283
f 1233/1/4284 2236/2/4284 1834/3/4284
f 1684/1/4285 2235/2/4285 1680/3/4285
f 2278/1/4286 2279/2/4286 2280/3/4286
f 2282/1/4287 2278/2/4287 2280/3/4287
f 2283/1/4288 2281/2/4288 2266/3/4288
f 2284/1/4289 2266/2/4289 1712/3/4289
f 2284/1/4290 2283/2/4290 2266/3/4290
f 2285/1/4291 2280/2/4291 2286/3/4291
f 2285/1/4292 2282/2/4292 2280/3/4292
f 2284/1/4293 1712/2/4293 1714/3/4293
f 2285/1/4294 2286/2/4294 2287/3/4294
f 2288/1/4295 2287/2/4295 2289/3/4295
f 2288/1/4296 2285/2/4296 2287/3/4296
f 2290/1/4297 1714/2/4297 1720/3/4297
f 2290/1/4298 2284/2/4298 1714/3/4298
f 2288/1/4299 2289/2/4299 2291/3/4299
f 2292/1/4300 2290/2/4300 1720/3/4300
f 2292/1/4301 1720/2/4301 1723/3/4301
f 2293/1/4302 2288/2/4302 2291/3/4302
f 2292/1/4303 1723/2/4303 2270/3/4303
f 2293/1/4304 2291/2/4304 2294/3/4304
f 2295/1/4305 2292/2/4305 2270/3/4305
f 2296/1/4306 2293/2/4306 2294/3/4306
f 2296/1/4307 2294/2/4307 2297/3/4307
f 2295/1/4308 2270/2/4308 1745/3/4308
f 2298/1/4309 2296/2/4309 2297/3/4309
f 2298/1/4310 2297/2/4310 2299/3/4310
f 2300/1/4311 2295/2/4311 1745/3/4311
f 2300/1/4312 1745/2/4312 1756/3/4312
f 2298/1/4313 2299/2/4313 2301/3/4313
f 2302/1/4314 2300/2/4314 1756/3/4314
f 2302/1/4315 1756/2/4315 1777/3/4315
f 2303/1/4316 2298/2/4316 2301/3/4316
f 2303/1/4317 2301/2/4317 2304/3/4317
f 2302/1/4318 1777/2/4318 2273/3/4318
f 2305/1/4319 2303/2/4319 2304/3/4319
f 2306/1/4320 2302/2/4320 2273/3/4320
f 2307/1/4321 2305/2/4321 2304/3/4321
f 2308/1/4322 2305/2/4322 2309/3/4322
f 2306/1/4323 2273/2/4323 1803/3/4323
f 2308/1/4324 2303/2/4324 2305/3/4324
f 2310/1/4325 2306/2/4325 1803/3/4325
f 2310/1/4326 1803/2/4326 1806/3/4326
f 2311/1/4327 2310/2/4327 1806/3/4327
f 2311/1/4328 1806/2/4328 2276/3/4328
f 2312/1/4329 2311/2/4329 2276/3/4329
f 2312/1/4330 2276/2/4330 1650/3/4330
f 2313/1/4331 2312/2/4331 1650/3/4331
f 2313/1/4332 1650/2/4332 1665/3/4332
f 2313/1/4333 1665/2/4333 1680/3/4333
f 2314/1/4334 2313/2/4334 1680/3/4334
f 2314/1/4335 1680/2/4335 2235/3/4335
f 2315/1/4336 2314/2/4336 2235/3/4336
f 2315/1/4337 2235/2/4337 2237/3/4337
f 2316/1/4338 2315/2/4338 2237/3/4338
f 2316/1/4339 2237/2/4339 1761/3/4339
f 2317/1/4340 2316/2/4340 1761/3/4340
f 2317/1/4341 1761/2/4341 1784/3/4341
f 2317/1/4342 1784/2/4342 1794/3/4342
f 2318/1/4343 2317/2/4343 1794/3/4343
f 2318/1/4344 1794/2/4344 1804/3/4344
f 2319/1/4345 1804/2/4345 1807/3/4345
f 2319/1/4346 2318/2/4346 1804/3/4346
f 2319/1/4347 1807/2/4347 1628/3/4347
f 2320/1/4348 2319/2/4348 1628/3/4348
f 2320/1/4349 1628/2/4349 2245/3/4349
f 2321/1/4350 2320/2/4350 2245/3/4350
f 2321/1/4351 2245/2/4351 2322/3/4351
f 2323/1/4352 2321/2/4352 2322/3/4352
f 2323/1/4353 2322/2/4353 2324/3/4353
f 2323/1/4354 2324/2/4354 2325/3/4354
f 2326/1/4355 2323/2/4355 2325/3/4355
f 2326/1/4356 2325/2/4356 2327/3/4356
f 2328/1/4357 2326/2/4357 2327/3/4357
f 2328/1/4358 2327/2/4358 2329/3/4358
f 2330/1/4359 2328/2/4359 2329/3/4359
f 2330/1/4360 2329/2/4360 2331/3/4360
f 2332/1/4361 2331/2/4361 2333/3/4361
f 2332/1/4362 2330/2/4362 2331/3/4362
f 2334/1/4363 2332/2/4363 2333/3/4363
f 2334/1/4364 2333/2/4364 2335/3/4364
f 2334/1/4365 2335/2/4365 2336/3/4365
f 2337/1/4366 2334/2/4366 2336/3/4366
f 2337/1/4367 2336/2/4367 2338/3/4367
f 2339/1/4368 2337/2/4368 2338/3/4368
f 2339/1/4369 2338/2/4369 2340/3/4369
f 2339/1/4370 2340/2/4370 2341/3/4370
f 2342/1/4371 2339/2/4371 2341/3/4371
f 2342/1/4372 2341/2/4372 2343/3/4372
f 2278/1/4373 2342/2/4373 2343/3/4373
f 2278/1/4374 2343/2/4374 2279/3/4374
f 2348/1/4375 2349/2/4375 2346/3/4375
f 2350/1/4376 2593/2/4376 2358/3/4376
f 2356/1/4377 2353/2/4377 2354/3/4377
f 2359/1/4378 2344/2/4378 2345/3/4378
f 2351/1/4379 2377/2/4379 2378/3/4379
f 2346/1/4380 2352/2/4380 2345/3/4380
f 2361/1/4381 2357/2/4381 2362/3/4381
f 2355/1/4382 2363/2/4382 2347/3/4382
f 2359/1/4383 2345/2/4383 2352/3/4383
f 2349/1/4384 2352/2/4384 2346/3/4384
f 2375/1/4385 2351/2/4385 2355/3/4385
f 2375/1/4386 2589/2/4386 2594/3/4386
f 2365/1/4387 2356/2/4387 2354/3/4387
f 2366/1/4388 2356/2/4388 2367/3/4388
f 2368/1/4389 2349/2/4389 2348/3/4389
f 2368/1/4390 2348/2/4390 2593/3/4390
f 2369/1/4391 2364/2/4391 2370/3/4391
f 2369/1/4392 2360/2/4392 2364/3/4392
f 2364/1/4393 2363/2/4393 2351/3/4393
f 2364/1/4394 2351/2/4394 2378/3/4394
f 2371/1/4395 2358/2/4395 2373/3/4395
f 2362/1/4396 2366/2/4396 2367/3/4396
f 2363/1/4397 2360/2/4397 2372/3/4397
f 2364/1/4398 2378/2/4398 2370/3/4398
f 2371/1/4399 2350/2/4399 2358/3/4399
f 2369/1/4400 2370/2/4400 2379/3/4400
f 2374/1/4401 2352/2/4401 2349/3/4401
f 2368/1/4402 2593/2/4402 2350/3/4402
f 2376/1/4403 2359/2/4403 2352/3/4403
f 2374/1/4404 2349/2/4404 2368/3/4404
f 2373/1/4405 2382/2/4405 2371/3/4405
f 2376/1/4406 2352/2/4406 2374/3/4406
f 4946/1/4407 2369/2/4407 2379/3/4407
f 2383/1/4408 2362/2/4408 2367/3/4408
f 2350/1/4409 2387/2/4409 2368/3/4409
f 2350/1/4410 2371/2/4410 2387/3/4410
f 2388/1/4411 2371/2/4411 2382/3/4411
f 2389/1/4412 2344/2/4412 2359/3/4412
f 2384/1/4413 2370/2/4413 2378/3/4413
f 2380/1/4414 2386/2/4414 2378/3/4414
f 2385/1/4415 2392/2/4415 2393/3/4415
f 2394/1/4416 2374/2/4416 2368/3/4416
f 2385/1/4417 2383/2/4417 2367/3/4417
f 2384/1/4418 2386/2/4418 2395/3/4418
f 2384/1/4419 2378/2/4419 2386/3/4419
f 2396/1/4420 2397/2/4420 2398/3/4420
f 2379/1/4421 2398/2/4421 4946/3/4421
f 2399/1/4422 2376/2/4422 2374/3/4422
f 2388/1/4423 2387/2/4423 2371/3/4423
f 2389/1/4424 2391/2/4424 2390/3/4424
f 2370/1/4425 2384/2/4425 2395/3/4425
f 2370/1/4426 2395/2/4426 2410/3/4426
f 2394/1/4427 2368/2/4427 2387/3/4427
f 2388/1/4428 2400/2/4428 2387/3/4428
f 2399/1/4429 2374/2/4429 2394/3/4429
f 2380/1/4430 2416/2/4430 2386/3/4430
f 2389/1/4431 2402/2/4431 2391/3/4431
f 2393/1/4432 2383/2/4432 2385/3/4432
f 2403/1/4433 2388/2/4433 2382/3/4433
f 2403/1/4434 2404/2/4434 2388/3/4434
f 2405/1/4435 2408/2/4435 2386/3/4435
f 2409/1/4436 2412/2/4436 2383/3/4436
f 2406/1/4437 2359/2/4437 2376/3/4437
f 2406/1/4438 2389/2/4438 2359/3/4438
f 2407/1/4439 2394/2/4439 2387/3/4439
f 2409/1/4440 2383/2/4440 2393/3/4440
f 2403/1/4441 2411/2/4441 2404/3/4441
f 2403/1/4442 2412/2/4442 2411/3/4442
f 2406/1/4443 2413/2/4443 2402/3/4443
f 2406/1/4444 2402/2/4444 2389/3/4444
f 2408/1/4445 2395/2/4445 2386/3/4445
f 2405/1/4446 2386/2/4446 2416/3/4446
f 2410/1/4447 2396/2/4447 2398/3/4447
f 2410/1/4448 2414/2/4448 2396/3/4448
f 2406/1/4449 2376/2/4449 2399/3/4449
f 2404/1/4450 2400/2/4450 2388/3/4450
f 2427/1/4451 2426/2/4451 2393/3/4451
f 2418/1/4452 2393/2/4452 2419/3/4452
f 2420/1/4453 2413/2/4453 2406/3/4453
f 2411/1/4454 2421/2/4454 2415/3/4454
f 2404/1/4455 2423/2/4455 2400/3/4455
f 2425/1/4456 2424/2/4456 2405/3/4456
f 2407/1/4457 2399/2/4457 2394/3/4457
f 2420/1/4458 2406/2/4458 2422/3/4458
f 2422/1/4459 2406/2/4459 2399/3/4459
f 2395/1/4460 2414/2/4460 2410/3/4460
f 2426/1/4461 2427/2/4461 2417/3/4461
f 2428/1/4462 2416/2/4462 2429/3/4462
f 2428/1/4463 2425/2/4463 2416/3/4463
f 2408/1/4464 2414/2/4464 2395/3/4464
f 2407/1/4465 2387/2/4465 2400/3/4465
f 2422/1/4466 2399/2/4466 2431/3/4466
f 2432/1/4467 2416/2/4467 2391/3/4467
f 2408/1/4468 2433/2/4468 2414/3/4468
f 2428/1/4469 2424/2/4469 2425/3/4469
f 2428/1/4470 2434/2/4470 2424/3/4470
f 2432/1/4471 2391/2/4471 2402/3/4471
f 2407/1/4472 2431/2/4472 2399/3/4472
f 2436/1/4473 2417/2/4473 2430/3/4473
f 2437/1/4474 2407/2/4474 2400/3/4474
f 2405/1/4475 2433/2/4475 2408/3/4475
f 2438/1/4476 2421/2/4476 2439/3/4476
f 2436/1/4477 2426/2/4477 2417/3/4477
f 2422/1/4478 2440/2/4478 2420/3/4478
f 2415/1/4479 2404/2/4479 2411/3/4479
f 2437/1/4480 2431/2/4480 2407/3/4480
f 2440/1/4481 2422/2/4481 2431/3/4481
f 2405/1/4482 2424/2/4482 2433/3/4482
f 2443/1/4483 2428/2/4483 2429/3/4483
f 2419/1/4484 2426/2/4484 2435/3/4484
f 2413/1/4485 2432/2/4485 2402/3/4485
f 2415/1/4486 2423/2/4486 2404/3/4486
f 2443/1/4487 2429/2/4487 2447/3/4487
f 2429/1/4488 2416/2/4488 2432/3/4488
f 2443/1/4489 2434/2/4489 2428/3/4489
f 2441/1/4490 2448/2/4490 2439/3/4490
f 2441/1/4491 2419/2/4491 2442/3/4491
f 2451/1/4492 2431/2/4492 2449/3/4492
f 2437/1/4493 2400/2/4493 2423/3/4493
f 2451/1/4494 2440/2/4494 2431/3/4494
f 2443/1/4495 2450/2/4495 2434/3/4495
f 2435/1/4496 2442/2/4496 2419/3/4496
f 2435/1/4497 2445/2/4497 2446/3/4497
f 2435/1/4498 2436/2/4498 2445/3/4498
f 2429/1/4499 2432/2/4499 2413/3/4499
f 2448/1/4500 2444/2/4500 2439/3/4500
f 2452/1/4501 2443/2/4501 2447/3/4501
f 2453/1/4502 2437/2/4502 2423/3/4502
f 2453/1/4503 2431/2/4503 2437/3/4503
f 2415/1/4504 2454/2/4504 2423/3/4504
f 2442/1/4505 2448/2/4505 2441/3/4505
f 2442/1/4506 2456/2/4506 2448/3/4506
f 2452/1/4507 2450/2/4507 2443/3/4507
f 2447/1/4508 2413/2/4508 2420/3/4508
f 2438/1/4509 2415/2/4509 2421/3/4509
f 2452/1/4510 2458/2/4510 2450/3/4510
f 2453/1/4511 2449/2/4511 2431/3/4511
f 2457/1/4512 2451/2/4512 2449/3/4512
f 2459/1/4513 2446/2/4513 2445/3/4513
f 2459/1/4514 2445/2/4514 2455/3/4514
f 2447/1/4515 2429/2/4515 2413/3/4515
f 2456/1/4516 2442/2/4516 2461/3/4516
f 2462/1/4517 2453/2/4517 2423/3/4517
f 2460/1/4518 2458/2/4518 2452/3/4518
f 2460/1/4519 2464/2/4519 2458/3/4519
f 2465/1/4520 2456/2/4520 2461/3/4520
f 2465/1/4521 2468/2/4521 2456/3/4521
f 2444/1/4522 2454/2/4522 2415/3/4522
f 2444/1/4523 2415/2/4523 2438/3/4523
f 2466/1/4524 2447/2/4524 2420/3/4524
f 2435/1/4525 2426/2/4525 2436/3/4525
f 2462/1/4526 2423/2/4526 2454/3/4526
f 2463/1/4527 2457/2/4527 2449/3/4527
f 2463/1/4528 2469/2/4528 2457/3/4528
f 2444/1/4529 2438/2/4529 2439/3/4529
f 2462/1/4530 2449/2/4530 2453/3/4530
f 2467/1/4531 2502/2/4531 2459/3/4531
f 2466/1/4532 2420/2/4532 2440/3/4532
f 2470/1/4533 2468/2/4533 2471/3/4533
f 2473/1/4534 2462/2/4534 2454/3/4534
f 2472/1/4535 2464/2/4535 2460/3/4535
f 2472/1/4536 2475/2/4536 2464/3/4536
f 2476/1/4537 4914/2/4537 2474/3/4537
f 2444/1/4538 2477/2/4538 2454/3/4538
f 2469/1/4539 2463/2/4539 2478/3/4539
f 2452/1/4540 2447/2/4540 2466/3/4540
f 2481/1/4541 2468/2/4541 2465/3/4541
f 2481/1/4542 2465/2/4542 2490/3/4542
f 2468/1/4543 2480/2/4543 2471/3/4543
f 2479/1/4544 5043/2/4544 2476/3/4544
f 2483/1/4545 2525/2/4545 2467/3/4545
f 2479/1/4546 2484/2/4546 5043/3/4546
f 2482/1/4547 2475/2/4547 2472/3/4547
f 2487/1/4548 2469/2/4548 2478/3/4548
f 2482/1/4549 2472/2/4549 2486/3/4549
f 2488/1/4550 2484/2/4550 2479/3/4550
f 2473/1/4551 2463/2/4551 2449/3/4551
f 2473/1/4552 2449/2/4552 2462/3/4552
f 2461/1/4553 2435/2/4553 2446/3/4553
f 2461/1/4554 2442/2/4554 2435/3/4554
f 2489/1/4555 2466/2/4555 2440/3/4555
f 2489/1/4556 2440/2/4556 2451/3/4556
f 2488/1/4557 2479/2/4557 2554/3/4557
f 2554/1/4558 2479/2/4558 2485/3/4558
f 2460/1/4559 2452/2/4559 2466/3/4559
f 2487/1/4560 2478/2/4560 2491/3/4560
f 2493/1/4561 2525/2/4561 2483/3/4561
f 2492/1/4562 2481/2/4562 2490/3/4562
f 2473/1/4563 2454/2/4563 2477/3/4563
f 2460/1/4564 2466/2/4564 2489/3/4564
f 2493/1/4565 2483/2/4565 2494/3/4565
f 2496/1/4566 2482/2/4566 2486/3/4566
f 2496/1/4567 2498/2/4567 2482/3/4567
f 2491/1/4568 2500/2/4568 2487/3/4568
f 2502/1/4569 2461/2/4569 2446/3/4569
f 2470/1/4570 2444/2/4570 2448/3/4570
f 2503/1/4571 2493/2/4571 2494/3/4571
f 2470/1/4572 2448/2/4572 2456/3/4572
f 2506/1/4573 2473/2/4573 2477/3/4573
f 2507/1/4574 2491/2/4574 2499/3/4574
f 2470/1/4575 2477/2/4575 2444/3/4575
f 2491/1/4576 2507/2/4576 2500/3/4576
f 2508/1/4577 2501/2/4577 2492/3/4577
f 2504/1/4578 2498/2/4578 2496/3/4578
f 2508/1/4579 2492/2/4579 2581/3/4579
f 2478/1/4580 2463/2/4580 2473/3/4580
f 2503/1/4581 2511/2/4581 2581/3/4581
f 2489/1/4582 2451/2/4582 2457/3/4582
f 2470/1/4583 2456/2/4583 2468/3/4583
f 2510/1/4584 2507/2/4584 2499/3/4584
f 2472/1/4585 2460/2/4585 2489/3/4585
f 2508/1/4586 2512/2/4586 2501/3/4586
f 2504/1/4587 2513/2/4587 2498/3/4587
f 2510/1/4588 2499/2/4588 2514/3/4588
f 2486/1/4589 2489/2/4589 2457/3/4589
f 2509/1/4590 2511/2/4590 2503/3/4590
f 2509/1/4591 2516/2/4591 2511/3/4591
f 2478/1/4592 2473/2/4592 2506/3/4592
f 2515/1/4593 2513/2/4593 2504/3/4593
f 2511/1/4594 2512/2/4594 2508/3/4594
f 2518/1/4595 2513/2/4595 2515/3/4595
f 2514/1/4596 2517/2/4596 2510/3/4596
f 2471/1/4597 2477/2/4597 2470/3/4597
f 2518/1/4598 2521/2/4598 2513/3/4598
f 2522/1/4599 2512/2/4599 2511/3/4599
f 2472/1/4600 2489/2/4600 2486/3/4600
f 2520/1/4601 2517/2/4601 2514/3/4601
f 2520/1/4602 2533/2/4602 2517/3/4602
f 2519/1/4603 2524/2/4603 2516/3/4603
f 2519/1/4604 2516/2/4604 2509/3/4604
f 2486/1/4605 2457/2/4605 2469/3/4605
f 2526/1/4606 2506/2/4606 2477/3/4606
f 2523/1/4607 2521/2/4607 2518/3/4607
f 2520/1/4608 2530/2/4608 2533/3/4608
f 2523/1/4609 2532/2/4609 2521/3/4609
f 2528/1/4610 2522/2/4610 2527/3/4610
f 2523/1/4611 2533/2/4611 2532/3/4611
f 2531/1/4612 2530/2/4612 2520/3/4612
f 2529/1/4613 2524/2/4613 2519/3/4613
f 2529/1/4614 2535/2/4614 2524/3/4614
f 2527/1/4615 2534/2/4615 2528/3/4615
f 2531/1/4616 2536/2/4616 2530/3/4616
f 2506/1/4617 2491/2/4617 2478/3/4617
f 2529/1/4618 2537/2/4618 2539/3/4618
f 2529/1/4619 2539/2/4619 2535/3/4619
f 2535/1/4620 2534/2/4620 2527/3/4620
f 2535/1/4621 2538/2/4621 2534/3/4621
f 2535/1/4622 2539/2/4622 2538/3/4622
f 2540/1/4623 2634/2/4623 2541/3/4623
f 2541/1/4624 2634/2/4624 2542/3/4624
f 2544/1/4625 2636/2/4625 2543/3/4625
f 2545/1/4626 2547/2/4626 2546/3/4626
f 2526/1/4627 2477/2/4627 2471/3/4627
f 2552/1/4628 2553/2/4628 2549/3/4628
f 2551/1/4629 2554/2/4629 2550/3/4629
f 2551/1/4630 2555/2/4630 2554/3/4630
f 2553/1/4631 2548/2/4631 2549/3/4631
f 2495/1/4632 2554/2/4632 2555/3/4632
f 2556/1/4633 2526/2/4633 2471/3/4633
f 2557/1/4634 2486/2/4634 2469/3/4634
f 2480/1/4635 2560/2/4635 2471/3/4635
f 2495/1/4636 2563/2/4636 2505/3/4636
f 2553/1/4637 2561/2/4637 2559/3/4637
f 2553/1/4638 2558/2/4638 2561/3/4638
f 2526/1/4639 2491/2/4639 2506/3/4639
f 2526/1/4640 2499/2/4640 2491/3/4640
f 2562/1/4641 2505/2/4641 2563/3/4641
f 2555/1/4642 2564/2/4642 2565/3/4642
f 2557/1/4643 2469/2/4643 2487/3/4643
f 2563/1/4644 2495/2/4644 2566/3/4644
f 2496/1/4645 2486/2/4645 2557/3/4645
f 2568/1/4646 2652/2/4646 2562/3/4646
f 2561/1/4647 2558/2/4647 2569/3/4647
f 2497/1/4648 2560/2/4648 2480/3/4648
f 2566/1/4649 2565/2/4649 2567/3/4649
f 2570/1/4650 2558/2/4650 2571/3/4650
f 2652/1/4651 2568/2/4651 2572/3/4651
f 2565/1/4652 2566/2/4652 2555/3/4652
f 2567/1/4653 2563/2/4653 2566/3/4653
f 2499/1/4654 2526/2/4654 2556/3/4654
f 2569/1/4655 2558/2/4655 2570/3/4655
f 2556/1/4656 2471/2/4656 2560/3/4656
f 2565/1/4657 2575/2/4657 2567/3/4657
f 2568/1/4658 2567/2/4658 2574/3/4658
f 2504/1/4659 2496/2/4659 2557/3/4659
f 2565/1/4660 2573/2/4660 2575/3/4660
f 2500/1/4661 2557/2/4661 2487/3/4661
f 2577/1/4662 2564/2/4662 2576/3/4662
f 2572/1/4663 2580/2/4663 2579/3/4663
f 2578/1/4664 2573/2/4664 2577/3/4664
f 2504/1/4665 2557/2/4665 2500/3/4665
f 2569/1/4666 2570/2/4666 2582/3/4666
f 2398/1/4667 2585/2/4667 4946/3/4667
f 2583/1/4668 2584/2/4668 2577/3/4668
f 2497/1/4669 2586/2/4669 2560/3/4669
f 2583/1/4670 2577/2/4670 2576/3/4670
f 2560/1/4671 2499/2/4671 2556/3/4671
f 2582/1/4672 2570/2/4672 2356/3/4672
f 2588/1/4673 2346/2/4673 2574/3/4673
f 2578/1/4674 2577/2/4674 2584/3/4674
f 2589/1/4675 2579/2/4675 2580/3/4675
f 2590/1/4676 2589/2/4676 2580/3/4676
f 2578/1/4677 2584/2/4677 2591/3/4677
f 2357/1/4678 2584/2/4678 2583/3/4678
f 2590/1/4679 2574/2/4679 2346/3/4679
f 2560/1/4680 2514/2/4680 2499/3/4680
f 2592/1/4681 2497/2/4681 2501/3/4681
f 2410/1/4682 2379/2/4682 2370/3/4682
f 2346/1/4683 2345/2/4683 2590/3/4683
f 2357/1/4684 2583/2/4684 2582/3/4684
f 2592/1/4685 2586/2/4685 2497/3/4685
f 2594/1/4686 2589/2/4686 2590/3/4686
f 2589/1/4687 2375/2/4687 2355/3/4687
f 2511/1/4688 2508/2/4688 2581/3/4688
f 2410/1/4689 2398/2/4689 2379/3/4689
f 2515/1/4690 2504/2/4690 2500/3/4690
f 2594/1/4691 2345/2/4691 2344/3/4691
f 2373/1/4692 2584/2/4692 2357/3/4692
f 2356/1/4693 2365/2/4693 2367/3/4693
f 2344/1/4694 2375/2/4694 2594/3/4694
f 2586/1/4695 2514/2/4695 2560/3/4695
f 2363/1/4696 2355/2/4696 2351/3/4696
f 2351/1/4697 2375/2/4697 2377/3/4697
f 2373/1/4698 2361/2/4698 2382/3/4698
f 2518/1/4699 2500/2/4699 2507/3/4699
f 2518/1/4700 2507/2/4700 2510/3/4700
f 2373/1/4701 2357/2/4701 2361/3/4701
f 2364/1/4702 2360/2/4702 2363/3/4702
f 2390/1/4703 2375/2/4703 2344/3/4703
f 2592/1/4704 2595/2/4704 2586/3/4704
f 2518/1/4705 2515/2/4705 2500/3/4705
f 2592/1/4706 2501/2/4706 2512/3/4706
f 2367/1/4707 2365/2/4707 2392/3/4707
f 2392/1/4708 2365/2/4708 2381/3/4708
f 2392/1/4709 2385/2/4709 2367/3/4709
f 2377/1/4710 2380/2/4710 2378/3/4710
f 2390/1/4711 2344/2/4711 2389/3/4711
f 2383/1/4712 2361/2/4712 2362/3/4712
f 2383/1/4713 2412/2/4713 2361/3/4713
f 2520/1/4714 2586/2/4714 2596/3/4714
f 2520/1/4715 2514/2/4715 2586/3/4715
f 2401/1/4716 2392/2/4716 2381/3/4716
f 2382/1/4717 2412/2/4717 2403/3/4717
f 2382/1/4718 2361/2/4718 2412/3/4718
f 2392/1/4719 2427/2/4719 2393/3/4719
f 2412/1/4720 2409/2/4720 2418/3/4720
f 2518/1/4721 2510/2/4721 2517/3/4721
f 2401/1/4722 2427/2/4722 2392/3/4722
f 2596/1/4723 2586/2/4723 2595/3/4723
f 2412/1/4724 2418/2/4724 2411/3/4724
f 2427/1/4725 2401/2/4725 2417/3/4725
f 2405/1/4726 2416/2/4726 2425/3/4726
f 2418/1/4727 2409/2/4727 2393/3/4727
f 2512/1/4728 2595/2/4728 2592/3/4728
f 2418/1/4729 2421/2/4729 2411/3/4729
f 2419/1/4730 2421/2/4730 2418/3/4730
f 2441/1/4731 2421/2/4731 2419/3/4731
f 2445/1/4732 2436/2/4732 2430/3/4732
f 2439/1/4733 2421/2/4733 2441/3/4733
f 2502/1/4734 2446/2/4734 2459/3/4734
f 2461/1/4735 2502/2/4735 2465/3/4735
f 2523/1/4736 2518/2/4736 2517/3/4736
f 2522/1/4737 2511/2/4737 2516/3/4737
f 2490/1/4738 2465/2/4738 2502/3/4738
f 2525/1/4739 2502/2/4739 2467/3/4739
f 2490/1/4740 2502/2/4740 2525/3/4740
f 2481/1/4741 2497/2/4741 2480/3/4741
f 2481/1/4742 2480/2/4742 2468/3/4742
f 2512/1/4743 2597/2/4743 2595/3/4743
f 2490/1/4744 2525/2/4744 2492/3/4744
f 2497/1/4745 2481/2/4745 2492/3/4745
f 2527/1/4746 2522/2/4746 2516/3/4746
f 2493/1/4747 2581/2/4747 2525/3/4747
f 2492/1/4748 2525/2/4748 2581/3/4748
f 2501/1/4749 2497/2/4749 2492/3/4749
f 2581/1/4750 2493/2/4750 2503/3/4750
f 2544/1/4751 2547/2/4751 2545/3/4751
f 2545/1/4752 2636/2/4752 2544/3/4752
f 2550/1/4753 2553/2/4753 2551/3/4753
f 2595/1/4754 2520/2/4754 2596/3/4754
f 2595/1/4755 2531/2/4755 2520/3/4755
f 2550/1/4756 2548/2/4756 2553/3/4756
f 2524/1/4757 2527/2/4757 2516/3/4757
f 2597/1/4758 2512/2/4758 2522/3/4758
f 2576/1/4759 2559/2/4759 2561/3/4759
f 2523/1/4760 2517/2/4760 2533/3/4760
f 2355/1/4761 2347/2/4761 2589/3/4761
f 2358/1/4762 2584/2/4762 2373/3/4762
f 2390/1/4763 2391/2/4763 2380/3/4763
f 2390/1/4764 2377/2/4764 2375/3/4764
f 2390/1/4765 2380/2/4765 2377/3/4765
f 2391/1/4766 2416/2/4766 2380/3/4766
f 2419/1/4767 2393/2/4767 2426/3/4767
f 2597/1/4768 2522/2/4768 2528/3/4768
f 2598/1/4769 2595/2/4769 2597/3/4769
f 2599/1/4770 2597/2/4770 2528/3/4770
f 2599/1/4771 2600/2/4771 2597/3/4771
f 2598/1/4772 2531/2/4772 2595/3/4772
f 2600/1/4773 2598/2/4773 2597/3/4773
f 2535/1/4774 2527/2/4774 2524/3/4774
f 2530/1/4775 2532/2/4775 2533/3/4775
f 2599/1/4776 2601/2/4776 2600/3/4776
f 2599/1/4777 2528/2/4777 2534/3/4777
f 2600/1/4778 2531/2/4778 2598/3/4778
f 2600/1/4779 2602/2/4779 2531/3/4779
f 2534/1/4780 2601/2/4780 2599/3/4780
f 2530/1/4781 2603/2/4781 2532/3/4781
f 2602/1/4782 2600/2/4782 2601/3/4782
f 2536/1/4783 2531/2/4783 2602/3/4783
f 2604/1/4784 2530/2/4784 2536/3/4784
f 2538/1/4785 2601/2/4785 2534/3/4785
f 2539/1/4786 2606/2/4786 2538/3/4786
f 2607/1/4787 2536/2/4787 2602/3/4787
f 2601/1/4788 2605/2/4788 2602/3/4788
f 2604/1/4789 2603/2/4789 2530/3/4789
f 2604/1/4790 2536/2/4790 2607/3/4790
f 2607/1/4791 2602/2/4791 2605/3/4791
f 2605/1/4792 2601/2/4792 2538/3/4792
f 2609/1/4793 2537/2/4793 2610/3/4793
f 2609/1/4794 2539/2/4794 2537/3/4794
f 2605/1/4795 2538/2/4795 2608/3/4795
f 2609/1/4796 2606/2/4796 2539/3/4796
f 2604/1/4797 2611/2/4797 2603/3/4797
f 2606/1/4798 2608/2/4798 2538/3/4798
f 2606/1/4799 2613/2/4799 2608/3/4799
f 2604/1/4800 2607/2/4800 2614/3/4800
f 2614/1/4801 2607/2/4801 2605/3/4801
f 2615/1/4802 2609/2/4802 2610/3/4802
f 2614/1/4803 2611/2/4803 2604/3/4803
f 2614/1/4804 2605/2/4804 2608/3/4804
f 2613/1/4805 2606/2/4805 2609/3/4805
f 2612/1/4806 2615/2/4806 2610/3/4806
f 2615/1/4807 2616/2/4807 2609/3/4807
f 2617/1/4808 2614/2/4808 2608/3/4808
f 2616/1/4809 2613/2/4809 2609/3/4809
f 2618/1/4810 2608/2/4810 2613/3/4810
f 2615/1/4811 2621/2/4811 2616/3/4811
f 2614/1/4812 2622/2/4812 2611/3/4812
f 2618/1/4813 2613/2/4813 2616/3/4813
f 2617/1/4814 2622/2/4814 2614/3/4814
f 2624/1/4815 2617/2/4815 2608/3/4815
f 2624/1/4816 2608/2/4816 2618/3/4816
f 2619/1/4817 2615/2/4817 2612/3/4817
f 2620/1/4818 2621/2/4818 2623/3/4818
f 2619/1/4819 2623/2/4819 2621/3/4819
f 2619/1/4820 2621/2/4820 2615/3/4820
f 2621/1/4821 2620/2/4821 2618/3/4821
f 2621/1/4822 2618/2/4822 2616/3/4822
f 2624/1/4823 2622/2/4823 2617/3/4823
f 2632/1/4824 2620/2/4824 2623/3/4824
f 2627/1/4825 2623/2/4825 2626/3/4825
f 2624/1/4826 2628/2/4826 2622/3/4826
f 2629/1/4827 2632/2/4827 2623/3/4827
f 2620/1/4828 2624/2/4828 2618/3/4828
f 2629/1/4829 2623/2/4829 2627/3/4829
f 2625/1/4830 2626/2/4830 2623/3/4830
f 2625/1/4831 2623/2/4831 2619/3/4831
f 2630/1/4832 2627/2/4832 2540/3/4832
f 2631/1/4833 2629/2/4833 2627/3/4833
f 2631/1/4834 2627/2/4834 2630/3/4834
f 2632/1/4835 2624/2/4835 2620/3/4835
f 2632/1/4836 2628/2/4836 2624/3/4836
f 2911/1/4837 2627/2/4837 2626/3/4837
f 2543/1/4838 2630/2/4838 2540/3/4838
f 2540/1/4839 2627/2/4839 2911/3/4839
f 2632/1/4840 2633/2/4840 2628/3/4840
f 2629/1/4841 2633/2/4841 2632/3/4841
f 2629/1/4842 2635/2/4842 2633/3/4842
f 2544/1/4843 2543/2/4843 2541/3/4843
f 2631/1/4844 2635/2/4844 2629/3/4844
f 2547/1/4845 2544/2/4845 2541/3/4845
f 2543/1/4846 2540/2/4846 2541/3/4846
f 2547/1/4847 2541/2/4847 2637/3/4847
f 2631/1/4848 2630/2/4848 2543/3/4848
f 2631/1/4849 2636/2/4849 2635/3/4849
f 2543/1/4850 2636/2/4850 2631/3/4850
f 2637/1/4851 2541/2/4851 2542/3/4851
f 2638/1/4852 2547/2/4852 2637/3/4852
f 2638/1/4853 2637/2/4853 2640/3/4853
f 2639/1/4854 2640/2/4854 2637/3/4854
f 2546/1/4855 2547/2/4855 2638/3/4855
f 2641/1/4856 2642/2/4856 2639/3/4856
f 2640/1/4857 2546/2/4857 2638/3/4857
f 2642/1/4858 2640/2/4858 2639/3/4858
f 2640/1/4859 2643/2/4859 2546/3/4859
f 2642/1/4860 2643/2/4860 2640/3/4860
f 2644/1/4861 2642/2/4861 2641/3/4861
f 2645/1/4862 2642/2/4862 2644/3/4862
f 2645/1/4863 2643/2/4863 2642/3/4863
f 2646/1/4864 2644/2/4864 2641/3/4864
f 2646/1/4865 2641/2/4865 2281/3/4865
f 2645/1/4866 2647/2/4866 2643/3/4866
f 2644/1/4867 2647/2/4867 2645/3/4867
f 2646/1/4868 2281/2/4868 2283/3/4868
f 2648/1/4869 2644/2/4869 2646/3/4869
f 2648/1/4870 2647/2/4870 2644/3/4870
f 2646/1/4871 2283/2/4871 2648/3/4871
f 2649/1/4872 2476/2/4872 2474/3/4872
f 2649/1/4873 2479/2/4873 2476/3/4873
f 2485/1/4874 2479/2/4874 2649/3/4874
f 2649/1/4875 2549/2/4875 2548/3/4875
f 2548/1/4876 2485/2/4876 2649/3/4876
f 2550/1/4877 2485/2/4877 2548/3/4877
f 2554/1/4878 2485/2/4878 2550/3/4878
f 2488/1/4879 2554/2/4879 2495/3/4879
f 2505/1/4880 2488/2/4880 2495/3/4880
f 2488/1/4881 2505/2/4881 2650/3/4881
f 2551/1/4882 2553/2/4882 2559/3/4882
f 2562/1/4883 2650/2/4883 2505/3/4883
f 2562/1/4884 2651/2/4884 2650/3/4884
f 2652/1/4885 2651/2/4885 2562/3/4885
f 2558/1/4886 2553/2/4886 2552/3/4886
f 2566/1/4887 2495/2/4887 2555/3/4887
f 2555/1/4888 2551/2/4888 2559/3/4888
f 2559/1/4889 2564/2/4889 2555/3/4889
f 2568/1/4890 2563/2/4890 2567/3/4890
f 2576/1/4891 2564/2/4891 2559/3/4891
f 2568/1/4892 2562/2/4892 2563/3/4892
f 2579/1/4893 2653/2/4893 5111/3/4893
f 2573/1/4894 2565/2/4894 2564/3/4894
f 2569/1/4895 2583/2/4895 2561/3/4895
f 2572/1/4896 2568/2/4896 2580/3/4896
f 2572/1/4897 2579/2/4897 5111/3/4897
f 2583/1/4898 2576/2/4898 2561/3/4898
f 2348/1/4899 2588/2/4899 2587/3/4899
f 2577/1/4900 2573/2/4900 2564/3/4900
f 2575/1/4901 2588/2/4901 2567/3/4901
f 2575/1/4902 2587/2/4902 2588/3/4902
f 2347/1/4903 2653/2/4903 2579/3/4903
f 2570/1/4904 2571/2/4904 2353/3/4904
f 2580/1/4905 2568/2/4905 2574/3/4905
f 2575/1/4906 2573/2/4906 2587/3/4906
f 2574/1/4907 2567/2/4907 2588/3/4907
f 2569/1/4908 2582/2/4908 2583/3/4908
f 2348/1/4909 2587/2/4909 2591/3/4909
f 2578/1/4910 2587/2/4910 2573/3/4910
f 2587/1/4911 2578/2/4911 2591/3/4911
f 2590/1/4912 2580/2/4912 2574/3/4912
f 2593/1/4913 2348/2/4913 2591/3/4913
f 2589/1/4914 2347/2/4914 2579/3/4914
f 2591/1/4915 2584/2/4915 2593/3/4915
f 2363/1/4916 2372/2/4916 2347/3/4916
f 2356/1/4917 2570/2/4917 2353/3/4917
f 2348/1/4918 2346/2/4918 2588/3/4918
f 2590/1/4919 2345/2/4919 2594/3/4919
f 2582/1/4920 2356/2/4920 2366/3/4920
f 2362/1/4921 2357/2/4921 2582/3/4921
f 2362/1/4922 2582/2/4922 2366/3/4922
f 2358/1/4923 2593/2/4923 2584/3/4923
f 2676/1/4924 2250/2/4924 2253/3/4924
f 2660/1/4925 2668/2/4925 3135/3/4925
f 2666/1/4926 2700/2/4926 2667/3/4926
f 2672/1/4927 2674/2/4927 2673/3/4927
f 2680/1/4928 3022/2/4928 2681/3/4928
f 2684/1/4929 2675/2/4929 2685/3/4929
f 2678/1/4930 2690/2/4930 2658/3/4930
f 3136/1/4931 2655/2/4931 2692/3/4931
f 2661/1/4932 3148/2/4932 2662/3/4932
f 2669/1/4933 3115/2/4933 2933/3/4933
f 2680/1/4934 2677/2/4934 3022/3/4934
f 2694/1/4935 2697/2/4935 2695/3/4935
f 2684/1/4936 2688/2/4936 2675/3/4936
f 2658/1/4937 2690/2/4937 2698/3/4937
f 2660/1/4938 2699/2/4938 2668/3/4938
f 2703/1/4939 2925/2/4939 2687/3/4939
f 2666/1/4940 2698/2/4940 2700/3/4940
f 2687/1/4941 3022/2/4941 2677/3/4941
f 2654/1/4942 2675/2/4942 2708/3/4942
f 2710/1/4943 2659/2/4943 2711/3/4943
f 2712/1/4944 2676/2/4944 2686/3/4944
f 2714/1/4945 2660/2/4945 2665/3/4945
f 2717/1/4946 2689/2/4946 2691/3/4946
f 2718/1/4947 3148/2/4947 2661/3/4947
f 3136/1/4948 2721/2/4948 2670/3/4948
f 2775/1/4949 2693/2/4949 2689/3/4949
f 2775/1/4950 2689/2/4950 2717/3/4950
f 2671/1/4951 2670/2/4951 2721/3/4951
f 2692/1/4952 2721/2/4952 3136/3/4952
f 2726/1/4953 2711/2/4953 2724/3/4953
f 2686/1/4954 2676/2/4954 2253/3/4954
f 2718/1/4955 2727/2/4955 3148/3/4955
f 2684/1/4956 2657/2/4956 2728/3/4956
f 2683/1/4957 2715/2/4957 2729/3/4957
f 2714/1/4958 2699/2/4958 2660/3/4958
f 2730/1/4959 2705/2/4959 2702/3/4959
f 2730/1/4960 2704/2/4960 2705/3/4960
f 2721/1/4961 2716/2/4961 2671/3/4961
f 2734/1/4962 2686/2/4962 2808/3/4962
f 2734/1/4963 2712/2/4963 2686/3/4963
f 2731/1/4964 2727/2/4964 2718/3/4964
f 2736/1/4965 2684/2/4965 2728/3/4965
f 2737/1/4966 2707/2/4966 2683/3/4966
f 2738/1/4967 2726/2/4967 2716/3/4967
f 2710/1/4968 2726/2/4968 2751/3/4968
f 2740/1/4969 2725/2/4969 2720/3/4969
f 2741/1/4970 2742/2/4970 2743/3/4970
f 2701/1/4971 2674/2/4971 2672/3/4971
f 2701/1/4972 3121/2/4972 2674/3/4972
f 2704/1/4973 2730/2/4973 2831/3/4973
f 2736/1/4974 2728/2/4974 2746/3/4974
f 2690/1/4975 2747/2/4975 2698/3/4975
f 2750/1/4976 2703/2/4976 2687/3/4976
f 2702/1/4977 3121/2/4977 2701/3/4977
f 2716/1/4978 2754/2/4978 2738/3/4978
f 2754/1/4979 2716/2/4979 2721/3/4979
f 2756/1/4980 2752/2/4980 2801/3/4980
f 2757/1/4981 2727/2/4981 2731/3/4981
f 2756/1/4982 2801/2/4982 2758/3/4982
f 2764/1/4983 2707/2/4983 2737/3/4983
f 2734/1/4984 2723/2/4984 2712/3/4984
f 2938/1/4985 2681/2/4985 2664/3/4985
f 2762/1/4986 2741/2/4986 2743/3/4986
f 2763/1/4987 2753/2/4987 2733/3/4987
f 2754/1/4988 2721/2/4988 2811/3/4988
f 2767/1/4989 2713/2/4989 2703/3/4989
f 2767/1/4990 2703/2/4990 2750/3/4990
f 2770/1/4991 2729/2/4991 2900/3/4991
f 2741/1/4992 2771/2/4992 2761/3/4992
f 2722/1/4993 2706/2/4993 2704/3/4993
f 2763/1/4994 2755/2/4994 2753/3/4994
f 2768/1/4995 2773/2/4995 2811/3/4995
f 2768/1/4996 2811/2/4996 2721/3/4996
f 2680/1/4997 2681/2/4997 2938/3/4997
f 2774/1/4998 2743/2/4998 2775/3/4998
f 2772/1/4999 2986/2/4999 2740/3/4999
f 2774/1/5000 2762/2/5000 2743/3/5000
f 2776/1/5001 2677/2/5001 2680/3/5001
f 2777/1/5002 2877/2/5002 2778/3/5002
f 2763/1/5003 2733/2/5003 2732/3/5003
f 2779/1/5004 2785/2/5004 2886/3/5004
f 2762/1/5005 2771/2/5005 2741/3/5005
f 2780/1/5006 2781/2/5006 2757/3/5006
f 2773/1/5007 2768/2/5007 2886/3/5007
f 2782/1/5008 2755/2/5008 2763/3/5008
f 2784/1/5009 2754/2/5009 2354/3/5009
f 2750/1/5010 2687/2/5010 2677/3/5010
f 2766/1/5011 2786/2/5011 2682/3/5011
f 2787/1/5012 2764/2/5012 2737/3/5012
f 2787/1/5013 2737/2/5013 2770/3/5013
f 2766/1/5014 2739/2/5014 2786/3/5014
f 2762/1/5015 2797/2/5015 2771/3/5015
f 2759/1/5016 2558/2/5016 2552/3/5016
f 2788/1/5017 2702/2/5017 2766/3/5017
f 2788/1/5018 2730/2/5018 2702/3/5018
f 2789/1/5019 2773/2/5019 2886/3/5019
f 2739/1/5020 2755/2/5020 2786/3/5020
f 2676/1/5021 3130/2/5021 2250/3/5021
f 2759/1/5022 2571/2/5022 2558/3/5022
f 2759/1/5023 2751/2/5023 2571/3/5023
f 2990/1/5024 2760/2/5024 2783/3/5024
f 2763/1/5025 2732/2/5025 2769/3/5025
f 2780/1/5026 4822/2/5026 2781/3/5026
f 2791/1/5027 2969/2/5027 2746/3/5027
f 2784/1/5028 2353/2/5028 2571/3/5028
f 2785/1/5029 2792/2/5029 2789/3/5029
f 2795/1/5030 2770/2/5030 2796/3/5030
f 2795/1/5031 2787/2/5031 2770/3/5031
f 2763/1/5032 2769/2/5032 2843/3/5032
f 2353/1/5033 2784/2/5033 2354/3/5033
f 2774/1/5034 2797/2/5034 2762/3/5034
f 2682/1/5035 2788/2/5035 2766/3/5035
f 2793/1/5036 2777/2/5036 2794/3/5036
f 2793/1/5037 2794/2/5037 2802/3/5037
f 2804/1/5038 2962/2/5038 2793/3/5038
f 2785/1/5039 2830/2/5039 2792/3/5039
f 2805/1/5040 2846/2/5040 2801/3/5040
f 2806/1/5041 2791/2/5041 2765/3/5041
f 2809/1/5042 2677/2/5042 2776/3/5042
f 2381/1/5043 2365/2/5043 2811/3/5043
f 2813/1/5044 2796/2/5044 2804/3/5044
f 2814/1/5045 2761/2/5045 2771/3/5045
f 2815/1/5046 2757/2/5046 2731/3/5046
f 2774/1/5047 2803/2/5047 2670/3/5047
f 2774/1/5048 2670/2/5048 2797/3/5048
f 2694/1/5049 2744/2/5049 2734/3/5049
f 2694/1/5050 2817/2/5050 2744/3/5050
f 2782/1/5051 2843/2/5051 2819/3/5051
f 2782/1/5052 2763/2/5052 2843/3/5052
f 2829/1/5053 2799/2/5053 2800/3/5053
f 2816/1/5054 2812/2/5054 2806/3/5054
f 2820/1/5055 2804/2/5055 2821/3/5055
f 2820/1/5056 2813/2/5056 2804/3/5056
f 2822/1/5057 2401/2/5057 2381/3/5057
f 2822/1/5058 2381/2/5058 2773/3/5058
f 2823/1/5059 2825/2/5059 2824/3/5059
f 2821/1/5060 2826/2/5060 2820/3/5060
f 2780/1/5061 2757/2/5061 2815/3/5061
f 2827/1/5062 2829/2/5062 2800/3/5062
f 2832/1/5063 2816/2/5063 2806/3/5063
f 2822/1/5064 2417/2/5064 2401/3/5064
f 2724/1/5065 2771/2/5065 2797/3/5065
f 2816/1/5066 2832/2/5066 2836/3/5066
f 2828/1/5067 2845/2/5067 2801/3/5067
f 2822/1/5068 2430/2/5068 2417/3/5068
f 2676/1/5069 2934/2/5069 3130/3/5069
f 2837/1/5070 2821/2/5070 2802/3/5070
f 2837/1/5071 2826/2/5071 2821/3/5071
f 2838/1/5072 2839/2/5072 2860/3/5072
f 2840/1/5073 2836/2/5073 2832/3/5073
f 2430/1/5074 2822/2/5074 2830/3/5074
f 2809/1/5075 2750/2/5075 2677/3/5075
f 2657/1/5076 2685/2/5076 2831/3/5076
f 2834/1/5077 2802/2/5077 2794/3/5077
f 2840/1/5078 2841/2/5078 2842/3/5078
f 2769/1/5079 2817/2/5079 2843/3/5079
f 2844/1/5080 2724/2/5080 2797/3/5080
f 2724/1/5081 2814/2/5081 2771/3/5081
f 2780/1/5082 2815/2/5082 2845/3/5082
f 2841/1/5083 2820/2/5083 2826/3/5083
f 2935/1/5084 2934/2/5084 2676/3/5084
f 2846/1/5085 2828/2/5085 2801/3/5085
f 2847/1/5086 2827/2/5086 2818/3/5086
f 2845/1/5087 2815/2/5087 2731/3/5087
f 2847/1/5088 2818/2/5088 2848/3/5088
f 2842/1/5089 2836/2/5089 2840/3/5089
f 2849/1/5090 2807/2/5090 2255/3/5090
f 2845/1/5091 2731/2/5091 2758/3/5091
f 2834/1/5092 2837/2/5092 2802/3/5092
f 2715/1/5093 2782/2/5093 2819/3/5093
f 2724/1/5094 2711/2/5094 2814/3/5094
f 2850/1/5095 2445/2/5095 2833/3/5095
f 2455/1/5096 2850/2/5096 2847/3/5096
f 2851/1/5097 2824/2/5097 3019/3/5097
f 2846/1/5098 2666/2/5098 2667/3/5098
f 2852/1/5099 2842/2/5099 2841/3/5099
f 2846/1/5100 2667/2/5100 2828/3/5100
f 2853/1/5101 2826/2/5101 2837/3/5101
f 2455/1/5102 2847/2/5102 2848/3/5102
f 2854/1/5103 2852/2/5103 2841/3/5103
f 2854/1/5104 2855/2/5104 2852/3/5104
f 2854/1/5105 2841/2/5105 2826/3/5105
f 3121/1/5106 2750/2/5106 2809/3/5106
f 3121/1/5107 2767/2/5107 2750/3/5107
f 2862/1/5108 2834/2/5108 2835/3/5108
f 2817/1/5109 2694/2/5109 2695/3/5109
f 2848/1/5110 2467/2/5110 2459/3/5110
f 2848/1/5111 2459/2/5111 2455/3/5111
f 2860/1/5112 2861/2/5112 2862/3/5112
f 2684/1/5113 2685/2/5113 2657/3/5113
f 2671/1/5114 2844/2/5114 2797/3/5114
f 2671/1/5115 2797/2/5115 2670/3/5115
f 2858/1/5116 2837/2/5116 2834/3/5116
f 2858/1/5117 2853/2/5117 2837/3/5117
f 2844/1/5118 2726/2/5118 2724/3/5118
f 2854/1/5119 2826/2/5119 2853/3/5119
f 2862/1/5120 2864/2/5120 2834/3/5120
f 2862/1/5121 2835/2/5121 2860/3/5121
f 2854/1/5122 2865/2/5122 2855/3/5122
f 2852/1/5123 2855/2/5123 2866/3/5123
f 2844/1/5124 2716/2/5124 2726/3/5124
f 2844/1/5125 2671/2/5125 2716/3/5125
f 2864/1/5126 2858/2/5126 2834/3/5126
f 2868/1/5127 2854/2/5127 2853/3/5127
f 2857/1/5128 2859/2/5128 2856/3/5128
f 2868/1/5129 2865/2/5129 2854/3/5129
f 2868/1/5130 2869/2/5130 2865/3/5130
f 2866/1/5131 2494/2/5131 2870/3/5131
f 2862/1/5132 2871/2/5132 2872/3/5132
f 2862/1/5133 2861/2/5133 2871/3/5133
f 2483/1/5134 2863/2/5134 2870/3/5134
f 2873/1/5135 2858/2/5135 2864/3/5135
f 2873/1/5136 2869/2/5136 2858/3/5136
f 2494/1/5137 2483/2/5137 2870/3/5137
f 2873/1/5138 2864/2/5138 2862/3/5138
f 2867/1/5139 2819/2/5139 2843/3/5139
f 2873/1/5140 2862/2/5140 2872/3/5140
f 2874/1/5141 2866/2/5141 2855/3/5141
f 2872/1/5142 2875/2/5142 2873/3/5142
f 2876/1/5143 2494/2/5143 2866/3/5143
f 2708/1/5144 2675/2/5144 2688/3/5144
f 2876/1/5145 2503/2/5145 2494/3/5145
f 2876/1/5146 2509/2/5146 2503/3/5146
f 2877/1/5147 2817/2/5147 2695/3/5147
f 2745/1/5148 2936/2/5148 2935/3/5148
f 2872/1/5149 2871/2/5149 2890/3/5149
f 2875/1/5150 2881/2/5150 3027/3/5150
f 2882/1/5151 2883/2/5151 2871/3/5151
f 2875/1/5152 2884/2/5152 2881/3/5152
f 2885/1/5153 2519/2/5153 2509/3/5153
f 2885/1/5154 2509/2/5154 2876/3/5154
f 2708/1/5155 2886/2/5155 2655/3/5155
f 2887/1/5156 2875/2/5156 2872/3/5156
f 2708/1/5157 2655/2/5157 2654/3/5157
f 2712/1/5158 2935/2/5158 2676/3/5158
f 2888/1/5159 2878/2/5159 2879/3/5159
f 2887/1/5160 2872/2/5160 2890/3/5160
f 2877/1/5161 2843/2/5161 2817/3/5161
f 2879/1/5162 2889/2/5162 2888/3/5162
f 2885/1/5163 2888/2/5163 2519/3/5163
f 2877/1/5164 2867/2/5164 2843/3/5164
f 2890/1/5165 2871/2/5165 2883/3/5165
f 2888/1/5166 2529/2/5166 2519/3/5166
f 2819/1/5167 2867/2/5167 2892/3/5167
f 2887/1/5168 2893/2/5168 2884/3/5168
f 2887/1/5169 2890/2/5169 2891/3/5169
f 2890/1/5170 2883/2/5170 2891/3/5170
f 2894/1/5171 2881/2/5171 2884/3/5171
f 2880/1/5172 2807/2/5172 2849/3/5172
f 2895/1/5173 2893/2/5173 2887/3/5173
f 2893/1/5174 2894/2/5174 2884/3/5174
f 2896/1/5175 2880/2/5175 2904/3/5175
f 2891/1/5176 2895/2/5176 2887/3/5176
f 2891/1/5177 2897/2/5177 2895/3/5177
f 2889/1/5178 2537/2/5178 2529/3/5178
f 2889/1/5179 2529/2/5179 2888/3/5179
f 2891/1/5180 2898/2/5180 2897/3/5180
f 2899/1/5181 2894/2/5181 2893/3/5181
f 2900/1/5182 2715/2/5182 2819/3/5182
f 2901/1/5183 2893/2/5183 2895/3/5183
f 2708/1/5184 2902/2/5184 2779/3/5184
f 2899/1/5185 2612/2/5185 2610/3/5185
f 2899/1/5186 2901/2/5186 2612/3/5186
f 2880/1/5187 2849/2/5187 2904/3/5187
f 2905/1/5188 2898/2/5188 2903/3/5188
f 2905/1/5189 2903/2/5189 2906/3/5189
f 2723/1/5190 2935/2/5190 2712/3/5190
f 2886/1/5191 2692/2/5191 2655/3/5191
f 2907/1/5192 2906/2/5192 2903/3/5192
f 2907/1/5193 2910/2/5193 2909/3/5193
f 2907/1/5194 2909/2/5194 2906/3/5194
f 2911/1/5195 2634/2/5195 2540/3/5195
f 2910/1/5196 2907/2/5196 2912/3/5196
f 2688/1/5197 2902/2/5197 2708/3/5197
f 2913/1/5198 2910/2/5198 2914/3/5198
f 2692/1/5199 2768/2/5199 2721/3/5199
f 2745/1/5200 2935/2/5200 2723/3/5200
f 2917/1/5201 2918/2/5201 2919/3/5201
f 2900/1/5202 2819/2/5202 2892/3/5202
f 2886/1/5203 2768/2/5203 2692/3/5203
f 2926/1/5204 2929/2/5204 2927/3/5204
f 2926/1/5205 2927/2/5205 3128/3/5205
f 2896/1/5206 2694/2/5206 2880/3/5206
f 3081/1/5207 2930/2/5207 2931/3/5207
f 3094/1/5208 3483/2/5208 2932/3/5208
f 2933/1/5209 2934/2/5209 2935/3/5209
f 2936/1/5210 2669/2/5210 2933/3/5210
f 2697/1/5211 2694/2/5211 2896/3/5211
f 2938/1/5212 2664/2/5212 2937/3/5212
f 2939/1/5213 3107/2/5213 2940/3/5213
f 2939/1/5214 2941/2/5214 3107/3/5214
f 2736/1/5215 2688/2/5215 2684/3/5215
f 2941/1/5216 3106/2/5216 3107/3/5216
f 2753/1/5217 3111/2/5217 2733/3/5217
f 2943/1/5218 3134/2/5218 3106/3/5218
f 2942/1/5219 2849/2/5219 2255/3/5219
f 2943/1/5220 3106/2/5220 2941/3/5220
f 2900/1/5221 2729/2/5221 2715/3/5221
f 2674/1/5222 2776/2/5222 2673/3/5222
f 2945/1/5223 2946/2/5223 2947/3/5223
f 2939/1/5224 2948/2/5224 2941/3/5224
f 2745/1/5225 2937/2/5225 2936/3/5225
f 2740/1/5226 2986/2/5226 2725/3/5226
f 2950/1/5227 2941/2/5227 2948/3/5227
f 2943/1/5228 2951/2/5228 2952/3/5228
f 2892/1/5229 2867/2/5229 2877/3/5229
f 2892/1/5230 2877/2/5230 2777/3/5230
f 2950/1/5231 2943/2/5231 2941/3/5231
f 2943/1/5232 2950/2/5232 2951/3/5232
f 2733/1/5233 2937/2/5233 2745/3/5233
f 2947/1/5234 2953/2/5234 2966/3/5234
f 2945/1/5235 2947/2/5235 2966/3/5235
f 2945/1/5236 2966/2/5236 2958/3/5236
f 2942/1/5237 2904/2/5237 2849/3/5237
f 2956/1/5238 2945/2/5238 2958/3/5238
f 2736/1/5239 2902/2/5239 2688/3/5239
f 2739/1/5240 2672/2/5240 2944/3/5240
f 2948/1/5241 2961/2/5241 2950/3/5241
f 2942/1/5242 2255/2/5242 2257/3/5242
f 2951/1/5243 2963/2/5243 2964/3/5243
f 2951/1/5244 2964/2/5244 2953/3/5244
f 2951/1/5245 2953/2/5245 2952/3/5245
f 2965/1/5246 2957/2/5246 2956/3/5246
f 2959/1/5247 2960/2/5247 2693/3/5247
f 2672/1/5248 2739/2/5248 2701/3/5248
f 2965/1/5249 2696/2/5249 2957/3/5249
f 2759/1/5250 2735/2/5250 2710/3/5250
f 2953/1/5251 2964/2/5251 2966/3/5251
f 2886/1/5252 2708/2/5252 2779/3/5252
f 2963/1/5253 2950/2/5253 2961/3/5253
f 2661/1/5254 3122/2/5254 2696/3/5254
f 2697/1/5255 2896/2/5255 2955/3/5255
f 2965/1/5256 2967/2/5256 2696/3/5256
f 2965/1/5257 2956/2/5257 2958/3/5257
f 2784/1/5258 2751/2/5258 2738/3/5258
f 2690/1/5259 2725/2/5259 2747/3/5259
f 2742/1/5260 2961/2/5260 2948/3/5260
f 2742/1/5261 2749/2/5261 2961/3/5261
f 2759/1/5262 2710/2/5262 2751/3/5262
f 2966/1/5263 2964/2/5263 2968/3/5263
f 2736/1/5264 2969/2/5264 2902/3/5264
f 2709/1/5265 2706/2/5265 2722/3/5265
f 2766/1/5266 2701/2/5266 2739/3/5266
f 2966/1/5267 2968/2/5267 2970/3/5267
f 2971/1/5268 2695/2/5268 2697/3/5268
f 2968/1/5269 2963/2/5269 2748/3/5269
f 2766/1/5270 2702/2/5270 2701/3/5270
f 2784/1/5271 2738/2/5271 2754/3/5271
f 2709/1/5272 2722/2/5272 2974/3/5272
f 2709/1/5273 2974/2/5273 2973/3/5273
f 2966/1/5274 2975/2/5274 2958/3/5274
f 2966/1/5275 2970/2/5275 2975/3/5275
f 2968/1/5276 2972/2/5276 2970/3/5276
f 2967/1/5277 2965/2/5277 2958/3/5277
f 2967/1/5278 2958/2/5278 2975/3/5278
f 2886/1/5279 2785/2/5279 2789/3/5279
f 2748/1/5280 2976/2/5280 2972/3/5280
f 2900/1/5281 2962/2/5281 2796/3/5281
f 2748/1/5282 2972/2/5282 2968/3/5282
f 2761/1/5283 2749/2/5283 2741/3/5283
f 2975/1/5284 2977/2/5284 2752/3/5284
f 2974/1/5285 2978/2/5285 2973/3/5285
f 2971/1/5286 2877/2/5286 2695/3/5286
f 2962/1/5287 2777/2/5287 2793/3/5287
f 2962/1/5288 2892/2/5288 2777/3/5288
f 2979/1/5289 2974/2/5289 2722/3/5289
f 2697/1/5290 2955/2/5290 2981/3/5290
f 2976/1/5291 2748/2/5291 2982/3/5291
f 2983/1/5292 2717/2/5292 2973/3/5292
f 2983/1/5293 2980/2/5293 2717/3/5293
f 2983/1/5294 2984/2/5294 2980/3/5294
f 2980/1/5295 2984/2/5295 2803/3/5295
f 2980/1/5296 2803/2/5296 2775/3/5296
f 2685/1/5297 2722/2/5297 2831/3/5297
f 2985/1/5298 2972/2/5298 2976/3/5298
f 2976/1/5299 2982/2/5299 2985/3/5299
f 2805/1/5300 2801/2/5300 2752/3/5300
f 2971/1/5301 2697/2/5301 2981/3/5301
f 2779/1/5302 2799/2/5302 2785/3/5302
f 2962/1/5303 2900/2/5303 2892/3/5303
f 2778/1/5304 2877/2/5304 2971/3/5304
f 2977/1/5305 2975/2/5305 2790/3/5305
f 2725/1/5306 2986/2/5306 2747/3/5306
f 2982/1/5307 2987/2/5307 2659/3/5307
f 2805/1/5308 2752/2/5308 2977/3/5308
f 2902/1/5309 2799/2/5309 2779/3/5309
f 2982/1/5310 2659/2/5310 2989/3/5310
f 2823/1/5311 2942/2/5311 2257/3/5311
f 2979/1/5312 2675/2/5312 2974/3/5312
f 2983/1/5313 2978/2/5313 2654/3/5313
f 2770/1/5314 2900/2/5314 2796/3/5314
f 2989/1/5315 2985/2/5315 2982/3/5315
f 2659/1/5316 2814/2/5316 2711/3/5316
f 2659/1/5317 2987/2/5317 2814/3/5317
f 2798/1/5318 2902/2/5318 2969/3/5318
f 2715/1/5319 2683/2/5319 2786/3/5319
f 2679/1/5320 2989/2/5320 2720/3/5320
f 2993/1/5321 2658/2/5321 2698/3/5321
f 2798/1/5322 2799/2/5322 2902/3/5322
f 2823/1/5323 2257/2/5323 2825/3/5323
f 2707/1/5324 2788/2/5324 2682/3/5324
f 2719/1/5325 2720/2/5325 2659/3/5325
f 2707/1/5326 2682/2/5326 2683/3/5326
f 2354/1/5327 2754/2/5327 2811/3/5327
f 2656/1/5328 2728/2/5328 2657/3/5328
f 2656/1/5329 2788/2/5329 2707/3/5329
f 2679/1/5330 2720/2/5330 2725/3/5330
f 2679/1/5331 2690/2/5331 2678/3/5331
f 2679/1/5332 2725/2/5332 2690/3/5332
f 2783/1/5333 2549/2/5333 2649/3/5333
f 2710/1/5334 2735/2/5334 2719/3/5334
f 2710/1/5335 2719/2/5335 2659/3/5335
f 2992/1/5336 2904/2/5336 2942/3/5336
f 2992/1/5337 2896/2/5337 2904/3/5337
f 2772/1/5338 2991/2/5338 2986/3/5338
f 2990/1/5339 2783/2/5339 2649/3/5339
f 2719/1/5340 2740/2/5340 2720/3/5340
f 2656/1/5341 2764/2/5341 2728/3/5341
f 2778/1/5342 2971/2/5342 2981/3/5342
f 2778/1/5343 2981/2/5343 2838/3/5343
f 2707/1/5344 2764/2/5344 2656/3/5344
f 2726/1/5345 2710/2/5345 2711/3/5345
f 2996/1/5346 2772/2/5346 2990/3/5346
f 2772/1/5347 2996/2/5347 2991/3/5347
f 2995/1/5348 2236/2/5348 2239/3/5348
f 2729/1/5349 2737/2/5349 2683/3/5349
f 2994/1/5350 3283/2/5350 2236/3/5350
f 2994/1/5351 2236/2/5351 2995/3/5351
f 2738/1/5352 2751/2/5352 2726/3/5352
f 2811/1/5353 2365/2/5353 2354/3/5353
f 2735/1/5354 2760/2/5354 2740/3/5354
f 2735/1/5355 2740/2/5355 2719/3/5355
f 2992/1/5356 2955/2/5356 2896/3/5356
f 2746/1/5357 2728/2/5357 2764/3/5357
f 2729/1/5358 2770/2/5358 2737/3/5358
f 2998/1/5359 2994/2/5359 2995/3/5359
f 2794/1/5360 2777/2/5360 2778/3/5360
f 3364/1/5361 2994/2/5361 2998/3/5361
f 2996/1/5362 2990/2/5362 2474/3/5362
f 2759/1/5363 2783/2/5363 2735/3/5363
f 2740/1/5364 2760/2/5364 2990/3/5364
f 2740/1/5365 2990/2/5365 2772/3/5365
f 2783/1/5366 2760/2/5366 2735/3/5366
f 2990/1/5367 2649/2/5367 2474/3/5367
f 2800/1/5368 2798/2/5368 2969/3/5368
f 2791/1/5369 2764/2/5369 2765/3/5369
f 2800/1/5370 2969/2/5370 2791/3/5370
f 2791/1/5371 2746/2/5371 2764/3/5371
f 2999/1/5372 2995/2/5372 2239/3/5372
f 2751/1/5373 2784/2/5373 2571/3/5373
f 2969/1/5374 2736/2/5374 2746/3/5374
f 2792/1/5375 2773/2/5375 2789/3/5375
f 2552/1/5376 2783/2/5376 2759/3/5376
f 2381/1/5377 2811/2/5377 2773/3/5377
f 2552/1/5378 2549/2/5378 2783/3/5378
f 3000/1/5379 3364/2/5379 2998/3/5379
f 2787/1/5380 2806/2/5380 2765/3/5380
f 2787/1/5381 2765/2/5381 2764/3/5381
f 2823/1/5382 2997/2/5382 2992/3/5382
f 2823/1/5383 2992/2/5383 2942/3/5383
f 2785/1/5384 2799/2/5384 2830/3/5384
f 2804/1/5385 2796/2/5385 2962/3/5385
f 2999/1/5386 2239/2/5386 2242/3/5386
f 2997/1/5387 2955/2/5387 2992/3/5387
f 2812/1/5388 2791/2/5388 2806/3/5388
f 2812/1/5389 2800/2/5389 2791/3/5389
f 2795/1/5390 2806/2/5390 2787/3/5390
f 2793/1/5391 2821/2/5391 2804/3/5391
f 2793/1/5392 2802/2/5392 2821/3/5392
f 3003/1/5393 2995/2/5393 2999/3/5393
f 2799/1/5394 2798/2/5394 2800/3/5394
f 2813/1/5395 2795/2/5395 2796/3/5395
f 2832/1/5396 2806/2/5396 2795/3/5396
f 2832/1/5397 2795/2/5397 2840/3/5397
f 2794/1/5398 2835/2/5398 2834/3/5398
f 2794/1/5399 2838/2/5399 2835/3/5399
f 2829/1/5400 2810/2/5400 2799/3/5400
f 2794/1/5401 2778/2/5401 2838/3/5401
f 2822/1/5402 2792/2/5402 2830/3/5402
f 2856/1/5403 2955/2/5403 2997/3/5403
f 2812/1/5404 2818/2/5404 2827/3/5404
f 2812/1/5405 2827/2/5405 2800/3/5405
f 2833/1/5406 2830/2/5406 2810/3/5406
f 2833/1/5407 2430/2/5407 2830/3/5407
f 3001/1/5408 2955/2/5408 2856/3/5408
f 2850/1/5409 2833/2/5409 2829/3/5409
f 2822/1/5410 2773/2/5410 2792/3/5410
f 2825/1/5411 2257/2/5411 2260/3/5411
f 2833/1/5412 2445/2/5412 2430/3/5412
f 3001/1/5413 2981/2/5413 2955/3/5413
f 3004/1/5414 3379/2/5414 3364/3/5414
f 3006/1/5415 2998/2/5415 3007/3/5415
f 2824/1/5416 2857/2/5416 2856/3/5416
f 2824/1/5097 2851/2/5097 2857/3/5097
f 3002/1/5417 2863/2/5417 2848/3/5417
f 2455/1/5418 2445/2/5418 2850/3/5418
f 2823/1/5419 2824/2/5419 2997/3/5419
f 2810/1/5420 2830/2/5420 2799/3/5420
f 2853/1/5421 2858/2/5421 2868/3/5421
f 3009/1/5422 3000/2/5422 2998/3/5422
f 3009/1/5423 2998/2/5423 3006/3/5423
f 2863/1/5424 2483/2/5424 2467/3/5424
f 3003/1/5425 2999/2/5425 3010/3/5425
f 2863/1/5426 2467/2/5426 2848/3/5426
f 2876/1/5427 2866/2/5427 2874/3/5427
f 3018/1/5428 2981/2/5428 3001/3/5428
f 2876/1/5429 2874/2/5429 2885/3/5429
f 2887/1/5430 2884/2/5430 2875/3/5430
f 2825/1/5431 2260/2/5431 3019/3/5431
f 3010/1/5432 2999/2/5432 2242/3/5432
f 2893/1/5433 2901/2/5433 2899/3/5433
f 2610/1/5434 2537/2/5434 2899/3/5434
f 2839/1/5435 2838/2/5435 2981/3/5435
f 2839/1/5436 2981/2/5436 3018/3/5436
f 2833/1/5437 2810/2/5437 2829/3/5437
f 3013/1/5438 3364/2/5438 3000/3/5438
f 2824/1/5439 2825/2/5439 3019/3/5439
f 3015/1/5440 3014/2/5440 2922/3/5440
f 2925/1/5441 2923/2/5441 2924/3/5441
f 2949/1/5442 3016/2/5442 2945/3/5442
f 2847/1/5443 2829/2/5443 2827/3/5443
f 2949/1/5444 2957/2/5444 3017/3/5444
f 2949/1/5445 2956/2/5445 2957/3/5445
f 2850/1/5446 2829/2/5446 2847/3/5446
f 2945/1/5447 2956/2/5447 2949/3/5447
f 2860/1/5448 2835/2/5448 2838/3/5448
f 3004/1/5449 3364/2/5449 3013/3/5449
f 2959/1/5450 3119/2/5450 2960/3/5450
f 2959/1/5451 2948/2/5451 3119/3/5451
f 3013/1/5452 3000/2/5452 3009/3/5452
f 2959/1/5453 2742/2/5453 2948/3/5453
f 2963/1/5454 2961/2/5454 2749/3/5454
f 2964/1/5455 2963/2/5455 2968/3/5455
f 2860/1/5456 2839/2/5456 2861/3/5456
f 2972/1/5457 2985/2/5457 2658/3/5457
f 2972/1/5458 2658/2/5458 2988/3/5458
f 2983/1/5459 2655/2/5459 2984/3/5459
f 2983/1/5460 2654/2/5460 2655/3/5460
f 2988/1/5461 2658/2/5461 2993/3/5461
f 2685/1/5462 2675/2/5462 2979/3/5462
f 2678/1/5463 2985/2/5463 2989/3/5463
f 2856/1/5464 2997/2/5464 2824/3/5464
f 2840/1/5465 2795/2/5465 2813/3/5465
f 2840/1/5466 2813/2/5466 2841/3/5466
f 3019/1/5467 2260/2/5467 3029/3/5467
f 2816/1/5468 2836/2/5468 3002/3/5468
f 3019/1/5469 3020/2/5469 2851/3/5469
f 3019/1/5470 3029/2/5470 3020/3/5470
f 2818/1/5471 2816/2/5471 3002/3/5471
f 2818/1/5472 2812/2/5472 2816/3/5472
f 2813/1/5473 2820/2/5473 2841/3/5473
f 3010/1/5474 2242/2/5474 3024/3/5474
f 3002/1/5475 2836/2/5475 3005/3/5475
f 3018/1/5476 3001/2/5476 2856/3/5476
f 2818/1/5477 3002/2/5477 2848/3/5477
f 3008/1/5478 2836/2/5478 2842/3/5478
f 3008/1/5479 2842/2/5479 2852/3/5479
f 3008/1/5480 3005/2/5480 2836/3/5480
f 3005/1/5481 2863/2/5481 3002/3/5481
f 3005/1/5482 2870/2/5482 2863/3/5482
f 3021/1/5483 3018/2/5483 2856/3/5483
f 3008/1/5484 2852/2/5484 2866/3/5484
f 3005/1/5485 2866/2/5485 2870/3/5485
f 3005/1/5486 3008/2/5486 2866/3/5486
f 3015/1/5487 3022/2/5487 3014/3/5487
f 2790/1/5488 2993/2/5488 2977/3/5488
f 2790/1/5489 2988/2/5489 2993/3/5489
f 2679/1/5490 2678/2/5490 2989/3/5490
f 3023/1/5491 3003/2/5491 3010/3/5491
f 2859/1/5492 3021/2/5492 2856/3/5492
f 3030/1/5493 3470/2/5493 3004/3/5493
f 2855/1/5494 2865/2/5494 2874/3/5494
f 3021/1/5495 2882/2/5495 2861/3/5495
f 2869/1/5496 2868/2/5496 2858/3/5496
f 3021/1/5497 2839/2/5497 3018/3/5497
f 3021/1/5498 2861/2/5498 2839/3/5498
f 3025/1/5499 3006/2/5499 3026/3/5499
f 3028/1/5500 3470/2/5500 3030/3/5500
f 3029/1/5501 2260/2/5501 2261/3/5501
f 3024/1/5502 2242/2/5502 2244/3/5502
f 2865/1/5503 2879/2/5503 2878/3/5503
f 3030/1/5504 3004/2/5504 3013/3/5504
f 3026/1/5505 3003/2/5505 3023/3/5505
f 3026/1/5506 3007/2/5506 3003/3/5506
f 3025/1/5507 3009/2/5507 3006/3/5507
f 3031/1/5508 2882/2/5508 3021/3/5508
f 3031/1/5509 3021/2/5509 2859/3/5509
f 3027/1/5510 2869/2/5510 2873/3/5510
f 3013/1/5511 3009/2/5511 3025/3/5511
f 2878/1/5512 2874/2/5512 2865/3/5512
f 3027/1/5513 2873/2/5513 2875/3/5513
f 2879/1/5514 2865/2/5514 2869/3/5514
f 2879/1/5515 2869/2/5515 3027/3/5515
f 3029/1/5516 3034/2/5516 3020/3/5516
f 3010/1/5517 3024/2/5517 3033/3/5517
f 2878/1/5518 2885/2/5518 2874/3/5518
f 2882/1/5519 3031/2/5519 3035/3/5519
f 2882/1/5520 3035/2/5520 2883/3/5520
f 2881/1/5521 2894/2/5521 2879/3/5521
f 3033/1/5522 3023/2/5522 3010/3/5522
f 2881/1/5523 2879/2/5523 3027/3/5523
f 2888/1/5524 2885/2/5524 2878/3/5524
f 2882/1/5525 2871/2/5525 2861/3/5525
f 3020/1/5526 2857/2/5526 2851/3/5526
f 3040/1/5527 2857/2/5527 3020/3/5527
f 2889/1/5528 2879/2/5528 2894/3/5528
f 3037/1/5529 3034/2/5529 3029/3/5529
f 3038/1/5530 2857/2/5530 3040/3/5530
f 3039/1/5531 3034/2/5531 3037/3/5531
f 3039/1/5532 3040/2/5532 3034/3/5532
f 3038/1/5533 2859/2/5533 2857/3/5533
f 3037/1/5534 3041/2/5534 3039/3/5534
f 3042/1/5535 3013/2/5535 3025/3/5535
f 2894/1/5536 2537/2/5536 2889/3/5536
f 2899/1/5537 2537/2/5537 2894/3/5537
f 2898/1/5538 2891/2/5538 2883/3/5538
f 3043/1/5539 3029/2/5539 2261/3/5539
f 3043/1/5540 3041/2/5540 3037/3/5540
f 3043/1/5541 3037/2/5541 3029/3/5541
f 3044/1/5542 3040/2/5542 3039/3/5542
f 3044/1/5543 3039/2/5543 3046/3/5543
f 3040/1/5544 3020/2/5544 3034/3/5544
f 3047/1/5545 3025/2/5545 3026/3/5545
f 2898/1/5546 2883/2/5546 3045/3/5546
f 3058/1/5547 3023/2/5547 3033/3/5547
f 3048/1/5548 3028/2/5548 3030/3/5548
f 3049/1/5549 3044/2/5549 3046/3/5549
f 2908/1/5550 2898/2/5550 2905/3/5550
f 3049/1/5551 3046/2/5551 2907/3/5551
f 3051/1/5552 2901/2/5552 2895/3/5552
f 2901/1/5553 2619/2/5553 2612/3/5553
f 3052/1/5554 3013/2/5554 3042/3/5554
f 3052/1/5555 3030/2/5555 3013/3/5555
f 2903/1/5556 2898/2/5556 3045/3/5556
f 3050/1/5557 2859/2/5557 3038/3/5557
f 3050/1/5558 3031/2/5558 2859/3/5558
f 3042/1/5559 3025/2/5559 3047/3/5559
f 3051/1/5560 2619/2/5560 2901/3/5560
f 2907/1/5561 2903/2/5561 3049/3/5561
f 3053/1/5562 3041/2/5562 3054/3/5562
f 3053/1/5563 3055/2/5563 3041/3/5563
f 3047/1/5564 3026/2/5564 3056/3/5564
f 3033/1/5565 3024/2/5565 3036/3/5565
f 3051/1/5566 2625/2/5566 2619/3/5566
f 3056/1/5567 3023/2/5567 3058/3/5567
f 3056/1/5568 3026/2/5568 3023/3/5568
f 3050/1/5569 3038/2/5569 3040/3/5569
f 3057/1/5570 3051/2/5570 2897/3/5570
f 2920/1/5571 3024/2/5571 2244/3/5571
f 3050/1/5572 3040/2/5572 3044/3/5572
f 3059/1/5573 3035/2/5573 3031/3/5573
f 3059/1/5574 3031/2/5574 3050/3/5574
f 3036/1/5575 3024/2/5575 2920/3/5575
f 3060/1/5576 3055/2/5576 3053/3/5576
f 3057/1/5577 2625/2/5577 3051/3/5577
f 3059/1/5578 3050/2/5578 3044/3/5578
f 3059/1/5579 2883/2/5579 3035/3/5579
f 3061/1/5580 3042/2/5580 3047/3/5580
f 3048/1/5581 3030/2/5581 3052/3/5581
f 3059/1/5582 3044/2/5582 3049/3/5582
f 3058/1/5583 3033/2/5583 3011/3/5583
f 3057/1/5584 2626/2/5584 2625/3/5584
f 3057/1/5585 2911/2/5585 2626/3/5585
f 3043/1/5586 2261/2/5586 2264/3/5586
f 2911/1/5587 3057/2/5587 2908/3/5587
f 2911/1/5588 2908/2/5588 2905/3/5588
f 3045/1/5589 2883/2/5589 3059/3/5589
f 3063/1/5590 2911/2/5590 2905/3/5590
f 3064/1/5591 3047/2/5591 3056/3/5591
f 2912/1/5592 2907/2/5592 3060/3/5592
f 3063/1/5593 2905/2/5593 2906/3/5593
f 2912/1/5594 3060/2/5594 3053/3/5594
f 3011/1/5595 3033/2/5595 3036/3/5595
f 3045/1/5596 3049/2/5596 2903/3/5596
f 3045/1/5597 3059/2/5597 3049/3/5597
f 3063/1/5598 2634/2/5598 2911/3/5598
f 3065/1/5599 3048/2/5599 3052/3/5599
f 3070/1/5600 3042/2/5600 3061/3/5600
f 2542/1/5601 3063/2/5601 2906/3/5601
f 3063/1/5602 2542/2/5602 2634/3/5602
f 3067/1/5603 3195/2/5603 3587/3/5603
f 3064/1/5604 3056/2/5604 2917/3/5604
f 3041/1/5605 3043/2/5605 3054/3/5605
f 3052/1/5606 3042/2/5606 3070/3/5606
f 2910/1/5607 2913/2/5607 2909/3/5607
f 3055/1/5608 3039/2/5608 3041/3/5608
f 2910/1/5609 2912/2/5609 2914/3/5609
f 3066/1/5610 3065/2/5610 3068/3/5610
f 2915/1/5611 2912/2/5611 3053/3/5611
f 2913/1/5612 2637/2/5612 2542/3/5612
f 2918/1/5613 3056/2/5613 3058/3/5613
f 3051/1/5614 2895/2/5614 2897/3/5614
f 2915/1/5615 3053/2/5615 3095/3/5615
f 2915/1/5616 3095/2/5616 2916/3/5616
f 2914/1/5617 2639/2/5617 2637/3/5617
f 2914/1/5618 2637/2/5618 2913/3/5618
f 2915/1/5619 2916/2/5619 3069/3/5619
f 3055/1/5620 3046/2/5620 3039/3/5620
f 2914/1/5621 2641/2/5621 2639/3/5621
f 3067/1/5622 3066/2/5622 3068/3/5622
f 2908/1/5623 2897/2/5623 2898/3/5623
f 3069/1/5624 2641/2/5624 2914/3/5624
f 2917/1/5625 3056/2/5625 2918/3/5625
f 3069/1/5626 2914/2/5626 2912/3/5626
f 3069/1/5627 2912/2/5627 2915/3/5627
f 3064/1/5628 3061/2/5628 3047/3/5628
f 2281/1/5629 2641/2/5629 3069/3/5629
f 2281/1/5630 3069/2/5630 2916/3/5630
f 2916/1/5631 2265/2/5631 2266/3/5631
f 2920/1/5632 2248/2/5632 2921/3/5632
f 3054/1/5633 3043/2/5633 2264/3/5633
f 2916/1/5634 2266/2/5634 2281/3/5634
f 2918/1/5635 3058/2/5635 3011/3/5635
f 3070/1/5636 3061/2/5636 3064/3/5636
f 2998/1/5637 3003/2/5637 3007/3/5637
f 2998/1/5638 2995/2/5638 3003/3/5638
f 3071/1/5639 3065/2/5639 3052/3/5639
f 3011/1/5640 3072/2/5640 2918/3/5640
f 3006/1/5641 3007/2/5641 3026/3/5641
f 3048/1/5642 3062/2/5642 3032/3/5642
f 2919/1/5643 3064/2/5643 2917/3/5643
f 3048/1/5644 3032/2/5644 3028/3/5644
f 3110/1/5645 3073/2/5645 3072/3/5645
f 3062/1/5646 3563/2/5646 3032/3/5646
f 2919/1/5647 3012/2/5647 3064/3/5647
f 3073/1/5648 2922/2/5648 3072/3/5648
f 2922/1/5649 3073/2/5649 3123/3/5649
f 3074/1/5650 3075/2/5650 3097/3/5650
f 3066/1/5651 3563/2/5651 3062/3/5651
f 2926/1/5652 3128/2/5652 3076/3/5652
f 3066/1/5653 3587/2/5653 3563/3/5653
f 3062/1/5654 3065/2/5654 3066/3/5654
f 3062/1/5655 3048/2/5655 3065/3/5655
f 3076/1/5656 3079/2/5656 3078/3/5656
f 2925/1/5657 2703/2/5657 2923/3/5657
f 2929/1/5658 2928/2/5658 3082/3/5658
f 3066/1/5659 3067/2/5659 3587/3/5659
f 2929/1/5660 3082/2/5660 2927/3/5660
f 3078/1/5661 3081/2/5661 2926/3/5661
f 3078/1/5662 2926/2/5662 3076/3/5662
f 3077/1/5663 3052/2/5663 3070/3/5663
f 3057/1/5664 2897/2/5664 2908/3/5664
f 3078/1/5665 2930/2/5665 3081/3/5665
f 3071/1/5666 3052/2/5666 3077/3/5666
f 2929/1/5667 2926/2/5667 3081/3/5667
f 3091/1/5668 3068/2/5668 3071/3/5668
f 2928/1/5669 3083/2/5669 3082/3/5669
f 2929/1/5670 3084/2/5670 2928/3/5670
f 2929/1/5671 3081/2/5671 3084/3/5671
f 3085/1/5672 3088/2/5672 3086/3/5672
f 3089/1/5673 3195/2/5673 3067/3/5673
f 3085/1/5674 3087/2/5674 3088/3/5674
f 2932/1/5675 3080/2/5675 3083/3/5675
f 3068/1/5676 3065/2/5676 3071/3/5676
f 3091/1/5677 3092/2/5677 3068/3/5677
f 2931/1/5678 3084/2/5678 3081/3/5678
f 3093/1/5679 3054/2/5679 2264/3/5679
f 3092/1/5680 3067/2/5680 3068/3/5680
f 3083/1/5681 2928/2/5681 3090/3/5681
f 3483/1/5682 3094/2/5682 3101/3/5682
f 3483/1/5683 3101/2/5683 3515/3/5683
f 3060/1/5684 3046/2/5684 3055/3/5684
f 3094/1/5685 2932/2/5685 3083/3/5685
f 3096/1/5686 3091/2/5686 3097/3/5686
f 3095/1/5687 3054/2/5687 3093/3/5687
f 3098/1/5688 3099/2/5688 3089/3/5688
f 3090/1/5689 3094/2/5689 3083/3/5689
f 3090/1/5690 3100/2/5690 3094/3/5690
f 2265/1/5691 3093/2/5691 2264/3/5691
f 3084/1/5692 3090/2/5692 2928/3/5692
f 3098/1/5693 3089/2/5693 3067/3/5693
f 3095/1/5694 3053/2/5694 3054/3/5694
f 3103/1/5695 2930/2/5695 3086/3/5695
f 3102/1/5696 2921/2/5696 2248/3/5696
f 3103/1/5697 3086/2/5697 3088/3/5697
f 3060/1/5698 2907/2/5698 3046/3/5698
f 3104/1/5699 3090/2/5699 3084/3/5699
f 3071/1/5700 3097/2/5700 3091/3/5700
f 3103/1/5701 2931/2/5701 2930/3/5701
f 2936/1/5702 2664/2/5702 2669/3/5702
f 3105/1/5703 3515/2/5703 3101/3/5703
f 3104/1/5704 3106/2/5704 3090/3/5704
f 2931/1/5705 3103/2/5705 2940/3/5705
f 3104/1/5706 2931/2/5706 3107/3/5706
f 3104/1/5707 3084/2/5707 2931/3/5707
f 3105/1/5708 3101/2/5708 3017/3/5708
f 3098/1/5709 3067/2/5709 3092/3/5709
f 3110/1/5710 2920/2/5710 2921/3/5710
f 2936/1/5711 2933/2/5711 2935/3/5711
f 2938/1/5712 2673/2/5712 2680/3/5712
f 2937/1/5713 2664/2/5713 2936/3/5713
f 3108/1/5714 2940/2/5714 3103/3/5714
f 3098/1/5715 3109/2/5715 3099/3/5715
f 3106/1/5716 3104/2/5716 3107/3/5716
f 2938/1/5717 3111/2/5717 2673/3/5717
f 3096/1/5718 3092/2/5718 3091/3/5718
f 3097/1/5719 3071/2/5719 3077/3/5719
f 3016/1/5720 3101/2/5720 3113/3/5720
f 3073/1/5721 3110/2/5721 3114/3/5721
f 3115/1/5722 2921/2/5722 3102/3/5722
f 2922/1/5723 2918/2/5723 3072/3/5723
f 3118/1/5724 3092/2/5724 3096/3/5724
f 3118/1/5725 3098/2/5725 3092/3/5725
f 3116/1/5726 3105/2/5726 3017/3/5726
f 3119/1/5727 2940/2/5727 3108/3/5727
f 3119/1/5728 2939/2/5728 2940/3/5728
f 3112/1/5729 3119/2/5729 3108/3/5729
f 3112/1/5730 2960/2/5730 3119/3/5730
f 2542/1/5731 2906/2/5731 2909/3/5731
f 3118/1/5732 3120/2/5732 3109/3/5732
f 3118/1/5733 3109/2/5733 3098/3/5733
f 2949/1/5734 3017/2/5734 3016/3/5734
f 2913/1/5735 2542/2/5735 2909/3/5735
f 2922/1/5736 2919/2/5736 2918/3/5736
f 2916/1/5737 3093/2/5737 2265/3/5737
f 2924/1/5738 3012/2/5738 2919/3/5738
f 3111/1/5739 2944/2/5739 2673/3/5739
f 2674/1/5740 2809/2/5740 2776/3/5740
f 3109/1/5741 3117/2/5741 3099/3/5741
f 2674/1/5742 3121/2/5742 2809/3/5742
f 2954/1/5743 3134/2/5743 2943/3/5743
f 2916/1/5744 3095/2/5744 3093/3/5744
f 3075/1/5745 3096/2/5745 3097/3/5745
f 3115/1/5746 3110/2/5746 2921/3/5746
f 3014/1/5747 2919/2/5747 2922/3/5747
f 2952/1/5748 2947/2/5748 2946/3/5748
f 2952/1/5749 2946/2/5749 2954/3/5749
f 2668/1/5750 2960/2/5750 3112/3/5750
f 2943/1/5751 2952/2/5751 2954/3/5751
f 3109/1/5752 3365/2/5752 3117/3/5752
f 2920/1/5753 2244/2/5753 2248/3/5753
f 3111/1/5754 2937/2/5754 2733/3/5754
f 3111/1/5755 2938/2/5755 2937/3/5755
f 3011/1/5756 3036/2/5756 2920/3/5756
f 3110/1/5757 3011/2/5757 2920/3/5757
f 3014/1/5758 2924/2/5758 2919/3/5758
f 2947/1/5759 2952/2/5759 2953/3/5759
f 2668/1/5760 2689/2/5760 2960/3/5760
f 2948/1/5761 2939/2/5761 3119/3/5761
f 3111/1/5762 2753/2/5762 2944/3/5762
f 3072/1/5763 3011/2/5763 3110/3/5763
f 2957/1/5764 3116/2/5764 3017/3/5764
f 3114/1/5765 3110/2/5765 3115/3/5765
f 2924/1/5766 3124/2/5766 3012/3/5766
f 3122/1/5767 3116/2/5767 2957/3/5767
f 3012/1/5768 3070/2/5768 3064/3/5768
f 3126/1/5769 3365/2/5769 3109/3/5769
f 3126/1/5770 3109/2/5770 3120/3/5770
f 2691/1/5771 2668/2/5771 2699/3/5771
f 3122/1/5772 2661/2/5772 2662/3/5772
f 3124/1/5773 3077/2/5773 3070/3/5773
f 3122/1/5774 2957/2/5774 2696/3/5774
f 3124/1/5775 3070/2/5775 3012/3/5775
f 2691/1/5776 2689/2/5776 2668/3/5776
f 2924/1/5777 3022/2/5777 2925/3/5777
f 2924/1/5778 3014/2/5778 3022/3/5778
f 2706/1/5779 2714/2/5779 2665/3/5779
f 3073/1/5780 3114/2/5780 3123/3/5780
f 2951/1/5781 2950/2/5781 2963/3/5781
f 3077/1/5782 3124/2/5782 3127/3/5782
f 3127/1/5783 3097/2/5783 3077/3/5783
f 3074/1/5784 3097/2/5784 3127/3/5784
f 3125/1/5785 3120/2/5785 3118/3/5785
f 2714/1/5786 2706/2/5786 2709/3/5786
f 3125/1/5787 3118/2/5787 3096/3/5787
f 3125/1/5788 3096/2/5788 3075/3/5788
f 3076/1/5789 3125/2/5789 3075/3/5789
f 2693/1/5790 2960/2/5790 2689/3/5790
f 3125/1/5791 3076/2/5791 3120/3/5791
f 3128/1/5792 3120/2/5792 3076/3/5792
f 3128/1/5793 3126/2/5793 3120/3/5793
f 3076/1/5794 3075/2/5794 3074/3/5794
f 2927/1/5795 3126/2/5795 3128/3/5795
f 3079/1/5796 3076/2/5796 3074/3/5796
f 2923/1/5797 3124/2/5797 2924/3/5797
f 2706/1/5798 2665/2/5798 2705/3/5798
f 3126/1/5799 3404/2/5799 3365/3/5799
f 2706/1/5800 2705/2/5800 2704/3/5800
f 2923/1/5801 2703/2/5801 2713/3/5801
f 3080/1/5802 2927/2/5802 3082/3/5802
f 3080/1/5803 3404/2/5803 2927/3/5803
f 2808/1/5804 2686/2/5804 2253/3/5804
f 3129/1/5805 3085/2/5805 3074/3/5805
f 3129/1/5806 2923/2/5806 2713/3/5806
f 3085/1/5807 3079/2/5807 3074/3/5807
f 3085/1/5808 3086/2/5808 3079/3/5808
f 2923/1/5809 3127/2/5809 3124/3/5809
f 2930/1/5810 3078/2/5810 3079/3/5810
f 2927/1/5811 3404/2/5811 3126/3/5811
f 2973/1/5812 2714/2/5812 2709/3/5812
f 2973/1/5813 2699/2/5813 2714/3/5813
f 2933/1/5814 3115/2/5814 2934/3/5814
f 3129/1/5815 3127/2/5815 2923/3/5815
f 3129/1/5816 3074/2/5816 3127/3/5816
f 2932/1/5817 3483/2/5817 3080/3/5817
f 2930/1/5818 3079/2/5818 3086/3/5818
f 3085/1/5819 2713/2/5819 3087/3/5819
f 3085/1/5820 3129/2/5820 2713/3/5820
f 3083/1/5821 3080/2/5821 3082/3/5821
f 2693/1/5822 2742/2/5822 2959/3/5822
f 2693/1/5823 2743/2/5823 2742/3/5823
f 2723/1/5824 2734/2/5824 2744/3/5824
f 2745/1/5825 2732/2/5825 2733/3/5825
f 2745/1/5826 2723/2/5826 2744/3/5826
f 2743/1/5827 2693/2/5827 2775/3/5827
f 2748/1/5828 2963/2/5828 2749/3/5828
f 2973/1/5829 2717/2/5829 2691/3/5829
f 2973/1/5830 2691/2/5830 2699/3/5830
f 2967/1/5831 2752/2/5831 2696/3/5831
f 2718/1/5832 2661/2/5832 2696/3/5832
f 2718/1/5833 2696/2/5833 2756/3/5833
f 2749/1/5834 2742/2/5834 2741/3/5834
f 2808/1/5835 2253/2/5835 2255/3/5835
f 3101/1/5836 3094/2/5836 3113/3/5836
f 2718/1/5837 2756/2/5837 2731/3/5837
f 2756/1/5838 2696/2/5838 2752/3/5838
f 2980/1/5839 2775/2/5839 2717/3/5839
f 2755/1/5840 2739/2/5840 2944/3/5840
f 2755/1/5841 2944/2/5841 2753/3/5841
f 3115/1/5842 3102/2/5842 2934/3/5842
f 3087/1/5843 2713/2/5843 3131/3/5843
f 2808/1/5844 2255/2/5844 2807/3/5844
f 3130/1/5845 2248/2/5845 2250/3/5845
f 2756/1/5846 2758/2/5846 2731/3/5846
f 2681/1/5847 3015/2/5847 2922/3/5847
f 3100/1/5848 3113/2/5848 3094/3/5848
f 2752/1/5849 2967/2/5849 2975/3/5849
f 2745/1/5850 2769/2/5850 2732/3/5850
f 3131/1/5851 2713/2/5851 2767/3/5851
f 2975/1/5852 2970/2/5852 2790/3/5852
f 3132/1/5853 3087/2/5853 3131/3/5853
f 2748/1/5854 2749/2/5854 2761/3/5854
f 2669/1/5855 3114/2/5855 3115/3/5855
f 3088/1/5856 3108/2/5856 3103/3/5856
f 2722/1/5857 2704/2/5857 2831/3/5857
f 2946/1/5858 3113/2/5858 3100/3/5858
f 2748/1/5859 2987/2/5859 2982/3/5859
f 2940/1/5860 3107/2/5860 2931/3/5860
f 2767/1/5861 3133/2/5861 3131/3/5861
f 2978/1/5862 2983/2/5862 2973/3/5862
f 2934/1/5863 3102/2/5863 2248/3/5863
f 2934/1/5864 2248/2/5864 3130/3/5864
f 3134/1/5865 3090/2/5865 3106/3/5865
f 3134/1/5866 2946/2/5866 3100/3/5866
f 3134/1/5867 3100/2/5867 3090/3/5867
f 2734/1/5868 2808/2/5868 2807/3/5868
f 2734/1/5869 2807/2/5869 2694/3/5869
f 3088/1/5870 3087/2/5870 3132/3/5870
f 2946/1/5871 3016/2/5871 3113/3/5871
f 2987/1/5872 2748/2/5872 2761/3/5872
f 3134/1/5873 2954/2/5873 2946/3/5873
f 3088/1/5874 3112/2/5874 3108/3/5874
f 2685/1/5875 2979/2/5875 2722/3/5875
f 3016/1/5876 3017/2/5876 3101/3/5876
f 2673/1/5877 2776/2/5877 2680/3/5877
f 2755/1/5878 2782/2/5878 2715/3/5878
f 2664/1/5879 2922/2/5879 3123/3/5879
f 3133/1/5880 3132/2/5880 3131/3/5880
f 3135/1/5881 3088/2/5881 3132/3/5881
f 2803/1/5882 2774/2/5882 2775/3/5882
f 2758/1/5883 2801/2/5883 2845/3/5883
f 2817/1/5884 2769/2/5884 2745/3/5884
f 2817/1/5885 2745/2/5885 2744/3/5885
f 2988/1/5886 2970/2/5886 2972/3/5886
f 2988/1/5887 2790/2/5887 2970/3/5887
f 2946/1/5888 2945/2/5888 3016/3/5888
f 3135/1/5889 3112/2/5889 3088/3/5889
f 3022/1/5890 3015/2/5890 2681/3/5890
f 2664/1/5891 3123/2/5891 3114/3/5891
f 2987/1/5892 2761/2/5892 2814/3/5892
f 2977/1/5893 2993/2/5893 2666/3/5893
f 2767/1/5894 2663/2/5894 3133/3/5894
f 3133/1/5895 2665/2/5895 3132/3/5895
f 2944/1/5896 2672/2/5896 2673/3/5896
f 2654/1/5897 2978/2/5897 2974/3/5897
f 2767/1/5898 3121/2/5898 2663/3/5898
f 2681/1/5899 2922/2/5899 2664/3/5899
f 2786/1/5900 2755/2/5900 2715/3/5900
f 3121/1/5901 2702/2/5901 2705/3/5901
f 3136/1/5902 2670/2/5902 2803/3/5902
f 3135/1/5903 2668/2/5903 3112/3/5903
f 3136/1/5904 2803/2/5904 2984/3/5904
f 2666/1/5905 2846/2/5905 2805/3/5905
f 2666/1/5906 2805/2/5906 2977/3/5906
f 2675/1/5907 2654/2/5907 2974/3/5907
f 2664/1/5908 3114/2/5908 2669/3/5908
f 2984/1/5909 2655/2/5909 3136/3/5909
f 2656/1/5910 2730/2/5910 2788/3/5910
f 2663/1/5911 3121/2/5911 2705/3/5911
f 2656/1/5912 2831/2/5912 2730/3/5912
f 2656/1/5913 2657/2/5913 2831/3/5913
f 3135/1/5914 3132/2/5914 2665/3/5914
f 2659/1/5915 2720/2/5915 2989/3/5915
f 2993/1/5916 2698/2/5916 2666/3/5916
f 2665/1/5917 2663/2/5917 2705/3/5917
f 2687/1/5918 2925/2/5918 3022/3/5918
f 2663/1/5919 2665/2/5919 3133/3/5919
f 2880/1/5920 2694/2/5920 2807/3/5920
f 2678/1/5921 2658/2/5921 2985/3/5921
f 2660/1/5922 3135/2/5922 2665/3/5922
f 2786/1/5923 2683/2/5923 2682/3/5923
f 3579/1/5924 3178/2/5924 3142/3/5924
f 3160/1/5925 3145/2/5925 3572/3/5925
f 3181/1/5926 3151/2/5926 3574/3/5926
f 3253/1/5927 3175/2/5927 3155/3/5927
f 3156/1/5928 3157/2/5928 3137/3/5928
f 2236/1/5929 3172/2/5929 2277/3/5929
f 3141/1/5930 3158/2/5930 3532/3/5930
f 3532/1/5931 3158/2/5931 3166/3/5931
f 3139/1/5932 3161/2/5932 3160/3/5932
f 3164/1/5933 3165/2/5933 3193/3/5933
f 3166/1/5934 3169/2/5934 3152/3/5934
f 3172/1/5935 3170/2/5935 3592/3/5935
f 3606/1/5936 3173/2/5936 3140/3/5936
f 3180/1/5937 3185/2/5937 3603/3/5937
f 3148/1/5938 2727/2/5938 3147/3/5938
f 3217/1/5939 3190/2/5939 3175/3/5939
f 3147/1/5940 3191/2/5940 3143/3/5940
f 3186/1/5941 3157/2/5941 3140/3/5941
f 3140/1/5942 3157/2/5942 3156/3/5942
f 3189/1/5943 3194/2/5943 3565/3/5943
f 3565/1/5944 3194/2/5944 3154/3/5944
f 3606/1/5945 3198/2/5945 3173/3/5945
f 3143/1/5946 3198/2/5946 3606/3/5946
f 3182/1/5947 3139/2/5947 3138/3/5947
f 3137/1/5948 3201/2/5948 3607/3/5948
f 3157/1/5949 3201/2/5949 3137/3/5949
f 3206/1/5950 3204/2/5950 3586/3/5950
f 3586/1/5951 3204/2/5951 3184/3/5951
f 3200/1/5952 3205/2/5952 3263/3/5952
f 3603/1/5953 3218/2/5953 3182/3/5953
f 3155/1/5954 3207/2/5954 3187/3/5954
f 3184/1/5955 4273/2/5955 3171/3/5955
f 3154/1/5956 3141/2/5956 3562/3/5956
f 3140/1/5957 3173/2/5957 3186/3/5957
f 3607/1/5958 3201/2/5958 3153/3/5958
f 4230/1/5959 3153/2/5959 3201/3/5959
f 3203/1/5960 3210/2/5960 3566/3/5960
f 3566/1/5961 3210/2/5961 3202/3/5961
f 3163/1/5962 3211/2/5962 3197/3/5962
f 3191/1/5963 3198/2/5963 3143/3/5963
f 3178/1/5964 3144/2/5964 3142/3/5964
f 3147/1/5965 2727/2/5965 3191/3/5965
f 3186/1/5966 3214/2/5966 3157/3/5966
f 3167/1/5967 3215/2/5967 3571/3/5967
f 3157/1/5968 3214/2/5968 3201/3/5968
f 3571/1/5969 3215/2/5969 3176/3/5969
f 3149/1/5970 3174/2/5970 3180/3/5970
f 3195/1/5971 3189/2/5971 3600/3/5971
f 3162/1/5972 3216/2/5972 3217/3/5972
f 3182/1/5973 3218/2/5973 3139/3/5973
f 3173/1/5974 3219/2/5974 3186/3/5974
f 3197/1/5975 3220/2/5975 3584/3/5975
f 3584/1/5976 3220/2/5976 3208/3/5976
f 3142/1/5977 3144/2/5977 3598/3/5977
f 3198/1/5978 3219/2/5978 3173/3/5978
f 3192/1/5979 3196/2/5979 3257/3/5979
f 3257/1/5980 3196/2/5980 3162/3/5980
f 3151/1/5981 3221/2/5981 3159/3/5981
f 3176/1/5982 3222/2/5982 3585/3/5982
f 3585/1/5983 3222/2/5983 3163/3/5983
f 2727/1/5984 2757/2/5984 3191/3/5984
f 2246/1/5985 3223/2/5985 2243/3/5985
f 3592/1/5986 3170/2/5986 3183/3/5986
f 3214/1/5987 3224/2/5987 3201/3/5987
f 3145/1/5988 3225/2/5988 3590/3/5988
f 3590/1/5989 3225/2/5989 3206/3/5989
f 3139/1/5990 3226/2/5990 3161/3/5990
f 3198/1/5991 3227/2/5991 3219/3/5991
f 3186/1/5992 3219/2/5992 3214/3/5992
f 3191/1/5993 3227/2/5993 3198/3/5993
f 3208/1/5994 3230/2/5994 3199/3/5994
f 3224/1/5995 3214/2/5995 4262/3/5995
f 3184/1/5996 3213/2/5996 4273/3/5996
f 2757/1/5997 3229/2/5997 3191/3/5997
f 3180/1/5998 3174/2/5998 3185/3/5998
f 3191/1/5999 3229/2/5999 3227/3/5999
f 3219/1/6000 4262/2/6000 3214/3/6000
f 3149/1/6001 3232/2/6001 3150/3/6001
f 3199/1/6002 3232/2/6002 3149/3/6002
f 3160/1/6003 3161/2/6003 3145/3/6003
f 2781/1/6004 3229/2/6004 2757/3/6004
f 3227/1/6005 4275/2/6005 3219/3/6005
f 3219/1/6006 4275/2/6006 4262/3/6006
f 3165/1/6007 3235/2/6007 3193/3/6007
f 3149/1/6008 3150/2/6008 3174/3/6008
f 3193/1/6009 3235/2/6009 3178/3/6009
f 3177/1/6010 3223/2/6010 2246/3/6010
f 3204/1/6011 3213/2/6011 3184/3/6011
f 3227/1/6012 3229/2/6012 4275/3/6012
f 3158/1/6013 3169/2/6013 3166/3/6013
f 3222/1/6014 3211/2/6014 3163/3/6014
f 3229/1/6015 4281/2/6015 4275/3/6015
f 3192/1/6016 3236/2/6016 3196/3/6016
f 2781/1/6017 4281/2/6017 3229/3/6017
f 2263/1/6018 3238/2/6018 3241/3/6018
f 3241/1/6019 3238/2/6019 3239/3/6019
f 2258/1/6020 2259/2/6020 3240/3/6020
f 2262/1/6021 3241/2/6021 3243/3/6021
f 3244/1/6022 3243/2/6022 3242/3/6022
f 2252/1/6023 3245/2/6023 2251/3/6023
f 2251/1/6024 3245/2/6024 3246/3/6024
f 3502/1/6025 3480/2/6025 3451/3/6025
f 3451/1/6026 3480/2/6026 3438/3/6026
f 3169/1/6027 3247/2/6027 3152/3/6027
f 3471/1/6028 3441/2/6028 3249/3/6028
f 3152/1/6029 3247/2/6029 3179/3/6029
f 3249/1/6030 3441/2/6030 3475/3/6030
f 3246/1/6031 3250/2/6031 3248/3/6031
f 3245/1/6032 3250/2/6032 3246/3/6032
f 3603/1/6033 3185/2/6033 3218/3/6033
f 3141/1/6034 3254/2/6034 3158/3/6034
f 3471/1/6035 3249/2/6035 3506/3/6035
f 3195/1/6036 3089/2/6036 3189/3/6036
f 3264/1/6037 3249/2/6037 3475/3/6037
f 3258/1/6038 3249/2/6038 3264/3/6038
f 3249/1/6039 3256/2/6039 3506/3/6039
f 3248/1/6040 3250/2/6040 3257/3/6040
f 3258/1/6041 3260/2/6041 3249/3/6041
f 3250/1/6042 3261/2/6042 3257/3/6042
f 3257/1/6043 3261/2/6043 3192/3/6043
f 3256/1/6044 3262/2/6044 3259/3/6044
f 3259/1/6045 3262/2/6045 3555/3/6045
f 3555/1/6046 3262/2/6046 3263/3/6046
f 3151/1/6047 3258/2/6047 3574/3/6047
f 3574/1/6048 3258/2/6048 3264/3/6048
f 3262/1/6049 3260/2/6049 3146/3/6049
f 2243/1/6050 3265/2/6050 2241/3/6050
f 3151/1/6051 3159/2/6051 3258/3/6051
f 3262/1/6052 3146/2/6052 3200/3/6052
f 3192/1/6053 3202/2/6053 3236/3/6053
f 3261/1/6054 3202/2/6054 3192/3/6054
f 3559/1/6055 3212/2/6055 3593/3/6055
f 3183/1/6056 3212/2/6056 3559/3/6056
f 3233/1/6057 3164/2/6057 3209/3/6057
f 3209/1/6058 3164/2/6058 3266/3/6058
f 3146/1/6059 3228/2/6059 3200/3/6059
f 3218/1/6060 3226/2/6060 3139/3/6060
f 3267/1/6061 3151/2/6061 3181/3/6061
f 3212/1/6062 3237/2/6062 3593/3/6062
f 3593/1/6063 3237/2/6063 3188/3/6063
f 3268/1/6064 3146/2/6064 3159/3/6064
f 3284/1/6065 3183/2/6065 3170/3/6065
f 3228/1/6066 3205/2/6066 3200/3/6066
f 3278/1/6067 3205/2/6067 3228/3/6067
f 3202/1/6068 3210/2/6068 3236/3/6068
f 3284/1/6069 3212/2/6069 3183/3/6069
f 3267/1/6070 3221/2/6070 3151/3/6070
f 3172/1/6071 3270/2/6071 3170/3/6071
f 3146/1/6072 3268/2/6072 3228/3/6072
f 3273/1/6073 3212/2/6073 3284/3/6073
f 3144/1/6074 3274/2/6074 3598/3/6074
f 3598/1/6075 3274/2/6075 3203/3/6075
f 3233/1/6076 3269/2/6076 3276/3/6076
f 3270/1/6077 3275/2/6077 3170/3/6077
f 3278/1/6078 3268/2/6078 3277/3/6078
f 3161/1/6079 3234/2/6079 3145/3/6079
f 3279/1/6080 3267/2/6080 3181/3/6080
f 3280/1/6081 3267/2/6081 3279/3/6081
f 3282/1/6082 3237/2/6082 3273/3/6082
f 3273/1/6083 3237/2/6083 3212/3/6083
f 3164/1/6084 3233/2/6084 3165/3/6084
f 3205/1/6085 3278/2/6085 3269/3/6085
f 3296/1/6086 3269/2/6086 3278/3/6086
f 3286/1/6087 3287/2/6087 3288/3/6087
f 3165/1/6088 3287/2/6088 3286/3/6088
f 3189/1/6089 3231/2/6089 3194/3/6089
f 3275/1/6090 3285/2/6090 3284/3/6090
f 3272/1/6091 3280/2/6091 3289/3/6091
f 3267/1/6092 3280/2/6092 3272/3/6092
f 3296/1/6093 3277/2/6093 3290/3/6093
f 3271/1/6094 3292/2/6094 3353/3/6094
f 3210/1/6095 3292/2/6095 3271/3/6095
f 3284/1/6096 3285/2/6096 3273/3/6096
f 3273/1/6097 3285/2/6097 3293/3/6097
f 3276/1/6098 3296/2/6098 3295/3/6098
f 3269/1/6099 3296/2/6099 3276/3/6099
f 3221/1/6100 3268/2/6100 3159/3/6100
f 3280/1/6101 3279/2/6101 3294/3/6101
f 3298/1/6102 3286/2/6102 3288/3/6102
f 3295/1/6103 3361/2/6103 3276/3/6103
f 3299/1/6104 3361/2/6104 3295/3/6104
f 3290/1/6105 3295/2/6105 3296/3/6105
f 3297/1/6106 3295/2/6106 3290/3/6106
f 3300/1/6107 3298/2/6107 3288/3/6107
f 3299/1/6108 3300/2/6108 3361/3/6108
f 3301/1/6109 3300/2/6109 3299/3/6109
f 3302/1/6110 3303/2/6110 3304/3/6110
f 3208/1/6111 3199/2/6111 3305/3/6111
f 3154/1/6112 3306/2/6112 3141/3/6112
f 3194/1/6113 3306/2/6113 3154/3/6113
f 3089/1/6114 3231/2/6114 3189/3/6114
f 3155/1/6115 3308/2/6115 3207/3/6115
f 3175/1/6116 3308/2/6116 3155/3/6116
f 3225/1/6117 3310/2/6117 3206/3/6117
f 3206/1/6118 3310/2/6118 3204/3/6118
f 3217/1/6119 3216/2/6119 3190/3/6119
f 3269/1/6120 3233/2/6120 3209/3/6120
f 3188/1/6121 3237/2/6121 3181/3/6121
f 3226/1/6122 3312/2/6122 3161/3/6122
f 3230/1/6123 3232/2/6123 3199/3/6123
f 2236/1/6124 3283/2/6124 3172/3/6124
f 3158/1/6125 3313/2/6125 3169/3/6125
f 3222/1/6126 3314/2/6126 3211/3/6126
f 3220/1/6127 3315/2/6127 3208/3/6127
f 3208/1/6128 3315/2/6128 3230/3/6128
f 3205/1/6129 3269/2/6129 3209/3/6129
f 3204/1/6130 3311/2/6130 3213/3/6130
f 3231/1/6131 3316/2/6131 3194/3/6131
f 3174/1/6132 3309/2/6132 3185/3/6132
f 3211/1/6133 3220/2/6133 3197/3/6133
f 3177/1/6134 3317/2/6134 3223/3/6134
f 3168/1/6135 3317/2/6135 3177/3/6135
f 3174/1/6136 3318/2/6136 3309/3/6136
f 3150/1/6137 3318/2/6137 3174/3/6137
f 3215/1/6138 3222/2/6138 3176/3/6138
f 3254/1/6139 3313/2/6139 3158/3/6139
f 3145/1/6140 3319/2/6140 3225/3/6140
f 3221/1/6141 3272/2/6141 3268/3/6141
f 3234/1/6142 3319/2/6142 3145/3/6142
f 3179/1/6143 3247/2/6143 3167/3/6143
f 3161/1/6144 3312/2/6144 3234/3/6144
f 3237/1/6145 3279/2/6145 3181/3/6145
f 3311/1/6146 4310/2/6146 3213/3/6146
f 3099/1/6147 3231/2/6147 3089/3/6147
f 3268/1/6148 3278/2/6148 3228/3/6148
f 3185/1/6149 3307/2/6149 3218/3/6149
f 2243/1/6150 3223/2/6150 3265/3/6150
f 3230/1/6151 3320/2/6151 3232/3/6151
f 3307/1/6152 3322/2/6152 3218/3/6152
f 3218/1/6153 3322/2/6153 3226/3/6153
f 3310/1/6154 3323/2/6154 3204/3/6154
f 3204/1/6155 3323/2/6155 3311/3/6155
f 3207/1/6156 3324/2/6156 3187/3/6156
f 3187/1/6157 3324/2/6157 3168/3/6157
f 3235/1/6158 3291/2/6158 3178/3/6158
f 3141/1/6159 3325/2/6159 3254/3/6159
f 3306/1/6160 3325/2/6160 3141/3/6160
f 2241/1/6161 3326/2/6161 2240/3/6161
f 3316/1/6162 3306/2/6162 3194/3/6162
f 3275/1/6163 3284/2/6163 3170/3/6163
f 3178/1/6164 3291/2/6164 3144/3/6164
f 3172/1/6165 3283/2/6165 3270/3/6165
f 3165/1/6166 3286/2/6166 3235/3/6166
f 3272/1/6167 3281/2/6167 3268/3/6167
f 3162/1/6168 3327/2/6168 3216/3/6168
f 3196/1/6169 3327/2/6169 3162/3/6169
f 3315/1/6170 3320/2/6170 3230/3/6170
f 3282/1/6171 3279/2/6171 3237/3/6171
f 3236/1/6172 3328/2/6172 3196/3/6172
f 3233/1/6173 3287/2/6173 3165/3/6173
f 3267/1/6174 3272/2/6174 3221/3/6174
f 3313/1/6175 3329/2/6175 3169/3/6175
f 3169/1/6176 3329/2/6176 3247/3/6176
f 3210/1/6177 3271/2/6177 3236/3/6177
f 3203/1/6178 3292/2/6178 3210/3/6178
f 3274/1/6179 3292/2/6179 3203/3/6179
f 3150/1/6180 3232/2/6180 3318/3/6180
f 3225/1/6181 3319/2/6181 3310/3/6181
f 3309/1/6182 3331/2/6182 3185/3/6182
f 3185/1/6183 3331/2/6183 3307/3/6183
f 3226/1/6184 3332/2/6184 3312/3/6184
f 3234/1/6185 3333/2/6185 3319/3/6185
f 3312/1/6186 3333/2/6186 3234/3/6186
f 3247/1/6187 3334/2/6187 3167/3/6187
f 3167/1/6188 3334/2/6188 3215/3/6188
f 3220/1/6189 3335/2/6189 3315/3/6189
f 3316/1/6190 3336/2/6190 3306/3/6190
f 3319/1/6191 3337/2/6191 3310/3/6191
f 3291/1/6192 3330/2/6192 3144/3/6192
f 3211/1/6193 3338/2/6193 3220/3/6193
f 3314/1/6194 3338/2/6194 3211/3/6194
f 3215/1/6195 3321/2/6195 3222/3/6195
f 3265/1/6196 3326/2/6196 2241/3/6196
f 3216/1/6197 3339/2/6197 3190/3/6197
f 3322/1/6198 3341/2/6198 3226/3/6198
f 3175/1/6199 3342/2/6199 3308/3/6199
f 3190/1/6200 3342/2/6200 3175/3/6200
f 3232/1/6201 3340/2/6201 3318/3/6201
f 3281/1/6202 3277/2/6202 3268/3/6202
f 3325/1/6203 3343/2/6203 3254/3/6203
f 3254/1/6204 3343/2/6204 3313/3/6204
f 3099/1/6205 3117/2/6205 3231/3/6205
f 3231/1/6206 3117/2/6206 3316/3/6206
f 3315/1/6207 3344/2/6207 3320/3/6207
f 3233/1/6208 3276/2/6208 3287/3/6208
f 3334/1/6209 3321/2/6209 3215/3/6209
f 3196/1/6210 3328/2/6210 3327/3/6210
f 3329/1/6211 3345/2/6211 3247/3/6211
f 3310/1/6212 3337/2/6212 3323/3/6212
f 3308/1/6213 3346/2/6213 3207/3/6213
f 3207/1/6214 3346/2/6214 3324/3/6214
f 3226/1/6215 3341/2/6215 3332/3/6215
f 3277/1/6216 3296/2/6216 3278/3/6216
f 3223/1/6217 3326/2/6217 3265/3/6217
f 3332/1/6218 3333/2/6218 3312/3/6218
f 3235/1/6219 3286/2/6219 3291/3/6219
f 3326/1/6220 3347/2/6220 2240/3/6220
f 3318/1/6221 3348/2/6221 3309/3/6221
f 3309/1/6222 3348/2/6222 3331/3/6222
f 3330/1/6223 3349/2/6223 3144/3/6223
f 3144/1/6224 3349/2/6224 3274/3/6224
f 3307/1/6225 3331/2/6225 3322/3/6225
f 3317/1/6226 3350/2/6226 3223/3/6226
f 3168/1/6227 3324/2/6227 3317/3/6227
f 3336/1/6228 3351/2/6228 3306/3/6228
f 3306/1/6229 3351/2/6229 3325/3/6229
f 3322/1/6230 3352/2/6230 3341/3/6230
f 3316/1/6231 3117/2/6231 3336/3/6231
f 3320/1/6232 3354/2/6232 3232/3/6232
f 3232/1/6233 3354/2/6233 3340/3/6233
f 3319/1/6234 3333/2/6234 3337/3/6234
f 3274/1/6235 3355/2/6235 3292/3/6235
f 3321/1/6236 3356/2/6236 3222/3/6236
f 3222/1/6237 3356/2/6237 3314/3/6237
f 3313/1/6238 3357/2/6238 3329/3/6238
f 3340/1/6239 3358/2/6239 3318/3/6239
f 3338/1/6240 3359/2/6240 3220/3/6240
f 3271/1/6241 3360/2/6241 3236/3/6241
f 3236/1/6242 3360/2/6242 3328/3/6242
f 3220/1/6243 3359/2/6243 3335/3/6243
f 3276/1/6244 3361/2/6244 3287/3/6244
f 3337/1/6245 3362/2/6245 3323/3/6245
f 3291/1/6246 3363/2/6246 3330/3/6246
f 3286/1/6247 3363/2/6247 3291/3/6247
f 2994/1/6248 3364/2/6248 3283/3/6248
f 3283/1/6249 3364/2/6249 3270/3/6249
f 3117/1/6250 3365/2/6250 3336/3/6250
f 3343/1/6251 3357/2/6251 3313/3/6251
f 3282/1/6252 3370/2/6252 3279/3/6252
f 3223/1/6253 3366/2/6253 3326/3/6253
f 3247/1/6254 3345/2/6254 3334/3/6254
f 3333/1/6255 3367/2/6255 3337/3/6255
f 3326/1/6256 3369/2/6256 3347/3/6256
f 3315/1/6257 3371/2/6257 3344/3/6257
f 3335/1/6258 3371/2/6258 3315/3/6258
f 3331/1/6259 3352/2/6259 3322/3/6259
f 1819/1/6260 3372/2/6260 2263/3/6260
f 3341/1/6261 3375/2/6261 3332/3/6261
f 3339/1/6262 3376/2/6262 3190/3/6262
f 3190/1/6263 3376/2/6263 3342/3/6263
f 2267/1/6264 3374/2/6264 1819/3/6264
f 2263/1/6265 3241/2/6265 2262/3/6265
f 3333/1/6266 3368/2/6266 3367/3/6266
f 3336/1/6267 3365/2/6267 3351/3/6267
f 3332/1/6268 3368/2/6268 3333/3/6268
f 2268/1/6269 3374/2/6269 2267/3/6269
f 3289/1/6270 3378/2/6270 3272/3/6270
f 3273/1/6271 3293/2/6271 3282/3/6271
f 3329/1/6272 3373/2/6272 3345/3/6272
f 3337/1/6273 3367/2/6273 3362/3/6273
f 3270/1/6274 3379/2/6274 3275/3/6274
f 3364/1/6275 3379/2/6275 3270/3/6275
f 2240/1/6276 3347/2/6276 2238/3/6276
f 3287/1/6277 3361/2/6277 3288/3/6277
f 3372/1/6278 3238/2/6278 2263/3/6278
f 1819/1/6279 3381/2/6279 3372/3/6279
f 3351/1/6280 3382/2/6280 3325/3/6280
f 3325/1/6281 3382/2/6281 3343/3/6281
f 3374/1/6282 3381/2/6282 1819/3/6282
f 3327/1/6283 3383/2/6283 3216/3/6283
f 3216/1/6284 3383/2/6284 3339/3/6284
f 3318/1/6285 3358/2/6285 3348/3/6285
f 3357/1/6286 3373/2/6286 3329/3/6286
f 3344/1/6287 3384/2/6287 3320/3/6287
f 3320/1/6288 3384/2/6288 3354/3/6288
f 2269/1/6289 3385/2/6289 1823/3/6289
f 2268/1/6290 3387/2/6290 3374/3/6290
f 3367/1/6291 3368/2/6291 3386/3/6291
f 3349/1/6292 3355/2/6292 3274/3/6292
f 2262/1/6293 3243/2/6293 2259/3/6293
f 3334/1/6294 3388/2/6294 3321/3/6294
f 3332/1/6295 3389/2/6295 3368/3/6295
f 3359/1/6296 3371/2/6296 3335/3/6296
f 3352/1/6297 3375/2/6297 3341/3/6297
f 3277/1/6298 3377/2/6298 3290/3/6298
f 3370/1/6299 3294/2/6299 3279/3/6299
f 3308/1/6300 3390/2/6300 3346/3/6300
f 3342/1/6301 3390/2/6301 3308/3/6301
f 3272/1/6302 3378/2/6302 3281/3/6302
f 3372/1/6303 3392/2/6303 3238/3/6303
f 3365/1/6304 3391/2/6304 3351/3/6304
f 3330/1/6305 3393/2/6305 3349/3/6305
f 3281/1/6306 3377/2/6306 3277/3/6306
f 3340/1/6307 3354/2/6307 3358/3/6307
f 2258/1/6308 3240/2/6308 2256/3/6308
f 3350/1/6309 3366/2/6309 3223/3/6309
f 3324/1/6310 3350/2/6310 3317/3/6310
f 3345/1/6311 3380/2/6311 3334/3/6311
f 3314/1/6312 3395/2/6312 3338/3/6312
f 1823/1/6313 3396/2/6313 2268/3/6313
f 3271/1/6314 3397/2/6314 3360/3/6314
f 3375/1/6315 3389/2/6315 3332/3/6315
f 3353/1/6316 3397/2/6316 3271/3/6316
f 3293/1/6317 3370/2/6317 3282/3/6317
f 3331/1/6318 3398/2/6318 3352/3/6318
f 3348/1/6319 3398/2/6319 3331/3/6319
f 3345/1/6320 3373/2/6320 3380/3/6320
f 3286/1/6321 3298/2/6321 3363/3/6321
f 3355/1/6322 3399/2/6322 3292/3/6322
f 3292/1/6323 3399/2/6323 3353/3/6323
f 3285/1/6324 3400/2/6324 3293/3/6324
f 3275/1/6325 3402/2/6325 3285/3/6325
f 3379/1/6326 3402/2/6326 3275/3/6326
f 3351/1/6327 3391/2/6327 3382/3/6327
f 3359/1/6328 3403/2/6328 3371/3/6328
f 3365/1/6329 3404/2/6329 3391/3/6329
f 3343/1/6330 3382/2/6330 3357/3/6330
f 2271/1/6331 3405/2/6331 2269/3/6331
f 3361/1/6332 3300/2/6332 3288/3/6332
f 3366/1/6333 3406/2/6333 3326/3/6333
f 3326/1/6334 3406/2/6334 3369/3/6334
f 3239/1/6335 3407/2/6335 3241/3/6335
f 3352/1/6336 3408/2/6336 3375/3/6336
f 3324/1/6337 3409/2/6337 3350/3/6337
f 3347/1/6338 3394/2/6338 2238/3/6338
f 3389/1/6339 3410/2/6339 3368/3/6339
f 2238/1/6340 3394/2/6340 3984/3/6340
f 3357/1/6341 3411/2/6341 3373/3/6341
f 3385/1/6342 3396/2/6342 1823/3/6342
f 3240/1/6343 3412/2/6343 2256/3/6343
f 3294/1/6344 3289/2/6344 3280/3/6344
f 3358/1/6345 3413/2/6345 3348/3/6345
f 3375/1/6346 3414/2/6346 3389/3/6346
f 3243/1/6347 3244/2/6347 2259/3/6347
f 2259/1/6348 3244/2/6348 3240/3/6348
f 3381/1/6349 3392/2/6349 3372/3/6349
f 2268/1/6350 3415/2/6350 3387/3/6350
f 3396/1/6351 3415/2/6351 2268/3/6351
f 3374/1/6352 3416/2/6352 3381/3/6352
f 3387/1/6353 3416/2/6353 3374/3/6353
f 3363/1/6354 3393/2/6354 3330/3/6354
f 3321/1/6355 3418/2/6355 3356/3/6355
f 3388/1/6356 3418/2/6356 3321/3/6356
f 3378/1/6357 3419/2/6357 3281/3/6357
f 2269/1/6358 3420/2/6358 3385/3/6358
f 3328/1/6359 3383/2/6359 3327/3/6359
f 3354/1/6360 3421/2/6360 3358/3/6360
f 3380/1/6361 3388/2/6361 3334/3/6361
f 3392/1/6362 3239/2/6362 3238/3/6362
f 3371/1/6363 3423/2/6363 3344/3/6363
f 3344/1/6364 3423/2/6364 3384/3/6364
f 3350/1/6365 3424/2/6365 3366/3/6365
f 2256/1/6366 3401/2/6366 2254/3/6366
f 3368/1/6367 3410/2/6367 3386/3/6367
f 3398/1/6368 3408/2/6368 3352/3/6368
f 3241/1/6369 3407/2/6369 3243/3/6369
f 3400/1/6370 3426/2/6370 3293/3/6370
f 3384/1/6371 3427/2/6371 3354/3/6371
f 3395/1/6372 3428/2/6372 3338/3/6372
f 3338/1/6373 3428/2/6373 3359/3/6373
f 3382/1/6374 3411/2/6374 3357/3/6374
f 3356/1/6375 3395/2/6375 3314/3/6375
f 3386/1/6376 3410/2/6376 3916/3/6376
f 3402/1/6377 3400/2/6377 3285/3/6377
f 3375/1/6378 3408/2/6378 3414/3/6378
f 3339/1/6379 3383/2/6379 3376/3/6379
f 3389/1/6380 3414/2/6380 3410/3/6380
f 3391/1/6381 3429/2/6381 3382/3/6381
f 3281/1/6382 3419/2/6382 3377/3/6382
f 3346/1/6383 3409/2/6383 3324/3/6383
f 3369/1/6384 3430/2/6384 3347/3/6384
f 3347/1/6385 3430/2/6385 3394/3/6385
f 3398/1/6386 3431/2/6386 3408/3/6386
f 3422/1/6387 3392/2/6387 3381/3/6387
f 3393/1/6388 3432/2/6388 3349/3/6388
f 3244/1/6389 3433/2/6389 3240/3/6389
f 3349/1/6390 3432/2/6390 3355/3/6390
f 3240/1/6391 3433/2/6391 3412/3/6391
f 3348/1/6392 3413/2/6392 3398/3/6392
f 3407/1/6393 3434/2/6393 3243/3/6393
f 3380/1/6394 3435/2/6394 3388/3/6394
f 3370/1/6395 3436/2/6395 3294/3/6395
f 3405/1/6396 3420/2/6396 2269/3/6396
f 3342/1/6397 3437/2/6397 3390/3/6397
f 3376/1/6398 3437/2/6398 3342/3/6398
f 2254/1/6399 3245/2/6399 2252/3/6399
f 3401/1/6400 3245/2/6400 2254/3/6400
f 3080/1/6401 3391/2/6401 3404/3/6401
f 4000/1/6402 3394/2/6402 3430/3/6402
f 3355/1/6403 3439/2/6403 3399/3/6403
f 3382/1/6404 3440/2/6404 3411/3/6404
f 2271/1/6405 3425/2/6405 3405/3/6405
f 3239/1/6406 3442/2/6406 3407/3/6406
f 3412/1/6407 3443/2/6407 2256/3/6407
f 2256/1/6408 3443/2/6408 3401/3/6408
f 3422/1/6409 3438/2/6409 3392/3/6409
f 3358/1/6410 3421/2/6410 3413/3/6410
f 3392/1/6411 3438/2/6411 3239/3/6411
f 3293/1/6412 3426/2/6412 3370/3/6412
f 3328/1/6413 3417/2/6413 3383/3/6413
f 3420/1/6414 3444/2/6414 3385/3/6414
f 3385/1/6415 3444/2/6415 3396/3/6415
f 3328/1/6416 3360/2/6416 3417/3/6416
f 3377/1/6417 3445/2/6417 3290/3/6417
f 3387/1/6418 3447/2/6418 3416/3/6418
f 3406/1/6419 3448/2/6419 3369/3/6419
f 3415/1/6420 3447/2/6420 3387/3/6420
f 3004/1/6421 3402/2/6421 3379/3/6421
f 3373/1/6422 3449/2/6422 3380/3/6422
f 3411/1/6423 3449/2/6423 3373/3/6423
f 3408/1/6424 3450/2/6424 3414/3/6424
f 3416/1/6425 3451/2/6425 3381/3/6425
f 3381/1/6426 3451/2/6426 3422/3/6426
f 3396/1/6427 3444/2/6427 3415/3/6427
f 3354/1/6428 3427/2/6428 3421/3/6428
f 3410/1/6429 3414/2/6429 3987/3/6429
f 3397/1/6430 3452/2/6430 3360/3/6430
f 3403/1/6431 3423/2/6431 3371/3/6431
f 3356/1/6432 3453/2/6432 3395/3/6432
f 3429/1/6433 3454/2/6433 3382/3/6433
f 3382/1/6434 3454/2/6434 3440/3/6434
f 3438/1/6435 3442/2/6435 3239/3/6435
f 3409/1/6436 3455/2/6436 3350/3/6436
f 3431/1/6437 3456/2/6437 3408/3/6437
f 3425/1/6438 3441/2/6438 3405/3/6438
f 3350/1/6439 3455/2/6439 3424/3/6439
f 3080/1/6440 3429/2/6440 3391/3/6440
f 3426/1/6441 3457/2/6441 3370/3/6441
f 2271/1/6442 3446/2/6442 3425/3/6442
f 3423/1/6443 3458/2/6443 3384/3/6443
f 3384/1/6444 3458/2/6444 3427/3/6444
f 3298/1/6445 3459/2/6445 3363/3/6445
f 3363/1/6446 3459/2/6446 3393/3/6446
f 3353/1/6447 3399/2/6447 3397/3/6447
f 3346/1/6448 3460/2/6448 3409/3/6448
f 2272/1/6449 3446/2/6449 2271/3/6449
f 3419/1/6450 3461/2/6450 3377/3/6450
f 3444/1/6451 3462/2/6451 3415/3/6451
f 3434/1/6452 3242/2/6452 3243/3/6452
f 3411/1/6453 3464/2/6453 3449/3/6453
f 3432/1/6454 3439/2/6454 3355/3/6454
f 3424/1/6455 3465/2/6455 3366/3/6455
f 3366/1/6456 3465/2/6456 3406/3/6456
f 3461/1/6457 3445/2/6457 3377/3/6457
f 3438/1/6458 3480/2/6458 3442/3/6458
f 3421/1/6459 3467/2/6459 3413/3/6459
f 3418/1/6460 3453/2/6460 3356/3/6460
f 3408/1/6461 3456/2/6461 3450/3/6461
f 3388/1/6462 3435/2/6462 3418/3/6462
f 3414/1/6463 3450/2/6463 3987/3/6463
f 3359/1/6464 3468/2/6464 3403/3/6464
f 3428/1/6465 3468/2/6465 3359/3/6465
f 3413/1/6466 3431/2/6466 3398/3/6466
f 3294/1/6467 3469/2/6467 3289/3/6467
f 3436/1/6468 3469/2/6468 3294/3/6468
f 3380/1/6469 3449/2/6469 3435/3/6469
f 3369/1/6470 3448/2/6470 3430/3/6470
f 3442/1/6471 3434/2/6471 3407/3/6471
f 3402/1/6472 3470/2/6472 3400/3/6472
f 3405/1/6473 3471/2/6473 3420/3/6473
f 3441/1/6474 3471/2/6474 3405/3/6474
f 3242/1/6475 3472/2/6475 3244/3/6475
f 3440/1/6476 3464/2/6476 3411/3/6476
f 3422/1/6477 3451/2/6477 3438/3/6477
f 3004/1/6478 3470/2/6478 3402/3/6478
f 3427/1/6479 3473/2/6479 3421/3/6479
f 3462/1/6480 3474/2/6480 3415/3/6480
f 3415/1/6481 3474/2/6481 3447/3/6481
f 3446/1/6482 3475/2/6482 3425/3/6482
f 3987/1/6483 3450/2/6483 3993/3/6483
f 3300/1/6484 3477/2/6484 3298/3/6484
f 3378/1/6485 3478/2/6485 3419/3/6485
f 3454/1/6486 3479/2/6486 3440/3/6486
f 3295/1/6487 3297/2/6487 3299/3/6487
f 3453/1/6488 3428/2/6488 3395/3/6488
f 3443/1/6489 3245/2/6489 3401/3/6489
f 3400/1/6490 3481/2/6490 3426/3/6490
f 3470/1/6491 3481/2/6491 3400/3/6491
f 2274/1/6492 3476/2/6492 2272/3/6492
f 3412/1/6493 3482/2/6493 3443/3/6493
f 3433/1/6494 3482/2/6494 3412/3/6494
f 3457/1/6495 3436/2/6495 3370/3/6495
f 3403/1/6496 3463/2/6496 3423/3/6496
f 3429/1/6497 3483/2/6497 3454/3/6497
f 3080/1/6498 3483/2/6498 3429/3/6498
f 3244/1/6499 3472/2/6499 3433/3/6499
f 3432/1/6500 3484/2/6500 3439/3/6500
f 3447/1/6501 3485/2/6501 3416/3/6501
f 3416/1/6502 3485/2/6502 3451/3/6502
f 3390/1/6503 3460/2/6503 3346/3/6503
f 3413/1/6504 3467/2/6504 3431/3/6504
f 3423/1/6505 3486/2/6505 3458/3/6505
f 3290/1/6506 3445/2/6506 3297/3/6506
f 3397/1/6507 3487/2/6507 3452/3/6507
f 3479/1/6508 3489/2/6508 3440/3/6508
f 3440/1/6509 3489/2/6509 3464/3/6509
f 3297/1/6510 3491/2/6510 3299/3/6510
f 3434/1/6511 3492/2/6511 3242/3/6511
f 3468/1/6512 3463/2/6512 3403/3/6512
f 3463/1/6513 3493/2/6513 3423/3/6513
f 3431/1/6514 3494/2/6514 3456/3/6514
f 3418/1/6515 3495/2/6515 3453/3/6515
f 3425/1/6516 3475/2/6516 3441/3/6516
f 3417/1/6517 3466/2/6517 3383/3/6517
f 3449/1/6518 3496/2/6518 3435/3/6518
f 3360/1/6519 3452/2/6519 3417/3/6519
f 3421/1/6520 3473/2/6520 3467/3/6520
f 3383/1/6521 3497/2/6521 3376/3/6521
f 3376/1/6522 3497/2/6522 3437/3/6522
f 3476/1/6523 3446/2/6523 2272/3/6523
f 3289/1/6524 3498/2/6524 3378/3/6524
f 3469/1/6525 3498/2/6525 3289/3/6525
f 3467/1/6526 3499/2/6526 3431/3/6526
f 3424/1/6527 3500/2/6527 3465/3/6527
f 3455/1/6528 3500/2/6528 3424/3/6528
f 3480/1/6529 3488/2/6529 3442/3/6529
f 3442/1/6530 3488/2/6530 3434/3/6530
f 3444/1/6531 3490/2/6531 3462/3/6531
f 3393/1/6532 3459/2/6532 3432/3/6532
f 3430/1/6533 3501/2/6533 4038/3/6533
f 3458/1/6534 3503/2/6534 3427/3/6534
f 3427/1/6535 3503/2/6535 3473/3/6535
f 3409/1/6536 3505/2/6536 3455/3/6536
f 3460/1/6537 3505/2/6537 3409/3/6537
f 3443/1/6538 3250/2/6538 3245/3/6538
f 3471/1/6539 3506/2/6539 3420/3/6539
f 3420/1/6540 3506/2/6540 3444/3/6540
f 3454/1/6541 3483/2/6541 3479/3/6541
f 3453/1/6542 3507/2/6542 3428/3/6542
f 3439/1/6543 3302/2/6543 3399/3/6543
f 2251/1/6544 3252/2/6544 3251/3/6544
f 3301/1/6545 3508/2/6545 3300/3/6545
f 3449/1/6546 3509/2/6546 3496/3/6546
f 3464/1/6547 3509/2/6547 3449/3/6547
f 3417/1/6548 3510/2/6548 3466/3/6548
f 3485/1/6549 3502/2/6549 3451/3/6549
f 3448/1/6550 3501/2/6550 3430/3/6550
f 3488/1/6551 3492/2/6551 3434/3/6551
f 3399/1/6552 3487/2/6552 3397/3/6552
f 3493/1/6553 3486/2/6553 3423/3/6553
f 3481/1/6554 3513/2/6554 3426/3/6554
f 3456/1/6555 3494/2/6555 3450/3/6555
f 3297/1/6556 3514/2/6556 3491/3/6556
f 3435/1/6557 3495/2/6557 3418/3/6557
f 3445/1/6558 3514/2/6558 3297/3/6558
f 3483/1/6559 3515/2/6559 3479/3/6559
f 3499/1/6560 3494/2/6560 3431/3/6560
f 3474/1/6561 3485/2/6561 3447/3/6561
f 3472/1/6562 3516/2/6562 3433/3/6562
f 3504/1/6563 3474/2/6563 3462/3/6563
f 3298/1/6564 3517/2/6564 3459/3/6564
f 3477/1/6565 3517/2/6565 3298/3/6565
f 3478/1/6566 3461/2/6566 3419/3/6566
f 3428/1/6567 3518/2/6567 3468/3/6567
f 3246/1/6568 3252/2/6568 2251/3/6568
f 3450/1/6569 3494/2/6569 4033/3/6569
f 3300/1/6570 3508/2/6570 3477/3/6570
f 2274/1/6571 3512/2/6571 3476/3/6571
f 3503/1/6572 3520/2/6572 3473/3/6572
f 3482/1/6573 3250/2/6573 3443/3/6573
f 3490/1/6574 3504/2/6574 3462/3/6574
f 3453/1/6575 3495/2/6575 3507/3/6575
f 3435/1/6576 3496/2/6576 3495/3/6576
f 3426/1/6577 3513/2/6577 3457/3/6577
f 3476/1/6578 3511/2/6578 3446/3/6578
f 3383/1/6579 3521/2/6579 3497/3/6579
f 3251/1/6580 3252/2/6580 2249/3/6580
f 3466/1/6581 3521/2/6581 3383/3/6581
f 3491/1/6582 3522/2/6582 3299/3/6582
f 3299/1/6583 3522/2/6583 3301/3/6583
f 3465/1/6584 3523/2/6584 3406/3/6584
f 3406/1/6585 3523/2/6585 3448/3/6585
f 3390/1/6586 3525/2/6586 3460/3/6586
f 3437/1/6587 3525/2/6587 3390/3/6587
f 3489/1/6588 3526/2/6588 3464/3/6588
f 3492/1/6589 3527/2/6589 3242/3/6589
f 3464/1/6590 3526/2/6590 3509/3/6590
f 3242/1/6591 3527/2/6591 3472/3/6591
f 3444/1/6592 3259/2/6592 3490/3/6592
f 3473/1/6593 3520/2/6593 3467/3/6593
f 3506/1/6594 3259/2/6594 3444/3/6594
f 3446/1/6595 3511/2/6595 3475/3/6595
f 3486/1/6596 3529/2/6596 3458/3/6596
f 3507/1/6597 3518/2/6597 3428/3/6597
f 3498/1/6598 3478/2/6598 3378/3/6598
f 3028/1/6599 3481/2/6599 3470/3/6599
f 3468/1/6600 3530/2/6600 3463/3/6600
f 3502/1/6601 3488/2/6601 3480/3/6601
f 3433/1/6602 3516/2/6602 3482/3/6602
f 3488/1/6603 3533/2/6603 3492/3/6603
f 3417/1/6604 3519/2/6604 3510/3/6604
f 3479/1/6605 3534/2/6605 3489/3/6605
f 3452/1/6606 3519/2/6606 3417/3/6606
f 3489/1/6607 3534/2/6607 3526/3/6607
f 3494/1/6608 3535/2/6608 4033/3/6608
f 3499/1/6609 3536/2/6609 3494/3/6609
f 3501/1/6610 3448/2/6610 3544/3/6610
f 3524/1/6611 3469/2/6611 3436/3/6611
f 3246/1/6612 3537/2/6612 3252/3/6612
f 3485/1/6613 3538/2/6613 3502/3/6613
f 3463/1/6614 3530/2/6614 3493/3/6614
f 3505/1/6615 3539/2/6615 3455/3/6615
f 3455/1/6616 3539/2/6616 3500/3/6616
f 3500/1/6617 3523/2/6617 3465/3/6617
f 3515/1/6618 3534/2/6618 3479/3/6618
f 3459/1/6619 3540/2/6619 3432/3/6619
f 3432/1/6620 3540/2/6620 3484/3/6620
f 3496/1/6621 3541/2/6621 3495/3/6621
f 3514/1/6622 3542/2/6622 3491/3/6622
f 3467/1/6623 3543/2/6623 3499/3/6623
f 3520/1/6624 3543/2/6624 3467/3/6624
f 3513/1/6625 3436/2/6625 3457/3/6625
f 3484/1/6626 3302/2/6626 3439/3/6626
f 3511/1/6627 3264/2/6627 3475/3/6627
f 3502/1/6628 3531/2/6628 3488/3/6628
f 3458/1/6629 3529/2/6629 3503/3/6629
f 3515/1/6630 3545/2/6630 3534/3/6630
f 3508/1/6631 3546/2/6631 3477/3/6631
f 2249/1/6632 3547/2/6632 2247/3/6632
f 3536/1/6633 3535/2/6633 3494/3/6633
f 3512/1/6634 3549/2/6634 3476/3/6634
f 3507/1/6635 3550/2/6635 3518/3/6635
f 3493/1/6636 3529/2/6636 3486/3/6636
f 3399/1/6637 3304/2/6637 3487/3/6637
f 3302/1/6638 3304/2/6638 3399/3/6638
f 3252/1/6639 3528/2/6639 2249/3/6639
f 3531/1/6640 3255/2/6640 3488/3/6640
f 3509/1/6641 3541/2/6641 3496/3/6641
f 3491/1/6642 3542/2/6642 3522/3/6642
f 3506/1/6643 3256/2/6643 3259/3/6643
f 3500/1/6644 3551/2/6644 3523/3/6644
f 3495/1/6645 3541/2/6645 3507/3/6645
f 3461/1/6646 3532/2/6646 3445/3/6646
f 3474/1/6647 3552/2/6647 3485/3/6647
f 3543/1/6648 3536/2/6648 3499/3/6648
f 3452/1/6649 3553/2/6649 3519/3/6649
f 3487/1/6650 3553/2/6650 3452/3/6650
f 3301/1/6651 3522/2/6651 3508/3/6651
f 3523/1/6652 3544/2/6652 3448/3/6652
f 3469/1/6653 3554/2/6653 3498/3/6653
f 3466/1/6654 3510/2/6654 3521/3/6654
f 3504/1/6655 3552/2/6655 3474/3/6655
f 3490/1/6656 3555/2/6656 3504/3/6656
f 3259/1/6657 3555/2/6657 3490/3/6657
f 3476/1/6658 3549/2/6658 3511/3/6658
f 3529/1/6659 3556/2/6659 3503/3/6659
f 3503/1/6660 3556/2/6660 3520/3/6660
f 3505/1/6661 3557/2/6661 3539/3/6661
f 3481/1/6662 3032/2/6662 3513/3/6662
f 3028/1/6663 3032/2/6663 3481/3/6663
f 3518/1/6664 3558/2/6664 3468/3/6664
f 3515/1/6665 3105/2/6665 3545/3/6665
f 3484/1/6666 3303/2/6666 3302/3/6666
f 2274/1/6667 3559/2/6667 3512/3/6667
f 2275/1/6668 3559/2/6668 2274/3/6668
f 3460/1/6669 3560/2/6669 3505/3/6669
f 3525/1/6670 3560/2/6670 3460/3/6670
f 3520/1/6671 3561/2/6671 3543/3/6671
f 3477/1/6672 3546/2/6672 3517/3/6672
f 3488/1/6673 3255/2/6673 3533/3/6673
f 3478/1/6674 3562/2/6674 3461/3/6674
f 3513/1/6675 3563/2/6675 3436/3/6675
f 3550/1/6676 3558/2/6676 3518/3/6676
f 3517/1/6677 3540/2/6677 3459/3/6677
f 3492/1/6678 3548/2/6678 3527/3/6678
f 3498/1/6679 3565/2/6679 3478/3/6679
f 3527/1/6680 3566/2/6680 3472/3/6680
f 3472/1/6681 3566/2/6681 3516/3/6681
f 3536/1/6682 3567/2/6682 3535/3/6682
f 3526/1/6683 3568/2/6683 3509/3/6683
f 3509/1/6684 3568/2/6684 3541/3/6684
f 3541/1/6685 3550/2/6685 3507/3/6685
f 3249/1/6686 3260/2/6686 3256/3/6686
f 3528/1/6687 3547/2/6687 2249/3/6687
f 3530/1/6688 3569/2/6688 3493/3/6688
f 3533/1/6689 3548/2/6689 3492/3/6689
f 3493/1/6690 3570/2/6690 3529/3/6690
f 3542/1/6691 3571/2/6691 3522/3/6691
f 3516/1/6692 3261/2/6692 3482/3/6692
f 3482/1/6693 3261/2/6693 3250/3/6693
f 3437/1/6694 3572/2/6694 3525/3/6694
f 3497/1/6695 3572/2/6695 3437/3/6695
f 3538/1/6696 3573/2/6696 3502/3/6696
f 3502/1/6697 3573/2/6697 3531/3/6697
f 3558/1/6698 3530/2/6698 3468/3/6698
f 3534/1/6699 3568/2/6699 3526/3/6699
f 3539/1/6700 3551/2/6700 3500/3/6700
f 3485/1/6701 3266/2/6701 3538/3/6701
f 3562/1/6702 3532/2/6702 3461/3/6702
f 3552/1/6703 3266/2/6703 3485/3/6703
f 3549/1/6704 3574/2/6704 3511/3/6704
f 3541/1/6685 3575/2/6685 3550/3/6685
f 3524/1/6705 3554/2/6705 3469/3/6705
f 3558/1/6706 3576/2/6706 3530/3/6706
f 3529/1/6707 3577/2/6707 3556/3/6707
f 3436/1/6708 3563/2/6708 3524/3/6708
f 3252/1/6709 3253/2/6709 3528/3/6709
f 3556/1/6710 3561/2/6710 3520/3/6710
f 3533/1/6711 3579/2/6711 3548/3/6711
f 3536/1/6712 3543/2/6712 3567/3/6712
f 3248/1/6713 3217/2/6713 3246/3/6713
f 3246/1/6714 3217/2/6714 3537/3/6714
f 3551/1/6715 3580/2/6715 3523/3/6715
f 3523/1/6716 3580/2/6716 3544/3/6716
f 3105/1/6717 3116/2/6717 3545/3/6717
f 3532/1/6718 3166/2/6718 3445/3/6718
f 3569/1/6719 3570/2/6719 3493/3/6719
f 3445/1/6720 3166/2/6720 3514/3/6720
f 3570/1/6721 3581/2/6721 3529/3/6721
f 3576/1/6722 3578/2/6722 3530/3/6722
f 3537/1/6723 3253/2/6723 3252/3/6723
f 3519/1/6724 3564/2/6724 3510/3/6724
f 3545/1/6725 3582/2/6725 3534/3/6725
f 3534/1/6726 3582/2/6726 3568/3/6726
f 3487/1/6727 3583/2/6727 3553/3/6727
f 3554/1/6728 3565/2/6728 3498/3/6728
f 3517/1/6729 3584/2/6729 3540/3/6729
f 3032/1/6730 3563/2/6730 3513/3/6730
f 3539/1/6731 3586/2/6731 3551/3/6731
f 3548/1/6732 3598/2/6732 3527/3/6732
f 3578/1/6733 3569/2/6733 3530/3/6733
f 3519/1/6734 3553/2/6734 3564/3/6734
f 3563/1/6735 3587/2/6735 3524/3/6735
f 3522/1/6736 3585/2/6736 3508/3/6736
f 3508/1/6737 3585/2/6737 3546/3/6737
f 3550/1/6738 3575/2/6738 3558/3/6738
f 3528/1/6739 3155/2/6739 3547/3/6739
f 3541/1/6740 3588/2/6740 3575/3/6740
f 3568/1/6741 3588/2/6741 3541/3/6741
f 3561/1/6742 3589/2/6742 3543/3/6742
f 3510/1/6743 3138/2/6743 3521/3/6743
f 3540/1/6744 3305/2/6744 3484/3/6744
f 3484/1/6745 3305/2/6745 3303/3/6745
f 3560/1/6746 3590/2/6746 3505/3/6746
f 3505/1/6747 3590/2/6747 3557/3/6747
f 3255/1/6748 3579/2/6748 3533/3/6748
f 3546/1/6749 3163/2/6749 3517/3/6749
f 3497/1/6750 3160/2/6750 3572/3/6750
f 3521/1/6751 3160/2/6751 3497/3/6751
f 3555/1/6752 3263/2/6752 3504/3/6752
f 3504/1/6753 3263/2/6753 3552/3/6753
f 3581/1/6754 3577/2/6754 3529/3/6754
f 3511/1/6755 3574/2/6755 3264/3/6755
f 3556/1/6756 3591/2/6756 3561/3/6756
f 3531/1/6757 3573/2/6757 3255/3/6757
f 3565/1/6758 3562/2/6758 3478/3/6758
f 2277/1/6759 3592/2/6759 2275/3/6759
f 3545/1/6760 3116/2/6760 3582/3/6760
f 3544/1/6761 3580/2/6761 4166/3/6761
f 3559/1/6762 3593/2/6762 3512/3/6762
f 3512/1/6763 3593/2/6763 3549/3/6763
f 3543/1/6764 3594/2/6764 3567/3/6764
f 3589/1/6765 3594/2/6765 3543/3/6765
f 3525/1/6766 3572/2/6766 3560/3/6766
f 3577/1/6767 3595/2/6767 3556/3/6767
f 3575/1/6768 3596/2/6768 3558/3/6768
f 3537/1/6769 3217/2/6769 3253/3/6769
f 3568/1/6770 3597/2/6770 3588/3/6770
f 3591/1/6771 3589/2/6771 3561/3/6771
f 3557/1/6772 3586/2/6772 3539/3/6772
f 3527/1/6773 3598/2/6773 3566/3/6773
f 3596/1/6774 3599/2/6774 3558/3/6774
f 3558/1/6775 3599/2/6775 3576/3/6775
f 3587/1/6776 3600/2/6776 3524/3/6776
f 3524/1/6777 3600/2/6777 3554/3/6777
f 3122/1/6778 3582/2/6778 3116/3/6778
f 3303/1/6779 3149/2/6779 3304/3/6779
f 3522/1/6780 3571/2/6780 3585/3/6780
f 3304/1/6781 3180/2/6781 3487/3/6781
f 3487/1/6782 3180/2/6782 3583/3/6782
f 3547/1/6783 3187/2/6783 2247/3/6783
f 3570/1/6784 3601/2/6784 3581/3/6784
f 3594/1/6785 4126/2/6785 3567/3/6785
f 3542/1/6786 3179/2/6786 3571/3/6786
f 3152/1/6787 3179/2/6787 3542/3/6787
f 3579/1/6788 3598/2/6788 3548/3/6788
f 3556/1/6789 3595/2/6789 3591/3/6789
f 3582/1/6790 3597/2/6790 3568/3/6790
f 3578/1/6791 3602/2/6791 3569/3/6791
f 3569/1/6792 3602/2/6792 3570/3/6792
f 3266/1/6793 3164/2/6793 3538/3/6793
f 3538/1/6794 3164/2/6794 3573/3/6794
f 2275/1/6795 3592/2/6795 3559/3/6795
f 3588/1/6796 3596/2/6796 3575/3/6796
f 2247/1/6797 3177/2/6797 2246/3/6797
f 3564/1/6798 3138/2/6798 3510/3/6798
f 3565/1/6799 3154/2/6799 3562/3/6799
f 3260/1/6800 3262/2/6800 3256/3/6800
f 3586/1/6801 3171/2/6801 3551/3/6801
f 3551/1/6802 3171/2/6802 3580/3/6802
f 3582/1/6803 3122/2/6803 3597/3/6803
f 3514/1/6804 3152/2/6804 3542/3/6804
f 3166/1/6805 3152/2/6805 3514/3/6805
f 3564/1/6806 3603/2/6806 3182/3/6806
f 3553/1/6807 3603/2/6807 3564/3/6807
f 3576/1/6808 3599/2/6808 3578/3/6808
f 3258/1/6809 3159/2/6809 3260/3/6809
f 3588/1/6810 3604/2/6810 3596/3/6810
f 3581/1/6811 3156/2/6811 3577/3/6811
f 3601/1/6812 3156/2/6812 3581/3/6812
f 3248/1/6813 3162/2/6813 3217/3/6813
f 3257/1/6814 3162/2/6814 3248/3/6814
f 3253/1/6815 3155/2/6815 3528/3/6815
f 3592/1/6816 3183/2/6816 3559/3/6816
f 3579/1/6817 3142/2/6817 3598/3/6817
f 3516/1/6818 3202/2/6818 3261/3/6818
f 3566/1/6819 3202/2/6819 3516/3/6819
f 3602/1/6820 3601/2/6820 3570/3/6820
f 3591/1/6821 3605/2/6821 3589/3/6821
f 3138/1/6822 3139/2/6822 3521/3/6822
f 3521/1/6823 3139/2/6823 3160/3/6823
f 3598/1/6824 3203/2/6824 3566/3/6824
f 3149/1/6825 3180/2/6825 3304/3/6825
f 3573/1/6826 3193/2/6826 3255/3/6826
f 3517/1/6827 3197/2/6827 3584/3/6827
f 3163/1/6828 3197/2/6828 3517/3/6828
f 3597/1/6829 3604/2/6829 3588/3/6829
f 3562/1/6830 3141/2/6830 3532/3/6830
f 3122/1/6831 2662/2/6831 3597/3/6831
f 3156/1/6832 3595/2/6832 3577/3/6832
f 3255/1/6833 3178/2/6833 3579/3/6833
f 3193/1/6834 3178/2/6834 3255/3/6834
f 3589/1/6835 3605/2/6835 3594/3/6835
f 3549/1/6836 3188/2/6836 3574/3/6836
f 3578/1/6837 3606/2/6837 3602/3/6837
f 3593/1/6838 3188/2/6838 3549/3/6838
f 3599/1/6839 3606/2/6839 3578/3/6839
f 3571/1/6840 3176/2/6840 3585/3/6840
f 3564/1/6841 3182/2/6841 3138/3/6841
f 3595/1/6842 3607/2/6842 3591/3/6842
f 3155/1/6843 3187/2/6843 3547/3/6843
f 3560/1/6844 3145/2/6844 3590/3/6844
f 3572/1/6845 3145/2/6845 3560/3/6845
f 3586/1/6846 3184/2/6846 3171/3/6846
f 3597/1/6847 3608/2/6847 3604/3/6847
f 3584/1/6848 3208/2/6848 3540/3/6848
f 3540/1/6849 3208/2/6849 3305/3/6849
f 3600/1/6850 3189/2/6850 3554/3/6850
f 3554/1/6851 3189/2/6851 3565/3/6851
f 3594/1/6852 3605/2/6852 4197/3/6852
f 3591/1/6853 3607/2/6853 3605/3/6853
f 3585/1/6854 3163/2/6854 3546/3/6854
f 3156/1/6855 3137/2/6855 3595/3/6855
f 3552/1/6856 3209/2/6856 3266/3/6856
f 3263/1/6857 3209/2/6857 3552/3/6857
f 3217/1/6858 3175/2/6858 3253/3/6858
f 3305/1/6859 3149/2/6859 3303/3/6859
f 3557/1/6860 3206/2/6860 3586/3/6860
f 3590/1/6861 3206/2/6861 3557/3/6861
f 2662/1/6862 3608/2/6862 3597/3/6862
f 3262/1/6863 3200/2/6863 3263/3/6863
f 3137/1/6864 3607/2/6864 3595/3/6864
f 3164/1/6865 3193/2/6865 3573/3/6865
f 3179/1/6866 3167/2/6866 3571/3/6866
f 3607/1/6867 3153/2/6867 3605/3/6867
f 3599/1/6868 3143/2/6868 3606/3/6868
f 3596/1/6869 3143/2/6869 3599/3/6869
f 3601/1/6870 3140/2/6870 3156/3/6870
f 3602/1/6871 3140/2/6871 3601/3/6871
f 3604/1/6872 3147/2/6872 3596/3/6872
f 3159/1/6873 3146/2/6873 3260/3/6873
f 3153/1/6874 4197/2/6874 3605/3/6874
f 3587/1/6875 3195/2/6875 3600/3/6875
f 3583/1/6876 3180/2/6876 3553/3/6876
f 3553/1/6877 3180/2/6877 3603/3/6877
f 3187/1/6878 3168/2/6878 2247/3/6878
f 2247/1/6879 3168/2/6879 3177/3/6879
f 3148/1/6880 3608/2/6880 2662/3/6880
f 3604/1/6881 3148/2/6881 3147/3/6881
f 3608/1/6882 3148/2/6882 3604/3/6882
f 3188/1/6883 3181/2/6883 3574/3/6883
f 3263/1/6884 3205/2/6884 3209/3/6884
f 2277/1/6885 3172/2/6885 3592/3/6885
f 3305/1/6886 3199/2/6886 3149/3/6886
f 3596/1/6887 3147/2/6887 3143/3/6887
f 3606/1/6888 3140/2/6888 3602/3/6888
f 3611/1/6889 3610/2/6889 513/3/6889
f 1731/1/6890 1722/2/6890 1711/3/6890
f 3613/1/6891 3609/2/6891 3612/3/6891
f 3609/1/6892 1731/2/6892 1711/3/6892
f 3609/1/6893 1711/2/6893 3610/3/6893
f 3614/1/6894 3610/2/6894 3611/3/6894
f 3614/1/6895 3609/2/6895 3610/3/6895
f 3613/1/6896 3615/2/6896 3616/3/6896
f 3619/1/6897 1741/2/6897 3618/3/6897
f 3619/1/6898 3620/2/6898 1748/3/6898
f 3618/1/6899 1737/2/6899 3616/3/6899
f 3618/1/6900 1741/2/6900 1737/3/6900
f 3625/1/6901 771/2/6901 776/3/6901
f 3625/1/6902 3624/2/6902 3623/3/6902
f 3625/1/6903 3623/2/6903 771/3/6903
f 689/1/6904 3618/2/6904 3616/3/6904
f 689/1/6905 3616/2/6905 3617/3/6905
f 3625/1/6906 3626/2/6906 3624/3/6906
f 775/1/6907 3626/2/6907 3625/3/6907
f 775/1/6908 3625/2/6908 776/3/6908
f 3612/1/6909 3609/2/6909 3614/3/6909
f 1667/1/6910 3628/2/6910 3629/3/6910
f 3615/1/6911 3613/2/6911 3612/3/6911
f 471/1/6912 3630/2/6912 3629/3/6912
f 832/1/6913 3631/2/6913 3630/3/6913
f 3617/1/6914 3616/2/6914 3615/3/6914
f 825/1/6915 3631/2/6915 826/3/6915
f 825/1/6916 3632/2/6916 3631/3/6916
f 1748/1/6917 1741/2/6917 3619/3/6917
f 811/1/6918 3632/2/6918 825/3/6918
f 1748/1/6919 3620/2/6919 1754/3/6919
f 796/1/6920 3633/2/6920 3634/3/6920
f 811/1/6921 3635/2/6921 3632/3/6921
f 3636/1/6922 845/2/6922 843/3/6922
f 3636/1/6923 843/2/6923 3637/3/6923
f 796/1/6924 3634/2/6924 3621/3/6924
f 3638/1/6925 811/2/6925 792/3/6925
f 3638/1/6926 3635/2/6926 811/3/6926
f 796/1/6927 770/2/6927 3633/3/6927
f 3628/1/6928 1667/2/6928 845/3/6928
f 3628/1/6929 845/2/6929 3636/3/6929
f 1757/1/6930 3638/2/6930 3639/3/6930
f 3641/1/6931 3628/2/6931 3636/3/6931
f 3641/1/6932 3636/2/6932 3637/3/6932
f 1781/1/6933 1757/2/6933 3639/3/6933
f 1781/1/6934 3639/2/6934 3640/3/6934
f 1805/1/6935 1796/2/6935 3622/3/6935
f 3641/1/6936 3629/2/6936 3628/3/6936
f 3629/1/6937 1678/2/6937 1667/3/6937
f 471/1/6938 3629/2/6938 3641/3/6938
f 3624/1/6939 1805/2/6939 3622/3/6939
f 3630/1/6940 1678/2/6940 3629/3/6940
f 3623/1/6941 3622/2/6941 3634/3/6941
f 3623/1/6942 3624/2/6942 3622/3/6942
f 832/1/6943 3630/2/6943 471/3/6943
f 1808/1/6944 1805/2/6944 3624/3/6944
f 3631/1/6945 1678/2/6945 3630/3/6945
f 3631/1/6946 1687/2/6946 1678/3/6946
f 1646/1/6947 1808/2/6947 3626/3/6947
f 3632/1/6948 1687/2/6948 3631/3/6948
f 3632/1/6949 1707/2/6949 1687/3/6949
f 3635/1/6950 1746/2/6950 1707/3/6950
f 3635/1/6951 1707/2/6951 3632/3/6951
f 3638/1/6952 1746/2/6952 3635/3/6952
f 3638/1/6953 1740/2/6953 1746/3/6953
f 3638/1/6954 1757/2/6954 1740/3/6954
f 1737/1/6955 1734/2/6955 3616/3/6955
f 3642/1/6956 3639/2/6956 3638/3/6956
f 3642/1/6957 3638/2/6957 792/3/6957
f 3640/1/6958 3639/2/6958 3642/3/6958
f 752/1/6959 559/2/6959 3620/3/6959
f 3621/1/6960 1781/2/6960 3640/3/6960
f 3621/1/6961 1796/2/6961 1781/3/6961
f 796/1/6962 3640/2/6962 3642/3/6962
f 3621/1/6963 3640/2/6963 796/3/6963
f 3643/1/6964 1754/2/6964 3620/3/6964
f 3643/1/6965 3620/2/6965 559/3/6965
f 771/1/6966 3623/2/6966 770/3/6966
f 3631/1/6967 832/2/6967 826/3/6967
f 3644/1/6968 1646/2/6968 3626/3/6968
f 3644/1/6969 1647/2/6969 1646/3/6969
f 3633/1/6970 770/2/6970 3623/3/6970
f 3645/1/6971 3626/2/6971 775/3/6971
f 3645/1/6972 3644/2/6972 3626/3/6972
f 3633/1/6973 3623/2/6973 3634/3/6973
f 3624/1/6974 3626/2/6974 1808/3/6974
f 3646/1/6975 1647/2/6975 3644/3/6975
f 3646/1/6976 1633/2/6976 1647/3/6976
f 3647/1/6977 3644/2/6977 3645/3/6977
f 3647/1/6978 3646/2/6978 3644/3/6978
f 3609/1/6979 3613/2/6979 1731/3/6979
f 3613/1/6980 1734/2/6980 1731/3/6980
f 3648/1/6981 1666/2/6981 1633/3/6981
f 3648/1/6982 1633/2/6982 3646/3/6982
f 3648/1/6983 3646/2/6983 3647/3/6983
f 781/1/6984 3648/2/6984 3647/3/6984
f 3613/1/6985 3616/2/6985 1734/3/6985
f 797/1/6986 3648/2/6986 781/3/6986
f 3649/1/6987 1666/2/6987 3648/3/6987
f 3649/1/6988 1672/2/6988 1666/3/6988
f 3618/1/6989 689/2/6989 3619/3/6989
f 797/1/6990 3649/2/6990 3648/3/6990
f 3649/1/6991 1677/2/6991 1672/3/6991
f 3619/1/6992 689/2/6992 752/3/6992
f 808/1/6993 3649/2/6993 797/3/6993
f 3619/1/6994 752/2/6994 3620/3/6994
f 3650/1/6995 1677/2/6995 3649/3/6995
f 3651/1/6996 3650/2/6996 3649/3/6996
f 808/1/6997 3651/2/6997 3649/3/6997
f 3650/1/6998 1685/2/6998 1677/3/6998
f 3652/1/6999 1692/2/6999 1685/3/6999
f 3652/1/7000 1685/2/7000 3650/3/7000
f 827/1/7001 3650/2/7001 3651/3/7001
f 827/1/7002 3652/2/7002 3650/3/7002
f 3621/1/7003 3634/2/7003 3622/3/7003
f 3621/1/7004 3622/2/7004 1796/3/7004
f 3652/1/7005 1698/2/7005 1692/3/7005
f 830/1/7006 3652/2/7006 827/3/7006
f 3627/1/7007 1704/2/7007 1698/3/7007
f 3627/1/7008 1698/2/7008 3652/3/7008
f 513/1/7009 3652/2/7009 830/3/7009
f 513/1/7010 3627/2/7010 3652/3/7010
f 3610/1/7011 1704/2/7011 3627/3/7011
f 3610/1/7012 1711/2/7012 1704/3/7012
f 513/1/7013 3610/2/7013 3627/3/7013
f 2000/1/7014 1997/2/7014 1871/3/7014
f 1871/1/7015 1997/2/7015 3653/3/7015
f 1997/1/7016 2085/2/7016 3653/3/7016
f 3654/1/7017 2025/2/7017 3655/3/7017
f 2089/1/7018 2025/2/7018 3654/3/7018
f 2085/1/7019 2084/2/7019 3653/3/7019
f 3653/1/7020 2084/2/7020 3656/3/7020
f 2025/1/7021 2024/2/7021 3655/3/7021
f 3655/1/7022 2087/2/7022 3657/3/7022
f 2024/1/7023 2087/2/7023 3655/3/7023
f 2084/1/7024 2181/2/7024 3656/3/7024
f 3656/1/7025 2181/2/7025 3658/3/7025
f 2087/1/7026 2022/2/7026 3657/3/7026
f 2181/1/7027 2138/2/7027 3658/3/7027
f 2138/1/7028 2133/2/7028 3658/3/7028
f 2022/1/7029 2230/2/7029 3657/3/7029
f 3657/1/7030 2230/2/7030 3659/3/7030
f 3658/1/7031 2133/2/7031 3660/3/7031
f 2230/1/7032 1921/2/7032 3659/3/7032
f 2133/1/7033 2129/2/7033 3660/3/7033
f 3660/1/7034 2129/2/7034 3661/3/7034
f 2129/1/7035 2074/2/7035 3661/3/7035
f 1921/1/7036 1920/2/7036 3659/3/7036
f 1920/1/7037 2020/2/7037 3659/3/7037
f 3659/1/7038 2020/2/7038 3662/3/7038
f 2074/1/7039 2072/2/7039 3661/3/7039
f 2020/1/7040 2007/2/7040 3662/3/7040
f 2072/1/7041 2068/2/7041 3661/3/7041
f 3661/1/7042 2068/2/7042 3663/3/7042
f 2007/1/7043 2002/2/7043 3662/3/7043
f 3662/1/7044 2002/2/7044 3664/3/7044
f 2068/1/7045 1984/2/7045 3663/3/7045
f 2002/1/7046 1996/2/7046 3664/3/7046
f 1984/1/7047 1981/2/7047 3663/3/7047
f 3663/1/7048 1981/2/7048 3665/3/7048
f 1996/1/7049 1988/2/7049 3664/3/7049
f 3664/1/7050 1988/2/7050 3666/3/7050
f 1981/1/7051 1966/2/7051 3665/3/7051
f 1966/1/7052 1836/2/7052 3665/3/7052
f 3665/1/7053 1836/2/7053 3667/3/7053
f 3666/1/7054 1988/2/7054 3668/3/7054
f 1836/1/7055 1965/2/7055 3667/3/7055
f 1988/1/7056 1969/2/7056 3668/3/7056
f 1969/1/7057 1977/2/7057 3668/3/7057
f 1965/1/7058 1961/2/7058 3667/3/7058
f 3668/1/7059 1977/2/7059 3669/3/7059
f 3667/1/7060 1961/2/7060 3670/3/7060
f 1977/1/7061 1947/2/7061 3669/3/7061
f 1961/1/7062 1962/2/7062 3670/3/7062
f 1962/1/7063 2224/2/7063 3670/3/7063
f 1947/1/7064 1960/2/7064 3669/3/7064
f 3669/1/7065 1916/2/7065 3671/3/7065
f 2224/1/7066 2223/2/7066 3670/3/7066
f 1960/1/7067 1916/2/7067 3669/3/7067
f 3670/1/7068 2223/2/7068 3672/3/7068
f 1916/1/7069 1915/2/7069 3671/3/7069
f 2223/1/7070 2195/2/7070 3672/3/7070
f 1915/1/7071 1902/2/7071 3671/3/7071
f 2195/1/7072 2194/2/7072 3672/3/7072
f 3671/1/7073 1902/2/7073 3673/3/7073
f 1902/1/7074 1908/2/7074 3673/3/7074
f 2194/1/7075 2193/2/7075 3672/3/7075
f 3673/1/7076 1908/2/7076 3674/3/7076
f 3672/1/7077 2193/2/7077 3675/3/7077
f 2193/1/7078 2117/2/7078 3675/3/7078
f 1908/1/7079 2083/2/7079 3674/3/7079
f 2117/1/7080 2043/2/7080 3675/3/7080
f 2083/1/7081 2159/2/7081 3674/3/7081
f 3675/1/7082 2043/2/7082 3676/3/7082
f 3674/1/7083 2159/2/7083 3677/3/7083
f 2043/1/7084 2041/2/7084 3676/3/7084
f 2159/1/7085 2213/2/7085 3677/3/7085
f 3676/1/7086 2039/2/7086 3678/3/7086
f 2041/1/7087 2039/2/7087 3676/3/7087
f 2213/1/7088 2209/2/7088 3677/3/7088
f 2039/1/7089 2233/2/7089 3678/3/7089
f 2209/1/7090 2212/2/7090 3677/3/7090
f 3678/1/7091 2232/2/7091 2036/3/7091
f 2233/1/7092 2232/2/7092 3678/3/7092
f 3677/1/7093 2212/2/7093 3679/3/7093
f 2212/1/7094 2076/2/7094 3679/3/7094
f 2076/1/7095 2073/2/7095 3679/3/7095
f 3679/1/7096 2070/2/7096 3680/3/7096
f 2073/1/7097 2070/2/7097 3679/3/7097
f 2070/1/7098 2206/2/7098 3680/3/7098
f 2206/1/7099 2144/2/7099 3680/3/7099
f 3680/1/7100 2144/2/7100 3681/3/7100
f 2144/1/7101 2205/2/7101 3681/3/7101
f 2205/1/7102 2204/2/7102 3681/3/7102
f 3681/1/7103 2204/2/7103 3682/3/7103
f 2204/1/7104 1885/2/7104 3682/3/7104
f 1885/1/7105 1879/2/7105 3682/3/7105
f 3682/1/7106 1879/2/7106 3683/3/7106
f 1879/1/7107 1884/2/7107 3683/3/7107
f 1884/1/7108 1874/2/7108 3683/3/7108
f 3683/1/7109 1874/2/7109 2229/3/7109
f 1882/1/7110 1878/2/7110 2229/3/7110
f 2229/1/7111 1878/2/7111 3684/3/7111
f 1878/1/7112 1877/2/7112 3684/3/7112
f 1877/1/7113 1875/2/7113 3684/3/7113
f 3684/1/7114 1875/2/7114 3685/3/7114
f 1875/1/7115 1870/2/7115 3685/3/7115
f 1870/1/7116 1871/2/7116 3685/3/7116
f 2482/1/7117 2498/2/7117 2475/3/7117
f 3686/1/7118 3687/2/7118 3688/3/7118
f 3727/1/7118 3689/2/7118 3690/3/7118
f 3686/1/7118 3691/2/7118 3687/3/7118
f 3689/1/7118 3692/2/7118 3690/3/7118
f 3690/1/7118 3692/2/7118 3686/3/7118
f 3686/1/7118 3693/2/7118 3691/3/7118
f 3726/1/7118 3694/2/7118 3698/3/7118
f 3698/1/7118 3694/2/7118 3699/3/7118
f 3699/1/7118 3694/2/7118 3700/3/7118
f 3700/1/7118 3694/2/7118 3701/3/7118
f 3701/1/7118 3694/2/7118 3702/3/7118
f 3692/1/7118 3703/2/7118 3686/3/7118
f 3702/1/7118 3694/2/7118 2036/3/7118
f 3686/1/7118 3704/2/7118 3693/3/7118
f 2036/1/7118 3694/2/7118 3678/3/7118
f 3678/1/7118 3694/2/7118 3676/3/7118
f 3676/1/7118 3694/2/7118 3675/3/7118
f 3675/1/7118 3694/2/7118 3672/3/7118
f 3672/1/7118 3694/2/7118 3670/3/7118
f 3703/1/7118 3705/2/7118 3686/3/7118
f 3686/1/7118 3706/2/7118 3704/3/7118
f 3686/1/7118 3705/2/7118 3706/3/7118
f 3707/1/7118 3697/2/7118 3696/3/7118
f 3670/1/7118 3694/2/7118 3667/3/7118
f 3667/1/7118 3694/2/7118 3665/3/7118
f 3665/1/7118 3694/2/7118 3663/3/7118
f 3663/1/7118 3694/2/7118 3661/3/7118
f 3661/1/7118 3694/2/7118 3660/3/7118
f 3660/1/7118 3694/2/7118 3658/3/7118
f 3658/1/7118 3694/2/7118 3656/3/7118
f 3656/1/7118 3694/2/7118 3653/3/7118
f 3653/1/7118 3694/2/7118 1871/3/7118
f 1871/1/7118 3694/2/7118 3685/3/7118
f 3685/1/7118 3694/2/7118 3684/3/7118
f 3684/1/7118 3694/2/7118 2229/3/7118
f 2229/1/7118 3694/2/7118 3683/3/7118
f 3707/1/7118 3708/2/7118 3697/3/7118
f 3707/1/7119 3755/2/7119 3708/3/7119
f 3679/1/7118 3686/2/7118 3677/3/7118
f 3677/1/7118 3686/2/7118 3674/3/7118
f 3674/1/7118 3686/2/7118 3673/3/7118
f 3673/1/7118 3686/2/7118 3671/3/7118
f 3671/1/7118 3686/2/7118 3669/3/7118
f 3669/1/7118 3686/2/7118 3668/3/7118
f 3668/1/7118 3686/2/7118 3666/3/7118
f 3694/1/7118 3686/2/7118 3683/3/7118
f 3683/1/7118 3686/2/7118 3682/3/7118
f 3682/1/7118 3686/2/7118 3681/3/7118
f 3681/1/7118 3686/2/7118 3680/3/7118
f 3680/1/7118 3686/2/7118 3679/3/7118
f 3709/1/7118 3697/2/7118 3710/3/7118
f 3755/1/7120 3711/2/7120 3708/3/7120
f 3666/1/7118 3686/2/7118 3664/3/7118
f 3664/1/7118 3686/2/7118 3662/3/7118
f 3662/1/7118 3686/2/7118 3659/3/7118
f 3659/1/7118 3686/2/7118 3657/3/7118
f 3657/1/7118 3686/2/7118 3655/3/7118
f 3708/1/7118 3712/2/7118 3713/3/7118
f 3711/1/7121 3712/2/7121 3708/3/7121
f 3686/1/7118 3654/2/7118 3655/3/7118
f 3710/1/7118 3694/2/7118 3714/3/7118
f 3714/1/7118 3694/2/7118 3695/3/7118
f 3712/1/7118 3715/2/7118 3713/3/7118
f 3686/1/7118 3716/2/7118 3654/3/7118
f 3713/1/7118 3715/2/7118 3717/3/7118
f 3715/1/7118 3718/2/7118 3717/3/7118
f 3718/1/7122 3719/2/7122 3717/3/7122
f 3686/1/7118 3720/2/7118 3716/3/7118
f 3719/1/7122 3721/2/7122 3717/3/7122
f 3697/1/7118 3694/2/7118 3710/3/7118
f 3717/1/7118 3721/2/7118 3690/3/7118
f 3696/1/7118 3697/2/7118 3709/3/7118
f 3695/1/7118 3694/2/7118 3722/3/7118
f 3722/1/7118 3694/2/7118 3723/3/7118
f 3721/1/7123 3724/2/7123 3690/3/7123
f 3723/1/7118 3694/2/7118 3725/3/7118
f 3725/1/7118 3694/2/7118 3726/3/7118
f 3686/1/7118 3688/2/7118 3720/3/7118
f 3724/1/7120 3727/2/7120 3690/3/7120
f 3730/1/7124 3729/2/7124 2397/3/7124
f 2397/1/7125 3729/2/7125 3728/3/7125
f 3732/1/7126 3731/2/7126 3730/3/7126
f 3731/1/7124 3729/2/7124 3730/3/7124
f 2458/1/7127 2434/2/7127 2450/3/7127
f 2458/1/7124 2424/2/7124 2434/3/7124
f 2424/1/7128 2396/2/7128 2433/3/7128
f 2433/1/7129 2396/2/7129 2414/3/7129
f 2475/1/7130 2396/2/7130 2464/3/7130
f 2498/1/7129 2396/2/7129 2475/3/7129
f 2464/1/7124 2396/2/7124 2458/3/7124
f 2458/1/7124 2396/2/7124 2424/3/7124
f 2648/1/7131 2643/2/7131 2647/3/7131
f 2283/1/7132 2643/2/7132 2648/3/7132
f 2283/1/7133 2546/2/7133 2643/3/7133
f 2611/1/7124 2397/2/7124 2498/3/7124
f 2498/1/7124 2397/2/7124 2396/3/7124
f 2284/1/7124 2397/2/7124 2283/3/7124
f 2290/1/7124 2397/2/7124 2284/3/7124
f 2292/1/7124 2397/2/7124 2290/3/7124
f 2295/1/7124 2397/2/7124 2292/3/7124
f 2300/1/7124 2397/2/7124 2295/3/7124
f 2302/1/7124 2397/2/7124 2300/3/7124
f 2306/1/7124 2397/2/7124 2302/3/7124
f 2310/1/7124 2397/2/7124 2306/3/7124
f 2311/1/7124 2397/2/7124 2310/3/7124
f 2312/1/7124 2397/2/7124 2311/3/7124
f 2313/1/7124 2397/2/7124 2312/3/7124
f 2314/1/7124 2397/2/7124 2313/3/7124
f 2315/1/7124 2397/2/7124 2314/3/7124
f 2316/1/7124 2397/2/7124 2315/3/7124
f 2317/1/7124 2397/2/7124 2316/3/7124
f 2318/1/7124 2397/2/7124 2317/3/7124
f 2319/1/7124 2397/2/7124 2318/3/7124
f 2320/1/7124 2397/2/7124 2319/3/7124
f 2321/1/7124 2397/2/7124 2320/3/7124
f 2323/1/7124 2397/2/7124 2321/3/7124
f 2326/1/7124 2397/2/7124 2323/3/7124
f 2328/1/7124 2397/2/7124 2326/3/7124
f 2545/1/7134 2635/2/7134 2636/3/7134
f 2283/1/7124 2397/2/7124 2546/3/7124
f 2546/1/7135 2397/2/7135 2545/3/7135
f 2545/1/7124 2397/2/7124 2635/3/7124
f 2635/1/7124 2397/2/7124 2611/3/7124
f 2397/1/7136 3735/2/7136 3734/3/7136
f 2288/1/7124 3736/2/7124 2285/3/7124
f 2308/1/7137 3736/2/7137 2303/3/7137
f 2293/1/7124 3736/2/7124 2288/3/7124
f 2633/1/7138 2622/2/7138 2628/3/7138
f 2296/1/7124 3736/2/7124 2293/3/7124
f 3733/1/7139 3736/2/7139 2308/3/7139
f 2298/1/7124 3736/2/7124 2296/3/7124
f 2303/1/7124 3736/2/7124 2298/3/7124
f 2633/1/7140 2611/2/7140 2622/3/7140
f 2635/1/7135 2611/2/7135 2633/3/7135
f 2342/1/7124 3736/2/7124 2339/3/7124
f 2278/1/7124 3736/2/7124 2342/3/7124
f 2282/1/7124 3736/2/7124 2278/3/7124
f 2285/1/7124 3736/2/7124 2282/3/7124
f 2328/1/7124 3737/2/7124 2397/3/7124
f 2330/1/7124 3737/2/7124 2328/3/7124
f 2332/1/7124 3737/2/7124 2330/3/7124
f 2334/1/7124 3737/2/7124 2332/3/7124
f 2337/1/7124 3737/2/7124 2334/3/7124
f 2339/1/7124 3737/2/7124 2337/3/7124
f 3736/1/7124 3737/2/7124 2339/3/7124
f 2397/1/7141 3738/2/7141 3735/3/7141
f 2611/1/7142 2532/2/7142 2603/3/7142
f 3739/1/7143 3740/2/7143 3737/3/7143
f 3740/1/7144 3741/2/7144 3737/3/7144
f 3737/1/7124 3741/2/7124 2397/3/7124
f 3742/1/7145 3744/2/7145 3743/3/7145
f 3741/1/7124 3745/2/7124 2397/3/7124
f 3738/1/7124 3744/2/7124 3742/3/7124
f 2397/1/7130 3746/2/7130 3738/3/7130
f 3738/1/7129 3746/2/7129 3744/3/7129
f 3746/1/7146 3750/2/7146 3749/3/7146
f 2397/1/7124 3750/2/7124 3746/3/7124
f 2532/1/7147 2498/2/7147 2521/3/7147
f 2397/1/7124 3751/2/7124 3750/3/7124
f 2521/1/7135 2498/2/7135 2513/3/7135
f 3747/1/7148 3730/2/7148 3745/3/7148
f 3752/1/7149 3730/2/7149 3748/3/7149
f 3748/1/7150 3730/2/7150 3747/3/7150
f 3745/1/7124 3730/2/7124 2397/3/7124
f 2611/1/7124 2498/2/7124 2532/3/7124
f 2397/1/7151 3728/2/7151 3751/3/7151
f 3728/1/7152 3729/2/7152 3753/3/7152
f 3754/1/7153 3731/2/7153 3732/3/7153
f 3756/1/7154 6171/2/7154 3710/3/7154
f 3755/1/7155 3707/2/7155 6018/3/7155
f 6018/1/7156 3707/2/7156 3757/3/7156
f 3710/1/7157 3758/2/7157 3709/3/7157
f 6179/1/7158 3758/2/7158 3710/3/7158
f 3719/1/7159 3759/2/7159 3721/3/7159
f 3758/1/7160 6118/2/7160 3709/3/7160
f 6118/1/7161 6114/2/7161 3709/3/7161
f 3709/1/7162 6114/2/7162 3696/3/7162
f 6114/1/7163 6002/2/7163 3696/3/7163
f 3759/1/7164 3760/2/7164 3721/3/7164
f 3760/1/7165 3724/2/7165 3721/3/7165
f 6002/1/7166 6001/2/7166 3696/3/7166
f 3696/1/7167 3761/2/7167 3707/3/7167
f 6001/1/7168 3761/2/7168 3696/3/7168
f 3761/1/7169 3757/2/7169 3707/3/7169
f 3762/1/7170 3727/2/7170 3724/3/7170
f 3763/1/7171 3727/2/7171 3762/3/7171
f 6197/1/7172 3715/2/7172 3766/3/7172
f 3767/1/7173 3719/2/7173 6020/3/7173
f 3767/1/7174 3759/2/7174 3719/3/7174
f 3768/1/7175 3760/2/7175 3759/3/7175
f 6047/1/7176 3724/2/7176 3760/3/7176
f 6047/1/7177 3762/2/7177 3724/3/7177
f 3727/1/7178 3763/2/7178 3689/3/7178
f 3763/1/7179 3769/2/7179 3689/3/7179
f 3769/1/7180 3770/2/7180 3689/3/7180
f 3770/1/7181 3771/2/7181 3689/3/7181
f 3689/1/7182 3771/2/7182 3692/3/7182
f 3771/1/7183 3772/2/7183 3692/3/7183
f 3772/1/7184 3773/2/7184 3692/3/7184
f 3692/1/7185 3773/2/7185 3703/3/7185
f 3773/1/7186 3774/2/7186 3703/3/7186
f 3774/1/7187 6115/2/7187 3703/3/7187
f 3703/1/7188 6115/2/7188 3705/3/7188
f 6115/1/7189 6126/2/7189 3705/3/7189
f 6126/1/7190 3775/2/7190 3705/3/7190
f 3705/1/7191 6061/2/7191 3706/3/7191
f 3775/1/7192 6061/2/7192 3705/3/7192
f 6061/1/7193 3776/2/7193 3706/3/7193
f 3776/1/7194 3777/2/7194 3706/3/7194
f 3706/1/7195 3777/2/7195 3704/3/7195
f 3777/1/7196 6059/2/7196 3704/3/7196
f 6059/1/7197 3778/2/7197 3704/3/7197
f 3704/1/7198 3778/2/7198 3693/3/7198
f 3778/1/7199 3779/2/7199 3693/3/7199
f 3779/1/7200 3780/2/7200 3693/3/7200
f 3693/1/7201 3780/2/7201 3691/3/7201
f 3780/1/7202 6148/2/7202 3691/3/7202
f 6148/1/7203 6146/2/7203 3691/3/7203
f 3691/1/7204 6146/2/7204 3687/3/7204
f 6146/1/7205 6071/2/7205 3687/3/7205
f 6071/1/7206 6072/2/7206 3687/3/7206
f 3687/1/7207 6072/2/7207 3688/3/7207
f 6072/1/7208 6073/2/7208 3688/3/7208
f 6073/1/7209 6220/2/7209 3688/3/7209
f 3688/1/7210 6220/2/7210 3720/3/7210
f 6220/1/7211 6222/2/7211 3720/3/7211
f 6222/1/7212 6128/2/7212 3720/3/7212
f 2036/1/7213 6233/2/7213 3702/3/7213
f 6128/1/7214 6129/2/7214 3720/3/7214
f 6233/1/7215 6232/2/7215 3702/3/7215
f 6232/1/7216 6236/2/7216 3702/3/7216
f 3720/1/7217 3781/2/7217 3716/3/7217
f 6129/1/7218 3781/2/7218 3720/3/7218
f 3702/1/7219 6236/2/7219 3701/3/7219
f 3781/1/7220 3782/2/7220 3716/3/7220
f 6236/1/7221 6231/2/7221 3701/3/7221
f 3782/1/7222 6228/2/7222 3716/3/7222
f 6231/1/7223 3783/2/7223 3701/3/7223
f 6228/1/7224 6229/2/7224 3716/3/7224
f 3716/1/7225 6229/2/7225 3654/3/7225
f 3701/1/7226 3784/2/7226 3700/3/7226
f 3654/1/7227 6229/2/7227 2089/3/7227
f 3783/1/7228 3784/2/7228 3701/3/7228
f 3712/1/7229 3765/2/7229 3785/3/7229
f 3785/1/7230 3715/2/7230 3712/3/7230
f 3784/1/7231 3786/2/7231 3700/3/7231
f 3700/1/7232 3786/2/7232 3699/3/7232
f 3766/1/7233 3715/2/7233 3785/3/7233
f 3787/1/7234 6141/2/7234 3699/3/7234
f 3699/1/7235 6141/2/7235 3698/3/7235
f 6141/1/7236 6142/2/7236 3698/3/7236
f 6142/1/7237 6224/2/7237 3698/3/7237
f 3711/1/7238 3764/2/7238 3712/3/7238
f 6224/1/7239 3788/2/7239 3698/3/7239
f 3698/1/7240 3788/2/7240 3726/3/7240
f 3788/1/7241 3789/2/7241 3726/3/7241
f 3790/1/7242 3726/2/7242 3789/3/7242
f 3726/1/7243 3790/2/7243 3725/3/7243
f 3790/1/7244 6235/2/7244 3725/3/7244
f 6235/1/7245 6013/2/7245 3725/3/7245
f 6013/1/7246 3791/2/7246 3725/3/7246
f 3765/1/7247 6197/2/7247 3766/3/7247
f 3725/1/7248 6248/2/7248 3723/3/7248
f 3791/1/7249 6248/2/7249 3725/3/7249
f 6020/1/7250 3719/2/7250 3718/3/7250
f 6248/1/7251 3792/2/7251 3723/3/7251
f 3723/1/7252 3792/2/7252 3722/3/7252
f 3792/1/7253 6077/2/7253 3722/3/7253
f 3722/1/7254 3793/2/7254 3695/3/7254
f 6077/1/7255 3793/2/7255 3722/3/7255
f 3793/1/7256 6100/2/7256 3695/3/7256
f 6100/1/7257 3794/2/7257 3695/3/7257
f 3695/1/7258 3794/2/7258 3714/3/7258
f 3794/1/7259 3756/2/7259 3714/3/7259
f 3714/1/7260 3756/2/7260 3710/3/7260
f 3796/1/7261 3795/2/7261 3823/3/7261
f 3796/1/7262 3823/2/7262 5243/3/7262
f 3796/1/7263 3803/2/7263 3795/3/7263
f 3799/1/7264 3797/2/7264 3798/3/7264
f 3799/1/7265 3798/2/7265 3801/3/7265
f 3802/1/7266 247/2/7266 3803/3/7266
f 3802/1/7267 243/2/7267 247/3/7267
f 3804/1/7268 3803/2/7268 3796/3/7268
f 3799/1/7269 3801/2/7269 3805/3/7269
f 3804/1/7270 3802/2/7270 3803/3/7270
f 5247/1/7271 3804/2/7271 3796/3/7271
f 3805/1/7272 3801/2/7272 3806/3/7272
f 3805/1/7273 3806/2/7273 3807/3/7273
f 3807/1/7274 3806/2/7274 3808/3/7274
f 3643/1/7275 243/2/7275 3802/3/7275
f 3643/1/7276 10/2/7276 243/3/7276
f 10/1/7277 3643/2/7277 559/3/7277
f 3807/1/7278 3808/2/7278 3809/3/7278
f 3804/1/7279 3643/2/7279 3802/3/7279
f 3807/1/7280 3809/2/7280 3810/3/7280
f 3804/1/7281 1754/2/7281 3643/3/7281
f 74/1/7282 182/2/7282 3812/3/7282
f 3814/1/7283 3812/2/7283 3813/3/7283
f 3814/1/7284 3816/2/7284 3812/3/7284
f 3817/1/7285 3818/2/7285 3816/3/7285
f 3819/1/7286 3811/2/7286 3821/3/7286
f 359/1/7287 3818/2/7287 3820/3/7287
f 359/1/7288 3820/2/7288 242/3/7288
f 3823/1/7289 3819/2/7289 3821/3/7289
f 242/1/7290 3820/2/7290 3824/3/7290
f 169/1/7291 242/2/7291 3824/3/7291
f 3827/1/7292 3826/2/7292 3825/3/7292
f 3826/1/7293 3827/2/7293 5241/3/7293
f 187/1/7294 279/2/7294 3829/3/7294
f 187/1/7295 3829/2/7295 3831/3/7295
f 160/1/7296 187/2/7296 3831/3/7296
f 3832/1/7297 3830/2/7297 5287/3/7297
f 160/1/7298 3832/2/7298 3837/3/7298
f 160/1/7299 3837/2/7299 117/3/7299
f 3813/1/7300 3812/2/7300 182/3/7300
f 3813/1/7301 182/2/7301 3833/3/7301
f 3837/1/7302 3835/2/7302 3838/3/7302
f 372/1/7303 3837/2/7303 3838/3/7303
f 3816/1/7304 74/2/7304 3812/3/7304
f 3817/1/7305 3816/2/7305 3814/3/7305
f 372/1/7306 3838/2/7306 3840/3/7306
f 3840/1/7307 3838/2/7307 3839/3/7307
f 339/1/7308 372/2/7308 3840/3/7308
f 3818/1/7309 359/2/7309 3816/3/7309
f 339/1/7310 3840/2/7310 3842/3/7310
f 5209/1/7311 3818/2/7311 3817/3/7311
f 3842/1/7312 3840/2/7312 3841/3/7312
f 3820/1/7313 3818/2/7313 5209/3/7313
f 284/1/7314 339/2/7314 3842/3/7314
f 284/1/7315 3842/2/7315 3844/3/7315
f 3842/1/7316 3843/2/7316 3844/3/7316
f 191/1/7317 284/2/7317 3844/3/7317
f 191/1/7318 3844/2/7318 3845/3/7318
f 3846/1/7319 3824/2/7319 3820/3/7319
f 3844/1/7320 5173/2/7320 3845/3/7320
f 115/1/7321 169/2/7321 3824/3/7321
f 3849/1/7322 115/2/7322 3824/3/7322
f 3849/1/7323 3824/2/7323 3846/3/7323
f 155/1/7324 3850/2/7324 3848/3/7324
f 155/1/7325 3848/2/7325 76/3/7325
f 3850/1/7326 3847/2/7326 3848/3/7326
f 3827/1/7327 433/2/7327 115/3/7327
f 3827/1/7328 115/2/7328 3849/3/7328
f 76/1/7329 3848/2/7329 3797/3/7329
f 5241/1/7330 3827/2/7330 3849/3/7330
f 3848/1/7331 3847/2/7331 3797/3/7331
f 3800/1/7332 76/2/7332 3797/3/7332
f 3825/1/7333 279/2/7333 433/3/7333
f 3800/1/7334 3797/2/7334 3799/3/7334
f 3829/1/7335 279/2/7335 3825/3/7335
f 3828/1/7336 3825/2/7336 3826/3/7336
f 3828/1/7337 3829/2/7337 3825/3/7337
f 3851/1/7338 3805/2/7338 3807/3/7338
f 3823/1/7339 3821/2/7339 5243/3/7339
f 3810/1/7340 374/2/7340 3807/3/7340
f 278/1/7341 285/2/7341 3815/3/7341
f 278/1/7342 3815/2/7342 3819/3/7342
f 3827/1/7343 3825/2/7343 433/3/7343
f 3819/1/7344 3815/2/7344 3811/3/7344
f 278/1/7345 3819/2/7345 3822/3/7345
f 3829/1/7346 3828/2/7346 3830/3/7346
f 278/1/7347 3822/2/7347 258/3/7347
f 3831/1/7348 3829/2/7348 3830/3/7348
f 3822/1/7349 3819/2/7349 3823/3/7349
f 3831/1/7350 3830/2/7350 3832/3/7350
f 3831/1/7351 3832/2/7351 160/3/7351
f 258/1/7352 3822/2/7352 3795/3/7352
f 3835/1/7353 3834/2/7353 3838/3/7353
f 3836/1/7354 3834/2/7354 3835/3/7354
f 3838/1/7355 3834/2/7355 3839/3/7355
f 3837/1/7356 3832/2/7356 3835/3/7356
f 372/1/7357 117/2/7357 3837/3/7357
f 3836/1/7358 3835/2/7358 3832/3/7358
f 3836/1/7359 3832/2/7359 5287/3/7359
f 3836/1/7360 5287/2/7360 3834/3/7360
f 155/1/7361 3845/2/7361 3850/3/7361
f 155/1/7362 191/2/7362 3845/3/7362
f 3840/1/7363 3839/2/7363 3841/3/7363
f 3799/1/7364 431/2/7364 3800/3/7364
f 431/1/7365 3799/2/7365 3805/3/7365
f 431/1/7366 3805/2/7366 3851/3/7366
f 3842/1/7367 3841/2/7367 3843/3/7367
f 3810/1/7368 318/2/7368 374/3/7368
f 374/1/7369 3851/2/7369 3807/3/7369
f 5231/1/7370 3810/2/7370 3809/3/7370
f 3844/1/7371 3843/2/7371 5173/3/7371
f 3853/1/7372 318/2/7372 3810/3/7372
f 3852/1/7373 3810/2/7373 5231/3/7373
f 3852/1/7374 3853/2/7374 3810/3/7374
f 3822/1/7375 3823/2/7375 3795/3/7375
f 3845/1/7376 5173/2/7376 3850/3/7376
f 3815/1/7377 318/2/7377 3853/3/7377
f 3815/1/7378 285/2/7378 318/3/7378
f 3850/1/7379 5173/2/7379 5192/3/7379
f 3811/1/7380 3852/2/7380 5234/3/7380
f 3811/1/7381 3853/2/7381 3852/3/7381
f 3811/1/7382 3815/2/7382 3853/3/7382
f 3850/1/7383 5192/2/7383 3847/3/7383
f 3803/1/7384 247/2/7384 258/3/7384
f 3797/1/7385 3847/2/7385 3798/3/7385
f 3803/1/7386 258/2/7386 3795/3/7386
f 3854/1/7387 3855/2/7387 3889/3/7387
f 3856/1/7388 353/2/7388 376/3/7388
f 3855/1/7389 3854/2/7389 3857/3/7389
f 3857/1/7390 3858/2/7390 3855/3/7390
f 3861/1/7391 376/2/7391 396/3/7391
f 3861/1/7392 3856/2/7392 376/3/7392
f 3857/1/7393 3863/2/7393 3864/3/7393
f 181/1/7394 224/2/7394 3866/3/7394
f 3867/1/7395 3865/2/7395 413/3/7395
f 3869/1/7396 3872/2/7396 3870/3/7396
f 3867/1/7397 413/2/7397 412/3/7397
f 3874/1/7398 3873/2/7398 3871/3/7398
f 3867/1/7399 3872/2/7399 3869/3/7399
f 3874/1/7400 3871/2/7400 3891/3/7400
f 420/1/7401 3867/2/7401 412/3/7401
f 420/1/7402 3872/2/7402 3867/3/7402
f 3861/1/7403 3859/2/7403 3856/3/7403
f 420/1/7404 3875/2/7404 3872/3/7404
f 3859/1/7405 3862/2/7405 3860/3/7405
f 3861/1/7406 396/2/7406 3862/3/7406
f 3875/1/7407 421/2/7407 3879/3/7407
f 3864/1/7408 3858/2/7408 3857/3/7408
f 3879/1/7409 3877/2/7409 3876/3/7409
f 3879/1/7410 3878/2/7410 3877/3/7410
f 421/1/7411 3878/2/7411 3879/3/7411
f 3878/1/7412 421/2/7412 423/3/7412
f 3882/1/7413 423/2/7413 422/3/7413
f 3866/1/7414 5984/2/7414 3833/3/7414
f 3866/1/7415 3833/2/7415 182/3/7415
f 426/1/7416 3884/2/7416 422/3/7416
f 3883/1/7417 3887/2/7417 3885/3/7417
f 3888/1/7418 3886/2/7418 3868/3/7418
f 424/1/7419 3887/2/7419 426/3/7419
f 3871/1/7420 5979/2/7420 3886/3/7420
f 3888/1/7421 3871/2/7421 3886/3/7421
f 3885/1/7422 3890/2/7422 3889/3/7422
f 3891/1/7423 3871/2/7423 3888/3/7423
f 419/1/7424 3890/2/7424 424/3/7424
f 3869/1/7425 3860/2/7425 3865/3/7425
f 3867/1/7426 3869/2/7426 3865/3/7426
f 3854/1/7427 419/2/7427 418/3/7427
f 3857/1/7428 3854/2/7428 418/3/7428
f 3875/1/7429 3879/2/7429 3870/3/7429
f 3875/1/7430 3870/2/7430 3872/3/7430
f 3879/1/7431 3876/2/7431 3870/3/7431
f 3863/1/7432 3857/2/7432 418/3/7432
f 406/1/7433 3892/2/7433 3864/3/7433
f 406/1/7434 3864/2/7434 3863/3/7434
f 406/1/7435 3893/2/7435 3892/3/7435
f 404/1/7436 3893/2/7436 406/3/7436
f 404/1/7437 5980/2/7437 3893/3/7437
f 382/1/7438 5980/2/7438 404/3/7438
f 3868/1/7439 5984/2/7439 3866/3/7439
f 3868/1/7440 3886/2/7440 5984/3/7440
f 3868/1/7441 224/2/7441 297/3/7441
f 3856/1/7442 3891/2/7442 353/3/7442
f 3856/1/7443 3874/2/7443 3891/3/7443
f 3873/1/7444 3859/2/7444 3860/3/7444
f 3859/1/7445 3873/2/7445 3874/3/7445
f 3859/1/7446 3874/2/7446 3856/3/7446
f 3862/1/7447 3859/2/7447 3861/3/7447
f 3894/1/7448 5980/2/7448 382/3/7448
f 3894/1/7449 382/2/7449 362/3/7449
f 3862/1/7450 396/2/7450 3865/3/7450
f 3865/1/7451 3860/2/7451 3862/3/7451
f 3895/1/7452 3894/2/7452 362/3/7452
f 3865/1/7453 396/2/7453 413/3/7453
f 319/1/7454 3895/2/7454 362/3/7454
f 3896/1/7455 319/2/7455 288/3/7455
f 3897/1/7456 3877/2/7456 3878/3/7456
f 3897/1/7457 3878/2/7457 423/3/7457
f 3897/1/7458 3880/2/7458 3877/3/7458
f 3882/1/7459 3880/2/7459 3897/3/7459
f 3882/1/7460 3897/2/7460 423/3/7460
f 3882/1/7461 3881/2/7461 3880/3/7461
f 116/1/7462 3899/2/7462 3898/3/7462
f 101/1/7463 3899/2/7463 116/3/7463
f 101/1/7464 871/2/7464 3899/3/7464
f 422/1/7465 3881/2/7465 3882/3/7465
f 181/1/7466 3866/2/7466 182/3/7466
f 422/1/7467 3883/2/7467 3881/3/7467
f 422/1/7468 3884/2/7468 3883/3/7468
f 224/1/7469 3868/2/7469 3866/3/7469
f 3884/1/7470 426/2/7470 3887/3/7470
f 3884/1/7471 3887/2/7471 3883/3/7471
f 321/1/7472 3868/2/7472 297/3/7472
f 321/1/7473 3888/2/7473 3868/3/7473
f 3887/1/7474 3890/2/7474 3885/3/7474
f 3900/1/7475 3888/2/7475 321/3/7475
f 3887/1/7476 424/2/7476 3890/3/7476
f 3900/1/7477 321/2/7477 353/3/7477
f 3900/1/7478 3891/2/7478 3888/3/7478
f 353/1/7479 3891/2/7479 3900/3/7479
f 3890/1/7480 419/2/7480 3854/3/7480
f 3890/1/7481 3854/2/7481 3889/3/7481
f 3903/1/7482 4385/2/7482 3904/3/7482
f 3903/1/7483 4388/2/7483 4385/3/7483
f 3908/1/7484 3909/2/7484 4333/3/7484
f 3916/1/7485 4391/2/7485 4390/3/7485
f 3916/1/7486 4390/2/7486 3367/3/7486
f 3917/1/7487 3944/2/7487 3918/3/7487
f 3916/1/7488 3923/2/7488 4391/3/7488
f 3934/1/7489 3935/2/7489 4312/3/7489
f 3934/1/7490 4312/2/7490 3961/3/7490
f 3938/1/7491 4362/2/7491 3906/3/7491
f 3941/1/7492 4375/2/7492 3920/3/7492
f 3941/1/7493 3919/2/7493 4375/3/7493
f 3948/1/7494 3904/2/7494 3925/3/7494
f 3914/1/7495 4382/2/7495 3919/3/7495
f 3937/1/7496 4383/2/7496 3907/3/7496
f 3936/1/7497 4384/2/7497 3910/3/7497
f 3952/1/7498 3920/2/7498 3902/3/7498
f 3925/1/7499 4389/2/7499 3933/3/7499
f 3955/1/7500 3932/2/7500 3905/3/7500
f 3955/1/7501 3905/2/7501 3922/3/7501
f 3956/1/7502 3917/2/7502 3947/3/7502
f 3916/1/7503 3922/2/7503 3923/3/7503
f 3957/1/7504 3947/2/7504 3951/3/7504
f 3963/1/7505 3901/2/7505 3946/3/7505
f 3386/1/7506 3916/2/7506 3367/3/7506
f 3964/1/7507 4376/2/7507 3930/3/7507
f 3964/1/7508 3906/2/7508 4376/3/7508
f 3907/1/7509 4380/2/7509 3914/3/7509
f 3965/1/7510 3960/2/7510 3901/3/7510
f 3924/1/7511 3946/2/7511 4368/3/7511
f 3945/1/7512 3928/2/7512 3927/3/7512
f 3967/1/7513 3968/2/7513 3935/3/7513
f 3948/1/7514 3903/2/7514 3904/3/7514
f 3971/1/7515 3937/2/7515 3907/3/7515
f 3973/1/7516 3910/2/7516 3913/3/7516
f 3973/1/7517 3936/2/7517 3910/3/7517
f 3938/1/7518 3924/2/7518 4362/3/7518
f 3956/1/7519 3995/2/7519 3917/3/7519
f 3929/1/7520 4381/2/7520 3943/3/7520
f 3976/1/7521 3913/2/7521 3929/3/7521
f 3979/1/7522 3953/2/7522 3915/3/7522
f 3977/1/7523 3943/2/7523 4383/3/7523
f 3979/1/7524 3915/2/7524 3939/3/7524
f 3970/1/7525 3939/2/7525 3944/3/7525
f 3981/1/7526 3959/2/7526 3958/3/7526
f 3981/1/7527 3930/2/7527 3959/3/7527
f 3982/1/7528 3925/2/7528 3933/3/7528
f 3982/1/7529 3933/2/7529 3936/3/7529
f 3983/1/7530 3908/2/7530 3969/3/7530
f 3983/1/7531 3975/2/7531 3908/3/7531
f 3963/1/7532 3946/2/7532 3924/3/7532
f 3941/1/7533 3914/2/7533 3919/3/7533
f 3980/1/7534 3903/2/7534 3948/3/7534
f 3985/1/7535 3931/2/7535 3932/3/7535
f 3985/1/7536 3932/2/7536 3955/3/7536
f 3986/1/7537 3907/2/7537 3914/3/7537
f 3987/1/7538 3922/2/7538 3916/3/7538
f 3988/1/7539 3924/2/7539 3938/3/7539
f 3989/1/7540 3952/2/7540 3902/3/7540
f 3989/1/7541 3902/2/7541 3931/3/7541
f 3990/1/7542 3961/2/7542 3960/3/7542
f 3990/1/7543 3960/2/7543 3965/3/7543
f 3952/1/7544 3941/2/7544 3920/3/7544
f 3977/1/7545 3929/2/7545 3943/3/7545
f 3991/1/7546 3948/2/7546 3925/3/7546
f 3992/1/7547 3945/2/7547 3927/3/7547
f 3994/1/7548 3949/2/7548 3967/3/7548
f 3995/1/7549 3972/2/7549 3944/3/7549
f 3987/1/7550 3955/2/7550 3922/3/7550
f 3998/1/7551 3979/2/7551 3939/3/7551
f 3972/1/7552 3970/2/7552 3944/3/7552
f 3999/1/7553 3901/2/7553 3963/3/7553
f 3997/1/7554 3978/2/7554 3912/3/7554
f 3977/1/7555 4383/2/7555 3937/3/7555
f 4000/1/7556 3958/2/7556 3984/3/7556
f 4001/1/7557 3957/2/7557 3966/3/7557
f 3957/1/7558 3956/2/7558 3947/3/7558
f 3987/1/7559 3916/2/7559 3410/3/7559
f 3967/1/7560 3935/2/7560 3934/3/7560
f 3991/1/7561 3925/2/7561 3982/3/7561
f 4003/1/7562 3973/2/7562 3913/3/7562
f 4003/1/7563 3913/2/7563 3976/3/7563
f 3993/1/7564 3985/2/7564 3955/3/7564
f 4004/1/7565 3980/2/7565 3948/3/7565
f 3998/1/7566 3939/2/7566 3970/3/7566
f 3993/1/7567 3955/2/7567 3987/3/7567
f 4005/1/7568 3982/2/7568 3936/3/7568
f 4007/1/7569 3969/2/7569 3962/3/7569
f 4005/1/7570 3936/2/7570 3973/3/7570
f 4006/1/7571 3989/2/7571 3931/3/7571
f 4008/1/7572 3986/2/7572 3914/3/7572
f 4008/1/7573 3914/2/7573 3941/3/7573
f 4007/1/7574 3983/2/7574 3969/3/7574
f 4005/1/7575 3991/2/7575 3982/3/7575
f 4001/1/7576 3956/2/7576 3957/3/7576
f 3986/1/7577 3971/2/7577 3907/3/7577
f 4009/1/7578 3977/2/7578 3937/3/7578
f 4009/1/7579 3937/2/7579 3971/3/7579
f 4011/1/7580 3976/2/7580 3929/3/7580
f 4011/1/7581 3929/2/7581 3977/3/7581
f 4012/1/7582 3906/2/7582 3964/3/7582
f 4012/1/7583 3938/2/7583 3906/3/7583
f 4013/1/7584 3941/2/7584 3952/3/7584
f 3979/1/7585 4002/2/7585 3953/3/7585
f 3996/1/7586 3992/2/7586 3927/3/7586
f 4004/1/7587 3948/2/7587 3991/3/7587
f 3981/1/7588 3958/2/7588 4000/3/7588
f 4006/1/7589 3931/2/7589 3985/3/7589
f 4015/1/7590 3985/2/7590 3993/3/7590
f 4016/1/7591 3991/2/7591 4005/3/7591
f 4017/1/7592 3995/2/7592 3956/3/7592
f 4020/1/7593 4004/2/7593 3991/3/7593
f 4021/1/7594 3965/2/7594 3901/3/7594
f 4021/1/7595 3901/2/7595 3999/3/7595
f 4022/1/7596 3972/2/7596 3995/3/7596
f 3934/1/7597 3961/2/7597 3990/3/7597
f 4024/1/7598 3998/2/7598 3970/3/7598
f 4025/1/7599 4007/2/7599 3962/3/7599
f 4026/1/7600 3967/2/7600 3934/3/7600
f 4027/1/7601 3973/2/7601 4003/3/7601
f 4027/1/7602 4005/2/7602 3973/3/7602
f 4029/1/7603 4001/2/7603 3966/3/7603
f 4016/1/7604 4020/2/7604 3991/3/7604
f 4030/1/7605 3971/2/7605 3986/3/7605
f 4015/1/7606 4006/2/7606 3985/3/7606
f 4031/1/7607 3952/2/7607 3989/3/7607
f 4031/1/7608 4013/2/7608 3952/3/7608
f 4032/1/7609 4003/2/7609 3976/3/7609
f 4032/1/7610 3976/2/7610 4011/3/7610
f 4013/1/7611 4008/2/7611 3941/3/7611
f 4000/1/7612 3984/2/7612 3394/3/7612
f 4033/1/7613 4015/2/7613 3993/3/7613
f 4014/1/7614 3990/2/7614 3965/3/7614
f 4009/1/7615 4019/2/7615 3977/3/7615
f 4035/1/7616 3994/2/7616 3967/3/7616
f 4017/1/7617 4022/2/7617 3995/3/7617
f 4034/1/7618 3974/2/7618 4002/3/7618
f 4024/1/7619 3970/2/7619 3972/3/7619
f 4036/1/7620 3938/2/7620 4012/3/7620
f 4036/1/7621 3988/2/7621 3938/3/7621
f 4037/1/7622 3996/2/7622 3994/3/7622
f 4028/1/7623 4016/2/7623 4005/3/7623
f 4038/1/7624 3981/2/7624 4000/3/7624
f 4019/1/7625 4011/2/7625 3977/3/7625
f 4040/1/7626 4017/2/7626 3956/3/7626
f 4040/1/7627 3956/2/7627 4001/3/7627
f 4028/1/7628 4005/2/7628 4027/3/7628
f 4033/1/7629 3993/2/7629 3450/3/7629
f 4041/1/7630 4023/2/7630 3981/3/7630
f 4031/1/7631 3989/2/7631 4006/3/7631
f 4042/1/7632 4034/2/7632 4002/3/7632
f 4043/1/7633 3986/2/7633 4008/3/7633
f 4043/1/7634 4030/2/7634 3986/3/7634
f 4032/1/7635 4027/2/7635 4003/3/7635
f 4014/1/7636 3965/2/7636 4021/3/7636
f 4022/1/7637 4024/2/7637 3972/3/7637
f 4044/1/7638 4028/2/7638 4027/3/7638
f 4038/1/7639 4000/2/7639 3430/3/7639
f 4045/1/7640 4046/2/7640 4010/3/7640
f 4047/1/7641 4006/2/7641 4015/3/7641
f 4048/1/7642 4008/2/7642 4013/3/7642
f 4035/1/7643 3967/2/7643 4026/3/7643
f 4049/1/7644 4018/2/7644 3978/3/7644
f 4050/1/7645 4027/2/7645 4032/3/7645
f 4054/1/7646 4031/2/7646 4006/3/7646
f 4051/1/7647 4009/2/7647 3971/3/7647
f 4064/1/7648 4062/2/7648 4058/3/7648
f 4059/1/7649 4011/2/7649 4019/3/7649
f 4059/1/7650 4032/2/7650 4011/3/7650
f 4039/1/7651 4001/2/7651 4029/3/7651
f 4060/1/7652 4056/2/7652 4061/3/7652
f 4051/1/7653 4019/2/7653 4009/3/7653
f 4063/1/7654 4053/2/7654 4055/3/7654
f 4063/1/7655 4058/2/7655 4053/3/7655
f 4060/1/7656 4055/2/7656 4056/3/7656
f 4042/1/7657 4002/2/7657 3979/3/7657
f 4066/1/7658 4061/2/7658 4067/3/7658
f 4050/1/7659 4044/2/7659 4027/3/7659
f 4073/1/7660 4016/2/7660 4028/3/7660
f 4057/1/7661 4064/2/7661 4058/3/7661
f 4066/1/7662 4060/2/7662 4061/3/7662
f 4047/1/7663 4015/2/7663 4033/3/7663
f 4054/1/7664 4006/2/7664 4047/3/7664
f 4069/1/7665 4070/2/7665 4062/3/7665
f 4083/1/7666 4055/2/7666 4060/3/7666
f 3501/1/7667 3981/2/7667 4038/3/7667
f 3501/1/7668 4041/2/7668 3981/3/7668
f 4072/1/7669 3990/2/7669 4014/3/7669
f 4072/1/7670 3934/2/7670 3990/3/7670
f 4073/1/7671 4028/2/7671 4044/3/7671
f 4075/1/7672 3994/2/7672 4035/3/7672
f 4076/1/7673 4066/2/7673 4067/3/7673
f 4077/1/7674 4078/2/7674 4070/3/7674
f 4079/1/7675 4048/2/7675 4013/3/7675
f 4079/1/7676 4013/2/7676 4031/3/7676
f 4057/1/7677 4058/2/7677 4063/3/7677
f 4048/1/7678 4043/2/7678 4008/3/7678
f 4080/1/7679 4042/2/7679 3979/3/7679
f 4073/1/7680 4020/2/7680 4016/3/7680
f 4074/1/7681 4001/2/7681 4039/3/7681
f 4074/1/7682 4040/2/7682 4001/3/7682
f 4081/1/7683 4052/2/7683 3988/3/7683
f 4082/1/7684 3971/2/7684 4030/3/7684
f 4082/1/7685 4051/2/7685 3971/3/7685
f 4084/1/7686 4067/2/7686 4085/3/7686
f 4073/1/7687 4086/2/7687 4020/3/7687
f 3535/1/7688 4047/2/7688 4033/3/7688
f 4069/1/7689 4077/2/7689 4070/3/7689
f 4088/1/7690 4083/2/7690 4060/3/7690
f 4095/1/7691 4064/2/7691 4057/3/7691
f 4091/1/7692 4022/2/7692 4017/3/7692
f 4069/1/7693 4062/2/7693 4064/3/7693
f 4094/1/7694 4019/2/7694 4051/3/7694
f 4094/1/7695 4059/2/7695 4019/3/7695
f 4096/1/7696 4057/2/7696 4063/3/7696
f 4097/1/7697 4021/2/7697 3999/3/7697
f 4098/1/7698 4007/2/7698 4025/3/7698
f 4100/1/7699 4044/2/7699 4050/3/7699
f 4089/1/7700 4063/2/7700 4083/3/7700
f 4073/1/7701 4099/2/7701 4086/3/7701
f 4071/1/7702 4014/2/7702 4021/3/7702
f 4100/1/7703 4032/2/7703 4059/3/7703
f 4100/1/7704 4050/2/7704 4032/3/7704
f 4068/1/7705 4023/2/7705 4041/3/7705
f 4077/1/7706 4090/2/7706 4078/3/7706
f 4072/1/7707 4026/2/7707 3934/3/7707
f 4092/1/7708 4077/2/7708 4069/3/7708
f 4093/1/7709 4095/2/7709 4057/3/7709
f 4087/1/7710 4035/2/7710 4026/3/7710
f 4103/1/7711 4074/2/7711 4039/3/7711
f 4104/1/7712 3979/2/7712 3998/3/7712
f 4104/1/7713 4080/2/7713 3979/3/7713
f 4081/1/7714 3988/2/7714 4036/3/7714
f 4108/1/7715 4043/2/7715 4048/3/7715
f 4093/1/7716 4057/2/7716 4096/3/7716
f 4075/1/7717 4037/2/7717 3994/3/7717
f 4110/1/7718 4082/2/7718 4030/3/7718
f 4110/1/7719 4030/2/7719 4043/3/7719
f 4111/1/7720 4044/2/7720 4100/3/7720
f 4113/1/7721 4049/2/7721 4046/3/7721
f 4089/1/7722 4096/2/7722 4063/3/7722
f 4098/1/7723 4025/2/7723 4034/3/7723
f 4095/1/7724 4069/2/7724 4064/3/7724
f 4115/1/7725 4024/2/7725 4022/3/7725
f 4116/1/7726 4029/2/7726 4065/3/7726
f 4117/1/7727 4076/2/7727 4084/3/7727
f 4116/1/7728 4039/2/7728 4029/3/7728
f 4047/1/7729 3535/2/7729 3567/3/7729
f 4122/1/7730 4066/2/7730 4076/3/7730
f 4118/1/7731 4079/2/7731 4031/3/7731
f 4118/1/7732 4031/2/7732 4054/3/7732
f 4101/1/7733 4045/2/7733 4037/3/7733
f 4109/1/7734 4102/2/7734 4085/3/7734
f 4094/1/7735 4100/2/7735 4059/3/7735
f 4105/1/7736 4088/2/7736 4060/3/7736
f 4107/1/7737 4054/2/7737 4047/3/7737
f 4114/1/7738 4112/2/7738 4090/3/7738
f 4097/1/7739 4052/2/7739 4081/3/7739
f 4119/1/7740 4083/2/7740 4088/3/7740
f 4119/1/7741 4089/2/7741 4083/3/7741
f 4120/1/7742 4041/2/7742 3501/3/7742
f 4111/1/7743 4073/2/7743 4044/3/7743
f 4121/1/7744 4014/2/7744 4071/3/7744
f 4113/1/7745 4065/2/7745 4049/3/7745
f 4123/1/7746 4100/2/7746 4094/3/7746
f 4124/1/7747 4017/2/7747 4040/3/7747
f 4124/1/7748 4091/2/7748 4017/3/7748
f 4126/1/7749 4107/2/7749 4047/3/7749
f 4127/1/7750 4073/2/7750 4111/3/7750
f 4129/1/7751 4111/2/7751 4100/3/7751
f 4130/1/7752 4087/2/7752 4026/3/7752
f 4115/1/7753 4145/2/7753 4024/3/7753
f 4131/1/7754 4132/2/7754 4112/3/7754
f 4097/1/7755 4071/2/7755 4021/3/7755
f 4133/1/7756 4114/2/7756 4090/3/7756
f 4133/1/7757 4090/2/7757 4077/3/7757
f 4126/1/7758 4047/2/7758 3567/3/7758
f 4134/1/7759 4108/2/7759 4048/3/7759
f 4134/1/7760 4048/2/7760 4079/3/7760
f 4107/1/7761 4118/2/7761 4054/3/7761
f 4193/1/7762 4093/2/7762 4096/3/7762
f 4125/1/7763 4077/2/7763 4092/3/7763
f 4135/1/7764 4094/2/7764 4051/3/7764
f 4135/1/7765 4051/2/7765 4082/3/7765
f 4095/1/7766 4092/2/7766 4069/3/7766
f 4120/1/7767 4068/2/7767 4041/3/7767
f 4136/1/7768 4105/2/7768 4122/3/7768
f 4137/1/7769 4042/2/7769 4080/3/7769
f 4127/1/7770 4099/2/7770 4073/3/7770
f 4108/1/7771 4110/2/7771 4043/3/7771
f 4139/1/7772 4113/2/7772 4046/3/7772
f 4140/1/7773 4095/2/7773 4093/3/7773
f 4143/1/7774 4034/2/7774 4042/3/7774
f 4143/1/7775 4098/2/7775 4034/3/7775
f 4129/1/7776 4100/2/7776 4123/3/7776
f 4145/1/7777 3998/2/7777 4024/3/7777
f 4146/1/7778 4123/2/7778 4094/3/7778
f 4147/1/7779 4089/2/7779 4119/3/7779
f 4145/1/7780 4104/2/7780 3998/3/7780
f 4148/1/7781 4109/2/7781 4128/3/7781
f 4149/1/7782 4092/2/7782 4095/3/7782
f 4120/1/7783 3501/2/7783 3544/3/7783
f 4170/1/7784 4165/2/7784 4102/3/7784
f 4150/1/7785 4110/2/7785 4108/3/7785
f 4151/1/7786 4134/2/7786 4079/3/7786
f 4133/1/7787 4077/2/7787 4125/3/7787
f 4130/1/7788 4026/2/7788 4072/3/7788
f 4091/1/7789 4115/2/7789 4022/3/7789
f 4141/1/7790 4193/2/7790 4096/3/7790
f 4153/1/7791 4071/2/7791 4097/3/7791
f 4144/1/7792 4136/2/7792 4122/3/7792
f 4114/1/7793 4131/2/7793 4112/3/7793
f 4154/1/7794 4122/2/7794 4117/3/7794
f 4074/1/7795 4124/2/7795 4040/3/7795
f 4155/1/7796 4088/2/7796 4136/3/7796
f 4155/1/7797 4119/2/7797 4088/3/7797
f 4156/1/7798 4135/2/7798 4082/3/7798
f 4156/1/7799 4082/2/7799 4110/3/7799
f 4157/1/7800 4118/2/7800 4107/3/7800
f 4137/1/7801 4080/2/7801 4104/3/7801
f 4116/1/7802 4065/2/7802 4113/3/7802
f 4134/1/7803 4150/2/7803 4108/3/7803
f 4159/1/7804 4037/2/7804 4075/3/7804
f 4159/1/7805 4101/2/7805 4037/3/7805
f 4140/1/7806 4149/2/7806 4095/3/7806
f 4160/1/7807 4097/2/7807 4081/3/7807
f 4143/1/7808 4042/2/7808 4137/3/7808
f 4142/1/7809 4074/2/7809 4103/3/7809
f 4161/1/7810 4035/2/7810 4087/3/7810
f 4161/1/7811 4075/2/7811 4035/3/7811
f 4151/1/7812 4079/2/7812 4118/3/7812
f 4146/1/7813 4094/2/7813 4135/3/7813
f 4164/1/7814 4127/2/7814 4111/3/7814
f 4147/1/7815 4141/2/7815 4089/3/7815
f 4164/1/7816 4111/2/7816 4129/3/7816
f 4152/1/7817 4099/2/7817 4127/3/7817
f 4166/1/7818 4106/2/7818 4068/3/7818
f 4166/1/7819 4068/2/7819 4120/3/7819
f 4103/1/7820 4039/2/7820 4116/3/7820
f 4167/1/7821 4072/2/7821 4014/3/7821
f 4167/1/7822 4014/2/7822 4121/3/7822
f 4169/1/7823 4137/2/7823 4104/3/7823
f 4148/1/7824 4170/2/7824 4109/3/7824
f 4171/1/7825 4123/2/7825 4146/3/7825
f 4171/1/7826 4129/2/7826 4123/3/7826
f 4127/1/7827 4172/2/7827 4152/3/7827
f 4159/1/7828 4168/2/7828 4101/3/7828
f 3594/1/7829 4107/2/7829 4126/3/7829
f 3594/1/7830 4157/2/7830 4107/3/7830
f 4151/1/7831 4118/2/7831 4157/3/7831
f 4174/1/7832 4134/2/7832 4151/3/7832
f 4172/1/7833 4127/2/7833 4164/3/7833
f 4175/1/7834 4154/2/7834 4117/3/7834
f 4177/1/7835 4113/2/7835 4139/3/7835
f 4162/1/7836 4141/2/7836 4147/3/7836
f 4173/1/7837 4116/2/7837 4113/3/7837
f 4181/1/7838 4142/2/7838 4103/3/7838
f 4150/1/7839 4156/2/7839 4110/3/7839
f 4182/1/7840 4139/2/7840 4101/3/7840
f 4155/1/7841 4147/2/7841 4119/3/7841
f 4184/1/7842 4146/2/7842 4135/3/7842
f 4184/1/7843 4135/2/7843 4156/3/7843
f 4162/1/7844 4193/2/7844 4141/3/7844
f 4187/1/7845 4129/2/7845 4171/3/7845
f 4188/1/7846 4087/2/7846 4130/3/7846
f 4179/1/7847 4171/2/7847 4146/3/7847
f 4191/1/7848 4174/2/7848 4151/3/7848
f 4192/1/7849 4075/2/7849 4161/3/7849
f 4163/1/7850 4103/2/7850 4116/3/7850
f 4153/1/7851 4097/2/7851 4160/3/7851
f 4166/1/7852 4120/2/7852 3544/3/7852
f 4195/1/7853 4131/2/7853 4114/3/7853
f 4196/1/7854 4150/2/7854 4134/3/7854
f 4197/1/7855 4157/2/7855 3594/3/7855
f 4187/1/7856 4164/2/7856 4129/3/7856
f 4174/1/7857 4196/2/7857 4134/3/7857
f 4198/1/7858 4155/2/7858 4136/3/7858
f 4199/1/7859 4138/2/7859 4106/3/7859
f 4199/1/7860 4106/2/7860 4166/3/7860
f 4145/1/7861 4169/2/7861 4104/3/7861
f 4184/1/7862 4179/2/7862 4146/3/7862
f 4186/1/7863 4133/2/7863 4125/3/7863
f 4175/1/7864 4117/2/7864 4165/3/7864
f 4194/1/7865 4158/2/7865 4132/3/7865
f 4200/1/7866 4164/2/7866 4187/3/7866
f 4202/1/7867 4151/2/7867 4157/3/7867
f 4202/1/7868 4191/2/7868 4151/3/7868
f 4181/1/7869 4103/2/7869 4163/3/7869
f 4183/1/7870 4140/2/7870 4193/3/7870
f 4204/1/7871 4176/2/7871 4138/3/7871
f 4200/1/7872 4172/2/7872 4164/3/7872
f 4206/1/7873 4184/2/7873 4156/3/7873
f 4206/1/7874 4156/2/7874 4150/3/7874
f 4173/1/7875 4113/2/7875 4177/3/7875
f 4207/1/7876 4179/2/7876 4184/3/7876
f 4182/1/7877 4101/2/7877 4168/3/7877
f 4209/1/7878 4193/2/7878 4162/3/7878
f 4194/1/7879 4201/2/7879 4158/3/7879
f 4210/1/7880 4124/2/7880 4074/3/7880
f 4203/1/7881 4162/2/7881 4147/3/7881
f 4214/1/7882 4194/2/7882 4132/3/7882
f 4215/1/7883 4163/2/7883 4116/3/7883
f 4215/1/7884 4116/2/7884 4173/3/7884
f 4192/1/7885 4159/2/7885 4075/3/7885
f 4216/1/7886 4153/2/7886 4160/3/7886
f 4207/1/7887 4171/2/7887 4179/3/7887
f 4167/1/7888 4130/2/7888 4072/3/7888
f 4217/1/7889 4115/2/7889 4091/3/7889
f 4218/1/7890 4121/2/7890 4153/3/7890
f 4219/1/7891 4222/2/7891 4165/3/7891
f 4219/1/7892 4165/2/7892 4185/3/7892
f 4220/1/7893 4161/2/7893 4087/3/7893
f 4221/1/7894 4171/2/7894 4207/3/7894
f 4220/1/7895 4087/2/7895 4188/3/7895
f 4197/1/7896 4202/2/7896 4157/3/7896
f 4223/1/7897 4186/2/7897 4125/3/7897
f 4223/1/7898 4125/2/7898 4180/3/7898
f 4224/1/7899 4154/2/7899 4175/3/7899
f 4225/1/7900 4193/2/7900 4209/3/7900
f 4226/1/7901 4181/2/7901 4163/3/7901
f 4225/1/7902 4183/2/7902 4193/3/7902
f 4227/1/7903 4206/2/7903 4150/3/7903
f 4227/1/7904 4150/2/7904 4196/3/7904
f 4202/1/7905 4197/2/7905 3153/3/7905
f 4228/1/7906 4174/2/7906 4191/3/7906
f 4228/1/7907 4196/2/7907 4174/3/7907
f 4229/1/7908 4114/2/7908 4133/3/7908
f 4221/1/7909 4187/2/7909 4171/3/7909
f 4229/1/7910 4195/2/7910 4114/3/7910
f 4230/1/7911 4191/2/7911 4202/3/7911
f 4214/1/7912 4132/2/7912 4131/3/7912
f 4231/1/7913 4184/2/7913 4206/3/7913
f 4231/1/7914 4207/2/7914 4184/3/7914
f 4268/1/7915 4155/2/7915 4198/3/7915
f 4268/1/7916 4205/2/7916 4155/3/7916
f 4232/1/7917 4145/2/7917 4115/3/7917
f 4233/1/7918 4148/2/7918 4178/3/7918
f 4234/1/7919 4143/2/7919 4137/3/7919
f 4210/1/7920 4074/2/7920 4142/3/7920
f 4216/1/7921 4160/2/7921 4213/3/7921
f 4246/1/7922 4173/2/7922 4177/3/7922
f 4236/1/7923 4187/2/7923 4221/3/7923
f 4233/1/7924 4185/2/7924 4170/3/7924
f 4233/1/7925 4170/2/7925 4148/3/7925
f 4238/1/7926 4203/2/7926 4147/3/7926
f 4238/1/7927 4147/2/7927 4205/3/7927
f 4190/1/7928 4189/2/7928 4208/3/7928
f 4204/1/7929 4138/2/7929 4199/3/7929
f 4230/1/7930 4202/2/7930 3153/3/7930
f 4240/1/7931 4182/2/7931 4168/3/7931
f 4241/1/7932 4139/2/7932 4182/3/7932
f 4241/1/7933 4177/2/7933 4139/3/7933
f 4242/1/7934 4130/2/7934 4167/3/7934
f 4243/1/7935 4176/2/7935 4204/3/7935
f 4243/1/7936 4211/2/7936 4176/3/7936
f 4236/1/7937 4200/2/7937 4187/3/7937
f 4244/1/7938 4162/2/7938 4203/3/7938
f 4244/1/7939 4209/2/7939 4162/3/7939
f 4221/1/7940 4207/2/7940 4231/3/7940
f 4218/1/7941 4167/2/7941 4121/3/7941
f 4245/1/7942 4159/2/7942 4192/3/7942
f 4247/1/7943 4214/2/7943 4131/3/7943
f 4235/1/7944 4201/2/7944 4194/3/7944
f 4248/1/7945 4231/2/7945 4206/3/7945
f 4248/1/7946 4206/2/7946 4227/3/7946
f 4228/1/7947 4191/2/7947 4230/3/7947
f 4228/1/7948 4227/2/7948 4196/3/7948
f 4250/1/7949 4192/2/7949 4161/3/7949
f 4250/1/7950 4161/2/7950 4220/3/7950
f 4229/1/7951 4133/2/7951 4186/3/7951
f 4272/1/7952 4091/2/7952 4124/3/7952
f 4272/1/7953 4217/2/7953 4091/3/7953
f 4251/1/7954 4228/2/7954 4230/3/7954
f 4224/1/7955 4175/2/7955 4222/3/7955
f 4253/1/7956 4210/2/7956 4142/3/7956
f 4242/1/7957 4188/2/7957 4130/3/7957
f 4254/1/7958 4235/2/7958 4194/3/7958
f 4256/1/7959 4169/2/7959 4145/3/7959
f 4257/1/7960 4231/2/7960 4248/3/7960
f 4257/1/7961 4221/2/7961 4231/3/7961
f 4259/1/7962 4227/2/7962 4228/3/7962
f 4247/1/7963 4131/2/7963 4195/3/7963
f 4199/1/7964 4166/2/7964 3580/3/7964
f 4261/1/7965 4167/2/7965 4218/3/7965
f 3201/1/7966 4251/2/7966 4230/3/7966
f 4216/1/7967 4218/2/7967 4153/3/7967
f 4239/1/7968 4190/2/7968 4208/3/7968
f 4262/1/7969 4248/2/7969 4227/3/7969
f 4262/1/7970 4227/2/7970 4259/3/7970
f 4263/1/7971 4215/2/7971 4173/3/7971
f 4257/1/7972 4236/2/7972 4221/3/7972
f 4264/1/7973 4137/2/7973 4169/3/7973
f 4264/1/7974 4234/2/7974 4137/3/7974
f 4241/1/7975 4246/2/7975 4177/3/7975
f 4265/1/7976 4247/2/7976 4195/3/7976
f 4232/1/7977 4256/2/7977 4145/3/7977
f 4251/1/7978 3201/2/7978 3224/3/7978
f 4232/1/7979 4115/2/7979 4217/3/7979
f 3224/1/7980 4228/2/7980 4251/3/7980
f 3224/1/7981 4259/2/7981 4228/3/7981
f 4215/1/7982 4226/2/7982 4163/3/7982
f 4267/1/7983 4236/2/7983 4257/3/7983
f 4268/1/7984 4238/2/7984 4205/3/7984
f 4253/1/7985 4142/2/7985 4181/3/7985
f 4269/1/7986 4219/2/7986 4185/3/7986
f 4270/1/7987 4213/2/7987 4211/3/7987
f 4271/1/7988 4257/2/7988 4248/3/7988
f 4270/1/7989 4211/2/7989 4243/3/7989
f 4271/1/7990 4248/2/7990 4262/3/7990
f 4273/1/7991 4204/2/7991 4199/3/7991
f 4244/1/7992 4225/2/7992 4209/3/7992
f 4210/1/7993 4272/2/7993 4124/3/7993
f 4262/1/7994 4259/2/7994 3224/3/7994
f 4252/1/7995 4159/2/7995 4245/3/7995
f 4249/1/7996 4268/2/7996 4198/3/7996
f 4226/1/7997 4260/2/7997 4181/3/7997
f 4254/1/7998 4194/2/7998 4214/3/7998
f 4275/1/7999 4271/2/7999 4262/3/7999
f 4239/1/8000 4208/2/8000 4266/3/8000
f 4279/1/8001 4190/2/8001 4239/3/8001
f 4280/1/8002 4218/2/8002 4216/3/8002
f 4281/1/8003 4271/2/8003 4275/3/8003
f 4269/1/8004 4185/2/8004 4233/3/8004
f 4276/1/8005 4267/2/8005 4257/3/8005
f 4276/1/8006 4257/2/8006 4271/3/8006
f 3171/1/8007 4199/2/8007 3580/3/8007
f 4272/1/8008 4232/2/8008 4217/3/8008
f 4282/1/8009 4256/2/8009 4232/3/8009
f 4276/1/8010 4271/2/8010 4281/3/8010
f 4283/1/8011 4258/2/8011 4201/3/8011
f 4284/1/8012 4223/2/8012 4180/3/8012
f 2781/1/8013 4276/2/8013 4281/3/8013
f 4244/1/8014 4203/2/8014 4238/3/8014
f 4083/1/8015 4063/2/8015 4055/3/8015
f 4076/1/8016 4067/2/8016 4084/3/8016
f 4263/1/8017 4173/2/8017 4246/3/8017
f 4060/1/8018 4066/2/8018 4105/3/8018
f 4256/1/8019 4264/2/8019 4169/3/8019
f 4066/1/8020 4122/2/8020 4105/3/8020
f 4102/1/8021 4084/2/8021 4085/3/8021
f 4076/1/8022 4117/2/8022 4122/3/8022
f 4096/1/8023 4089/2/8023 4141/3/8023
f 4102/1/8024 4117/2/8024 4084/3/8024
f 4260/1/8025 4253/2/8025 4181/3/8025
f 4102/1/8026 4165/2/8026 4117/3/8026
f 4285/1/8027 4241/2/8027 4182/3/8027
f 4285/1/8028 4182/2/8028 4240/3/8028
f 4286/1/8029 4246/2/8029 4241/3/8029
f 4122/1/8030 4154/2/8030 4144/3/8030
f 4136/1/8031 4088/2/8031 4105/3/8031
f 4287/1/8032 4265/2/8032 4195/3/8032
f 4287/1/8033 4195/2/8033 4229/3/8033
f 4170/1/8034 4102/2/8034 4109/3/8034
f 4193/1/8035 4140/2/8035 4093/3/8035
f 4247/1/8036 4254/2/8036 4214/3/8036
f 4149/1/8037 4125/2/8037 4092/3/8037
f 4165/1/8038 4170/2/8038 4185/3/8038
f 4279/1/8039 4237/2/8039 4190/3/8039
f 4243/1/8040 4204/2/8040 4273/3/8040
f 4178/1/8041 4148/2/8041 4128/3/8041
f 4288/1/8042 4245/2/8042 4192/3/8042
f 4288/1/8043 4192/2/8043 4250/3/8043
f 4154/1/8044 4198/2/8044 4144/3/8044
f 4198/1/8045 4136/2/8045 4144/3/8045
f 4178/1/8046 4190/2/8046 4237/3/8046
f 4178/1/8047 4128/2/8047 4189/3/8047
f 4178/1/8048 4189/2/8048 4190/3/8048
f 4140/1/8049 4212/2/8049 4149/3/8049
f 4198/1/8050 4154/2/8050 4249/3/8050
f 4180/1/8051 4125/2/8051 4149/3/8051
f 4283/1/8052 4201/2/8052 4235/3/8052
f 4222/1/8053 4175/2/8053 4165/3/8053
f 4205/1/8054 4147/2/8054 4155/3/8054
f 4321/1/8055 4249/2/8055 4224/3/8055
f 4183/1/8056 4212/2/8056 4140/3/8056
f 4183/1/8057 4255/2/8057 4212/3/8057
f 4212/1/8058 4284/2/8058 4180/3/8058
f 4212/1/8059 4180/2/8059 4149/3/8059
f 4249/1/8060 4154/2/8060 4224/3/8060
f 4178/1/8061 4237/2/8061 4274/3/8061
f 4178/1/8062 4274/2/8062 4233/3/8062
f 4280/1/8063 4261/2/8063 4218/3/8063
f 4255/1/8064 4183/2/8064 4225/3/8064
f 4255/1/8065 4225/2/8065 4289/3/8065
f 4255/1/8066 4284/2/8066 4212/3/8066
f 4277/1/8067 4223/2/8067 4307/3/8067
f 4277/1/8068 4186/2/8068 4223/3/8068
f 4277/1/8069 4229/2/8069 4186/3/8069
f 4292/1/8070 4270/2/8070 4243/3/8070
f 4291/1/8071 4222/2/8071 4219/3/8071
f 4268/1/8072 4249/2/8072 4293/3/8072
f 4224/1/8073 4222/2/8073 4294/3/8073
f 4233/1/8074 4274/2/8074 4295/3/8074
f 4296/1/8075 4225/2/8075 4244/3/8075
f 4273/1/8076 4199/2/8076 3171/3/8076
f 4291/1/8077 4298/2/8077 4222/3/8077
f 4247/1/8078 4265/2/8078 4299/3/8078
f 4295/1/8079 4300/2/8079 4233/3/8079
f 4255/1/8080 4311/2/8080 4284/3/8080
f 4296/1/8081 4289/2/8081 4225/3/8081
f 4296/1/8082 4314/2/8082 4289/3/8082
f 4307/1/8083 4223/2/8083 4284/3/8083
f 4294/1/8084 4222/2/8084 4298/3/8084
f 4302/1/8085 4188/2/8085 4242/3/8085
f 4302/1/8086 4220/2/8086 4188/3/8086
f 4289/1/8087 4311/2/8087 4255/3/8087
f 4289/1/8088 4303/2/8088 4311/3/8088
f 4300/1/8089 4304/2/8089 4269/3/8089
f 4301/1/8090 4307/2/8090 4284/3/8090
f 4294/1/8091 4322/2/8091 4321/3/8091
f 4305/1/8092 4265/2/8092 4287/3/8092
f 4305/1/8093 4299/2/8093 4265/3/8093
f 4306/1/8094 4242/2/8094 4261/3/8094
f 4307/1/8095 4308/2/8095 4277/3/8095
f 4307/1/8096 4309/2/8096 4308/3/8096
f 4270/1/8097 4278/2/8097 4213/3/8097
f 4310/1/8098 4243/2/8098 4273/3/8098
f 4311/1/8099 4328/2/8099 4301/3/8099
f 4313/1/8100 4314/2/8100 4296/3/8100
f 4316/1/8101 4299/2/8101 4317/3/8101
f 4312/1/8102 4322/2/8102 4294/3/8102
f 4319/1/8103 4287/2/8103 4308/3/8103
f 4319/1/8104 4305/2/8104 4287/3/8104
f 4312/1/8105 4294/2/8105 4298/3/8105
f 4309/1/8106 4307/2/8106 4301/3/8106
f 4288/1/8107 4252/2/8107 4245/3/8107
f 4303/1/8108 4328/2/8108 4311/3/8108
f 4303/1/8109 3942/2/8109 4328/3/8109
f 4320/1/8110 4318/2/8110 4348/3/8110
f 4323/1/8111 4240/2/8111 4252/3/8111
f 4313/1/8112 4315/2/8112 4314/3/8112
f 4313/1/8113 4324/2/8113 4315/3/8113
f 4305/1/8114 4317/2/8114 4299/3/8114
f 4325/1/8115 4332/2/8115 4313/3/8115
f 4291/1/8116 4219/2/8116 4269/3/8116
f 4326/1/8117 4338/2/8117 4316/3/8117
f 4327/1/8118 4320/2/8118 4348/3/8118
f 4328/1/8119 3918/2/8119 4309/3/8119
f 3942/1/8120 4303/2/8120 3947/3/8120
f 3968/1/8121 4322/2/8121 4312/3/8121
f 4331/1/8122 4238/2/8122 4268/3/8122
f 4329/1/8123 4215/2/8123 4263/3/8123
f 4331/1/8124 4244/2/8124 4238/3/8124
f 3921/1/8125 4320/2/8125 4327/3/8125
f 4330/1/8126 4316/2/8126 4317/3/8126
f 4330/1/8127 4326/2/8127 4316/3/8127
f 3942/1/8128 3918/2/8128 4328/3/8128
f 3940/1/8129 4319/2/8129 4309/3/8129
f 3921/1/8130 4327/2/8130 4326/3/8130
f 4285/1/8131 4286/2/8131 4241/3/8131
f 3928/1/8132 4358/2/8132 4335/3/8132
f 4334/1/8133 4264/2/8133 4256/3/8133
f 3928/1/8134 4335/2/8134 3927/3/8134
f 4324/1/8135 3951/2/8135 4315/3/8135
f 4324/1/8136 4313/2/8136 4332/3/8136
f 4324/1/8137 4332/2/8137 3926/3/8137
f 3968/1/8138 3950/2/8138 4322/3/8138
f 4287/1/8139 4229/2/8139 4277/3/8139
f 3911/1/8140 3921/2/8140 4326/3/8140
f 4297/1/8141 4239/2/8141 4266/3/8141
f 3918/1/8142 3944/2/8142 3940/3/8142
f 3918/1/8143 3940/2/8143 4309/3/8143
f 3951/1/8144 4374/2/8144 4315/3/8144
f 3951/1/8145 3947/2/8145 4374/3/8145
f 3908/1/8146 4333/2/8146 4320/3/8146
f 3954/1/8147 3915/2/8147 3953/3/8147
f 3954/1/8148 4330/2/8148 4317/3/8148
f 4336/1/8149 4232/2/8149 4272/3/8149
f 4324/1/8150 3966/2/8150 3951/3/8150
f 4300/1/8151 4269/2/8151 4233/3/8151
f 3927/1/8152 4335/2/8152 3950/3/8152
f 4337/1/8153 4263/2/8153 4246/3/8153
f 3950/1/8154 3968/2/8154 3967/3/8154
f 3912/1/8155 4332/2/8155 3928/3/8155
f 4338/1/8156 4283/2/8156 4235/3/8156
f 4338/1/8157 4235/2/8157 4254/3/8157
f 4339/1/8158 4282/2/8158 4232/3/8158
f 3962/1/8159 4326/2/8159 4330/3/8159
f 4340/1/8160 4226/2/8160 4215/3/8160
f 3962/1/8161 3911/2/8161 4326/3/8161
f 3969/1/8162 4320/2/8162 3921/3/8162
f 3969/1/8163 3908/2/8163 4320/3/8163
f 3950/1/8164 3967/2/8164 3949/3/8164
f 4341/1/8165 4242/2/8165 4306/3/8165
f 3926/1/8166 3966/2/8166 4324/3/8166
f 3974/1/8167 3962/2/8167 4330/3/8167
f 3974/1/8168 4330/2/8168 3954/3/8168
f 3926/1/8169 3912/2/8169 3978/3/8169
f 3926/1/8170 4332/2/8170 3912/3/8170
f 4342/1/8171 4272/2/8171 4210/3/8171
f 3917/1/8172 3995/2/8172 3944/3/8172
f 3949/1/8173 3927/2/8173 3950/3/8173
f 3949/1/8174 3996/2/8174 3927/3/8174
f 3912/1/8175 3928/2/8175 3945/3/8175
f 3944/1/8176 3939/2/8176 3940/3/8176
f 3951/1/8177 3966/2/8177 3957/3/8177
f 3969/1/8178 3921/2/8178 3911/3/8178
f 4002/1/8179 3954/2/8179 3953/3/8179
f 4002/1/8180 3974/2/8180 3954/3/8180
f 3945/1/8181 3997/2/8181 3912/3/8181
f 3945/1/8182 4010/2/8182 3997/3/8182
f 4292/1/8183 4243/2/8183 4310/3/8183
f 3962/1/8184 3969/2/8184 3911/3/8184
f 3978/1/8185 3966/2/8185 3926/3/8185
f 3978/1/8186 4018/2/8186 3966/3/8186
f 3994/1/8187 3996/2/8187 3949/3/8187
f 3992/1/8188 4010/2/8188 3945/3/8188
f 4321/1/8189 4224/2/8189 4294/3/8189
f 3964/1/8190 3930/2/8190 3981/3/8190
f 3964/1/8191 3981/2/8191 4023/3/8191
f 4344/1/8192 4278/2/8192 4270/3/8192
f 3992/1/8193 4045/2/8193 4010/3/8193
f 4010/1/8194 4046/2/8194 3997/3/8194
f 4302/1/8195 4250/2/8195 4220/3/8195
f 4018/1/8196 4029/2/8196 3966/3/8196
f 4018/1/8197 4065/2/8197 4029/3/8197
f 3964/1/8198 4023/2/8198 4068/3/8198
f 4049/1/8199 3978/2/8199 3997/3/8199
f 4037/1/8200 4045/2/8200 3992/3/8200
f 4308/1/8201 4287/2/8201 4277/3/8201
f 4037/1/8202 3992/2/8202 3996/3/8202
f 4068/1/8203 4012/2/8203 3964/3/8203
f 4012/1/8204 4068/2/8204 4106/3/8204
f 4049/1/8205 3997/2/8205 4046/3/8205
f 4065/1/8206 4018/2/8206 4049/3/8206
f 4036/1/8207 4012/2/8207 4106/3/8207
f 4045/1/8208 4101/2/8208 4046/3/8208
f 4036/1/8209 4106/2/8209 4138/3/8209
f 4046/1/8210 4101/2/8210 4139/3/8210
f 4176/1/8211 4081/2/8211 4036/3/8211
f 4321/1/8212 4293/2/8212 4249/3/8212
f 4176/1/8213 4036/2/8213 4138/3/8213
f 4121/1/8214 4071/2/8214 4153/3/8214
f 4211/1/8215 4081/2/8215 4176/3/8215
f 4211/1/8216 4160/2/8216 4081/3/8216
f 4345/1/8217 4292/2/8217 4310/3/8217
f 4159/1/8218 4252/2/8218 4168/3/8218
f 4160/1/8219 4211/2/8219 4213/3/8219
f 4339/1/8220 4232/2/8220 4336/3/8220
f 4346/1/8221 4268/2/8221 4293/3/8221
f 4167/1/8222 4261/2/8222 4242/3/8222
f 4240/1/8223 4168/2/8223 4252/3/8223
f 4216/1/8224 4213/2/8224 4278/3/8224
f 4346/1/8225 4331/2/8225 4268/3/8225
f 4278/1/8226 4343/2/8226 4216/3/8226
f 4343/1/8227 4280/2/8227 4216/3/8227
f 4347/1/8228 4286/2/8228 4285/3/8228
f 4341/1/8229 4302/2/8229 4242/3/8229
f 4351/1/8230 4250/2/8230 4302/3/8230
f 4280/1/8231 4343/2/8231 4349/3/8231
f 4337/1/8232 4246/2/8232 4286/3/8232
f 4350/1/8233 4349/2/8233 4355/3/8233
f 4350/1/8234 4280/2/8234 4349/3/8234
f 4351/1/8235 4352/2/8235 4353/3/8235
f 4364/1/8236 4351/2/8236 4353/3/8236
f 4354/1/8237 3905/2/8237 4356/3/8237
f 4354/1/8238 4355/2/8238 3905/3/8238
f 3932/1/8239 3902/2/8239 4356/3/8239
f 3902/1/8240 3932/2/8240 3931/3/8240
f 3988/1/8241 4052/2/8241 3963/3/8241
f 3988/1/8242 3963/2/8242 3924/3/8242
f 4052/1/8243 3999/2/8243 3963/3/8243
f 4052/1/8244 4097/2/8244 3999/3/8244
f 4350/1/8245 4306/2/8245 4261/3/8245
f 4350/1/8246 4261/2/8246 4280/3/8246
f 3213/1/8247 4310/2/8247 4273/3/8247
f 4025/1/8248 3974/2/8248 4034/3/8248
f 4025/1/8249 3962/2/8249 3974/3/8249
f 4323/1/8250 4252/2/8250 4288/3/8250
f 4311/1/8251 4301/2/8251 4284/3/8251
f 4282/1/8252 4334/2/8252 4256/3/8252
f 4344/1/8253 4343/2/8253 4278/3/8253
f 4325/1/8254 4244/2/8254 4331/3/8254
f 4357/1/8255 4253/2/8255 4260/3/8255
f 4325/1/8256 4296/2/8256 4244/3/8256
f 4340/1/8257 4260/2/8257 4226/3/8257
f 4348/1/8258 4258/2/8258 4283/3/8258
f 4342/1/8259 4336/2/8259 4272/3/8259
f 4274/1/8260 4237/2/8260 4279/3/8260
f 4344/1/8261 4270/2/8261 4292/3/8261
f 4359/1/8262 4342/2/8262 4210/3/8262
f 4359/1/8263 4210/2/8263 4253/3/8263
f 4360/1/8264 4298/2/8264 4291/3/8264
f 4290/1/8265 4297/2/8265 4266/3/8265
f 4361/1/8266 4285/2/8266 4240/3/8266
f 4361/1/8267 4240/2/8267 4323/3/8267
f 4329/1/8268 4340/2/8268 4215/3/8268
f 4316/1/8269 4254/2/8269 4247/3/8269
f 4316/1/8270 4338/2/8270 4254/3/8270
f 4362/1/8271 4239/2/8271 4297/3/8271
f 4362/1/8272 4279/2/8272 4239/3/8272
f 4316/1/8273 4247/2/8273 4299/3/8273
f 4363/1/8274 4334/2/8274 4282/3/8274
f 4349/1/8275 4343/2/8275 4344/3/8275
f 4358/1/8276 4346/2/8276 4293/3/8276
f 4350/1/8277 4341/2/8277 4306/3/8277
f 4360/1/8278 4291/2/8278 4269/3/8278
f 4337/1/8279 4329/2/8279 4263/3/8279
f 4327/1/8280 4348/2/8280 4283/3/8280
f 4365/1/8281 4336/2/8281 4342/3/8281
f 4351/1/8282 4288/2/8282 4250/3/8282
f 4348/1/8283 4318/2/8283 4258/3/8283
f 4366/1/8284 4282/2/8284 4339/3/8284
f 4366/1/8285 4363/2/8285 4282/3/8285
f 4367/1/8286 4339/2/8286 4336/3/8286
f 4358/1/8287 4293/2/8287 4321/3/8287
f 4313/1/8288 4296/2/8288 4325/3/8288
f 4352/1/8289 4351/2/8289 4302/3/8289
f 4354/1/8290 4302/2/8290 4341/3/8290
f 4368/1/8291 4274/2/8291 4279/3/8291
f 4372/1/8292 4325/2/8292 4331/3/8292
f 4372/1/8293 4331/2/8293 4346/3/8293
f 4354/1/8294 4341/2/8294 4350/3/8294
f 3311/1/8295 4345/2/8295 4310/3/8295
f 4370/1/8296 4286/2/8296 4347/3/8296
f 4370/1/8297 4337/2/8297 4286/3/8297
f 4312/1/8298 4298/2/8298 4360/3/8298
f 4371/1/8299 4292/2/8299 4345/3/8299
f 4371/1/8300 4344/2/8300 4292/3/8300
f 4327/1/8301 4283/2/8301 4338/3/8301
f 3946/1/8302 4295/2/8302 4274/3/8302
f 4359/1/8303 4253/2/8303 4357/3/8303
f 4373/1/8304 4349/2/8304 4344/3/8304
f 4304/1/8305 4300/2/8305 4295/3/8305
f 4374/1/8306 4289/2/8306 4314/3/8306
f 4374/1/8307 4303/2/8307 4289/3/8307
f 4375/1/8308 4323/2/8308 4288/3/8308
f 4375/1/8309 4288/2/8309 4364/3/8309
f 4376/1/8310 4290/2/8310 4369/3/8310
f 4368/1/8311 3946/2/8311 4274/3/8311
f 4365/1/8312 4367/2/8312 4336/3/8312
f 4357/1/8313 4260/2/8313 4340/3/8313
f 4326/1/8314 4327/2/8314 4338/3/8314
f 4378/1/8315 4342/2/8315 4359/3/8315
f 4378/1/8316 4365/2/8316 4342/3/8316
f 4367/1/8317 4366/2/8317 4339/3/8317
f 4364/1/8318 4288/2/8318 4351/3/8318
f 4379/1/8319 4269/2/8319 4304/3/8319
f 4352/1/8320 4302/2/8320 4354/3/8320
f 4380/1/8321 4347/2/8321 4285/3/8321
f 4380/1/8322 4285/2/8322 4361/3/8322
f 4335/1/8323 4358/2/8323 4321/3/8323
f 4381/1/8324 4340/2/8324 4329/3/8324
f 4377/1/8325 4349/2/8325 4373/3/8325
f 4382/1/8326 4361/2/8326 4323/3/8326
f 4309/1/8327 4319/2/8327 4308/3/8327
f 3323/1/8328 4345/2/8328 3311/3/8328
f 4328/1/8329 4309/2/8329 4301/3/8329
f 3946/1/8330 4304/2/8330 4295/3/8330
f 4332/1/8331 4325/2/8331 4372/3/8331
f 4383/1/8332 4370/2/8332 4347/3/8332
f 4355/1/8333 4354/2/8333 4350/3/8333
f 4372/1/8334 4346/2/8334 4358/3/8334
f 3910/1/8335 4357/2/8335 4340/3/8335
f 4377/1/8336 4355/2/8336 4349/3/8336
f 4371/1/8337 4345/2/8337 3323/3/8337
f 4373/1/8338 4344/2/8338 4371/3/8338
f 4356/1/8339 4352/2/8339 4354/3/8339
f 4384/1/8340 4359/2/8340 4357/3/8340
f 4385/1/8341 4367/2/8341 4365/3/8341
f 4379/1/8342 4360/2/8342 4269/3/8342
f 4320/1/8343 4333/2/8343 4318/3/8343
f 4315/1/8344 4374/2/8344 4314/3/8344
f 4376/1/8345 4297/2/8345 4290/3/8345
f 4387/1/8346 4355/2/8346 4377/3/8346
f 3954/1/8347 4317/2/8347 4305/3/8347
f 4388/1/8348 4366/2/8348 4367/3/8348
f 4380/1/8349 4361/2/8349 4382/3/8349
f 4389/1/8350 4378/2/8350 4359/3/8350
f 4390/1/8351 4377/2/8351 4373/3/8351
f 4368/1/8352 4279/2/8352 4362/3/8352
f 3362/1/8353 4373/2/8353 4371/3/8353
f 3950/1/8354 4335/2/8354 4321/3/8354
f 3950/1/8355 4321/2/8355 4322/3/8355
f 3901/1/8356 4304/2/8356 3946/3/8356
f 4382/1/8357 4323/2/8357 4375/3/8357
f 3906/1/8358 4297/2/8358 4376/3/8358
f 3902/1/8359 4353/2/8359 4352/3/8359
f 3960/1/8360 4360/2/8360 4379/3/8360
f 3928/1/8361 4372/2/8361 4358/3/8361
f 3362/1/8362 4371/2/8362 3323/3/8362
f 4383/1/8363 4347/2/8363 4380/3/8363
f 3943/1/8364 4337/2/8364 4370/3/8364
f 3915/1/8365 3954/2/8365 4305/3/8365
f 4388/1/8366 4386/2/8366 4366/3/8366
f 4381/1/8367 4329/2/8367 4337/3/8367
f 3915/1/8368 4305/2/8368 4319/3/8368
f 4390/1/8369 4373/2/8369 3362/3/8369
f 4385/1/8370 4388/2/8370 4367/3/8370
f 3961/1/8371 4312/2/8371 4360/3/8371
f 3904/1/8372 4365/2/8372 4378/3/8372
f 3904/1/8373 4385/2/8373 4365/3/8373
f 4391/1/8374 4387/2/8374 4377/3/8374
f 3913/1/8375 3910/2/8375 4340/3/8375
f 3913/1/8376 4340/2/8376 4381/3/8376
f 3910/1/8377 4384/2/8377 4357/3/8377
f 3902/1/8378 4352/2/8378 4356/3/8378
f 3901/1/8379 4379/2/8379 4304/3/8379
f 3947/1/8380 4303/2/8380 4374/3/8380
f 3935/1/8381 3968/2/8381 4312/3/8381
f 3939/1/8382 3915/2/8382 4319/3/8382
f 3933/1/8383 4359/2/8383 4384/3/8383
f 3933/1/8384 4389/2/8384 4359/3/8384
f 3928/1/8385 4332/2/8385 4372/3/8385
f 3367/1/8386 4390/2/8386 3362/3/8386
f 3920/1/8387 4364/2/8387 4353/3/8387
f 3920/1/8388 4375/2/8388 4364/3/8388
f 4381/1/8389 4337/2/8389 3943/3/8389
f 3905/1/8390 4355/2/8390 4387/3/8390
f 3923/1/8391 4387/2/8391 4391/3/8391
f 3932/1/8392 4356/2/8392 3905/3/8392
f 4391/1/8393 4377/2/8393 4390/3/8393
f 3919/1/8394 4382/2/8394 4375/3/8394
f 3930/1/8395 4369/2/8395 3959/3/8395
f 3930/1/8396 4376/2/8396 4369/3/8396
f 3907/1/8397 4383/2/8397 4380/3/8397
f 3906/1/8398 4362/2/8398 4297/3/8398
f 3914/1/8399 4380/2/8399 4382/3/8399
f 3917/1/8400 3918/2/8400 3942/3/8400
f 3925/1/8401 4378/2/8401 4389/3/8401
f 3925/1/8402 3904/2/8402 4378/3/8402
f 3924/1/8403 4368/2/8403 4362/3/8403
f 3917/1/8404 3942/2/8404 3947/3/8404
f 3939/1/8405 4319/2/8405 3940/3/8405
f 3922/1/8406 4387/2/8406 3923/3/8406
f 3922/1/8407 3905/2/8407 4387/3/8407
f 4383/1/8408 3943/2/8408 4370/3/8408
f 3936/1/8409 3933/2/8409 4384/3/8409
f 3920/1/8410 4353/2/8410 3902/3/8410
f 3929/1/8411 3913/2/8411 4381/3/8411
f 3961/1/8412 4360/2/8412 3960/3/8412
f 3901/1/8413 3960/2/8413 4379/3/8413
f 2325/1/8414 4394/2/8414 4393/3/8414
f 4395/1/8415 4453/2/8415 4392/3/8415
f 4396/1/8416 4395/2/8416 4392/3/8416
f 2324/1/8417 4394/2/8417 2325/3/8417
f 2322/1/8418 4397/2/8418 2324/3/8418
f 3984/1/8419 4398/2/8419 2104/3/8419
f 4399/1/8420 4395/2/8420 4396/3/8420
f 2322/1/8421 1639/2/8421 4397/3/8421
f 3958/1/8422 4398/2/8422 3984/3/8422
f 4400/1/8423 4399/2/8423 4396/3/8423
f 3958/1/8424 4401/2/8424 4398/3/8424
f 2245/1/8425 1639/2/8425 2322/3/8425
f 3959/1/8426 4401/2/8426 3958/3/8426
f 4402/1/8427 4399/2/8427 4400/3/8427
f 4403/1/8428 4399/2/8428 4402/3/8428
f 4369/1/8429 4401/2/8429 3959/3/8429
f 4369/1/8430 4404/2/8430 4401/3/8430
f 4405/1/8431 4403/2/8431 4402/3/8431
f 4369/1/8432 4406/2/8432 4404/3/8432
f 4290/1/8433 4406/2/8433 4369/3/8433
f 4407/1/8434 4403/2/8434 4405/3/8434
f 4290/1/8435 4408/2/8435 4406/3/8435
f 4266/1/8436 4408/2/8436 4290/3/8436
f 4409/1/8437 4407/2/8437 4405/3/8437
f 4208/1/8438 4410/2/8438 4408/3/8438
f 4208/1/8439 4408/2/8439 4266/3/8439
f 4411/1/8440 4409/2/8440 4405/3/8440
f 4208/1/8441 4412/2/8441 4410/3/8441
f 4413/1/8442 4409/2/8442 4411/3/8442
f 4189/1/8443 4414/2/8443 4412/3/8443
f 4189/1/8444 4412/2/8444 4208/3/8444
f 4415/1/8445 4413/2/8445 4411/3/8445
f 4128/1/8446 4416/2/8446 4414/3/8446
f 4417/1/8447 4415/2/8447 4411/3/8447
f 4128/1/8448 4414/2/8448 4189/3/8448
f 4418/1/8449 4416/2/8449 4128/3/8449
f 4109/1/8450 4418/2/8450 4128/3/8450
f 4419/1/8451 4420/2/8451 4415/3/8451
f 4419/1/8452 4415/2/8452 4417/3/8452
f 4421/1/8453 4418/2/8453 4109/3/8453
f 4085/1/8454 4421/2/8454 4109/3/8454
f 4422/1/8455 4421/2/8455 4085/3/8455
f 4067/1/8456 4423/2/8456 4422/3/8456
f 4424/1/8457 4420/2/8457 4419/3/8457
f 4067/1/8458 4422/2/8458 4085/3/8458
f 4425/1/8459 4420/2/8459 4424/3/8459
f 4067/1/8460 4061/2/8460 4423/3/8460
f 4427/1/8461 4425/2/8461 4424/3/8461
f 4061/1/8462 4428/2/8462 4426/3/8462
f 4429/1/8463 4427/2/8463 4424/3/8463
f 4056/1/8464 4428/2/8464 4061/3/8464
f 4430/1/8465 4427/2/8465 4429/3/8465
f 4056/1/8466 4431/2/8466 4428/3/8466
f 4055/1/8467 4431/2/8467 4056/3/8467
f 2304/1/8468 4432/2/8468 4430/3/8468
f 2304/1/8469 4430/2/8469 4429/3/8469
f 4053/1/8470 4431/2/8470 4055/3/8470
f 2301/1/8471 4432/2/8471 2304/3/8471
f 4058/1/8472 4433/2/8472 4053/3/8472
f 4058/1/8473 4062/2/8473 4433/3/8473
f 2297/1/8474 4434/2/8474 2299/3/8474
f 2291/1/8475 4435/2/8475 2294/3/8475
f 4078/1/8476 4436/2/8476 4070/3/8476
f 4090/1/8477 4436/2/8477 4078/3/8477
f 2291/1/8478 4437/2/8478 4435/3/8478
f 2289/1/8479 4437/2/8479 2291/3/8479
f 2289/1/8480 5260/2/8480 4437/3/8480
f 4112/1/8481 4436/2/8481 4090/3/8481
f 4112/1/8482 4438/2/8482 4436/3/8482
f 2287/1/8483 5260/2/8483 2289/3/8483
f 4132/1/8484 4438/2/8484 4112/3/8484
f 4158/1/8485 4438/2/8485 4132/3/8485
f 4439/1/8486 4438/2/8486 4158/3/8486
f 2280/1/8487 5295/2/8487 2286/3/8487
f 2280/1/8488 5270/2/8488 5295/3/8488
f 4201/1/8489 4439/2/8489 4158/3/8489
f 2279/1/8490 5270/2/8490 2280/3/8490
f 4201/1/8491 4440/2/8491 4439/3/8491
f 2343/1/8492 4441/2/8492 2279/3/8492
f 4258/1/8493 4440/2/8493 4201/3/8493
f 4442/1/8494 4441/2/8494 2343/3/8494
f 4443/1/8495 4440/2/8495 4258/3/8495
f 2341/1/8496 4442/2/8496 2343/3/8496
f 4318/1/8497 4443/2/8497 4258/3/8497
f 4318/1/8498 4444/2/8498 4443/3/8498
f 2338/1/8499 4445/2/8499 2340/3/8499
f 4333/1/8500 4444/2/8500 4318/3/8500
f 2336/1/8501 4445/2/8501 2338/3/8501
f 2336/1/8502 4446/2/8502 4445/3/8502
f 2335/1/8503 4446/2/8503 2336/3/8503
f 2333/1/8504 4447/2/8504 2335/3/8504
f 4333/1/8505 4448/2/8505 4444/3/8505
f 2333/1/8506 4449/2/8506 4447/3/8506
f 4450/1/8507 4448/2/8507 4333/3/8507
f 2333/1/8508 4451/2/8508 4449/3/8508
f 2331/1/8509 4451/2/8509 2333/3/8509
f 2331/1/8510 4452/2/8510 4451/3/8510
f 4450/1/8507 4453/2/8507 4448/3/8507
f 2329/1/8511 4452/2/8511 2331/3/8511
f 4392/1/8512 4453/2/8512 4450/3/8512
f 2325/1/8513 4393/2/8513 2327/3/8513
f 4456/1/8514 4919/2/8514 4737/3/8514
f 4737/1/8515 4919/2/8515 4457/3/8515
f 4922/1/8516 4461/2/8516 4465/3/8516
f 4799/1/8517 4464/2/8517 4730/3/8517
f 4424/1/8518 4471/2/8518 4472/3/8518
f 4632/1/8519 4473/2/8519 4474/3/8519
f 4607/1/8520 4631/2/8520 4475/3/8520
f 4476/1/8521 4533/2/8521 4513/3/8521
f 4481/1/8522 4461/2/8522 4455/3/8522
f 4455/1/8523 4461/2/8523 4922/3/8523
f 4454/1/8524 4481/2/8524 4455/3/8524
f 4482/1/8525 4483/2/8525 4899/3/8525
f 4899/1/8526 4483/2/8526 4484/3/8526
f 4486/1/8527 4473/2/8527 4632/3/8527
f 4785/1/8528 4487/2/8528 4480/3/8528
f 4488/1/8529 4492/2/8529 4485/3/8529
f 5145/1/8530 4492/2/8530 4488/3/8530
f 4489/1/8531 4481/2/8531 4454/3/8531
f 4479/1/8532 4480/2/8532 4477/3/8532
f 4513/1/8533 4533/2/8533 4490/3/8533
f 2986/1/8534 4459/2/8534 2747/3/8534
f 4493/1/8535 4494/2/8535 4884/3/8535
f 4481/1/8536 4495/2/8536 4461/3/8536
f 4467/1/8537 4496/2/8537 4482/3/8537
f 4482/1/8538 4496/2/8538 4483/3/8538
f 4473/1/8539 4499/2/8539 4474/3/8539
f 4473/1/8540 4500/2/8540 4499/3/8540
f 4498/1/8541 4503/2/8541 4497/3/8541
f 4506/1/8542 4503/2/8542 4505/3/8542
f 4502/1/8543 4500/2/8543 4473/3/8543
f 2986/1/8544 2991/2/8544 4459/3/8544
f 4480/1/8545 4545/2/8545 4477/3/8545
f 4505/1/8546 4508/2/8546 4506/3/8546
f 4467/1/8547 4510/2/8547 4496/3/8547
f 4477/1/8548 4510/2/8548 4467/3/8548
f 2991/1/8549 2996/2/8549 4458/3/8549
f 4487/1/8550 4545/2/8550 4480/3/8550
f 4504/1/8551 4509/2/8551 4508/3/8551
f 5084/1/8552 4508/2/8552 4511/3/8552
f 4511/1/8553 4508/2/8553 4509/3/8553
f 4898/1/8554 2307/2/8554 4506/3/8554
f 4400/1/8555 4512/2/8555 4402/3/8555
f 4476/1/8556 4513/2/8556 4514/3/8556
f 3980/1/8557 4515/2/8557 3903/3/8557
f 3980/1/8558 4517/2/8558 4516/3/8558
f 4496/1/8559 4547/2/8559 4483/3/8559
f 4519/1/8560 4518/2/8560 4651/3/8560
f 4527/1/8561 4520/2/8561 4490/3/8561
f 4487/1/8562 4557/2/8562 4545/3/8562
f 4523/1/8563 4522/2/8563 4524/3/8563
f 4914/1/8564 2996/2/8564 2474/3/8564
f 4519/1/8565 4526/2/8565 4518/3/8565
f 4502/1/8566 4529/2/8566 4500/3/8566
f 4490/1/8567 4533/2/8567 4527/3/8567
f 4531/1/8568 4532/2/8568 4528/3/8568
f 4521/1/8569 4528/2/8569 4530/3/8569
f 4483/1/8570 4535/2/8570 4484/3/8570
f 4484/1/8571 4535/2/8571 4525/3/8571
f 4522/1/8572 4534/2/8572 4536/3/8572
f 4537/1/8573 4536/2/8573 4534/3/8573
f 4539/1/8574 4538/2/8574 4540/3/8574
f 4519/1/8575 4541/2/8575 4526/3/8575
f 4496/1/8576 4542/2/8576 4547/3/8576
f 4510/1/8577 4542/2/8577 4496/3/8577
f 4526/1/8578 4541/2/8578 4543/3/8578
f 4541/1/8579 4548/2/8579 4543/3/8579
f 4549/1/8580 4547/2/8580 4542/3/8580
f 4545/1/8581 4550/2/8581 4510/3/8581
f 4530/1/8582 4551/2/8582 4544/3/8582
f 4538/1/8583 4546/2/8583 4552/3/8583
f 4698/1/8584 4551/2/8584 4530/3/8584
f 4532/1/8585 4553/2/8585 4554/3/8585
f 4510/1/8586 4550/2/8586 4542/3/8586
f 4545/1/8587 4555/2/8587 4550/3/8587
f 4557/1/8588 4558/2/8588 4545/3/8588
f 4559/1/8589 4525/2/8589 4560/3/8589
f 4533/1/8590 4525/2/8590 4559/3/8590
f 4086/1/8591 4099/2/8591 4561/3/8591
f 4698/1/8592 4554/2/8592 4562/3/8592
f 4839/1/8593 4563/2/8593 4564/3/8593
f 4545/1/8594 4558/2/8594 4555/3/8594
f 4561/1/8595 4556/2/8595 4546/3/8595
f 4543/1/8596 4566/2/8596 4567/3/8596
f 4558/1/8597 4570/2/8597 4555/3/8597
f 4564/1/8598 4571/2/8598 4565/3/8598
f 4553/1/8599 4574/2/8599 4554/3/8599
f 4552/1/8600 4574/2/8600 4553/3/8600
f 4554/1/8601 4585/2/8601 4562/3/8601
f 4574/1/8602 4585/2/8602 4554/3/8602
f 4572/1/8603 4559/2/8603 4600/3/8603
f 4575/1/8604 4578/2/8604 4566/3/8604
f 4570/1/8605 4579/2/8605 4555/3/8605
f 4561/1/8606 4152/2/8606 4582/3/8606
f 4580/1/8607 4578/2/8607 4575/3/8607
f 4566/1/8608 4578/2/8608 4583/3/8608
f 4590/1/8609 4585/2/8609 4574/3/8609
f 4581/1/8610 4586/2/8610 4570/3/8610
f 4152/1/8611 4172/2/8611 4582/3/8611
f 4573/1/8612 4577/2/8612 4621/3/8612
f 4584/1/8613 4607/2/8613 4909/3/8613
f 4405/1/8614 4591/2/8614 4411/3/8614
f 4585/1/8615 4594/2/8615 4562/3/8615
f 4585/1/8616 4595/2/8616 4594/3/8616
f 4471/1/8617 4497/2/8617 4472/3/8617
f 4562/1/8618 4594/2/8618 4588/3/8618
f 4585/1/8619 4597/2/8619 4595/3/8619
f 4587/1/8620 4600/2/8620 4601/3/8620
f 4604/1/8621 4603/2/8621 4716/3/8621
f 4424/1/8622 4472/2/8622 4429/3/8622
f 4606/1/8623 4582/2/8623 4589/3/8623
f 4589/1/8624 4582/2/8624 4172/3/8624
f 4411/1/8625 4591/2/8625 4652/3/8625
f 4578/1/8626 4602/2/8626 4583/3/8626
f 4612/1/8627 4602/2/8627 4578/3/8627
f 4472/1/8628 4497/2/8628 4609/3/8628
f 4593/1/8629 4611/2/8629 4612/3/8629
f 4599/1/8630 4611/2/8630 4593/3/8630
f 4601/1/8631 4613/2/8631 4587/3/8631
f 4609/1/8632 4429/2/8632 4472/3/8632
f 4583/1/8633 4614/2/8633 4596/3/8633
f 4602/1/8634 4614/2/8634 4583/3/8634
f 4615/1/8635 4608/2/8635 4607/3/8635
f 4603/1/8636 4617/2/8636 4910/3/8636
f 4618/1/8637 4619/2/8637 4605/3/8637
f 4606/1/8638 4615/2/8638 4582/3/8638
f 4591/1/8639 4613/2/8639 4652/3/8639
f 4608/1/8640 4615/2/8640 4806/3/8640
f 4429/1/8641 4609/2/8641 2304/3/8641
f 4625/1/8642 4475/2/8642 4635/3/8642
f 4612/1/8643 4611/2/8643 4624/3/8643
f 4604/1/8644 4617/2/8644 4603/3/8644
f 2307/1/8645 4609/2/8645 4506/3/8645
f 2304/1/8646 4609/2/8646 2307/3/8646
f 4627/1/8647 4611/2/8647 4599/3/8647
f 4615/1/8648 4606/2/8648 4628/3/8648
f 4608/1/8649 4629/2/8649 4631/3/8649
f 4806/1/8650 4629/2/8650 4608/3/8650
f 4619/1/8651 4618/2/8651 4622/3/8651
f 4614/1/8652 4630/2/8652 4634/3/8652
f 4475/1/8653 4631/2/8653 4635/3/8653
f 4622/1/8654 4618/2/8654 4636/3/8654
f 4637/1/8655 4618/2/8655 4605/3/8655
f 4638/1/8656 4639/2/8656 4642/3/8656
f 4644/1/8657 4626/2/8657 4645/3/8657
f 4616/1/8658 4617/2/8658 4647/3/8658
f 4648/1/8659 4627/2/8659 4830/3/8659
f 4515/1/8660 3980/2/8660 4516/3/8660
f 4642/1/8661 4639/2/8661 4649/3/8661
f 4631/1/8662 4629/2/8662 4650/3/8662
f 4639/1/8663 4651/2/8663 4649/3/8663
f 4639/1/8664 4646/2/8664 4651/3/8664
f 4604/1/8665 4654/2/8665 4643/3/8665
f 4641/1/8666 4654/2/8666 4604/3/8666
f 4671/1/8667 4654/2/8667 4641/3/8667
f 4628/1/8668 4629/2/8668 4806/3/8668
f 4517/1/8669 4655/2/8669 4516/3/8669
f 4630/1/8670 4656/2/8670 4634/3/8670
f 4646/1/8671 4655/2/8671 4521/3/8671
f 4624/1/8672 4658/2/8672 4630/3/8672
f 4004/1/8673 4517/2/8673 3980/3/8673
f 4628/1/8674 4650/2/8674 4629/3/8674
f 4521/1/8675 4651/2/8675 4646/3/8675
f 4635/1/8676 4659/2/8676 4662/3/8676
f 4637/1/8677 4660/2/8677 4661/3/8677
f 4655/1/8678 4517/2/8678 4531/3/8678
f 4604/1/8679 4643/2/8679 4617/3/8679
f 4617/1/8680 4643/2/8680 4647/3/8680
f 4649/1/8681 4651/2/8681 4518/3/8681
f 4004/1/8682 4663/2/8682 4517/3/8682
f 4616/1/8683 4664/2/8683 4913/3/8683
f 4913/1/8684 4664/2/8684 4462/3/8684
f 4665/1/8685 4657/2/8685 4648/3/8685
f 4517/1/8686 4663/2/8686 4531/3/8686
f 4020/1/8687 4663/2/8687 4004/3/8687
f 4650/1/8688 4659/2/8688 4631/3/8688
f 4652/1/8689 4486/2/8689 4632/3/8689
f 4484/1/8690 4533/2/8690 4476/3/8690
f 4531/1/8691 4663/2/8691 4540/3/8691
f 4682/1/8692 4659/2/8692 2700/3/8692
f 2700/1/8693 4659/2/8693 4650/3/8693
f 4666/1/8694 4486/2/8694 4613/3/8694
f 4333/1/8695 3909/2/8695 4450/3/8695
f 2700/1/8696 4650/2/8696 2667/3/8696
f 3909/1/8697 4672/2/8697 4450/3/8697
f 4651/1/8698 4521/2/8698 4519/3/8698
f 4645/1/8699 4667/2/8699 4644/3/8699
f 3908/1/8700 3975/2/8700 3909/3/8700
f 4655/1/8701 4531/2/8701 4521/3/8701
f 4659/1/8702 4669/2/8702 4662/3/8702
f 4521/1/8703 4531/2/8703 4528/3/8703
f 3909/1/8704 3975/2/8704 4672/3/8704
f 4670/1/8705 4676/2/8705 4654/3/8705
f 4657/1/8706 4665/2/8706 4673/3/8706
f 4020/1/8707 4539/2/8707 4663/3/8707
f 4674/1/8708 4918/2/8708 4675/3/8708
f 4678/1/8709 4645/2/8709 4669/3/8709
f 4531/1/8710 4540/2/8710 4532/3/8710
f 4671/1/8711 4918/2/8711 4670/3/8711
f 4450/1/8712 4672/2/8712 4679/3/8712
f 4450/1/8713 4679/2/8713 4392/3/8713
f 4521/1/8714 4530/2/8714 4519/3/8714
f 4699/1/8715 4668/2/8715 4673/3/8715
f 4484/1/8716 4525/2/8716 4533/3/8716
f 4678/1/8717 4669/2/8717 4682/3/8717
f 4672/1/8718 4683/2/8718 4679/3/8718
f 3975/1/8719 4685/2/8719 4672/3/8719
f 4656/1/8720 4668/2/8720 4684/3/8720
f 4663/1/8721 4539/2/8721 4540/3/8721
f 4676/1/8722 4670/2/8722 4677/3/8722
f 3975/1/8723 4687/2/8723 4685/3/8723
f 4682/1/8724 2700/2/8724 2698/3/8724
f 4558/1/8725 4557/2/8725 4689/3/8725
f 4689/1/8726 4557/2/8726 4863/3/8726
f 4688/1/8727 4681/2/8727 4680/3/8727
f 3983/1/8728 4687/2/8728 3975/3/8728
f 4694/1/8729 4693/2/8729 4665/3/8729
f 4665/1/8730 4693/2/8730 4708/3/8730
f 4392/1/8731 4679/2/8731 4692/3/8731
f 4405/1/8732 4520/2/8732 4569/3/8732
f 4680/1/8733 4695/2/8733 4688/3/8733
f 4020/1/8734 4086/2/8734 4539/3/8734
f 4540/1/8735 4538/2/8735 4532/3/8735
f 4007/1/8736 4697/2/8736 3983/3/8736
f 3983/1/8737 4697/2/8737 4687/3/8737
f 4532/1/8738 4698/2/8738 4528/3/8738
f 4677/1/8739 4710/2/8739 4676/3/8739
f 4528/1/8740 4698/2/8740 4530/3/8740
f 4679/1/8741 4701/2/8741 4692/3/8741
f 4539/1/8742 4086/2/8742 4538/3/8742
f 4520/1/8743 4527/2/8743 4569/3/8743
f 4519/1/8744 4544/2/8744 4541/3/8744
f 4530/1/8745 4544/2/8745 4519/3/8745
f 4692/1/8746 4396/2/8746 4392/3/8746
f 4683/1/8747 4701/2/8747 4679/3/8747
f 4523/1/8748 4524/2/8748 4700/3/8748
f 4703/1/8749 4677/2/8749 4670/3/8749
f 4086/1/8750 4546/2/8750 4538/3/8750
f 4668/1/8751 4699/2/8751 4684/3/8751
f 4552/1/8752 4553/2/8752 4538/3/8752
f 4538/1/8753 4553/2/8753 4532/3/8753
f 4685/1/8754 4687/2/8754 4704/3/8754
f 4533/1/8755 4559/2/8755 4527/3/8755
f 4458/1/8756 4705/2/8756 4459/3/8756
f 4756/1/8757 4694/2/8757 4706/3/8757
f 4690/1/8758 4723/2/8758 4691/3/8758
f 4683/1/8759 4702/2/8759 4701/3/8759
f 4573/1/8760 4525/2/8760 4535/3/8760
f 4544/1/8761 4707/2/8761 4541/3/8761
f 4673/1/8762 4708/2/8762 4699/3/8762
f 4688/1/8763 4712/2/8763 4681/3/8763
f 4086/1/8764 4561/2/8764 4546/3/8764
f 4690/1/8765 4713/2/8765 4723/3/8765
f 4682/1/8766 2747/2/8766 4678/3/8766
f 4098/1/8767 4714/2/8767 4007/3/8767
f 2698/1/8768 2747/2/8768 4682/3/8768
f 4550/1/8769 4549/2/8769 4542/3/8769
f 4458/1/8770 4457/2/8770 4705/3/8770
f 4550/1/8771 4603/2/8771 4549/3/8771
f 4555/1/8772 4603/2/8772 4550/3/8772
f 4396/1/8773 4692/2/8773 4709/3/8773
f 4603/1/8774 4555/2/8774 4716/3/8774
f 4687/1/8775 4733/2/8775 4704/3/8775
f 4717/1/8776 4708/2/8776 4693/3/8776
f 4677/1/8777 4721/2/8777 4710/3/8777
f 4701/1/8778 4715/2/8778 4692/3/8778
f 4586/1/8779 4579/2/8779 4570/3/8779
f 4555/1/8780 4579/2/8780 4716/3/8780
f 4716/1/8781 4579/2/8781 4722/3/8781
f 4586/1/8782 4724/2/8782 4579/3/8782
f 4726/1/8783 4723/2/8783 4713/3/8783
f 4569/1/8784 4591/2/8784 4405/3/8784
f 4901/1/8785 4724/2/8785 4586/3/8785
f 4702/1/8786 4728/2/8786 4701/3/8786
f 4701/1/8787 4728/2/8787 4715/3/8787
f 4721/1/8788 4730/2/8788 4710/3/8788
f 4710/1/8789 4730/2/8789 4731/3/8789
f 4575/1/8790 4720/2/8790 4580/3/8790
f 4579/1/8791 4724/2/8791 4722/3/8791
f 4901/1/8792 4596/2/8792 4724/3/8792
f 4732/1/8793 4729/2/8793 4738/3/8793
f 4732/1/8794 4734/2/8794 4729/3/8794
f 4735/1/8795 4734/2/8795 4732/3/8795
f 4708/1/8796 4717/2/8796 4736/3/8796
f 4685/1/8797 4683/2/8797 4672/3/8797
f 4704/1/8798 4683/2/8798 4685/3/8798
f 4583/1/8799 4596/2/8799 4901/3/8799
f 4704/1/8800 4702/2/8800 4683/3/8800
f 4714/1/8801 4697/2/8801 4007/3/8801
f 4572/1/8802 4600/2/8802 4587/3/8802
f 4687/1/8803 4697/2/8803 4711/3/8803
f 4720/1/8804 4593/2/8804 4580/3/8804
f 4714/1/8805 4711/2/8805 4697/3/8805
f 4702/1/8806 4704/2/8806 4733/3/8806
f 4687/1/8807 4747/2/8807 4733/3/8807
f 4738/1/8808 4739/2/8808 4737/3/8808
f 4711/1/8809 4714/2/8809 4740/3/8809
f 4098/1/8810 4740/2/8810 4714/3/8810
f 4596/1/8811 4742/2/8811 4724/3/8811
f 4733/1/8812 4728/2/8812 4702/3/8812
f 4741/1/8813 4734/2/8813 4735/3/8813
f 4744/1/8814 4730/2/8814 4721/3/8814
f 4728/1/8815 4733/2/8815 4746/3/8815
f 4711/1/8816 4740/2/8816 4743/3/8816
f 4743/1/8817 4740/2/8817 4745/3/8817
f 4143/1/8818 4745/2/8818 4740/3/8818
f 4743/1/8819 4747/2/8819 4711/3/8819
f 4687/1/8820 4711/2/8820 4747/3/8820
f 4741/1/8821 4725/2/8821 4734/3/8821
f 4234/1/8822 4745/2/8822 4143/3/8822
f 4752/1/8823 4753/2/8823 4748/3/8823
f 4143/1/8824 4740/2/8824 4098/3/8824
f 4745/1/8825 4749/2/8825 4743/3/8825
f 4755/1/8826 4725/2/8826 4741/3/8826
f 4580/1/8827 4593/2/8827 4578/3/8827
f 4745/1/8828 4758/2/8828 4757/3/8828
f 4234/1/8829 4758/2/8829 4745/3/8829
f 4736/1/8830 4717/2/8830 4764/3/8830
f 4749/1/8831 4757/2/8831 4754/3/8831
f 4745/1/8832 4757/2/8832 4749/3/8832
f 4593/1/8833 4612/2/8833 4578/3/8833
f 4236/1/8834 4589/2/8834 4200/3/8834
f 4723/1/8835 4460/2/8835 4727/3/8835
f 4799/1/8836 4730/2/8836 4744/3/8836
f 4757/1/8837 4759/2/8837 4754/3/8837
f 4755/1/8838 4756/2/8838 4725/3/8838
f 4760/1/8839 4759/2/8839 4758/3/8839
f 4727/1/8840 4752/2/8840 4748/3/8840
f 4758/1/8841 4759/2/8841 4757/3/8841
f 4754/1/8842 4759/2/8842 4761/3/8842
f 4716/1/8843 4722/2/8843 4641/3/8843
f 4731/1/8844 4762/2/8844 4726/3/8844
f 4264/1/8845 4760/2/8845 4758/3/8845
f 4692/1/8846 4715/2/8846 4709/3/8846
f 4587/1/8847 4613/2/8847 4591/3/8847
f 4765/1/8848 4759/2/8848 4760/3/8848
f 4736/1/8849 4764/2/8849 4751/3/8849
f 4730/1/8850 4464/2/8850 4731/3/8850
f 4731/1/8851 4464/2/8851 4762/3/8851
f 4768/1/8852 4761/2/8852 4759/3/8852
f 4794/1/8853 4763/2/8853 4750/3/8853
f 4771/1/8854 4717/2/8854 4755/3/8854
f 4765/1/8855 4768/2/8855 4759/3/8855
f 4363/1/8856 4769/2/8856 4772/3/8856
f 4753/1/8857 4752/2/8857 4537/3/8857
f 4770/1/8858 4765/2/8858 4760/3/8858
f 4760/1/8859 4772/2/8859 4770/3/8859
f 4236/1/8860 4620/2/8860 4589/3/8860
f 4560/1/8861 4623/2/8861 4600/3/8861
f 4717/1/8862 4771/2/8862 4764/3/8862
f 4600/1/8863 4623/2/8863 4601/3/8863
f 4502/1/8864 4774/2/8864 4529/3/8864
f 4638/1/8865 4772/2/8865 4769/3/8865
f 4642/1/8866 4770/2/8866 4772/3/8866
f 4724/1/8867 4640/2/8867 4722/3/8867
f 4742/1/8868 4640/2/8868 4724/3/8868
f 4763/1/8869 4776/2/8869 4767/3/8869
f 4773/1/8870 4776/2/8870 4763/3/8870
f 4769/1/8871 4386/2/8871 4638/3/8871
f 4733/1/8872 4747/2/8872 4746/3/8872
f 4775/1/8873 4764/2/8873 4771/3/8873
f 4765/1/8874 4778/2/8874 4777/3/8874
f 4638/1/8875 4642/2/8875 4772/3/8875
f 4767/1/8876 4776/2/8876 4781/3/8876
f 4524/1/8877 4783/2/8877 4774/3/8877
f 4573/1/8878 4623/2/8878 4560/3/8878
f 4589/1/8879 4620/2/8879 4606/3/8879
f 4784/1/8880 4764/2/8880 4775/3/8880
f 4774/1/8881 4783/2/8881 4529/3/8881
f 4786/1/8882 4770/2/8882 4642/3/8882
f 4787/1/8883 4788/2/8883 4782/3/8883
f 4789/1/8884 4781/2/8884 4776/3/8884
f 4709/1/8885 4790/2/8885 4396/3/8885
f 4716/1/8886 4641/2/8886 4604/3/8886
f 4417/1/8887 4782/2/8887 4419/3/8887
f 4573/1/8888 4791/2/8888 4623/3/8888
f 4621/1/8889 4791/2/8889 4573/3/8889
f 4770/1/8890 4786/2/8890 4778/3/8890
f 4386/1/8891 4639/2/8891 4638/3/8891
f 4777/1/8892 4785/2/8892 4908/3/8892
f 4764/1/8893 4784/2/8893 4794/3/8893
f 4789/1/8894 4795/2/8894 4781/3/8894
f 4709/1/8895 4715/2/8895 4790/3/8895
f 4610/1/8896 4622/2/8896 4599/3/8896
f 4777/1/8897 4780/2/8897 4785/3/8897
f 4728/1/8898 4797/2/8898 4715/3/8898
f 4777/1/8899 4800/2/8899 4780/3/8899
f 4778/1/8900 4800/2/8900 4777/3/8900
f 4460/1/8901 4793/2/8901 4779/3/8901
f 4236/1/8902 4267/2/8902 4620/3/8902
f 4524/1/8903 4801/2/8903 4783/3/8903
f 4388/1/8904 4515/2/8904 4386/3/8904
f 3903/1/8905 4515/2/8905 4388/3/8905
f 4784/1/8906 4803/2/8906 4794/3/8906
f 4640/1/8907 4641/2/8907 4722/3/8907
f 4386/1/8908 4515/2/8908 4639/3/8908
f 4806/1/8909 4615/2/8909 4628/3/8909
f 4622/1/8910 4808/2/8910 4599/3/8910
f 4809/1/8911 4796/2/8911 4810/3/8911
f 4522/1/8912 4801/2/8912 4524/3/8912
f 4620/1/8913 4628/2/8913 4606/3/8913
f 4803/1/8914 4811/2/8914 4773/3/8914
f 4787/1/8915 4812/2/8915 4802/3/8915
f 4642/1/8916 4649/2/8916 4786/3/8916
f 4628/1/8917 4620/2/8917 4653/3/8917
f 4798/1/8918 4820/2/8918 4779/3/8918
f 4779/1/8919 4820/2/8919 4792/3/8919
f 4598/1/8920 4791/2/8920 4621/3/8920
f 4728/1/8921 4746/2/8921 4797/3/8921
f 4778/1/8922 4786/2/8922 4800/3/8922
f 4989/1/8923 4811/2/8923 4803/3/8923
f 4522/1/8924 4536/2/8924 4801/3/8924
f 4515/1/8925 4646/2/8925 4639/3/8925
f 4396/1/8926 4790/2/8926 4805/3/8926
f 4537/1/8927 4816/2/8927 4807/3/8927
f 4516/1/8928 4646/2/8928 4515/3/8928
f 4792/1/8929 4816/2/8929 4537/3/8929
f 4820/1/8930 4816/2/8930 4792/3/8930
f 4599/1/8931 4830/2/8931 4627/3/8931
f 4782/1/8932 4788/2/8932 4419/3/8932
f 4808/1/8933 4830/2/8933 4599/3/8933
f 4267/1/8934 4276/2/8934 4822/3/8934
f 4396/1/8935 4805/2/8935 4400/3/8935
f 4811/1/8936 4824/2/8936 4789/3/8936
f 4989/1/8937 4824/2/8937 4811/3/8937
f 4598/1/8938 4817/2/8938 4791/3/8938
f 4787/1/8939 4804/2/8939 4788/3/8939
f 4802/1/8940 4804/2/8940 4787/3/8940
f 4801/1/8941 4469/2/8941 4783/3/8941
f 4636/1/8942 4808/2/8942 4622/3/8942
f 4623/1/8943 4613/2/8943 4601/3/8943
f 4800/1/8944 4819/2/8944 4780/3/8944
f 4780/1/8945 4487/2/8945 4785/3/8945
f 4824/1/8946 4827/2/8946 4789/3/8946
f 4822/1/8947 4276/2/8947 2781/3/8947
f 4715/1/8948 4828/2/8948 4790/3/8948
f 4536/1/8949 4825/2/8949 4801/3/8949
f 4801/1/8950 4825/2/8950 4469/3/8950
f 4804/1/8951 4818/2/8951 4788/3/8951
f 4813/1/8952 4812/2/8952 4529/3/8952
f 4830/1/8953 4808/2/8953 4636/3/8953
f 4829/1/8954 4823/2/8954 4852/3/8954
f 4852/1/8955 4823/2/8955 4838/3/8955
f 4831/1/8956 4812/2/8956 4813/3/8956
f 4823/1/8957 4809/2/8957 4838/3/8957
f 4598/1/8958 4462/2/8958 4817/3/8958
f 4913/1/8959 4462/2/8959 4598/3/8959
f 4832/1/8960 4821/2/8960 4833/3/8960
f 4833/1/8961 4821/2/8961 4829/3/8961
f 4825/1/8962 4807/2/8962 4834/3/8962
f 4536/1/8963 4807/2/8963 4825/3/8963
f 4815/1/8964 4836/2/8964 4468/3/8964
f 4831/1/8965 4802/2/8965 4812/3/8965
f 4715/1/8966 4797/2/8966 4828/3/8966
f 4649/1/8967 4826/2/8967 4786/3/8967
f 4788/1/8968 4818/2/8968 4419/3/8968
f 4835/1/8969 4468/2/8969 4836/3/8969
f 4518/1/8970 4826/2/8970 4649/3/8970
f 4837/1/8971 4468/2/8971 4843/3/8971
f 4512/1/8972 4490/2/8972 4520/3/8972
f 4837/1/8973 4838/2/8973 4810/3/8973
f 4786/1/8974 4819/2/8974 4800/3/8974
f 4694/1/8975 4648/2/8975 4830/3/8975
f 4826/1/8976 4819/2/8976 4786/3/8976
f 4807/1/8977 4840/2/8977 4834/3/8977
f 4834/1/8978 4840/2/8978 4839/3/8978
f 4780/1/8979 4819/2/8979 4487/3/8979
f 4516/1/8980 4655/2/8980 4646/3/8980
f 4802/1/8981 4841/2/8981 4804/3/8981
f 4813/1/8982 4470/2/8982 4831/3/8982
f 4402/1/8983 4520/2/8983 4405/3/8983
f 4264/1/8984 4758/2/8984 4234/3/8984
f 4804/1/8985 4842/2/8985 4818/3/8985
f 4825/1/8986 4845/2/8986 4469/3/8986
f 4661/1/8987 4846/2/8987 4636/3/8987
f 4747/1/8988 4881/2/8988 4746/3/8988
f 4847/1/8989 4819/2/8989 4826/3/8989
f 4837/1/8990 4843/2/8990 4849/3/8990
f 4746/1/8991 4848/2/8991 4797/3/8991
f 4802/1/8992 4831/2/8992 4841/3/8992
f 4613/1/8993 4486/2/8993 4652/3/8993
f 4846/1/8994 4850/2/8994 4636/3/8994
f 4852/1/8995 4851/2/8995 4833/3/8995
f 4838/1/8996 4851/2/8996 4852/3/8996
f 4853/1/8997 4834/2/8997 4839/3/8997
f 4839/1/8998 4840/2/8998 4854/3/8998
f 4818/1/8999 4855/2/8999 4419/3/8999
f 4837/1/9000 4849/2/9000 4838/3/9000
f 4858/1/9001 4833/2/9001 4851/3/9001
f 4818/1/9002 4859/2/9002 4855/3/9002
f 4653/1/9003 2828/2/9003 4628/3/9003
f 4681/1/9004 4846/2/9004 4680/3/9004
f 4749/1/9005 4754/2/9005 4743/3/9005
f 4844/1/9006 4856/2/9006 4470/3/9006
f 4470/1/9007 4856/2/9007 4831/3/9007
f 4462/1/9008 4664/2/9008 4861/3/9008
f 4838/1/9009 4857/2/9009 4851/3/9009
f 4849/1/9010 4857/2/9010 4838/3/9010
f 4842/1/9011 4859/2/9011 4818/3/9011
f 4647/1/9012 4691/2/9012 4616/3/9012
f 4616/1/9013 4691/2/9013 4664/3/9013
f 4856/1/9014 4841/2/9014 4831/3/9014
f 4921/1/9015 4841/2/9015 4856/3/9015
f 4636/1/9016 4850/2/9016 4830/3/9016
f 4869/1/9017 4844/2/9017 4845/3/9017
f 4565/1/9018 4860/2/9018 4853/3/9018
f 4628/1/9019 2667/2/9019 4650/3/9019
f 4862/1/9020 4851/2/9020 4857/3/9020
f 4842/1/9021 4865/2/9021 4859/3/9021
f 2828/1/9022 2667/2/9022 4628/3/9022
f 4419/1/9023 4855/2/9023 4424/3/9023
f 4876/1/9024 4866/2/9024 4867/3/9024
f 4869/1/9025 4873/2/9025 4844/3/9025
f 4844/1/9026 4864/2/9026 4856/3/9026
f 4526/1/9027 4826/2/9027 4518/3/9027
f 4868/1/9028 4851/2/9028 4862/3/9028
f 4797/1/9029 4848/2/9029 4872/3/9029
f 4623/1/9030 4666/2/9030 4613/3/9030
f 4870/1/9031 4666/2/9031 4623/3/9031
f 4743/1/9032 4766/2/9032 4747/3/9032
f 4847/1/9033 4863/2/9033 4819/3/9033
f 4747/1/9034 4766/2/9034 4881/3/9034
f 4858/1/9035 4867/2/9035 4866/3/9035
f 4526/1/9036 4847/2/9036 4826/3/9036
f 4851/1/9037 4867/2/9037 4858/3/9037
f 4477/1/9038 4545/2/9038 4510/3/9038
f 4681/1/9039 4850/2/9039 4846/3/9039
f 4868/1/9040 4867/2/9040 4851/3/9040
f 4565/1/9041 4869/2/9041 4860/3/9041
f 4871/1/9042 4863/2/9042 4847/3/9042
f 4797/1/9043 4872/2/9043 4828/3/9043
f 4850/1/9044 4696/2/9044 4830/3/9044
f 4819/1/9045 4863/2/9045 4487/3/9045
f 4830/1/9046 4696/2/9046 4694/3/9046
f 4875/1/9047 4867/2/9047 4868/3/9047
f 4876/1/9048 4867/2/9048 4875/3/9048
f 4855/1/9049 4877/2/9049 4424/3/9049
f 4694/1/9050 4665/2/9050 4648/3/9050
f 4471/1/9051 4424/2/9051 4877/3/9051
f 4859/1/9052 4877/2/9052 4855/3/9052
f 4706/1/9053 4850/2/9053 4681/3/9053
f 4696/1/9054 4850/2/9054 4706/3/9054
f 4873/1/9055 4878/2/9055 4874/3/9055
f 4487/1/9056 4863/2/9056 4557/3/9056
f 4923/1/9057 4878/2/9057 4565/3/9057
f 4865/1/9058 4465/2/9058 4859/3/9058
f 4874/1/9059 4879/2/9059 4873/3/9059
f 4873/1/9060 4879/2/9060 4864/3/9060
f 4486/1/9061 4666/2/9061 4686/3/9061
f 4746/1/9062 4881/2/9062 4848/3/9062
f 4879/1/9063 4880/2/9063 4864/3/9063
f 4571/1/9064 4876/2/9064 4882/3/9064
f 4882/1/9065 4876/2/9065 4875/3/9065
f 4664/1/9066 4691/2/9066 4861/3/9066
f 4861/1/9067 4691/2/9067 4883/3/9067
f 4647/1/9068 4690/2/9068 4691/3/9068
f 4643/1/9069 4690/2/9069 4647/3/9069
f 4526/1/9070 4543/2/9070 4847/3/9070
f 4847/1/9071 4543/2/9071 4871/3/9071
f 4571/1/9072 4882/2/9072 4885/3/9072
f 4886/1/9073 4666/2/9073 4870/3/9073
f 4877/1/9074 4491/2/9074 4471/3/9074
f 4874/1/9075 4492/2/9075 4887/3/9075
f 4923/1/9076 4492/2/9076 4878/3/9076
f 4878/1/9077 4492/2/9077 4874/3/9077
f 4465/1/9078 4491/2/9078 4877/3/9078
f 4923/1/9079 4485/2/9079 4492/3/9079
f 4754/1/9080 4766/2/9080 4743/3/9080
f 4871/1/9081 4689/2/9081 4863/3/9081
f 4400/1/9082 4805/2/9082 4512/3/9082
f 4885/1/9083 4485/2/9083 4571/3/9083
f 4887/1/9084 4493/2/9084 4874/3/9084
f 4883/1/9085 4691/2/9085 4723/3/9085
f 4879/1/9086 4493/2/9086 4884/3/9086
f 4828/1/9087 4888/2/9087 4790/3/9087
f 4463/1/9088 4861/2/9088 4748/3/9088
f 4462/1/9089 4861/2/9089 4463/3/9089
f 4334/1/9090 4760/2/9090 4264/3/9090
f 4871/1/9091 4543/2/9091 4689/3/9091
f 4471/1/9092 4491/2/9092 4497/3/9092
f 4454/1/9093 4494/2/9093 4489/3/9093
f 4491/1/9094 4498/2/9094 4497/3/9094
f 4465/1/9095 4498/2/9095 4491/3/9095
f 4884/1/9096 4494/2/9096 4454/3/9096
f 4463/1/9097 4890/2/9097 4478/3/9097
f 4887/1/9098 4889/2/9098 4493/3/9098
f 4461/1/9099 4505/2/9099 4498/3/9099
f 4495/1/9100 4505/2/9100 4461/3/9100
f 4501/1/9101 4489/2/9101 4494/3/9101
f 4886/1/9102 4478/2/9102 4666/3/9102
f 4489/1/9103 4891/2/9103 4481/3/9103
f 4481/1/9104 4891/2/9104 4495/3/9104
f 4754/1/9105 4761/2/9105 4766/3/9105
f 4493/1/9106 4892/2/9106 4494/3/9106
f 4505/1/9107 4495/2/9107 4504/3/9107
f 4892/1/9108 4493/2/9108 4889/3/9108
f 4495/1/9109 4891/2/9109 4504/3/9109
f 4892/1/9110 4893/2/9110 4494/3/9110
f 4411/1/9111 4474/2/9111 4417/3/9111
f 4570/1/9112 4558/2/9112 4581/3/9112
f 4686/1/9113 4478/2/9113 4700/3/9113
f 4666/1/9114 4478/2/9114 4686/3/9114
f 4689/1/9115 4581/2/9115 4558/3/9115
f 4567/1/9116 4581/2/9116 4689/3/9116
f 4503/1/9117 4498/2/9117 4505/3/9117
f 4881/1/9118 4895/2/9118 4848/3/9118
f 4494/1/9119 4894/2/9119 4501/3/9119
f 4893/1/9120 4894/2/9120 4494/3/9120
f 4505/1/9121 4504/2/9121 4508/3/9121
f 4527/1/9122 4587/2/9122 4569/3/9122
f 4891/1/9123 4507/2/9123 4504/3/9123
f 4489/1/9124 4507/2/9124 4891/3/9124
f 4543/1/9125 4567/2/9125 4689/3/9125
f 4894/1/9126 4896/2/9126 4501/3/9126
f 4861/1/9127 4883/2/9127 4748/3/9127
f 4748/1/9128 4883/2/9128 4727/3/9128
f 4497/1/9129 4503/2/9129 4609/3/9129
f 4507/1/9130 4501/2/9130 4896/3/9130
f 4334/1/9131 4363/2/9131 4760/3/9131
f 4748/1/9132 4890/2/9132 4463/3/9132
f 4790/1/9133 4514/2/9133 4805/3/9133
f 4504/1/9134 4507/2/9134 4509/3/9134
f 4890/1/9135 4897/2/9135 4478/3/9135
f 4527/1/9136 4572/2/9136 4587/3/9136
f 4609/1/9137 4503/2/9137 4506/3/9137
f 4508/1/9138 4898/2/9138 4506/3/9138
f 5084/1/9139 4898/2/9139 4508/3/9139
f 4883/1/9140 4723/2/9140 4727/3/9140
f 4828/1/9141 4899/2/9141 4888/3/9141
f 4547/1/9142 4900/2/9142 4483/3/9142
f 4483/1/9143 4900/2/9143 4535/3/9143
f 4901/1/9144 4581/2/9144 4567/3/9144
f 4805/1/9145 4513/2/9145 4512/3/9145
f 4473/1/9146 4686/2/9146 4502/3/9146
f 4486/1/9147 4686/2/9147 4473/3/9147
f 4712/1/9148 4756/2/9148 4706/3/9148
f 4902/1/9149 4703/2/9149 4718/3/9149
f 4900/1/9150 4577/2/9150 4535/3/9150
f 4535/1/9151 4577/2/9151 4573/3/9151
f 4566/1/9152 4901/2/9152 4567/3/9152
f 4541/1/9153 4568/2/9153 4548/3/9153
f 4688/1/9154 4734/2/9154 4712/3/9154
f 4729/1/9155 4734/2/9155 4688/3/9155
f 4532/1/9156 4554/2/9156 4698/3/9156
f 4474/1/9157 4499/2/9157 4417/3/9157
f 4902/1/9158 4721/2/9158 4703/3/9158
f 4559/1/9159 4572/2/9159 4527/3/9159
f 4790/1/9160 4888/2/9160 4514/3/9160
f 4543/1/9161 4548/2/9161 4566/3/9161
f 4541/1/9162 4707/2/9162 4568/3/9162
f 4901/1/9163 4586/2/9163 4581/3/9163
f 4562/1/9164 4576/2/9164 4698/3/9164
f 4478/1/9165 4523/2/9165 4700/3/9165
f 4897/1/9166 4523/2/9166 4478/3/9166
f 4698/1/9167 4576/2/9167 4551/3/9167
f 4872/1/9168 4899/2/9168 4828/3/9168
f 4903/1/9169 4899/2/9169 4872/3/9169
f 4458/1/9170 4459/2/9170 2991/3/9170
f 4547/1/9171 4577/2/9171 4900/3/9171
f 4551/1/9172 4576/2/9172 4904/3/9172
f 4583/1/9173 4901/2/9173 4566/3/9173
f 4763/1/9174 4905/2/9174 4750/3/9174
f 4566/1/9175 4568/2/9175 4575/3/9175
f 4548/1/9176 4568/2/9176 4566/3/9176
f 4099/1/9177 4152/2/9177 4561/3/9177
f 4549/1/9178 4577/2/9178 4547/3/9178
f 4881/1/9179 4906/2/9179 4895/3/9179
f 4766/1/9180 4906/2/9180 4881/3/9180
f 4761/1/9181 4908/2/9181 4766/3/9181
f 4907/1/9182 4576/2/9182 4588/3/9182
f 4763/1/9183 4719/2/9183 4905/3/9183
f 4588/1/9184 4576/2/9184 4562/3/9184
f 4574/1/9185 4909/2/9185 4590/3/9185
f 4552/1/9186 4909/2/9186 4574/3/9186
f 4573/1/9187 4560/2/9187 4525/3/9187
f 4781/1/9188 4721/2/9188 4902/3/9188
f 4911/1/9189 4592/2/9189 4568/3/9189
f 4568/1/9190 4592/2/9190 4720/3/9190
f 4712/1/9191 4725/2/9191 4756/3/9191
f 4363/1/9192 4772/2/9192 4760/3/9192
f 4559/1/9193 4560/2/9193 4600/3/9193
f 4719/1/9194 4767/2/9194 4718/3/9194
f 4561/1/9195 4582/2/9195 4584/3/9195
f 4848/1/9196 4903/2/9196 4872/3/9196
f 4589/1/9197 4172/2/9197 4200/3/9197
f 4549/1/9198 4910/2/9198 4577/3/9198
f 4744/1/9199 4721/2/9199 4781/3/9199
f 4805/1/9200 4514/2/9200 4513/3/9200
f 4590/1/9201 4597/2/9201 4585/3/9201
f 4763/1/9202 4767/2/9202 4719/3/9202
f 4599/1/9203 4593/2/9203 4592/3/9203
f 4592/1/9204 4593/2/9204 4720/3/9204
f 4582/1/9205 4607/2/9205 4584/3/9205
f 4386/1/9206 4769/2/9206 4366/3/9206
f 4366/1/9207 4769/2/9207 4363/3/9207
f 4710/1/9208 4731/2/9208 4726/3/9208
f 4577/1/9209 4598/2/9209 4621/3/9209
f 4594/1/9210 4605/2/9210 4588/3/9210
f 4587/1/9211 4591/2/9211 4569/3/9211
f 4523/1/9212 4897/2/9212 4522/3/9212
f 4767/1/9213 4902/2/9213 4718/3/9213
f 4603/1/9214 4910/2/9214 4549/3/9214
f 4615/1/9215 4607/2/9215 4582/3/9215
f 4595/1/9216 4597/2/9216 4625/3/9216
f 4890/1/9217 4753/2/9217 4897/3/9217
f 4748/1/9218 4753/2/9218 4890/3/9218
f 4599/1/9219 4912/2/9219 4610/3/9219
f 4592/1/9220 4912/2/9220 4599/3/9220
f 4605/1/9221 4619/2/9221 4588/3/9221
f 4596/1/9222 4614/2/9222 4742/3/9222
f 4738/1/9223 4737/2/9223 4914/3/9223
f 4595/1/9224 4915/2/9224 4594/3/9224
f 4594/1/9225 4915/2/9225 4605/3/9225
f 4700/1/9226 4774/2/9226 4686/3/9226
f 4895/1/9227 4916/2/9227 4848/3/9227
f 4686/1/9228 4774/2/9228 4502/3/9228
f 4848/1/9229 4916/2/9229 4903/3/9229
f 4617/1/9230 4616/2/9230 4910/3/9230
f 4761/1/9231 4768/2/9231 4908/3/9231
f 4597/1/9232 4475/2/9232 4625/3/9232
f 4781/1/9233 4902/2/9233 4767/3/9233
f 4787/1/9234 4782/2/9234 4499/3/9234
f 4499/1/9235 4782/2/9235 4417/3/9235
f 4915/1/9236 4595/2/9236 4626/3/9236
f 4622/1/9237 4610/2/9237 4619/3/9237
f 4897/1/9238 4753/2/9238 4522/3/9238
f 4626/1/9239 4595/2/9239 4625/3/9239
f 4614/1/9240 4602/2/9240 4630/3/9240
f 4633/1/9241 4915/2/9241 4626/3/9241
f 4605/1/9242 4915/2/9242 4637/3/9242
f 4611/1/9243 4627/2/9243 4624/3/9243
f 4766/1/9244 4908/2/9244 4906/3/9244
f 4612/1/9245 4624/2/9245 4602/3/9245
f 4914/1/9246 4737/2/9246 2996/3/9246
f 4700/1/9247 4524/2/9247 4774/3/9247
f 4633/1/9248 4637/2/9248 4915/3/9248
f 4795/1/9249 4744/2/9249 4781/3/9249
f 4751/1/9250 4794/2/9250 4750/3/9250
f 4522/1/9251 4753/2/9251 4534/3/9251
f 4657/1/9252 4627/2/9252 4648/3/9252
f 4641/1/9253 4640/2/9253 4671/3/9253
f 4795/1/9254 4799/2/9254 4744/3/9254
f 4671/1/9255 4640/2/9255 4634/3/9255
f 4626/1/9256 4644/2/9256 4633/3/9256
f 4627/1/9257 4657/2/9257 4624/3/9257
f 4917/1/9258 4633/2/9258 4644/3/9258
f 4637/1/9259 4633/2/9259 4917/3/9259
f 4625/1/9260 4662/2/9260 4626/3/9260
f 4626/1/9261 4662/2/9261 4645/3/9261
f 4500/1/9262 4787/2/9262 4499/3/9262
f 4635/1/9263 4631/2/9263 4659/3/9263
f 4618/1/9264 4661/2/9264 4636/3/9264
f 4637/1/9265 4661/2/9265 4618/3/9265
f 4751/1/9266 4764/2/9266 4794/3/9266
f 4660/1/9267 4637/2/9267 4917/3/9267
f 4657/1/9268 4658/2/9268 4624/3/9268
f 4630/1/9269 4658/2/9269 4656/3/9269
f 4918/1/9270 4634/2/9270 4656/3/9270
f 4656/1/9271 4658/2/9271 4668/3/9271
f 4668/1/9272 4658/2/9272 4657/3/9272
f 4753/1/9273 4537/2/9273 4534/3/9273
f 4794/1/9274 4803/2/9274 4763/3/9274
f 4895/1/9275 4479/2/9275 4916/3/9275
f 4906/1/9276 4479/2/9276 4895/3/9276
f 4654/1/9277 4671/2/9277 4670/3/9277
f 4803/1/9278 4773/2/9278 4763/3/9278
f 4918/1/9279 4656/2/9279 4675/3/9279
f 4660/1/9280 4917/2/9280 4919/3/9280
f 4500/1/9281 4529/2/9281 4787/3/9281
f 4846/1/9282 4660/2/9282 4680/3/9282
f 4661/1/9283 4660/2/9283 4846/3/9283
f 4768/1/9284 4777/2/9284 4908/3/9284
f 4654/1/9285 4676/2/9285 4643/3/9285
f 4765/1/9286 4777/2/9286 4768/3/9286
f 4773/1/9287 4789/2/9287 4776/3/9287
f 4662/1/9288 4669/2/9288 4645/3/9288
f 4770/1/9289 4778/2/9289 4765/3/9289
f 4620/1/9290 4920/2/9290 4653/3/9290
f 4773/1/9291 4811/2/9291 4789/3/9291
f 4657/1/9292 4673/2/9292 4668/3/9292
f 4267/1/9293 4920/2/9293 4620/3/9293
f 4789/1/9294 4815/2/9294 4795/3/9294
f 4411/1/9295 4652/2/9295 4632/3/9295
f 4916/1/9296 4467/2/9296 4903/3/9296
f 4669/1/9297 4659/2/9297 4682/3/9297
f 4660/1/9298 4919/2/9298 4680/3/9298
f 4680/1/9299 4919/2/9299 4695/3/9299
f 4537/1/9300 4807/2/9300 4536/3/9300
f 4684/1/9301 4675/2/9301 4656/3/9301
f 4674/1/9302 4675/2/9302 4684/3/9302
f 4903/1/9303 4482/2/9303 4899/3/9303
f 4459/1/9304 4645/2/9304 4678/3/9304
f 4821/1/9305 4816/2/9305 4820/3/9305
f 4815/1/9306 4468/2/9306 4466/3/9306
f 4459/1/9307 4667/2/9307 4645/3/9307
f 4705/1/9308 4919/2/9308 4667/3/9308
f 4705/1/9309 4667/2/9309 4459/3/9309
f 4643/1/9310 4710/2/9310 4690/3/9310
f 4676/1/9311 4710/2/9311 4643/3/9311
f 4456/1/9312 4695/2/9312 4919/3/9312
f 4665/1/9313 4708/2/9313 4673/3/9313
f 4267/1/9314 4822/2/9314 4920/3/9314
f 4674/1/9315 4703/2/9315 4918/3/9315
f 4918/1/9316 4703/2/9316 4670/3/9316
f 4821/1/9317 4832/2/9317 4816/3/9317
f 4688/1/9318 4695/2/9318 4456/3/9318
f 4696/1/9319 4706/2/9319 4694/3/9319
f 4816/1/9320 4832/2/9320 4840/3/9320
f 4718/1/9321 4703/2/9321 4674/3/9321
f 4852/1/9322 4833/2/9322 4829/3/9322
f 4681/1/9323 4712/2/9323 4706/3/9323
f 4905/1/9324 4684/2/9324 4699/3/9324
f 4718/1/9325 4674/2/9325 4719/3/9325
f 4710/1/9326 4713/2/9326 4690/3/9326
f 4684/1/9327 4719/2/9327 4674/3/9327
f 2845/1/9328 4822/2/9328 2780/3/9328
f 4920/1/9329 4822/2/9329 2845/3/9329
f 4693/1/9330 4694/2/9330 4756/3/9330
f 4905/1/9331 4719/2/9331 4684/3/9331
f 4721/1/9332 4677/2/9332 4703/3/9332
f 4854/1/9333 4840/2/9333 4832/3/9333
f 4456/1/9334 4739/2/9334 4688/3/9334
f 4688/1/9335 4739/2/9335 4729/3/9335
f 4866/1/9336 4832/2/9336 4833/3/9336
f 2828/1/9337 4920/2/9337 2845/3/9337
f 4791/1/9338 4870/2/9338 4623/3/9338
f 4906/1/9339 4785/2/9339 4479/3/9339
f 4908/1/9340 4785/2/9340 4906/3/9340
f 2828/1/9341 4653/2/9341 4920/3/9341
f 4726/1/9342 4713/2/9342 4710/3/9342
f 4678/1/9343 2747/2/9343 4459/3/9343
f 4708/1/9344 4751/2/9344 4699/3/9344
f 4833/1/9345 4858/2/9345 4866/3/9345
f 4866/1/9346 4854/2/9346 4832/3/9346
f 4905/1/9347 4699/2/9347 4750/3/9347
f 4737/1/9348 4457/2/9348 2996/3/9348
f 2996/1/9349 4457/2/9349 4458/3/9349
f 4708/1/9350 4736/2/9350 4751/3/9350
f 4563/1/9351 4854/2/9351 4866/3/9351
f 4712/1/9352 4734/2/9352 4725/3/9352
f 4839/1/9353 4854/2/9353 4563/3/9353
f 4903/1/9354 4467/2/9354 4482/3/9354
f 4737/1/9355 4739/2/9355 4456/3/9355
f 4699/1/9356 4751/2/9356 4750/3/9356
f 4839/1/9357 4564/2/9357 4853/3/9357
f 4739/1/9358 4738/2/9358 4729/3/9358
f 4717/1/9359 4756/2/9359 4755/3/9359
f 4693/1/9360 4756/2/9360 4717/3/9360
f 4726/1/9361 4460/2/9361 4723/3/9361
f 4856/1/9015 4864/2/9015 4921/3/9015
f 4752/1/9362 4460/2/9362 4779/3/9362
f 4727/1/9363 4460/2/9363 4752/3/9363
f 4779/1/9364 4792/2/9364 4752/3/9364
f 4793/1/9365 4460/2/9365 4762/3/9365
f 4860/1/9366 4869/2/9366 4845/3/9366
f 4762/1/9367 4460/2/9367 4726/3/9367
f 4792/1/9368 4537/2/9368 4752/3/9368
f 4565/1/9369 4853/2/9369 4564/3/9369
f 4796/1/9370 4814/2/9370 4464/3/9370
f 4464/1/9371 4814/2/9371 4762/3/9371
f 4796/1/9372 4799/2/9372 4466/3/9372
f 4888/1/9373 4476/2/9373 4514/3/9373
f 4464/1/9374 4799/2/9374 4796/3/9374
f 4762/1/9375 4814/2/9375 4793/3/9375
f 4791/1/9376 4886/2/9376 4870/3/9376
f 4866/1/9377 4876/2/9377 4563/3/9377
f 4793/1/9378 4814/2/9378 4798/3/9378
f 4841/1/9379 4921/2/9379 4865/3/9379
f 4798/1/9380 4814/2/9380 4823/3/9380
f 4823/1/9381 4814/2/9381 4809/3/9381
f 4814/1/9382 4796/2/9382 4809/3/9382
f 4469/1/9383 4529/2/9383 4783/3/9383
f 4813/1/9384 4529/2/9384 4469/3/9384
f 4795/1/9385 4466/2/9385 4799/3/9385
f 4529/1/9386 4812/2/9386 4787/3/9386
f 4793/1/9387 4798/2/9387 4779/3/9387
f 4815/1/9388 4466/2/9388 4795/3/9388
f 4817/1/9389 4886/2/9389 4791/3/9389
f 4821/1/9390 4798/2/9390 4829/3/9390
f 4820/1/9391 4798/2/9391 4821/3/9391
f 4789/1/9392 4827/2/9392 4815/3/9392
f 4466/1/9393 4810/2/9393 4796/3/9393
f 4921/1/9394 4922/2/9394 4865/3/9394
f 4823/1/9395 4829/2/9395 4798/3/9395
f 4815/1/9396 4827/2/9396 4836/3/9396
f 4571/1/9397 4923/2/9397 4565/3/9397
f 4836/1/9398 4827/2/9398 4824/3/9398
f 4838/1/9399 4809/2/9399 4810/3/9399
f 4466/1/9400 4468/2/9400 4810/3/9400
f 4810/1/9401 4468/2/9401 4837/3/9401
f 4563/1/9402 4571/2/9402 4564/3/9402
f 4876/1/9403 4571/2/9403 4563/3/9403
f 4840/1/9404 4807/2/9404 4816/3/9404
f 4843/1/9405 4468/2/9405 4835/3/9405
f 4632/1/9406 4474/2/9406 4411/3/9406
f 4834/1/9407 4845/2/9407 4825/3/9407
f 4469/1/9408 4470/2/9408 4813/3/9408
f 4844/1/9409 4470/2/9409 4845/3/9409
f 4845/1/9410 4470/2/9410 4469/3/9410
f 4455/1/9411 4922/2/9411 4921/3/9411
f 4841/1/9412 4842/2/9412 4804/3/9412
f 4865/1/9413 4842/2/9413 4841/3/9413
f 4864/1/9414 4880/2/9414 4921/3/9414
f 4834/1/9415 4860/2/9415 4845/3/9415
f 4853/1/9416 4860/2/9416 4834/3/9416
f 4864/1/9417 4844/2/9417 4873/3/9417
f 4512/1/9418 4520/2/9418 4402/3/9418
f 4565/1/9419 4878/2/9419 4869/3/9419
f 4869/1/9420 4878/2/9420 4873/3/9420
f 4859/1/9421 4465/2/9421 4877/3/9421
f 4817/1/9422 4463/2/9422 4886/3/9422
f 4879/1/9423 4884/2/9423 4880/3/9423
f 4462/1/9424 4463/2/9424 4817/3/9424
f 4493/1/9425 4879/2/9425 4874/3/9425
f 4465/1/9426 4461/2/9426 4498/3/9426
f 5145/1/9427 4924/2/9427 4492/3/9427
f 4492/1/9428 4924/2/9428 4887/3/9428
f 4512/1/9429 4513/2/9429 4490/3/9429
f 4887/1/9430 4924/2/9430 4889/3/9430
f 4888/1/9431 4484/2/9431 4476/3/9431
f 4501/1/9432 4507/2/9432 4489/3/9432
f 4899/1/9433 4484/2/9433 4888/3/9433
f 4544/1/9434 4904/2/9434 4707/3/9434
f 4551/1/9435 4904/2/9435 4544/3/9435
f 4546/1/9436 4556/2/9436 4552/3/9436
f 4584/1/9437 4556/2/9437 4561/3/9437
f 4909/1/9438 4552/2/9438 4556/3/9438
f 4909/1/9439 4556/2/9439 4584/3/9439
f 4911/1/9440 4568/2/9440 4707/3/9440
f 4916/1/9441 4477/2/9441 4467/3/9441
f 4904/1/9442 4907/2/9442 4707/3/9442
f 4479/1/9443 4477/2/9443 4916/3/9443
f 4707/1/9444 4907/2/9444 4911/3/9444
f 4576/1/9445 4907/2/9445 4904/3/9445
f 4568/1/9446 4720/2/9446 4575/3/9446
f 4911/1/9447 4907/2/9447 4588/3/9447
f 4865/1/9448 4922/2/9448 4465/3/9448
f 4911/1/9449 4912/2/9449 4592/3/9449
f 4911/1/9450 4588/2/9450 4912/3/9450
f 4785/1/9451 4480/2/9451 4479/3/9451
f 4909/1/9452 4607/2/9452 4590/3/9452
f 4590/1/9453 4607/2/9453 4475/3/9453
f 4619/1/9454 4912/2/9454 4588/3/9454
f 4616/1/9455 4913/2/9455 4910/3/9455
f 4577/1/9456 4913/2/9456 4598/3/9456
f 4910/1/9457 4913/2/9457 4577/3/9457
f 4590/1/9458 4475/2/9458 4597/3/9458
f 4619/1/9459 4610/2/9459 4912/3/9459
f 4880/1/9460 4454/2/9460 4921/3/9460
f 4640/1/9461 4742/2/9461 4634/3/9461
f 4634/1/9462 4742/2/9462 4614/3/9462
f 4921/1/9463 4454/2/9463 4455/3/9463
f 4608/1/9464 4631/2/9464 4607/3/9464
f 4624/1/9465 4630/2/9465 4602/3/9465
f 4463/1/9466 4478/2/9466 4886/3/9466
f 4662/1/9467 4625/2/9467 4635/3/9467
f 4918/1/9468 4671/2/9468 4634/3/9468
f 4454/1/9469 4880/2/9469 4884/3/9469
f 4644/1/9470 4667/2/9470 4917/3/9470
f 4571/1/9471 4485/2/9471 4923/3/9471
f 4917/1/9472 4667/2/9472 4919/3/9472
f 4457/1/9473 4919/2/9473 4705/3/9473
f 4929/1/9474 4930/2/9474 2360/3/9474
f 4931/1/9475 4929/2/9475 4932/3/9475
f 4930/1/9476 4929/2/9476 4928/3/9476
f 4933/1/9477 4927/2/9477 4926/3/9477
f 5161/1/9478 5162/2/9478 4940/3/9478
f 4934/1/9479 4958/2/9479 4771/3/9479
f 4935/1/9480 4947/2/9480 4942/3/9480
f 4952/1/9481 4940/2/9481 5162/3/9481
f 4950/1/9482 2369/2/9482 4946/3/9482
f 4945/1/9483 4944/2/9483 4941/3/9483
f 2360/1/9484 2369/2/9484 4950/3/9484
f 4929/1/9485 4931/2/9485 4928/3/9485
f 4927/1/9486 4948/2/9486 5162/3/9486
f 4932/1/9487 4929/2/9487 4950/3/9487
f 4958/1/9488 4935/2/9488 4949/3/9488
f 4940/1/9489 4951/2/9489 4938/3/9489
f 4933/1/9490 4948/2/9490 4927/3/9490
f 4937/1/9491 4945/2/9491 4941/3/9491
f 4938/1/9492 4951/2/9492 4937/3/9492
f 5162/1/9493 4948/2/9493 4952/3/9493
f 4939/1/9494 4953/2/9494 4926/3/9494
f 4954/1/9495 4953/2/9495 4936/3/9495
f 4943/1/9496 4955/2/9496 4947/3/9496
f 4931/1/9497 4954/2/9497 4936/3/9497
f 4771/1/9498 4958/2/9498 4775/3/9498
f 4959/1/9499 4972/2/9499 4944/3/9499
f 4926/1/9500 4960/2/9500 4933/3/9500
f 4931/1/9501 4932/2/9501 4957/3/9501
f 4953/1/9502 4960/2/9502 4926/3/9502
f 4937/1/9503 4951/2/9503 4945/3/9503
f 4931/1/9504 4957/2/9504 4954/3/9504
f 4935/1/9505 4956/2/9505 4949/3/9505
f 4942/1/9506 4956/2/9506 4935/3/9506
f 4958/1/9507 4949/2/9507 4970/3/9507
f 4962/1/9508 4949/2/9508 4956/3/9508
f 4970/1/9509 4949/2/9509 4962/3/9509
f 4933/1/9510 4963/2/9510 4948/3/9510
f 4959/1/9511 4964/2/9511 4972/3/9511
f 4940/1/9512 4952/2/9512 4951/3/9512
f 4957/1/9513 4932/2/9513 4965/3/9513
f 4957/1/9514 4961/2/9514 4954/3/9514
f 4945/1/9515 4951/2/9515 4968/3/9515
f 4960/1/9516 4967/2/9516 4933/3/9516
f 4946/1/9517 4932/2/9517 4950/3/9517
f 4960/1/9518 4966/2/9518 4967/3/9518
f 4965/1/9519 4932/2/9519 4946/3/9519
f 4948/1/9520 4963/2/9520 4952/3/9520
f 4945/1/9521 4959/2/9521 4944/3/9521
f 4957/1/9522 4971/2/9522 4961/3/9522
f 4969/1/9523 4971/2/9523 4957/3/9523
f 4952/1/9524 4973/2/9524 4951/3/9524
f 4933/1/9525 4967/2/9525 4963/3/9525
f 4968/1/9526 4959/2/9526 4945/3/9526
f 4961/1/9527 4971/2/9527 4975/3/9527
f 4956/1/9528 4977/2/9528 4962/3/9528
f 4967/1/9529 4976/2/9529 4963/3/9529
f 4970/1/9530 4979/2/9530 4784/3/9530
f 4966/1/9531 4976/2/9531 4967/3/9531
f 4974/1/9532 4973/2/9532 4963/3/9532
f 4963/1/9533 4973/2/9533 4952/3/9533
f 4963/1/9534 4976/2/9534 4974/3/9534
f 4784/1/9535 4979/2/9535 4803/3/9535
f 4999/1/9536 4981/2/9536 4980/3/9536
f 4965/1/9537 4969/2/9537 4957/3/9537
f 3738/1/9538 4983/2/9538 4971/3/9538
f 4962/1/9539 4977/2/9539 4984/3/9539
f 4962/1/9540 4984/2/9540 4979/3/9540
f 4999/1/9541 4991/2/9541 4977/3/9541
f 4985/1/9542 4974/2/9542 4976/3/9542
f 4987/1/9543 4999/2/9543 4986/3/9543
f 4965/1/9544 4982/2/9544 4969/3/9544
f 4974/1/9545 4985/2/9545 4990/3/9545
f 4977/1/9546 4991/2/9546 4984/3/9546
f 4961/1/9547 4993/2/9547 4960/3/9547
f 3742/1/9548 4983/2/9548 3738/3/9548
f 4979/1/9549 4984/2/9549 4989/3/9549
f 4989/1/9550 4984/2/9550 4994/3/9550
f 4979/1/9551 4989/2/9551 4803/3/9551
f 4973/1/9552 4995/2/9552 4951/3/9552
f 4951/1/9553 4995/2/9553 4968/3/9553
f 3742/1/9554 4975/2/9554 4983/3/9554
f 3735/1/9555 4982/2/9555 3734/3/9555
f 3735/1/9556 4969/2/9556 4982/3/9556
f 4960/1/9557 4993/2/9557 4966/3/9557
f 4985/1/9558 4996/2/9558 4990/3/9558
f 4968/1/9559 4978/2/9559 4959/3/9559
f 4959/1/9560 4978/2/9560 4964/3/9560
f 4984/1/9561 4991/2/9561 4992/3/9561
f 4974/1/9562 4995/2/9562 4973/3/9562
f 4990/1/9563 4995/2/9563 4974/3/9563
f 3742/1/9564 4988/2/9564 4975/3/9564
f 4997/1/9565 4996/2/9565 4985/3/9565
f 4984/1/9566 4992/2/9566 4994/3/9566
f 3735/1/9567 4971/2/9567 4969/3/9567
f 4964/1/9568 4978/2/9568 4981/3/9568
f 3743/1/9569 4988/2/9569 3742/3/9569
f 4961/1/9570 4975/2/9570 4993/3/9570
f 4999/1/9571 4987/2/9571 4991/3/9571
f 4991/1/9572 4987/2/9572 5000/3/9572
f 4990/1/9573 4996/2/9573 5001/3/9573
f 5000/1/9574 4987/2/9574 4986/3/9574
f 4994/1/9575 4992/2/9575 5002/3/9575
f 3738/1/9576 4971/2/9576 3735/3/9576
f 3743/1/9577 4998/2/9577 4988/3/9577
f 4989/1/9578 4994/2/9578 4824/3/9578
f 5005/1/9579 4994/2/9579 5006/3/9579
f 5000/1/9580 5002/2/9580 4992/3/9580
f 5007/1/9581 4978/2/9581 4968/3/9581
f 4975/1/9582 4988/2/9582 4993/3/9582
f 4997/1/9583 5001/2/9583 4996/3/9583
f 4978/1/9584 4980/2/9584 4981/3/9584
f 4995/1/9585 5008/2/9585 4968/3/9585
f 4998/1/9586 5003/2/9586 5009/3/9586
f 4824/1/9587 5005/2/9587 4836/3/9587
f 5010/1/9588 5002/2/9588 5000/3/9588
f 3743/1/9589 5003/2/9589 4998/3/9589
f 3744/1/9590 5003/2/9590 3743/3/9590
f 4993/1/9591 5011/2/9591 4966/3/9591
f 4990/1/9592 5004/2/9592 4995/3/9592
f 5007/1/9593 4980/2/9593 4978/3/9593
f 4966/1/9594 5011/2/9594 4976/3/9594
f 4995/1/9595 5004/2/9595 5008/3/9595
f 5013/1/9596 5012/2/9596 4997/3/9596
f 4997/1/9597 5012/2/9597 5001/3/9597
f 5001/1/9598 5004/2/9598 4990/3/9598
f 5006/1/9599 4836/2/9599 5005/3/9599
f 3744/1/9600 5009/2/9600 5003/3/9600
f 3746/1/9601 5009/2/9601 3744/3/9601
f 4980/1/9602 4986/2/9602 4999/3/9602
f 4993/1/9603 4988/2/9603 5011/3/9603
f 5010/1/9604 5015/2/9604 5002/3/9604
f 5012/1/9605 5016/2/9605 5017/3/9605
f 5018/1/9606 4835/2/9606 4836/3/9606
f 5013/1/9607 5016/2/9607 5012/3/9607
f 3746/1/9608 5014/2/9608 5009/3/9608
f 4988/1/9609 4998/2/9609 5011/3/9609
f 5008/1/9610 5019/2/9610 4968/3/9610
f 4968/1/9611 5019/2/9611 5007/3/9611
f 4976/1/9612 5011/2/9612 4985/3/9612
f 5001/1/9613 5008/2/9613 5004/3/9613
f 3746/1/9614 5020/2/9614 5014/3/9614
f 3749/1/9615 5020/2/9615 3746/3/9615
f 5014/1/9616 5020/2/9616 5022/3/9616
f 5007/1/9617 4986/2/9617 4980/3/9617
f 5021/1/9618 5024/2/9618 5010/3/9618
f 5016/1/9619 5023/2/9619 5017/3/9619
f 5011/1/9620 5025/2/9620 4985/3/9620
f 5060/1/9621 5023/2/9621 5016/3/9621
f 5020/1/9622 5026/2/9622 5022/3/9622
f 5012/1/9623 5008/2/9623 5001/3/9623
f 3749/1/9624 5026/2/9624 5020/3/9624
f 5012/1/9625 5019/2/9625 5008/3/9625
f 5057/1/9626 5021/2/9626 5010/3/9626
f 5027/1/9627 5023/2/9627 5060/3/9627
f 3750/1/9628 5026/2/9628 3749/3/9628
f 5011/1/9629 5009/2/9629 5025/3/9629
f 4998/1/9630 5009/2/9630 5011/3/9630
f 4835/1/9631 5079/2/9631 4843/3/9631
f 5022/1/9632 5026/2/9632 5028/3/9632
f 5019/1/9633 5029/2/9633 5007/3/9633
f 5023/1/9634 5027/2/9634 5030/3/9634
f 5031/1/9635 4986/2/9635 5007/3/9635
f 5021/1/9636 5034/2/9636 5024/3/9636
f 4843/1/9637 5079/2/9637 4849/3/9637
f 4985/1/9638 5025/2/9638 4997/3/9638
f 3750/1/9639 5028/2/9639 5026/3/9639
f 5017/1/9640 5019/2/9640 5012/3/9640
f 5027/1/9641 5035/2/9641 5030/3/9641
f 4994/1/9642 5002/2/9642 5006/3/9642
f 3751/1/9643 5037/2/9643 3750/3/9643
f 3750/1/9644 5037/2/9644 5028/3/9644
f 5033/1/9645 5032/2/9645 5021/3/9645
f 5038/1/9646 5035/2/9646 5027/3/9646
f 5009/1/9647 5014/2/9647 5025/3/9647
f 5019/1/9648 5017/2/9648 5029/3/9648
f 5032/1/9649 5036/2/9649 5034/3/9649
f 5029/1/9650 5039/2/9650 5007/3/9650
f 4986/1/9651 5041/2/9651 5000/3/9651
f 5025/1/9652 5014/2/9652 4997/3/9652
f 5000/1/9653 5041/2/9653 5010/3/9653
f 5034/1/9654 5036/2/9654 5042/3/9654
f 5042/1/9655 4857/2/9655 4849/3/9655
f 5007/1/9656 5039/2/9656 5031/3/9656
f 2476/1/9657 5043/2/9657 4914/3/9657
f 5029/1/9658 5017/2/9658 5039/3/9658
f 5035/1/9659 5038/2/9659 5045/3/9659
f 5037/1/9660 3728/2/9660 5040/3/9660
f 3751/1/9661 3728/2/9661 5037/3/9661
f 5036/1/9662 5046/2/9662 5042/3/9662
f 5048/1/9663 4862/2/9663 4857/3/9663
f 4997/1/9664 5022/2/9664 5013/3/9664
f 5049/1/9665 5045/2/9665 5038/3/9665
f 5043/1/9666 2484/2/9666 5047/3/9666
f 3728/1/9667 3753/2/9667 5040/3/9667
f 5031/1/9668 5041/2/9668 4986/3/9668
f 4997/1/9669 5014/2/9669 5022/3/9669
f 5040/1/9670 3753/2/9670 5049/3/9670
f 5023/1/9671 5039/2/9671 5017/3/9671
f 5114/1/9672 5045/2/9672 5051/3/9672
f 5052/1/9673 5045/2/9673 5049/3/9673
f 2484/1/9674 5053/2/9674 5047/3/9674
f 5054/1/9675 4862/2/9675 5048/3/9675
f 5052/1/9676 5051/2/9676 5045/3/9676
f 3753/1/9677 5055/2/9677 5049/3/9677
f 5006/1/9678 5024/2/9678 5018/3/9678
f 5057/1/9679 5041/2/9679 5031/3/9679
f 5054/1/9680 4868/2/9680 4862/3/9680
f 5039/1/9681 5058/2/9681 5031/3/9681
f 3729/1/9682 5055/2/9682 3753/3/9682
f 5022/1/9683 5060/2/9683 5013/3/9683
f 5052/1/9684 5061/2/9684 5051/3/9684
f 5062/1/9685 5056/2/9685 5050/3/9685
f 5064/1/9686 5061/2/9686 5052/3/9686
f 5065/1/9687 4868/2/9687 5054/3/9687
f 3729/1/9688 5063/2/9688 5055/3/9688
f 5030/1/9689 5039/2/9689 5023/3/9689
f 5013/1/9690 5060/2/9690 5016/3/9690
f 5065/1/9691 4875/2/9691 4868/3/9691
f 5064/1/9692 5067/2/9692 5061/3/9692
f 5062/1/9693 5066/2/9693 5056/3/9693
f 5068/1/9694 5066/2/9694 5062/3/9694
f 3731/1/9695 5063/2/9695 3729/3/9695
f 5069/1/9696 5063/2/9696 3731/3/9696
f 5070/1/9697 5067/2/9697 5064/3/9697
f 5074/1/9698 4875/2/9698 5065/3/9698
f 5071/1/9699 5066/2/9699 5068/3/9699
f 5072/1/9700 5067/2/9700 5070/3/9700
f 5073/1/9701 5067/2/9701 5072/3/9701
f 5074/1/9702 4882/2/9702 4875/3/9702
f 4885/1/9703 4882/2/9703 5074/3/9703
f 5074/1/9704 5071/2/9704 5134/3/9704
f 4894/1/9705 5075/2/9705 5076/3/9705
f 4893/1/9706 5075/2/9706 4894/3/9706
f 5039/1/9707 5030/2/9707 5058/3/9707
f 3741/1/9708 5077/2/9708 3745/3/9708
f 4507/1/9709 4896/2/9709 5078/3/9709
f 5041/1/9710 5057/2/9710 5010/3/9710
f 5031/1/9711 5058/2/9711 5057/3/9711
f 5080/1/9712 5076/2/9712 5081/3/9712
f 5080/1/9713 4896/2/9713 4894/3/9713
f 5078/1/9714 4896/2/9714 5082/3/9714
f 5022/1/9715 5028/2/9715 5060/3/9715
f 5082/1/9716 3740/2/9716 5083/3/9716
f 5083/1/9717 3740/2/9717 3739/3/9717
f 4898/1/9718 5086/2/9718 5087/3/9718
f 3736/1/9719 5086/2/9719 5085/3/9719
f 5047/1/9720 5091/2/9720 5158/3/9720
f 5090/1/9721 5091/2/9721 5047/3/9721
f 5158/1/9722 5091/2/9722 5089/3/9722
f 5089/1/9723 4732/2/9723 4738/3/9723
f 2650/1/9724 5059/2/9724 2488/3/9724
f 2488/1/9725 5059/2/9725 2484/3/9725
f 5057/1/9726 5033/2/9726 5021/3/9726
f 5093/1/9727 5091/2/9727 5092/3/9727
f 5053/1/9728 5094/2/9728 5092/3/9728
f 5089/1/9729 5093/2/9729 4732/3/9729
f 5091/1/9730 5093/2/9730 5089/3/9730
f 5088/1/9731 5033/2/9731 5057/3/9731
f 5094/1/9732 5059/2/9732 5096/3/9732
f 5058/1/9733 5095/2/9733 5057/3/9733
f 4732/1/9734 5093/2/9734 5099/3/9734
f 5028/1/9735 5037/2/9735 5060/3/9735
f 5094/1/9736 5097/2/9736 5092/3/9736
f 5096/1/9737 5097/2/9737 5094/3/9737
f 5060/1/9738 5040/2/9738 5027/3/9738
f 5030/1/9739 5095/2/9739 5058/3/9739
f 5035/1/9740 5095/2/9740 5030/3/9740
f 4732/1/9741 5099/2/9741 4735/3/9741
f 5060/1/9742 5037/2/9742 5040/3/9742
f 5100/1/9743 5101/2/9743 5096/3/9743
f 5057/1/9744 5095/2/9744 5088/3/9744
f 5034/1/9745 5042/2/9745 5079/3/9745
f 5096/1/9746 5098/2/9746 5097/3/9746
f 5096/1/9747 5101/2/9747 5098/3/9747
f 5045/1/9748 5095/2/9748 5035/3/9748
f 5098/1/9749 5101/2/9749 5107/3/9749
f 4735/1/9750 5099/2/9750 5106/3/9750
f 5106/1/9751 5099/2/9751 5112/3/9751
f 5102/1/9752 5098/2/9752 5104/3/9752
f 5100/1/9753 5107/2/9753 5101/3/9753
f 5108/1/9754 5033/2/9754 5088/3/9754
f 5110/1/9755 5107/2/9755 5100/3/9755
f 5123/1/9756 5110/2/9756 5111/3/9756
f 5111/1/9757 5110/2/9757 5109/3/9757
f 4735/1/9758 5106/2/9758 4741/3/9758
f 5033/1/9759 5044/2/9759 5032/3/9759
f 5027/1/9760 5040/2/9760 5038/3/9760
f 5095/1/9761 5114/2/9761 5088/3/9761
f 5110/1/9762 5117/2/9762 5107/3/9762
f 5108/1/9763 5044/2/9763 5033/3/9763
f 5113/1/9764 5119/2/9764 5105/3/9764
f 4741/1/9765 5120/2/9765 4755/3/9765
f 5045/1/9766 5114/2/9766 5095/3/9766
f 2653/1/9767 5122/2/9767 5121/3/9767
f 5121/1/9768 5122/2/9768 5123/3/9768
f 4925/1/9769 5123/2/9769 5122/3/9769
f 5117/1/9770 5123/2/9770 4925/3/9770
f 5088/1/9771 5114/2/9771 5108/3/9771
f 4925/1/9772 5124/2/9772 5117/3/9772
f 5118/1/9773 5113/2/9773 5160/3/9773
f 5125/1/9774 5126/2/9774 4928/3/9774
f 4928/1/9775 5126/2/9775 2372/3/9775
f 5114/1/9776 5127/2/9776 5108/3/9776
f 5122/1/9777 4939/2/9777 4925/3/9777
f 5125/1/9778 4939/2/9778 5122/3/9778
f 5032/1/9779 5044/2/9779 5036/3/9779
f 5051/1/9780 5127/2/9780 5114/3/9780
f 4943/1/9781 5128/2/9781 5119/3/9781
f 4928/1/9782 4936/2/9782 5125/3/9782
f 5050/1/9783 5048/2/9783 5042/3/9783
f 5042/1/9784 5048/2/9784 4857/3/9784
f 5125/1/9785 4936/2/9785 4939/3/9785
f 4939/1/9786 4926/2/9786 4925/3/9786
f 5040/1/9787 5049/2/9787 5038/3/9787
f 4958/1/9788 4934/2/9788 4935/3/9788
f 4943/1/9789 4947/2/9789 5128/3/9789
f 5118/1/9790 4944/2/9790 4943/3/9790
f 4931/1/9791 4936/2/9791 4928/3/9791
f 4939/1/9792 4936/2/9792 4953/3/9792
f 5044/1/9793 5129/2/9793 5046/3/9793
f 5108/1/9794 5129/2/9794 5044/3/9794
f 4946/1/9795 4982/2/9795 4965/3/9795
f 4955/1/9796 4942/2/9796 4947/3/9796
f 5046/1/9797 5129/2/9797 5050/3/9797
f 4946/1/9798 3734/2/9798 4982/3/9798
f 2585/1/9799 3734/2/9799 4946/3/9799
f 2397/1/9800 2585/2/9800 2398/3/9800
f 4943/1/9801 4972/2/9801 4955/3/9801
f 4970/1/9802 4784/2/9802 4775/3/9802
f 5061/1/9803 5127/2/9803 5051/3/9803
f 4775/1/9804 4958/2/9804 4970/3/9804
f 3734/1/9805 2585/2/9805 2397/3/9805
f 4955/1/9806 4956/2/9806 4942/3/9806
f 4981/1/9807 4972/2/9807 4964/3/9807
f 4981/1/9808 4955/2/9808 4972/3/9808
f 4955/1/9809 4977/2/9809 4956/3/9809
f 4979/1/9810 4970/2/9810 4962/3/9810
f 4975/1/9811 4971/2/9811 4983/3/9811
f 4999/1/9812 4955/2/9812 4981/3/9812
f 4955/1/9813 4999/2/9813 4977/3/9813
f 5050/1/9814 5056/2/9814 5048/3/9814
f 5061/1/9815 5130/2/9815 5127/3/9815
f 5127/1/9816 5130/2/9816 5108/3/9816
f 4991/1/9817 5000/2/9817 4992/3/9817
f 5108/1/9818 5130/2/9818 5129/3/9818
f 4994/1/9819 5005/2/9819 4824/3/9819
f 5002/1/9820 5015/2/9820 5006/3/9820
f 5006/1/9821 5018/2/9821 4836/3/9821
f 5056/1/9822 5054/2/9822 5048/3/9822
f 5010/1/9823 5024/2/9823 5015/3/9823
f 5015/1/9824 5024/2/9824 5006/3/9824
f 5018/1/9825 5024/2/9825 5034/3/9825
f 5018/1/9826 5079/2/9826 4835/3/9826
f 5055/1/9827 5063/2/9827 5049/3/9827
f 5049/1/9828 5063/2/9828 5052/3/9828
f 5018/1/9829 5034/2/9829 5079/3/9829
f 5129/1/9830 5131/2/9830 5050/3/9830
f 5021/1/9831 5032/2/9831 5034/3/9831
f 5079/1/9832 5042/2/9832 4849/3/9832
f 5050/1/9833 5042/2/9833 5046/3/9833
f 5044/1/9834 5046/2/9834 5036/3/9834
f 4892/1/9835 5075/2/9835 4893/3/9835
f 5090/1/9836 5053/2/9836 5092/3/9836
f 5050/1/9837 5131/2/9837 5062/3/9837
f 5102/1/9838 5103/2/9838 5097/3/9838
f 5099/1/9839 5093/2/9839 5103/3/9839
f 5130/1/9840 5132/2/9840 5129/3/9840
f 5105/1/9841 5103/2/9841 5102/3/9841
f 5098/1/9842 5115/2/9842 5104/3/9842
f 5067/1/9843 5132/2/9843 5061/3/9843
f 5061/1/9844 5132/2/9844 5130/3/9844
f 5119/1/9845 5116/2/9845 5112/3/9845
f 5112/1/9846 5116/2/9846 5106/3/9846
f 5104/1/9847 5115/2/9847 5113/3/9847
f 5128/1/9848 4947/2/9848 4935/3/9848
f 5118/1/9849 4941/2/9849 4944/3/9849
f 4943/1/9850 4944/2/9850 4972/3/9850
f 5129/1/9851 5132/2/9851 5131/3/9851
f 4960/1/9852 4954/2/9852 4961/3/9852
f 3740/1/9853 5081/2/9853 3741/3/9853
f 5086/1/9854 5084/2/9854 5085/3/9854
f 4898/1/9855 5084/2/9855 5086/3/9855
f 4953/1/9856 4954/2/9856 4960/3/9856
f 5052/1/9857 5063/2/9857 5069/3/9857
f 5081/1/9858 3740/2/9858 5082/3/9858
f 5052/1/9859 5069/2/9859 5064/3/9859
f 5056/1/9860 5066/2/9860 5054/3/9860
f 5066/1/9861 5065/2/9861 5054/3/9861
f 5133/1/9862 5062/2/9862 5131/3/9862
f 5132/1/9863 5133/2/9863 5131/3/9863
f 5067/1/9864 5073/2/9864 5132/3/9864
f 5073/1/9865 5133/2/9865 5132/3/9865
f 5069/1/9866 5070/2/9866 5064/3/9866
f 3731/1/9867 5070/2/9867 5069/3/9867
f 5133/1/9868 5068/2/9868 5062/3/9868
f 5135/1/9869 5068/2/9869 5133/3/9869
f 5066/1/9870 5071/2/9870 5065/3/9870
f 5071/1/9871 5074/2/9871 5065/3/9871
f 5068/1/9872 5134/2/9872 5071/3/9872
f 3754/1/9873 5070/2/9873 3731/3/9873
f 5135/1/9874 5134/2/9874 5068/3/9874
f 5073/1/9875 5135/2/9875 5133/3/9875
f 5136/1/9876 5135/2/9876 5073/3/9876
f 5137/1/9877 5074/2/9877 5134/3/9877
f 3754/1/9878 5072/2/9878 5070/3/9878
f 5135/1/9879 5136/2/9879 5134/3/9879
f 5134/1/9880 5138/2/9880 5137/3/9880
f 5072/1/9881 5139/2/9881 5073/3/9881
f 5073/1/9882 5139/2/9882 5136/3/9882
f 5134/1/9883 5136/2/9883 5138/3/9883
f 5142/1/9884 5141/2/9884 5137/3/9884
f 5074/1/9885 5141/2/9885 4885/3/9885
f 5137/1/9886 5141/2/9886 5074/3/9886
f 5136/1/9887 5140/2/9887 5138/3/9887
f 3754/1/9888 5139/2/9888 5072/3/9888
f 3732/1/9889 5139/2/9889 3754/3/9889
f 4885/1/9890 5141/2/9890 4485/3/9890
f 5140/1/9891 5137/2/9891 5138/3/9891
f 5136/1/9892 5143/2/9892 5140/3/9892
f 5139/1/9893 5143/2/9893 5136/3/9893
f 5141/1/9894 4488/2/9894 4485/3/9894
f 5140/1/9895 5142/2/9895 5137/3/9895
f 5142/1/9896 4488/2/9896 5141/3/9896
f 5144/1/9897 4488/2/9897 5142/3/9897
f 3732/1/9898 5143/2/9898 5139/3/9898
f 3730/1/9899 5143/2/9899 3732/3/9899
f 5140/1/9900 5146/2/9900 5142/3/9900
f 5147/1/9901 5145/2/9901 5144/3/9901
f 5144/1/9902 5145/2/9902 4488/3/9902
f 5147/1/9903 5144/2/9903 5142/3/9903
f 5147/1/9904 5146/2/9904 5148/3/9904
f 5142/1/9905 5146/2/9905 5147/3/9905
f 5143/1/9906 5149/2/9906 5140/3/9906
f 5140/1/9907 5149/2/9907 5146/3/9907
f 5147/1/9908 4924/2/9908 5145/3/9908
f 5150/1/9909 4924/2/9909 5147/3/9909
f 3752/1/9910 5149/2/9910 3730/3/9910
f 3730/1/9911 5149/2/9911 5143/3/9911
f 5150/1/9912 5147/2/9912 5152/3/9912
f 4924/1/9913 5151/2/9913 4889/3/9913
f 5150/1/9914 5151/2/9914 4924/3/9914
f 5147/1/9915 5148/2/9915 5152/3/9915
f 5149/1/9916 5148/2/9916 5146/3/9916
f 5152/1/9917 5153/2/9917 5150/3/9917
f 3752/1/9918 5148/2/9918 5149/3/9918
f 3748/1/9919 5148/2/9919 3752/3/9919
f 5153/1/9920 4889/2/9920 5150/3/9920
f 5150/1/9921 4889/2/9921 5151/3/9921
f 5148/1/9922 5154/2/9922 5152/3/9922
f 5155/1/9923 4889/2/9923 5153/3/9923
f 3748/1/9924 5154/2/9924 5148/3/9924
f 5155/1/9925 4892/2/9925 4889/3/9925
f 5152/1/9926 5154/2/9926 5153/3/9926
f 5153/1/9927 5156/2/9927 5155/3/9927
f 5154/1/9928 5156/2/9928 5153/3/9928
f 3747/1/9929 5156/2/9929 3748/3/9929
f 3748/1/9930 5156/2/9930 5154/3/9930
f 5075/1/9931 4892/2/9931 5155/3/9931
f 5155/1/9932 5077/2/9932 5075/3/9932
f 5155/1/9933 5156/2/9933 5077/3/9933
f 3745/1/9934 5156/2/9934 3747/3/9934
f 3745/1/9935 5077/2/9935 5156/3/9935
f 4894/1/9936 5076/2/9936 5080/3/9936
f 5077/1/9937 5076/2/9937 5075/3/9937
f 5077/1/9938 5081/2/9938 5076/3/9938
f 3741/1/9939 5081/2/9939 5077/3/9939
f 4507/1/9940 5078/2/9940 4509/3/9940
f 4509/1/9941 5078/2/9941 4511/3/9941
f 5157/1/9942 4511/2/9942 5078/3/9942
f 5080/1/9943 5082/2/9943 4896/3/9943
f 5080/1/9944 5081/2/9944 5082/3/9944
f 5083/1/9945 3737/2/9945 5157/3/9945
f 3739/1/9946 3737/2/9946 5083/3/9946
f 3737/1/9947 5085/2/9947 5157/3/9947
f 5082/1/9948 5083/2/9948 5078/3/9948
f 3737/1/9949 3736/2/9949 5085/3/9949
f 4898/1/9950 5087/2/9950 2307/3/9950
f 5083/1/9951 5157/2/9951 5078/3/9951
f 5047/1/9952 5158/2/9952 5043/3/9952
f 5043/1/9953 5158/2/9953 4914/3/9953
f 4914/1/9954 5158/2/9954 4738/3/9954
f 5157/1/9955 5084/2/9955 4511/3/9955
f 5157/1/9956 5085/2/9956 5084/3/9956
f 5090/1/9957 5047/2/9957 5053/3/9957
f 5158/1/9958 5089/2/9958 4738/3/9958
f 3733/1/9959 5086/2/9959 3736/3/9959
f 5091/1/9960 5090/2/9960 5092/3/9960
f 3733/1/9961 5087/2/9961 5086/3/9961
f 2307/1/9962 3733/2/9962 2309/3/9962
f 5087/1/9963 3733/2/9963 2307/3/9963
f 5096/1/9964 5059/2/9964 2650/3/9964
f 2309/1/9965 3733/2/9965 2308/3/9965
f 5103/1/9966 5093/2/9966 5092/3/9966
f 5097/1/9967 5103/2/9967 5092/3/9967
f 2484/1/9968 5059/2/9968 5053/3/9968
f 2651/1/9969 5109/2/9969 2650/3/9969
f 2650/1/9970 5109/2/9970 5096/3/9970
f 5096/1/9971 5109/2/9971 5100/3/9971
f 5053/1/9972 5059/2/9972 5094/3/9972
f 5112/1/9973 5099/2/9973 5103/3/9973
f 5098/1/9974 5102/2/9974 5097/3/9974
f 2652/1/9975 5109/2/9975 2651/3/9975
f 5105/1/9976 5112/2/9976 5103/3/9976
f 2652/1/9977 5111/2/9977 5109/3/9977
f 2572/1/9978 5111/2/9978 2652/3/9978
f 5109/1/9979 5110/2/9979 5100/3/9979
f 5102/1/9980 5104/2/9980 5105/3/9980
f 5119/1/9981 5112/2/9981 5105/3/9981
f 5107/1/9982 5115/2/9982 5098/3/9982
f 5111/1/9983 2653/2/9983 5121/3/9983
f 5159/1/9984 5115/2/9984 5107/3/9984
f 5104/1/9985 5113/2/9985 5105/3/9985
f 5111/1/9986 5121/2/9986 5123/3/9986
f 5123/1/9987 5117/2/9987 5110/3/9987
f 5106/1/9988 5120/2/9988 4741/3/9988
f 5117/1/9989 5159/2/9989 5107/3/9989
f 5106/1/9990 5116/2/9990 5120/3/9990
f 5120/1/9991 5116/2/9991 5128/3/9991
f 2347/1/9992 5126/2/9992 2653/3/9992
f 5159/1/9993 5160/2/9993 5115/3/9993
f 5119/1/9994 5128/2/9994 5116/3/9994
f 5113/1/9995 5118/2/9995 5119/3/9995
f 5117/1/9996 5161/2/9996 5159/3/9996
f 5113/1/9997 5115/2/9997 5160/3/9997
f 2653/1/9998 5125/2/9998 5122/3/9998
f 5126/1/9999 5125/2/9999 2653/3/9999
f 5128/1/10000 4934/2/10000 5120/3/10000
f 2347/1/10001 2372/2/10001 5126/3/10001
f 5118/1/10002 5160/2/10002 4941/3/10002
f 5159/1/10003 5161/2/10003 5160/3/10003
f 5124/1/10004 5162/2/10004 5117/3/10004
f 4925/1/10005 4927/2/10005 5124/3/10005
f 4927/1/10006 5162/2/10006 5124/3/10006
f 5117/1/10007 5162/2/10007 5161/3/10007
f 4928/1/10008 2372/2/10008 4930/3/10008
f 4935/1/10009 4934/2/10009 5128/3/10009
f 4755/1/10010 4934/2/10010 4771/3/10010
f 5118/1/10011 4943/2/10011 5119/3/10011
f 5120/1/10012 4934/2/10012 4755/3/10012
f 5160/1/10013 4937/2/10013 4941/3/10013
f 4925/1/10014 4926/2/10014 4927/3/10014
f 5160/1/10015 4938/2/10015 4937/3/10015
f 5161/1/10016 4938/2/10016 5160/3/10016
f 4940/1/10017 4938/2/10017 5161/3/10017
f 2360/1/10018 4930/2/10018 2372/3/10018
f 4929/1/10019 2360/2/10019 4950/3/10019
f 5167/1/10020 5195/2/10020 5168/3/10020
f 5167/1/10021 5194/2/10021 5195/3/10021
f 5170/1/10022 5171/2/10022 5172/3/10022
f 5181/1/10023 5182/2/10023 5254/3/10023
f 5185/1/10024 4442/2/10024 2341/3/10024
f 5186/1/10025 5166/2/10025 5187/3/10025
f 5192/1/10026 5173/2/10026 5193/3/10026
f 5192/1/10027 5193/2/10027 5189/3/10027
f 5163/1/10028 5195/2/10028 5188/3/10028
f 5195/1/10029 5163/2/10029 5168/3/10029
f 5197/1/10030 5165/2/10030 5308/3/10030
f 5197/1/10031 5308/2/10031 5184/3/10031
f 3813/1/10032 3833/2/10032 5191/3/10032
f 5195/1/10033 5200/2/10033 5188/3/10033
f 5201/1/10034 5179/2/10034 5180/3/10034
f 5173/1/10035 3843/2/10035 5174/3/10035
f 5202/1/10036 3814/2/10036 5169/3/10036
f 5175/1/10037 5185/2/10037 2341/3/10037
f 3813/1/10038 5191/2/10038 5169/3/10038
f 5201/1/10039 5180/2/10039 5307/3/10039
f 5282/1/10040 5199/2/10040 5207/3/10040
f 5204/1/10041 5187/2/10041 5178/3/10041
f 5282/1/10042 5304/2/10042 5199/3/10042
f 5204/1/10043 5186/2/10043 5187/3/10043
f 5205/1/10044 5172/2/10044 5166/3/10044
f 5170/1/10045 5197/2/10045 5184/3/10045
f 3847/1/10046 5192/2/10046 5189/3/10046
f 3847/1/10047 5189/2/10047 5165/3/10047
f 5206/1/10048 5167/2/10048 5168/3/10048
f 5175/1/10049 2341/2/10049 2340/3/10049
f 5208/1/10050 5201/2/10050 5307/3/10050
f 3814/1/10051 3813/2/10051 5169/3/10051
f 5205/1/10052 5166/2/10052 5186/3/10052
f 5209/1/10053 5202/2/10053 5190/3/10053
f 5208/1/10054 5307/2/10054 5313/3/10054
f 5211/1/10055 5204/2/10055 5178/3/10055
f 3798/1/10056 3847/2/10056 5165/3/10056
f 5201/1/10057 5196/2/10057 5179/3/10057
f 5176/1/10058 5175/2/10058 2340/3/10058
f 1688/1/10059 5208/2/10059 5313/3/10059
f 1688/1/10060 5313/2/10060 1640/3/10060
f 5211/1/10061 5178/2/10061 5177/3/10061
f 5212/1/10062 5203/2/10062 5274/3/10062
f 5212/1/10063 5274/2/10063 5311/3/10063
f 5205/1/10064 5170/2/10064 5172/3/10064
f 3798/1/10065 5165/2/10065 5197/3/10065
f 3817/1/10066 3814/2/10066 5202/3/10066
f 5176/1/10067 2340/2/10067 4445/3/10067
f 5281/1/10068 5207/2/10068 5279/3/10068
f 3801/1/10069 3798/2/10069 5197/3/10069
f 5212/1/10070 5311/2/10070 5315/3/10070
f 5208/1/10071 5221/2/10071 5201/3/10071
f 5221/1/10072 5196/2/10072 5201/3/10072
f 3820/1/10073 5190/2/10073 5194/3/10073
f 3820/1/10074 5209/2/10074 5190/3/10074
f 5214/1/10075 5211/2/10075 5177/3/10075
f 5214/1/10076 5177/2/10076 5196/3/10076
f 3817/1/10077 5202/2/10077 5209/3/10077
f 5198/1/10078 5176/2/10078 4445/3/10078
f 3806/1/10079 3801/2/10079 5197/3/10079
f 3806/1/10080 5197/2/10080 5170/3/10080
f 5213/1/10081 5194/2/10081 5167/3/10081
f 5216/1/10082 5299/2/10082 5185/3/10082
f 5215/1/10083 5205/2/10083 5186/3/10083
f 5217/1/10084 5167/2/10084 5206/3/10084
f 5217/1/10085 5206/2/10085 5210/3/10085
f 5218/1/10086 5281/2/10086 5279/3/10086
f 5219/1/10087 5212/2/10087 5315/3/10087
f 5220/1/10088 5214/2/10088 5196/3/10088
f 5222/1/10089 5217/2/10089 5210/3/10089
f 5222/1/10090 5210/2/10090 5203/3/10090
f 3808/1/10091 3806/2/10091 5170/3/10091
f 5223/1/10092 5215/2/10092 5186/3/10092
f 5224/1/10093 5216/2/10093 5185/3/10093
f 5225/1/10094 5221/2/10094 5208/3/10094
f 3809/1/10095 5170/2/10095 5205/3/10095
f 3809/1/10096 3808/2/10096 5170/3/10096
f 5213/1/10097 3820/2/10097 5194/3/10097
f 5223/1/10098 5186/2/10098 5204/3/10098
f 5227/1/10099 5218/2/10099 5279/3/10099
f 5227/1/10100 5279/2/10100 5301/3/10100
f 5225/1/10101 5208/2/10101 1688/3/10101
f 5228/1/10102 5222/2/10102 5203/3/10102
f 5226/1/10103 5211/2/10103 5214/3/10103
f 5229/1/10104 5223/2/10104 5204/3/10104
f 5228/1/10105 5203/2/10105 5212/3/10105
f 1708/1/10106 5225/2/10106 1688/3/10106
f 5230/1/10107 5198/2/10107 4445/3/10107
f 5230/1/10108 4445/2/10108 4446/3/10108
f 5231/1/10109 5205/2/10109 5215/3/10109
f 5231/1/10110 3809/2/10110 5205/3/10110
f 5224/1/10111 5185/2/10111 5175/3/10111
f 5229/1/10112 5204/2/10112 5211/3/10112
f 5232/1/10113 5219/2/10113 5304/3/10113
f 5226/1/10114 5229/2/10114 5211/3/10114
f 5223/1/10115 5231/2/10115 5215/3/10115
f 5176/1/10116 5224/2/10116 5175/3/10116
f 5216/1/10117 5227/2/10117 5301/3/10117
f 3846/1/10118 5213/2/10118 5167/3/10118
f 5237/1/10119 5220/2/10119 5221/3/10119
f 3846/1/10120 3820/2/10120 5213/3/10120
f 5233/1/10121 5226/2/10121 5214/3/10121
f 5234/1/10122 5223/2/10122 5229/3/10122
f 5235/1/10123 5237/2/10123 5221/3/10123
f 3852/1/10124 5231/2/10124 5223/3/10124
f 5236/1/10125 5230/2/10125 4446/3/10125
f 5235/1/10126 5225/2/10126 1708/3/10126
f 5236/1/10127 4446/2/10127 2335/3/10127
f 5235/1/10128 5221/2/10128 5225/3/10128
f 5237/1/10129 5233/2/10129 5214/3/10129
f 5237/1/10130 5214/2/10130 5220/3/10130
f 3849/1/10131 3846/2/10131 5167/3/10131
f 3811/1/10132 5234/2/10132 5229/3/10132
f 3811/1/10133 5229/2/10133 5226/3/10133
f 5240/1/10134 5250/2/10134 4432/3/10134
f 5234/1/10135 3852/2/10135 5223/3/10135
f 3821/1/10136 3811/2/10136 5226/3/10136
f 5239/1/10137 5240/2/10137 2301/3/10137
f 3821/1/10138 5226/2/10138 5233/3/10138
f 5236/1/10139 2335/2/10139 4447/3/10139
f 5241/1/10140 5167/2/10140 5217/3/10140
f 5242/1/10141 2301/2/10141 2299/3/10141
f 5241/1/10142 3849/2/10142 5167/3/10142
f 5242/1/10143 5239/2/10143 2301/3/10143
f 5244/1/10144 5176/2/10144 5198/3/10144
f 5243/1/10145 3821/2/10145 5233/3/10145
f 5243/1/10146 5233/2/10146 5237/3/10146
f 5245/1/10147 5235/2/10147 1708/3/10147
f 5242/1/10148 2299/2/10148 4434/3/10148
f 5245/1/10149 1708/2/10149 1725/3/10149
f 5247/1/10150 5243/2/10150 5237/3/10150
f 5248/1/10151 5249/2/10151 5250/3/10151
f 5241/1/10152 5217/2/10152 5251/3/10152
f 5252/1/10153 5236/2/10153 4447/3/10153
f 5248/1/10154 5250/2/10154 5240/3/10154
f 5247/1/10155 5237/2/10155 5235/3/10155
f 5254/1/10156 5242/2/10156 4434/3/10156
f 5245/1/10157 1725/2/10157 1739/3/10157
f 5254/1/10158 4434/2/10158 2297/3/10158
f 3804/1/10159 5247/2/10159 5235/3/10159
f 5253/1/10160 5228/2/10160 5212/3/10160
f 5247/1/10161 3796/2/10161 5243/3/10161
f 5245/1/10162 3804/2/10162 5235/3/10162
f 5255/1/10163 5248/2/10163 5240/3/10163
f 5255/1/10164 5240/2/10164 5239/3/10164
f 5245/1/10165 1739/2/10165 1754/3/10165
f 5246/1/10166 5224/2/10166 5176/3/10166
f 3804/1/10167 5245/2/10167 1754/3/10167
f 5240/1/10168 4432/2/10168 2301/3/10168
f 5256/1/10169 5254/2/10169 2297/3/10169
f 5256/1/10170 2297/2/10170 2294/3/10170
f 5252/1/10171 4447/2/10171 4449/3/10171
f 5285/1/10172 5219/2/10172 5232/3/10172
f 5254/1/10173 5182/2/10173 5242/3/10173
f 5182/1/10174 5257/2/10174 5242/3/10174
f 5256/1/10175 5183/2/10175 5181/3/10175
f 5248/1/10176 5258/2/10176 5249/3/10176
f 5218/1/10177 5238/2/10177 5281/3/10177
f 5257/1/10178 5239/2/10178 5242/3/10178
f 5253/1/10179 5212/2/10179 5219/3/10179
f 5257/1/10180 5255/2/10180 5239/3/10180
f 5259/1/10181 5183/2/10181 5256/3/10181
f 5260/1/10182 5261/2/10182 4437/3/10182
f 5264/1/10183 5261/2/10183 5260/3/10183
f 5264/1/10184 5268/2/10184 5261/3/10184
f 5266/1/10185 5252/2/10185 4449/3/10185
f 5262/1/10186 5265/2/10186 5297/3/10186
f 5267/1/10187 5261/2/10187 5268/3/10187
f 5259/1/10188 5256/2/10188 2294/3/10188
f 5259/1/10189 2294/2/10189 4435/3/10189
f 5271/1/10190 5270/2/10190 2279/3/10190
f 5272/1/10191 5244/2/10191 5198/3/10191
f 5272/1/10192 5198/2/10192 5230/3/10192
f 5267/1/10193 5268/2/10193 5274/3/10193
f 5269/1/10194 5297/2/10194 5169/3/10194
f 5275/1/10195 5276/2/10195 5271/3/10195
f 5280/1/10196 5267/2/10196 5274/3/10196
f 5280/1/10197 5278/2/10197 5267/3/10197
f 5275/1/10198 5271/2/10198 5310/3/10198
f 5310/1/10199 5279/2/10199 5275/3/10199
f 5207/1/10200 5276/2/10200 5275/3/10200
f 5248/1/10201 5263/2/10201 5258/3/10201
f 5266/1/10202 4449/2/10202 4451/3/10202
f 5244/1/10203 5246/2/10203 5176/3/10203
f 5309/1/10204 4435/2/10204 4437/3/10204
f 5280/1/10205 5203/2/10205 5210/3/10205
f 5207/1/10206 5281/2/10206 5282/3/10206
f 5309/1/10207 5259/2/10207 4435/3/10207
f 5282/1/10208 5238/2/10208 5232/3/10208
f 5261/1/10209 5309/2/10209 4437/3/10209
f 5232/1/10210 5284/2/10210 5285/3/10210
f 5284/1/10211 5286/2/10211 5285/3/10211
f 5286/1/10212 5284/2/10212 3834/3/10212
f 5288/1/10213 5266/2/10213 4451/3/10213
f 5289/1/10214 5257/2/10214 5182/3/10214
f 5290/1/10215 5230/2/10215 5236/3/10215
f 5254/1/10216 5256/2/10216 5181/3/10216
f 5290/1/10217 5272/2/10217 5230/3/10217
f 5262/1/10218 5263/2/10218 5248/3/10218
f 5291/1/10219 5283/2/10219 5216/3/10219
f 5291/1/10220 5216/2/10220 5224/3/10220
f 5293/1/10221 5284/2/10221 5238/3/10221
f 3826/1/10222 5241/2/10222 5251/3/10222
f 3826/1/10223 5251/2/10223 5292/3/10223
f 5288/1/10224 4451/2/10224 4452/3/10224
f 5270/1/10225 5271/2/10225 5276/3/10225
f 5270/1/10226 5276/2/10226 5295/3/10226
f 3828/1/10227 5292/2/10227 5228/3/10227
f 5265/1/10228 5262/2/10228 5248/3/10228
f 3828/1/10229 5228/2/10229 5253/3/10229
f 5265/1/10230 5248/2/10230 5255/3/10230
f 5291/1/10231 5224/2/10231 5246/3/10231
f 5188/1/10232 5289/2/10232 5182/3/10232
f 5293/1/10233 5238/2/10233 5277/3/10233
f 5188/1/10234 5182/2/10234 5181/3/10234
f 5298/1/10235 5288/2/10235 4452/3/10235
f 5299/1/10236 5279/2/10236 5310/3/10236
f 5300/1/10237 5290/2/10237 5236/3/10237
f 5300/1/10238 5236/2/10238 5252/3/10238
f 5275/1/10239 5279/2/10239 5207/3/10239
f 5301/1/10240 5279/2/10240 5299/3/10240
f 5302/1/10241 5291/2/10241 5246/3/10241
f 5274/1/10242 5203/2/10242 5280/3/10242
f 3828/1/10243 3826/2/10243 5292/3/10243
f 5183/1/10244 5188/2/10244 5181/3/10244
f 5273/1/10245 5255/2/10245 5257/3/10245
f 5273/1/10246 5265/2/10246 5255/3/10246
f 5294/1/10247 5264/2/10247 2287/3/10247
f 5294/1/10248 2287/2/10248 2286/3/10248
f 5298/1/10249 4452/2/10249 2329/3/10249
f 5281/1/10250 5238/2/10250 5282/3/10250
f 5251/1/10251 5217/2/10251 5222/3/10251
f 5266/1/10252 5300/2/10252 5252/3/10252
f 5222/1/10253 5228/2/10253 5292/3/10253
f 5238/1/10254 5284/2/10254 5232/3/10254
f 5291/1/10255 5305/2/10255 5283/3/10255
f 5200/1/10256 5273/2/10256 5257/3/10256
f 5200/1/10257 5257/2/10257 5289/3/10257
f 5306/1/10258 5298/2/10258 2329/3/10258
f 5278/1/10259 5303/2/10259 5309/3/10259
f 5308/1/10260 5246/2/10260 5244/3/10260
f 5308/1/10261 5302/2/10261 5246/3/10261
f 5276/1/10262 2286/2/10262 5295/3/10262
f 5287/1/10263 5253/2/10263 5285/3/10263
f 5276/1/10264 5294/2/10264 2286/3/10264
f 5309/1/10265 5303/2/10265 5259/3/10265
f 5269/1/10266 5263/2/10266 5262/3/10266
f 5264/1/10267 5260/2/10267 2287/3/10267
f 5309/1/10268 5261/2/10268 5267/3/10268
f 5163/1/10269 5188/2/10269 5183/3/10269
f 5296/1/10270 5268/2/10270 5264/3/10270
f 3830/1/10271 3828/2/10271 5253/3/10271
f 5276/1/10272 5199/2/10272 5294/3/10272
f 5306/1/10273 2329/2/10273 2327/3/10273
f 5297/1/10274 5269/2/10274 5262/3/10274
f 5310/1/10275 5271/2/10275 2279/3/10275
f 5267/1/10276 5278/2/10276 5309/3/10276
f 5278/1/10277 5280/2/10277 5210/3/10277
f 5286/1/10278 5287/2/10278 5285/3/10278
f 5188/1/10279 5200/2/10279 5289/3/10279
f 5287/1/10280 3830/2/10280 5253/3/10280
f 5312/1/10281 5306/2/10281 2327/3/10281
f 5273/1/10282 5297/2/10282 5265/3/10282
f 5164/1/10283 5163/2/10283 5183/3/10283
f 5164/1/10284 5183/2/10284 5303/3/10284
f 5222/1/10285 5292/2/10285 5251/3/10285
f 5312/1/10286 2327/2/10286 4393/3/10286
f 5184/1/10287 5308/2/10287 5244/3/10287
f 5184/1/10288 5244/2/10288 5272/3/10288
f 5166/1/10289 5300/2/10289 5266/3/10289
f 3834/1/10290 5284/2/10290 5293/3/10290
f 5179/1/10291 5312/2/10291 4393/3/10291
f 4441/1/10292 5310/2/10292 2279/3/10292
f 5169/1/10293 5297/2/10293 5273/3/10293
f 5169/1/10294 5273/2/10294 5202/3/10294
f 5278/1/10295 5164/2/10295 5303/3/10295
f 5178/1/10296 5187/2/10296 5288/3/10296
f 4441/1/10297 5299/2/10297 5310/3/10297
f 5178/1/10298 5288/2/10298 5298/3/10298
f 5278/1/10299 5206/2/10299 5164/3/10299
f 5276/1/10300 5207/2/10300 5199/3/10300
f 5193/1/10301 5305/2/10301 5291/3/10301
f 5166/1/10302 5266/2/10302 5288/3/10302
f 5180/1/10303 4393/2/10303 4394/3/10303
f 5180/1/10304 5179/2/10304 4393/3/10304
f 3839/1/10305 3834/2/10305 5293/3/10305
f 5282/1/10306 5232/2/10306 5304/3/10306
f 5171/1/10307 5272/2/10307 5290/3/10307
f 5171/1/10308 5184/2/10308 5272/3/10308
f 5193/1/10309 5291/2/10309 5302/3/10309
f 4442/1/10310 5299/2/10310 4441/3/10310
f 5274/1/10311 5268/2/10311 5296/3/10311
f 5187/1/10312 5166/2/10312 5288/3/10312
f 5253/1/10313 5219/2/10313 5285/3/10313
f 5178/1/10314 5298/2/10314 5306/3/10314
f 5277/1/10315 5238/2/10315 5218/3/10315
f 3841/1/10316 3839/2/10316 5293/3/10316
f 3841/1/10317 5293/2/10317 5305/3/10317
f 5286/1/10318 3834/2/10318 5287/3/10318
f 5189/1/10319 5193/2/10319 5302/3/10319
f 5311/1/10320 5274/2/10320 5296/3/10320
f 5168/1/10321 5163/2/10321 5164/3/10321
f 5307/1/10322 4394/2/10322 2324/3/10322
f 5307/1/10323 5180/2/10323 4394/3/10323
f 5177/1/10324 5178/2/10324 5306/3/10324
f 5314/1/10325 5294/2/10325 5199/3/10325
f 5172/1/10326 5171/2/10326 5290/3/10326
f 5172/1/10327 5290/2/10327 5300/3/10327
f 5193/1/10328 5174/2/10328 5305/3/10328
f 5174/1/10329 3841/2/10329 5305/3/10329
f 5190/1/10330 5202/2/10330 5273/3/10330
f 5190/1/10331 5273/2/10331 5200/3/10331
f 5206/1/10332 5168/2/10332 5164/3/10332
f 5315/1/10333 5296/2/10333 5314/3/10333
f 5315/1/10334 5311/2/10334 5296/3/10334
f 5307/1/10335 2324/2/10335 4397/3/10335
f 5301/1/10336 5299/2/10336 5216/3/10336
f 5177/1/10337 5306/2/10337 5312/3/10337
f 5166/1/10338 5172/2/10338 5300/3/10338
f 5315/1/10339 5304/2/10339 5219/3/10339
f 5191/1/10340 5269/2/10340 5169/3/10340
f 5227/1/10341 5216/2/10341 5283/3/10341
f 5277/1/10342 5218/2/10342 5227/3/10342
f 5277/1/10343 5227/2/10343 5283/3/10343
f 5165/1/10344 5302/2/10344 5308/3/10344
f 5165/1/10345 5189/2/10345 5302/3/10345
f 5313/1/10346 5307/2/10346 4397/3/10346
f 5277/1/10347 5283/2/10347 5305/3/10347
f 5196/1/10348 5177/2/10348 5312/3/10348
f 5305/1/10349 5293/2/10349 5277/3/10349
f 5173/1/10350 5174/2/10350 5193/3/10350
f 5221/1/10351 5220/2/10351 5196/3/10351
f 5303/1/10352 5183/2/10352 5259/3/10352
f 5170/1/10353 5184/2/10353 5171/3/10353
f 5185/1/10354 5299/2/10354 4442/3/10354
f 5296/1/10355 5264/2/10355 5294/3/10355
f 5296/1/10356 5294/2/10356 5314/3/10356
f 5210/1/10357 5206/2/10357 5278/3/10357
f 1640/1/10358 5313/2/10358 4397/3/10358
f 1640/1/10359 4397/2/10359 1639/3/10359
f 5179/1/10360 5196/2/10360 5312/3/10360
f 5194/1/10361 5190/2/10361 5200/3/10361
f 3843/1/10362 3841/2/10362 5174/3/10362
f 5194/1/10363 5200/2/10363 5195/3/10363
f 5304/1/10364 5314/2/10364 5199/3/10364
f 5304/1/10365 5315/2/10365 5314/3/10365
f 5322/1/10366 319/2/10366 3896/3/10366
f 5322/1/10367 5323/2/10367 319/3/10367
f 5335/1/10368 5933/2/10368 5968/3/10368
f 5436/1/10369 5905/2/10369 5341/3/10369
f 288/1/10370 5322/2/10370 3896/3/10370
f 288/1/10371 5318/2/10371 5322/3/10371
f 5339/1/10372 5333/2/10372 5332/3/10372
f 5368/1/10373 5321/2/10373 5981/3/10373
f 5366/1/10374 5367/2/10374 5336/3/10374
f 5368/1/10375 5981/2/10375 5339/3/10375
f 5321/1/10376 1214/2/10376 5983/3/10376
f 5370/1/10377 5945/2/10377 5934/3/10377
f 5332/1/10378 5318/2/10378 288/3/10378
f 5375/1/10379 5431/2/10379 5376/3/10379
f 5375/1/10380 5365/2/10380 5431/3/10380
f 5350/1/10381 5945/2/10381 5370/3/10381
f 5364/1/10382 5380/2/10382 5907/3/10382
f 5321/1/10383 1245/2/10383 1214/3/10383
f 5332/1/10384 288/2/10384 228/3/10384
f 5366/1/10385 5960/2/10385 5367/3/10385
f 5390/1/10386 5422/2/10386 5391/3/10386
f 5392/1/10387 5383/2/10387 5357/3/10387
f 5393/1/10388 5321/2/10388 5368/3/10388
f 228/1/10389 5339/2/10389 5332/3/10389
f 5397/1/10390 5852/2/10390 5398/3/10390
f 228/1/10391 203/2/10391 5339/3/10391
f 5397/1/10392 5336/2/10392 5852/3/10392
f 5399/1/10393 5400/2/10393 5379/3/10393
f 5348/1/10394 5972/2/10394 5326/3/10394
f 5404/1/10395 5354/2/10395 5396/3/10395
f 5393/1/10396 1245/2/10396 5321/3/10396
f 3898/1/10397 5339/2/10397 203/3/10397
f 3898/1/10398 5368/2/10398 5339/3/10398
f 5405/1/10399 5337/2/10399 5354/3/10399
f 3898/1/10400 5393/2/10400 5368/3/10400
f 3898/1/10401 3899/2/10401 5393/3/10401
f 5320/1/10402 5922/2/10402 5355/3/10402
f 5413/1/10403 5910/2/10403 5401/3/10403
f 5413/1/10404 5343/2/10404 5910/3/10404
f 3899/1/10405 1245/2/10405 5393/3/10405
f 1132/1/10406 1081/2/10406 5958/3/10406
f 871/1/10407 1245/2/10407 3899/3/10407
f 5417/1/10408 5345/2/10408 5959/3/10408
f 5417/1/10409 5959/2/10409 5335/3/10409
f 5415/1/10410 5416/2/10410 5418/3/10410
f 5421/1/10411 5415/2/10411 5420/3/10411
f 5423/1/10412 5357/2/10412 5340/3/10412
f 5421/1/10413 5420/2/10413 5424/3/10413
f 5425/1/10414 5424/2/10414 5426/3/10414
f 5425/1/10415 5421/2/10415 5424/3/10415
f 5427/1/10416 5344/2/10416 5428/3/10416
f 5429/1/10417 5425/2/10417 5426/3/10417
f 5381/1/10418 5374/2/10418 5929/3/10418
f 5430/1/10419 5407/2/10419 5338/3/10419
f 5431/1/10420 5429/2/10420 5432/3/10420
f 5433/1/10421 5396/2/10421 5346/3/10421
f 5434/1/10422 5385/2/10422 5400/3/10422
f 5376/1/10423 5431/2/10423 5432/3/10423
f 5376/1/10424 5432/2/10424 5383/3/10424
f 5435/1/10425 5411/2/10425 5436/3/10425
f 5437/1/10426 5918/2/10426 5408/3/10426
f 5437/1/10427 5351/2/10427 5918/3/10427
f 5392/1/10428 5438/2/10428 5376/3/10428
f 5392/1/10429 5376/2/10429 5383/3/10429
f 5557/1/10430 5441/2/10430 5442/3/10430
f 5557/1/10431 5442/2/10431 5440/3/10431
f 5445/1/10432 3873/2/10432 3860/3/10432
f 5341/1/10433 5954/2/10433 5345/3/10433
f 5446/1/10434 5436/2/10434 5341/3/10434
f 5447/1/10435 5353/2/10435 5320/3/10435
f 5448/1/10436 5379/2/10436 5358/3/10436
f 5447/1/10437 5352/2/10437 5353/3/10437
f 5366/1/10438 5409/2/10438 5960/3/10438
f 5449/1/10439 5380/2/10439 5364/3/10439
f 5450/1/10440 5338/2/10440 5935/3/10440
f 5450/1/10441 5935/2/10441 5411/3/10441
f 5451/1/10442 5348/2/10442 5326/3/10442
f 5452/1/10443 5388/2/10443 5389/3/10443
f 5358/1/10444 5359/2/10444 5402/3/10444
f 5434/1/10445 5362/2/10445 5385/3/10445
f 5454/1/10446 5334/2/10446 5365/3/10446
f 5454/1/10447 5365/2/10447 5375/3/10447
f 5455/1/10448 5317/2/10448 5360/3/10448
f 5455/1/10449 5316/2/10449 5317/3/10449
f 5456/1/10450 5337/2/10450 5405/3/10450
f 5457/1/10451 5374/2/10451 5381/3/10451
f 5496/1/10452 5395/2/10452 5384/3/10452
f 5430/1/10453 5406/2/10453 5407/3/10453
f 5458/1/10454 5377/2/10454 5329/3/10454
f 5402/1/10455 5403/2/10455 5406/3/10455
f 5319/1/10456 4407/2/10456 4409/3/10456
f 5414/1/10457 5330/2/10457 5331/3/10457
f 5417/1/10458 5341/2/10458 5345/3/10458
f 5459/1/10459 5387/2/10459 5412/3/10459
f 5460/1/10460 5968/2/10460 5377/3/10460
f 5460/1/10461 5335/2/10461 5968/3/10461
f 5461/1/10462 5340/2/10462 5350/3/10462
f 5462/1/10463 5371/2/10463 5372/3/10463
f 5462/1/10464 5372/2/10464 5352/3/10464
f 5394/1/10465 4420/2/10465 4425/3/10465
f 5362/1/10466 1218/2/10466 1117/3/10466
f 5362/1/10467 1117/2/10467 5347/3/10467
f 5405/1/10468 5354/2/10468 5404/3/10468
f 5463/1/10469 5404/2/10469 5396/3/10469
f 5463/1/10470 5396/2/10470 5433/3/10470
f 5249/1/10471 5328/2/10471 5250/3/10471
f 5399/1/10472 5434/2/10472 5400/3/10472
f 5392/1/10473 5357/2/10473 5423/3/10473
f 5465/1/10474 5350/2/10474 5370/3/10474
f 5466/1/10475 5360/2/10475 5361/3/10475
f 5457/1/10476 5329/2/10476 5374/3/10476
f 5453/1/10477 5447/2/10477 5320/3/10477
f 5468/1/10478 5344/2/10478 5427/3/10478
f 5469/1/10479 5341/2/10479 5417/3/10479
f 5470/1/10480 5379/2/10480 5448/3/10480
f 5356/1/10481 4420/2/10481 5373/3/10481
f 5470/1/10482 5399/2/10482 5379/3/10482
f 5471/1/10483 5342/2/10483 5343/3/10483
f 5471/1/10484 5343/2/10484 5413/3/10484
f 5473/1/10485 5336/2/10485 5397/3/10485
f 5430/1/10486 5338/2/10486 5450/3/10486
f 5474/1/10487 5903/2/10487 5363/3/10487
f 5435/1/10488 5436/2/10488 5446/3/10488
f 5474/1/10489 5369/2/10489 5903/3/10489
f 5475/1/10490 5464/2/10490 5419/3/10490
f 5477/1/10491 5362/2/10491 5434/3/10491
f 5476/1/10492 5324/2/10492 5349/3/10492
f 5462/1/10493 5381/2/10493 5371/3/10493
f 5478/1/10494 5388/2/10494 5452/3/10494
f 5479/1/10495 5326/2/10495 5334/3/10495
f 5479/1/10496 5334/2/10496 5454/3/10496
f 5478/1/10497 5325/2/10497 5388/3/10497
f 5480/1/10498 5434/2/10498 5399/3/10498
f 5481/1/10499 5337/2/10499 5456/3/10499
f 5481/1/10500 6240/2/10500 5337/3/10500
f 5468/1/10501 5408/2/10501 5344/3/10501
f 5384/1/10502 5328/2/10502 5249/3/10502
f 5482/1/10503 5412/2/10503 5386/3/10503
f 5472/1/10504 5391/2/10504 5327/3/10504
f 5483/1/10505 5380/2/10505 5449/3/10505
f 5483/1/10506 5386/2/10506 5380/3/10506
f 5485/1/10507 5346/2/10507 5348/3/10507
f 5485/1/10508 5433/2/10508 5346/3/10508
f 5438/1/10509 5375/2/10509 5376/3/10509
f 5486/1/10510 5417/2/10510 5335/3/10510
f 5486/1/10511 5335/2/10511 5460/3/10511
f 5455/1/10512 5401/2/10512 5316/3/10512
f 5487/1/10513 5422/2/10513 5390/3/10513
f 5487/1/10514 5414/2/10514 5422/3/10514
f 5488/1/10515 5358/2/10515 5402/3/10515
f 5489/1/10516 5411/2/10516 5435/3/10516
f 5423/1/10517 5340/2/10517 5461/3/10517
f 1207/1/10518 5351/2/10518 5437/3/10518
f 1207/1/10519 1132/2/10519 5351/3/10519
f 5467/1/10520 5327/2/10520 5410/3/10520
f 5490/1/10521 5457/2/10521 5381/3/10521
f 5491/1/10522 5405/2/10522 5404/3/10522
f 5492/1/10523 5428/2/10523 5342/3/10523
f 5492/1/10524 5342/2/10524 5471/3/10524
f 5493/1/10525 5361/2/10525 5409/3/10525
f 5477/1/10526 1304/2/10526 1218/3/10526
f 5473/1/10527 5366/2/10527 5336/3/10527
f 5477/1/10528 1218/2/10528 5362/3/10528
f 5494/1/10529 5462/2/10529 5352/3/10529
f 5463/1/10530 5491/2/10530 5404/3/10530
f 5495/1/10531 5409/2/10531 5366/3/10531
f 5481/1/10532 5419/2/10532 6240/3/10532
f 5497/1/10533 5446/2/10533 5341/3/10533
f 5497/1/10534 5341/2/10534 5469/3/10534
f 5474/1/10535 5467/2/10535 5410/3/10535
f 5474/1/10536 5410/2/10536 5369/3/10536
f 5499/1/10537 5435/2/10537 5446/3/10537
f 5501/1/10538 5375/2/10538 5438/3/10538
f 5502/1/10539 5363/2/10539 5387/3/10539
f 5461/1/10540 5350/2/10540 5465/3/10540
f 5502/1/10541 5387/2/10541 5459/3/10541
f 5355/1/10542 5325/2/10542 5478/3/10542
f 5484/1/10543 5464/2/10543 5475/3/10543
f 5504/1/10544 5330/2/10544 5414/3/10544
f 5504/1/10545 5398/2/10545 5330/3/10545
f 5488/1/10546 5448/2/10546 5358/3/10546
f 5489/1/10547 5450/2/10547 5411/3/10547
f 5505/1/10548 5402/2/10548 5406/3/10548
f 5476/1/10549 5364/2/10549 5324/3/10549
f 5507/1/10550 5401/2/10550 5455/3/10550
f 5536/1/10551 5319/2/10551 4409/3/10551
f 5455/1/10552 5360/2/10552 5466/3/10552
f 5508/1/10553 5412/2/10553 5482/3/10553
f 5510/1/10554 5329/2/10554 5457/3/10554
f 5510/1/10555 5458/2/10555 5329/3/10555
f 5511/1/10556 5438/2/10556 5392/3/10556
f 5512/1/10557 5406/2/10557 5430/3/10557
f 5475/1/10558 5419/2/10558 5481/3/10558
f 5513/1/10559 5430/2/10559 5450/3/10559
f 5494/1/10560 5352/2/10560 5447/3/10560
f 5498/1/10561 5394/2/10561 4425/3/10561
f 5514/1/10562 5433/2/10562 5485/3/10562
f 5514/1/10563 5463/2/10563 5433/3/10563
f 1266/1/10564 5408/2/10564 5468/3/10564
f 1266/1/10565 5437/2/10565 5408/3/10565
f 5439/1/10566 5389/2/10566 5395/3/10566
f 5439/1/10567 5395/2/10567 5496/3/10567
f 5516/1/10568 5460/2/10568 5377/3/10568
f 5517/1/10569 5326/2/10569 5479/3/10569
f 5509/1/10570 5490/2/10570 5381/3/10570
f 5517/1/10571 5451/2/10571 5326/3/10571
f 5501/1/10572 5454/2/10572 5375/3/10572
f 5518/1/10573 5366/2/10573 5473/3/10573
f 5516/1/10574 5486/2/10574 5460/3/10574
f 5491/1/10575 5456/2/10575 5405/3/10575
f 5520/1/10576 5934/2/10576 5921/3/10576
f 5519/1/10577 5450/2/10577 5489/3/10577
f 5521/1/10578 5320/2/10578 5355/3/10578
f 5466/1/10579 5361/2/10579 5493/3/10579
f 5522/1/10580 5448/2/10580 5488/3/10580
f 5523/1/10581 5480/2/10581 5399/3/10581
f 5523/1/10582 5399/2/10582 5470/3/10582
f 5485/1/10583 5348/2/10583 5451/3/10583
f 5524/1/10584 5500/2/10584 5392/3/10584
f 5524/1/10585 5392/2/10585 5423/3/10585
f 5505/1/10586 5488/2/10586 5402/3/10586
f 5525/1/10587 5469/2/10587 5417/3/10587
f 5525/1/10588 5417/2/10588 5486/3/10588
f 5526/1/10589 5349/2/10589 5356/3/10589
f 5511/1/10590 5392/2/10590 5500/3/10590
f 5527/1/10591 5447/2/10591 5453/3/10591
f 5528/1/10592 5491/2/10592 5463/3/10592
f 5507/1/10593 5413/2/10593 5401/3/10593
f 1266/1/10594 1207/2/10594 5437/3/10594
f 5509/1/10595 5381/2/10595 5462/3/10595
f 5529/1/10596 5378/2/10596 5319/3/10596
f 5529/1/10597 5319/2/10597 5536/3/10597
f 5503/1/10598 5414/2/10598 5487/3/10598
f 5516/1/10599 5377/2/10599 5458/3/10599
f 5459/1/10600 5412/2/10600 5508/3/10600
f 5499/1/10601 5446/2/10601 5497/3/10601
f 5530/1/10602 5454/2/10602 5501/3/10602
f 5519/1/10603 5513/2/10603 5450/3/10603
f 5489/1/10604 5435/2/10604 5499/3/10604
f 5370/1/10605 5934/2/10605 5520/3/10605
f 5531/1/10606 5496/2/10606 5384/3/10606
f 5522/1/10607 5470/2/10607 5448/3/10607
f 5518/1/10608 5506/2/10608 5366/3/10608
f 5532/1/10609 5394/2/10609 5498/3/10609
f 5533/1/10610 5364/2/10610 5476/3/10610
f 5534/1/10611 5423/2/10611 5461/3/10611
f 5258/1/10612 5384/2/10612 5249/3/10612
f 5535/1/10613 5390/2/10613 5391/3/10613
f 5535/1/10614 5391/2/10614 5472/3/10614
f 5482/1/10615 5386/2/10615 5483/3/10615
f 5537/1/10616 5397/2/10616 5398/3/10616
f 5537/1/10617 5398/2/10617 5504/3/10617
f 5538/1/10618 5428/2/10618 5492/3/10618
f 5538/1/10619 5427/2/10619 5428/3/10619
f 5539/1/10620 5477/2/10620 5434/3/10620
f 5539/1/10621 5434/2/10621 5480/3/10621
f 5540/1/10622 5501/2/10622 5438/3/10622
f 5540/1/10623 5438/2/10623 5511/3/10623
f 5495/1/10624 5366/2/10624 5506/3/10624
f 5542/1/10625 5462/2/10625 5494/3/10625
f 5543/1/10626 5406/2/10626 5512/3/10626
f 5544/1/10627 5409/2/10627 5495/3/10627
f 5544/1/10628 5493/2/10628 5409/3/10628
f 5545/1/10629 5475/2/10629 5481/3/10629
f 5543/1/10630 5505/2/10630 5406/3/10630
f 5530/1/10631 5479/2/10631 5454/3/10631
f 5546/1/10632 5413/2/10632 5507/3/10632
f 5547/1/10633 5470/2/10633 5522/3/10633
f 5528/1/10634 5463/2/10634 5514/3/10634
f 5513/1/10635 5512/2/10635 5430/3/10635
f 5536/1/10636 4409/2/10636 4413/3/10636
f 5549/1/10637 5455/2/10637 5466/3/10637
f 5550/1/10638 5483/2/10638 5449/3/10638
f 5551/1/10639 5481/2/10639 5456/3/10639
f 5532/1/10640 5373/2/10640 5394/3/10640
f 5525/1/10641 5497/2/10641 5469/3/10641
f 5551/1/10642 5456/2/10642 5491/3/10642
f 5552/1/10643 5510/2/10643 5457/3/10643
f 5552/1/10644 5457/2/10644 5490/3/10644
f 5520/1/10645 5921/2/10645 5382/3/10645
f 5541/1/10646 5531/2/10646 5384/3/10646
f 5553/1/10647 5453/2/10647 5320/3/10647
f 5476/1/10648 5349/2/10648 5526/3/10648
f 5554/1/10649 5480/2/10649 5523/3/10649
f 5494/1/10650 5447/2/10650 5527/3/10650
f 5555/1/10651 5516/2/10651 5458/3/10651
f 5555/1/10652 5458/2/10652 5510/3/10652
f 5557/1/10653 5521/2/10653 5355/3/10653
f 5556/1/10654 5364/2/10654 5533/3/10654
f 5539/1/10655 1304/2/10655 5477/3/10655
f 5541/1/10656 5384/2/10656 5258/3/10656
f 5557/1/10657 5355/2/10657 5478/3/10657
f 5558/1/10658 5490/2/10658 5509/3/10658
f 5559/1/10659 5519/2/10659 5489/3/10659
f 5560/1/10660 5451/2/10660 5517/3/10660
f 5560/1/10661 5485/2/10661 5451/3/10661
f 5561/1/10662 5461/2/10662 5465/3/10662
f 5509/1/10663 5462/2/10663 5542/3/10663
f 5562/1/10664 1266/2/10664 5468/3/10664
f 5563/1/10665 5489/2/10665 5499/3/10665
f 5564/1/10666 5507/2/10666 5455/3/10666
f 5498/1/10667 4425/2/10667 4427/3/10667
f 5565/1/10668 5512/2/10668 5513/3/10668
f 5550/1/10669 5449/2/10669 5364/3/10669
f 5566/1/10670 5515/2/10670 5484/3/10670
f 5567/1/10671 5525/2/10671 5486/3/10671
f 5546/1/10672 5471/2/10672 5413/3/10672
f 5568/1/10673 5494/2/10673 5527/3/10673
f 5555/1/10674 5510/2/10674 5552/3/10674
f 5553/1/10675 5320/2/10675 5521/3/10675
f 5569/1/10676 5474/2/10676 5363/3/10676
f 5569/1/10677 5363/2/10677 5502/3/10677
f 5382/1/10678 5378/2/10678 5529/3/10678
f 5570/1/10679 5468/2/10679 5427/3/10679
f 5570/1/10680 5427/2/10680 5538/3/10680
f 1369/1/10681 1304/2/10681 5539/3/10681
f 5571/1/10682 5466/2/10682 5493/3/10682
f 5572/1/10683 5475/2/10683 5545/3/10683
f 5572/1/10684 5484/2/10684 5475/3/10684
f 5553/1/10685 5527/2/10685 5453/3/10685
f 5573/1/10686 5505/2/10686 5543/3/10686
f 5573/1/10687 5488/2/10687 5505/3/10687
f 5504/1/10688 5414/2/10688 5503/3/10688
f 5574/1/10689 5501/2/10689 5540/3/10689
f 5574/1/10690 5530/2/10690 5501/3/10690
f 5563/1/10691 5559/2/10691 5489/3/10691
f 5576/1/10692 5373/2/10692 5532/3/10692
f 5547/1/10693 5523/2/10693 5470/3/10693
f 5579/1/10694 5539/2/10694 5480/3/10694
f 5579/1/10695 5480/2/10695 5554/3/10695
f 5526/1/10696 5356/2/10696 5373/3/10696
f 5581/1/10697 5577/2/10697 5578/3/10697
f 5582/1/10698 5482/2/10698 5483/3/10698
f 5542/1/10699 5575/2/10699 5509/3/10699
f 5583/1/10700 5397/2/10700 5537/3/10700
f 5583/1/10701 5473/2/10701 5397/3/10701
f 5584/1/10702 5577/2/10702 5581/3/10702
f 5467/1/10703 5472/2/10703 5327/3/10703
f 5543/1/10704 5512/2/10704 5565/3/10704
f 5545/1/10705 5481/2/10705 5551/3/10705
f 5585/1/10706 5497/2/10706 5525/3/10706
f 5586/1/10707 5548/2/10707 5515/3/10707
f 5587/1/10708 5516/2/10708 5555/3/10708
f 5587/1/10709 5486/2/10709 5516/3/10709
f 4448/1/10710 5581/2/10710 5578/3/10710
f 4448/1/10711 5578/2/10711 4444/3/10711
f 5588/1/10712 5467/2/10712 5474/3/10712
f 5551/1/10713 5491/2/10713 5528/3/10713
f 5564/1/10714 5455/2/10714 5549/3/10714
f 6149/1/10715 5577/2/10715 5584/3/10715
f 5590/1/10716 5517/2/10716 5479/3/10716
f 5590/1/10717 5479/2/10717 5530/3/10717
f 5591/1/10718 5528/2/10718 5514/3/10718
f 5592/1/10719 5581/2/10719 4448/3/10719
f 5593/1/10720 5471/2/10720 5546/3/10720
f 5593/1/10721 5492/2/10721 5471/3/10721
f 5594/1/10722 5514/2/10722 5485/3/10722
f 5594/1/10723 5485/2/10723 5560/3/10723
f 5524/1/10724 5423/2/10724 5534/3/10724
f 5580/1/10725 5525/2/10725 5567/3/10725
f 5595/1/10726 5584/2/10726 5581/3/10726
f 5575/1/10727 5558/2/10727 5509/3/10727
f 5596/1/10728 5500/2/10728 5524/3/10728
f 5597/1/10729 5472/2/10729 5467/3/10729
f 5556/1/10730 5550/2/10730 5364/3/10730
f 5598/1/10731 5523/2/10731 5547/3/10731
f 5599/1/10732 5547/2/10732 5522/3/10732
f 5600/1/10733 5390/2/10733 5535/3/10733
f 5600/1/10734 5487/2/10734 5390/3/10734
f 5579/1/10735 1369/2/10735 5539/3/10735
f 6149/1/10736 5584/2/10736 5595/3/10736
f 5602/1/10737 5502/2/10737 5459/3/10737
f 5602/1/10738 5459/2/10738 5508/3/10738
f 5601/1/10739 5581/2/10739 5592/3/10739
f 5552/1/10740 5490/2/10740 5558/3/10740
f 5585/1/10741 5499/2/10741 5497/3/10741
f 5595/1/10742 5581/2/10742 5601/3/10742
f 5582/1/10743 5483/2/10743 5550/3/10743
f 5604/1/10744 5546/2/10744 5507/3/10744
f 5604/1/10745 5507/2/10745 5564/3/10745
f 5573/1/10746 5522/2/10746 5488/3/10746
f 5592/1/10747 4448/2/10747 4453/3/10747
f 5586/1/10748 5515/2/10748 5566/3/10748
f 5587/1/10749 5567/2/10749 5486/3/10749
f 5605/1/10750 5566/2/10750 5484/3/10750
f 5605/1/10751 5484/2/10751 5572/3/10751
f 5606/1/10752 6095/2/10752 5589/3/10752
f 5607/1/10753 6149/2/10753 5595/3/10753
f 5439/1/10754 5496/2/10754 5531/3/10754
f 5608/1/10755 5589/2/10755 6149/3/10755
f 5609/1/10756 5506/2/10756 5518/3/10756
f 5611/1/10757 5537/2/10757 5504/3/10757
f 5612/1/10758 5551/2/10758 5528/3/10758
f 5603/1/10759 5555/2/10759 5552/3/10759
f 5606/1/10760 5589/2/10760 5608/3/10760
f 5608/1/10761 6149/2/10761 5607/3/10761
f 5601/1/10762 5592/2/10762 4453/3/10762
f 1437/1/10763 1369/2/10763 5579/3/10763
f 5585/1/10764 5525/2/10764 5580/3/10764
f 5606/1/10765 5610/2/10765 6095/3/10765
f 5443/1/10766 5478/2/10766 5452/3/10766
f 5613/1/10767 5549/2/10767 5466/3/10767
f 5613/1/10768 5466/2/10768 5571/3/10768
f 5614/1/10769 5595/2/10769 5601/3/10769
f 5615/1/10770 5499/2/10770 5585/3/10770
f 5617/1/10771 5543/2/10771 5565/3/10771
f 5562/1/10772 5468/2/10772 5570/3/10772
f 5619/1/10773 5545/2/10773 5551/3/10773
f 5619/1/10774 5572/2/10774 5545/3/10774
f 5621/1/10775 5601/2/10775 4453/3/10775
f 5607/1/10776 5595/2/10776 5614/3/10776
f 5465/1/10777 5370/2/10777 5644/3/10777
f 5622/1/10778 5569/2/10778 5502/3/10778
f 5623/1/10779 5606/2/10779 5608/3/10779
f 5618/1/10780 5610/2/10780 5606/3/10780
f 5624/1/10781 5567/2/10781 5587/3/10781
f 5614/1/10782 5601/2/10782 5621/3/10782
f 5625/1/10783 5519/2/10783 5559/3/10783
f 5626/1/10784 5527/2/10784 5553/3/10784
f 5627/1/10785 5540/2/10785 5511/3/10785
f 5628/1/10786 5587/2/10786 5555/3/10786
f 5629/1/10787 5565/2/10787 5513/3/10787
f 5630/1/10788 5518/2/10788 5473/3/10788
f 5630/1/10789 5473/2/10789 5583/3/10789
f 5629/1/10790 5513/2/10790 5519/3/10790
f 5511/1/10791 5500/2/10791 5596/3/10791
f 5568/1/10792 5542/2/10792 5494/3/10792
f 5632/1/10793 5467/2/10793 5588/3/10793
f 5633/1/10794 5554/2/10794 5523/3/10794
f 5633/1/10795 5523/2/10795 5598/3/10795
f 5635/1/10796 5607/2/10796 5614/3/10796
f 5636/1/10797 5608/2/10797 5607/3/10797
f 5615/1/10798 5563/2/10798 5499/3/10798
f 5598/1/10799 5547/2/10799 5599/3/10799
f 5557/1/10800 5478/2/10800 5443/3/10800
f 5638/1/10801 5591/2/10801 5514/3/10801
f 5638/1/10802 5514/2/10802 5594/3/10802
f 5639/1/10803 5618/2/10803 5606/3/10803
f 5617/1/10804 5573/2/10804 5543/3/10804
f 5639/1/10805 5606/2/10805 5623/3/10805
f 5444/1/10806 5389/2/10806 5439/3/10806
f 5444/1/10807 5452/2/10807 5389/3/10807
f 5599/1/10808 5522/2/10808 5573/3/10808
f 5640/1/10809 5552/2/10809 5558/3/10809
f 5641/1/10810 5373/2/10810 5576/3/10810
f 5641/1/10811 5526/2/10811 5373/3/10811
f 5642/1/10812 5575/2/10812 5542/3/10812
f 5643/1/10813 5504/2/10813 5503/3/10813
f 5642/1/10814 5542/2/10814 5568/3/10814
f 5636/1/10815 5607/2/10815 5635/3/10815
f 5644/1/10816 5370/2/10816 5520/3/10816
f 5645/1/10817 5538/2/10817 5492/3/10817
f 5645/1/10818 5492/2/10818 5593/3/10818
f 5658/1/10819 5620/2/10819 5618/3/10819
f 5658/1/10820 5618/2/10820 5639/3/10820
f 5646/1/10821 5590/2/10821 5530/3/10821
f 5646/1/10822 5530/2/10822 5574/3/10822
f 5647/1/10823 5571/2/10823 5493/3/10823
f 5647/1/10824 5493/2/10824 5544/3/10824
f 5588/1/10825 5474/2/10825 5569/3/10825
f 5649/1/10826 5524/2/10826 5534/3/10826
f 5631/1/10827 5603/2/10827 5552/3/10827
f 5650/1/10828 5476/2/10828 5526/3/10828
f 5651/1/10829 5503/2/10829 5487/3/10829
f 5653/1/10830 5560/2/10830 5517/3/10830
f 5653/1/10831 5517/2/10831 5590/3/10831
f 5651/1/10832 5487/2/10832 5600/3/10832
f 5654/1/10833 5608/2/10833 5636/3/10833
f 5652/1/10834 5585/2/10834 5580/3/10834
f 5654/1/10835 5623/2/10835 5608/3/10835
f 5597/1/10836 5535/2/10836 5472/3/10836
f 5563/1/10837 5625/2/10837 5559/3/10837
f 5715/1/10838 5532/2/10838 5498/3/10838
f 5656/1/10839 5548/2/10839 5586/3/10839
f 5658/1/10840 5634/2/10840 5620/3/10840
f 5659/1/10841 5563/2/10841 5615/3/10841
f 5631/1/10842 5552/2/10842 5640/3/10842
f 5660/1/10843 5558/2/10843 5575/3/10843
f 5661/1/10844 5621/2/10844 4453/3/10844
f 5662/1/10845 5534/2/10845 5461/3/10845
f 5661/1/10846 4453/2/10846 4395/3/10846
f 5662/1/10847 5461/2/10847 5561/3/10847
f 5657/1/10848 5573/2/10848 5617/3/10848
f 5663/1/10849 5614/2/10849 5621/3/10849
f 5663/1/10850 5635/2/10850 5614/3/10850
f 5650/1/10851 5533/2/10851 5476/3/10851
f 5586/1/10852 5566/2/10852 5605/3/10852
f 5665/1/10853 5648/2/10853 5634/3/10853
f 5665/1/10854 5634/2/10854 5658/3/10854
f 5666/1/10855 5574/2/10855 5540/3/10855
f 1525/1/10856 1437/2/10856 5579/3/10856
f 5667/1/10857 5551/2/10857 5612/3/10857
f 5609/1/10858 5495/2/10858 5506/3/10858
f 5668/1/10859 5593/2/10859 5546/3/10859
f 5668/1/10860 5546/2/10860 5604/3/10860
f 5669/1/10861 5623/2/10861 5654/3/10861
f 5669/1/10862 5639/2/10862 5623/3/10862
f 5443/1/10863 5452/2/10863 5444/3/10863
f 5670/1/10864 5535/2/10864 5597/3/10864
f 5627/1/10865 5666/2/10865 5540/3/10865
f 5671/1/10866 5636/2/10866 5635/3/10866
f 5672/1/10867 5579/2/10867 5554/3/10867
f 5672/1/10868 5554/2/10868 5633/3/10868
f 5673/1/10869 5508/2/10869 5482/3/10869
f 5674/1/10870 5568/2/10870 5527/3/10870
f 5632/1/10871 5597/2/10871 5467/3/10871
f 5612/1/10872 5528/2/10872 5591/3/10872
f 5675/1/10873 5482/2/10873 5582/3/10873
f 5613/1/10874 5564/2/10874 5549/3/10874
f 5637/1/10875 5382/2/10875 5529/3/10875
f 5628/1/10876 5555/2/10876 5603/3/10876
f 5656/1/10877 5616/2/10877 5548/3/10877
f 5629/1/10878 5519/2/10878 5625/3/10878
f 5671/1/10879 5654/2/10879 5636/3/10879
f 5617/1/10880 5565/2/10880 5629/3/10880
f 5676/1/10881 5537/2/10881 5611/3/10881
f 5676/1/10882 5583/2/10882 5537/3/10882
f 5677/1/10883 5658/2/10883 5639/3/10883
f 5677/1/10884 5639/2/10884 5669/3/10884
f 5642/1/10885 5660/2/10885 5575/3/10885
f 5678/1/10886 5621/2/10886 5661/3/10886
f 5655/1/10887 5498/2/10887 4427/3/10887
f 5679/1/10888 5591/2/10888 5638/3/10888
f 5680/1/10889 5624/2/10889 5587/3/10889
f 5680/1/10890 5587/2/10890 5628/3/10890
f 5624/1/10891 5580/2/10891 5567/3/10891
f 5671/1/10892 5635/2/10892 5663/3/10892
f 5627/1/10893 5511/2/10893 5664/3/10893
f 5682/1/10894 5626/2/10894 5553/3/10894
f 5681/1/10895 5648/2/10895 5665/3/10895
f 5682/1/10896 5553/2/10896 5521/3/10896
f 5683/1/10897 5648/2/10897 5681/3/10897
f 5684/1/10898 5518/2/10898 5630/3/10898
f 5684/1/10899 5609/2/10899 5518/3/10899
f 5667/1/10900 5619/2/10900 5551/3/10900
f 5685/1/10901 5603/2/10901 5631/3/10901
f 5596/1/10902 5524/2/10902 5649/3/10902
f 5686/1/10903 5665/2/10903 5658/3/10903
f 5687/1/10904 5654/2/10904 5671/3/10904
f 5688/1/10905 5598/2/10905 5599/3/10905
f 5663/1/10906 5621/2/10906 5678/3/10906
f 1477/1/10907 5562/2/10907 5570/3/10907
f 5611/1/10908 5504/2/10908 5643/3/10908
f 5689/1/10909 5536/2/10909 4413/3/10909
f 5690/1/10910 5573/2/10910 5657/3/10910
f 5690/1/10911 5599/2/10911 5573/3/10911
f 5691/1/10912 5605/2/10912 5572/3/10912
f 5693/1/10913 5572/2/10913 5619/3/10913
f 5687/1/10914 5669/2/10914 5654/3/10914
f 5694/1/10915 5570/2/10915 5538/3/10915
f 5694/1/10916 5538/2/10916 5645/3/10916
f 5695/1/10917 5585/2/10917 5652/3/10917
f 5695/1/10918 5615/2/10918 5585/3/10918
f 5696/1/10919 5576/2/10919 5532/3/10919
f 5696/1/10920 5532/2/10920 5715/3/10920
f 5664/1/10921 5511/2/10921 5596/3/10921
f 5697/1/10922 5671/2/10922 5663/3/10922
f 5674/1/10923 5527/2/10923 5626/3/10923
f 5698/1/10924 5563/2/10924 5659/3/10924
f 5699/1/10925 5683/2/10925 5681/3/10925
f 5700/1/10926 5560/2/10926 5653/3/10926
f 5700/1/10927 5594/2/10927 5560/3/10927
f 5701/1/10928 5658/2/10928 5677/3/10928
f 5637/1/10929 5529/2/10929 5536/3/10929
f 5703/1/10930 5564/2/10930 5613/3/10930
f 5703/1/10931 5604/2/10931 5564/3/10931
f 5704/1/10932 5495/2/10932 5609/3/10932
f 5640/1/10933 5558/2/10933 5660/3/10933
f 5440/1/10934 5521/2/10934 5557/3/10934
f 5705/1/10935 5616/2/10935 5656/3/10935
f 5673/1/10936 5602/2/10936 5508/3/10936
f 5675/1/10937 5673/2/10937 5482/3/10937
f 5677/1/10938 5669/2/10938 5687/3/10938
f 5681/1/10939 5665/2/10939 5686/3/10939
f 5706/1/10940 5619/2/10940 5667/3/10940
f 5686/1/10941 5658/2/10941 5701/3/10941
f 5707/1/10942 5613/2/10942 5571/3/10942
f 5707/1/10943 5571/2/10943 5647/3/10943
f 5652/1/10944 5580/2/10944 5624/3/10944
f 5695/1/10945 5659/2/10945 5615/3/10945
f 5710/1/10946 5624/2/10946 5680/3/10946
f 5711/1/10947 5697/2/10947 5663/3/10947
f 1525/1/10948 5579/2/10948 5672/3/10948
f 5649/1/10949 5534/2/10949 5662/3/10949
f 4430/1/10950 5655/2/10950 4427/3/10950
f 5712/1/10951 5597/2/10951 5632/3/10951
f 5713/1/10952 5671/2/10952 5697/3/10952
f 5714/1/10953 5657/2/10953 5617/3/10953
f 5713/1/10954 5687/2/10954 5671/3/10954
f 5715/1/10955 5498/2/10955 5655/3/10955
f 5702/1/10956 5683/2/10956 5699/3/10956
f 5716/1/10957 5677/2/10957 5687/3/10957
f 5717/1/10958 5681/2/10958 5686/3/10958
f 5643/1/10959 5503/2/10959 5651/3/10959
f 5718/1/10960 5617/2/10960 5629/3/10960
f 5719/1/10961 5590/2/10961 5646/3/10961
f 5719/1/10962 5653/2/10962 5590/3/10962
f 5720/1/10963 5533/2/10963 5650/3/10963
f 5721/1/10964 5569/2/10964 5622/3/10964
f 5698/1/10965 5625/2/10965 5563/3/10965
f 5722/1/10966 5550/2/10966 5556/3/10966
f 5723/1/10967 5685/2/10967 5631/3/10967
f 5724/1/10968 5697/2/10968 5711/3/10968
f 5685/1/10969 5628/2/10969 5603/3/10969
f 5650/1/10970 5526/2/10970 5641/3/10970
f 5691/1/10971 5572/2/10971 5693/3/10971
f 5727/1/10972 5561/2/10972 5465/3/10972
f 5705/1/10973 5692/2/10973 5616/3/10973
f 5709/1/10974 5659/2/10974 5695/3/10974
f 5729/1/10975 5593/2/10975 5668/3/10975
f 5728/1/10976 5699/2/10976 5681/3/10976
f 5728/1/10977 5681/2/10977 5717/3/10977
f 5729/1/10978 5645/2/10978 5593/3/10978
f 5716/1/10979 5701/2/10979 5677/3/10979
f 5730/1/10980 5598/2/10980 5688/3/10980
f 4399/1/10981 5661/2/10981 4395/3/10981
f 5730/1/10982 5633/2/10982 5598/3/10982
f 5706/1/10983 5693/2/10983 5619/3/10983
f 5694/1/10984 1477/2/10984 5570/3/10984
f 5856/1/10985 4413/2/10985 4415/3/10985
f 5670/1/10986 5597/2/10986 5712/3/10986
f 5711/1/10987 5663/2/10987 5678/3/10987
f 5713/1/10988 5697/2/10988 5724/3/10988
f 5732/1/10989 5576/2/10989 5696/3/10989
f 5733/1/10990 5702/2/10990 5699/3/10990
f 5734/1/10991 5678/2/10991 5661/3/10991
f 5734/1/10992 5661/2/10992 4399/3/10992
f 5704/1/10993 5544/2/10993 5495/3/10993
f 5441/1/10994 5557/2/10994 5443/3/10994
f 5717/1/10995 5686/2/10995 5701/3/10995
f 5735/1/10996 5591/2/10996 5679/3/10996
f 5736/1/10997 5600/2/10997 5535/3/10997
f 5737/1/10998 5716/2/10998 5687/3/10998
f 5737/1/10999 5687/2/10999 5713/3/10999
f 5735/1/11000 5612/2/11000 5591/3/11000
f 5709/1/11001 5698/2/11001 5659/3/11001
f 5736/1/11002 5535/2/11002 5670/3/11002
f 5738/1/11003 5599/2/11003 5690/3/11003
f 5738/1/11004 5688/2/11004 5599/3/11004
f 5440/1/11005 5682/2/11005 5521/3/11005
f 5739/1/11006 5583/2/11006 5676/3/11006
f 5718/1/11007 5714/2/11007 5617/3/11007
f 5723/1/11008 5631/2/11008 5640/3/11008
f 5740/1/11009 5628/2/11009 5685/3/11009
f 5741/1/11010 5502/2/11010 5602/3/11010
f 5741/1/11011 5622/2/11011 5502/3/11011
f 5726/1/11012 5702/2/11012 5731/3/11012
f 5263/1/11013 5541/2/11013 5258/3/11013
f 5674/1/11014 5642/2/11014 5568/3/11014
f 5731/1/11015 5702/2/11015 5733/3/11015
f 5744/1/11016 5627/2/11016 5664/3/11016
f 5733/1/11017 5699/2/11017 5728/3/11017
f 5745/1/11018 5695/2/11018 5652/3/11018
f 5711/1/11019 5678/2/11019 5734/3/11019
f 5746/1/11020 5586/2/11020 5605/3/11020
f 5748/1/11021 5588/2/11021 5569/3/11021
f 5747/1/11022 5692/2/11022 5705/3/11022
f 5749/1/11023 5657/2/11023 5714/3/11023
f 5750/1/11024 5605/2/11024 5691/3/11024
f 5689/1/11025 4413/2/11025 5856/3/11025
f 5703/1/11026 5613/2/11026 5725/3/11026
f 5737/1/11027 5713/2/11027 5743/3/11027
f 5646/1/11028 5574/2/11028 5666/3/11028
f 5751/1/11029 5701/2/11029 5716/3/11029
f 5752/1/11030 5624/2/11030 5710/3/11030
f 5752/1/11031 5652/2/11031 5624/3/11031
f 5689/1/11032 5637/2/11032 5536/3/11032
f 1536/1/11033 1477/2/11033 5694/3/11033
f 5731/1/11034 5418/2/11034 5726/3/11034
f 5753/1/11035 5604/2/11035 5703/3/11035
f 5753/1/11036 5668/2/11036 5604/3/11036
f 5754/1/11037 5465/2/11037 5644/3/11037
f 1590/1/11038 1525/2/11038 5672/3/11038
f 5582/1/11039 5550/2/11039 5722/3/11039
f 5755/1/11040 5728/2/11040 5717/3/11040
f 5725/1/11041 5613/2/11041 5707/3/11041
f 5756/1/11042 5594/2/11042 5700/3/11042
f 5756/1/11043 5638/2/11043 5594/3/11043
f 5708/1/11044 5642/2/11044 5674/3/11044
f 5739/1/11045 5630/2/11045 5583/3/11045
f 5757/1/11046 5672/2/11046 5633/3/11046
f 5758/1/11047 5733/2/11047 5728/3/11047
f 5757/1/11048 5633/2/11048 5730/3/11048
f 5759/1/11049 5660/2/11049 5642/3/11049
f 5760/1/11050 5531/2/11050 5541/3/11050
f 5760/1/11051 5541/2/11051 5263/3/11051
f 5762/1/11052 5717/2/11052 5701/3/11052
f 5762/1/11053 5701/2/11053 5751/3/11053
f 5763/1/11054 5647/2/11054 5544/3/11054
f 5763/1/11055 5544/2/11055 5704/3/11055
f 5680/1/11056 5628/2/11056 5740/3/11056
f 5764/1/11057 5655/2/11057 4430/3/11057
f 5765/1/11058 5713/2/11058 5724/3/11058
f 5415/1/11059 5418/2/11059 5731/3/11059
f 5766/1/11060 5611/2/11060 5643/3/11060
f 5767/1/11061 5700/2/11061 5653/3/11061
f 5767/1/11062 5653/2/11062 5719/3/11062
f 5749/1/11063 5690/2/11063 5657/3/11063
f 5768/1/11064 5674/2/11064 5626/3/11064
f 5520/1/11065 5382/2/11065 5637/3/11065
f 5769/1/11066 5737/2/11066 5743/3/11066
f 5770/1/11067 5649/2/11067 5662/3/11067
f 5732/1/11068 5641/2/11068 5576/3/11068
f 5744/1/11069 5666/2/11069 5627/3/11069
f 5751/1/11070 5716/2/11070 5737/3/11070
f 5771/1/11071 5533/2/11071 5720/3/11071
f 5771/1/11072 5556/2/11072 5533/3/11072
f 5746/1/11073 5656/2/11073 5586/3/11073
f 5772/1/11074 5724/2/11074 5711/3/11074
f 5773/1/11075 5646/2/11075 5666/3/11075
f 5774/1/11076 5694/2/11076 5645/3/11076
f 5774/1/11077 5645/2/11077 5729/3/11077
f 5775/1/11078 5734/2/11078 5761/3/11078
f 5775/1/11079 5711/2/11079 5734/3/11079
f 5684/1/11080 5704/2/11080 5609/3/11080
f 5755/1/11081 5717/2/11081 5762/3/11081
f 5748/1/11082 5632/2/11082 5588/3/11082
f 5730/1/11083 5688/2/11083 5738/3/11083
f 5743/1/11084 5713/2/11084 5765/3/11084
f 5750/1/11085 5746/2/11085 5605/3/11085
f 5758/1/11086 5728/2/11086 5755/3/11086
f 5776/1/11087 5625/2/11087 5698/3/11087
f 5779/1/11088 5731/2/11088 5733/3/11088
f 5721/1/11089 5748/2/11089 5569/3/11089
f 5415/1/11090 5731/2/11090 5420/3/11090
f 5777/1/11091 5650/2/11091 5641/3/11091
f 5778/1/11092 5629/2/11092 5625/3/11092
f 5761/1/11093 5734/2/11093 4399/3/11093
f 5759/1/11094 5642/2/11094 5708/3/11094
f 5772/1/11095 5711/2/11095 5775/3/11095
f 5768/1/11096 5626/2/11096 5682/3/11096
f 5779/1/11097 5733/2/11097 5758/3/11097
f 5780/1/11098 5643/2/11098 5651/3/11098
f 5781/1/11099 5444/2/11099 5439/3/11099
f 5881/1/11100 5561/2/11100 5727/3/11100
f 5420/1/11101 5731/2/11101 5779/3/11101
f 5782/1/11102 5740/2/11102 5685/3/11102
f 5783/1/11103 5667/2/11103 5612/3/11103
f 5783/1/11104 5612/2/11104 5735/3/11104
f 5727/1/11105 5465/2/11105 5754/3/11105
f 5784/1/11106 5651/2/11106 5600/3/11106
f 5784/1/11107 5600/2/11107 5736/3/11107
f 5785/1/11108 5698/2/11108 5709/3/11108
f 5786/1/11109 5749/2/11109 5714/3/11109
f 5787/1/11110 5685/2/11110 5723/3/11110
f 5787/1/11111 5782/2/11111 5685/3/11111
f 5788/1/11112 5714/2/11112 5718/3/11112
f 5789/1/11113 5723/2/11113 5640/3/11113
f 5789/1/11114 5640/2/11114 5660/3/11114
f 5790/1/11115 5652/2/11115 5752/3/11115
f 5790/1/11116 5745/2/11116 5652/3/11116
f 5765/1/11117 5724/2/11117 5772/3/11117
f 5791/1/11118 5666/2/11118 5744/3/11118
f 5792/1/11119 5743/2/11119 5765/3/11119
f 5745/1/11120 5709/2/11120 5695/3/11120
f 5721/1/11121 5622/2/11121 5741/3/11121
f 5793/1/11122 5656/2/11122 5746/3/11122
f 5794/1/11123 5679/2/11123 5638/3/11123
f 5741/1/11124 5602/2/11124 5673/3/11124
f 5794/1/11125 5638/2/11125 5756/3/11125
f 5795/1/11126 5596/2/11126 5649/3/11126
f 5796/1/11127 5742/2/11127 5692/3/11127
f 5778/1/11128 5718/2/11128 5629/3/11128
f 5796/1/11129 5692/2/11129 5747/3/11129
f 5797/1/11130 5737/2/11130 5769/3/11130
f 1615/1/11131 5672/2/11131 5757/3/11131
f 1615/1/11132 1590/2/11132 5672/3/11132
f 5798/1/11133 5762/2/11133 5751/3/11133
f 5424/1/11134 5420/2/11134 5779/3/11134
f 5799/1/11135 5753/2/11135 5703/3/11135
f 5800/1/11136 5757/2/11136 5730/3/11136
f 5802/1/11137 5755/2/11137 5762/3/11137
f 5803/1/11138 5416/2/11138 5415/3/11138
f 5771/1/11139 5722/2/11139 5556/3/11139
f 5804/1/11140 5641/2/11140 5732/3/11140
f 5805/1/11141 5732/2/11141 5696/3/11141
f 5806/1/11142 5690/2/11142 5749/3/11142
f 5807/1/11143 5751/2/11143 5737/3/11143
f 5774/1/11144 1588/2/11144 1536/3/11144
f 5806/1/11145 5738/2/11145 5690/3/11145
f 5774/1/11146 1536/2/11146 5694/3/11146
f 5807/1/11147 5737/2/11147 5797/3/11147
f 5788/1/11148 5786/2/11148 5714/3/11148
f 5760/1/11149 5439/2/11149 5531/3/11149
f 5785/1/11150 5776/2/11150 5698/3/11150
f 5803/1/11151 5801/2/11151 5416/3/11151
f 5808/1/11152 5750/2/11152 5691/3/11152
f 5809/1/11153 5582/2/11153 5722/3/11153
f 5808/1/11154 5691/2/11154 5693/3/11154
f 5810/1/11155 5710/2/11155 5680/3/11155
f 5662/1/11156 5561/2/11156 5881/3/11156
f 5811/1/11157 5718/2/11157 5778/3/11157
f 5812/1/11158 5777/2/11158 5641/3/11158
f 5813/1/11159 5709/2/11159 5745/3/11159
f 5810/1/11160 5680/2/11160 5740/3/11160
f 5778/1/11161 5625/2/11161 5776/3/11161
f 5802/1/11162 5758/2/11162 5755/3/11162
f 5815/1/11163 5668/2/11163 5753/3/11163
f 5793/1/11164 5705/2/11164 5656/3/11164
f 5792/1/11165 5769/2/11165 5743/3/11165
f 5818/1/11166 5647/2/11166 5763/3/11166
f 5818/1/11167 5707/2/11167 5647/3/11167
f 5819/1/11168 5730/2/11168 5738/3/11168
f 5777/1/11169 5720/2/11169 5650/3/11169
f 5786/1/11170 5806/2/11170 5749/3/11170
f 5820/1/11171 5745/2/11171 5790/3/11171
f 5798/1/11172 5751/2/11172 5807/3/11172
f 5821/1/11173 5676/2/11173 5611/3/11173
f 5426/1/11174 5424/2/11174 5779/3/11174
f 5821/1/11175 5611/2/11175 5766/3/11175
f 5664/1/11176 5596/2/11176 5795/3/11176
f 5784/1/11177 5780/2/11177 5651/3/11177
f 5822/1/11178 5758/2/11178 5802/3/11178
f 5822/1/11179 5779/2/11179 5758/3/11179
f 5756/1/11180 5700/2/11180 5767/3/11180
f 5823/1/11181 5696/2/11181 5715/3/11181
f 5814/1/11182 5748/2/11182 5721/3/11182
f 5824/1/11183 5723/2/11183 5789/3/11183
f 5824/1/11184 5787/2/11184 5723/3/11184
f 5825/1/11185 5721/2/11185 5741/3/11185
f 5766/1/11186 5643/2/11186 5780/3/11186
f 5761/1/11187 4399/2/11187 4403/3/11187
f 5826/1/11188 5801/2/11188 5803/3/11188
f 5827/1/11189 5674/2/11189 5768/3/11189
f 5828/1/11190 5706/2/11190 5667/3/11190
f 5797/1/11191 5769/2/11191 5792/3/11191
f 5828/1/11192 5667/2/11192 5783/3/11192
f 5811/1/11193 5788/2/11193 5718/3/11193
f 5810/1/11194 5752/2/11194 5710/3/11194
f 5813/1/11195 5785/2/11195 5709/3/11195
f 5826/1/11196 6161/2/11196 5801/3/11196
f 5830/1/11197 5440/2/11197 5442/3/11197
f 5831/1/11198 5762/2/11198 5798/3/11198
f 5832/1/11199 5673/2/11199 5675/3/11199
f 5834/1/11200 5765/2/11200 5772/3/11200
f 5799/1/11201 5703/2/11201 5725/3/11201
f 5835/1/11202 5684/2/11202 5630/3/11202
f 5836/1/11203 5771/2/11203 5720/3/11203
f 5837/1/11204 5705/2/11204 5793/3/11204
f 5838/1/11205 5757/2/11205 5800/3/11205
f 5826/1/11206 5803/2/11206 5829/3/11206
f 5839/1/11207 5415/2/11207 5421/3/11207
f 5839/1/11208 5803/2/11208 5415/3/11208
f 5819/1/11209 5738/2/11209 5806/3/11209
f 5729/1/11210 5668/2/11210 5815/3/11210
f 5812/1/11211 5641/2/11211 5804/3/11211
f 5840/1/11212 5646/2/11212 5773/3/11212
f 5840/1/11213 5719/2/11213 5646/3/11213
f 5841/1/11214 5740/2/11214 5782/3/11214
f 5426/1/11215 5779/2/11215 5822/3/11215
f 5842/1/11216 5800/2/11216 5730/3/11216
f 5842/1/11217 5730/2/11217 5819/3/11217
f 5781/1/11218 5439/2/11218 5760/3/11218
f 5843/1/11219 5675/2/11219 5582/3/11219
f 5845/1/11220 5712/2/11220 5632/3/11220
f 5845/1/11221 5632/2/11221 5748/3/11221
f 5831/1/11222 5802/2/11222 5762/3/11222
f 5847/1/11223 5679/2/11223 5794/3/11223
f 5847/1/11224 5735/2/11224 5679/3/11224
f 5849/1/11225 5780/2/11225 5784/3/11225
f 5817/1/11226 5742/2/11226 5796/3/11226
f 5850/1/11227 5759/2/11227 5708/3/11227
f 5829/1/11228 5803/2/11228 5839/3/11228
f 5851/1/11229 5792/2/11229 5765/3/11229
f 5851/1/11230 5765/2/11230 5834/3/11230
f 5853/1/11231 5752/2/11231 5810/3/11231
f 5838/1/11232 1615/2/11232 5757/3/11232
f 5854/1/11233 5789/2/11233 5660/3/11233
f 5854/1/11234 5660/2/11234 5759/3/11234
f 5855/1/11235 5630/2/11235 5739/3/11235
f 5856/1/11236 4415/2/11236 4420/3/11236
f 5857/1/11237 5813/2/11237 5745/3/11237
f 5857/1/11238 5745/2/11238 5820/3/11238
f 5823/1/11239 5805/2/11239 5696/3/11239
f 5858/1/11240 5670/2/11240 5712/3/11240
f 5858/1/11241 5736/2/11241 5670/3/11241
f 5841/1/11242 5810/2/11242 5740/3/11242
f 5859/1/11243 5440/2/11243 5830/3/11243
f 5791/1/11244 5773/2/11244 5666/3/11244
f 5861/1/11245 5791/2/11245 5744/3/11245
f 5860/1/11246 5798/2/11246 5807/3/11246
f 5862/1/11247 5775/2/11247 5761/3/11247
f 5862/1/11248 5761/2/11248 4403/3/11248
f 5863/1/11249 5778/2/11249 5776/3/11249
f 5864/1/11250 5802/2/11250 5831/3/11250
f 5863/1/11251 5811/2/11251 5778/3/11251
f 5848/1/11252 6161/2/11252 5826/3/11252
f 5865/1/11253 5750/2/11253 5808/3/11253
f 5865/1/11254 5746/2/11254 5750/3/11254
f 5837/1/11255 5747/2/11255 5705/3/11255
f 5866/1/11256 5794/2/11256 5756/3/11256
f 5838/1/11257 982/2/11257 1615/3/11257
f 5818/1/11258 5725/2/11258 5707/3/11258
f 5867/1/11259 5792/2/11259 5851/3/11259
f 5833/1/11260 5704/2/11260 5684/3/11260
f 5868/1/11261 5768/2/11261 5682/3/11261
f 5869/1/11262 5839/2/11262 5421/3/11262
f 5843/1/11263 5582/2/11263 5809/3/11263
f 5835/1/11264 5833/2/11264 5684/3/11264
f 5859/1/11265 5682/2/11265 5440/3/11265
f 5870/1/11266 5426/2/11266 5822/3/11266
f 5871/1/11267 5767/2/11267 5719/3/11267
f 5871/1/11268 5852/2/11268 5767/3/11268
f 5844/1/11269 5799/2/11269 5725/3/11269
f 5872/1/11270 5722/2/11270 5771/3/11270
f 5873/1/11271 5802/2/11271 5864/3/11271
f 5873/1/11272 5822/2/11272 5802/3/11272
f 5850/1/11273 5708/2/11273 5674/3/11273
f 5860/1/11274 5831/2/11274 5798/3/11274
f 5874/1/11275 5773/2/11275 5791/3/11275
f 5862/1/11276 5772/2/11276 5775/3/11276
f 5875/1/11277 5826/2/11277 5829/3/11277
f 5877/1/11278 5664/2/11278 5846/3/11278
f 5877/1/11279 5744/2/11279 5664/3/11279
f 5878/1/11280 5739/2/11280 5676/3/11280
f 5878/1/11281 5676/2/11281 5821/3/11281
f 5879/1/11282 5816/2/11282 5817/3/11282
f 5387/1/11283 5662/2/11283 5881/3/11283
f 5880/1/11284 5819/2/11284 5806/3/11284
f 5881/1/11285 5727/2/11285 5754/3/11285
f 5760/1/11286 5263/2/11286 5269/3/11286
f 5883/1/11287 5693/2/11287 5706/3/11287
f 5883/1/11288 5706/2/11288 5828/3/11288
f 5884/1/11289 5777/2/11289 5812/3/11289
f 5885/1/11290 5786/2/11290 5788/3/11290
f 5886/1/11291 5800/2/11291 5842/3/11291
f 5886/1/11292 5838/2/11292 5800/3/11292
f 5887/1/11293 5741/2/11293 5673/3/11293
f 5887/1/11294 5673/2/11294 5832/3/11294
f 5441/1/11295 5443/2/11295 5444/3/11295
f 5823/1/11296 5715/2/11296 5655/3/11296
f 5832/1/11297 5675/2/11297 5843/3/11297
f 5853/1/11298 5790/2/11298 5752/3/11298
f 5867/1/11299 5797/2/11299 5792/3/11299
f 5380/1/11300 5644/2/11300 5520/3/11300
f 5888/1/11301 5774/2/11301 5729/3/11301
f 5875/1/11302 5848/2/11302 5826/3/11302
f 5441/1/11303 5830/2/11303 5442/3/11303
f 5825/1/11304 5814/2/11304 5721/3/11304
f 5889/1/11305 5776/2/11305 5785/3/11305
f 5890/1/11306 5831/2/11306 5860/3/11306
f 5834/1/11307 5772/2/11307 5862/3/11307
f 5852/1/11308 5756/2/11308 5767/3/11308
f 5799/1/11309 5815/2/11309 5753/3/11309
f 5891/1/11310 5788/2/11310 5811/3/11310
f 5892/1/11311 5848/2/11311 5875/3/11311
f 5836/1/11312 5720/2/11312 5777/3/11312
f 5893/1/11313 5704/2/11313 5833/3/11313
f 5871/1/11314 5719/2/11314 5840/3/11314
f 5895/1/11315 5797/2/11315 5867/3/11315
f 5895/1/11316 5807/2/11316 5797/3/11316
f 5869/1/11317 5421/2/11317 5425/3/11317
f 5870/1/11318 5822/2/11318 5873/3/11318
f 5896/1/11319 5441/2/11319 5444/3/11319
f 5885/1/11320 5806/2/11320 5786/3/11320
f 5897/1/11321 5781/2/11321 5760/3/11321
f 5898/1/11322 5790/2/11322 5853/3/11322
f 5899/1/11323 5810/2/11323 5882/3/11323
f 5899/1/11324 5853/2/11324 5810/3/11324
f 5872/1/11325 5809/2/11325 5722/3/11325
f 5904/1/11326 5854/2/11326 5759/3/11326
f 5824/1/11327 5789/2/11327 5854/3/11327
f 5804/1/11328 5732/2/11328 5805/3/11328
f 5324/1/11329 5689/2/11329 5856/3/11329
f 5900/1/11330 5814/2/11330 5825/3/11330
f 5901/1/11331 5735/2/11331 5847/3/11331
f 5864/1/11332 5831/2/11332 5890/3/11332
f 5901/1/11333 5783/2/11333 5735/3/11333
f 5875/1/11334 5829/2/11334 5839/3/11334
f 5846/1/11335 5664/2/11335 5795/3/11335
f 5889/1/11336 5863/2/11336 5776/3/11336
f 5902/1/11337 5819/2/11337 5880/3/11337
f 5902/1/11338 5842/2/11338 5819/3/11338
f 5903/1/11339 5649/2/11339 5770/3/11339
f 5904/1/11340 5759/2/11340 5850/3/11340
f 5888/1/11341 5729/2/11341 5815/3/11341
f 5891/1/11342 5811/2/11342 5863/3/11342
f 5835/1/11343 5630/2/11343 5855/3/11343
f 5905/1/11344 5736/2/11344 5858/3/11344
f 5905/1/11345 5784/2/11345 5736/3/11345
f 5906/1/11346 5818/2/11346 5763/3/11346
f 5907/1/11347 5637/2/11347 5689/3/11347
f 5868/1/11348 5682/2/11348 5859/3/11348
f 5908/1/11349 5817/2/11349 5796/3/11349
f 5328/1/11350 5655/2/11350 5764/3/11350
f 5909/1/11351 5885/2/11351 5788/3/11351
f 5882/1/11352 5810/2/11352 5841/3/11352
f 5844/1/11353 5725/2/11353 5818/3/11353
f 5910/1/11354 5793/2/11354 5746/3/11354
f 5910/1/11355 5746/2/11355 5865/3/11355
f 5850/1/11356 5674/2/11356 5827/3/11356
f 5898/1/11357 5820/2/11357 5790/3/11357
f 5911/1/11358 5782/2/11358 5787/3/11358
f 5911/1/11359 5841/2/11359 5782/3/11359
f 5250/1/11360 5764/2/11360 4430/3/11360
f 5888/1/11361 1588/2/11361 5774/3/11361
f 5898/1/11362 5853/2/11362 5899/3/11362
f 5429/1/11363 5426/2/11363 5870/3/11363
f 5893/1/11364 5763/2/11364 5704/3/11364
f 5912/1/11365 5873/2/11365 5864/3/11365
f 982/1/11366 5838/2/11366 5886/3/11366
f 5913/1/11367 5747/2/11367 5837/3/11367
f 5913/1/11368 5796/2/11368 5747/3/11368
f 5914/1/11369 5807/2/11369 5895/3/11369
f 5914/1/11370 5860/2/11370 5807/3/11370
f 5858/1/11371 5712/2/11371 5845/3/11371
f 5915/1/11372 5760/2/11372 5269/3/11372
f 5916/1/11373 5848/2/11373 5892/3/11373
f 5916/1/11374 5894/2/11374 5848/3/11374
f 5855/1/11375 5739/2/11375 5878/3/11375
f 5917/1/11376 5896/2/11376 5444/3/11376
f 5917/1/11377 5444/2/11377 5781/3/11377
f 5918/1/11378 5816/2/11378 5879/3/11378
f 5919/1/11379 5839/2/11379 5869/3/11379
f 5920/1/11380 5824/2/11380 5854/3/11380
f 5367/1/11381 5794/2/11381 5866/3/11381
f 5367/1/11382 5847/2/11382 5794/3/11382
f 5921/1/11383 5867/2/11383 5851/3/11383
f 5380/1/11384 5520/2/11384 5637/3/11384
f 5909/1/11385 5788/2/11385 5891/3/11385
f 5923/1/11386 5869/2/11386 5425/3/11386
f 5924/1/11387 5787/2/11387 5824/3/11387
f 5877/1/11388 5861/2/11388 5744/3/11388
f 5372/1/11389 5809/2/11389 5872/3/11389
f 5771/1/11390 5836/2/11390 5922/3/11390
f 5925/1/11391 5813/2/11391 5857/3/11391
f 5926/1/11392 5899/2/11392 5882/3/11392
f 5927/1/11393 5889/2/11393 5785/3/11393
f 5927/1/11394 5785/2/11394 5813/3/11394
f 5754/1/11395 5644/2/11395 5380/3/11395
f 5928/1/11396 5820/2/11396 5898/3/11396
f 5250/1/11397 4430/2/11397 4432/3/11397
f 5929/1/11398 5741/2/11398 5887/3/11398
f 5929/1/11399 5825/2/11399 5741/3/11399
f 5930/1/11400 5880/2/11400 5806/3/11400
f 5930/1/11401 5806/2/11401 5885/3/11401
f 5866/1/11402 5756/2/11402 5852/3/11402
f 5903/1/11403 5770/2/11403 5662/3/11403
f 5903/1/11404 5662/2/11404 5387/3/11404
f 4407/1/11405 5862/2/11405 4403/3/11405
f 5919/1/11406 5875/2/11406 5839/3/11406
f 5331/1/11407 5773/2/11407 5874/3/11407
f 5331/1/11408 5840/2/11408 5773/3/11408
f 5889/1/11409 5891/2/11409 5863/3/11409
f 5888/1/11410 1006/2/11410 1588/3/11410
f 5918/1/11411 5876/2/11411 5816/3/11411
f 5879/1/11412 5817/2/11412 5908/3/11412
f 5931/1/11413 5763/2/11413 5893/3/11413
f 5932/1/11414 5842/2/11414 5902/3/11414
f 5932/1/11415 5886/2/11415 5842/3/11415
f 5317/1/11416 5693/2/11416 5883/3/11416
f 1079/1/11417 982/2/11417 5886/3/11417
f 5317/1/11418 5808/2/11418 5693/3/11418
f 5933/1/11419 5748/2/11419 5814/3/11419
f 5933/1/11420 5845/2/11420 5748/3/11420
f 5384/1/11421 5823/2/11421 5655/3/11421
f 5934/1/11422 5867/2/11422 5921/3/11422
f 5384/1/11423 5655/2/11423 5328/3/11423
f 5935/1/11424 5821/2/11424 5766/3/11424
f 5935/1/11425 5766/2/11425 5780/3/11425
f 5936/1/11426 5862/2/11426 4407/3/11426
f 5937/1/11427 5780/2/11427 5849/3/11427
f 5432/1/11428 5870/2/11428 5873/3/11428
f 5908/1/11429 5796/2/11429 5913/3/11429
f 5432/1/11430 5873/2/11430 5912/3/11430
f 5924/1/11431 5824/2/11431 5920/3/11431
f 5938/1/11432 5882/2/11432 5841/3/11432
f 5939/1/11433 5875/2/11433 5919/3/11433
f 5940/1/11434 5836/2/11434 5777/3/11434
f 5901/1/11435 5828/2/11435 5783/3/11435
f 5928/1/11436 5857/2/11436 5820/3/11436
f 5941/1/11437 5891/2/11437 5889/3/11437
f 5330/1/11438 5871/2/11438 5840/3/11438
f 5912/1/11439 5864/2/11439 5890/3/11439
f 5924/1/11440 5911/2/11440 5787/3/11440
f 5942/1/11441 5916/2/11441 5892/3/11441
f 5917/1/11442 5781/2/11442 5897/3/11442
f 5943/1/11443 5815/2/11443 5799/3/11443
f 5919/1/11444 5869/2/11444 5923/3/11444
f 5944/1/11445 5860/2/11445 5914/3/11445
f 5944/1/11446 5890/2/11446 5860/3/11446
f 5372/1/11447 5843/2/11447 5809/3/11447
f 5939/1/11448 5892/2/11448 5875/3/11448
f 5945/1/11449 5895/2/11449 5867/3/11449
f 5945/1/11450 5867/2/11450 5934/3/11450
f 5946/1/11451 5898/2/11451 5899/3/11451
f 5923/1/11452 5425/2/11452 5429/3/11452
f 5795/1/11453 5649/2/11453 5903/3/11453
f 5947/1/11454 5902/2/11454 5880/3/11454
f 5947/1/11455 5880/2/11455 5930/3/11455
f 5328/1/11456 5764/2/11456 5250/3/11456
f 5948/1/11457 6174/2/11457 5894/3/11457
f 5949/1/11458 5888/2/11458 5815/3/11458
f 5950/1/11459 5889/2/11459 5927/3/11459
f 5951/1/11460 5825/2/11460 5929/3/11460
f 5343/1/11461 5793/2/11461 5910/3/11461
f 5952/1/11462 5441/2/11462 5896/3/11462
f 5343/1/11463 5837/2/11463 5793/3/11463
f 5952/1/11464 5830/2/11464 5441/3/11464
f 5359/1/11465 5833/2/11465 5835/3/11465
f 5927/1/11466 5813/2/11466 5925/3/11466
f 5931/1/11467 5906/2/11467 5763/3/11467
f 5905/1/11468 5849/2/11468 5784/3/11468
f 5953/1/11469 5799/2/11469 5844/3/11469
f 5926/1/11470 5882/2/11470 5938/3/11470
f 5938/1/11471 5841/2/11471 5911/3/11471
f 5954/1/11472 5905/2/11472 5858/3/11472
f 5925/1/11473 5857/2/11473 5928/3/11473
f 5432/1/11474 5429/2/11474 5870/3/11474
f 5403/1/11475 5835/2/11475 5855/3/11475
f 5388/1/11476 5884/2/11476 5812/3/11476
f 1079/1/11477 5886/2/11477 5932/3/11477
f 3876/1/11478 5904/2/11478 5850/3/11478
f 5946/1/11479 5928/2/11479 5898/3/11479
f 5957/1/11480 5885/2/11480 5909/3/11480
f 5940/1/11481 5777/2/11481 5884/3/11481
f 5958/1/11482 5876/2/11482 5918/3/11482
f 5906/1/11483 5844/2/11483 5818/3/11483
f 5959/1/11484 5858/2/11484 5845/3/11484
f 5407/1/11485 5855/2/11485 5878/3/11485
f 3870/1/11486 5850/2/11486 5827/3/11486
f 5960/1/11487 5901/2/11487 5847/3/11487
f 5960/1/11488 5847/2/11488 5367/3/11488
f 5941/1/11489 5909/2/11489 5891/3/11489
f 5940/1/11490 5922/2/11490 5836/3/11490
f 5961/1/11491 5925/2/11491 5928/3/11491
f 5378/1/11492 5834/2/11492 5862/3/11492
f 5378/1/11493 5862/2/11493 5936/3/11493
f 5914/1/11494 5895/2/11494 5945/3/11494
f 5942/1/11495 5892/2/11495 5939/3/11495
f 3869/1/11496 5827/2/11496 5768/3/11496
f 5962/1/11497 6174/2/11497 5948/3/11497
f 5951/1/11498 5900/2/11498 5825/3/11498
f 5962/1/11499 5955/2/11499 6174/3/11499
f 5445/1/11500 5830/2/11500 5952/3/11500
f 5963/1/11501 5946/2/11501 5899/3/11501
f 5380/1/11502 5637/2/11502 5907/3/11502
f 5357/1/11503 5912/2/11503 5890/3/11503
f 5353/1/11504 5771/2/11504 5922/3/11504
f 5410/1/11505 5846/2/11505 5795/3/11505
f 5964/1/11506 5919/2/11506 5923/3/11506
f 5949/1/11507 1006/2/11507 5888/3/11507
f 5330/1/11508 5840/2/11508 5331/3/11508
f 5965/1/11509 5889/2/11509 5950/3/11509
f 5965/1/11510 5941/2/11510 5889/3/11510
f 5391/1/11511 5861/2/11511 5877/3/11511
f 5957/1/11512 5930/2/11512 5885/3/11512
f 5966/1/11513 1079/2/11513 5932/3/11513
f 5949/1/11514 5815/2/11514 5943/3/11514
f 5967/1/11515 5932/2/11515 5902/3/11515
f 5967/1/11516 5902/2/11516 5947/3/11516
f 5968/1/11517 5933/2/11517 5814/3/11517
f 5948/1/11518 5894/2/11518 5916/3/11518
f 5969/1/11519 5909/2/11519 5941/3/11519
f 5316/1/11520 5865/2/11520 5808/3/11520
f 5316/1/11521 5808/2/11521 5317/3/11521
f 5391/1/11522 5877/2/11522 5846/3/11522
f 5958/1/11523 6080/2/11523 5876/3/11523
f 5338/1/11524 5878/2/11524 5821/3/11524
f 5386/1/11525 5754/2/11525 5380/3/11525
f 5338/1/11526 5821/2/11526 5935/3/11526
f 5970/1/11527 5955/2/11527 5962/3/11527
f 3880/1/11528 5854/2/11528 5904/3/11528
f 5937/1/11529 5935/2/11529 5780/3/11529
f 5422/1/11530 5791/2/11530 5861/3/11530
f 5336/1/11531 5866/2/11531 5852/3/11531
f 5966/1/11532 1131/2/11532 1079/3/11532
f 3869/1/11533 5768/2/11533 5868/3/11533
f 5385/1/11534 5844/2/11534 5906/3/11534
f 5382/1/11535 5834/2/11535 5378/3/11535
f 5382/1/11536 5851/2/11536 5834/3/11536
f 5436/1/11537 5849/2/11537 5905/3/11537
f 5436/1/11538 5937/2/11538 5849/3/11538
f 5897/1/11539 5760/2/11539 5915/3/11539
f 5412/1/11540 5881/2/11540 5754/3/11540
f 5395/1/11541 5823/2/11541 5384/3/11541
f 5395/1/11542 5805/2/11542 5823/3/11542
f 5344/1/11543 5879/2/11543 5908/3/11543
f 5374/1/11544 5951/2/11544 5929/3/11544
f 5361/1/11545 5883/2/11545 5828/3/11545
f 5361/1/11546 5828/2/11546 5901/3/11546
f 5325/1/11547 5884/2/11547 5388/3/11547
f 5971/1/11548 5917/2/11548 5897/3/11548
f 5344/1/11549 5908/2/11549 5913/3/11549
f 5387/1/11550 5881/2/11550 5412/3/11550
f 5961/1/11551 5928/2/11551 5946/3/11551
f 3880/1/11552 5920/2/11552 5854/3/11552
f 3860/1/11553 5859/2/11553 5830/3/11553
f 5972/1/11554 5919/2/11554 5964/3/11554
f 3860/1/11555 5830/2/11555 5445/3/11555
f 5959/1/11556 5845/2/11556 5933/3/11556
f 5353/1/11557 5872/2/11557 5771/3/11557
f 5379/1/11558 5893/2/11558 5833/3/11558
f 5379/1/11559 5833/2/11559 5359/3/11559
f 5365/1/11560 5923/2/11560 5429/3/11560
f 5365/1/11561 5429/2/11561 5431/3/11561
f 5969/1/11562 5957/2/11562 5909/3/11562
f 5974/1/11563 5927/2/11563 5925/3/11563
f 5389/1/11564 5812/2/11564 5804/3/11564
f 5389/1/11565 5804/2/11565 5805/3/11565
f 5973/1/11566 5930/2/11566 5957/3/11566
f 5973/1/11567 5947/2/11567 5930/3/11567
f 3883/1/11568 5924/2/11568 5920/3/11568
f 5324/1/11569 5907/2/11569 5689/3/11569
f 5974/1/11570 5925/2/11570 5961/3/11570
f 5356/1/11571 5856/2/11571 4420/3/11571
f 5422/1/11572 5874/2/11572 5791/3/11572
f 5347/1/11573 5943/2/11573 5799/3/11573
f 5347/1/11574 5799/2/11574 5953/3/11574
f 5972/1/11575 5939/2/11575 5919/3/11575
f 5342/1/11576 5913/2/11576 5837/3/11576
f 5338/1/11577 5407/2/11577 5878/3/11577
f 5342/1/11578 5837/2/11578 5343/3/11578
f 3877/1/11579 5904/2/11579 3876/3/11579
f 5383/1/11580 5912/2/11580 5357/3/11580
f 5383/1/11581 5432/2/11581 5912/3/11581
f 5968/1/11582 5814/2/11582 5900/3/11582
f 5346/1/11583 5942/2/11583 5939/3/11583
f 5963/1/11584 5899/2/11584 5926/3/11584
f 5975/1/11585 5965/2/11585 5950/3/11585
f 3870/1/11586 3876/2/11586 5850/3/11586
f 5929/1/11587 5887/2/11587 5832/3/11587
f 3870/1/11588 5827/2/11588 3869/3/11588
f 5340/1/11589 5944/2/11589 5914/3/11589
f 5345/1/11590 5954/2/11590 5858/3/11590
f 5966/1/11591 5932/2/11591 5967/3/11591
f 5345/1/11592 5858/2/11592 5959/3/11592
f 5975/1/11593 5950/2/11593 5927/3/11593
f 5357/1/11594 5890/2/11594 5944/3/11594
f 5354/1/11595 5962/2/11595 5948/3/11595
f 5329/1/11596 5900/2/11596 5951/3/11596
f 5921/1/11597 5851/2/11597 5382/3/11597
f 5350/1/11598 5914/2/11598 5945/3/11598
f 5359/1/11599 5835/2/11599 5403/3/11599
f 3885/1/11600 5911/2/11600 5924/3/11600
f 5409/1/11601 5901/2/11601 5960/3/11601
f 5976/1/11602 5927/2/11602 5974/3/11602
f 5369/1/11603 5795/2/11603 5903/3/11603
f 5403/1/11604 5855/2/11604 5407/3/11604
f 3885/1/11605 5924/2/11605 3883/3/11605
f 5385/1/11606 5953/2/11606 5844/3/11606
f 5396/1/11607 5916/2/11607 5942/3/11607
f 5396/1/11608 5948/2/11608 5916/3/11608
f 5349/1/11609 5324/2/11609 5856/3/11609
f 5371/1/11610 5843/2/11610 5372/3/11610
f 5371/1/11611 5832/2/11611 5843/3/11611
f 5978/1/11612 5965/2/11612 5975/3/11612
f 5379/1/11613 5931/2/11613 5893/3/11613
f 3881/1/11614 5920/2/11614 3880/3/11614
f 5965/1/11615 5969/2/11615 5941/3/11615
f 5979/1/11616 5896/2/11616 5917/3/11616
f 5979/1/11617 5917/2/11617 5971/3/11617
f 1081/1/11618 5956/2/11618 6080/3/11618
f 1081/1/11619 6080/2/11619 5958/3/11619
f 5980/1/11620 5961/2/11620 5946/3/11620
f 5400/1/11621 5906/2/11621 5931/3/11621
f 5325/1/11622 5940/2/11622 5884/3/11622
f 3880/1/11623 5904/2/11623 3877/3/11623
f 5352/1/11624 5872/2/11624 5353/3/11624
f 3860/1/11625 5868/2/11625 5859/3/11625
f 5337/1/11626 5970/2/11626 5962/3/11626
f 5976/1/11627 5975/2/11627 5927/3/11627
f 5949/1/11628 1117/2/11628 1006/3/11628
f 5389/1/11629 5805/2/11629 5395/3/11629
f 3889/1/11630 5911/2/11630 3885/3/11630
f 3889/1/11631 5938/2/11631 5911/3/11631
f 5351/1/11632 5958/2/11632 5918/3/11632
f 5915/1/11633 5269/2/11633 5191/3/11633
f 5981/1/11634 5967/2/11634 5947/3/11634
f 5334/1/11635 5923/2/11635 5365/3/11635
f 5981/1/11636 5947/2/11636 5973/3/11636
f 5327/1/11637 5846/2/11637 5410/3/11637
f 5334/1/11638 5964/2/11638 5923/3/11638
f 3883/1/11639 5920/2/11639 3881/3/11639
f 5428/1/11640 5913/2/11640 5342/3/11640
f 5388/1/11641 5812/2/11641 5389/3/11641
f 3860/1/11642 3869/2/11642 5868/3/11642
f 3855/1/11643 5926/2/11643 5938/3/11643
f 3855/1/11644 3858/2/11644 5926/3/11644
f 3855/1/11645 5938/2/11645 3889/3/11645
f 5401/1/11646 5910/2/11646 5865/3/11646
f 5401/1/11647 5865/2/11647 5316/3/11647
f 5408/1/11648 5918/2/11648 5879/3/11648
f 5408/1/11649 5879/2/11649 5344/3/11649
f 5982/1/11650 5969/2/11650 5965/3/11650
f 5983/1/11651 5966/2/11651 5967/3/11651
f 5341/1/11652 5905/2/11652 5954/3/11652
f 5973/1/11653 5957/2/11653 5969/3/11653
f 5319/1/11654 5936/2/11654 4407/3/11654
f 3892/1/11655 5946/2/11655 5963/3/11655
f 3864/1/11656 5963/2/11656 5926/3/11656
f 5398/1/11657 5852/2/11657 5871/3/11657
f 5398/1/11658 5871/2/11658 5330/3/11658
f 3858/1/11659 3864/2/11659 5926/3/11659
f 5329/1/11660 5951/2/11660 5374/3/11660
f 5347/1/11661 5949/2/11661 5943/3/11661
f 5411/1/11662 5937/2/11662 5436/3/11662
f 5327/1/11663 5391/2/11663 5846/3/11663
f 5356/1/11664 5349/2/11664 5856/3/11664
f 5400/1/11665 5385/2/11665 5906/3/11665
f 1081/1/11666 1023/2/11666 5956/3/11666
f 5373/1/11667 4420/2/11667 5394/3/11667
f 3873/1/11668 5952/2/11668 5896/3/11668
f 3873/1/11669 5896/2/11669 5979/3/11669
f 5410/1/11670 5795/2/11670 5369/3/11670
f 5346/1/11671 5939/2/11671 5972/3/11671
f 3895/1/11672 5976/2/11672 5974/3/11672
f 5336/1/11673 5367/2/11673 5866/3/11673
f 5974/1/11674 5961/2/11674 5980/3/11674
f 5354/1/11675 5948/2/11675 5396/3/11675
f 5371/1/11676 5929/2/11676 5832/3/11676
f 5335/1/11677 5959/2/11677 5933/3/11677
f 3893/1/11678 5980/2/11678 5946/3/11678
f 3893/1/11679 5946/2/11679 3892/3/11679
f 5354/1/11680 5337/2/11680 5962/3/11680
f 5352/1/11681 5372/2/11681 5872/3/11681
f 3892/1/11682 5963/2/11682 3864/3/11682
f 5422/1/11683 5861/2/11683 5391/3/11683
f 5983/1/11684 1131/2/11684 5966/3/11684
f 5326/1/11685 5972/2/11685 5964/3/11685
f 5320/1/11686 5353/2/11686 5922/3/11686
f 3873/1/11687 5445/2/11687 5952/3/11687
f 5983/1/11688 5967/2/11688 5981/3/11688
f 5340/1/11689 5914/2/11689 5350/3/11689
f 5979/1/11690 3871/2/11690 3873/3/11690
f 5363/1/11691 5903/2/11691 5387/3/11691
f 5396/1/11692 5942/2/11692 5346/3/11692
f 5355/1/11693 5940/2/11693 5325/3/11693
f 5983/1/11694 1182/2/11694 1131/3/11694
f 3894/1/11695 3895/2/11695 5974/3/11695
f 5347/1/11696 1117/2/11696 5949/3/11696
f 5318/1/11697 5982/2/11697 5965/3/11697
f 5318/1/11698 5965/2/11698 5978/3/11698
f 5337/1/11699 5977/2/11699 5970/3/11699
f 5974/1/11700 5980/2/11700 3894/3/11700
f 5377/1/11701 5900/2/11701 5329/3/11701
f 5377/1/11702 5968/2/11702 5900/3/11702
f 5378/1/11703 5936/2/11703 5319/3/11703
f 5360/1/11704 5317/2/11704 5883/3/11704
f 5360/1/11705 5883/2/11705 5361/3/11705
f 5357/1/11706 5944/2/11706 5340/3/11706
f 5412/1/11707 5754/2/11707 5386/3/11707
f 5984/1/11708 5915/2/11708 5191/3/11708
f 5358/1/11709 5379/2/11709 5359/3/11709
f 5333/1/11710 5973/2/11710 5969/3/11710
f 5333/1/11711 5969/2/11711 5982/3/11711
f 3886/1/11712 5897/2/11712 5915/3/11712
f 3886/1/11713 5979/2/11713 5971/3/11713
f 3886/1/11714 5971/2/11714 5897/3/11714
f 3895/1/11715 5975/2/11715 5976/3/11715
f 5922/1/11716 5940/2/11716 5355/3/11716
f 5362/1/11717 5347/2/11717 5953/3/11717
f 5362/1/11718 5953/2/11718 5385/3/11718
f 5428/1/11719 5344/2/11719 5913/3/11719
f 5326/1/11720 5964/2/11720 5334/3/11720
f 5379/1/11721 5400/2/11721 5931/3/11721
f 5323/1/11722 5978/2/11722 5975/3/11722
f 5322/1/11723 5978/2/11723 5323/3/11723
f 5364/1/11724 5907/2/11724 5324/3/11724
f 5984/1/11725 5191/2/11725 3833/3/11725
f 5348/1/11726 5346/2/11726 5972/3/11726
f 1214/1/11727 1182/2/11727 5983/3/11727
f 5984/1/11728 3886/2/11728 5915/3/11728
f 5414/1/11729 5331/2/11729 5874/3/11729
f 5402/1/11730 5359/2/11730 5403/3/11730
f 5414/1/11731 5874/2/11731 5422/3/11731
f 5323/1/11732 3895/2/11732 319/3/11732
f 3895/1/11733 5323/2/11733 5975/3/11733
f 5411/1/11734 5935/2/11734 5937/3/11734
f 1132/1/11735 5958/2/11735 5351/3/11735
f 5381/1/11736 5929/2/11736 5371/3/11736
f 5361/1/11737 5901/2/11737 5409/3/11737
f 5321/1/11738 5983/2/11738 5981/3/11738
f 6240/1/11739 5977/2/11739 5337/3/11739
f 5322/1/11740 5318/2/11740 5978/3/11740
f 5332/1/11741 5982/2/11741 5318/3/11741
f 5332/1/11742 5333/2/11742 5982/3/11742
f 5406/1/11743 5403/2/11743 5407/3/11743
f 5339/1/11744 5973/2/11744 5333/3/11744
f 5339/1/11745 5981/2/11745 5973/3/11745
f 4444/1/11746 5578/2/11746 5985/3/11746
f 4443/1/11747 4444/2/11747 5985/3/11747
f 4443/1/11748 5985/2/11748 5986/3/11748
f 4440/1/11749 4443/2/11749 5986/3/11749
f 4440/1/11750 5986/2/11750 5987/3/11750
f 4440/1/11751 5987/2/11751 5988/3/11751
f 4439/1/11752 4440/2/11752 5988/3/11752
f 4439/1/11753 5988/2/11753 5989/3/11753
f 4438/1/11754 4439/2/11754 5989/3/11754
f 4438/1/11755 5989/2/11755 5990/3/11755
f 4438/1/11756 5990/2/11756 5991/3/11756
f 4436/1/11757 4438/2/11757 5991/3/11757
f 5992/1/11758 4436/2/11758 5991/3/11758
f 5993/1/11759 4436/2/11759 5992/3/11759
f 4070/1/11760 4436/2/11760 5993/3/11760
f 5994/1/11761 4070/2/11761 5993/3/11761
f 4062/1/11762 4070/2/11762 5994/3/11762
f 4062/1/11763 5994/2/11763 5995/3/11763
f 4433/1/11764 4062/2/11764 5995/3/11764
f 4053/1/11765 4433/2/11765 5996/3/11765
f 5997/1/11766 4053/2/11766 5996/3/11766
f 4431/1/11767 4053/2/11767 5997/3/11767
f 6049/1/11768 6088/2/11768 6041/3/11768
f 6180/1/11769 3718/2/11769 6162/3/11769
f 6010/1/11770 3757/2/11770 6251/3/11770
f 6007/1/11771 6011/2/11771 6009/3/11771
f 6012/1/11772 6013/2/11772 4423/3/11772
f 6014/1/11773 6047/2/11773 5998/3/11773
f 6006/1/11774 5692/2/11774 5742/3/11774
f 6047/1/11775 6202/2/11775 5998/3/11775
f 6011/1/11776 6007/2/11776 6008/3/11776
f 6022/1/11777 6226/2/11777 6252/3/11777
f 6023/1/11778 6041/2/11778 6204/3/11778
f 6023/1/11779 6049/2/11779 6041/3/11779
f 6015/1/11780 6254/2/11780 6052/3/11780
f 6026/1/11781 6006/2/11781 5742/3/11781
f 6000/1/11782 6024/2/11782 6027/3/11782
f 6022/1/11783 6252/2/11783 6200/3/11783
f 6027/1/11784 6029/2/11784 6000/3/11784
f 6026/1/11785 5742/2/11785 5817/3/11785
f 6032/1/11786 6003/2/11786 6039/3/11786
f 6033/1/11787 6209/2/11787 6241/3/11787
f 6246/1/11788 6012/2/11788 4061/3/11788
f 6037/1/11789 6034/2/11789 6035/3/11789
f 6037/1/11790 6173/2/11790 6034/3/11790
f 6038/1/11791 3762/2/11791 6139/3/11791
f 6023/1/11792 6204/2/11792 6009/3/11792
f 6040/1/11793 6011/2/11793 6008/3/11793
f 6042/1/11794 6036/2/11794 6043/3/11794
f 6046/1/11795 6026/2/11795 5817/3/11795
f 6046/1/11796 5817/2/11796 5816/3/11796
f 6048/1/11797 4061/2/11797 4426/3/11797
f 6048/1/11798 6246/2/11798 4061/3/11798
f 6040/1/11799 6008/2/11799 6006/3/11799
f 6051/1/11800 6058/2/11800 6050/3/11800
f 6054/1/11801 6058/2/11801 6051/3/11801
f 6037/1/11802 6043/2/11802 6036/3/11802
f 6143/1/11803 6056/2/11803 6055/3/11803
f 5816/1/11804 6060/2/11804 6046/3/11804
f 6009/1/11805 6062/2/11805 6023/3/11805
f 6065/1/11806 6048/2/11806 4426/3/11806
f 6053/1/11807 6088/2/11807 6049/3/11807
f 6064/1/11808 6067/2/11808 6068/3/11808
f 6069/1/11809 6040/2/11809 6006/3/11809
f 6066/1/11810 6028/2/11810 6098/3/11810
f 6096/1/11811 6033/2/11811 6066/3/11811
f 6009/1/11812 6011/2/11812 6062/3/11812
f 6065/1/11813 6078/2/11813 6077/3/11813
f 6078/1/11814 6065/2/11814 4426/3/11814
f 6078/1/11815 4426/2/11815 4428/3/11815
f 6065/1/11816 6077/2/11816 3792/3/11816
f 6038/1/11817 6042/2/11817 3763/3/11817
f 6079/1/11818 6053/2/11818 6049/3/11818
f 6080/1/11819 5816/2/11819 5876/3/11819
f 6080/1/11820 6060/2/11820 5816/3/11820
f 6080/1/11821 6081/2/11821 6060/3/11821
f 6082/1/11822 6098/2/11822 6028/3/11822
f 6074/1/11823 6077/2/11823 6078/3/11823
f 6026/1/11824 6069/2/11824 6006/3/11824
f 6245/1/11825 6083/2/11825 6084/3/11825
f 6074/1/11826 6078/2/11826 4428/3/11826
f 6045/1/11827 6052/2/11827 6217/3/11827
f 6079/1/11828 6049/2/11828 6023/3/11828
f 6080/1/11829 6089/2/11829 6081/3/11829
f 6056/1/11830 6102/2/11830 6214/3/11830
f 1899/1/11831 6080/2/11831 5956/3/11831
f 3770/1/11832 6043/2/11832 6037/3/11832
f 3793/1/11833 6074/2/11833 6076/3/11833
f 6055/1/11834 6056/2/11834 6214/3/11834
f 6074/1/11835 4428/2/11835 4431/3/11835
f 6026/1/11836 6097/2/11836 6069/3/11836
f 6066/1/11837 6098/2/11837 6084/3/11837
f 6066/1/11838 6084/2/11838 6096/3/11838
f 6042/1/11839 3769/2/11839 3763/3/11839
f 6042/1/11840 6043/2/11840 3769/3/11840
f 6099/1/11841 6094/2/11841 6075/3/11841
f 1899/1/11842 5956/2/11842 1023/3/11842
f 6101/1/11843 6011/2/11843 6040/3/11843
f 6091/1/11844 6099/2/11844 6075/3/11844
f 6076/1/11845 6074/2/11845 4431/3/11845
f 6055/1/11846 6214/2/11846 6053/3/11846
f 3772/1/11847 6094/2/11847 6099/3/11847
f 6115/1/11848 6215/2/11848 6104/3/11848
f 6076/1/11849 4431/2/11849 5997/3/11849
f 6057/1/11850 6055/2/11850 6053/3/11850
f 6062/1/11851 6109/2/11851 6110/3/11851
f 6062/1/11852 6110/2/11852 6023/3/11852
f 6094/1/11853 3771/2/11853 3770/3/11853
f 6111/1/11854 6040/2/11854 6069/3/11854
f 6111/1/11855 6101/2/11855 6040/3/11855
f 6112/1/11856 6076/2/11856 5997/3/11856
f 1899/1/11857 1932/2/11857 6089/3/11857
f 1899/1/11858 6089/2/11858 6080/3/11858
f 6115/1/11859 6084/2/11859 6215/3/11859
f 3772/1/11860 6105/2/11860 3773/3/11860
f 6062/1/11861 6113/2/11861 6109/3/11861
f 6179/1/11862 3710/2/11862 6171/3/11862
f 6107/1/11863 6114/2/11863 6106/3/11863
f 6107/1/11864 6199/2/11864 6005/3/11864
f 6112/1/11865 5997/2/11865 5996/3/11865
f 6097/1/11866 6111/2/11866 6069/3/11866
f 6097/1/11867 6046/2/11867 6060/3/11867
f 6122/1/11868 6053/2/11868 6079/3/11868
f 6122/1/11869 6057/2/11869 6053/3/11869
f 6123/1/11870 6125/2/11870 6124/3/11870
f 6126/1/11871 6115/2/11871 6104/3/11871
f 6119/1/11872 6226/2/11872 6021/3/11872
f 6212/1/11873 3782/2/11873 6127/3/11873
f 6199/1/11874 6208/2/11874 6001/3/11874
f 6113/1/11875 6062/2/11875 6011/3/11875
f 6114/1/11876 6107/2/11876 6005/3/11876
f 6085/1/11877 5996/2/11877 4433/3/11877
f 6117/1/11878 6119/2/11878 6021/3/11878
f 6134/1/11879 5683/2/11879 5702/3/11879
f 6250/1/11880 6249/2/11880 3786/3/11880
f 6085/1/11881 6112/2/11881 5996/3/11881
f 6199/1/11882 6001/2/11882 6002/3/11882
f 6199/1/11883 6002/2/11883 6005/3/11883
f 6134/1/11884 5702/2/11884 5999/3/11884
f 6122/1/11885 6079/2/11885 6110/3/11885
f 3775/1/11886 6126/2/11886 6104/3/11886
f 6131/1/11887 3786/2/11887 6249/3/11887
f 3775/1/11888 6104/2/11888 6050/3/11888
f 6132/1/11889 3787/2/11889 6131/3/11889
f 6101/1/11890 6113/2/11890 6011/3/11890
f 6089/1/11891 6135/2/11891 6116/3/11891
f 6089/1/11892 6116/2/11892 6081/3/11892
f 6085/1/11893 4433/2/11893 5995/3/11893
f 6021/1/11894 6226/2/11894 6022/3/11894
f 6058/1/11895 3775/2/11895 6050/3/11895
f 6029/1/11896 5999/2/11896 6000/3/11896
f 6029/1/11897 6025/2/11897 5999/3/11897
f 6121/1/11898 6097/2/11898 6060/3/11898
f 6086/1/11899 6085/2/11899 5995/3/11899
f 6036/1/11900 6173/2/11900 6037/3/11900
f 3787/1/11901 6132/2/11901 6141/3/11901
f 6120/1/11902 6121/2/11902 6060/3/11902
f 6057/1/11903 6143/2/11903 6055/3/11903
f 6101/1/11904 6147/2/11904 6136/3/11904
f 3776/1/11905 6061/2/11905 6058/3/11905
f 3776/1/11906 6058/2/11906 6054/3/11906
f 6086/1/11907 5995/2/11907 5994/3/11907
f 6109/1/11908 6144/2/11908 6110/3/11908
f 6070/1/11909 6063/2/11909 6064/3/11909
f 6093/1/11910 6086/2/11910 5994/3/11910
f 6149/1/11911 5589/2/11911 6092/3/11911
f 6153/1/11912 5648/2/11912 5683/3/11912
f 6150/1/11913 5578/2/11913 5577/3/11913
f 6167/1/11914 6147/2/11914 6111/3/11914
f 6150/1/11915 6151/2/11915 6152/3/11915
f 6150/1/11916 5577/2/11916 6149/3/11916
f 6150/1/11917 6149/2/11917 6092/3/11917
f 6150/1/11918 6152/2/11918 5578/3/11918
f 3776/1/11919 6054/2/11919 6140/3/11919
f 6092/1/11920 5589/2/11920 6095/3/11920
f 6100/1/11921 6076/2/11921 6112/3/11921
f 6167/1/11922 6111/2/11922 6121/3/11922
f 6155/1/11923 6134/2/11923 6156/3/11923
f 6059/1/11924 6143/2/11924 6157/3/11924
f 6093/1/11925 5994/2/11925 5993/3/11925
f 6100/1/11926 3793/2/11926 6076/3/11926
f 6100/1/11927 6112/2/11927 3794/3/11927
f 6163/1/11928 6157/2/11928 6057/3/11928
f 3777/1/11929 6140/2/11929 6143/3/11929
f 6090/1/11930 3794/2/11930 6112/3/11930
f 6172/1/11931 5801/2/11931 6161/3/11931
f 3777/1/11932 3776/2/11932 6140/3/11932
f 6010/1/11933 5988/2/11933 5987/3/11933
f 6152/1/11934 5985/2/11934 5578/3/11934
f 6093/1/11935 6165/2/11935 6086/3/11935
f 6166/1/11936 6161/2/11936 5848/3/11936
f 6103/1/11937 6093/2/11937 5993/3/11937
f 5894/1/11938 6166/2/11938 5848/3/11938
f 3756/1/11939 6090/2/11939 6085/3/11939
f 6156/1/11940 6025/2/11940 6168/3/11940
f 6171/1/11941 3756/2/11941 6085/3/11941
f 6171/1/11942 6085/2/11942 6086/3/11942
f 6163/1/11943 6057/2/11943 6122/3/11943
f 6171/1/11944 6086/2/11944 6165/3/11944
f 6059/1/11945 3777/2/11945 6143/3/11945
f 6103/1/11946 5993/2/11946 5992/3/11946
f 6064/1/11947 6169/2/11947 6136/3/11947
f 6164/1/11948 6156/2/11948 6173/3/11948
f 6145/1/11949 1932/2/11949 1978/3/11949
f 6093/1/11950 6179/2/11950 6165/3/11950
f 6169/1/11951 6144/2/11951 6109/3/11951
f 6169/1/11952 6063/2/11952 6144/3/11952
f 6169/1/11953 6064/2/11953 6063/3/11953
f 6166/1/11954 6183/2/11954 6172/3/11954
f 6177/1/11955 6163/2/11955 6122/3/11955
f 6103/1/11956 6179/2/11956 6093/3/11956
f 6175/1/11957 6178/2/11957 6176/3/11957
f 6106/1/11958 6103/2/11958 5992/3/11958
f 6181/1/11959 6182/2/11959 6120/3/11959
f 6103/1/11960 6118/2/11960 3758/3/11960
f 6103/1/11961 3758/2/11961 6179/3/11961
f 6067/1/11962 6136/2/11962 6147/3/11962
f 6179/1/11963 6171/2/11963 6165/3/11963
f 3778/1/11924 6059/2/11924 6157/3/11924
f 6172/1/11964 6019/2/11964 6237/3/11964
f 6106/1/11965 6118/2/11965 6103/3/11965
f 6184/1/11966 6177/2/11966 6122/3/11966
f 6183/1/11967 6186/2/11967 6015/3/11967
f 6175/1/11968 6108/2/11968 6117/3/11968
f 6185/1/11969 5955/2/11969 6004/3/11969
f 6106/1/11970 5992/2/11970 5991/3/11970
f 6004/1/11971 5955/2/11971 5970/3/11971
f 6004/1/11972 5970/2/11972 5977/3/11972
f 6181/1/11973 6120/2/11973 6135/3/11973
f 6253/1/11974 3765/2/11974 3712/3/11974
f 6106/1/11975 6114/2/11975 6118/3/11975
f 6067/1/11976 6147/2/11976 6167/3/11976
f 6173/1/11977 6168/2/11977 6034/3/11977
f 6108/1/11978 6119/2/11978 6117/3/11978
f 6163/1/11979 3778/2/11979 6157/3/11979
f 6067/1/11980 6064/2/11980 6136/3/11980
f 6190/1/11981 3765/2/11981 6253/3/11981
f 6181/1/11982 6187/2/11982 6182/3/11982
f 6154/1/11983 5683/2/11983 6134/3/11983
f 6192/1/11984 6193/2/11984 6194/3/11984
f 6107/1/11985 6106/2/11985 5991/3/11985
f 6192/1/11986 6178/2/11986 6175/3/11986
f 6192/1/11987 6194/2/11987 6178/3/11987
f 6192/1/11988 6175/2/11988 6117/3/11988
f 6154/1/11989 6195/2/11989 6196/3/11989
f 6154/1/11990 6196/2/11990 6153/3/11990
f 6189/1/11991 6188/2/11991 3767/3/11991
f 6155/1/11992 6195/2/11992 6154/3/11992
f 6155/1/11993 6154/2/11993 6134/3/11993
f 6203/1/11994 6067/2/11994 6167/3/11994
f 6028/1/11995 6198/2/11995 6183/3/11995
f 6199/1/11996 6107/2/11996 5991/3/11996
f 6134/1/11997 5999/2/11997 6025/3/11997
f 6197/1/11998 3765/2/11998 6190/3/11998
f 6199/1/11999 5991/2/11999 5990/3/11999
f 6200/1/12000 6138/2/12000 6139/3/12000
f 6206/1/12001 6135/2/12001 6191/3/12001
f 6206/1/12002 6181/2/12002 6135/3/12002
f 6201/1/12003 6202/2/12003 6021/3/12003
f 6201/1/12004 6021/2/12004 6022/3/12004
f 6004/1/12005 6003/2/12005 6185/3/12005
f 6201/1/12006 6022/2/12006 6200/3/12006
f 6201/1/12007 6200/2/12007 6139/3/12007
f 6201/1/12008 5998/2/12008 6202/3/12008
f 6067/1/12009 6203/2/12009 6218/3/12009
f 6197/1/12010 6162/2/12010 3715/3/12010
f 6188/1/12011 6202/2/12011 3768/3/12011
f 6139/1/12012 6031/2/12012 6036/3/12012
f 6177/1/12013 3779/2/12013 6163/3/12013
f 6204/1/12014 6205/2/12014 6009/3/12014
f 6181/1/12015 6206/2/12015 6187/3/12015
f 5977/1/12016 6039/2/12016 6003/3/12016
f 5977/1/12017 6003/2/12017 6004/3/12017
f 6079/1/12018 6023/2/12018 6110/3/12018
f 6143/1/12019 6057/2/12019 6157/3/12019
f 6125/1/12020 6167/2/12020 6182/3/12020
f 6176/1/12021 6152/2/12021 6151/3/12021
f 6143/1/12022 6140/2/12022 6056/3/12022
f 6207/1/12023 6110/2/12023 6144/3/12023
f 6207/1/12024 6184/2/12024 6122/3/12024
f 6207/1/12025 6122/2/12025 6110/3/12025
f 6047/1/12026 3768/2/12026 6202/3/12026
f 6208/1/12027 6199/2/12027 5990/3/12027
f 6177/1/12028 3780/2/12028 3779/3/12028
f 6191/1/12029 1978/2/12029 1993/3/12029
f 3767/1/12030 6188/2/12030 3768/3/12030
f 6208/1/12027 5990/2/12027 5989/3/12027
f 6028/1/12031 6015/2/12031 6045/3/12031
f 3778/1/12032 6163/2/12032 3779/3/12032
f 6020/1/12033 3718/2/12033 6180/3/12033
f 6187/1/12034 6125/2/12034 6182/3/12034
f 6148/1/12035 3780/2/12035 6177/3/12035
f 6015/1/12036 6052/2/12036 6045/3/12036
f 6125/1/12037 6203/2/12037 6167/3/12037
f 6039/1/12038 6087/2/12038 6032/3/12038
f 6066/1/12039 6198/2/12039 6028/3/12039
f 6066/1/12040 6033/2/12040 6019/3/12040
f 6066/1/12041 6019/2/12041 6198/3/12041
f 6148/1/12042 6177/2/12042 6184/3/12042
f 6209/1/12043 6033/2/12043 6096/3/12043
f 6176/1/12044 6151/2/12044 6150/3/12044
f 6148/1/12045 6184/2/12045 6207/3/12045
f 6028/1/12046 6045/2/12046 6082/3/12046
f 6037/1/12047 6035/2/12047 6094/3/12047
f 6094/1/12048 6035/2/12048 6075/3/12048
f 6070/1/12049 6144/2/12049 6063/3/12049
f 6251/1/12050 6208/2/12050 5989/3/12050
f 6251/1/12051 5989/2/12051 5988/3/12051
f 6209/1/12052 6083/2/12052 6211/3/12052
f 6209/1/12053 6096/2/12053 6083/3/12053
f 6175/1/12054 6176/2/12054 6150/3/12054
f 6148/1/12055 6207/2/12055 6144/3/12055
f 6094/1/12056 3770/2/12056 6037/3/12056
f 6187/1/12057 6124/2/12057 6125/3/12057
f 6187/1/12058 6212/2/12058 6124/3/12058
f 6096/1/12059 6084/2/12059 6083/3/12059
f 6213/1/12060 6187/2/12060 6206/3/12060
f 3770/1/12061 3769/2/12061 6043/3/12061
f 6175/1/12062 6150/2/12062 6092/3/12062
f 6146/1/12063 6148/2/12063 6144/3/12063
f 6072/1/12064 6070/2/12064 6068/3/12064
f 6071/1/12065 6144/2/12065 6070/3/12065
f 6071/1/12066 6146/2/12066 6144/3/12066
f 6010/1/12067 6251/2/12067 5988/3/12067
f 6108/1/12068 6175/2/12068 6092/3/12068
f 6213/1/12069 6212/2/12069 6187/3/12069
f 6054/1/12070 6051/2/12070 6216/3/12070
f 6178/1/12071 6152/2/12071 6176/3/12071
f 6210/1/12072 1993/2/12072 2010/3/12072
f 6072/1/12073 6071/2/12073 6070/3/12073
f 6073/1/12074 6068/2/12074 6218/3/12074
f 6108/1/12075 6092/2/12075 6095/3/12075
f 6218/1/12076 6203/2/12076 6125/3/12076
f 6219/1/12077 6010/2/12077 5987/3/12077
f 6219/1/12078 5987/2/12078 5986/3/12078
f 6073/1/12079 6072/2/12079 6068/3/12079
f 6119/1/12080 6108/2/12080 6095/3/12080
f 6132/1/12081 6133/2/12081 6141/3/12081
f 6220/1/12082 6073/2/12082 6218/3/12082
f 6223/1/12083 6212/2/12083 6213/3/12083
f 6221/1/12084 6223/2/12084 6213/3/12084
f 6225/1/12085 6137/2/12085 6017/3/12085
f 6142/1/12086 6141/2/12086 6133/3/12086
f 6137/1/12087 6224/2/12087 6142/3/12087
f 6222/1/12088 6220/2/12088 6218/3/12088
f 6119/1/12089 6095/2/12089 5610/3/12089
f 6127/1/12090 6123/2/12090 6124/3/12090
f 6128/1/12091 6222/2/12091 6218/3/12091
f 6128/1/12092 6218/2/12092 6123/3/12092
f 6158/1/12093 6219/2/12093 5986/3/12093
f 6158/1/12094 5986/2/12094 5985/3/12094
f 6221/1/12095 2010/2/12095 2014/3/12095
f 6226/1/12096 6119/2/12096 5610/3/12096
f 6227/1/12097 6223/2/12097 6221/3/12097
f 6129/1/12098 6123/2/12098 6127/3/12098
f 6129/1/12099 6128/2/12099 6123/3/12099
f 6226/1/12100 5610/2/12100 5634/3/12100
f 6159/1/12101 5985/2/12101 6152/3/12101
f 6159/1/12102 6158/2/12102 5985/3/12102
f 6252/1/12103 6226/2/12103 5634/3/12103
f 6194/1/12104 6152/2/12104 6178/3/12104
f 6194/1/12105 6159/2/12105 6152/3/12105
f 6233/1/12106 6130/2/12106 6232/3/12106
f 6195/1/12107 6252/2/12107 5634/3/12107
f 6195/1/12108 5634/2/12108 6196/3/12108
f 6196/1/12109 5634/2/12109 5648/3/12109
f 3783/1/12110 6231/2/12110 6234/3/12110
f 6153/1/12111 5683/2/12111 6154/3/12111
f 6236/1/12112 6230/2/12112 6231/3/12112
f 6164/1/12113 6155/2/12113 6156/3/12113
f 6166/1/12114 6172/2/12114 6161/3/12114
f 6237/1/12115 5801/2/12115 6172/3/12115
f 6240/1/12116 5419/2/12116 6242/3/12116
f 6243/1/12117 3755/2/12117 6018/3/12117
f 6243/1/12118 3711/2/12118 3755/3/12118
f 6174/1/12119 6166/2/12119 5894/3/12119
f 3762/1/12120 6014/2/12120 6201/3/12120
f 6160/1/12121 6159/2/12121 6194/3/12121
f 6139/1/12122 3762/2/12122 6201/3/12122
f 6186/1/12123 6166/2/12123 6174/3/12123
f 6186/1/12124 6174/2/12124 6185/3/12124
f 6042/1/12125 6038/2/12125 6139/3/12125
f 6164/1/12126 6036/2/12126 6031/3/12126
f 6164/1/12127 6173/2/12127 6036/3/12127
f 6185/1/12128 6174/2/12128 5955/3/12128
f 6160/1/12129 6194/2/12129 6193/3/12129
f 6186/1/12130 6185/2/12130 6254/3/12130
f 3764/1/12131 3711/2/12131 6243/3/12131
f 3764/1/12132 6253/2/12132 3712/3/12132
f 6032/1/12133 6102/2/12133 6052/3/12133
f 6180/1/12134 6170/2/12134 6020/3/12134
f 6162/1/12135 6160/2/12135 6193/3/12135
f 6189/1/12136 6020/2/12136 6170/3/12136
f 6020/1/12137 6189/2/12137 3767/3/12137
f 6038/1/12138 3763/2/12138 3762/3/12138
f 6180/1/12139 6162/2/12139 6193/3/12139
f 6180/1/12140 6193/2/12140 6192/3/12140
f 6082/1/12141 6104/2/12141 6098/3/12141
f 6082/1/12142 6050/2/12142 6104/3/12142
f 6102/1/12143 6032/2/12143 6087/3/12143
f 6102/1/12144 6087/2/12144 6214/3/12144
f 6087/1/12145 6053/2/12145 6214/3/12145
f 6087/1/12146 6088/2/12146 6053/3/12146
f 6170/1/12147 6180/2/12147 6192/3/12147
f 6102/1/12148 6056/2/12148 6140/3/12148
f 6102/1/12149 6140/2/12149 6216/3/12149
f 3771/1/12150 6094/2/12150 3772/3/12150
f 6245/1/12151 6084/2/12151 6115/3/12151
f 6046/1/12152 6097/2/12152 6026/3/12152
f 6051/1/12153 6217/2/12153 6216/3/12153
f 6099/1/12154 6105/2/12154 3772/3/12154
f 6170/1/12155 6192/2/12155 6117/3/12155
f 6140/1/12156 6054/2/12156 6216/3/12156
f 6089/1/12157 1932/2/12157 6145/3/12157
f 6113/1/12158 6101/2/12158 6136/3/12158
f 6101/1/12159 6111/2/12159 6147/3/12159
f 6116/1/12160 6135/2/12160 6120/3/12160
f 6145/1/12161 6135/2/12161 6089/3/12161
f 6121/1/12162 6111/2/12162 6097/3/12162
f 6123/1/12163 6218/2/12163 6125/3/12163
f 6113/1/12158 6136/2/12158 6169/3/12158
f 6182/1/12164 6167/2/12164 6121/3/12164
f 6182/1/12165 6121/2/12165 6120/3/12165
f 6191/1/12166 6135/2/12166 6145/3/12166
f 6016/1/12167 3789/2/12167 6017/3/12167
f 6225/1/12168 6017/2/12168 3789/3/12168
f 6225/1/12169 6224/2/12169 6137/3/12169
f 6191/1/12170 6145/2/12170 1978/3/12170
f 6188/1/12171 6170/2/12171 6117/3/12171
f 6188/1/12172 6117/2/12172 6021/3/12172
f 6225/1/12173 3788/2/12173 6224/3/12173
f 6191/1/12174 1993/2/12174 6210/3/12174
f 6191/1/12175 6210/2/12175 6206/3/12175
f 6206/1/12176 6210/2/12176 6213/3/12176
f 6213/1/12177 6210/2/12177 6221/3/12177
f 3789/1/12178 3788/2/12178 6225/3/12178
f 6016/1/12179 3790/2/12179 3789/3/12179
f 6210/1/12180 2010/2/12180 6221/3/12180
f 3790/1/12181 6016/2/12181 6044/3/12181
f 6202/1/12182 6188/2/12182 6021/3/12182
f 6228/1/12183 6223/2/12183 6227/3/12183
f 6227/1/12184 6221/2/12184 2014/3/12184
f 6227/1/12185 2014/2/12185 2089/3/12185
f 6228/1/12186 6227/2/12186 6229/3/12186
f 6229/1/12187 6227/2/12187 2089/3/12187
f 6233/1/12188 2036/2/12188 6130/3/12188
f 6247/1/12189 6236/2/12189 6232/3/12189
f 6196/1/12190 5648/2/12190 6153/3/12190
f 6132/1/12191 6131/2/12191 6249/3/12191
f 6195/1/12192 6155/2/12192 6164/3/12192
f 6195/1/12193 6164/2/12193 6138/3/12193
f 6131/1/12194 3699/2/12194 3786/3/12194
f 3787/1/12195 3699/2/12195 6131/3/12195
f 5418/1/12196 5416/2/12196 6024/3/12196
f 5418/1/12197 6024/2/12197 6000/3/12197
f 6000/1/12198 5999/2/12198 5726/3/12198
f 5801/1/12199 6237/2/12199 6024/3/12199
f 6158/1/12200 6159/2/12200 6190/3/12200
f 6027/1/12201 6239/2/12201 6238/3/12201
f 6027/1/12202 6238/2/12202 6029/3/12202
f 6160/1/12203 6190/2/12203 6159/3/12203
f 6241/1/12204 6027/2/12204 6030/3/12204
f 6241/1/12205 6239/2/12205 6027/3/12205
f 6138/1/12206 6164/2/12206 6031/3/12206
f 6138/1/12207 6031/2/12207 6139/3/12207
f 6019/1/12208 6030/2/12208 6237/3/12208
f 6190/1/12209 6253/2/12209 6158/3/12209
f 6160/1/12210 6197/2/12210 6190/3/12210
f 6160/1/12211 6162/2/12211 6197/3/12211
f 5998/1/12212 6201/2/12212 6014/3/12212
f 6244/1/12213 6075/2/12213 6238/3/12213
f 6244/1/12214 6091/2/12214 6075/3/12214
f 6211/1/12215 6091/2/12215 6244/3/12215
f 6211/1/12216 6244/2/12216 6209/3/12216
f 6098/1/12217 6104/2/12217 6215/3/12217
f 4406/1/12218 6231/2/12218 4404/3/12218
f 6003/1/12219 6254/2/12219 6185/3/12219
f 6239/1/12220 6244/2/12220 6238/3/12220
f 6209/1/12221 6239/2/12221 6241/3/12221
f 6209/1/12222 6244/2/12222 6239/3/12222
f 6033/1/12223 6241/2/12223 6019/3/12223
f 6068/1/12224 6067/2/12224 6218/3/12224
f 6052/1/12225 6254/2/12225 6003/3/12225
f 6036/1/12226 6042/2/12226 6139/3/12226
f 3790/1/12227 6044/2/12227 6235/3/12227
f 6052/1/12228 6003/2/12228 6032/3/12228
f 6013/1/12229 6235/2/12229 6044/3/12229
f 6012/1/12230 3791/2/12230 6013/3/12230
f 3768/1/12231 3759/2/12231 3767/3/12231
f 6130/1/12232 2036/2/12232 2104/3/12232
f 6130/1/12233 2104/2/12233 4398/3/12233
f 6232/1/12234 6130/2/12234 4398/3/12234
f 6048/1/12235 3792/2/12235 6248/3/12235
f 3760/1/12236 3768/2/12236 6047/3/12236
f 6247/1/12237 6232/2/12237 4398/3/12237
f 6247/1/12238 4398/2/12238 4401/3/12238
f 6047/1/12239 6014/2/12239 3762/3/12239
f 6230/1/12240 4401/2/12240 4404/3/12240
f 6230/1/12241 6247/2/12241 4401/3/12241
f 6045/1/12242 6217/2/12242 6082/3/12242
f 6231/1/12243 6230/2/12243 4404/3/12243
f 6216/1/12244 6217/2/12244 6052/3/12244
f 6102/1/12245 6216/2/12245 6052/3/12245
f 6251/1/12246 3761/2/12246 6208/3/12246
f 6234/1/12247 6231/2/12247 4406/3/12247
f 6098/1/12248 6215/2/12248 6084/3/12248
f 6091/1/12249 6105/2/12249 6099/3/12249
f 6250/1/12250 6234/2/12250 4406/3/12250
f 6091/1/12251 6211/2/12251 6105/3/12251
f 6217/1/12252 6051/2/12252 6082/3/12252
f 6083/1/12253 6245/2/12253 6211/3/12253
f 6245/1/12254 6105/2/12254 6211/3/12254
f 6252/1/12255 6195/2/12255 6138/3/12255
f 6249/1/12256 4406/2/12256 4408/3/12256
f 6249/1/12257 6250/2/12257 4406/3/12257
f 6051/1/12258 6050/2/12258 6082/3/12258
f 6105/1/12259 6245/2/12259 3773/3/12259
f 6002/1/12260 6114/2/12260 6005/3/12260
f 6245/1/12261 3774/2/12261 3773/3/12261
f 6116/1/12262 6060/2/12262 6081/3/12262
f 6115/1/12263 3774/2/12263 6245/3/12263
f 6018/1/12264 6010/2/12264 6243/3/12264
f 6219/1/12265 6243/2/12265 6010/3/12265
f 6116/1/12266 6120/2/12266 6060/3/12266
f 6018/1/12267 3757/2/12267 6010/3/12267
f 6109/1/12268 6113/2/12268 6169/3/12268
f 6200/1/12269 6252/2/12269 6138/3/12269
f 6127/1/12270 6124/2/12270 6212/3/12270
f 3764/1/12271 6219/2/12271 6158/3/12271
f 6030/1/12272 6027/2/12272 6024/3/12272
f 6030/1/12273 6024/2/12273 6237/3/12273
f 3782/1/12274 6223/2/12274 6228/3/12274
f 3782/1/12275 6212/2/12275 6223/3/12275
f 6132/1/12276 6249/2/12276 4408/3/12276
f 6132/1/12277 4408/2/12277 4410/3/12277
f 3764/1/12278 6158/2/12278 6253/3/12278
f 3764/1/12279 6243/2/12279 6219/3/12279
f 3781/1/12280 6127/2/12280 3782/3/12280
f 3781/1/12281 6129/2/12281 6127/3/12281
f 6013/1/12282 4422/2/12282 4423/3/12282
f 6013/1/12283 4421/2/12283 4422/3/12283
f 6133/1/12284 6132/2/12284 4410/3/12284
f 6035/1/12285 6034/2/12285 6238/3/12285
f 6035/1/12286 6238/2/12286 6075/3/12286
f 6230/1/12287 6236/2/12287 6247/3/12287
f 6250/1/12288 3784/2/12288 3783/3/12288
f 6250/1/12289 3783/2/12289 6234/3/12289
f 6133/1/12290 4410/2/12290 4412/3/12290
f 6058/1/12291 6061/2/12291 3775/3/12291
f 6070/1/12292 6064/2/12292 6068/3/12292
f 6012/1/12293 4423/2/12293 4061/3/12293
f 6012/1/12294 6246/2/12294 6248/3/12294
f 6133/1/12295 4412/2/12295 4414/3/12295
f 6012/1/12296 6248/2/12296 3791/3/12296
f 6048/1/12297 6248/2/12297 6246/3/12297
f 6065/1/12298 3792/2/12298 6048/3/12298
f 3784/1/12299 6250/2/12299 3786/3/12299
f 6137/1/12300 4414/2/12300 4416/3/12300
f 6137/1/12301 6133/2/12301 4414/3/12301
f 6137/1/12302 6142/2/12302 6133/3/12302
f 6085/1/12303 6090/2/12303 6112/3/12303
f 6074/1/12304 3793/2/12304 6077/3/12304
f 5702/1/12305 5726/2/12305 5999/3/12305
f 6017/1/12306 6137/2/12306 4416/3/12306
f 5418/1/12307 6000/2/12307 5726/3/12307
f 5801/1/12308 6024/2/12308 5416/3/12308
f 5610/1/12309 5618/2/12309 5620/3/12309
f 6156/1/12310 6134/2/12310 6025/3/12310
f 5610/1/12311 5620/2/12311 5634/3/12311
f 6016/1/12312 6017/2/12312 4416/3/12312
f 6016/1/12313 4416/2/12313 4418/3/12313
f 3756/1/12314 3794/2/12314 6090/3/12314
f 5464/1/12315 6242/2/12315 5419/3/12315
f 6173/1/12316 6156/2/12316 6168/3/12316
f 6170/1/12317 6188/2/12317 6189/3/12317
f 6238/1/12318 6025/2/12318 6029/3/12318
f 6238/1/12319 6168/2/12319 6025/3/12319
f 6205/1/12320 5464/2/12320 5484/3/12320
f 6205/1/12321 5484/2/12321 5515/3/12321
f 6088/1/12322 5977/2/12322 6242/3/12322
f 6088/1/12323 6039/2/12323 5977/3/12323
f 6183/1/12324 6166/2/12324 6186/3/12324
f 6044/1/12325 4418/2/12325 4421/3/12325
f 6044/1/12326 6016/2/12326 4418/3/12326
f 6007/1/12327 5515/2/12327 5548/3/12327
f 6007/1/12328 6205/2/12328 5515/3/12328
f 6041/1/12329 6088/2/12329 6242/3/12329
f 6041/1/12330 6242/2/12330 5464/3/12330
f 6008/1/12331 6007/2/12331 5548/3/12331
f 6204/1/12332 5464/2/12332 6205/3/12332
f 6204/1/12333 6041/2/12333 5464/3/12333
f 6008/1/12334 5548/2/12334 5616/3/12334
f 6019/1/12335 6241/2/12335 6030/3/12335
f 6183/1/12336 6015/2/12336 6028/3/12336
f 6254/1/12337 6015/2/12337 6186/3/12337
f 6088/1/12338 6087/2/12338 6039/3/12338
f 6198/1/12339 6019/2/12339 6172/3/12339
f 6198/1/12340 6172/2/12340 6183/3/12340
f 6013/1/12341 6044/2/12341 4421/3/12341
f 3761/1/12342 6251/2/12342 3757/3/12342
f 6006/1/12343 5616/2/12343 5692/3/12343
f 3761/1/12344 6001/2/12344 6208/3/12344
f 5977/1/12345 6240/2/12345 6242/3/12345
f 6006/1/12346 6008/2/12346 5616/3/12346
f 6238/1/12347 6034/2/12347 6168/3/12347
f 6007/1/12348 6009/2/12348 6205/3/12348
f 6162/1/12349 3718/2/12349 3715/3/12349
f 6255/1/12350 3765/2/12350 6256/3/12350
f 3785/1/12351 3765/2/12351 6255/3/12351
f 3766/1/12352 6255/2/12352 6257/3/12352
f 3766/1/12353 3785/2/12353 6255/3/12353
f 3765/1/12354 3766/2/12354 6256/3/12354
f 3766/1/12355 6257/2/12355 6256/3/12355
f 6256/1/12356 6257/2/12356 6255/3/12356
f 2307/1/12357 6258/2/12357 6259/3/12357
f 2307/1/12358 2309/2/12358 6258/3/12358
f 6259/1/12359 6260/2/12359 2307/3/12359
f 6260/1/12360 2305/2/12360 2307/3/12360
f 6258/1/12361 2305/2/12361 6260/3/12361
f 2309/1/12362 2305/2/12362 6258/3/12362
f 6258/1/12356 6260/2/12356 6259/3/12356
f 3713/1/7118 3697/2/7118 3708/3/7118
f 3713/1/7118 3694/2/7118 3697/3/7118
f 3713/1/7118 3686/2/7118 3694/3/7118
f 3717/1/7118 3690/2/7118 3713/3/7118
f 3690/1/7118 3686/2/7118 3713/3/7118
