# Blender 4.5.9 LTS
# www.blender.org
mtllib link2.mtl
o node0
v -0.049679 -0.194000 -0.003474
v -0.046306 -0.194000 -0.003199
v -0.049679 -0.194000 0.003474
v -0.046025 -0.194000 -0.002916
v -0.046042 -0.194000 0.002939
v -0.046331 -0.194000 0.003214
v -0.049822 -0.194000 0.000050
v 0.036608 -0.194000 0.041018
v 0.041948 -0.194000 0.035532
v 0.011396 -0.194000 -0.053810
v 0.039470 -0.194000 0.038253
v -0.053128 -0.194000 0.014271
v 0.015237 -0.194000 -0.052865
v 0.018931 -0.194000 -0.051651
v -0.051093 -0.194000 0.020396
v 0.022272 -0.194000 -0.050294
v 0.025872 -0.194000 -0.048558
v -0.048391 -0.194000 0.026121
v 0.030630 -0.194000 -0.045710
v -0.045482 -0.194000 0.030905
v 0.034268 -0.194000 -0.043025
v -0.042407 -0.194000 0.034984
v 0.036498 -0.194000 -0.041151
v -0.039903 -0.194000 0.037805
v 0.038649 -0.194000 -0.039137
v -0.036952 -0.194000 0.040710
v 0.041479 -0.194000 -0.036148
v -0.033199 -0.194000 0.043825
v 0.044107 -0.194000 -0.032864
v 0.045795 -0.194000 -0.030467
v -0.054649 -0.194000 -0.006386
v -0.054961 -0.194000 -0.002103
v -0.030160 -0.194000 0.045961
v 0.047269 -0.194000 -0.028126
v -0.026758 -0.194000 0.048043
v -0.054975 -0.194000 0.002178
v 0.048903 -0.194000 -0.025193
v -0.021251 -0.194000 0.050747
v 0.050810 -0.194000 -0.021075
v -0.053574 -0.194000 -0.012603
v 0.052376 -0.194000 -0.016874
v -0.014971 -0.194000 0.052940
v 0.053765 -0.194000 -0.011622
v -0.009944 -0.194000 0.054100
v 0.054190 -0.194000 -0.009415
v -0.005348 -0.194000 0.054756
v -0.051770 -0.194000 -0.018632
v 0.054960 -0.194000 -0.002213
v -0.000949 -0.194000 0.055000
v 0.054986 -0.194000 0.001368
v 0.002436 -0.194000 0.054955
v -0.047965 -0.194000 -0.026937
v -0.049898 -0.194000 -0.023163
v 0.054848 -0.194000 0.004172
v 0.006595 -0.194000 0.054610
v 0.054482 -0.193999 0.007582
v 0.010451 -0.194000 0.054012
v 0.054042 -0.194000 0.010220
v -0.044964 -0.194000 -0.031736
v 0.053206 -0.194000 0.013894
v 0.015865 -0.194000 0.052670
v -0.026159 -0.194000 -0.048394
v -0.029197 -0.194000 -0.046616
v -0.032770 -0.194000 -0.044199
v 0.052583 -0.194000 0.016080
v -0.036989 -0.194000 -0.040732
v -0.040947 -0.194000 -0.036755
v 0.000247 -0.194000 -0.055001
v -0.004411 -0.194000 -0.054860
v 0.051325 -0.194000 0.019739
v 0.021039 -0.194000 0.050821
v -0.010970 -0.194000 -0.053921
v -0.016336 -0.194000 -0.052538
v -0.021598 -0.194000 -0.050610
v 0.003464 -0.194000 -0.054895
v 0.007513 -0.194000 -0.054505
v 0.049954 -0.194000 0.022961
v 0.026879 -0.194000 0.047996
v 0.048681 -0.194000 0.025543
v 0.047247 -0.194000 0.028101
v 0.044736 -0.194000 0.031957
v 0.032163 -0.194000 0.044599
v -0.054412 -0.194000 0.008237
v -0.000024 -0.178857 0.054997
v -0.054485 -0.181877 -0.007538
v -0.053792 -0.180684 -0.011486
v -0.018150 -0.180602 0.051925
v -0.049956 -0.178693 -0.023010
v -0.048228 -0.182855 -0.026445
v -0.024954 -0.181719 0.049001
v -0.044516 -0.183813 -0.032317
v -0.027966 -0.185167 0.047333
v -0.042992 -0.184053 -0.034309
v -0.031191 -0.182513 0.045278
v -0.041889 -0.180303 -0.035646
v -0.040164 -0.181212 -0.037585
v -0.037791 -0.180809 -0.039970
v -0.037644 -0.183351 0.040069
v -0.031525 -0.180794 -0.045072
v -0.039183 -0.182662 0.038564
v -0.041932 -0.182522 0.035562
v -0.043328 -0.183691 0.033835
v -0.045076 -0.184325 0.031467
v -0.045986 -0.180736 0.030163
v -0.020243 -0.183161 -0.051143
v -0.047161 -0.183736 0.028257
v -0.048420 -0.179142 0.026093
v -0.049392 -0.180918 0.024187
v -0.015150 -0.183613 -0.052876
v -0.012132 -0.180678 -0.053653
v -0.050682 -0.184187 0.021317
v -0.051795 -0.179880 0.018503
v -0.009561 -0.177717 -0.054164
v -0.002068 -0.180535 -0.054965
v -0.053927 -0.177070 0.010834
v -0.054578 -0.181475 0.006820
v -0.049989 -0.158348 0.023311
v -0.023837 -0.133004 0.051719
v -0.030022 -0.136253 0.047852
v -0.054759 -0.180367 0.005167
v -0.027613 -0.139424 0.049121
v -0.054837 -0.171503 0.004321
v -0.021383 -0.137157 0.052498
v -0.022349 -0.125543 0.053142
v -0.054897 -0.179819 0.003398
v -0.054980 -0.180866 0.001668
v -0.020030 -0.126191 0.054099
v -0.034742 -0.134874 0.044380
v -0.032650 -0.133096 0.046196
v -0.026140 -0.135224 0.050310
v -0.026035 -0.144469 0.049701
v -0.054325 -0.173848 0.008675
v -0.018449 -0.133156 0.054045
v -0.047210 -0.158743 0.028632
v -0.045848 -0.158561 0.030814
v -0.017665 -0.123942 0.055248
v -0.044445 -0.158944 0.032838
v -0.032587 -0.143919 0.045524
v -0.046317 -0.166878 0.029890
v -0.047475 -0.167163 0.027979
v -0.032252 -0.153535 0.045267
v -0.023722 -0.142316 0.051038
v -0.044524 -0.165508 0.032560
v -0.015215 -0.133061 0.055127
v -0.034468 -0.153969 0.043543
v -0.035993 -0.156023 0.042169
v -0.034612 -0.145257 0.043849
v -0.029804 -0.147455 0.047260
v -0.038774 -0.162872 0.039348
v -0.037404 -0.154501 0.040965
v -0.037459 -0.164051 0.040587
v -0.043238 -0.171412 0.034130
v -0.041891 -0.163134 0.035970
v -0.041612 -0.169744 0.036132
v -0.015179 -0.126427 0.055808
v -0.034330 -0.162395 0.043335
v -0.032805 -0.159035 0.044629
v -0.034730 -0.169801 0.042801
v -0.040393 -0.182709 0.037298
v -0.012408 -0.133058 0.055884
v -0.012758 -0.124238 0.056718
v -0.016021 -0.170515 0.052723
v -0.013720 -0.170102 0.053377
v -0.025455 -0.154790 0.049428
v -0.011572 -0.170161 0.053878
v -0.018364 -0.142643 0.053281
v -0.017787 -0.171399 0.052135
v -0.013304 -0.179125 0.053370
v -0.015561 -0.179431 0.052755
v -0.035425 -0.130275 -0.042076
v -0.010928 -0.126273 0.056927
v -0.009539 -0.133224 0.056472
v -0.037165 -0.125819 -0.040551
v -0.035326 -0.136600 -0.042160
v -0.037263 -0.133872 -0.040456
v -0.038778 -0.125615 -0.039007
v -0.038846 -0.135792 -0.038937
v -0.016248 -0.143113 0.053954
v -0.035342 -0.144480 -0.042147
v -0.037375 -0.142905 -0.040355
v -0.022501 -0.148326 0.051222
v -0.034295 -0.153176 -0.043004
v -0.039378 -0.142924 -0.038404
v -0.037355 -0.150757 -0.040373
v -0.006522 -0.133034 0.056957
v -0.013875 -0.140549 0.054847
v -0.050847 -0.132562 -0.020973
v -0.051398 -0.131655 -0.019587
v -0.005825 -0.137168 0.056638
v -0.038954 -0.150197 -0.038828
v -0.035411 -0.157973 -0.042089
v -0.020168 -0.148659 0.052191
v -0.037417 -0.161425 -0.040315
v -0.013176 -0.145035 0.054691
v -0.028377 -0.153515 0.047843
v -0.027056 -0.164115 0.048183
v -0.002487 -0.125616 0.058101
v -0.001924 -0.132879 0.057327
v -0.028523 -0.173464 -0.047033
v -0.030368 -0.167974 -0.045858
v -0.032205 -0.169748 -0.044592
v -0.017832 -0.152507 0.052831
v -0.052199 -0.133939 -0.017342
v -0.003469 -0.138200 0.056750
v -0.023526 -0.179967 -0.049722
v -0.025540 -0.181948 -0.048713
v -0.010163 -0.140511 0.055702
v 0.000212 -0.125518 0.058177
v 0.000845 -0.134853 0.057165
v -0.039383 -0.158416 -0.038399
v -0.039001 -0.166385 -0.038782
v -0.028280 -0.180001 -0.047176
v -0.035454 -0.167121 -0.042052
v -0.033954 -0.170050 -0.043270
v -0.033121 -0.163056 -0.043913
v -0.026793 -0.177453 -0.048032
v -0.022756 -0.156124 0.050690
v -0.007992 -0.140147 0.056099
v -0.051350 -0.145908 -0.019707
v -0.052902 -0.134921 -0.015045
v -0.050352 -0.142476 -0.022145
v -0.038915 -0.172017 0.038987
v -0.035835 -0.180201 -0.041728
v -0.030066 -0.182585 -0.046059
v -0.014019 -0.153805 0.053919
v -0.019460 -0.159419 0.051903
v -0.052693 -0.142588 -0.015775
v -0.051990 -0.142678 -0.017946
v -0.037963 -0.173231 -0.039805
v -0.004493 -0.143558 0.056228
v -0.050888 -0.153773 -0.020875
v -0.001005 -0.141770 0.056553
v -0.017440 -0.160877 0.052563
v -0.035981 -0.168418 0.041787
v -0.052686 -0.150406 -0.015800
v -0.051998 -0.150427 -0.017924
v -0.010315 -0.146103 0.055246
v -0.033662 -0.181494 -0.043506
v -0.024882 -0.163019 0.049393
v -0.035891 -0.182107 0.041653
v -0.008630 -0.154011 0.055039
v -0.010640 -0.153350 0.054716
v -0.015510 -0.152215 0.053590
v -0.052694 -0.158288 -0.015770
v -0.051066 -0.168998 -0.020435
v -0.015277 -0.160827 0.053242
v -0.051736 -0.159226 -0.018680
v -0.007167 -0.146173 0.055751
v -0.021942 -0.163481 0.050758
v -0.052338 -0.127554 0.017828
v -0.051360 -0.126503 0.020784
v -0.052745 -0.166295 -0.015604
v -0.051832 -0.169188 -0.018406
v -0.032848 -0.171547 0.044234
v -0.051031 -0.136409 0.021361
v -0.050503 -0.135410 0.022703
v -0.052541 -0.136072 0.016948
v -0.051571 -0.136374 0.019909
v -0.053462 -0.165807 -0.012937
v -0.034305 -0.182780 0.042964
v -0.054067 -0.166001 -0.010121
v -0.054531 -0.167936 -0.007188
v -0.030415 -0.173755 0.045911
v -0.054273 -0.173359 -0.008931
v -0.006041 -0.154684 0.055350
v -0.023161 -0.170189 0.050013
v -0.052730 -0.149251 0.016075
v -0.051993 -0.139736 0.018610
v -0.051753 -0.150984 0.019084
v -0.054692 -0.172832 -0.005849
v 0.001251 -0.149072 0.056014
v -0.027373 -0.174053 0.047775
v -0.029421 -0.178805 0.046485
v -0.054996 -0.178100 -0.000677
v -0.054867 -0.169991 -0.003844
v -0.003420 -0.147076 0.056045
v -0.054971 -0.167750 -0.001919
v -0.032934 -0.182661 0.044025
v -0.050672 -0.150937 0.021903
v -0.052638 -0.158204 0.016238
v -0.052053 -0.158408 0.018069
v -0.054954 -0.179763 -0.002294
v -0.054829 -0.182200 -0.004396
v -0.051142 -0.158400 0.020580
v -0.002067 -0.150516 0.055883
v -0.048680 -0.158394 0.025998
v -0.048669 -0.165930 0.025855
v -0.014032 -0.162439 0.053526
v -0.025049 -0.170789 0.049080
v -0.030891 -0.156459 0.046096
v -0.040208 -0.171291 0.037662
v -0.003613 -0.155253 0.055535
v 0.000730 -0.155621 0.055628
v -0.022979 -0.180689 0.049965
v -0.033621 -0.126365 -0.043543
v -0.011607 -0.162147 0.054111
v -0.009020 -0.164314 0.054524
v -0.033177 -0.133535 -0.043873
v -0.006215 -0.162658 0.054980
v -0.033737 -0.144208 -0.043438
v -0.032654 -0.142205 -0.044259
v -0.002083 -0.159233 0.055414
v -0.003649 -0.162772 0.055191
v -0.032706 -0.150120 -0.044221
v -0.020841 -0.180978 0.050896
v -0.032184 -0.157164 -0.044605
v -0.005531 -0.171783 0.054794
v 0.000672 -0.164448 0.055255
v -0.053281 -0.134021 -0.013652
v -0.002551 -0.167271 0.055116
v -0.011295 -0.179589 0.053826
v -0.009513 -0.179019 0.054173
v -0.053458 -0.142756 -0.012954
v 0.000617 -0.173250 0.055050
v -0.002243 -0.173164 0.055007
v -0.039991 -0.170813 -0.037766
v -0.005895 -0.179827 0.054685
v -0.003937 -0.178496 0.054861
v -0.006783 -0.169995 -0.054582
v -0.008665 -0.172536 -0.054316
v -0.004354 -0.179151 -0.054831
v -0.001988 -0.173920 -0.054965
v -0.053468 -0.151140 -0.012912
v -0.045662 -0.123841 -0.030665
v -0.044031 -0.130180 -0.032967
v -0.011026 -0.172291 -0.053886
v -0.047008 -0.132506 -0.028559
v -0.047129 -0.123143 -0.028366
v -0.045017 -0.134891 -0.031604
v -0.006599 -0.181671 -0.054605
v -0.053462 -0.158703 -0.012934
v -0.053182 -0.126266 0.014826
v -0.045668 -0.142028 -0.030656
v -0.044522 -0.142341 -0.032294
v -0.046977 -0.142100 -0.028609
v -0.053465 -0.147900 0.013296
v -0.053626 -0.139023 0.012705
v -0.045705 -0.151219 -0.030600
v -0.044536 -0.150073 -0.032273
v -0.053062 -0.134586 0.015134
v -0.047297 -0.150297 -0.028071
v -0.045687 -0.158788 -0.030626
v -0.044552 -0.158278 -0.032252
v -0.047016 -0.159299 -0.028545
v -0.044354 -0.167445 -0.032525
v -0.052340 -0.174440 -0.016907
v -0.046243 -0.167742 -0.029787
v -0.052518 -0.184128 -0.016349
v -0.046770 -0.126052 0.030583
v -0.053171 -0.180332 -0.014086
v -0.044645 -0.127507 0.033840
v -0.043038 -0.126735 0.036139
v -0.045776 -0.127109 0.032156
v -0.046827 -0.132331 0.030185
v -0.048177 -0.133696 0.027720
v -0.046217 -0.136702 0.031006
v -0.044695 -0.138081 0.033253
v -0.047394 -0.141432 0.028851
v -0.046664 -0.146739 0.029893
v -0.054159 -0.182195 -0.009598
v -0.053135 -0.163034 0.014404
v -0.053725 -0.158810 0.012019
v -0.044624 -0.145841 0.033028
v -0.046447 -0.153630 0.030021
v -0.031100 -0.127444 0.047802
v -0.029274 -0.125955 0.049191
v -0.045075 -0.152476 0.032155
v -0.050011 -0.167297 0.023089
v -0.052144 -0.164414 0.017710
v -0.052375 -0.173575 0.016868
v -0.032731 -0.164964 0.044483
v -0.037403 -0.171311 0.040453
v -0.051161 -0.165773 0.020402
v -0.036570 -0.144813 0.042182
v -0.019735 -0.170441 0.051454
v -0.030850 -0.126625 -0.045539
v -0.031453 -0.137694 -0.045118
v -0.030291 -0.138521 -0.045910
v -0.040183 -0.163042 0.037894
v -0.051399 -0.175373 0.019630
v -0.045481 -0.173256 0.031031
v -0.030914 -0.151126 -0.045496
v -0.030429 -0.158405 -0.045816
v -0.053622 -0.131524 -0.012237
v -0.053929 -0.130741 -0.010808
v -0.012246 -0.154406 0.054320
v -0.054187 -0.143112 -0.009433
v -0.042892 -0.168657 -0.034431
v -0.007700 -0.170419 0.054559
v -0.007429 -0.178380 0.054496
v -0.041781 -0.171016 -0.035770
v -0.001851 -0.180444 0.054970
v -0.004584 -0.170478 -0.054814
v -0.042544 -0.124815 -0.034862
v -0.045348 -0.171144 -0.031123
v -0.054071 -0.150755 -0.010095
v -0.012694 -0.170511 -0.053517
v -0.001753 -0.127443 -0.054976
v -0.004498 -0.127468 -0.054820
v -0.014298 -0.173330 -0.053110
v -0.006703 -0.127437 -0.054591
v -0.008834 -0.127456 -0.054291
v -0.011626 -0.127411 -0.053762
v -0.014333 -0.127358 -0.053104
v -0.049106 -0.171534 -0.024783
v -0.050199 -0.165859 -0.022484
v -0.016909 -0.127305 -0.052340
v -0.054055 -0.158246 -0.010172
v -0.015726 -0.174481 -0.052705
v -0.050606 -0.177775 -0.021542
v -0.019372 -0.127227 -0.051480
v -0.048831 -0.122324 -0.025316
v -0.021985 -0.127143 -0.050420
v -0.043270 -0.141634 -0.033959
v -0.053963 -0.147767 0.010944
v -0.048156 -0.134268 -0.026573
v -0.025452 -0.126992 -0.048770
v -0.053166 -0.172925 -0.014108
v -0.028418 -0.126795 -0.047098
v -0.054205 -0.145145 0.009635
v -0.022816 -0.134824 -0.050058
v -0.043230 -0.150646 -0.034009
v -0.048781 -0.139018 -0.025408
v -0.001877 -0.167018 -0.054970
v -0.043215 -0.158893 -0.034031
v -0.054199 -0.158302 0.009542
v -0.048098 -0.149647 -0.026678
v -0.049012 -0.151799 -0.024969
v -0.022802 -0.142571 -0.050068
v -0.049136 -0.157893 -0.024724
v -0.021541 -0.171436 0.050704
v -0.048119 -0.126980 0.028104
v -0.028500 -0.140238 -0.047044
v -0.028054 -0.132368 -0.047307
v -0.043266 -0.132539 0.035502
v -0.041001 -0.126897 0.038682
v -0.048446 -0.141835 0.026907
v -0.040137 -0.125305 -0.037611
v -0.028419 -0.149274 -0.047093
v -0.043167 -0.141351 0.035196
v -0.045653 -0.143379 0.031610
v -0.028448 -0.157482 -0.047076
v -0.022989 -0.150366 -0.049978
v -0.048052 -0.150712 0.027375
v -0.028508 -0.164831 -0.047039
v -0.041509 -0.129648 -0.036087
v -0.054103 -0.167457 0.010034
v -0.054297 -0.130020 -0.008790
v -0.032888 -0.127297 0.046464
v -0.053580 -0.168664 0.012548
v -0.043094 -0.151316 0.034875
v -0.036669 -0.135621 0.042631
v -0.054504 -0.138423 -0.007393
v -0.038399 -0.145820 0.040393
v -0.041485 -0.153159 0.036762
v -0.043029 -0.177300 -0.034262
v -0.054518 -0.152577 -0.007294
v -0.054519 -0.146195 -0.007281
v -0.022890 -0.158586 -0.050026
v -0.054134 -0.131363 0.010223
v -0.053622 -0.125775 0.012928
v -0.054297 -0.180560 0.008776
v -0.054617 -0.136802 0.006763
v -0.044374 -0.176350 -0.032496
v -0.043351 -0.160635 0.034238
v -0.047413 -0.170611 -0.027876
v -0.048167 -0.170163 -0.026552
v -0.040115 -0.152481 0.038328
v -0.046268 -0.174461 -0.029741
v -0.054523 -0.144733 0.007507
v -0.050698 -0.175434 0.021392
v -0.054520 -0.159301 -0.007282
v -0.047177 -0.182521 -0.028282
v -0.039552 -0.155482 0.038812
v -0.054587 -0.153071 0.006900
v -0.049818 -0.128761 -0.023320
v -0.051417 -0.181028 -0.019548
v -0.022137 -0.168807 -0.050354
v -0.047594 -0.177726 0.027600
v -0.046787 -0.175633 0.028977
v -0.044411 -0.174009 0.032531
v -0.031185 -0.163225 0.045639
v -0.029908 -0.164323 0.046457
v -0.009811 -0.170233 0.054222
v -0.025682 -0.132084 -0.048645
v -0.040826 -0.134712 -0.036857
v -0.025711 -0.139827 -0.048630
v -0.025722 -0.147558 -0.048624
v -0.017993 -0.171345 -0.051980
v -0.042325 -0.138351 -0.035130
v -0.025732 -0.155623 -0.048619
v -0.025662 -0.163688 -0.048655
v -0.023772 -0.168761 -0.049600
v -0.019963 -0.169569 -0.051252
v -0.025240 -0.168626 -0.048869
v -0.054719 -0.130954 -0.005612
v -0.054912 -0.127624 -0.003186
v -0.055030 -0.134042 -0.000225
v -0.054850 -0.138281 -0.004191
v -0.055010 -0.127034 -0.000180
v -0.021278 -0.176051 -0.050717
v -0.050137 -0.134768 -0.022620
v -0.040916 -0.147062 -0.036758
v -0.054974 -0.142572 -0.001871
v -0.054991 -0.142570 0.001396
v -0.054799 -0.142564 -0.004749
v -0.054711 -0.127362 0.005997
v -0.054454 -0.130263 0.008139
v -0.054877 -0.137022 0.003978
v -0.054893 -0.127084 0.003648
v -0.017891 -0.180847 -0.052017
v -0.049546 -0.144002 -0.023881
v -0.045749 -0.180063 -0.030539
v -0.041845 -0.154448 -0.035692
v -0.040925 -0.160641 -0.036747
v -0.054991 -0.150352 0.001396
v -0.054848 -0.147034 -0.004193
v -0.054974 -0.150353 -0.001867
v -0.050126 -0.150385 -0.022644
v -0.054866 -0.145389 0.004078
v -0.050137 -0.158605 -0.022621
v -0.049265 -0.127111 0.025784
v -0.049526 -0.138442 0.024838
v -0.054849 -0.155063 -0.004184
v -0.054994 -0.158625 0.001257
v -0.054975 -0.158569 -0.001862
v -0.049170 -0.180484 -0.024651
v -0.041615 -0.131680 0.037642
v -0.054826 -0.150344 0.004561
v -0.054945 -0.172189 0.002519
v -0.049467 -0.150689 0.024613
v -0.054562 -0.168566 0.007050
v -0.041521 -0.139343 0.037336
v -0.034861 -0.127190 0.044850
v -0.054868 -0.154807 0.003983
v -0.054998 -0.167694 0.000714
v -0.054854 -0.163123 -0.004090
v -0.038353 -0.135146 0.041025
v -0.041388 -0.146610 0.037147
v -0.053045 -0.173207 0.014627
v -0.052651 -0.179922 0.015925
v -0.053419 -0.181246 0.013106
v -0.049919 -0.177520 0.023126
v -0.050261 -0.126463 0.023590
v -0.038798 -0.127053 0.041108
v -0.036726 -0.127368 0.043148
v -0.040041 -0.137134 0.039138
v -0.027838 -0.125305 0.050179
v -0.026247 -0.127184 0.050956
v -0.040044 -0.146504 0.038657
v -0.027346 -0.067067 0.074409
v -0.045808 -0.017504 0.096714
v -0.041120 -0.028454 0.096344
v -0.046471 -0.092276 0.040647
v -0.036342 -0.079204 0.059204
v -0.003215 -0.092206 0.067643
v -0.053417 -0.036291 0.054420
v -0.051829 -0.019058 0.069234
v -0.042789 -0.102378 0.041895
v -0.044219 -0.101411 0.040332
v -0.037810 -0.032094 0.098756
v -0.039845 -0.032334 0.093835
v -0.010166 -0.115842 0.058712
v -0.013331 -0.119015 0.057349
v -0.012525 -0.115008 0.058353
v -0.002746 -0.087887 0.069818
v -0.048932 -0.091720 0.036646
v -0.047612 -0.086875 0.041232
v -0.043087 -0.045774 0.072687
v -0.044515 -0.043187 0.072045
v -0.018822 -0.054057 0.091763
v -0.016792 -0.053938 0.092993
v -0.045439 -0.020695 0.093868
v -0.046223 -0.061205 0.056973
v -0.036153 -0.054518 0.075877
v -0.034783 -0.037124 0.097000
v -0.047518 -0.057945 0.056606
v -0.038445 -0.055551 0.072133
v -0.037688 -0.053140 0.075066
v -0.034321 -0.057600 0.075473
v -0.025892 -0.048114 0.093516
v -0.018489 -0.104337 0.059364
v -0.036090 -0.058439 0.072815
v -0.002432 -0.063786 0.086799
v -0.037979 -0.113265 0.044155
v -0.038665 -0.050154 0.076222
v -0.039835 -0.051736 0.073204
v -0.026469 -0.094161 0.059387
v -0.037053 -0.116068 0.044442
v -0.040037 -0.108439 0.043253
v -0.004845 -0.060196 0.089980
v -0.040239 -0.047690 0.075953
v -0.053332 -0.040186 0.052908
v -0.036037 -0.036767 0.095313
v -0.053049 -0.068903 0.039457
v -0.047980 -0.007629 0.097423
v -0.045135 -0.095166 0.041438
v -0.053883 -0.007115 0.065047
v -0.048978 -0.006195 0.093453
v -0.036228 -0.119890 0.044514
v -0.037816 -0.120946 0.042837
v -0.024179 -0.099046 0.058675
v -0.024123 -0.071158 0.073570
v -0.008847 -0.059435 0.089995
v -0.005988 -0.119577 0.058694
v -0.048181 -0.012383 0.092293
v -0.008708 -0.119035 0.058376
v -0.015370 -0.081505 0.070869
v -0.053581 -0.073176 0.035774
v -0.047489 -0.009877 0.097945
v -0.023605 -0.049589 0.093662
v -0.021074 -0.075354 0.072394
v -0.022345 -0.071479 0.074359
v -0.041358 -0.103259 0.043346
v -0.028175 -0.044640 0.095621
v -0.052017 -0.042881 0.055205
v -0.043513 -0.022934 0.097467
v -0.044100 -0.020654 0.098821
v 0.000176 -0.065630 0.085277
v 0.000114 -0.063351 0.087351
v -0.008036 -0.126456 0.057441
v -0.003226 -0.122386 0.058507
v -0.006798 -0.122750 0.058083
v -0.052860 -0.010877 0.069230
v -0.004770 -0.126342 0.057858
v -0.026615 -0.070687 0.072313
v -0.052086 -0.081307 0.035076
v -0.043278 -0.025586 0.094346
v -0.047706 -0.014454 0.092319
v -0.042670 -0.043372 0.075489
v -0.034697 -0.123868 0.045338
v -0.021389 -0.099422 0.059904
v -0.039555 -0.112463 0.042714
v -0.010774 -0.083556 0.070956
v -0.006432 -0.088392 0.069148
v -0.004631 -0.087310 0.069945
v -0.023869 -0.094449 0.060696
v -0.047220 -0.036593 0.071235
v -0.031350 -0.043567 0.093243
v -0.031764 -0.040131 0.097339
v -0.032946 -0.039543 0.096460
v -0.016170 -0.104407 0.060171
v -0.052645 -0.014645 0.068149
v -0.011188 -0.119865 0.057736
v -0.041751 -0.044239 0.076408
v -0.046377 -0.015020 0.097489
v -0.041931 -0.069842 0.058219
v -0.040389 -0.070678 0.059651
v -0.017979 -0.078835 0.071532
v -0.043900 -0.096027 0.042818
v -0.030343 -0.087056 0.060134
v -0.034737 -0.120305 0.045776
v -0.032408 -0.062210 0.073802
v -0.033921 -0.061738 0.072663
v -0.029785 -0.042500 0.096634
v -0.015864 -0.077040 0.073467
v -0.048722 -0.003076 0.096174
v -0.054199 -0.029971 0.054519
v -0.054877 -0.026614 0.053248
v -0.050006 -0.000493 0.090335
v -0.030264 -0.065121 0.073547
v -0.040309 -0.103914 0.044332
v -0.022099 -0.103779 0.058008
v -0.019003 -0.100907 0.060349
v -0.050153 -0.049529 0.056137
v -0.051190 -0.024100 0.068393
v -0.008219 -0.084791 0.070792
v -0.021494 -0.049990 0.094782
v -0.054829 -0.063629 0.037582
v -0.032674 -0.084956 0.059421
v -0.048991 -0.027151 0.073898
v -0.018637 -0.051830 0.094455
v -0.050233 -0.025162 0.071183
v -0.011684 -0.110491 0.059637
v -0.014916 -0.115007 0.057686
v -0.014076 -0.110389 0.059037
v -0.044327 -0.040913 0.074333
v -0.048279 -0.030737 0.073124
v -0.036591 -0.034595 0.097445
v -0.033770 -0.082683 0.059683
v -0.034528 -0.079895 0.060503
v -0.038697 -0.074864 0.059187
v -0.046326 -0.087037 0.043238
v -0.025948 -0.045384 0.096939
v -0.044147 -0.063256 0.059029
v -0.014726 -0.057035 0.090553
v -0.012123 -0.057193 0.091378
v -0.053778 -0.000499 0.068172
v -0.052069 -0.038432 0.057314
v -0.000050 -0.092416 0.067739
v 0.000014 -0.088959 0.069416
v -0.002031 -0.061510 0.088993
v -0.029167 -0.093351 0.058032
v -0.011786 -0.059411 0.089184
v -0.009236 -0.057234 0.092202
v -0.028361 -0.087603 0.061223
v -0.050762 -0.020368 0.072850
v -0.046169 -0.035262 0.075012
v -0.050371 -0.044329 0.058530
v -0.039554 -0.029586 0.098660
v -0.012959 -0.081632 0.071532
v -0.013230 -0.054489 0.093978
v -0.016436 -0.110313 0.058320
v -0.013211 -0.084851 0.069617
v -0.017731 -0.074434 0.074498
v -0.048792 -0.048912 0.059410
v -0.046471 -0.012062 0.100443
v -0.054056 -0.062632 0.040238
v -0.037956 -0.109502 0.045142
v -0.006345 -0.058939 0.091025
v -0.030236 -0.061832 0.076108
v -0.042420 -0.023726 0.099826
v -0.044631 -0.017736 0.101007
v -0.031880 -0.123612 0.047617
v -0.047321 -0.031881 0.074926
v -0.049902 -0.073361 0.043896
v -0.026722 -0.089863 0.061172
v -0.020089 -0.071891 0.075234
v -0.007777 -0.114905 0.059361
v -0.042346 -0.095337 0.045092
v -0.032255 -0.059026 0.076489
v -0.035423 -0.114509 0.046275
v -0.039215 -0.104540 0.045314
v -0.042036 -0.064636 0.061170
v -0.024110 -0.046696 0.096911
v -0.027305 -0.063759 0.076960
v -0.051532 -0.016528 0.072364
v -0.036372 -0.111018 0.046249
v -0.015036 -0.052432 0.095608
v -0.036750 -0.073034 0.062288
v -0.048826 -0.000149 0.096328
v -0.044892 -0.088294 0.044767
v -0.005072 -0.084615 0.071368
v -0.013564 -0.077075 0.074201
v -0.044833 -0.036715 0.076966
v 0.000024 -0.060792 0.089817
v -0.052782 -0.003280 0.073703
v -0.021562 -0.094756 0.061696
v -0.036136 -0.032814 0.101129
v -0.032330 -0.119657 0.047847
v -0.014006 -0.105920 0.060366
v -0.028920 -0.041288 0.099418
v -0.048746 -0.077762 0.043775
v -0.046327 -0.055058 0.060444
v -0.054408 -0.025108 0.055561
v -0.033530 -0.036555 0.099987
v -0.036895 -0.051190 0.077797
v -0.008952 -0.111913 0.059863
v -0.005668 -0.115556 0.059507
v -0.002846 -0.119241 0.059050
v -0.026698 -0.043104 0.099344
v -0.037492 -0.105303 0.046824
v -0.031012 -0.038911 0.100216
v -0.033435 -0.114035 0.048065
v -0.024585 -0.066507 0.076707
v -0.007330 -0.081325 0.072968
v -0.038823 -0.069053 0.062460
v -0.018813 -0.048677 0.098265
v -0.044265 -0.058323 0.061861
v -0.050952 -0.040440 0.059250
v -0.040785 -0.097907 0.045945
v -0.048980 -0.023836 0.076918
v -0.010127 -0.054371 0.095166
v 0.000266 -0.121326 0.058793
v -0.001898 -0.058575 0.091981
v -0.040847 -0.024560 0.103243
v -0.006628 -0.056813 0.093257
v -0.031453 -0.080220 0.062883
v -0.021607 -0.047217 0.098273
v -0.052325 -0.063480 0.044031
v -0.043642 -0.089682 0.045857
v -0.047481 -0.050320 0.061211
v -0.032926 -0.116352 0.047979
v -0.037838 -0.029361 0.103144
v -0.033949 -0.054965 0.078120
v -0.039502 -0.027288 0.102479
v -0.054920 0.001787 0.060228
v -0.045087 -0.014938 0.102942
v -0.029662 -0.121697 0.049443
v -0.051508 -0.035833 0.060283
v -0.000003 -0.085027 0.071519
v -0.054830 -0.056234 0.041382
v -0.024072 -0.044294 0.100231
v -0.034745 -0.109402 0.048116
v -0.008798 -0.078958 0.074171
v -0.049957 -0.020201 0.076373
v -0.003323 -0.057077 0.093465
v -0.012499 -0.052308 0.096837
v -0.039324 -0.098705 0.047252
v -0.047502 -0.079403 0.045075
v 0.000125 -0.058597 0.092064
v -0.011088 -0.077164 0.074821
v -0.051653 -0.011849 0.075229
v -0.035097 -0.073786 0.063469
v -0.040669 -0.043742 0.078828
v -0.040508 -0.065480 0.062638
v -0.002645 -0.115956 0.059718
v -0.050952 -0.058307 0.049739
v -0.024730 -0.089608 0.062446
v -0.033130 -0.077053 0.063311
v -0.038442 -0.047155 0.079262
v -0.034901 -0.033048 0.103175
v -0.047802 -0.027433 0.077591
v -0.052892 -0.030824 0.058591
v -0.035795 -0.105980 0.048191
v -0.007920 -0.054391 0.095726
v -0.022838 -0.066853 0.077515
v -0.005153 -0.081976 0.072893
v -0.006732 -0.111696 0.060277
v -0.029202 -0.059984 0.078523
v -0.002334 -0.083092 0.072492
v -0.052182 -0.032664 0.059935
v -0.031063 -0.056534 0.079786
v -0.046599 -0.030826 0.077988
v 0.000172 -0.117592 0.059470
v -0.016442 -0.049058 0.099156
v -0.018744 -0.095783 0.062470
v -0.027918 -0.039660 0.103101
v -0.043297 -0.038020 0.079196
v -0.030823 -0.117059 0.049417
v -0.033054 -0.109493 0.049485
v -0.016247 -0.099888 0.061740
v -0.022008 -0.044757 0.101357
v -0.046182 -0.078852 0.047446
v -0.053120 -0.059261 0.044330
v -0.029857 -0.037984 0.103282
v -0.046710 -0.006911 0.103811
v -0.008620 -0.108853 0.060737
v -0.029058 -0.082883 0.063210
v -0.053386 -0.027678 0.058336
v -0.034290 -0.052453 0.079968
v -0.032022 -0.036130 0.103094
v -0.018789 -0.069589 0.077531
v -0.032041 -0.033780 0.107001
v -0.026608 -0.040643 0.103104
v -0.050420 -0.016036 0.078000
v -0.048684 -0.068682 0.048623
v -0.005414 -0.054007 0.096678
v -0.047030 -0.004555 0.103613
v -0.010723 -0.104498 0.061635
v -0.041465 -0.021148 0.106867
v -0.045649 -0.009277 0.106670
v -0.047691 0.000628 0.101693
v -0.000049 -0.056075 0.094806
v -0.021122 -0.067112 0.078281
v -0.012041 -0.101190 0.062472
v -0.010008 -0.052183 0.097855
v -0.026130 -0.084856 0.064032
v -0.042035 -0.020176 0.106582
v -0.014538 -0.072220 0.077259
v -0.013433 -0.050089 0.099273
v -0.037051 -0.099776 0.049138
v -0.043396 -0.016822 0.106844
v -0.030645 -0.113893 0.050208
v -0.051345 -0.006960 0.080313
v -0.045251 -0.010866 0.106846
v -0.040159 -0.093888 0.048271
v -0.053027 0.000460 0.073335
v -0.045327 -0.032410 0.079959
v -0.019609 -0.045223 0.102506
v -0.041442 -0.040695 0.080389
v -0.004323 -0.112060 0.060475
v -0.025972 -0.123055 0.051540
v -0.024221 -0.041590 0.104163
v -0.022346 -0.089995 0.063495
v -0.042081 -0.088296 0.048478
v -0.037001 -0.047117 0.081435
v -0.025190 -0.061994 0.079949
v -0.042196 -0.059721 0.064048
v -0.002312 -0.054901 0.096029
v -0.000078 -0.081506 0.073576
v -0.027040 -0.119739 0.051403
v -0.050827 -0.013642 0.078107
v -0.046505 0.000489 0.106943
v -0.028717 -0.116314 0.050982
v -0.027136 -0.059921 0.080276
v -0.016368 -0.070956 0.077538
v -0.013907 -0.099978 0.062431
v -0.005400 -0.108555 0.061307
v -0.036269 -0.029240 0.106864
v -0.033416 -0.032411 0.106991
v -0.030844 -0.110041 0.051009
v -0.048890 -0.042878 0.062839
v -0.001659 -0.111977 0.060689
v -0.046557 -0.001951 0.106588
v -0.012525 -0.049026 0.101057
v -0.017493 -0.045589 0.103376
v -0.015190 -0.047318 0.102193
v -0.054971 -0.124640 0.001813
v -0.038816 -0.044528 0.081225
v -0.033868 -0.105249 0.050087
v -0.040700 -0.022735 0.106671
v -0.039905 -0.024175 0.106581
v -0.006677 -0.051086 0.100086
v -0.054977 -0.117442 0.001415
v -0.005560 -0.078344 0.075110
v -0.044721 -0.079408 0.049307
v -0.024566 -0.123843 0.052208
v -0.045068 -0.052301 0.064394
v -0.038454 -0.026492 0.106526
v -0.012659 -0.073462 0.076962
v -0.054914 -0.119799 0.002984
v -0.055009 -0.111715 -0.000047
v -0.042738 -0.018633 0.106585
v -0.007841 -0.104367 0.062234
v -0.000024 -0.113415 0.060399
v -0.004022 -0.052705 0.098474
v -0.003346 -0.078851 0.075029
v -0.049490 -0.040494 0.062904
v 0.000306 -0.053889 0.097348
v -0.029091 -0.079498 0.065064
v -0.054739 -0.121692 0.005581
v -0.043304 -0.034181 0.083232
v -0.044083 -0.014858 0.106897
v -0.043740 -0.015790 0.106947
v -0.054799 -0.118286 0.004974
v -0.015912 -0.095972 0.063406
v -0.038901 -0.065206 0.064789
v -0.030760 -0.034976 0.106979
v -0.028662 -0.036681 0.107054
v -0.051722 -0.004412 0.079585
v -0.044371 -0.013960 0.106909
v -0.035295 -0.100453 0.050489
v -0.009801 -0.049478 0.101416
v -0.054596 -0.122355 0.006998
v -0.054207 -0.019610 0.058418
v -0.008410 -0.075947 0.076246
v -0.034831 -0.049633 0.081965
v -0.028382 -0.057528 0.081369
v -0.053768 -0.052720 0.045931
v -0.046240 -0.050116 0.063721
v -0.039987 -0.090121 0.050087
v -0.027053 -0.037836 0.107135
v -0.054909 -0.110949 0.004562
v -0.031423 -0.053593 0.082116
v -0.043432 -0.080818 0.050347
v -0.002022 -0.052644 0.098758
v -0.023479 -0.062371 0.080780
v -0.044781 -0.012634 0.106869
v -0.046350 -0.003951 0.106891
v -0.037895 -0.094941 0.050207
v -0.054328 -0.121981 0.009141
v -0.042066 -0.036806 0.083155
v -0.054777 -0.110335 0.007196
v -0.021721 -0.041299 0.106903
v -0.025299 -0.039078 0.107083
v -0.046885 -0.025845 0.082264
v -0.036711 -0.067398 0.065826
v -0.047805 -0.044235 0.064401
v -0.054626 -0.111453 0.008545
v -0.054008 -0.124198 0.011036
v -0.054959 -0.105635 0.008148
v -0.046004 -0.007297 0.106647
v -0.046164 -0.005471 0.106975
v -0.049034 -0.019275 0.081146
v -0.048282 -0.022230 0.081157
v -0.023153 -0.040232 0.107323
v -0.013162 -0.046476 0.104383
v -0.054405 -0.114958 0.009507
v -0.019525 -0.089995 0.064772
v -0.046436 -0.002504 0.106939
v -0.023580 -0.085303 0.065225
v -0.047452 -0.072118 0.048928
v -0.040697 -0.060583 0.065546
v -0.019132 -0.042353 0.107256
v -0.054907 -0.015806 0.056346
v -0.000136 -0.052322 0.099265
v -0.016870 -0.067591 0.079927
v -0.018591 -0.092654 0.063902
v -0.004421 -0.050240 0.101617
v -0.018833 -0.065250 0.080959
v -0.014584 -0.044472 0.106741
v -0.054000 -0.117383 0.011796
v -0.011205 -0.046742 0.104809
v -0.033443 -0.100885 0.051897
v -0.008313 -0.047803 0.104185
v -0.009112 -0.073451 0.077876
v -0.016553 -0.043523 0.107135
v -0.031631 -0.074233 0.066252
v -0.043040 -0.054489 0.066284
v -0.000481 -0.050651 0.101404
v 0.000381 -0.110539 0.061130
v -0.021090 -0.063876 0.080955
v -0.005404 -0.048506 0.103849
v -0.053558 -0.118552 0.013934
v -0.039193 -0.042233 0.082949
v -0.031862 -0.106001 0.051421
v -0.004800 -0.105468 0.062307
v -0.010725 -0.045189 0.107324
v -0.035502 -0.046953 0.083758
v -0.054260 -0.110954 0.011895
v -0.006124 -0.045898 0.107517
v -0.005421 -0.075699 0.076908
v -0.000793 -0.048071 0.104936
v -0.003384 -0.048012 0.104825
v -0.053166 -0.119784 0.015487
v -0.013547 -0.096001 0.064111
v -0.008220 -0.045712 0.107329
v -0.053858 -0.112144 0.013959
v -0.049994 -0.036123 0.064315
v -0.001730 -0.046331 0.107442
v 0.000664 -0.046595 0.107089
v -0.024073 -0.118354 0.053305
v -0.000080 -0.078112 0.075724
v -0.054839 -0.046867 0.045666
v -0.054655 -0.105182 0.011734
v -0.052546 -0.121327 0.017649
v -0.045895 -0.027761 0.083346
v -0.053409 -0.113297 0.015864
v -0.040006 -0.085531 0.052194
v -0.026089 -0.114450 0.052976
v -0.039090 -0.061975 0.066687
v -0.002089 -0.108244 0.061687
v -0.041934 -0.081085 0.052123
v -0.032731 -0.050074 0.084099
v -0.033289 -0.071337 0.066643
v -0.011269 -0.070068 0.079876
v -0.040606 -0.039089 0.083714
v -0.054326 -0.104057 0.014694
v -0.027957 -0.110869 0.052718
v -0.054929 -0.099767 0.013234
v -0.037717 -0.091149 0.051996
v -0.035570 -0.095919 0.051994
v -0.035031 -0.068165 0.067051
v -0.032051 -0.101846 0.052645
v -0.051818 -0.123286 0.019750
v -0.025853 -0.058120 0.082898
v -0.054674 -0.100012 0.014930
v -0.054039 -0.104945 0.015893
v -0.052849 -0.114744 0.017797
v -0.013852 -0.068907 0.080028
v -0.029902 -0.105265 0.053050
v -0.020766 -0.087127 0.065668
v -0.021646 -0.120642 0.054083
v -0.053730 -0.106410 0.016809
v -0.052673 -0.025819 0.061837
v -0.049230 -0.016922 0.082705
v -0.028753 -0.054491 0.083890
v -0.052153 -0.116177 0.019923
v -0.051059 -0.032993 0.063208
v -0.053313 -0.107547 0.018221
v -0.026160 -0.080162 0.066611
v -0.046646 -0.045200 0.066211
v -0.007973 -0.099768 0.063858
v -0.029225 -0.075011 0.067641
v -0.053264 -0.021025 0.061871
v -0.050193 -0.009071 0.085188
v -0.052713 -0.108801 0.020102
v -0.050881 -0.123110 0.022409
v -0.022014 -0.061074 0.082849
v -0.054902 -0.092905 0.018677
v -0.044161 -0.029708 0.086232
v -0.051318 -0.117836 0.022071
v -0.043921 -0.052067 0.066521
v -0.037063 -0.043491 0.085149
v -0.016789 -0.090525 0.065559
v -0.023848 -0.114581 0.054163
v -0.011077 -0.095826 0.064812
v -0.053446 -0.044376 0.050690
v -0.005376 -0.102801 0.063122
v -0.054267 -0.098404 0.018329
v -0.051982 -0.109776 0.022194
v -0.002192 -0.075533 0.077364
v -0.014743 -0.091194 0.065911
v -0.050501 -0.119314 0.023945
v -0.008606 -0.071247 0.079616
v -0.030357 -0.102092 0.053790
v -0.053679 -0.099879 0.020188
v -0.047651 -0.021535 0.084370
v -0.005470 -0.073330 0.078590
v -0.023336 -0.058695 0.084193
v -0.031376 -0.050541 0.085174
v -0.051492 -0.111435 0.023143
v -0.046112 -0.068967 0.052771
v -0.041054 -0.056209 0.068065
v -0.053085 -0.100528 0.022195
v -0.019609 -0.121027 0.054901
v -0.014381 -0.065622 0.082523
v -0.049602 -0.120611 0.025824
v -0.050861 -0.111682 0.024779
v -0.033585 -0.047464 0.085786
v -0.048475 -0.120393 0.028229
v -0.042298 -0.033898 0.085991
v -0.051416 -0.000241 0.082813
v -0.035358 -0.091423 0.054081
v -0.038806 -0.039609 0.086557
v -0.052545 -0.102703 0.023076
v -0.000193 -0.104555 0.062933
v -0.027571 -0.107139 0.053999
v -0.048666 -0.124024 0.027320
v -0.049854 -0.056091 0.053180
v -0.054878 -0.085823 0.023891
v -0.038486 -0.086194 0.053499
v -0.008825 -0.095745 0.065313
v -0.050132 -0.115240 0.025688
v -0.019611 -0.061348 0.083984
v -0.054463 -0.092274 0.021268
v -0.032715 -0.096921 0.053986
v -0.051397 -0.028144 0.065038
v -0.051436 -0.002217 0.082110
v -0.025292 -0.109199 0.054721
v -0.054480 -0.010888 0.060075
v -0.036936 -0.063924 0.067895
v -0.040630 -0.036456 0.086672
v -0.051332 -0.050360 0.053045
v -0.020756 -0.084384 0.067124
v -0.026424 -0.055123 0.085312
v -0.053417 -0.095937 0.023335
v -0.016278 -0.064421 0.082828
v -0.049863 -0.111003 0.027409
v -0.048993 -0.114278 0.028406
v -0.047552 -0.123401 0.029526
v -0.049060 -0.036644 0.066484
v -0.029351 -0.051364 0.086467
v -0.002721 -0.102545 0.063474
v -0.051752 -0.103516 0.025142
v -0.050814 -0.104865 0.027138
v -0.044690 -0.048552 0.067670
v 0.000012 -0.074450 0.078245
v -0.047212 -0.065230 0.053049
v -0.002713 -0.072011 0.079875
v -0.047883 -0.114473 0.030558
v -0.005919 -0.070004 0.081047
v -0.038122 -0.059773 0.069405
v -0.022871 -0.081391 0.067772
v -0.011976 -0.065764 0.083197
v -0.053535 -0.016501 0.062777
v -0.052843 -0.094218 0.026135
v -0.017830 -0.087386 0.066743
v -0.054126 -0.088894 0.024782
v -0.035365 -0.043504 0.087728
v -0.052235 -0.095568 0.027274
v -0.044694 -0.070019 0.054325
v -0.042636 -0.031545 0.088053
v -0.031849 -0.069236 0.069282
v -0.026313 -0.075688 0.069208
v -0.053706 -0.013483 0.063313
v -0.004290 -0.099626 0.064403
v -0.046756 -0.116752 0.032037
v -0.009457 -0.067635 0.082294
v -0.021637 -0.115064 0.055125
v -0.049532 -0.106434 0.029550
v -0.040465 -0.054872 0.069870
v -0.027188 -0.103570 0.055358
v -0.023063 -0.109539 0.055790
v -0.047847 -0.040043 0.067156
v -0.051555 -0.096755 0.028566
v -0.023875 -0.055801 0.086632
v -0.045504 -0.024694 0.088328
v -0.012116 -0.091976 0.066277
v -0.006662 -0.095868 0.065613
v -0.040410 -0.080054 0.054468
v -0.031409 -0.048170 0.087686
v -0.037118 -0.040745 0.088192
v -0.036567 -0.085458 0.055749
v -0.044899 -0.122219 0.034041
v -0.045689 -0.117774 0.033574
v -0.033397 -0.066394 0.069824
v -0.053600 -0.086422 0.028102
v -0.033359 -0.092835 0.055156
v -0.035709 -0.063046 0.069845
v -0.016840 -0.061667 0.085047
v -0.050918 -0.097465 0.029841
v -0.052538 -0.020794 0.065076
v -0.051984 -0.024696 0.065016
v -0.046332 -0.021729 0.089170
v -0.048501 -0.107755 0.031226
v -0.054853 -0.037812 0.049346
v -0.019580 -0.115486 0.055922
v -0.044844 -0.045863 0.069343
v -0.050249 -0.098425 0.030982
v -0.054929 -0.006710 0.058521
v -0.033041 -0.045570 0.088616
v -0.043841 -0.124503 0.035277
v -0.015459 -0.122956 0.056124
v -0.042824 -0.049938 0.069893
v -0.029993 -0.097748 0.055657
v -0.043412 -0.070871 0.055656
v -0.027151 -0.051926 0.087973
v 0.000009 -0.102021 0.063796
v -0.047363 -0.109889 0.032689
v -0.039639 -0.035656 0.089781
v -0.021009 -0.057090 0.087239
v -0.047437 -0.018368 0.088967
v -0.050214 -0.029788 0.067846
v -0.016365 -0.119170 0.056415
v -0.027870 -0.100676 0.055948
v -0.015562 -0.086098 0.068211
v -0.023749 -0.076777 0.070045
v -0.038750 -0.080812 0.055914
v -0.049256 -0.101813 0.031782
v -0.048701 -0.056726 0.055112
v -0.050555 -0.005661 0.085465
v -0.000008 -0.071498 0.080440
v -0.029498 -0.069966 0.070721
v -0.046587 -0.040629 0.069622
v -0.029606 -0.049076 0.088678
v -0.043260 -0.120857 0.036574
v -0.044178 -0.026251 0.090614
v -0.054105 -0.036255 0.052315
v -0.031298 -0.093398 0.056515
v -0.052512 -0.088039 0.030400
v -0.041222 -0.032335 0.090553
v -0.017838 -0.083333 0.068915
v -0.049147 -0.011329 0.088640
v -0.004686 -0.096323 0.065677
v -0.043118 -0.028983 0.090094
v -0.046119 -0.110102 0.034727
v -0.054850 -0.077679 0.029337
v -0.013884 -0.062022 0.085930
v -0.020812 -0.109919 0.056732
v -0.009025 -0.091963 0.066969
v -0.041362 -0.051463 0.071098
v -0.035198 -0.086819 0.056363
v -0.044185 -0.116808 0.036029
v -0.042369 -0.121640 0.037602
v -0.048070 -0.100453 0.034562
v -0.006783 -0.066723 0.083617
v -0.017383 -0.115686 0.056720
v -0.000086 -0.098743 0.065026
v -0.002903 -0.097003 0.065555
v -0.025060 -0.052426 0.089237
v -0.024596 -0.103483 0.056851
v -0.020008 -0.081141 0.069282
v -0.053999 -0.080124 0.030586
v -0.054444 -0.004864 0.062233
v -0.017466 -0.059007 0.087316
v -0.048147 -0.035664 0.069571
v -0.041158 -0.074742 0.056447
v -0.044983 -0.111044 0.036219
v -0.002715 -0.068648 0.082548
v -0.049076 -0.097280 0.033945
v -0.033723 -0.042997 0.090762
v -0.041546 -0.122988 0.038443
v -0.047047 -0.104170 0.035047
v -0.012573 -0.088258 0.067980
v -0.037510 -0.037286 0.091876
v -0.042620 -0.116159 0.038262
v -0.051157 -0.089435 0.033078
v 0.000118 -0.068170 0.083103
v -0.053522 -0.009156 0.066310
v -0.008921 -0.064722 0.084932
v -0.020895 -0.078391 0.070540
v -0.030508 -0.046626 0.090504
v -0.040148 -0.124843 0.039865
v -0.043658 -0.112137 0.037819
v -0.028020 -0.048354 0.091144
v -0.049320 -0.030891 0.069846
v -0.050212 -0.003655 0.088324
v -0.014262 -0.059811 0.087901
v -0.018661 -0.110128 0.057562
v -0.035585 -0.039635 0.092161
v -0.027079 -0.097771 0.057538
v -0.052975 -0.081423 0.032760
v -0.045158 -0.105796 0.037518
v -0.045712 -0.040727 0.071490
v -0.032434 -0.088397 0.057923
v -0.019121 -0.056574 0.088888
v -0.050001 -0.087527 0.036492
v -0.002813 -0.066214 0.084598
v -0.011041 -0.061980 0.086894
v -0.022871 -0.053366 0.089901
v -0.040629 -0.117458 0.040417
v -0.046763 -0.098476 0.037599
v -0.039509 -0.120910 0.041093
v -0.044770 -0.023250 0.092770
v -0.041471 -0.115820 0.039765
v -0.005773 -0.064584 0.085666
v -0.054386 0.000629 0.064135
v -0.005887 -0.091777 0.067555
v -0.009495 -0.088244 0.068695
v -0.009660 -0.122952 0.057584
v -0.042307 -0.027788 0.094046
v -0.000088 -0.095399 0.066401
v -0.051356 -0.081767 0.036521
v -0.025720 -0.050068 0.091332
v -0.037775 -0.124815 0.042383
v -0.033696 -0.040838 0.093548
v -0.038924 -0.116976 0.042401
v -0.016969 -0.056834 0.089745
v -0.041954 -0.109729 0.040641
v -0.008208 -0.061913 0.087687
v -0.054834 -0.069803 0.034138
v -0.021013 -0.053343 0.091207
v -0.038433 -0.034387 0.094030
v -0.045413 -0.100497 0.038945
v -0.043180 -0.107255 0.039813
v -0.047772 -0.093063 0.038147
v -0.048822 -0.085452 0.039793
v -0.050712 -0.080850 0.038380
v -0.040966 -0.110986 0.041494
v -0.006259 -0.062559 0.087458
v -0.041531 -0.048334 0.073304
v -0.042942 -0.016704 0.107777
v -0.044579 -0.012107 0.107601
v -0.043495 -0.015182 0.107793
v -0.045565 -0.007934 0.107514
v -0.045613 -0.008845 0.107042
v -0.043596 -0.015678 0.107358
v -0.045244 -0.007487 0.108066
v -0.045929 -0.006892 0.107103
v -0.045706 -0.006173 0.107718
v -0.044285 -0.013291 0.107530
v -0.046227 -0.003214 0.107352
v -0.046360 -0.001144 0.107273
v -0.044101 -0.012765 0.107995
v -0.046073 0.000696 0.107797
v -0.022674 -0.039909 0.108020
v -0.024509 -0.039177 0.107610
v -0.025753 -0.038252 0.107752
v -0.044784 -0.010736 0.107820
v -0.027610 -0.036963 0.107710
v -0.028630 -0.036117 0.107779
v -0.030502 -0.034719 0.107594
v -0.045141 -0.010583 0.107292
v -0.045199 -0.009218 0.107702
v -0.032269 -0.032912 0.107768
v -0.033387 -0.031728 0.107804
v -0.045938 -0.005203 0.107545
v 0.001078 -0.046245 0.107583
v -0.034553 -0.031093 0.107115
v -0.004233 -0.046121 0.107517
v -0.045896 -0.004236 0.107769
v -0.034512 -0.030449 0.107850
v -0.035599 -0.029841 0.107159
v -0.009653 -0.045015 0.107854
v -0.035865 -0.029020 0.107691
v -0.035978 -0.028399 0.108096
v -0.012712 -0.044613 0.107402
v -0.037026 -0.028063 0.107132
v -0.014704 -0.043864 0.107568
v -0.046073 -0.001669 0.107752
v -0.037154 -0.027381 0.107660
v -0.017181 -0.042635 0.107937
v -0.037908 -0.026321 0.107672
v -0.038325 -0.026347 0.107007
v -0.040462 -0.022743 0.107196
v -0.039608 -0.023473 0.107820
v -0.040356 -0.022323 0.107710
v -0.041430 -0.020630 0.107444
v -0.042127 -0.019646 0.107018
v -0.020595 -0.041495 0.107463
v -0.042702 -0.018204 0.107176
v -0.042052 -0.018824 0.107782
v -0.038789 -0.024760 0.107855
v -0.039221 -0.024846 0.107177
v -0.040145 -0.022127 0.108085
v -0.041334 -0.020253 0.107842
v -0.016968 0.026072 0.120707
v -0.018394 0.028409 0.118941
v -0.030635 0.026216 0.113820
v -0.033171 0.025420 0.112445
v -0.021220 0.021549 0.121221
v -0.003739 -0.004419 0.129130
v -0.006717 -0.005903 0.128740
v -0.032102 -0.011652 0.118740
v -0.035018 -0.012488 0.116502
v -0.034407 0.019440 0.114543
v -0.035616 0.022398 0.112161
v -0.036811 0.019299 0.112665
v -0.009679 -0.010313 0.127718
v -0.023390 0.018548 0.121460
v -0.025351 0.015041 0.121661
v -0.011782 -0.014542 0.126426
v -0.015527 -0.014390 0.125548
v -0.014603 -0.017341 0.124963
v -0.037978 -0.015451 0.113191
v -0.040001 -0.014149 0.111826
v -0.027542 0.012743 0.121165
v -0.030833 0.010770 0.119741
v -0.018398 -0.019017 0.123262
v -0.037490 0.016071 0.113404
v -0.040245 0.015520 0.111094
v -0.042411 0.011209 0.110320
v -0.033171 0.007667 0.118808
v -0.002248 0.023766 0.124452
v -0.005973 0.021799 0.124994
v -0.020520 -0.023734 0.120550
v -0.023135 -0.024884 0.118864
v -0.007253 0.017158 0.126448
v -0.009679 0.019245 0.125406
v -0.005772 0.019310 0.125927
v -0.037599 0.001196 0.116148
v -0.035617 0.003752 0.117533
v -0.025352 -0.026850 0.116684
v -0.045511 0.007188 0.107797
v -0.013249 0.012684 0.126548
v -0.027690 -0.028525 0.114342
v -0.021020 0.039004 0.109835
v -0.038995 -0.002501 0.114923
v -0.040300 -0.000982 0.113833
v -0.029403 -0.031322 0.111278
v -0.031871 -0.029922 0.110497
v -0.016962 0.006660 0.126573
v -0.001278 -0.002008 0.129369
v -0.020708 0.037297 0.111583
v -0.002245 0.000146 0.129368
v -0.006714 -0.008896 0.128365
v -0.021218 0.002241 0.125484
v -0.024678 0.033249 0.112828
v -0.030636 0.028427 0.112436
v -0.025354 -0.001258 0.123776
v -0.012621 -0.011671 0.126893
v -0.043911 -0.006029 0.109837
v -0.030636 -0.005746 0.120667
v -0.030635 -0.008332 0.120311
v -0.032493 0.022947 0.114321
v -0.005228 0.039550 0.114207
v -0.015791 -0.020312 0.123621
v -0.018393 -0.022381 0.121945
v -0.021217 -0.020680 0.121576
v -0.034403 -0.009771 0.117570
v -0.009678 0.034495 0.117525
v -0.012406 0.030165 0.119755
v -0.013552 0.031569 0.118595
v -0.015188 0.027962 0.120270
v -0.019811 0.024371 0.120523
v -0.035619 -0.016080 0.114923
v -0.037980 -0.012655 0.114086
v -0.040862 -0.017067 0.109878
v -0.043447 0.008879 0.109795
v -0.027642 0.016085 0.120177
v -0.018386 0.039963 0.110198
v -0.019354 0.041731 0.107885
v -0.007666 0.015063 0.126984
v -0.011154 0.016311 0.126060
v -0.023969 0.037375 0.109737
v -0.022610 0.035158 0.112430
v -0.014079 0.008205 0.127161
v -0.033167 0.004529 0.119191
v -0.019244 0.004695 0.126049
v -0.027641 0.030525 0.113039
v -0.036812 -0.000496 0.116776
v -0.027526 -0.005275 0.122466
v -0.040196 -0.004945 0.113662
v -0.042415 -0.002584 0.111754
v -0.003735 -0.007431 0.128831
v -0.008202 -0.012565 0.127502
v -0.001494 0.041817 0.112401
v -0.039604 0.012109 0.112816
v -0.005972 0.037417 0.115926
v -0.009681 0.031389 0.119618
v -0.012619 0.034169 0.117074
v -0.039651 -0.018521 0.110455
v 0.000753 0.024282 0.124266
v -0.002249 0.026522 0.123177
v -0.018397 0.022603 0.121848
v -0.009678 0.012754 0.127233
v -0.000752 -0.005067 0.129191
v -0.030469 0.006952 0.120620
v -0.022847 -0.000937 0.124889
v -0.043905 0.006009 0.109841
v -0.040863 -0.006912 0.112789
v -0.014766 0.041829 0.109794
v -0.002248 0.039142 0.114810
v -0.002252 0.020952 0.125584
v -0.027542 0.027631 0.114982
v -0.011153 0.010504 0.127420
v -0.023389 -0.028561 0.116707
v -0.023504 -0.005460 0.124350
v -0.028027 -0.008569 0.121756
v -0.028031 0.010118 0.121476
v -0.025351 0.029972 0.114767
v -0.025301 -0.031491 0.113762
v -0.005226 -0.011894 0.127986
v -0.012620 0.027232 0.121363
v -0.009679 -0.016151 0.126376
v -0.028863 -0.010513 0.120947
v -0.026695 -0.032219 0.112389
v -0.036811 -0.018569 0.112983
v 0.000749 0.021465 0.125430
v -0.011364 -0.018564 0.125315
v -0.000761 0.044341 0.109796
v 0.001300 0.045888 0.108006
v -0.001179 0.046010 0.107836
v -0.019812 -0.026713 0.119337
v -0.027444 -0.034054 0.110473
v -0.018393 0.001567 0.126497
v -0.041345 0.007194 0.112279
v 0.000968 0.039934 0.114165
v -0.002779 -0.010481 0.128427
v -0.012620 -0.021625 0.123939
v -0.016966 -0.025207 0.121138
v -0.021916 0.015794 0.122986
v -0.029990 -0.034419 0.108315
v -0.000754 -0.008111 0.128854
v -0.034407 0.000730 0.118551
v -0.015525 0.004517 0.127188
v -0.019296 -0.000681 0.126222
v -0.012593 0.044206 0.107919
v -0.006717 0.034122 0.118291
v -0.005972 -0.015036 0.127192
v -0.029341 0.024298 0.115746
v -0.015524 0.024278 0.122029
v -0.014664 -0.024409 0.122223
v -0.019813 0.019083 0.122725
v -0.040199 0.008511 0.113115
v -0.024778 -0.008452 0.123405
v -0.032995 -0.016384 0.116764
v -0.022207 -0.031661 0.115280
v -0.025351 0.011719 0.122505
v -0.044973 0.001840 0.109064
v -0.015526 0.039431 0.111861
v -0.019812 0.035279 0.113693
v -0.019810 -0.029821 0.117544
v -0.031184 0.020606 0.116344
v -0.043355 -0.009518 0.109751
v -0.035016 0.016124 0.115374
v -0.010796 0.006904 0.128035
v -0.008150 -0.017686 0.126168
v -0.017684 -0.028000 0.119439
v -0.016446 0.037667 0.113107
v -0.021218 0.032688 0.115012
v 0.001493 -0.011061 0.128371
v -0.030635 0.004011 0.120833
v -0.009682 -0.021830 0.124457
v -0.003096 0.017278 0.126796
v -0.036807 0.013110 0.114923
v -0.002181 -0.014130 0.127689
v -0.021218 -0.004135 0.125376
v -0.002248 0.036793 0.116736
v -0.028695 -0.014058 0.120197
v -0.022608 0.030635 0.115764
v -0.026698 0.026139 0.116339
v -0.028029 0.007474 0.121922
v 0.000636 0.017790 0.126713
v -0.031916 0.001385 0.120193
v -0.011162 0.042761 0.109965
v -0.003098 0.034378 0.118489
v -0.030177 -0.016022 0.118730
v -0.016055 0.021620 0.123027
v -0.037979 -0.021916 0.110352
v -0.006718 0.012108 0.127789
v -0.015527 0.001588 0.127343
v -0.036808 -0.003485 0.116647
v -0.023222 -0.035443 0.111881
v -0.003739 -0.016334 0.127021
v 0.001487 0.037505 0.116214
v -0.009681 0.028149 0.121497
v 0.000750 -0.014542 0.127613
v -0.008201 0.009109 0.128144
v -0.005230 -0.019191 0.126014
v -0.012618 0.003825 0.127942
v -0.022609 0.012653 0.123521
v -0.013735 -0.027837 0.120750
v -0.042941 0.003539 0.111151
v -0.006174 -0.021197 0.125203
v -0.038127 -0.006620 0.115252
v -0.010885 -0.026184 0.122293
v -0.015526 -0.029256 0.119429
v -0.019810 -0.032797 0.115565
v -0.041337 -0.009196 0.111887
v -0.005860 0.031716 0.120008
v -0.018395 -0.002767 0.126450
v -0.017225 -0.032400 0.116881
v -0.037975 0.010008 0.114751
v -0.026697 -0.012016 0.121773
v -0.020706 -0.034396 0.113987
v -0.025204 -0.036642 0.109652
v -0.034405 -0.019823 0.114377
v -0.023302 0.027863 0.117161
v -0.027637 0.021730 0.118029
v -0.031911 0.017723 0.117013
v -0.012620 0.023213 0.123281
v -0.016445 0.019395 0.123755
v -0.025351 0.009019 0.123031
v -0.012619 0.040453 0.111864
v -0.002888 0.012872 0.127953
v -0.016055 0.035937 0.114684
v -0.001275 -0.017881 0.126674
v -0.005765 -0.023459 0.124333
v -0.018595 0.016823 0.123909
v -0.018396 0.033857 0.115384
v -0.008199 -0.025353 0.123162
v -0.034404 -0.003013 0.118459
v -0.026029 0.023564 0.118057
v -0.031233 -0.018755 0.117082
v -0.033847 0.014222 0.116862
v -0.013349 -0.031742 0.118542
v -0.022613 -0.038184 0.109763
v -0.001481 -0.020373 0.125832
v -0.015271 -0.002452 0.127393
v -0.019015 -0.006267 0.125980
v -0.011102 -0.030392 0.119937
v -0.023988 -0.011630 0.123155
v -0.028030 0.004809 0.122233
v -0.019017 -0.037001 0.112639
v -0.035617 -0.022233 0.112246
v -0.035622 0.010390 0.116549
v -0.012618 0.000859 0.128061
v -0.021221 -0.009779 0.124676
v -0.008196 0.043151 0.110272
v -0.000752 0.014628 0.127593
v -0.032892 -0.002695 0.119517
v -0.005231 0.009909 0.128354
v -0.008203 -0.028039 0.121809
v 0.000753 0.034858 0.118226
v -0.016389 -0.035985 0.114527
v -0.043554 0.000347 0.110648
v -0.009894 0.025801 0.122657
v -0.005228 -0.026182 0.123136
v -0.014077 -0.034383 0.116508
v -0.022609 0.009901 0.124092
v -0.001485 -0.023217 0.124721
v -0.019299 -0.038972 0.110727
v -0.038035 0.007155 0.115245
v -0.041341 -0.011862 0.111223
v -0.007073 0.028040 0.121977
v -0.005985 0.045605 0.107881
v -0.007602 0.004925 0.128729
v -0.019814 0.012902 0.124557
v -0.019814 0.030625 0.117034
v -0.023989 0.025532 0.118106
v -0.024810 -0.014475 0.122087
v -0.035458 -0.006309 0.117393
v -0.042551 -0.013336 0.109529
v -0.009679 0.002367 0.128577
v -0.007459 -0.031031 0.120217
v -0.012028 0.038124 0.114142
v -0.004687 -0.028316 0.122099
v -0.025352 0.006296 0.123418
v -0.029339 0.018254 0.118447
v -0.028823 0.001009 0.122022
v -0.001484 -0.026002 0.123466
v -0.010560 -0.034589 0.117280
v -0.039870 0.003773 0.114082
v -0.020042 -0.041170 0.108154
v -0.009678 0.040288 0.112784
v -0.013551 -0.037900 0.113893
v -0.030640 0.014892 0.118794
v -0.012084 -0.002013 0.128151
v -0.014909 -0.039865 0.111693
v -0.041453 0.001462 0.112740
v -0.044702 -0.002533 0.109326
v -0.032451 -0.022370 0.114644
v -0.008199 -0.033813 0.118279
v -0.012406 -0.036666 0.115232
v -0.036199 -0.024938 0.110235
v 0.000752 0.011214 0.128347
v -0.015004 0.017439 0.124825
v -0.004693 0.006872 0.128835
v -0.026208 -0.017377 0.120505
v -0.039121 -0.010161 0.113730
v -0.003737 -0.030235 0.121092
v -0.001717 0.009356 0.128656
v -0.002938 0.030782 0.120835
v -0.016978 -0.041062 0.109701
v -0.000736 -0.028496 0.122200
v -0.012618 0.019760 0.124635
v -0.016109 0.033305 0.116639
v -0.016967 0.014519 0.125095
v -0.028202 -0.019201 0.118749
v -0.033171 0.011389 0.118084
v -0.016249 -0.006806 0.126769
v -0.021217 -0.013254 0.123940
v 0.000752 0.032334 0.119936
v -0.005229 -0.034004 0.118554
v -0.004484 0.043601 0.110369
v -0.009678 -0.037278 0.115400
v -0.009681 0.022747 0.124084
v -0.022614 0.006426 0.124615
v -0.026695 0.002145 0.123094
v -0.026205 0.019514 0.119728
v -0.030641 -0.002495 0.120932
v -0.002843 -0.033115 0.119360
v -0.009678 -0.000629 0.128621
v -0.018395 -0.009943 0.125645
v -0.000739 -0.031150 0.120677
v -0.005973 -0.036705 0.116491
v -0.010883 -0.040794 0.112036
v -0.013861 -0.042446 0.109454
v -0.035568 0.006822 0.117237
v -0.008202 -0.039143 0.114118
v -0.012619 -0.004326 0.127907
v -0.003566 0.045545 0.108277
v 0.001503 -0.034879 0.118209
v -0.011735 0.036787 0.115328
v -0.016966 0.030501 0.118200
v -0.029344 -0.022319 0.116738
v -0.024537 0.003318 0.124064
v -0.032893 -0.025546 0.112589
v -0.020519 0.026967 0.118919
v -0.033172 -0.006839 0.118929
v -0.036808 -0.009416 0.115829
v -0.037463 0.004570 0.116049
v -0.021918 -0.016252 0.122848
v -0.004992 0.026751 0.122881
v -0.001323 -0.036276 0.117178
v -0.010391 -0.043480 0.109413
v -0.007602 -0.041746 0.111816
v -0.005972 0.001348 0.129105
v -0.005231 -0.039934 0.113875
v -0.022610 0.023916 0.119566
v -0.002471 -0.038064 0.115712
v -0.000966 -0.044784 0.109294
v -0.037630 0.026249 0.108043
v -0.036810 0.027371 0.108037
v -0.002251 0.029208 0.121764
v -0.035657 0.029099 0.107849
v -0.036049 0.028357 0.108044
v -0.003736 0.004663 0.129112
v -0.006181 0.024356 0.123895
v -0.019462 0.008619 0.125514
v -0.035434 0.026922 0.109626
v -0.006182 0.041128 0.112642
v 0.000736 -0.039389 0.114647
v -0.024679 -0.020486 0.120123
v -0.033132 0.030161 0.109286
v -0.000733 0.006392 0.129065
v -0.024172 0.021409 0.119966
v -0.002248 -0.040650 0.113463
v -0.017878 -0.012862 0.125223
v -0.006692 -0.044074 0.109540
v -0.003737 -0.043272 0.110791
v -0.026699 -0.021684 0.118559
v 0.000732 -0.041645 0.112576
v -0.042670 0.017022 0.107961
v -0.016967 0.010972 0.125910
v -0.034153 -0.027798 0.110147
v -0.036322 0.024329 0.110491
v -0.038614 0.021431 0.110012
v -0.040308 0.021962 0.108000
v -0.029549 0.035038 0.108093
v -0.014979 -0.009846 0.126680
v -0.000753 -0.043072 0.111152
v -0.039265 0.023638 0.108093
v 0.000753 0.029725 0.121515
v -0.030279 0.031514 0.110509
v -0.014079 0.015433 0.125652
v -0.012389 -0.007656 0.127618
v -0.041311 0.017184 0.109352
v -0.027576 0.036607 0.108089
v -0.008834 -0.004309 0.128612
v -0.043637 0.014922 0.107739
v -0.033167 0.028085 0.110748
v -0.022103 -0.018644 0.121981
v -0.028029 -0.001898 0.122418
v -0.030635 -0.025467 0.114254
v -0.026121 0.035845 0.109797
v -0.005830 -0.001680 0.129110
v -0.028029 0.033555 0.110472
v -0.039122 0.018508 0.110937
v -0.041909 0.013731 0.110073
v -0.007660 0.037377 0.115729
v -0.001302 0.003446 0.129304
v -0.018394 -0.015572 0.124351
v -0.044350 0.012654 0.107729
v -0.044705 0.011069 0.107824
v -0.027372 -0.024885 0.116649
v -0.023220 0.039534 0.108083
v -0.009892 -0.007719 0.128079
v -0.030360 -0.028031 0.112893
v 0.001492 0.027290 0.122826
v -0.021168 0.040639 0.108103
v 0.000743 0.001359 0.129392
v -0.045109 0.009512 0.107756
v 0.014077 -0.033784 0.116939
v 0.011885 -0.031915 0.118806
v 0.011154 -0.035355 0.116580
v 0.029343 0.005389 0.121457
v 0.023990 0.015879 0.122062
v 0.021221 0.016208 0.123141
v 0.024854 -0.000526 0.124017
v 0.023987 0.001499 0.124380
v 0.008203 -0.037425 0.115577
v 0.011888 0.026312 0.122007
v 0.004371 -0.042137 0.111893
v 0.002827 -0.044208 0.109862
v 0.018594 0.013343 0.124866
v 0.022054 -0.005782 0.124912
v 0.022608 -0.002691 0.124917
v 0.042414 0.003829 0.111661
v 0.018393 -0.010653 0.125515
v 0.019106 -0.007418 0.125805
v 0.015867 -0.008943 0.126579
v 0.006718 0.022904 0.124453
v 0.016442 0.006760 0.126720
v 0.014079 0.008205 0.127153
v 0.014076 0.004546 0.127557
v 0.039121 -0.001064 0.114868
v 0.036968 -0.006751 0.116175
v 0.034220 -0.006983 0.118197
v 0.012617 -0.016002 0.125840
v 0.010618 -0.013310 0.126948
v 0.014076 -0.013048 0.126254
v 0.003519 0.016212 0.127066
v 0.002460 0.019107 0.126227
v 0.033171 -0.011191 0.118130
v 0.031911 -0.008853 0.119430
v 0.030651 -0.010885 0.119825
v 0.008200 -0.020499 0.125196
v 0.009679 -0.018299 0.125722
v 0.009678 0.001617 0.128602
v 0.006933 -0.004022 0.128869
v 0.006183 -0.001340 0.129081
v 0.019813 0.031813 0.116248
v 0.019810 0.034141 0.114579
v 0.016151 0.032405 0.117254
v 0.005226 -0.024123 0.124093
v 0.002471 -0.024514 0.124117
v 0.028762 -0.015715 0.119668
v 0.023989 -0.020905 0.120267
v 0.015022 0.028908 0.119798
v 0.012617 0.029822 0.119912
v 0.040184 0.015486 0.111174
v 0.034413 0.025525 0.111404
v 0.031911 0.025275 0.113465
v 0.021218 -0.026471 0.118886
v 0.022053 -0.023568 0.119985
v 0.037978 0.013403 0.113862
v 0.018394 -0.026938 0.119757
v 0.036347 0.010865 0.115889
v 0.016463 -0.030380 0.118462
v 0.030162 0.021175 0.116748
v 0.029933 0.023460 0.115813
v 0.026700 0.017464 0.120221
v 0.023988 0.019175 0.120945
v 0.009680 0.023433 0.123784
v 0.008205 0.026255 0.122735
v 0.028736 0.000921 0.122078
v 0.026701 0.002834 0.123066
v 0.008200 -0.040812 0.112598
v 0.004694 -0.039998 0.113873
v 0.021745 0.012040 0.124026
v 0.005832 0.018253 0.126273
v 0.045855 0.004222 0.107845
v 0.002250 0.013623 0.127798
v 0.027446 0.036842 0.107968
v 0.024006 0.036926 0.110137
v 0.041338 0.000079 0.112872
v 0.022077 0.034445 0.113294
v 0.039124 -0.003935 0.114713
v 0.017501 0.010228 0.125892
v 0.016965 -0.012872 0.125500
v 0.018393 0.029657 0.118204
v 0.011364 0.004218 0.128169
v 0.029994 -0.013214 0.119661
v 0.008200 -0.023296 0.124086
v 0.005008 -0.021685 0.125122
v 0.010419 -0.001746 0.128480
v 0.027367 -0.018733 0.119408
v 0.024922 -0.015704 0.121682
v 0.002837 -0.007026 0.128937
v 0.002234 -0.027570 0.122648
v 0.036577 0.024944 0.109888
v 0.042388 0.013786 0.109556
v 0.033350 0.021744 0.114289
v 0.034404 0.009376 0.117648
v 0.028201 0.019403 0.118670
v 0.026206 0.021408 0.118950
v 0.031732 0.006207 0.119952
v 0.008200 0.019318 0.125617
v 0.013209 0.001318 0.127929
v 0.002022 -0.029890 0.121383
v 0.009720 -0.038443 0.114423
v 0.034405 0.006308 0.118151
v 0.043467 0.001104 0.110737
v 0.030635 0.002719 0.120917
v 0.026700 0.035032 0.110123
v 0.006719 -0.006649 0.128661
v 0.006719 -0.026123 0.123011
v 0.010418 0.020416 0.124861
v 0.043573 0.015368 0.107630
v 0.037850 0.026126 0.107898
v 0.045224 0.002378 0.108733
v 0.025352 0.033332 0.112355
v 0.025575 -0.004346 0.123517
v 0.017683 0.026939 0.120021
v 0.012619 0.022534 0.123561
v 0.019810 -0.029212 0.117916
v 0.013491 -0.019040 0.124689
v 0.005228 -0.009665 0.128403
v 0.041984 -0.002636 0.112180
v 0.039693 0.011613 0.112869
v 0.014803 -0.036322 0.114806
v 0.016965 0.004482 0.126784
v 0.015525 -0.016512 0.124960
v 0.023165 0.030731 0.115433
v 0.011428 -0.022060 0.124033
v 0.014420 0.024682 0.122159
v 0.026033 -0.022758 0.118447
v 0.005818 0.013760 0.127529
v 0.017590 -0.032704 0.116537
v 0.019811 0.007966 0.125478
v 0.021220 0.028539 0.117728
v 0.012618 -0.038628 0.113533
v 0.008200 -0.042943 0.110477
v 0.036224 -0.010986 0.115958
v 0.031914 -0.015092 0.117910
v 0.005230 -0.028864 0.121743
v 0.024051 -0.026506 0.117560
v 0.036812 0.007266 0.116217
v 0.031420 0.018517 0.117050
v 0.026696 0.014217 0.121219
v 0.011152 -0.040479 0.112248
v 0.006463 -0.044392 0.109220
v 0.021218 -0.009779 0.124669
v 0.006718 0.015043 0.127102
v 0.017873 -0.015005 0.124687
v 0.009679 -0.005113 0.128403
v 0.029343 0.016380 0.119103
v 0.025354 0.011719 0.122511
v 0.028593 -0.002930 0.122083
v 0.029902 0.033005 0.109602
v 0.029686 0.035119 0.107900
v 0.025350 0.031118 0.113987
v 0.016966 0.024108 0.121660
v 0.002246 -0.032186 0.119986
v 0.038987 0.024558 0.107785
v 0.036373 0.022142 0.111662
v 0.003737 0.010675 0.128334
v 0.028029 0.032514 0.111302
v 0.044431 -0.001379 0.109688
v 0.040793 -0.005183 0.113077
v 0.002792 0.008235 0.128783
v 0.044388 0.012428 0.107767
v 0.034414 -0.014604 0.116338
v 0.031444 -0.017569 0.117386
v 0.033168 0.003253 0.119289
v 0.022925 -0.028849 0.116749
v 0.023303 0.008820 0.123994
v 0.009680 0.016383 0.126310
v 0.039696 -0.007551 0.113747
v 0.029341 -0.020514 0.117543
v 0.021222 -0.031344 0.115955
v 0.038995 0.008407 0.114208
v 0.012618 0.019061 0.124881
v 0.046093 -0.001029 0.107749
v 0.046191 0.000989 0.107614
v 0.024673 -0.008503 0.123439
v 0.020011 -0.013004 0.124451
v 0.016966 0.001576 0.126937
v 0.016108 0.021267 0.123154
v 0.003738 -0.013401 0.127774
v 0.039919 0.023001 0.107789
v 0.011153 -0.042592 0.110145
v 0.035618 0.020760 0.112979
v 0.038239 -0.008403 0.114866
v 0.031534 0.033492 0.107881
v 0.020611 0.005168 0.125529
v 0.016153 -0.001265 0.127191
v 0.018399 -0.035396 0.114217
v 0.005229 -0.031473 0.120214
v 0.021220 0.025426 0.119431
v 0.008687 -0.045530 0.107467
v 0.042409 -0.005787 0.111434
v 0.008200 -0.028042 0.121808
v 0.009681 -0.008092 0.128068
v 0.043017 0.010422 0.109901
v 0.028030 0.030356 0.112893
v 0.028861 -0.022984 0.116715
v 0.024220 0.027009 0.117199
v 0.032708 0.000764 0.119700
v 0.016388 -0.038765 0.112159
v 0.030138 0.013631 0.119469
v 0.019815 0.023073 0.121129
v 0.006717 0.010623 0.128078
v 0.012085 -0.025157 0.122523
v 0.002232 0.005376 0.129128
v 0.027367 -0.026079 0.115996
v 0.013490 -0.003220 0.127791
v 0.008199 -0.010351 0.127938
v 0.014316 -0.041320 0.110483
v 0.041223 0.009114 0.112019
v 0.039112 0.021605 0.109421
v 0.031914 0.015902 0.117650
v 0.010112 0.012792 0.127162
v 0.022848 -0.012756 0.123409
v 0.018396 -0.017647 0.123719
v 0.014073 -0.022857 0.123064
v 0.046023 -0.002571 0.107761
v 0.012618 0.015522 0.125974
v 0.036809 0.004293 0.116580
v 0.003184 -0.016178 0.127104
v 0.032453 -0.020638 0.115460
v 0.035173 0.018674 0.114276
v 0.010979 -0.044978 0.107540
v 0.041346 -0.009178 0.111897
v 0.004796 -0.034605 0.118192
v 0.014805 0.017848 0.124750
v 0.035619 0.001938 0.117645
v 0.031912 -0.001187 0.120194
v 0.028028 -0.006578 0.122043
v 0.026700 0.027896 0.115322
v 0.037509 -0.014560 0.113913
v 0.015570 -0.020009 0.123786
v 0.025350 -0.029215 0.115259
v 0.011151 -0.027152 0.121732
v 0.021462 -0.035002 0.113156
v 0.002283 0.044049 0.110059
v 0.045069 0.009925 0.107695
v 0.003812 0.045792 0.107948
v 0.012620 -0.005808 0.127778
v 0.006088 0.006968 0.128704
v 0.039121 -0.011297 0.113453
v 0.006007 0.045607 0.107873
v 0.002462 0.042155 0.112008
v 0.005972 0.043571 0.110211
v 0.023679 -0.032172 0.114162
v 0.028689 0.011025 0.120939
v 0.044442 -0.004512 0.109444
v 0.008069 0.045246 0.107929
v 0.020343 0.000835 0.125859
v 0.035021 -0.018801 0.114349
v 0.005230 0.041222 0.112670
v 0.006717 -0.013341 0.127520
v 0.004370 0.039085 0.114721
v 0.002247 -0.018484 0.126445
v 0.038127 0.019127 0.111589
v 0.010243 0.042953 0.110023
v 0.010036 0.044878 0.107895
v 0.021216 -0.015985 0.123202
v 0.034887 0.016420 0.115375
v 0.009141 -0.029856 0.120643
v 0.030636 0.030038 0.111325
v 0.039125 0.005251 0.114579
v 0.018398 0.019238 0.123183
v 0.008200 0.041529 0.111908
v 0.012767 0.044158 0.107930
v 0.041147 0.020672 0.107842
v 0.019814 -0.037826 0.111535
v 0.032906 0.032104 0.107919
v 0.030636 -0.024336 0.114878
v 0.002235 -0.037729 0.115994
v 0.014337 -0.043673 0.107943
v 0.030348 -0.006155 0.120803
v 0.036808 -0.016341 0.113863
v 0.008201 0.039326 0.113957
v 0.003736 0.003152 0.129211
v 0.018393 -0.020371 0.122757
v 0.004484 0.035171 0.117810
v 0.023988 0.023666 0.119041
v 0.016945 -0.041133 0.109643
v 0.045872 -0.004320 0.107792
v 0.014049 0.041788 0.110092
v 0.028838 -0.028183 0.113834
v 0.026036 -0.012421 0.122027
v 0.016964 -0.022553 0.122351
v 0.011153 0.040111 0.112593
v 0.007073 0.036268 0.116671
v 0.022612 0.021996 0.120437
v 0.008199 -0.031936 0.119527
v 0.027366 -0.030685 0.113096
v 0.026699 0.008228 0.122500
v 0.043443 -0.008748 0.109832
v 0.023223 0.004218 0.124579
v 0.009683 0.009074 0.127923
v 0.040244 -0.013214 0.111883
v 0.031916 -0.004394 0.120021
v 0.033011 -0.023350 0.113719
v 0.033634 0.028998 0.109741
v 0.028030 -0.009892 0.121527
v 0.004280 0.032909 0.119392
v 0.029342 0.027175 0.114116
v 0.016825 0.042806 0.107905
v 0.017537 -0.042891 0.107474
v 0.045685 -0.005721 0.107842
v 0.017682 0.016145 0.124429
v 0.009679 0.036888 0.115713
v 0.026206 0.006183 0.123029
v 0.012273 0.010783 0.127145
v 0.024678 -0.034170 0.112106
v 0.040793 0.005910 0.112984
v 0.019767 -0.039850 0.109644
v 0.034413 -0.002392 0.118503
v 0.013568 -0.009458 0.127096
v 0.011888 0.037631 0.114594
v 0.015526 0.013918 0.125667
v 0.014079 0.039143 0.112627
v 0.002228 -0.000693 0.129366
v 0.034198 0.030785 0.107864
v 0.031444 0.027576 0.112414
v 0.017505 0.040434 0.110128
v 0.027543 0.025383 0.116274
v 0.015527 -0.005740 0.127079
v 0.031913 -0.026755 0.112591
v 0.011153 -0.011003 0.127327
v 0.021222 -0.019354 0.122088
v 0.003738 0.030446 0.120967
v 0.006716 -0.016985 0.126560
v 0.002247 -0.021345 0.125436
v 0.037980 -0.018204 0.112124
v 0.014077 0.011850 0.126516
v 0.042462 0.007496 0.111109
v 0.023075 -0.038037 0.109657
v 0.009680 0.034499 0.117522
v 0.021218 0.019570 0.122002
v 0.015731 -0.025027 0.121611
v 0.045180 -0.008936 0.107822
v 0.005229 -0.019191 0.126014
v 0.042386 -0.013105 0.109786
v 0.040754 0.018140 0.109518
v 0.035617 -0.021691 0.112523
v 0.008201 0.004634 0.128666
v 0.033172 0.012604 0.117782
v 0.038109 0.001559 0.115710
v 0.020051 -0.041317 0.107990
v 0.007351 0.032150 0.119537
v 0.009148 -0.015499 0.126650
v 0.040388 -0.017115 0.110337
v 0.015003 -0.027451 0.120605
v 0.033455 -0.026424 0.111615
v 0.005229 -0.037631 0.115832
v 0.035517 0.029229 0.107883
v 0.026698 0.023723 0.117607
v 0.019792 0.041516 0.107887
v 0.028027 -0.032869 0.111025
v 0.044514 -0.010804 0.108126
v 0.030636 -0.029877 0.111441
v 0.013552 -0.029553 0.119833
v 0.027334 -0.034908 0.109818
v 0.008200 -0.034428 0.117848
v 0.010622 0.006878 0.128065
v 0.023772 -0.039504 0.107762
v 0.005862 0.001566 0.129115
v 0.037843 0.015953 0.113131
v 0.006181 0.029078 0.121525
v 0.017824 0.038651 0.111684
v 0.012966 0.035577 0.115940
v 0.035616 -0.024358 0.111073
v 0.019017 -0.003564 0.126214
v 0.038613 -0.021226 0.110119
v 0.015525 0.036669 0.114272
v 0.044160 0.006037 0.109561
v 0.037095 -0.023521 0.110268
v 0.029342 0.008011 0.121119
v 0.043952 -0.013677 0.107848
v 0.005229 0.026403 0.123028
v 0.021194 0.039213 0.109545
v 0.030636 -0.031964 0.109874
v 0.002976 -0.004019 0.129210
v 0.026053 -0.038004 0.107797
v 0.028090 -0.036537 0.107777
v 0.040244 0.002333 0.113833
v 0.036816 -0.002305 0.116728
v 0.033153 -0.029463 0.109788
v 0.035616 0.013934 0.115622
v 0.042315 -0.017315 0.108234
v 0.043351 -0.015471 0.107849
v 0.003739 0.024396 0.124094
v 0.031911 0.009689 0.119275
v 0.035456 -0.026760 0.109715
v 0.011783 0.032381 0.118531
v 0.009682 0.029462 0.120765
v 0.023987 -0.018309 0.121260
v 0.031026 -0.033933 0.107918
v 0.019318 -0.023580 0.121094
v 0.033502 -0.031412 0.107989
v 0.042099 -0.018677 0.107804
v 0.041040 -0.020876 0.107826
v 0.040493 -0.021973 0.107791
v 0.038034 -0.026094 0.107718
v 0.039168 -0.024090 0.107904
v 0.034951 -0.029868 0.107915
v 0.036485 -0.028024 0.107872
v 0.016101 0.034131 0.116051
v 0.018394 0.036132 0.113617
v 0.021218 0.037135 0.111465
v 0.004275 0.021633 0.125213
v 0.024321 0.039004 0.107931
v 0.042502 0.017904 0.107731
v 0.036678 0.027793 0.107859
v -0.034891 0.033019 0.100233
v -0.032887 0.032948 0.106748
v -0.030403 0.039804 0.090732
v -0.046622 0.018628 0.090061
v -0.047840 0.020332 0.080895
v -0.001780 0.054958 0.064479
v 0.000995 0.054925 0.064874
v 0.000956 0.053958 0.070851
v -0.046346 0.023575 0.080819
v -0.033099 0.035212 0.098905
v -0.037644 0.039992 0.064543
v -0.036962 0.030616 0.100459
v -0.047432 0.016586 0.089842
v -0.019472 0.047953 0.082743
v -0.047679 0.006048 0.100133
v -0.036052 0.029396 0.106861
v -0.034614 0.031087 0.106834
v -0.049013 0.011223 0.089587
v -0.022899 0.044571 0.090819
v -0.011884 0.050926 0.080110
v -0.047658 0.003297 0.101390
v -0.014053 0.050365 0.080118
v -0.047732 0.008329 0.098334
v -0.035570 0.041842 0.064670
v -0.027385 0.041978 0.090643
v -0.025191 0.043273 0.090932
v -0.016710 0.049535 0.080106
v -0.038910 0.037145 0.071153
v -0.039323 0.038338 0.064461
v -0.028831 0.038776 0.098996
v -0.044967 0.026063 0.080996
v -0.005126 0.053713 0.070897
v -0.002205 0.053922 0.070859
v -0.004056 0.054778 0.064901
v -0.045800 0.020478 0.090257
v -0.043534 0.028503 0.080710
v -0.031211 0.036890 0.098945
v -0.048244 0.014060 0.089793
v -0.020981 0.045549 0.090658
v -0.047215 0.010932 0.098337
v -0.009596 0.051471 0.079855
v -0.036949 0.038865 0.072194
v -0.032861 0.044028 0.064648
v -0.031018 0.034709 0.106753
v -0.018826 0.046433 0.090963
v -0.046420 0.002971 0.106902
v -0.026456 0.040444 0.098973
v -0.046278 0.004635 0.106934
v -0.044738 0.022733 0.090201
v -0.006651 0.052037 0.079329
v -0.029570 0.035952 0.106736
v -0.016085 0.047491 0.090844
v -0.046469 0.013680 0.098458
v -0.023811 0.042054 0.099056
v -0.027862 0.037319 0.106682
v -0.041684 0.030982 0.081261
v -0.003914 0.052469 0.078516
v -0.045906 0.007690 0.106852
v -0.041527 0.033412 0.073871
v -0.013540 0.048291 0.090853
v -0.043416 0.025127 0.090302
v -0.001055 0.052589 0.078620
v -0.030015 0.045994 0.064780
v -0.025667 0.038855 0.106706
v -0.045250 0.015976 0.100558
v -0.020949 0.043568 0.099017
v -0.045348 0.010577 0.106780
v -0.008453 0.050373 0.086417
v -0.010425 0.049112 0.090691
v -0.031936 0.043518 0.070294
v -0.023127 0.040443 0.106660
v -0.018259 0.044774 0.099032
v -0.038309 0.036409 0.076435
v -0.006489 0.050657 0.086498
v -0.041898 0.027542 0.090406
v -0.027634 0.047465 0.064809
v -0.004690 0.050902 0.086270
v -0.038572 0.034179 0.083380
v -0.044512 0.019060 0.098593
v -0.002886 0.051080 0.086082
v -0.015586 0.045785 0.099013
v -0.020419 0.041852 0.106740
v -0.025163 0.048820 0.064857
v -0.030536 0.044023 0.072648
v -0.035510 0.039932 0.073310
v -0.044646 0.013219 0.106789
v -0.000541 0.051161 0.086064
v -0.039608 0.032193 0.085895
v -0.013132 0.046557 0.099016
v -0.017605 0.043124 0.106724
v -0.028518 0.045737 0.070852
v -0.040680 0.030198 0.087793
v -0.007390 0.048398 0.096504
v -0.054807 0.004532 0.060215
v -0.054531 0.006662 0.061065
v -0.036890 0.035346 0.085712
v -0.054141 0.009286 0.061503
v -0.010130 0.047311 0.099032
v -0.054101 0.003190 0.065904
v -0.005549 0.048681 0.096336
v -0.015188 0.044117 0.106394
v -0.000986 0.049601 0.093562
v -0.053752 0.011633 0.061314
v -0.053149 0.014119 0.061718
v -0.022082 0.050299 0.064851
v -0.033887 0.041653 0.071894
v -0.003609 0.048833 0.096499
v -0.013647 0.044504 0.106809
v -0.043086 0.022036 0.098659
v -0.052356 0.016617 0.062513
v -0.035495 0.037678 0.082257
v -0.011434 0.045148 0.106733
v -0.026102 0.047163 0.070879
v -0.031705 0.041504 0.079942
v -0.008807 0.045743 0.106710
v -0.051349 0.019506 0.062869
v -0.051930 0.001366 0.079899
v -0.000977 0.047905 0.101116
v -0.051910 0.014745 0.068823
v -0.006109 0.046189 0.106661
v -0.043201 0.017378 0.106757
v -0.003703 0.046517 0.106362
v -0.052567 0.006372 0.074398
v -0.052050 0.003794 0.078750
v -0.043840 0.015617 0.106856
v -0.050247 0.022339 0.062726
v -0.033458 0.039493 0.082323
v -0.041812 0.024335 0.098720
v -0.053642 0.006974 0.067123
v -0.051664 0.008799 0.077917
v -0.053115 0.009194 0.068622
v 0.000877 0.046568 0.106704
v -0.051024 0.017654 0.068892
v -0.001306 0.046512 0.106845
v -0.053257 0.004274 0.071210
v -0.039539 0.028904 0.095938
v -0.052684 0.011701 0.068514
v -0.042459 0.019042 0.106874
v -0.049151 0.024663 0.062925
v -0.050459 0.001401 0.088040
v -0.048887 0.021729 0.072231
v -0.049490 0.019939 0.072972
v -0.050650 0.003654 0.086584
v -0.051260 0.010890 0.078068
v -0.046745 0.026238 0.071837
v -0.050324 0.020244 0.067465
v -0.047939 0.023917 0.071897
v -0.045728 0.027993 0.071853
v -0.019242 0.051530 0.064296
v -0.037758 0.033001 0.090341
v -0.028604 0.043743 0.079831
v -0.040443 0.035005 0.072830
v -0.023225 0.048666 0.070860
v -0.038830 0.031314 0.091621
v -0.012915 0.052379 0.070904
v -0.051115 0.005940 0.083127
v -0.010256 0.052957 0.070921
v -0.050872 0.012528 0.078227
v -0.016875 0.052275 0.064903
v -0.048203 0.026333 0.063583
v -0.040350 0.026652 0.098793
v -0.050328 0.014529 0.078411
v -0.020269 0.050164 0.069819
v -0.049294 0.003086 0.093710
v -0.044442 0.029941 0.072091
v -0.041427 0.021189 0.106871
v -0.043152 0.031678 0.072462
v -0.026302 0.045102 0.080186
v -0.034330 0.036477 0.090660
v -0.047235 0.028176 0.063173
v -0.029363 0.041363 0.087690
v -0.049532 0.017084 0.078443
v -0.035807 0.034131 0.093610
v -0.013413 0.053261 0.064926
v -0.016163 0.051441 0.070974
v -0.007845 0.053377 0.070915
v -0.045882 0.030190 0.063927
v -0.040033 0.023748 0.106804
v -0.018490 0.050309 0.072805
v -0.032364 0.038228 0.090705
v -0.024505 0.046138 0.080048
v -0.020568 0.049110 0.074737
v -0.049545 0.008540 0.089509
v -0.044165 0.032647 0.064111
v -0.011048 0.053872 0.064451
v -0.049060 0.005452 0.093943
v -0.022584 0.047156 0.079899
v -0.038622 0.025957 0.106841
v -0.042651 0.034709 0.063751
v -0.008174 0.054317 0.064893
v -0.037243 0.027924 0.106768
v -0.040891 0.036664 0.064380
v -0.005481 0.054722 0.064420
v -0.044074 -0.123642 -0.032869
v -0.050426 -0.121221 -0.021997
v -0.051824 -0.120023 -0.018439
v -0.053013 -0.118569 -0.014708
v -0.053985 -0.116834 -0.010563
v -0.054573 -0.115130 -0.006915
v -0.054810 -0.113059 -0.004264
v -0.027564 0.047619 0.063823
v -0.054922 -0.109354 0.001854
v -0.001511 -0.126488 -0.054908
v -0.023263 0.049852 0.063850
v -0.004342 -0.126479 -0.054759
v -0.054914 -0.104999 0.007393
v -0.015158 0.052881 0.063913
v -0.007682 -0.126449 -0.054377
v -0.010432 -0.126442 -0.053914
v -0.008339 0.054375 0.063918
v -0.054894 -0.100120 0.011653
v -0.013653 -0.126345 -0.053174
v -0.054898 -0.092817 0.017654
v -0.016200 -0.126347 -0.052455
v 0.000967 0.055003 0.063911
v -0.054903 -0.084518 0.023702
v -0.019840 -0.126254 -0.051194
v -0.054915 -0.077746 0.028292
v -0.024077 -0.126084 -0.049337
v -0.054906 -0.066658 0.034946
v -0.026953 -0.125898 -0.047825
v -0.029606 -0.125665 -0.046234
v -0.054891 -0.056196 0.040396
v -0.032232 -0.125484 -0.044471
v -0.054897 -0.045864 0.045172
v -0.035460 -0.125070 -0.041965
v -0.054928 -0.035333 0.049302
v -0.038363 -0.124619 -0.039338
v -0.054952 -0.028150 0.051770
v -0.040301 -0.123975 -0.037311
v -0.054969 -0.021597 0.053816
v -0.041865 -0.123744 -0.035573
v -0.054984 -0.015173 0.055574
v -0.055006 0.000946 0.059023
v -0.045995 -0.122594 -0.030060
v -0.047742 -0.121810 -0.027176
v -0.054446 0.007860 0.060255
v -0.048984 -0.120859 -0.024798
v -0.050179 -0.120238 -0.022327
v -0.051725 0.018754 0.061748
v -0.051375 -0.119330 -0.019439
v -0.052387 -0.118255 -0.016532
v -0.053091 -0.117203 -0.014060
v -0.053783 -0.116029 -0.011178
v -0.044976 0.031680 0.063014
v -0.054378 -0.114469 -0.007777
v -0.040120 0.037649 0.063454
v -0.037100 0.040613 0.063564
v -0.034685 0.042691 0.063674
v -0.054833 -0.112069 -0.003144
v -0.031727 0.044943 0.063765
v 0.050685 0.021386 0.000500
v 0.049375 0.024200 0.062936
v -0.009608 0.054173 0.000500
v 0.050718 0.021295 0.062038
v -0.054991 -0.001304 0.013228
v -0.004924 0.054793 0.000500
v -0.055002 0.001107 0.000500
v 0.052176 0.017454 0.061634
v 0.052093 0.017681 0.000500
v -0.054803 0.004722 0.000500
v 0.000297 0.055024 0.000500
v 0.053034 0.014592 0.000500
v 0.053220 0.013838 0.061701
v -0.054373 0.008373 0.000500
v 0.054005 0.010546 0.000500
v 0.053833 0.011195 0.061355
v -0.053623 0.012269 0.000500
v 0.054442 0.007888 0.060259
v 0.004160 0.054831 0.064484
v -0.052755 0.015584 0.000500
v 0.054692 0.005897 0.000500
v 0.004937 0.054786 0.000500
v 0.054838 0.004097 0.060218
v -0.051675 0.018861 0.000500
v 0.006642 0.054590 0.064432
v 0.054973 0.002087 0.000500
v 0.009607 0.054182 0.000500
v 0.054995 0.001260 0.059138
v 0.010008 0.054088 0.063915
v -0.050385 0.022072 0.000500
v 0.054991 0.000997 0.005498
v 0.054983 -0.001637 0.013029
v 0.013448 0.053344 0.063897
v 0.055000 0.000000 0.002505
v 0.054992 -0.000997 0.005498
v -0.048904 0.025187 0.000500
v 0.014173 0.053152 0.000500
v 0.016478 0.052464 0.064450
v -0.046965 0.028651 0.000500
v 0.018171 0.051930 0.000500
v 0.020230 0.051156 0.063921
v -0.044636 0.032155 0.000500
v 0.021805 0.050500 0.000500
v 0.024638 0.049196 0.063864
v -0.042523 0.034892 0.000500
v 0.024934 0.049036 0.000500
v -0.040096 0.037668 0.000500
v 0.028224 0.047217 0.000500
v 0.028211 0.047204 0.064311
v -0.037316 0.040416 0.000500
v 0.031168 0.045330 0.063768
v 0.031129 0.045353 0.000500
v -0.033947 0.043302 0.000500
v 0.034270 0.043037 0.000500
v 0.033636 0.043498 0.064271
v 0.035847 0.041701 0.064175
v -0.030098 0.046047 0.000500
v 0.037631 0.040132 0.000500
v 0.039400 0.038409 0.063430
v -0.026031 0.048475 0.000500
v 0.040423 0.037310 0.000500
v 0.043024 0.034292 0.063266
v 0.043210 0.034058 0.000500
v -0.022071 0.050386 0.000500
v -0.018880 0.051667 0.000500
v 0.045812 0.030457 0.062912
v 0.046353 0.029650 0.000500
v -0.014718 0.053017 0.000500
v 0.047980 0.026910 0.062629
v 0.048905 0.025197 0.000500
v -0.000644 -0.055828 0.004960
v -0.001896 -0.056287 0.005847
v -0.010115 -0.056184 0.007305
v -0.012183 -0.056082 0.007699
v -0.003416 -0.055754 0.005084
v -0.011835 -0.055564 0.007043
v -0.021921 -0.055243 0.009544
v -0.022254 -0.056064 0.009868
v -0.016704 -0.054811 0.007788
v -0.012877 -0.054891 0.006450
v -0.025851 -0.055330 0.010407
v -0.026583 -0.056584 0.010645
v -0.016531 -0.055530 0.008347
v -0.011497 -0.054974 0.006037
v -0.008687 -0.055547 0.006052
v 0.000393 -0.055516 0.004241
v -0.005481 -0.055786 0.005579
v -0.003556 -0.056295 0.006061
v -0.019339 -0.055036 0.008790
v -0.021948 -0.054384 0.009163
v -0.015505 -0.054958 0.007514
v -0.019088 -0.054058 0.007955
v -0.009341 -0.055896 0.006768
v -0.007278 -0.055663 0.005830
v -0.014401 -0.054766 0.006890
v -0.002434 -0.055425 0.004126
v -0.025289 -0.054468 0.010101
v -0.020229 -0.054188 0.008484
v -0.001664 -0.055173 0.003125
v -0.028483 -0.053838 0.010724
v -0.029561 -0.054392 0.011010
v -0.004976 -0.055361 0.004475
v -0.007129 -0.055065 0.004365
v -0.026952 -0.053245 0.010189
v -0.017091 -0.053802 0.006723
v -0.000881 -0.055062 0.002398
v -0.015101 -0.053715 0.005359
v -0.019595 -0.053352 0.007395
v -0.021338 -0.053154 0.008045
v -0.022411 -0.053356 0.008684
v -0.024655 -0.053716 0.009673
v -0.005239 -0.055096 0.003664
v -0.009701 -0.054619 0.004260
v -0.009431 -0.054935 0.005043
v -0.028338 -0.052084 0.010231
v -0.003860 -0.055099 0.003151
v -0.012354 -0.054290 0.004955
v -0.031883 -0.051382 0.011187
v -0.008424 -0.054559 0.003047
v -0.016551 -0.053693 0.006232
v -0.003936 -0.054916 0.001886
v -0.013393 -0.053813 0.004214
v -0.023430 -0.052124 0.008075
v -0.018041 -0.052849 0.005550
v -0.024434 -0.052851 0.009146
v -0.025096 -0.051818 0.008686
v -0.006197 -0.054713 0.001970
v -0.008901 -0.054343 0.001897
v -0.022673 -0.051951 0.007405
v -0.028593 -0.051486 0.010087
v -0.026759 -0.051768 0.009460
v -0.019919 -0.052674 0.006641
v -0.029788 -0.051959 0.010686
v -0.011232 -0.053915 0.002117
v -0.016496 -0.053103 0.004850
v -0.025556 -0.050945 0.008119
v -0.017321 -0.052515 0.003671
v -0.001925 -0.054974 0.000500
v -0.005655 -0.054722 0.000500
v -0.028388 -0.050805 0.009651
v -0.031216 -0.049683 0.010423
v -0.033206 -0.049760 0.011238
v -0.011648 -0.054020 0.003386
v -0.027921 -0.050122 0.008885
v -0.019238 -0.052039 0.004537
v -0.030491 -0.049397 0.009896
v -0.013515 -0.053381 0.002024
v -0.012206 -0.053632 0.000500
v -0.033604 -0.049149 0.011194
v -0.021641 -0.051417 0.005537
v -0.029510 -0.049514 0.009405
v -0.020742 -0.051533 0.004820
v -0.014826 -0.052974 0.000500
v -0.009454 -0.054191 0.000500
v -0.035536 -0.048791 0.011901
v -0.027706 -0.049603 0.008180
v -0.021034 -0.052039 0.006347
v -0.033908 -0.047670 0.010654
v -0.025310 -0.050553 0.007419
v -0.016605 -0.052475 0.001549
v -0.016634 -0.052549 0.002444
v -0.014912 -0.053204 0.003354
v -0.034486 -0.048246 0.011230
v -0.029755 -0.048712 0.008847
v -0.022811 -0.050518 0.004471
v -0.022684 -0.051393 0.006559
v -0.032563 -0.047592 0.009807
v -0.035305 -0.046680 0.010893
v -0.017631 -0.052103 0.000500
v -0.036852 -0.046463 0.011734
v -0.025117 -0.049379 0.004479
v -0.025186 -0.049653 0.005478
v -0.030056 -0.048021 0.008290
v -0.019187 -0.051602 0.001959
v -0.033988 -0.047050 0.010284
v -0.036729 -0.045476 0.011121
v -0.020013 -0.051236 0.000500
v -0.021551 -0.050663 0.001941
v -0.024512 -0.050465 0.006556
v -0.027057 -0.048367 0.004721
v -0.032453 -0.046845 0.008998
v -0.028099 -0.048817 0.007448
v -0.038985 -0.044167 0.012063
v -0.022877 -0.050027 0.000500
v -0.035049 -0.045815 0.010044
v -0.027100 -0.048684 0.005869
v -0.033450 -0.045516 0.008203
v -0.020933 -0.051095 0.003254
v -0.024197 -0.049427 0.001549
v -0.023967 -0.049669 0.002936
v -0.026298 -0.049539 0.006716
v -0.033819 -0.045748 0.008924
v -0.028390 -0.047329 0.003511
v -0.035114 -0.045136 0.009463
v -0.030359 -0.046382 0.005092
v -0.035149 -0.044246 0.008361
v -0.036236 -0.044126 0.009509
v -0.026643 -0.048136 0.000500
v -0.026000 -0.048618 0.002917
v -0.040196 -0.042823 0.012289
v -0.000866 -0.063879 0.009354
v 0.003171 -0.063389 0.009390
v -0.027046 -0.047943 0.001841
v -0.028516 -0.048091 0.006595
v -0.039519 -0.042270 0.011269
v -0.000013 -0.063082 0.009402
v -0.001363 -0.062643 0.009402
v -0.037786 -0.042673 0.009684
v -0.030471 -0.045987 0.003452
v -0.040982 -0.041413 0.012124
v 0.001313 -0.061591 0.009282
v -0.032951 -0.044774 0.005782
v -0.033081 -0.045378 0.007455
v -0.004851 -0.062343 0.009414
v -0.003404 -0.061575 0.009315
v -0.001287 -0.061182 0.009205
v -0.036251 -0.043228 0.008310
v -0.038034 -0.043062 0.010392
v -0.032543 -0.044545 0.003440
v -0.029855 -0.046241 0.001926
v -0.033377 -0.044082 0.004350
v -0.029610 -0.046353 0.000500
v -0.042836 -0.039128 0.012556
v -0.005163 -0.060419 0.009138
v -0.037748 -0.041801 0.008363
v -0.039563 -0.040632 0.009557
v -0.031899 -0.044815 0.000500
v -0.042206 -0.038800 0.011375
v -0.032608 -0.044338 0.001783
v -0.031389 -0.046192 0.006654
v -0.035893 -0.042169 0.004908
v -0.035268 -0.042569 0.004322
v -0.040473 -0.040724 0.010949
v -0.041817 -0.038469 0.010351
v -0.043926 -0.037303 0.012516
v -0.037286 -0.044366 0.010784
v -0.041678 -0.037635 0.008730
v -0.034519 -0.042815 0.000502
v -0.037520 -0.040635 0.004664
v -0.045410 -0.035127 0.012904
v -0.035295 -0.042292 0.002568
v -0.044144 -0.036014 0.011472
v -0.038836 -0.039169 0.003529
v -0.036752 -0.040929 0.000500
v -0.039299 -0.039011 0.005227
v -0.043658 -0.035614 0.009847
v -0.037350 -0.040447 0.002276
v -0.047189 -0.032293 0.013564
v -0.045996 -0.033113 0.011717
v -0.045330 -0.033234 0.010119
v -0.038816 -0.038970 0.000500
v -0.033939 -0.044333 0.006629
v -0.039312 -0.038570 0.002602
v -0.040934 -0.036862 0.002967
v -0.041927 -0.036099 0.005199
v -0.048219 -0.029975 0.013405
v -0.046639 -0.031093 0.010218
v -0.042617 -0.034899 0.002919
v -0.047460 -0.030278 0.011501
v -0.051803 -0.019938 0.011618
v -0.053142 -0.015608 0.012954
v -0.053854 -0.012606 0.014058
v -0.035974 -0.042983 0.007378
v -0.052821 -0.015853 0.008653
v -0.054157 -0.010578 0.013384
v -0.053540 -0.013067 0.009127
v -0.052760 -0.015635 0.003915
v -0.053453 -0.013105 0.005898
v -0.052662 -0.015909 0.000500
v -0.053464 -0.012926 0.000500
v -0.054978 -0.001638 0.000500
v -0.054944 -0.002620 0.006158
v -0.054852 -0.004144 0.000500
v -0.008402 -0.062367 0.009482
v -0.011494 -0.062591 0.009543
v -0.011936 -0.061198 0.009577
v -0.007739 -0.061560 0.009435
v -0.014114 -0.061102 0.009672
v -0.008310 -0.060762 0.009367
v -0.005140 -0.061206 0.009311
v -0.017040 -0.060727 0.009813
v -0.010560 -0.060046 0.009381
v -0.013794 -0.059704 0.009547
v -0.003692 -0.059902 0.008898
v -0.017383 -0.059489 0.009798
v -0.002132 -0.059300 0.008547
v -0.009770 -0.059315 0.009144
v -0.005099 -0.058828 0.008531
v -0.009214 -0.058520 0.008815
v -0.007268 -0.059049 0.008840
v -0.035896 -0.042652 0.006463
v -0.003379 -0.058354 0.008087
v -0.000788 -0.058745 0.008188
v -0.020637 -0.058890 0.010049
v -0.000893 -0.057840 0.007529
v -0.012623 -0.059058 0.009326
v -0.006393 -0.058035 0.008219
v -0.037977 -0.041074 0.007376
v -0.011334 -0.057988 0.008823
v -0.013949 -0.057866 0.009101
v -0.005758 -0.057404 0.007664
v -0.009957 -0.057563 0.008405
v -0.015755 -0.058457 0.009495
v -0.019682 -0.057848 0.009845
v -0.013761 -0.057258 0.008814
v -0.023465 -0.057516 0.010274
v -0.016539 -0.057392 0.009296
v -0.003462 -0.057401 0.007344
v -0.000842 -0.057089 0.006804
v -0.037907 -0.040774 0.006443
v -0.016493 -0.056561 0.008952
v -0.023131 -0.056646 0.010130
v -0.009304 -0.056654 0.007600
v -0.009564 -0.057125 0.008047
v -0.003307 -0.056782 0.006661
v -0.005647 -0.056766 0.007023
v -0.000708 -0.055005 0.001694
v -0.012535 -0.056718 0.008284
v -0.019039 -0.056206 0.009301
v -0.019710 -0.056907 0.009648
v -0.039705 -0.039692 0.008269
v -0.014778 -0.055862 0.008146
v -0.039927 -0.038866 0.006956
v -0.006665 -0.056160 0.006465
v -0.041917 -0.036948 0.007897
v -0.041309 -0.037130 0.006403
v -0.043580 -0.034849 0.008008
v -0.042756 -0.035512 0.006828
v -0.040844 -0.036849 0.000500
v -0.045098 -0.032678 0.008018
v -0.043766 -0.033665 0.004641
v -0.044092 -0.033635 0.006458
v -0.042913 -0.034411 0.000500
v -0.046258 -0.030869 0.008056
v -0.048454 -0.028465 0.011874
v -0.045689 -0.031199 0.005976
v -0.048142 -0.028068 0.009556
v -0.049277 -0.026843 0.012226
v -0.044555 -0.032422 0.003443
v -0.047181 -0.029180 0.007633
v -0.050447 -0.024404 0.013067
v -0.044828 -0.031885 0.000500
v -0.048448 -0.027048 0.008253
v -0.047327 -0.028500 0.005736
v -0.044953 -0.031779 0.002470
v -0.049873 -0.025162 0.011611
v -0.049169 -0.025505 0.007964
v -0.048941 -0.025474 0.005454
v -0.046831 -0.028857 0.000500
v -0.046610 -0.029316 0.002997
v -0.051075 -0.022405 0.012418
v -0.050527 -0.022979 0.010044
v -0.050290 -0.022838 0.006995
v -0.048037 -0.026903 0.003103
v -0.050033 -0.022950 0.003477
v -0.051631 -0.019542 0.007778
v -0.048522 -0.025915 0.000500
v -0.052670 -0.018728 0.016033
v -0.049151 -0.024780 0.003024
v -0.052116 -0.017981 0.007049
v -0.050188 -0.022529 0.000500
v -0.050763 -0.021236 0.002731
v -0.051474 -0.019376 0.000501
v -0.054382 -0.008693 0.011598
v -0.054629 -0.006749 0.012023
v -0.054780 -0.005223 0.012389
v -0.053922 -0.011029 0.007071
v -0.054929 -0.003444 0.015705
v -0.054055 -0.010192 0.000500
v -0.054316 -0.008772 0.006721
v -0.054861 -0.004050 0.009436
v -0.054459 -0.007765 0.004179
v -0.054638 -0.006457 0.007376
v -0.054596 -0.006699 0.000500
v -0.054836 -0.004297 0.004375
v -0.004361 -0.063471 0.009391
v 0.000317 -0.059875 0.008769
v 0.000589 -0.058993 0.008329
v -0.000613 -0.056458 0.006015
v -0.053407 -0.025328 0.036920
v -0.053491 -0.028873 0.039713
v -0.053038 -0.067945 0.027073
v -0.052234 -0.066552 0.025779
v -0.041019 -0.078283 0.008528
v -0.042269 -0.078205 0.009197
v -0.051758 -0.082467 0.015958
v -0.050863 -0.080399 0.015710
v -0.051613 -0.071583 0.021797
v -0.000493 -0.065262 0.009120
v -0.050432 -0.032022 0.024411
v -0.051173 -0.072169 0.020690
v -0.050122 -0.070065 0.020025
v -0.049828 -0.082277 0.013081
v -0.044447 -0.075021 0.012180
v -0.043120 -0.076973 0.010367
v -0.053823 -0.025431 0.040786
v -0.051382 -0.077301 0.018338
v -0.046077 -0.036393 0.015387
v -0.048714 -0.082604 0.011516
v -0.039348 -0.079455 0.007070
v -0.052058 -0.070529 0.023252
v -0.041266 -0.075278 0.010290
v -0.045483 -0.073189 0.013769
v -0.047019 -0.077053 0.013100
v -0.052973 -0.026482 0.034193
v -0.049920 -0.030367 0.020073
v -0.048785 -0.033068 0.019076
v -0.033336 -0.080938 0.004074
v -0.036996 -0.080649 0.005374
v -0.032767 -0.078849 0.005431
v -0.054670 -0.021403 0.049075
v -0.049681 -0.078715 0.015025
v -0.036170 -0.079052 0.006207
v -0.048875 -0.030605 0.016310
v -0.047602 -0.033502 0.015996
v -0.054266 -0.024135 0.044744
v -0.037337 -0.076677 0.008022
v -0.054454 -0.035136 0.046411
v -0.031890 -0.082492 0.002417
v -0.030309 -0.079506 0.004431
v -0.028393 -0.079981 0.003667
v -0.051594 -0.026850 0.024186
v -0.029644 -0.083526 0.000849
v -0.026007 -0.082002 0.001391
v -0.042817 -0.073909 0.011735
v -0.038984 -0.077062 0.008398
v -0.052273 -0.025639 0.027410
v -0.052147 -0.028641 0.030224
v -0.050731 -0.029213 0.022445
v -0.026546 -0.080859 0.002560
v -0.034396 -0.077037 0.006965
v -0.048450 -0.078482 0.013736
v -0.038682 -0.074445 0.009634
v -0.022006 -0.081525 0.000930
v -0.047612 -0.079738 0.012147
v -0.027288 -0.083790 -0.000120
v -0.041732 -0.073013 0.011567
v -0.046951 -0.072915 0.015087
v -0.051271 -0.024942 0.018529
v -0.053556 -0.038907 0.041109
v -0.045655 -0.070827 0.014885
v -0.044186 -0.072282 0.013254
v -0.047119 -0.069515 0.016679
v -0.048558 -0.071440 0.017361
v -0.040200 -0.073051 0.010852
v -0.052201 -0.024069 0.023989
v -0.053450 -0.034709 0.040707
v -0.036925 -0.074404 0.009077
v -0.049807 -0.028279 0.016548
v -0.050485 -0.065911 0.022543
v -0.052805 -0.035606 0.037561
v -0.049258 -0.068581 0.019481
v -0.048174 -0.067978 0.018387
v -0.045833 -0.068862 0.015798
v -0.054508 -0.031470 0.047383
v -0.052709 -0.024495 0.029507
v -0.042784 -0.071271 0.012820
v -0.034014 -0.075043 0.007965
v -0.043426 -0.069464 0.013860
v -0.052831 -0.022621 0.027508
v -0.054453 -0.062701 0.035088
v -0.040479 -0.071371 0.011654
v -0.052544 -0.021839 0.022513
v -0.030480 -0.075792 0.006844
v -0.053940 -0.032151 0.043464
v -0.038387 -0.072502 0.010392
v -0.044757 -0.067585 0.015409
v -0.054697 -0.026249 0.049609
v -0.054025 -0.020946 0.039791
v -0.028444 -0.076845 0.005870
v -0.054232 -0.028261 0.045324
v -0.021862 -0.080255 0.002167
v -0.016291 -0.080043 0.001406
v -0.049413 -0.063706 0.021802
v -0.034611 -0.073405 0.008901
v -0.053130 -0.062739 0.030334
v -0.052254 -0.056411 0.031199
v -0.050636 -0.026166 0.017037
v -0.041154 -0.069018 0.012802
v -0.023962 -0.078229 0.004210
v -0.054956 -0.008199 0.053240
v -0.021486 -0.078832 0.003352
v -0.050533 -0.061824 0.024542
v -0.051853 -0.023067 0.018916
v -0.031304 -0.073478 0.008164
v -0.046336 -0.066003 0.017244
v -0.053496 -0.059201 0.033501
v -0.052639 -0.030033 0.034570
v -0.051723 -0.032610 0.031123
v -0.036348 -0.071353 0.010203
v -0.054200 -0.017734 0.038652
v -0.054867 -0.011156 0.049142
v -0.017885 -0.078509 0.003100
v -0.027288 -0.072648 0.007896
v -0.043128 -0.067117 0.014474
v -0.041759 -0.067196 0.013670
v -0.026220 -0.073922 0.007164
v -0.051296 -0.059864 0.027066
v -0.054807 -0.009467 0.043258
v -0.024946 -0.075654 0.006062
v -0.053027 -0.018474 0.019514
v -0.049469 -0.060984 0.023030
v -0.024774 -0.077109 0.005117
v -0.035899 -0.067949 0.011195
v -0.018775 -0.075555 0.005413
v -0.034365 -0.070039 0.010156
v -0.019598 -0.077081 0.004459
v -0.038884 -0.067390 0.012333
v -0.038490 -0.069878 0.011412
v -0.029710 -0.071445 0.008743
v -0.046751 -0.063576 0.018470
v -0.048087 -0.063448 0.020056
v -0.053946 -0.015860 0.028987
v -0.037362 -0.066927 0.011903
v -0.032611 -0.070598 0.009584
v -0.054082 -0.012480 0.018674
v -0.046164 -0.060710 0.018761
v -0.044191 -0.063298 0.016281
v -0.040138 -0.066704 0.013033
v -0.041899 -0.064080 0.014577
v -0.022331 -0.073864 0.006763
v -0.018652 -0.074286 0.006190
v -0.045126 -0.062655 0.017215
v -0.028775 -0.069933 0.009152
v -0.043259 -0.064039 0.015419
v -0.024461 -0.070601 0.008395
v -0.020842 -0.071833 0.007596
v -0.049936 -0.057522 0.025296
v -0.052816 -0.054163 0.033873
v -0.010799 -0.075959 0.004472
v -0.014941 -0.076800 0.004178
v -0.010865 -0.077057 0.003590
v -0.039869 -0.063532 0.013654
v -0.046825 -0.060011 0.019709
v -0.030815 -0.068023 0.010054
v -0.033671 -0.067444 0.010767
v 0.000117 -0.079565 0.000532
v -0.048838 -0.057059 0.023527
v -0.047730 -0.057912 0.021548
v -0.054806 -0.006339 0.026199
v -0.016372 -0.072077 0.007190
v -0.054923 -0.004247 0.030844
v -0.047486 -0.054901 0.022088
v -0.037538 -0.064112 0.012600
v -0.013659 -0.074104 0.005925
v -0.011175 -0.074755 0.005357
v -0.024393 -0.069358 0.008829
v -0.045655 -0.057590 0.019081
v -0.046746 -0.057109 0.020472
v -0.016980 -0.070192 0.008029
v -0.043721 -0.060179 0.016667
v -0.044320 -0.058415 0.017561
v -0.045114 -0.086547 0.005163
v -0.042310 -0.088261 0.001688
v -0.043582 -0.088532 0.002338
v -0.047195 -0.084464 0.008629
v -0.045764 -0.084204 0.007518
v -0.047917 -0.086741 0.007696
v -0.043942 -0.085590 0.005035
v -0.040765 -0.088513 0.000463
v -0.038901 -0.087377 0.000512
v -0.013561 -0.072983 0.006559
v -0.044567 -0.083279 0.007263
v -0.038562 -0.062019 0.013357
v -0.052609 -0.077679 0.020513
v -0.053379 -0.079292 0.021453
v -0.039509 -0.060137 0.014055
v -0.045717 -0.082249 0.008867
v -0.046985 -0.082302 0.009923
v -0.054221 -0.075825 0.026275
v -0.054606 -0.076003 0.027802
v -0.024733 -0.067436 0.009420
v -0.043203 -0.083048 0.006504
v -0.031768 -0.065755 0.010770
v -0.033957 -0.065133 0.011351
v -0.037472 -0.060424 0.013135
v -0.028612 -0.067945 0.009730
v -0.029174 -0.065298 0.010406
v -0.035565 -0.063540 0.012067
v -0.041166 -0.061085 0.014777
v -0.042535 -0.061347 0.015576
v -0.041652 -0.058017 0.015560
v -0.054070 -0.071033 0.028600
v -0.003808 -0.075145 0.004767
v -0.017334 -0.068407 0.008645
v -0.020056 -0.067183 0.009126
v -0.053810 -0.075361 0.025106
v -0.052959 -0.075248 0.022742
v -0.033336 -0.062319 0.011651
v -0.053475 -0.073587 0.025113
v -0.013191 -0.068909 0.008334
v -0.024113 -0.065486 0.009784
v -0.026133 -0.064447 0.010169
v -0.052209 -0.075114 0.021108
v -0.035455 -0.060398 0.012434
v -0.046289 -0.054726 0.020496
v -0.045316 -0.080373 0.009785
v -0.046811 -0.080218 0.011110
v -0.043844 -0.055411 0.017680
v -0.008344 -0.072771 0.006444
v -0.053412 -0.017889 0.023980
v -0.050256 -0.075692 0.017455
v -0.002200 -0.071598 0.006927
v -0.042429 -0.056733 0.016302
v -0.040452 -0.058606 0.014749
v -0.029672 -0.063505 0.010778
v -0.042045 -0.080599 0.007564
v -0.018917 -0.065302 0.009461
v -0.048851 -0.053730 0.024641
v -0.036440 -0.059080 0.012870
v -0.010371 -0.069915 0.007870
v -0.025612 -0.062730 0.010329
v -0.045037 -0.078397 0.010784
v -0.012667 -0.067275 0.008806
v -0.043613 -0.080092 0.008809
v -0.030272 -0.061818 0.011076
v -0.045891 -0.077139 0.012132
v -0.038276 -0.057512 0.013728
v -0.033903 -0.058558 0.012103
v -0.031869 -0.059147 0.011584
v -0.044801 -0.054311 0.018822
v -0.050868 -0.074311 0.019085
v -0.035960 -0.057076 0.012795
v -0.012488 -0.065466 0.009210
v -0.042205 -0.053911 0.016429
v -0.054959 -0.004532 0.045121
v -0.036028 -0.083403 0.002903
v -0.038290 -0.083156 0.003938
v -0.043266 -0.053860 0.017349
v -0.003294 -0.069741 0.007787
v -0.039554 -0.056157 0.014474
v -0.048213 -0.050352 0.024280
v -0.048936 -0.051981 0.025291
v -0.054480 -0.068565 0.031761
v -0.037862 -0.054847 0.013635
v -0.044807 -0.051545 0.019171
v -0.045953 -0.052075 0.020531
v -0.017951 -0.062631 0.009773
v -0.047148 -0.052307 0.022181
v -0.021545 -0.063636 0.009865
v -0.021024 -0.061551 0.010029
v -0.047939 -0.091951 0.003333
v -0.047923 -0.094337 0.000948
v -0.049205 -0.094801 0.002220
v -0.046762 -0.092350 0.001623
v -0.045819 -0.092969 -0.000011
v -0.047910 -0.089996 0.005069
v -0.033853 -0.055651 0.012124
v -0.005638 -0.068244 0.008373
v -0.046459 -0.089982 0.003521
v -0.036735 -0.054777 0.013121
v -0.045530 -0.091013 0.001683
v -0.044124 -0.091890 -0.000469
v -0.045449 -0.050348 0.020012
v -0.053705 -0.068200 0.028992
v -0.031081 -0.084962 -0.000167
v -0.033921 -0.084060 0.001625
v -0.046417 -0.088072 0.005098
v -0.048563 -0.048285 0.025180
v -0.043983 -0.051471 0.018246
v -0.008513 -0.066119 0.009007
v -0.047408 -0.049474 0.022981
v -0.031879 -0.056167 0.011604
v -0.013250 -0.063590 0.009498
v -0.034955 -0.054647 0.012444
v -0.044595 -0.088841 0.002861
v -0.006297 -0.064642 0.009259
v -0.024764 -0.059569 0.010443
v -0.028684 -0.059627 0.010970
v -0.029976 -0.057713 0.011233
v -0.036389 -0.052765 0.012897
v -0.038073 -0.051974 0.013671
v -0.052359 -0.041175 0.035950
v -0.045928 -0.046844 0.020547
v -0.046254 -0.049551 0.021166
v -0.047352 -0.046730 0.022922
v -0.047957 -0.043946 0.023733
v -0.048468 -0.046187 0.025073
v -0.042853 -0.085185 0.004626
v -0.037922 -0.049943 0.013339
v -0.046130 -0.045537 0.020659
v -0.033814 -0.051875 0.011842
v -0.032358 -0.053447 0.011578
v -0.049207 -0.042495 0.026346
v -0.050295 -0.042921 0.029328
v -0.049325 -0.044560 0.026908
v -0.044443 -0.046793 0.018456
v -0.043183 -0.047476 0.017100
v -0.053950 -0.064295 0.032171
v -0.036038 -0.051507 0.012626
v -0.035218 -0.050176 0.012069
v -0.039634 -0.048939 0.014246
v -0.040302 -0.047190 0.014326
v -0.046342 -0.044359 0.020721
v -0.044459 -0.044949 0.017989
v -0.051025 -0.068026 0.022483
v -0.046937 -0.043225 0.021477
v -0.043208 -0.045451 0.016580
v -0.037016 -0.048806 0.012609
v -0.036957 -0.047479 0.012192
v -0.049770 -0.039800 0.027154
v -0.050538 -0.041272 0.029857
v -0.047497 -0.041915 0.022152
v -0.038619 -0.048412 0.013455
v -0.044117 -0.043215 0.016843
v -0.042241 -0.045008 0.015347
v -0.041512 -0.086121 0.003036
v -0.038741 -0.046228 0.012829
v -0.039544 -0.047006 0.013686
v -0.049210 -0.037980 0.024651
v -0.046084 -0.042172 0.019470
v -0.043230 -0.043671 0.015904
v -0.052652 -0.065289 0.027515
v -0.041139 -0.044871 0.014187
v -0.044977 -0.041155 0.017024
v -0.046326 -0.039893 0.018694
v -0.045117 -0.043493 0.018440
v -0.042378 -0.042540 0.014310
v -0.043517 -0.041918 0.015327
v -0.050478 -0.036323 0.027952
v -0.049629 -0.035723 0.024542
v -0.021690 -0.082807 -0.000580
v -0.048667 -0.040488 0.024358
v -0.048459 -0.036525 0.021397
v -0.042986 -0.040363 0.013652
v -0.040903 -0.084382 0.004148
v -0.047036 -0.038682 0.019384
v -0.045135 -0.039314 0.016055
v -0.043924 -0.039674 0.014433
v -0.046563 -0.036774 0.016778
v -0.045949 -0.035564 0.014342
v -0.052595 -0.026058 0.030642
v -0.054724 -0.018337 0.049337
v -0.054539 -0.017381 0.044976
v -0.038625 -0.085660 0.001963
v -0.053667 -0.020284 0.033924
v -0.054624 -0.012030 0.040007
v -0.054564 -0.011084 0.034299
v -0.054330 -0.012212 0.027840
v -0.054732 -0.006936 0.019593
v -0.049244 -0.074411 0.016770
v -0.051459 -0.065056 0.024814
v -0.049517 -0.071690 0.018431
v -0.054682 -0.107240 0.002887
v -0.054637 -0.108560 0.000567
v -0.054655 -0.104882 0.005625
v -0.054297 -0.105021 0.003462
v -0.052455 -0.100972 0.001703
v -0.051564 -0.101098 -0.000729
v -0.051244 -0.099324 0.000779
v -0.051483 -0.097582 0.003260
v -0.036531 -0.085428 0.001278
v -0.034782 -0.086634 -0.000587
v -0.050321 -0.096569 0.002136
v -0.050602 -0.094942 0.004299
v -0.050789 -0.093899 0.005614
v -0.041028 -0.082197 0.005910
v -0.049758 -0.093497 0.004330
v -0.049554 -0.089907 0.007233
v -0.039189 -0.081249 0.005780
v -0.050344 -0.089829 0.008474
v -0.048804 -0.092034 0.004348
v -0.048813 -0.090238 0.005939
v -0.054025 -0.105273 0.001738
v -0.054652 -0.102574 0.008087
v -0.010419 -0.071507 0.007170
v -0.054632 -0.082883 0.023500
v -0.053510 -0.105190 -0.000369
v -0.048273 -0.074521 0.015604
v -0.054062 -0.102742 0.005055
v -0.049049 -0.086225 0.009428
v -0.052900 -0.103441 -0.000141
v -0.053503 -0.102317 0.003343
v -0.054280 -0.100420 0.008363
v -0.048113 -0.083481 0.010264
v -0.011493 -0.079461 0.001359
v -0.011489 -0.078131 0.002699
v -0.010151 -0.080409 0.000114
v -0.053690 -0.099595 0.006946
v -0.054051 -0.052336 0.038908
v -0.053028 -0.099981 0.004454
v -0.054363 -0.095850 0.012815
v -0.007151 -0.077910 0.002574
v -0.054625 -0.096034 0.013740
v -0.051234 -0.055162 0.029108
v -0.053806 -0.057562 0.035453
v -0.053928 -0.096890 0.010282
v -0.052541 -0.049971 0.034739
v -0.052101 -0.098108 0.004061
v -0.052850 -0.096973 0.007036
v -0.005828 -0.076468 0.003801
v -0.002201 -0.077359 0.002897
v -0.054020 -0.094089 0.013002
v -0.053240 -0.095898 0.009071
v -0.052376 -0.096644 0.006183
v -0.053825 -0.048476 0.039693
v -0.053601 -0.093226 0.012388
v -0.005218 -0.073955 0.005623
v -0.051369 -0.051350 0.030909
v -0.006505 -0.079188 0.001204
v -0.003469 -0.078361 0.001950
v 0.000037 -0.075923 0.004132
v -0.005710 -0.080182 -0.000029
v -0.054552 -0.089497 0.018502
v 0.000018 -0.078622 0.001608
v 0.001747 -0.074725 0.005038
v -0.050334 -0.054854 0.027174
v 0.002317 -0.073273 0.005991
v -0.051432 -0.094239 0.006470
v -0.054161 -0.088643 0.017652
v -0.052131 -0.091867 0.009939
v -0.052959 -0.091068 0.012441
v -0.050222 -0.049712 0.028547
v -0.049354 -0.049238 0.026715
v -0.051797 -0.092926 0.008348
v -0.050205 -0.052886 0.027593
v -0.052378 -0.090309 0.011723
v -0.040970 -0.055355 0.015407
v -0.052273 -0.046336 0.034930
v -0.051971 -0.043810 0.034425
v 0.001158 -0.069544 0.007851
v -0.051184 -0.049108 0.031087
v -0.025879 -0.061714 0.010456
v -0.053618 -0.087579 0.016717
v -0.051205 -0.047139 0.031613
v -0.053281 -0.044107 0.039043
v -0.052806 -0.086896 0.015152
v -0.041787 -0.050563 0.016124
v -0.042906 -0.052445 0.017121
v -0.054371 -0.037584 0.045422
v -0.054280 -0.042437 0.043633
v -0.044659 -0.048791 0.018989
v -0.051007 -0.090011 0.009386
v -0.043294 -0.049769 0.017496
v -0.049623 -0.046824 0.027606
v -0.040875 -0.051407 0.015442
v -0.039359 -0.051170 0.014369
v -0.050591 -0.045891 0.030123
v -0.041037 -0.049195 0.015359
v -0.042153 -0.048557 0.016241
v -0.041589 -0.046809 0.015320
v -0.051812 -0.085810 0.013876
v -0.054238 -0.082040 0.022448
v -0.051372 -0.088193 0.011405
v -0.039950 -0.053602 0.014812
v -0.051916 -0.036704 0.033816
v -0.051069 -0.038010 0.030861
v -0.053657 -0.083104 0.019838
v -0.053215 -0.032277 0.038997
v -0.052245 -0.033675 0.034278
v -0.047685 -0.039131 0.021185
v -0.051253 -0.043150 0.032175
v -0.041074 -0.042939 0.013161
v -0.052926 -0.082854 0.018131
v -0.051280 -0.035385 0.030651
v -0.054101 -0.044502 0.042216
v -0.050548 -0.033789 0.026568
v -0.050095 -0.085954 0.011004
v -0.047804 -0.035728 0.018837
v -0.044826 -0.037881 0.014405
v -0.049576 -0.033332 0.022222
v -0.051405 -0.030325 0.027582
v -0.050932 -0.084497 0.013262
v -0.051946 -0.039270 0.034369
v -0.052215 -0.080384 0.018119
v -0.053239 -0.021632 0.030474
v -0.002610 -0.066849 0.008760
v -0.054431 -0.009661 0.017592
v -0.006933 -0.111385 -0.048513
v -0.039063 -0.110652 -0.032078
v -0.015231 -0.104864 -0.040493
v -0.003953 -0.084886 -0.007941
v -0.004124 -0.086969 -0.012603
v -0.009648 -0.109085 -0.046274
v -0.010047 -0.083492 -0.004274
v -0.046931 -0.109711 -0.021409
v -0.045109 -0.110435 -0.024750
v -0.051314 -0.109683 -0.013439
v -0.050322 -0.110014 -0.015847
v -0.012169 -0.082754 -0.002722
v -0.030886 -0.100028 -0.025486
v -0.008985 -0.084595 -0.006415
v -0.029844 -0.101116 -0.028198
v -0.031708 -0.114818 -0.040648
v -0.032106 -0.112669 -0.039065
v -0.006484 -0.084350 -0.006441
v -0.043898 -0.097644 -0.008027
v -0.002185 -0.086369 -0.011530
v -0.013281 -0.081491 -0.000772
v -0.027906 -0.117697 -0.044333
v -0.026204 -0.101454 -0.031132
v -0.037928 -0.112281 -0.034439
v -0.036708 -0.110308 -0.034006
v -0.006770 -0.085814 -0.009431
v -0.043726 -0.110602 -0.026763
v -0.039690 -0.097142 -0.011605
v -0.037615 -0.097651 -0.014563
v -0.042591 -0.097048 -0.008518
v -0.041340 -0.096504 -0.008933
v -0.000290 -0.087211 -0.013517
v -0.011254 -0.124437 -0.053311
v -0.039002 -0.100011 -0.017559
v -0.029768 -0.113854 -0.041196
v -0.004222 -0.111482 -0.048918
v -0.017632 -0.119682 -0.049887
v -0.023541 -0.119237 -0.047210
v -0.023897 -0.117263 -0.046088
v -0.019692 -0.105131 -0.038958
v -0.048623 -0.096672 -0.000714
v -0.020466 -0.120687 -0.049174
v -0.044851 -0.108778 -0.023447
v -0.022448 -0.101696 -0.033531
v -0.033468 -0.114444 -0.039305
v -0.012190 -0.106528 -0.043295
v -0.025219 -0.103003 -0.033850
v -0.053820 -0.110486 -0.006870
v -0.007194 -0.109237 -0.046899
v -0.001347 -0.112949 -0.050030
v -0.001076 -0.114530 -0.050928
v -0.014276 -0.106431 -0.042494
v -0.047183 -0.095390 -0.001160
v -0.046866 -0.096796 -0.003285
v -0.052788 -0.111695 -0.011501
v -0.052321 -0.109415 -0.010696
v -0.016474 -0.106356 -0.041554
v -0.020558 -0.102427 -0.035407
v -0.020246 -0.118458 -0.048313
v -0.045641 -0.096732 -0.004718
v -0.042075 -0.109793 -0.028035
v -0.021425 -0.103942 -0.036855
v -0.014051 -0.123879 -0.052474
v -0.011996 -0.108225 -0.044910
v -0.010119 -0.106905 -0.044260
v -0.048297 -0.097729 -0.002488
v -0.053188 -0.110098 -0.008808
v -0.050084 -0.108241 -0.014485
v -0.026109 -0.099962 -0.028837
v -0.034720 -0.099680 -0.021385
v -0.054340 -0.111415 -0.005458
v -0.040058 -0.109810 -0.030305
v -0.026463 -0.115579 -0.043935
v -0.049004 -0.109784 -0.018095
v -0.048311 -0.108452 -0.017874
v -0.010038 -0.081401 -0.001174
v -0.035735 -0.111982 -0.036104
v -0.013744 -0.121026 -0.051673
v -0.008894 -0.082362 -0.002675
v -0.018074 -0.122364 -0.050719
v -0.015867 -0.120990 -0.051000
v -0.018031 -0.103589 -0.037946
v -0.033695 -0.110882 -0.036802
v -0.034117 -0.113467 -0.038274
v -0.006382 -0.082841 -0.003756
v -0.015884 -0.123185 -0.051724
v -0.001866 -0.111344 -0.048992
v -0.028843 -0.115812 -0.042839
v -0.001806 -0.084710 -0.007764
v -0.040808 -0.111922 -0.031319
v -0.030240 -0.098041 -0.022227
v -0.002834 -0.083784 -0.005809
v -0.004428 -0.109667 -0.047612
v -0.007750 -0.107524 -0.045368
v -0.027086 -0.098894 -0.026324
v 0.000027 -0.084438 -0.007212
v -0.043900 -0.095817 -0.005405
v -0.043606 -0.108553 -0.024853
v -0.022567 -0.100459 -0.031678
v -0.046849 -0.108212 -0.019930
v -0.006375 -0.081530 -0.001764
v -0.002514 -0.082547 -0.003625
v -0.035122 -0.096664 -0.015056
v -0.033291 -0.096405 -0.016204
v -0.011256 -0.105487 -0.042538
v -0.000076 -0.083529 -0.005421
v -0.000736 -0.082840 -0.004189
v -0.021483 -0.115443 -0.046215
v -0.002355 -0.081292 -0.001713
v -0.030094 -0.111958 -0.039751
v -0.054592 -0.110122 -0.002434
v -0.045299 -0.094849 -0.002697
v -0.015559 -0.102596 -0.037699
v -0.020261 -0.116725 -0.047452
v -0.000010 -0.081972 -0.002771
v -0.002950 -0.080336 -0.000379
v -0.006914 -0.124860 -0.054183
v -0.037247 -0.123599 -0.040153
v -0.039050 -0.122124 -0.038138
v -0.033907 -0.123349 -0.042775
v -0.041136 -0.121425 -0.035835
v -0.039647 -0.119721 -0.036812
v -0.036146 -0.122282 -0.040752
v -0.036127 -0.119650 -0.039883
v -0.034672 -0.121628 -0.041705
v -0.040851 -0.117989 -0.034897
v -0.045929 -0.115135 -0.027171
v -0.047062 -0.116585 -0.026284
v -0.044908 -0.114392 -0.028137
v -0.043824 -0.113301 -0.028834
v -0.041316 -0.115024 -0.032887
v -0.046901 -0.113296 -0.024512
v -0.046478 -0.111562 -0.023800
v -0.011005 -0.122212 -0.052756
v -0.051248 -0.112708 -0.016164
v -0.050767 -0.111488 -0.016264
v -0.042864 -0.111764 -0.028839
v -0.049372 -0.111903 -0.019316
v -0.027539 -0.113005 -0.041806
v -0.040165 -0.108152 -0.028534
v -0.053856 -0.109049 -0.005032
v -0.052252 -0.107984 -0.009221
v -0.013445 -0.103294 -0.039320
v -0.037948 -0.108765 -0.031452
v -0.053390 -0.107595 -0.004930
v -0.011188 -0.104217 -0.041148
v -0.052880 -0.108112 -0.007510
v -0.024899 -0.114113 -0.043810
v -0.054104 -0.106911 -0.000242
v -0.050561 -0.106101 -0.010815
v -0.051224 -0.107890 -0.011685
v -0.051634 -0.107151 -0.009786
v -0.037757 -0.106830 -0.029563
v -0.034639 -0.109744 -0.035218
v -0.053894 -0.108088 -0.003441
v -0.052313 -0.106464 -0.006935
v -0.041003 -0.106954 -0.026193
v -0.042079 -0.107958 -0.026104
v -0.004633 -0.107836 -0.046105
v -0.052915 -0.106718 -0.005357
v -0.036089 -0.108357 -0.032774
v -0.033890 -0.108546 -0.034716
v -0.034833 -0.106277 -0.031590
v -0.051520 -0.105761 -0.008079
v -0.050562 -0.104718 -0.008729
v -0.042030 -0.106129 -0.023915
v -0.041576 -0.104530 -0.022214
v -0.033339 -0.106643 -0.033169
v -0.039686 -0.105567 -0.025921
v -0.038243 -0.104356 -0.025770
v -0.032621 -0.104820 -0.031526
v -0.007211 -0.106454 -0.044467
v -0.052265 -0.104445 -0.003735
v -0.041849 -0.094871 -0.006074
v -0.000858 -0.110143 -0.048188
v -0.039641 -0.095280 -0.008597
v -0.008010 -0.105411 -0.043267
v -0.017095 -0.101630 -0.035833
v -0.018043 -0.100724 -0.034191
v -0.002039 -0.108636 -0.046988
v -0.028084 -0.097292 -0.022461
v -0.023425 -0.099229 -0.029221
v -0.048508 -0.107187 -0.016062
v -0.037778 -0.095054 -0.009806
v -0.044120 -0.106815 -0.022132
v -0.043264 -0.093835 -0.003447
v -0.014440 -0.118610 -0.050529
v -0.008751 -0.122577 -0.053325
v -0.031604 -0.110232 -0.037603
v -0.049978 -0.106847 -0.013010
v -0.045529 -0.106970 -0.020373
v -0.016805 -0.116692 -0.048828
v -0.004983 -0.106304 -0.044663
v -0.047064 -0.106426 -0.017412
v -0.019074 -0.099689 -0.032183
v -0.035903 -0.094391 -0.010221
v -0.024900 -0.097049 -0.024311
v -0.025198 -0.112184 -0.042390
v -0.020455 -0.098515 -0.029623
v -0.030225 -0.093936 -0.013800
v -0.039645 -0.093983 -0.006660
v -0.011737 -0.119483 -0.051657
v -0.002259 -0.106798 -0.045388
v -0.007825 -0.103656 -0.041343
v -0.011221 -0.102100 -0.038504
v -0.022454 -0.097614 -0.026936
v -0.048547 -0.105875 -0.014288
v -0.041432 -0.093044 -0.003995
v -0.014662 -0.100621 -0.035343
v -0.028720 -0.110605 -0.039502
v -0.004098 -0.105008 -0.043464
v -0.005646 -0.122596 -0.053797
v -0.003639 -0.124461 -0.054434
v -0.033245 -0.094264 -0.012105
v -0.015642 -0.098989 -0.032513
v -0.036790 -0.092995 -0.007371
v -0.021010 -0.112847 -0.044803
v -0.000181 -0.106729 -0.045388
v -0.039322 -0.092204 -0.004499
v -0.025605 -0.095759 -0.021162
v -0.042010 -0.091645 -0.001930
v -0.009545 -0.119899 -0.052313
v -0.012537 -0.100272 -0.035535
v -0.029242 -0.108928 -0.037848
v -0.031425 -0.108305 -0.036083
v -0.007944 -0.102397 -0.039724
v -0.049637 -0.104755 -0.010716
v -0.005324 -0.103364 -0.041435
v -0.045880 -0.104874 -0.017018
v -0.043309 -0.105394 -0.021283
v -0.047226 -0.104287 -0.014140
v -0.014575 -0.115991 -0.049258
v -0.001587 -0.105120 -0.043765
v -0.017058 -0.097801 -0.029976
v -0.044422 -0.121452 -0.031935
v -0.033195 -0.093090 -0.010054
v -0.042877 -0.121761 -0.033945
v -0.045872 -0.121265 -0.029885
v -0.017918 -0.113990 -0.046887
v -0.026068 -0.109925 -0.040299
v -0.006243 -0.121259 -0.053329
v -0.008078 -0.100877 -0.037591
v -0.042152 -0.090334 -0.000436
v -0.047159 -0.120403 -0.027708
v -0.036879 -0.091406 -0.005081
v -0.018939 -0.096846 -0.027412
v -0.002862 -0.103473 -0.041859
v -0.010499 -0.099976 -0.035672
v -0.048567 -0.104401 -0.012106
v 0.000483 -0.105230 -0.043916
v -0.012372 -0.116904 -0.050380
v -0.052882 -0.104721 -0.002096
v -0.039789 -0.090301 -0.001950
v -0.020297 -0.095815 -0.024729
v -0.031520 -0.107045 -0.034818
v -0.043567 -0.104196 -0.019191
v -0.021597 -0.110774 -0.043067
v -0.000809 -0.125099 -0.054684
v -0.027873 -0.093221 -0.014144
v -0.005259 -0.101563 -0.039086
v -0.043075 -0.119823 -0.033114
v -0.021998 -0.094646 -0.021315
v -0.007586 -0.119460 -0.052519
v -0.045544 -0.118666 -0.029482
v -0.048061 -0.119004 -0.025740
v -0.011558 -0.098383 -0.032890
v -0.047020 -0.118318 -0.027152
v -0.033240 -0.091872 -0.008033
v -0.002584 -0.122724 -0.054085
v -0.031486 -0.123406 -0.044452
v -0.044145 -0.118294 -0.031206
v -0.010085 -0.117500 -0.051234
v -0.013526 -0.097235 -0.030364
v -0.041548 -0.119307 -0.034694
v -0.036773 -0.105429 -0.028772
v -0.001481 -0.102619 -0.040883
v -0.049277 -0.117645 -0.023058
v -0.050627 -0.118194 -0.020642
v -0.029683 -0.123686 -0.045661
v -0.037488 -0.089389 -0.002290
v -0.015528 -0.096135 -0.027663
v -0.029180 -0.091880 -0.010681
v -0.003396 -0.101588 -0.039346
v -0.025328 -0.092534 -0.014563
v -0.037544 -0.121358 -0.039301
v -0.051535 -0.102921 -0.003378
v -0.004050 -0.120864 -0.053445
v -0.027449 -0.124275 -0.047119
v -0.000766 -0.122729 -0.054151
v -0.008041 -0.098422 -0.033797
v -0.034104 -0.090559 -0.005578
v -0.038307 -0.118828 -0.037723
v -0.014042 -0.113388 -0.047976
v -0.012815 -0.114917 -0.049242
v -0.016671 -0.094522 -0.024069
v -0.051527 -0.116881 -0.018064
v -0.035961 -0.089545 -0.003293
v -0.048467 -0.116511 -0.023947
v -0.039393 -0.103594 -0.023356
v -0.033795 -0.120683 -0.042022
v -0.042802 -0.117196 -0.032372
v -0.004522 -0.100086 -0.036987
v -0.017708 -0.111775 -0.045516
v -0.032261 -0.120452 -0.042981
v -0.048505 -0.101418 -0.007444
v -0.024599 -0.107398 -0.038896
v -0.027693 -0.107082 -0.037014
v -0.001714 -0.100833 -0.038380
v -0.018639 -0.093713 -0.021387
v -0.029130 -0.090686 -0.008629
v -0.045306 -0.103108 -0.015099
v -0.050516 -0.102278 -0.004848
v -0.031373 -0.090283 -0.006705
v -0.005295 -0.118168 -0.052353
v -0.029602 -0.121610 -0.045045
v -0.050468 -0.116231 -0.020032
v -0.008054 -0.117054 -0.051453
v -0.044908 -0.116348 -0.029293
v -0.010692 -0.114959 -0.049861
v -0.010487 -0.096062 -0.029240
v -0.036205 -0.103839 -0.027095
v -0.021625 -0.091482 -0.014826
v -0.024083 -0.124643 -0.048942
v -0.041436 -0.102554 -0.019263
v -0.004610 -0.098150 -0.033883
v -0.034696 -0.104345 -0.029210
v -0.052577 -0.115500 -0.014699
v -0.031014 -0.105455 -0.033400
v -0.034065 -0.088480 -0.002941
v -0.012506 -0.095016 -0.026730
v -0.026386 -0.122649 -0.047178
v -0.039677 -0.116684 -0.035491
v -0.043257 -0.102633 -0.017096
v -0.036619 -0.087876 -0.001095
v -0.052258 -0.102725 -0.001117
v -0.031438 -0.089413 -0.005412
v -0.020389 -0.108422 -0.041741
v -0.014398 -0.094037 -0.024131
v -0.034486 -0.118666 -0.040734
v -0.049722 -0.115203 -0.020942
v -0.025080 -0.090314 -0.010385
v -0.036969 -0.117789 -0.038433
v -0.027896 -0.105830 -0.035657
v -0.001323 -0.120687 -0.053544
v -0.007867 -0.096442 -0.030501
v -0.014335 -0.112058 -0.047022
v -0.042091 -0.116224 -0.032710
v -0.031580 -0.088488 -0.004092
v -0.018041 -0.109879 -0.043974
v -0.051708 -0.115504 -0.016905
v -0.049539 -0.101447 -0.005576
v -0.020604 -0.124465 -0.050416
v -0.043070 -0.114993 -0.030877
v -0.016412 -0.092203 -0.019405
v -0.047715 -0.114634 -0.024115
v -0.030810 -0.119314 -0.043430
v -0.053252 -0.114233 -0.011967
v -0.039358 -0.102117 -0.020956
v -0.050941 -0.114409 -0.017996
v -0.032856 -0.103712 -0.029857
v -0.014475 -0.110760 -0.046071
v -0.008689 -0.114882 -0.050271
v -0.026999 -0.088725 -0.006622
v -0.002406 -0.118983 -0.052911
v -0.032175 -0.087069 -0.002085
v -0.007873 -0.094353 -0.026790
v -0.044933 -0.100784 -0.011781
v -0.037920 -0.115325 -0.036403
v -0.048869 -0.114134 -0.021839
v -0.005091 -0.095409 -0.029156
v -0.021442 -0.089946 -0.011823
v -0.028431 -0.119798 -0.045008
v -0.035582 -0.116718 -0.039027
v -0.046488 -0.100214 -0.008708
v -0.010186 -0.093341 -0.024288
v -0.002579 -0.096578 -0.031418
v -0.024167 -0.105969 -0.037735
v -0.012096 -0.092418 -0.021811
v -0.005946 -0.115561 -0.051087
v -0.034694 -0.102823 -0.026945
v -0.032818 -0.117671 -0.041436
v -0.043426 -0.100129 -0.012640
v -0.039513 -0.114972 -0.034706
v -0.052163 -0.113465 -0.014538
v -0.012697 -0.090822 -0.018264
v -0.029755 -0.103634 -0.031975
v -0.011313 -0.112267 -0.048115
v -0.037067 -0.102324 -0.023790
v -0.021106 -0.122940 -0.049732
v -0.023017 -0.121721 -0.048470
v -0.027124 -0.104189 -0.034261
v -0.050154 -0.113114 -0.018755
v -0.025726 -0.120190 -0.046578
v -0.050527 -0.100535 -0.002297
v -0.048009 -0.113031 -0.022550
v -0.027690 -0.086342 -0.002955
v -0.026914 -0.087295 -0.004549
v -0.018455 -0.089479 -0.012500
v -0.021420 -0.088832 -0.009714
v -0.023281 -0.087863 -0.007090
v -0.033785 -0.116066 -0.039995
v -0.000243 -0.118370 -0.052729
v -0.015828 -0.109159 -0.044320
v -0.017279 -0.124771 -0.051719
v -0.028446 -0.085371 -0.001498
v -0.048445 -0.099482 -0.004617
v -0.024383 -0.104751 -0.036348
v -0.046834 -0.099350 -0.006890
v -0.016078 -0.088920 -0.012562
v -0.036417 -0.114290 -0.037070
v -0.053894 -0.113554 -0.009247
v -0.020122 -0.106545 -0.040182
v -0.009188 -0.112128 -0.048565
v -0.041518 -0.113308 -0.031571
v -0.040128 -0.100747 -0.017643
v -0.035035 -0.101553 -0.024513
v -0.002312 -0.094669 -0.028097
v -0.007499 -0.091698 -0.021809
v -0.030015 -0.102473 -0.030192
v -0.003078 -0.116328 -0.051743
v -0.032699 -0.102031 -0.027434
v -0.004158 -0.093241 -0.025348
v -0.030882 -0.116679 -0.042163
v -0.023222 -0.086516 -0.005014
v -0.009740 -0.090776 -0.019287
v -0.049548 -0.099659 -0.002987
v -0.006403 -0.113572 -0.049953
v -0.045172 -0.112085 -0.026102
v -0.041641 -0.099398 -0.013501
v -0.018842 -0.086681 -0.007079
v -0.016564 -0.107753 -0.042821
v -0.012589 -0.087791 -0.011776
v -0.018240 -0.087642 -0.009024
v -0.039125 -0.113374 -0.034062
v -0.023324 -0.085389 -0.003368
v -0.025079 -0.084427 -0.001518
v -0.036912 -0.100545 -0.020796
v -0.004910 -0.091445 -0.021822
v -0.047152 -0.098743 -0.005539
v -0.013938 -0.108648 -0.044617
v -0.001072 -0.092626 -0.024430
v -0.011637 -0.110088 -0.046503
v -0.048202 -0.111036 -0.020620
v -0.001180 -0.116150 -0.051744
v -0.003112 -0.091346 -0.021856
v -0.019176 -0.085758 -0.005425
v -0.051969 -0.111430 -0.013471
v -0.045313 -0.098189 -0.007162
v -0.049899 -0.097583 0.000272
v -0.015592 -0.087110 -0.009146
v -0.007179 -0.089790 -0.017999
v -0.003718 -0.113791 -0.050392
v -0.053736 -0.111928 -0.008572
v -0.009704 -0.086573 -0.010228
v -0.021117 -0.083889 -0.002088
v -0.032866 -0.100182 -0.024085
v -0.019290 -0.084730 -0.003823
v -0.012307 -0.086187 -0.008583
v -0.004525 -0.088933 -0.016793
v -0.006870 -0.088066 -0.014399
v -0.015097 -0.085416 -0.006233
v -0.000716 -0.089984 -0.019319
v -0.002573 -0.089439 -0.018091
v -0.016771 -0.083245 -0.002418
v -0.014699 -0.084066 -0.004159
v -0.012163 -0.084681 -0.005824
v -0.017000 -0.081937 -0.000636
v -0.002105 -0.087764 -0.014622
v -0.013730 0.044212 0.107410
v -0.017234 0.043000 0.107358
v -0.016585 0.042883 0.107905
v -0.011406 0.044869 0.107403
v -0.014065 0.043734 0.107959
v -0.010490 0.044736 0.107945
v -0.009142 0.045388 0.107395
v -0.008605 0.045130 0.107949
v -0.006313 0.045913 0.107294
v -0.004658 0.046022 0.107463
v -0.004205 0.046287 0.106990
v -0.002527 0.046262 0.107321
v -0.039947 0.023317 0.107507
v -0.039150 0.024777 0.107336
v -0.038995 0.024207 0.108012
v -0.037722 0.026611 0.107642
v -0.037624 0.027027 0.107364
v -0.036480 0.028170 0.107746
v -0.036014 0.029106 0.107386
v -0.020124 0.041739 0.107318
v -0.003295 0.045913 0.107835
v -0.046217 0.003449 0.107344
v -0.045948 0.005950 0.107369
v -0.045603 0.008217 0.107367
v -0.045106 0.010667 0.107335
v -0.044434 0.013131 0.107372
v -0.039066 0.024562 0.107674
v -0.043642 0.015557 0.107372
v -0.046308 0.001205 0.107378
v -0.042836 0.017459 0.107514
v -0.042071 0.019412 0.107357
v -0.041004 0.021453 0.107467
v -0.045935 0.003933 0.107762
v -0.041515 0.019642 0.107990
v 0.000184 0.046303 0.107387
v -0.034360 0.031039 0.107387
v -0.034076 0.030848 0.107924
v -0.032622 0.032857 0.107387
v -0.032052 0.032815 0.108051
v -0.030747 0.034517 0.107538
v -0.028813 0.036147 0.107537
v -0.026300 0.038117 0.107377
v -0.026017 0.037736 0.108104
v -0.022888 0.040205 0.107480
v 0.000972 -0.054995 0.000500
v 0.054992 -0.001150 0.000500
v 0.000000 -0.050498 0.000500
v 0.054895 -0.003485 0.000500
v -0.000017 -0.051819 0.000500
v 0.003511 -0.054894 0.000500
v 0.054703 -0.005732 0.000500
v 0.007075 -0.054557 0.000500
v 0.054379 -0.008299 0.000500
v 0.010541 -0.053986 0.000500
v 0.053710 -0.011883 0.000500
v 0.013547 -0.053315 0.000500
v 0.052952 -0.014874 0.000500
v -0.014287 -0.049991 0.000500
v -0.014237 -0.049993 0.000500
v 0.016594 -0.052445 0.000500
v 0.052017 -0.017902 0.000500
v 0.019826 -0.051315 0.000500
v 0.050807 -0.021077 0.000500
v 0.023703 -0.049647 0.000500
v 0.049685 -0.023601 0.000500
v 0.048401 -0.026135 0.000500
v 0.026981 -0.047935 0.000500
v 0.046772 -0.028956 0.000500
v 0.030105 -0.046047 0.000500
v 0.044854 -0.031843 0.000500
v 0.033565 -0.043587 0.000500
v 0.043075 -0.034208 0.000500
v 0.036244 -0.041376 0.000500
v 0.041367 -0.036254 0.000500
v 0.037867 -0.039882 0.000501
v 0.039402 -0.038383 0.000500
v -0.000150 -0.051962 0.000500
v -0.001490 -0.052284 0.000500
v -0.001351 -0.052107 0.000500
v -0.000196 -0.051990 0.000500
v -0.000184 -0.051975 0.000648
v -0.014280 -0.049989 0.000695
v 0.017531 -0.181954 0.052125
v 0.022429 -0.179800 -0.050226
v 0.027954 -0.181346 -0.047370
v 0.029636 -0.182260 -0.046336
v 0.031048 -0.182878 -0.045401
v 0.032305 -0.181380 -0.044518
v 0.034427 -0.181155 -0.042900
v 0.038082 -0.180333 -0.039691
v 0.014543 -0.182222 -0.053045
v 0.017505 -0.180251 -0.052142
v 0.055000 -0.191995 0.000000
v 0.041265 -0.181267 -0.036371
v 0.054993 -0.189002 -0.000998
v 0.042714 -0.180298 -0.034653
v 0.054994 -0.189002 0.000997
v 0.054814 -0.193999 -0.004570
v 0.054555 -0.194000 -0.007023
v 0.052139 -0.181671 -0.017523
v 0.052582 -0.187968 -0.016160
v 0.054493 -0.186459 -0.007472
v 0.053829 -0.191636 0.011278
v 0.055003 -0.181229 -0.000671
v 0.053392 -0.188476 -0.013216
v 0.052586 -0.175886 0.016157
v 0.051988 -0.183567 0.017923
v 0.050280 -0.184428 0.022245
v 0.049118 -0.183655 0.024712
v 0.047756 -0.184517 0.027233
v 0.042774 -0.180433 0.034571
v 0.041479 -0.183495 0.036075
v 0.040119 -0.183600 0.037585
v 0.038553 -0.182811 0.039192
v 0.034058 -0.183468 0.043150
v 0.007066 -0.184046 -0.054547
v 0.010184 -0.176854 -0.054049
v 0.026706 -0.186745 0.048055
v 0.022801 -0.182857 0.050037
v 0.008323 0.045573 0.107333
v 0.006221 0.046139 0.106761
v 0.027338 0.037379 0.107368
v 0.026927 0.037949 0.106825
v 0.025902 0.038303 0.107510
v 0.024546 0.039491 0.106919
v 0.003303 0.046343 0.107072
v 0.006035 0.045905 0.107386
v 0.024131 0.039505 0.107412
v 0.022020 0.041014 0.106783
v 0.021354 0.041088 0.107387
v 0.020276 0.041850 0.106911
v 0.019132 0.042181 0.107369
v 0.013682 0.044512 0.106759
v 0.046235 0.003018 0.107372
v 0.046451 0.002507 0.106896
v 0.046322 0.004303 0.106898
v 0.013395 0.044348 0.107339
v 0.046004 0.005516 0.107370
v 0.046046 0.006582 0.106927
v 0.045537 0.007890 0.107614
v 0.011257 0.044928 0.107358
v 0.045428 0.009997 0.106968
v 0.011702 0.045072 0.106756
v 0.009803 0.045202 0.107474
v 0.010336 0.045416 0.106730
v 0.044633 0.012445 0.107365
v 0.008254 0.045829 0.106735
v 0.041938 0.019708 0.107350
v 0.042248 0.019526 0.106835
v 0.042920 0.017574 0.107281
v 0.041063 0.021916 0.106806
v 0.040774 0.021997 0.107360
v 0.040238 0.023257 0.107022
v 0.039315 0.024482 0.107383
v 0.038989 0.025313 0.106965
v 0.046513 0.000324 0.106902
v 0.036779 0.028575 0.106668
v 0.037851 0.026891 0.107108
v 0.037948 0.027004 0.106649
v 0.037837 0.026670 0.107426
v 0.036379 0.028659 0.107377
v 0.035762 0.029753 0.106846
v 0.035295 0.029959 0.107400
v 0.034666 0.031022 0.106849
v 0.034070 0.031352 0.107395
v 0.033264 0.032500 0.106887
v 0.032779 0.032686 0.107404
v 0.030616 0.034977 0.106947
v 0.028895 0.036465 0.106838
v 0.031468 0.033943 0.107416
v 0.044771 0.012800 0.106784
v 0.028712 0.036309 0.107400
v 0.044123 0.014840 0.106811
v 0.030012 0.035239 0.107411
v 0.018259 0.042844 0.106717
v 0.022086 0.040460 0.107748
v 0.016253 0.043640 0.106735
v 0.016031 0.043456 0.107356
v 0.032872 -0.032489 0.107578
v 0.032640 -0.033160 0.107046
v 0.045033 -0.010524 0.107513
v 0.031680 -0.034039 0.107120
v 0.044779 -0.012273 0.107141
v 0.045205 -0.011183 0.106710
v 0.044562 -0.012222 0.107576
v 0.044185 -0.014840 0.106578
v 0.030607 -0.034781 0.107406
v 0.044232 -0.014111 0.107138
v 0.029612 -0.035468 0.107611
v 0.029842 -0.035781 0.106958
v 0.043853 -0.015108 0.107244
v 0.046434 -0.001262 0.107110
v 0.046435 -0.002480 0.106939
v 0.042924 -0.017035 0.107618
v 0.046229 -0.003650 0.107272
v 0.043141 -0.017443 0.106899
v 0.042488 -0.018997 0.106873
v 0.045664 -0.009139 0.106709
v 0.042450 -0.018479 0.107403
v 0.045451 -0.009665 0.107026
v 0.041637 -0.020322 0.107366
v 0.041624 -0.020957 0.106699
v 0.039804 -0.023864 0.107214
v 0.040018 -0.023155 0.107529
v 0.039373 -0.024862 0.106862
v 0.038470 -0.026206 0.106916
v 0.038696 -0.025292 0.107539
v 0.037373 -0.027757 0.106929
v 0.037537 -0.027021 0.107506
v 0.035871 -0.029702 0.106916
v 0.046292 -0.004528 0.106910
v 0.036294 -0.028761 0.107418
v 0.045902 -0.006066 0.107415
v 0.045972 -0.007086 0.106897
v 0.034039 -0.031750 0.106992
v 0.034769 -0.030606 0.107404
v 0.045437 -0.009033 0.107363
v 0.028376 -0.036859 0.107126
v 0.027011 -0.037896 0.107103
v 0.024795 -0.039388 0.107106
v 0.022076 -0.040920 0.107217
v 0.019328 -0.042279 0.107235
v 0.016034 -0.043644 0.107231
v 0.013392 -0.044496 0.107278
v 0.005960 -0.045939 0.107511
v 0.003370 -0.046433 0.107172
v 0.045526 -0.007345 0.107727
v 0.054448 -0.108219 -0.000252
v 0.054748 -0.109147 0.000570
v 0.022272 -0.096329 -0.024585
v 0.020250 -0.114923 -0.046457
v 0.032658 -0.094437 -0.012859
v 0.017887 -0.096630 -0.027534
v 0.052910 -0.107064 -0.005950
v 0.053516 -0.107997 -0.005057
v 0.000158 -0.103896 -0.042465
v 0.040652 -0.091458 -0.002674
v 0.017073 -0.098333 -0.030880
v 0.049628 -0.107220 -0.014141
v 0.050964 -0.107831 -0.012209
v 0.014620 -0.098819 -0.032604
v 0.005943 -0.102161 -0.039804
v 0.015335 -0.118887 -0.050359
v 0.014615 -0.120479 -0.051224
v 0.040796 -0.089029 -0.000015
v 0.042465 -0.090338 -0.000204
v 0.051853 -0.107498 -0.009674
v 0.038826 -0.090806 -0.003119
v 0.029439 -0.092906 -0.012406
v 0.025831 -0.092496 -0.014136
v 0.002922 -0.103926 -0.042374
v 0.010596 -0.121858 -0.052748
v 0.020164 -0.117499 -0.047888
v 0.002899 -0.102909 -0.041150
v 0.008084 -0.099672 -0.035779
v 0.007264 -0.123667 -0.053850
v 0.036678 -0.092874 -0.007265
v 0.048681 -0.106791 -0.015290
v 0.014277 -0.096620 -0.029035
v 0.005973 -0.101116 -0.038334
v 0.023894 -0.095224 -0.021272
v 0.027885 -0.113002 -0.041630
v 0.035073 -0.109222 -0.034432
v 0.011901 -0.098422 -0.032849
v 0.015793 -0.117302 -0.049493
v 0.048063 -0.105875 -0.015106
v 0.011705 -0.100285 -0.035810
v 0.045003 -0.106743 -0.020822
v 0.044293 -0.107693 -0.022977
v 0.037478 -0.109075 -0.032206
v 0.046439 -0.107221 -0.019370
v 0.031789 -0.110269 -0.037522
v 0.033521 -0.109682 -0.035973
v 0.004317 -0.126265 -0.054731
v 0.033153 -0.091596 -0.007661
v 0.036823 -0.091038 -0.004628
v 0.039411 -0.088623 -0.000435
v 0.042002 -0.107804 -0.026025
v 0.051114 -0.106555 -0.010222
v 0.042046 -0.106035 -0.023775
v 0.016132 -0.115591 -0.048503
v 0.032580 -0.092586 -0.009622
v 0.052470 -0.106628 -0.006733
v 0.017519 -0.094809 -0.024230
v 0.050114 -0.105666 -0.011123
v 0.000812 -0.102825 -0.041160
v 0.007913 -0.121324 -0.053099
v 0.003072 -0.101652 -0.039468
v 0.022780 -0.113375 -0.044337
v 0.040023 -0.106788 -0.027106
v 0.034767 -0.090412 -0.005010
v 0.028595 -0.109953 -0.039048
v 0.029846 -0.111736 -0.039740
v 0.039368 -0.108194 -0.029436
v 0.023356 -0.111676 -0.042905
v 0.019379 -0.093835 -0.021226
v 0.036405 -0.107306 -0.031392
v 0.010044 -0.119449 -0.052051
v 0.026674 -0.110947 -0.040783
v 0.029404 -0.091157 -0.009235
v 0.044126 -0.105779 -0.020744
v 0.046443 -0.105489 -0.017068
v 0.011755 -0.096373 -0.029436
v 0.037349 -0.089195 -0.002158
v 0.005051 -0.122639 -0.053875
v 0.053859 -0.106374 -0.000656
v 0.001212 -0.126495 -0.054921
v 0.005109 -0.099456 -0.035925
v 0.051770 -0.105854 -0.007558
v 0.000899 -0.101335 -0.039159
v 0.009094 -0.097346 -0.031797
v 0.032189 -0.089767 -0.005512
v 0.033057 -0.107993 -0.034764
v 0.002873 -0.099886 -0.036838
v 0.048949 -0.104362 -0.011393
v 0.001502 -0.124771 -0.054609
v 0.022942 -0.091655 -0.014337
v 0.050983 -0.105106 -0.008366
v 0.011983 -0.117218 -0.050644
v 0.034979 -0.088400 -0.002433
v 0.031212 -0.108468 -0.036355
v 0.038091 -0.106517 -0.028834
v 0.010008 -0.117853 -0.051410
v 0.037142 -0.087397 -0.000369
v 0.006186 -0.097186 -0.032078
v 0.053149 -0.104801 -0.001224
v 0.013843 -0.093954 -0.024203
v 0.044292 -0.104423 -0.018561
v 0.016262 -0.113480 -0.047228
v 0.041758 -0.104620 -0.022134
v 0.020632 -0.091020 -0.014459
v 0.034797 -0.107635 -0.033113
v 0.025632 -0.090682 -0.010752
v 0.028597 -0.108013 -0.037401
v 0.050112 -0.104385 -0.009167
v 0.040042 -0.105200 -0.024996
v 0.002989 -0.123017 -0.054136
v 0.018744 -0.112430 -0.045531
v -0.000248 -0.099030 -0.035569
v 0.032697 -0.087924 -0.002887
v 0.037896 -0.105241 -0.027397
v 0.035160 -0.086647 -0.000453
v 0.033489 -0.106794 -0.033213
v 0.045648 -0.103530 -0.015298
v 0.047471 -0.104009 -0.013317
v 0.035470 -0.106023 -0.030742
v 0.052403 -0.103916 -0.002471
v 0.027639 -0.088510 -0.005977
v 0.016326 -0.092187 -0.019411
v 0.007925 -0.094378 -0.026834
v 0.002889 -0.096745 -0.031681
v 0.011123 -0.093491 -0.024286
v 0.025411 -0.089051 -0.007986
v 0.051654 -0.103286 -0.003640
v 0.029734 -0.087258 -0.003281
v 0.004985 -0.095488 -0.029308
v 0.023436 -0.109831 -0.041475
v 0.032961 -0.085979 -0.000573
v 0.001409 -0.122154 -0.053987
v 0.021442 -0.089503 -0.010964
v 0.042824 -0.103174 -0.018549
v 0.031784 -0.106149 -0.033699
v 0.023832 -0.108082 -0.039859
v 0.003677 -0.120608 -0.053395
v 0.006017 -0.119756 -0.052856
v 0.026192 -0.086673 -0.004010
v 0.039085 -0.103869 -0.024132
v 0.050852 -0.102408 -0.004275
v 0.000292 -0.097500 -0.033046
v 0.028795 -0.106174 -0.035518
v 0.013409 -0.091469 -0.019308
v 0.018865 -0.110737 -0.044271
v 0.035491 -0.104682 -0.028965
v 0.013038 -0.114998 -0.049225
v 0.044579 -0.123612 -0.032213
v 0.043977 -0.121802 -0.032595
v 0.009743 -0.115483 -0.050363
v 0.042002 -0.123685 -0.035420
v 0.039554 -0.124451 -0.038151
v 0.018098 -0.089433 -0.012596
v 0.045626 -0.122497 -0.030562
v 0.039469 -0.122425 -0.037822
v 0.021261 -0.087960 -0.008225
v 0.028314 -0.084821 -0.000928
v 0.037730 -0.124518 -0.039910
v 0.042204 -0.121936 -0.034787
v 0.047104 -0.122165 -0.028279
v 0.046345 -0.121096 -0.029146
v 0.033342 -0.105181 -0.031441
v 0.050049 -0.102224 -0.005777
v 0.036447 -0.123191 -0.040750
v 0.034404 -0.125301 -0.042842
v 0.048853 -0.121212 -0.025146
v 0.046858 -0.119945 -0.028022
v 0.000164 -0.095293 -0.029281
v 0.027370 -0.085839 -0.002434
v 0.023148 -0.087127 -0.005986
v 0.007591 -0.091711 -0.021820
v 0.048244 -0.119447 -0.025612
v 0.010714 -0.090918 -0.019241
v 0.002231 -0.093807 -0.026564
v 0.041227 -0.102294 -0.019072
v 0.025296 -0.106887 -0.038079
v 0.045111 -0.119904 -0.030530
v 0.016005 -0.088940 -0.012638
v 0.041944 -0.120742 -0.034734
v 0.034281 -0.123455 -0.042519
v 0.030908 -0.084109 0.000661
v 0.032933 -0.123158 -0.043420
v 0.030617 -0.125631 -0.045588
v 0.004738 -0.092745 -0.024344
v 0.006994 -0.117696 -0.051919
v 0.044934 -0.101213 -0.012490
v 0.036400 -0.103525 -0.026413
v 0.050063 -0.118803 -0.022045
v 0.046888 -0.100301 -0.008264
v 0.012148 -0.113354 -0.048565
v 0.043326 -0.119853 -0.032818
v 0.052101 -0.102280 -0.000959
v 0.004289 -0.118395 -0.052535
v 0.015994 -0.111226 -0.045823
v 0.019165 -0.109016 -0.042787
v 0.029596 -0.105045 -0.033806
v 0.048824 -0.101241 -0.006601
v 0.037988 -0.102516 -0.023149
v 0.001773 -0.119375 -0.053078
v 0.041188 -0.119459 -0.035139
v 0.037388 -0.121189 -0.039381
v 0.028151 -0.125680 -0.047109
v 0.013133 -0.088212 -0.012432
v 0.044045 -0.118326 -0.031346
v 0.050995 -0.119700 -0.020451
v 0.033016 -0.103951 -0.030069
v 0.046970 -0.117821 -0.027009
v 0.025066 -0.082607 0.000532
v 0.016761 -0.087215 -0.008875
v 0.049217 -0.117550 -0.023124
v 0.022110 -0.085571 -0.004056
v 0.040026 -0.120692 -0.036768
v 0.024696 -0.084281 -0.001462
v 0.034517 -0.103096 -0.027539
v 0.043417 -0.100113 -0.012623
v 0.019786 -0.086106 -0.005733
v 0.045280 -0.117446 -0.029320
v 0.051139 -0.100823 -0.001363
v 0.026485 -0.125798 -0.048058
v 0.045816 -0.099798 -0.008983
v 0.008099 -0.089135 -0.016361
v 0.052018 -0.117110 -0.016998
v 0.052270 -0.118403 -0.016891
v 0.052334 -0.100863 0.001516
v 0.002410 -0.091269 -0.021769
v 0.004867 -0.116017 -0.051443
v 0.050005 -0.100291 -0.002987
v 0.007220 -0.115564 -0.050891
v 0.010530 -0.088045 -0.013132
v 0.042506 -0.117746 -0.032967
v 0.004425 -0.090112 -0.019245
v 0.035033 -0.120938 -0.041204
v 0.050503 -0.116217 -0.019976
v 0.021366 -0.083403 -0.001397
v 0.037656 -0.119556 -0.038592
v 0.039447 -0.101312 -0.019434
v 0.030107 -0.123313 -0.045293
v 0.032363 -0.121211 -0.043187
v 0.030637 -0.103641 -0.031402
v 0.047217 -0.099117 -0.005987
v 0.016682 -0.085915 -0.006577
v 0.040931 -0.117286 -0.034498
v 0.015321 -0.109581 -0.044860
v 0.024285 -0.104739 -0.036389
v 0.009147 -0.113170 -0.049220
v 0.047449 -0.116195 -0.025466
v 0.005891 -0.088562 -0.015741
v 0.039858 -0.118316 -0.036050
v 0.019286 -0.107468 -0.041397
v 0.011344 -0.111673 -0.047716
v 0.013190 -0.110831 -0.046571
v 0.023336 -0.126171 -0.049705
v 0.021939 -0.082181 0.000210
v 0.000578 -0.091203 -0.021722
v 0.002675 -0.117073 -0.052106
v 0.020053 -0.084469 -0.003191
v 0.013134 -0.086043 -0.007991
v 0.048838 -0.099315 -0.003733
v 0.035429 -0.101703 -0.024388
v 0.027568 -0.123369 -0.046780
v 0.016641 -0.084639 -0.004499
v 0.053152 -0.117206 -0.013881
v 0.046193 -0.115577 -0.027047
v 0.026546 -0.104084 -0.034446
v 0.049205 -0.115500 -0.022086
v 0.035498 -0.118965 -0.040108
v 0.023953 -0.124620 -0.048995
v 0.022052 -0.106033 -0.038818
v 0.037108 -0.100632 -0.020759
v 0.028166 -0.103477 -0.032757
v 0.025411 -0.122756 -0.047707
v 0.010592 -0.086314 -0.009394
v 0.042063 -0.116155 -0.032706
v 0.043651 -0.116507 -0.030999
v 0.006337 -0.113703 -0.050042
v 0.050659 -0.098648 0.000390
v 0.037888 -0.117665 -0.037602
v 0.032728 -0.102352 -0.027936
v 0.032786 -0.119145 -0.042123
v 0.002027 -0.088745 -0.016716
v 0.016664 -0.083552 -0.002879
v 0.051981 -0.115488 -0.016238
v 0.047855 -0.114548 -0.023848
v 0.044683 -0.115047 -0.028849
v 0.020218 -0.126270 -0.051042
v 0.016373 -0.107745 -0.042894
v 0.004195 -0.087769 -0.014354
v 0.019020 -0.081456 0.000378
v 0.022067 -0.124109 -0.049696
v 0.052970 -0.115005 -0.013293
v 0.016674 -0.082609 -0.001573
v 0.051070 -0.114630 -0.017853
v 0.006831 -0.085700 -0.009177
v 0.041269 -0.099083 -0.013361
v 0.013132 -0.084159 -0.004679
v 0.002881 -0.115183 -0.051194
v 0.010474 -0.085028 -0.006891
v 0.028824 -0.102113 -0.030461
v 0.038841 -0.099743 -0.017232
v 0.053865 -0.115807 -0.010751
v 0.039138 -0.115451 -0.035359
v 0.028885 -0.121471 -0.045408
v 0.033116 -0.100278 -0.024041
v 0.000885 -0.115630 -0.051505
v 0.018092 -0.106038 -0.040569
v 0.042823 -0.114755 -0.031036
v 0.002235 -0.086698 -0.012281
v 0.010410 -0.083827 -0.004748
v 0.006669 -0.112188 -0.049077
v 0.040679 -0.115011 -0.033548
v 0.035148 -0.099866 -0.021318
v 0.010462 -0.109771 -0.046595
v 0.048913 -0.113910 -0.021615
v 0.012669 -0.082515 -0.002271
v 0.013448 -0.108513 -0.044680
v 0.044259 -0.098426 -0.008841
v 0.013748 -0.081355 -0.000546
v 0.019776 -0.104757 -0.038516
v 0.037476 -0.115505 -0.036886
v 0.018553 -0.126221 -0.051659
v 0.035211 -0.117171 -0.039528
v 0.050369 -0.113631 -0.018676
v 0.006604 -0.084288 -0.006309
v 0.003550 -0.084637 -0.007448
v 0.030354 -0.101149 -0.027862
v 0.049647 -0.097616 -0.000214
v 0.053393 -0.113925 -0.011301
v 0.009836 -0.082199 -0.002291
v 0.003509 -0.113403 -0.050177
v 0.020201 -0.123362 -0.050238
v 0.001737 -0.084627 -0.007591
v 0.043024 -0.113688 -0.030083
v 0.023315 -0.103127 -0.034970
v 0.010261 -0.080971 -0.000575
v 0.006517 -0.082835 -0.003737
v 0.000154 -0.085697 -0.010125
v 0.008750 -0.110780 -0.047748
v 0.051850 -0.113061 -0.015039
v 0.019948 -0.103600 -0.037133
v 0.045137 -0.097392 -0.006239
v 0.024869 -0.102330 -0.033134
v 0.049616 -0.112652 -0.019445
v 0.033962 -0.116605 -0.040146
v 0.026596 -0.120057 -0.046084
v 0.029573 -0.119695 -0.044319
v 0.047649 -0.097100 -0.002622
v 0.048382 -0.112521 -0.021538
v 0.002892 -0.083710 -0.005663
v 0.054438 -0.114720 -0.007643
v 0.006524 -0.081570 -0.001812
v 0.013808 -0.106973 -0.043182
v 0.046016 -0.113523 -0.025998
v 0.009813 -0.108110 -0.045427
v 0.028182 -0.100629 -0.028567
v 0.017419 -0.124171 -0.051514
v 0.002663 -0.082595 -0.003691
v 0.048699 -0.096783 -0.000724
v 0.041369 -0.113332 -0.031745
v 0.016584 -0.105522 -0.040663
v 0.030206 -0.099821 -0.025667
v 0.031265 -0.117054 -0.042125
v 0.006058 -0.080215 -0.000049
v 0.015076 -0.126387 -0.052796
v 0.046531 -0.096566 -0.003423
v 0.039363 -0.097843 -0.013194
v 0.006142 -0.110103 -0.047729
v 0.024952 -0.101093 -0.031332
v 0.003962 -0.111128 -0.048715
v 0.022101 -0.121359 -0.048745
v 0.035336 -0.114419 -0.037975
v 0.001115 -0.113284 -0.050232
v 0.039817 -0.112911 -0.033079
v 0.002394 -0.081085 -0.001407
v 0.042188 -0.097426 -0.009553
v 0.050781 -0.111869 -0.016537
v 0.044181 -0.113065 -0.028192
v 0.037196 -0.097485 -0.014667
v 0.052616 -0.112506 -0.012625
v 0.008616 -0.109176 -0.046578
v 0.000532 -0.080735 -0.000971
v 0.053918 -0.112859 -0.008616
v 0.047351 -0.111830 -0.022677
v 0.027066 -0.117587 -0.044713
v 0.029498 -0.118046 -0.043628
v 0.019996 -0.102299 -0.035497
v 0.037267 -0.113534 -0.035881
v 0.042818 -0.096233 -0.007100
v 0.010975 -0.106498 -0.043637
v 0.012542 -0.126323 -0.053445
v 0.045072 -0.112009 -0.026177
v 0.022316 -0.119684 -0.047968
v 0.024434 -0.118059 -0.046236
v 0.014062 -0.124058 -0.052518
v 0.016660 -0.103896 -0.038846
v 0.032507 -0.114988 -0.040253
v 0.029422 -0.115984 -0.042626
v 0.051489 -0.110700 -0.013990
v 0.042589 -0.111946 -0.029326
v 0.013677 -0.105491 -0.041746
v 0.044195 -0.110466 -0.026035
v 0.033498 -0.113729 -0.038855
v 0.041219 -0.110783 -0.029922
v 0.049657 -0.111059 -0.018082
v 0.049212 -0.110090 -0.018012
v 0.048109 -0.110501 -0.020293
v 0.030349 -0.114137 -0.041037
v 0.045968 -0.110908 -0.023971
v 0.041949 -0.109384 -0.027781
v 0.031240 -0.112652 -0.039579
v 0.052335 -0.110483 -0.011710
v 0.051716 -0.109082 -0.011872
v 0.001243 -0.111686 -0.049240
v 0.054783 -0.112704 -0.004147
v 0.039355 -0.109927 -0.031153
v 0.043980 -0.109238 -0.025101
v 0.046478 -0.109348 -0.021727
v 0.053999 -0.109355 -0.004748
v 0.049555 -0.108674 -0.015946
v 0.047842 -0.108108 -0.018261
v 0.048296 -0.109043 -0.018534
v 0.053134 -0.109458 -0.008282
v 0.052481 -0.108550 -0.009273
v 0.040509 -0.096681 -0.010040
v 0.020510 -0.101276 -0.033885
v 0.054897 -0.111029 -0.001263
v 0.018400 -0.121221 -0.050202
v 0.032979 -0.097636 -0.018972
v 0.047653 -0.094594 0.000344
v 0.054143 -0.108828 -0.003322
v 0.034812 -0.111499 -0.036462
v 0.030073 -0.098058 -0.022402
v 0.053241 -0.111362 -0.009827
v 0.046342 -0.095092 -0.001821
v 0.044784 -0.095415 -0.003937
v 0.035207 -0.096699 -0.015041
v 0.014388 -0.103913 -0.039733
v 0.024920 -0.099634 -0.029032
v 0.005455 -0.108080 -0.046223
v 0.003680 -0.108877 -0.047070
v 0.008819 -0.106841 -0.044514
v 0.001968 -0.110264 -0.048232
v 0.009014 -0.104950 -0.042553
v 0.011183 -0.104949 -0.041967
v 0.016977 -0.102173 -0.036609
v 0.013892 -0.102222 -0.037806
v 0.014577 -0.100572 -0.035301
v 0.016834 -0.100327 -0.034096
v 0.009472 -0.103311 -0.040530
v 0.011776 -0.103451 -0.040049
v 0.008843 -0.101928 -0.038894
v 0.011373 -0.102013 -0.038328
v 0.026540 -0.098709 -0.026348
v 0.036883 -0.112286 -0.035381
v 0.054466 -0.111268 -0.004671
v 0.020538 -0.100009 -0.032011
v 0.043569 -0.094785 -0.004351
v 0.038726 -0.095500 -0.009734
v 0.040241 -0.095140 -0.007866
v 0.039054 -0.111197 -0.032532
v 0.050530 -0.109586 -0.015021
v 0.014436 -0.122240 -0.051876
v 0.005888 -0.106570 -0.044804
v 0.046093 -0.092584 0.000684
v 0.053759 -0.110581 -0.007238
v 0.042243 -0.094178 -0.004774
v 0.044370 -0.093471 -0.002013
v 0.035960 -0.094965 -0.011194
v 0.000770 -0.108630 -0.047025
v 0.009887 -0.124466 -0.053600
v 0.009006 -0.126447 -0.054171
v 0.027092 -0.097142 -0.022928
v 0.027684 -0.114726 -0.042821
v 0.018893 -0.118895 -0.049059
v 0.020509 -0.098561 -0.029682
v 0.006926 -0.126440 -0.054485
v 0.005827 -0.104525 -0.042711
v 0.040544 -0.093483 -0.005253
v 0.025019 -0.114985 -0.044291
v 0.002255 -0.107030 -0.045595
v 0.022372 -0.097628 -0.027015
v 0.022907 -0.116386 -0.046084
v 0.004836 -0.105631 -0.044011
v 0.044404 -0.091802 -0.000145
v 0.029924 -0.094559 -0.015309
v 0.036447 -0.110492 -0.034382
v 0.033164 -0.111456 -0.037552
v 0.036028 -0.093866 -0.009286
v 0.042366 -0.092138 -0.002191
v 0.006114 -0.103431 -0.041403
v 0.038741 -0.092814 -0.005701
v 0.002703 -0.105390 -0.043985
v 0.054908 -0.102671 0.009535
v 0.010971 0.053822 0.064889
v 0.054916 -0.096949 0.015551
v 0.054895 -0.095079 0.015839
v 0.000794 -0.127498 -0.054998
v 0.054888 -0.090589 0.020435
v 0.003236 -0.127478 -0.054909
v 0.054901 -0.087408 0.021673
v 0.054871 -0.084850 0.024552
v 0.006264 -0.127432 -0.054649
v 0.054907 -0.080570 0.026371
v 0.054848 -0.076304 0.030202
v 0.054913 -0.075758 0.029541
v 0.008798 -0.127441 -0.054294
v 0.054835 -0.068727 0.034762
v 0.011390 -0.127404 -0.053812
v 0.054900 -0.063684 0.036608
v 0.014715 -0.127361 -0.053006
v 0.054830 -0.059154 0.039918
v 0.018078 -0.127277 -0.051950
v 0.054890 -0.050726 0.043038
v 0.021131 -0.127163 -0.050788
v 0.054835 -0.050385 0.044110
v 0.054905 -0.042447 0.046605
v 0.054842 -0.043786 0.046979
v 0.023802 -0.127064 -0.049583
v 0.025766 -0.126995 -0.048597
v 0.028024 -0.126818 -0.047330
v 0.054933 -0.033637 0.049917
v 0.054859 -0.034120 0.050689
v 0.030308 -0.126634 -0.045901
v 0.054955 -0.025596 0.052618
v 0.054878 -0.026480 0.053287
v 0.032700 -0.126384 -0.044231
v 0.034803 -0.126149 -0.042595
v 0.054988 -0.012837 0.056216
v 0.036763 -0.125863 -0.040911
v 0.054910 -0.015737 0.056365
v 0.038702 -0.125862 -0.039094
v 0.054926 -0.007235 0.058423
v 0.040997 -0.125071 -0.036676
v 0.042894 -0.124748 -0.034438
v 0.054926 0.001013 0.060147
v 0.054563 0.006372 0.061023
v 0.046097 -0.123626 -0.030011
v 0.054254 0.008580 0.061427
v 0.047608 -0.123013 -0.027554
v 0.048697 -0.122309 -0.025567
v 0.052378 0.016547 0.062495
v 0.049560 -0.121777 -0.023864
v 0.051195 -0.120556 -0.020118
v 0.052545 -0.119163 -0.016276
v 0.048034 0.026639 0.063603
v 0.053217 -0.118214 -0.013897
v 0.053972 -0.116874 -0.010632
v 0.043648 0.033333 0.064170
v 0.041784 0.035629 0.064372
v 0.039689 0.037962 0.064454
v 0.054791 -0.114060 -0.004809
v 0.054938 -0.113026 -0.002677
v 0.055003 -0.111282 0.000614
v 0.032200 0.044455 0.064988
v 0.030008 0.046000 0.064773
v 0.026457 0.048132 0.064818
v 0.024087 0.049361 0.064846
v 0.054919 -0.107052 0.005085
v 0.021566 0.050513 0.064881
v 0.018874 0.051580 0.064885
v 0.054958 -0.105434 0.008324
v 0.013673 0.053195 0.064902
v 0.049973 -0.029209 0.018663
v 0.051180 -0.081925 0.015293
v 0.052376 -0.021209 0.019304
v 0.051850 -0.024226 0.021336
v 0.052310 -0.019711 0.015141
v 0.049634 -0.027577 0.014763
v 0.052840 -0.023800 0.029697
v 0.053584 -0.017051 0.024683
v 0.054127 -0.014043 0.027716
v 0.054275 -0.010830 0.017228
v 0.053464 -0.079857 0.021345
v 0.053754 -0.047038 0.039951
v 0.054240 -0.045595 0.042401
v 0.054728 -0.007261 0.022247
v 0.054668 -0.008779 0.029840
v 0.038909 -0.076162 0.008848
v 0.036839 -0.076758 0.007817
v 0.049823 -0.080417 0.014215
v 0.054926 -0.012828 0.053575
v 0.054623 -0.018233 0.047179
v 0.037460 -0.078787 0.006796
v 0.028158 -0.080933 0.002851
v 0.052631 -0.022567 0.025242
v 0.030191 -0.080154 0.003921
v 0.053360 -0.074609 0.024183
v 0.027957 -0.082759 0.001137
v 0.053596 -0.022703 0.036238
v 0.054062 -0.022680 0.041686
v 0.050049 -0.084041 0.012242
v 0.024823 -0.079082 0.003700
v 0.048403 -0.081257 0.012018
v 0.051255 -0.028077 0.023855
v 0.039910 -0.074895 0.009878
v 0.036550 -0.074190 0.009059
v 0.053711 -0.043150 0.040963
v 0.053572 -0.021080 0.033757
v 0.052499 -0.076965 0.020682
v 0.033481 -0.073903 0.008416
v 0.053277 -0.021051 0.029910
v 0.039808 -0.072363 0.010990
v 0.037699 -0.071860 0.010425
v 0.035311 -0.071311 0.009933
v 0.044240 -0.068127 0.014852
v 0.044852 -0.065789 0.016052
v 0.045991 -0.068468 0.016047
v 0.032364 -0.070857 0.009444
v 0.019457 -0.075816 0.005320
v 0.024804 -0.075164 0.006339
v 0.034453 -0.069947 0.010206
v 0.053987 -0.074412 0.026265
v 0.044415 -0.062712 0.016605
v 0.042538 -0.062112 0.015409
v 0.017031 -0.074383 0.005997
v 0.039072 -0.065366 0.012915
v 0.041033 -0.064166 0.014074
v 0.041164 -0.066793 0.013480
v 0.054418 -0.039988 0.044996
v 0.019393 -0.073838 0.006501
v 0.051110 -0.024968 0.017538
v 0.015115 -0.072412 0.006950
v 0.045264 -0.059376 0.018226
v 0.043129 -0.059822 0.016292
v 0.019891 -0.071018 0.007876
v 0.015475 -0.068905 0.008414
v 0.021618 -0.069034 0.008710
v 0.018710 -0.067021 0.009089
v 0.011195 -0.066613 0.008944
v 0.016723 -0.065056 0.009410
v 0.008805 -0.064667 0.009277
v 0.004911 -0.068640 0.008234
v 0.002487 -0.066761 0.008779
v 0.011569 -0.067932 0.008596
v 0.053046 -0.046325 0.037581
v 0.041921 -0.045957 0.015384
v 0.043401 -0.046815 0.017187
v 0.040730 -0.047606 0.014779
v 0.054065 -0.019203 0.038350
v 0.051703 -0.076377 0.019433
v 0.043163 -0.045063 0.016390
v 0.053789 -0.017922 0.031207
v 0.040751 -0.045994 0.014299
v 0.050522 -0.038025 0.028907
v 0.051575 -0.038400 0.032859
v 0.052331 -0.038285 0.035791
v 0.051712 -0.035456 0.032528
v 0.043244 -0.043080 0.015630
v 0.042105 -0.042985 0.014259
v 0.047337 -0.037098 0.018855
v 0.048223 -0.037429 0.021432
v 0.050776 -0.023081 0.012130
v 0.050319 -0.025242 0.013896
v 0.043069 -0.065867 0.014794
v 0.043242 -0.041058 0.014439
v 0.051517 -0.021139 0.012505
v 0.051019 -0.077358 0.017694
v 0.054298 -0.014694 0.035106
v 0.052908 -0.020541 0.023719
v 0.054504 -0.015282 0.041831
v 0.047642 -0.079044 0.012587
v 0.053212 -0.040733 0.039363
v 0.053343 -0.017016 0.019750
v 0.054748 -0.009339 0.038273
v 0.054922 -0.003858 0.020323
v 0.053969 -0.012045 0.014413
v 0.004409 -0.065491 0.009096
v 0.054507 -0.009373 0.019546
v 0.054330 -0.009026 0.011430
v 0.049702 -0.076460 0.016285
v 0.054950 -0.003761 0.036276
v 0.054627 -0.006795 0.012099
v 0.054550 -0.082225 0.023578
v 0.053897 -0.083782 0.020148
v 0.054147 -0.081446 0.022510
v 0.050980 -0.073577 0.019642
v 0.042055 -0.088247 0.001525
v 0.039190 -0.086186 0.001753
v 0.043242 -0.082072 0.007241
v 0.041343 -0.080697 0.007150
v 0.054509 -0.072900 0.029267
v 0.053535 -0.037681 0.041086
v 0.040505 -0.083173 0.004915
v 0.042403 -0.080047 0.008136
v 0.052725 -0.073400 0.023218
v 0.053433 -0.071097 0.026399
v 0.053991 -0.070460 0.028665
v 0.038604 -0.081597 0.005271
v 0.043531 -0.080004 0.008816
v 0.039287 -0.080180 0.006544
v 0.050343 -0.042254 0.029404
v 0.050069 -0.040435 0.028254
v 0.036693 -0.081933 0.004312
v 0.038823 -0.084151 0.003354
v 0.049171 -0.041087 0.025905
v 0.051755 -0.072013 0.021843
v 0.033797 -0.084432 0.001239
v 0.033598 -0.082799 0.002648
v 0.036139 -0.083525 0.002837
v 0.049703 -0.073439 0.017822
v 0.049390 -0.039325 0.025855
v 0.041631 -0.078013 0.008982
v 0.048558 -0.077491 0.014403
v 0.043301 -0.077039 0.010443
v 0.039279 -0.078404 0.007705
v 0.030508 -0.082261 0.002264
v 0.042137 -0.076403 0.010146
v 0.048457 -0.073470 0.016320
v 0.047666 -0.074811 0.014863
v 0.036524 -0.079909 0.005747
v 0.050461 -0.068919 0.021098
v 0.046255 -0.074723 0.013639
v 0.046389 -0.076998 0.012599
v 0.032679 -0.080481 0.004249
v 0.033627 -0.079272 0.005360
v 0.050995 -0.068542 0.022188
v 0.051931 -0.068444 0.024071
v 0.052476 -0.067479 0.025858
v 0.053120 -0.066191 0.028323
v 0.048418 -0.032299 0.016990
v 0.049066 -0.033151 0.020151
v 0.034366 -0.076881 0.007059
v 0.047175 -0.071900 0.015724
v 0.054424 -0.064670 0.033821
v 0.042275 -0.074079 0.011359
v 0.049773 -0.031623 0.021110
v 0.053769 -0.063467 0.032005
v 0.048941 -0.030707 0.016681
v 0.029471 -0.078054 0.005270
v 0.042286 -0.072084 0.012227
v 0.045379 -0.071486 0.014413
v 0.047896 -0.068366 0.017925
v 0.039822 -0.070166 0.011826
v 0.018354 -0.079632 0.002132
v 0.043292 -0.069109 0.013926
v 0.023302 -0.080292 0.002403
v 0.050776 -0.062292 0.024793
v 0.041698 -0.069882 0.012769
v 0.029615 -0.076703 0.006152
v 0.025566 -0.077459 0.005004
v 0.053116 -0.059411 0.032152
v 0.031225 -0.075484 0.007158
v 0.054822 -0.012857 0.049037
v 0.014090 -0.080017 0.001085
v 0.027964 -0.074956 0.006873
v 0.036030 -0.068604 0.011049
v 0.046340 -0.065231 0.017513
v 0.049798 -0.061457 0.023388
v 0.048976 -0.061849 0.021899
v 0.047998 -0.064438 0.019566
v 0.030482 -0.072537 0.008439
v 0.054900 -0.007210 0.045442
v 0.012249 -0.078742 0.002187
v 0.051632 -0.056283 0.029596
v 0.052575 -0.062726 0.028711
v 0.052777 -0.054846 0.033462
v 0.054985 -0.003529 0.051727
v 0.053629 -0.056585 0.035379
v 0.051484 -0.062448 0.026195
v 0.020176 -0.078161 0.003712
v 0.016704 -0.077242 0.004003
v 0.038368 -0.069302 0.011574
v 0.039857 -0.067488 0.012698
v 0.037306 -0.068107 0.011569
v 0.013038 -0.077940 0.003017
v 0.045706 -0.061838 0.017971
v 0.053813 -0.050835 0.038719
v 0.029655 -0.069739 0.009346
v 0.009885 -0.079194 0.001478
v 0.007172 -0.079299 0.001123
v 0.048767 -0.059312 0.022573
v 0.047206 -0.055998 0.021401
v 0.032645 -0.068376 0.010289
v 0.046640 -0.057125 0.020336
v 0.046571 -0.058806 0.019778
v 0.047013 -0.061490 0.019455
v 0.021845 -0.072840 0.007223
v 0.036989 -0.066145 0.011975
v 0.006608 -0.076784 0.003582
v 0.043737 -0.089779 0.001307
v 0.045465 -0.089182 0.003310
v 0.044163 -0.088446 0.002847
v 0.011725 -0.075960 0.004529
v 0.044550 -0.085995 0.005158
v 0.042584 -0.086191 0.003621
v 0.014821 -0.075373 0.005185
v 0.024388 -0.071031 0.008243
v 0.045152 -0.056960 0.018704
v 0.042355 -0.083893 0.005340
v 0.040866 -0.086989 0.001913
v 0.030990 -0.066949 0.010360
v 0.049515 -0.056397 0.024957
v 0.050822 -0.057624 0.027064
v 0.040281 -0.085172 0.003180
v 0.025823 -0.069828 0.008828
v 0.051652 -0.052912 0.031072
v 0.014682 -0.070522 0.007786
v 0.035247 -0.064125 0.011876
v 0.036477 -0.085531 0.001157
v 0.007384 -0.074743 0.005180
v 0.005051 -0.077300 0.003046
v 0.044144 -0.059523 0.017170
v 0.039987 -0.060391 0.014250
v 0.037086 -0.062993 0.012640
v 0.039592 -0.062475 0.013711
v 0.009678 -0.072867 0.006437
v 0.024351 -0.067532 0.009358
v 0.027769 -0.067594 0.009709
v 0.052886 -0.050549 0.035640
v 0.054649 -0.104607 0.005922
v 0.054334 -0.106319 0.001951
v 0.034458 -0.061546 0.012025
v 0.048259 -0.055394 0.023138
v 0.054586 -0.106147 0.003690
v 0.052563 -0.044007 0.036419
v 0.054578 -0.101225 0.008952
v 0.053809 -0.104226 0.002182
v 0.037944 -0.059937 0.013376
v 0.009179 -0.071463 0.007152
v 0.041638 -0.056740 0.015723
v 0.043760 -0.057277 0.017284
v 0.054120 -0.103770 0.004110
v 0.045258 -0.078468 0.010890
v 0.044815 -0.075447 0.012223
v 0.051957 -0.042947 0.034476
v 0.035733 -0.060252 0.012531
v 0.046860 -0.053159 0.021595
v 0.039837 -0.057276 0.014538
v 0.040328 -0.059367 0.014571
v 0.043793 -0.054841 0.017736
v 0.054076 -0.100968 0.006997
v 0.006128 -0.070125 0.007673
v 0.036699 -0.058391 0.013016
v 0.053184 -0.102888 0.001539
v 0.023917 -0.065575 0.009754
v 0.026475 -0.064202 0.010242
v 0.051185 -0.043148 0.031960
v 0.003944 -0.071871 0.006814
v 0.038214 -0.058143 0.013655
v 0.051403 -0.049940 0.031431
v 0.050491 -0.049073 0.029328
v 0.021239 -0.063478 0.009864
v 0.053628 -0.100979 0.005320
v 0.031738 -0.062040 0.011328
v 0.030383 -0.059627 0.011261
v 0.020558 -0.065427 0.009537
v 0.053158 -0.100643 0.004132
v 0.045138 -0.054050 0.019242
v 0.054647 -0.096434 0.013519
v 0.030620 -0.062812 0.011030
v 0.035661 -0.057337 0.012691
v 0.048116 -0.051633 0.023888
v 0.047307 -0.050745 0.022680
v 0.049435 -0.068352 0.019824
v 0.042378 -0.055268 0.016438
v 0.054366 -0.097390 0.011475
v 0.045924 -0.052009 0.020500
v 0.027429 -0.061803 0.010652
v 0.033060 -0.059207 0.011854
v 0.053866 -0.095251 0.011524
v 0.025009 -0.061488 0.010383
v 0.043765 -0.052482 0.017948
v 0.040300 -0.054619 0.015002
v 0.053225 -0.098463 0.006624
v 0.029844 -0.057184 0.011195
v 0.038486 -0.055565 0.013935
v 0.053553 -0.096825 0.009149
v 0.054280 -0.058314 0.036843
v 0.041281 -0.053280 0.015747
v 0.042320 -0.052753 0.016608
v 0.052293 -0.098482 0.004119
v 0.044719 -0.050933 0.019079
v 0.024986 -0.059265 0.010477
v 0.051451 -0.098996 0.001617
v 0.051877 -0.095925 0.005784
v 0.052764 -0.093237 0.010208
v 0.051201 -0.096885 0.003412
v 0.052493 -0.096191 0.006887
v 0.051000 -0.094630 0.005293
v 0.050153 -0.095353 0.003127
v 0.018608 -0.062594 0.009798
v 0.049198 -0.095099 0.001881
v 0.045763 -0.049481 0.020462
v 0.049792 -0.090929 0.006710
v 0.049471 -0.093214 0.004162
v 0.048059 -0.092196 0.003254
v 0.054121 -0.093288 0.013989
v 0.015441 -0.060872 0.009731
v 0.020888 -0.061087 0.010039
v 0.050451 -0.090353 0.008187
v 0.048921 -0.089823 0.006447
v 0.046623 -0.090878 0.002880
v 0.052438 -0.093951 0.008814
v 0.040985 -0.050968 0.015496
v 0.046673 -0.088872 0.004690
v 0.011534 -0.062780 0.009528
v 0.014960 -0.063732 0.009520
v 0.042911 -0.049895 0.017123
v 0.021935 -0.058287 0.010145
v 0.048876 -0.047244 0.025905
v 0.049134 -0.049459 0.026183
v 0.049856 -0.045487 0.028250
v 0.048749 -0.044913 0.025587
v 0.047950 -0.089115 0.005879
v 0.048901 -0.086530 0.009007
v 0.032169 -0.056229 0.011674
v 0.034207 -0.055434 0.012224
v 0.047405 -0.084533 0.008794
v 0.035721 -0.054426 0.012713
v 0.027602 -0.058931 0.010829
v 0.025749 -0.056637 0.010517
v 0.046356 -0.086361 0.006388
v 0.054433 -0.089544 0.018009
v 0.048587 -0.084450 0.010113
v 0.037050 -0.053500 0.013235
v 0.041906 -0.050266 0.016215
v 0.031896 -0.053777 0.011478
v 0.045823 -0.046624 0.020375
v 0.047226 -0.047149 0.022724
v 0.046923 -0.048998 0.022207
v 0.027935 -0.054582 0.010713
v 0.048102 -0.045042 0.024197
v 0.044928 -0.047284 0.019192
v 0.044886 -0.085088 0.006133
v 0.037429 -0.051687 0.013306
v 0.046343 -0.083715 0.008379
v 0.046172 -0.045136 0.020657
v 0.044143 -0.048840 0.018367
v 0.042105 -0.047985 0.016089
v 0.029995 -0.052971 0.010953
v 0.037566 -0.049453 0.013065
v 0.054691 -0.089360 0.019220
v 0.038964 -0.050441 0.014035
v 0.048284 -0.042765 0.024187
v 0.040710 -0.049339 0.015115
v 0.054392 -0.034749 0.046088
v 0.038732 -0.048728 0.013587
v 0.010993 -0.076717 0.003890
v 0.031214 -0.051676 0.011057
v 0.053033 -0.091331 0.012419
v 0.033838 -0.066948 0.010927
v 0.034110 -0.051583 0.011895
v 0.047280 -0.044336 0.022440
v 0.032569 -0.050517 0.011221
v 0.046953 -0.042861 0.021377
v 0.045511 -0.083293 0.007981
v 0.053527 -0.090155 0.014557
v 0.036239 -0.049209 0.012338
v 0.034823 -0.049296 0.011730
v 0.039409 -0.047009 0.013575
v 0.044609 -0.044733 0.018130
v 0.051216 -0.039890 0.031833
v 0.044526 -0.082791 0.007587
v 0.050664 -0.053913 0.028282
v 0.046237 -0.042103 0.019715
v 0.046959 -0.080797 0.010887
v 0.053312 -0.035284 0.040035
v 0.054020 -0.033085 0.043895
v 0.047658 -0.040848 0.022054
v 0.045131 -0.043019 0.018233
v 0.038296 -0.045514 0.012239
v 0.037437 -0.047665 0.012513
v 0.033686 -0.065110 0.011293
v 0.036796 -0.046587 0.011761
v 0.035621 -0.047647 0.011556
v 0.049552 -0.052832 0.026251
v 0.046002 -0.080668 0.010142
v 0.049726 -0.037076 0.025764
v 0.046631 -0.040494 0.019638
v 0.054164 -0.089114 0.017313
v 0.044552 -0.041775 0.016737
v 0.047583 -0.038866 0.020774
v 0.048604 -0.038900 0.023424
v 0.039672 -0.045295 0.013128
v 0.054616 -0.030706 0.048279
v 0.044838 -0.080382 0.009441
v 0.028364 -0.065743 0.010208
v 0.040821 -0.044056 0.013512
v 0.030082 -0.064553 0.010685
v 0.053735 -0.029981 0.041744
v 0.038907 -0.043858 0.011818
v 0.046385 -0.039089 0.018254
v 0.052739 -0.032345 0.036316
v 0.049491 -0.035691 0.024009
v 0.040942 -0.041999 0.012482
v 0.050095 -0.051647 0.027731
v 0.051137 -0.090709 0.009030
v 0.054354 -0.026708 0.046230
v 0.050639 -0.035067 0.027854
v 0.048421 -0.035409 0.020330
v 0.051570 -0.031616 0.029684
v 0.043916 -0.037618 0.012765
v 0.041539 -0.040335 0.011927
v 0.045193 -0.037993 0.015120
v 0.045312 -0.040478 0.017191
v 0.046490 -0.036781 0.016620
v 0.051983 -0.029556 0.030182
v 0.052454 -0.029472 0.033074
v 0.049819 -0.033111 0.022913
v 0.043896 -0.039413 0.014176
v 0.051865 -0.091298 0.009879
v 0.050796 -0.031950 0.026048
v 0.054043 -0.026528 0.043291
v 0.053117 -0.028724 0.036919
v 0.046839 -0.034168 0.014826
v 0.047691 -0.033898 0.016731
v 0.053619 -0.026069 0.039323
v 0.045638 -0.035068 0.013282
v 0.046715 -0.032809 0.013054
v 0.052124 -0.027225 0.028373
v 0.053008 -0.025948 0.034033
v 0.054792 -0.021804 0.050908
v 0.054347 -0.020759 0.044120
v 0.053546 -0.084985 0.018320
v 0.048278 -0.029862 0.013409
v 0.050633 -0.028862 0.021464
v 0.052162 -0.025163 0.025709
v 0.051876 -0.047573 0.033437
v 0.052213 -0.087626 0.013401
v 0.043987 -0.074142 0.012309
v 0.051614 -0.088554 0.011571
v 0.050974 -0.046466 0.031074
v 0.048163 -0.048721 0.024381
v 0.044056 -0.071758 0.013390
v 0.052469 -0.017912 0.012197
v 0.053114 -0.016098 0.014001
v 0.053023 -0.084376 0.017376
v 0.053267 -0.014946 0.012510
v 0.052242 -0.083795 0.016042
v 0.040468 -0.051885 0.015165
v 0.050343 -0.087505 0.010250
v 0.036963 -0.056093 0.013217
v 0.039040 -0.052642 0.014253
v 0.051357 -0.085230 0.013454
v 0.004482 -0.063996 0.009338
v 0.048563 -0.063143 0.020805
v 0.026733 -0.072553 0.007881
v 0.035204 -0.052074 0.012349
v 0.003939 -0.078158 0.002173
v 0.052790 -0.035000 0.037381
v 0.041692 -0.059078 0.015436
v 0.021567 -0.054424 0.009073
v 0.021856 -0.055560 0.009645
v 0.007258 -0.056301 0.006788
v 0.002675 -0.055528 0.004439
v 0.018376 -0.055820 0.008982
v 0.008987 -0.055462 0.006002
v 0.001770 -0.055875 0.005116
v 0.025153 -0.055335 0.010268
v 0.026178 -0.054344 0.010275
v 0.026030 -0.053520 0.010004
v 0.005848 -0.055706 0.005519
v 0.012959 -0.054420 0.005611
v 0.011045 -0.055424 0.006606
v 0.006535 -0.055988 0.006186
v 0.015174 -0.055322 0.007782
v 0.014925 -0.054940 0.007292
v 0.017319 -0.055365 0.008431
v 0.017393 -0.054837 0.008045
v 0.000842 -0.055245 0.003378
v 0.024775 -0.053469 0.009597
v 0.013843 -0.054623 0.006432
v 0.002663 -0.055233 0.003492
v 0.019747 -0.053880 0.008046
v 0.020205 -0.054348 0.008601
v 0.005367 -0.055405 0.004682
v 0.003768 -0.055831 0.005302
v 0.022426 -0.054807 0.009500
v 0.018560 -0.053834 0.007479
v 0.009041 -0.055019 0.005087
v 0.008274 -0.054860 0.004264
v 0.015867 -0.054217 0.006725
v 0.025032 -0.052718 0.009292
v 0.027826 -0.052144 0.010071
v 0.004401 -0.055131 0.003510
v 0.005955 -0.055018 0.003691
v 0.028916 -0.052684 0.010605
v 0.021699 -0.052998 0.008065
v 0.001294 -0.055011 0.001913
v 0.010789 -0.054510 0.004625
v 0.015666 -0.053784 0.005897
v 0.009050 -0.054541 0.003448
v 0.004423 -0.054943 0.002484
v 0.023155 -0.052626 0.008414
v 0.001826 -0.055099 0.002715
v 0.013558 -0.053772 0.004239
v 0.013577 -0.053969 0.004907
v 0.021264 -0.052610 0.007388
v 0.006325 -0.054704 0.001995
v 0.019741 -0.052869 0.006813
v 0.008020 -0.054509 0.002308
v 0.017937 -0.052722 0.005169
v 0.029209 -0.051054 0.010163
v 0.022990 -0.053295 0.008853
v 0.030603 -0.050911 0.010663
v 0.019110 -0.052867 0.006400
v 0.011587 -0.053864 0.002237
v 0.016156 -0.053107 0.004550
v 0.027803 -0.051146 0.009562
v 0.024187 -0.051662 0.008022
v 0.031197 -0.049781 0.010463
v 0.003501 -0.054928 0.001671
v 0.026052 -0.050640 0.008126
v 0.025418 -0.051676 0.008744
v 0.024472 -0.051031 0.007411
v 0.011130 -0.053903 0.001613
v 0.030322 -0.049469 0.009852
v 0.033006 -0.049473 0.011069
v 0.020008 -0.051678 0.004255
v 0.028117 -0.049679 0.008588
v 0.014210 -0.053204 0.002040
v 0.013021 -0.053709 0.003377
v 0.020499 -0.051762 0.005204
v 0.034194 -0.047541 0.010730
v 0.027808 -0.050356 0.009001
v 0.033596 -0.048576 0.010964
v 0.016617 -0.052467 0.001592
v 0.016770 -0.052569 0.002977
v 0.028279 -0.049125 0.008083
v 0.022065 -0.051566 0.006325
v 0.023417 -0.050416 0.005096
v 0.023125 -0.051200 0.006592
v 0.023790 -0.049874 0.003651
v 0.018738 -0.051749 0.001574
v 0.032251 -0.047373 0.009401
v 0.030882 -0.048592 0.009550
v 0.033881 -0.047153 0.010293
v 0.031058 -0.047395 0.008418
v 0.020169 -0.051232 0.002002
v 0.025388 -0.049443 0.005228
v 0.022302 -0.050332 0.001928
v 0.033792 -0.046228 0.009446
v 0.018397 -0.052070 0.003283
v 0.033311 -0.045932 0.008649
v 0.027860 -0.048976 0.007445
v 0.026948 -0.048190 0.003577
v 0.025290 -0.050039 0.006556
v 0.027246 -0.048228 0.004626
v 0.027928 -0.048048 0.005448
v 0.023755 -0.049638 0.001537
v 0.035265 -0.045512 0.009968
v 0.034985 -0.044789 0.008921
v 0.025515 -0.048887 0.002962
v 0.034433 -0.044733 0.008174
v 0.021193 -0.050984 0.003269
v 0.025788 -0.048610 0.001498
v 0.036393 -0.044513 0.010072
v 0.029585 -0.046739 0.004460
v 0.027781 -0.048548 0.006552
v 0.036724 -0.043590 0.009446
v 0.031100 -0.045871 0.005071
v 0.027219 -0.047839 0.001921
v 0.036021 -0.043461 0.008345
v 0.031526 -0.045276 0.003480
v 0.032143 -0.046064 0.007494
v 0.029006 -0.046861 0.002873
v 0.035679 -0.046315 0.010900
v 0.037920 -0.043227 0.010428
v 0.029458 -0.046483 0.001590
v 0.033229 -0.044259 0.004679
v 0.039079 -0.041763 0.010275
v 0.001375 -0.062507 0.009391
v 0.037507 -0.041926 0.008146
v 0.038421 -0.041701 0.009295
v 0.031078 -0.045423 0.001920
v 0.034661 -0.043483 0.005907
v 0.004352 -0.061953 0.009382
v 0.036673 -0.045336 0.010978
v 0.030913 -0.046473 0.006541
v 0.035247 -0.042584 0.004283
v 0.040567 -0.039512 0.009630
v 0.041074 -0.039833 0.010820
v 0.033424 -0.043715 0.001473
v 0.033630 -0.043653 0.002773
v 0.037062 -0.041103 0.004804
v 0.004731 -0.061020 0.009259
v 0.042590 -0.037868 0.010935
v 0.038429 -0.043533 0.011193
v 0.002461 -0.060356 0.009001
v 0.044179 -0.036333 0.011931
v 0.037471 -0.040460 0.003388
v 0.042506 -0.037005 0.009499
v 0.034664 -0.044110 0.007404
v 0.035893 -0.041746 0.002322
v 0.044489 -0.034989 0.010825
v 0.039226 -0.039021 0.004961
v 0.040068 -0.037877 0.003414
v 0.037169 -0.040589 0.001903
v 0.043533 -0.035160 0.008602
v 0.041038 -0.037065 0.004937
v 0.033484 -0.044612 0.006471
v 0.045963 -0.033056 0.011547
v 0.044823 -0.033467 0.008957
v 0.039336 -0.038546 0.002557
v 0.046299 -0.031628 0.010121
v 0.042913 -0.035001 0.005740
v 0.041737 -0.035948 0.002968
v 0.048163 -0.028946 0.011625
v 0.047188 -0.030737 0.011418
v 0.051686 -0.018915 0.003982
v 0.053970 -0.011081 0.010301
v 0.053496 -0.013424 0.010184
v 0.052600 -0.016151 0.003563
v 0.053425 -0.013298 0.006652
v 0.039612 -0.041959 0.011100
v 0.053862 -0.011239 0.004747
v 0.054821 -0.004742 0.012372
v 0.054909 -0.003254 0.005225
v 0.054734 -0.005510 0.006603
v 0.035868 -0.042786 0.006761
v 0.011889 -0.061883 0.009581
v 0.007003 -0.061262 0.009378
v 0.008658 -0.061667 0.009467
v 0.008708 -0.060407 0.009331
v 0.012721 -0.060374 0.009555
v 0.005095 -0.060283 0.009099
v 0.004853 -0.059487 0.008806
v 0.008529 -0.059544 0.009115
v 0.009302 -0.058577 0.008845
v 0.016502 -0.059350 0.009715
v 0.019128 -0.059408 0.009942
v 0.037625 -0.041303 0.007108
v 0.006641 -0.058710 0.008624
v 0.004927 -0.058473 0.008316
v 0.011376 -0.058785 0.009133
v 0.012822 -0.059384 0.009409
v 0.013379 -0.057539 0.008891
v 0.014211 -0.058188 0.009241
v 0.020833 -0.057439 0.009925
v 0.002563 -0.058646 0.008208
v 0.004544 -0.057848 0.007848
v 0.009531 -0.057661 0.008398
v 0.001360 -0.057860 0.007550
v 0.016533 -0.058241 0.009531
v 0.016044 -0.056700 0.008936
v 0.013208 -0.056778 0.008447
v 0.020541 -0.056946 0.009789
v 0.007464 -0.056981 0.007564
v 0.008181 -0.057374 0.008009
v 0.039052 -0.040368 0.008221
v 0.018456 -0.056660 0.009352
v 0.024646 -0.056240 0.010322
v 0.002905 -0.057228 0.007106
v 0.000983 -0.057164 0.006900
v 0.003570 -0.056683 0.006574
v 0.004782 -0.057138 0.007274
v 0.038075 -0.040531 0.006227
v 0.039616 -0.039187 0.006930
v 0.008777 -0.056252 0.007073
v 0.003547 -0.056231 0.005949
v 0.001450 -0.056353 0.005913
v 0.040497 -0.038808 0.008279
v 0.041588 -0.036956 0.006886
v 0.040398 -0.038190 0.006483
v 0.042144 -0.036850 0.008297
v 0.042459 -0.035847 0.006721
v 0.044099 -0.033801 0.007051
v 0.045699 -0.031767 0.008051
v 0.047043 -0.029821 0.008855
v 0.044665 -0.032651 0.005736
v 0.043245 -0.034125 0.003138
v 0.047959 -0.028067 0.008594
v 0.049116 -0.026974 0.011750
v 0.046267 -0.030352 0.006232
v 0.044096 -0.032984 0.002862
v 0.045747 -0.030656 0.003027
v 0.047335 -0.028514 0.005850
v 0.049281 -0.025625 0.009236
v 0.050044 -0.024750 0.011609
v 0.049025 -0.025516 0.006703
v 0.047345 -0.028102 0.003008
v 0.050628 -0.022596 0.009555
v 0.049669 -0.024098 0.006326
v 0.048459 -0.026109 0.002973
v 0.050776 -0.021616 0.006742
v 0.051646 -0.020066 0.010467
v 0.049524 -0.024021 0.002996
v 0.051938 -0.018633 0.007701
v 0.050760 -0.021261 0.002957
v 0.052557 -0.016605 0.007307
v 0.054264 -0.009054 0.005422
v 0.054524 -0.007352 0.006616
v 0.006294 -0.062902 0.009434
v 0.011292 -0.056705 0.008038
v 0.010356 -0.056432 0.007608
v 0.014271 -0.056021 0.008137
v 0.012324 -0.055882 0.007531
v 0.012062 -0.055542 0.007075
v 0.022039 0.045016 0.090777
v 0.035821 0.040319 0.070464
v 0.046592 0.014253 0.097191
v 0.024738 0.043580 0.090779
v 0.051981 0.011540 0.073058
v 0.052555 0.008743 0.072640
v 0.051250 0.013492 0.074746
v 0.031956 0.033831 0.106789
v 0.034305 0.032950 0.102320
v 0.013458 0.049532 0.085122
v 0.015494 0.049941 0.080068
v 0.049605 0.012606 0.084920
v 0.050852 0.010618 0.080610
v 0.008076 0.052605 0.075119
v 0.010532 0.052357 0.074071
v 0.027406 0.041659 0.091879
v 0.049777 0.009761 0.087218
v 0.019943 0.046561 0.088237
v 0.037714 0.038537 0.070463
v 0.048260 0.013766 0.090088
v 0.048654 0.010911 0.091633
v 0.037667 0.039972 0.064534
v 0.017987 0.049087 0.080063
v 0.030443 0.038533 0.095389
v 0.030188 0.035542 0.106422
v 0.033980 0.041455 0.072421
v 0.047827 0.007875 0.098243
v 0.047531 0.002067 0.102248
v 0.032297 0.042208 0.074975
v 0.047498 0.010847 0.097156
v 0.049178 0.008122 0.091628
v 0.045271 0.028106 0.073754
v 0.028284 0.038669 0.100841
v 0.047681 0.005852 0.100222
v 0.016928 0.047327 0.090261
v 0.025429 0.041104 0.098967
v 0.010948 0.050153 0.085156
v 0.006307 0.053584 0.070896
v 0.045667 0.020894 0.089996
v 0.047527 0.016199 0.089991
v 0.041375 0.033616 0.073812
v 0.043224 0.030473 0.076073
v 0.003884 0.052449 0.078632
v 0.025510 0.039039 0.106435
v 0.019263 0.045056 0.096097
v 0.022412 0.042896 0.098795
v 0.007072 0.051809 0.080285
v 0.045934 0.007625 0.106773
v 0.046557 0.018173 0.091191
v 0.001539 0.052637 0.078272
v 0.044588 0.023595 0.088899
v 0.046027 0.012305 0.102069
v 0.023634 0.040216 0.106385
v 0.014600 0.046712 0.096472
v 0.008369 0.049990 0.088387
v 0.006121 0.050764 0.086188
v 0.037460 0.036382 0.079854
v 0.045505 0.017688 0.096715
v 0.039541 0.032961 0.083674
v 0.043107 0.025418 0.090868
v 0.004023 0.050961 0.086288
v 0.016630 0.044955 0.100934
v 0.044561 0.019844 0.096893
v 0.012489 0.047436 0.096002
v 0.019593 0.042356 0.106343
v 0.035350 0.038506 0.079670
v 0.038540 0.034455 0.082545
v 0.010443 0.047826 0.096510
v 0.043822 0.021717 0.096290
v 0.029482 0.045071 0.071066
v 0.041581 0.027902 0.090721
v 0.007647 0.048503 0.095840
v 0.005061 0.048742 0.096319
v 0.001668 0.051247 0.085505
v 0.002184 0.049589 0.093446
v 0.026572 0.046892 0.070937
v 0.007944 0.046927 0.102484
v 0.039886 0.030568 0.089830
v 0.053767 0.004354 0.067799
v 0.054094 0.001869 0.066188
v 0.043596 0.016471 0.106608
v 0.053615 0.007275 0.067095
v 0.044287 0.018125 0.101132
v 0.002000 0.047847 0.101236
v 0.004841 0.046377 0.106506
v 0.052387 0.001386 0.077253
v 0.052308 -0.000338 0.077594
v 0.052992 0.010749 0.067689
v 0.041801 0.024157 0.099195
v 0.052296 0.003802 0.077340
v 0.052505 0.013339 0.067302
v 0.023704 0.048442 0.070769
v 0.052103 0.006180 0.077348
v 0.030213 0.042649 0.079765
v 0.051644 0.016101 0.068063
v 0.050412 0.021783 0.063241
v 0.051544 0.018983 0.062792
v 0.050091 0.020092 0.069201
v 0.050469 0.001390 0.087990
v 0.050382 -0.000209 0.088424
v 0.048537 0.023594 0.069463
v 0.050660 0.003655 0.086530
v 0.032973 0.039041 0.085705
v 0.048932 0.019906 0.076078
v 0.048543 0.021696 0.074134
v 0.048697 0.000315 0.096968
v 0.045298 0.031066 0.063937
v 0.044038 0.032204 0.066354
v 0.050402 0.006516 0.086552
v 0.048922 0.005200 0.094751
v 0.046785 0.021619 0.083254
v 0.028512 0.043742 0.080102
v 0.043336 0.031668 0.071637
v 0.045303 0.029267 0.070028
v 0.038177 0.032720 0.089686
v 0.021201 0.049521 0.071185
v 0.047599 0.019851 0.083010
v 0.031191 0.040663 0.085009
v 0.040907 0.031462 0.083006
v 0.042453 0.029255 0.083230
v 0.038984 0.028768 0.098378
v 0.036569 0.034988 0.088076
v 0.043330 0.019840 0.101984
v 0.040646 0.026907 0.097026
v 0.038065 0.026857 0.106606
v 0.039286 0.025033 0.106643
v 0.008304 0.054285 0.064998
v 0.051307 0.008260 0.080370
v 0.025763 0.045460 0.080011
v 0.034707 0.036846 0.088050
v 0.042697 0.021414 0.101503
v 0.037736 0.030772 0.097249
v 0.047127 0.026261 0.069742
v 0.018541 0.050621 0.070996
v 0.046588 0.029095 0.063807
v 0.047526 0.023566 0.074941
v 0.049300 0.003071 0.093685
v 0.048701 0.017861 0.081381
v 0.039975 0.036534 0.069044
v 0.039692 0.035553 0.073985
v 0.050568 0.015790 0.075018
v 0.043865 0.027112 0.083170
v 0.036343 0.032959 0.095538
v 0.015967 0.051497 0.070999
v 0.022906 0.047001 0.079886
v 0.034395 0.034745 0.096342
v 0.003719 0.053814 0.070992
v 0.050472 0.018109 0.071236
v 0.012919 0.051993 0.073102
v 0.042366 0.033999 0.067876
v 0.020492 0.048057 0.080176
v 0.046545 0.022996 0.081237
v 0.032675 0.036414 0.096189
v 0.029003 0.040846 0.090708
v 0.046362 0.025752 0.075090
v 0.048943 0.015287 0.084496
v 0.045204 0.024979 0.082717
v 0.047231 -0.001678 0.103604
v 0.007953 -0.047981 0.104035
v 0.037244 -0.050273 0.078140
v 0.050024 -0.075232 0.042687
v 0.013414 -0.046271 0.104574
v 0.039847 -0.065864 0.063228
v 0.003022 -0.050075 0.102011
v 0.002781 -0.052363 0.099054
v 0.048624 -0.025898 0.076281
v 0.016132 -0.104425 0.060171
v 0.018369 -0.104280 0.059423
v 0.038944 -0.104611 0.045580
v 0.006473 -0.050332 0.101139
v 0.049468 -0.020632 0.077982
v 0.039257 -0.071311 0.060608
v 0.039759 -0.044818 0.079362
v 0.011087 -0.046582 0.105082
v 0.016303 -0.044798 0.105298
v 0.031355 -0.083572 0.061158
v 0.033287 -0.083012 0.059907
v 0.040528 -0.106796 0.043176
v 0.035447 -0.050417 0.080400
v 0.034962 -0.053914 0.077839
v 0.031762 -0.123255 0.047747
v 0.033946 -0.126172 0.045707
v 0.032933 -0.120978 0.047154
v 0.027293 -0.089115 0.061189
v 0.022915 -0.066831 0.077488
v 0.024833 -0.065404 0.077413
v 0.030748 -0.060498 0.076702
v 0.012284 -0.111914 0.059143
v 0.012406 -0.108858 0.059918
v 0.033323 -0.053735 0.079895
v 0.032714 -0.058124 0.076752
v 0.007453 -0.115628 0.059247
v 0.038059 -0.110214 0.044842
v 0.003156 -0.084409 0.071688
v 0.052264 -0.035115 0.058438
v 0.002971 -0.118564 0.059161
v 0.047174 -0.031087 0.076094
v 0.045674 -0.033778 0.077665
v 0.047287 -0.027504 0.079197
v 0.048212 -0.029350 0.074537
v 0.045967 -0.092907 0.041139
v 0.052729 -0.031560 0.058761
v 0.016540 -0.074530 0.074901
v 0.053736 -0.030920 0.055734
v 0.017893 -0.099794 0.061195
v 0.020345 -0.101093 0.059725
v 0.040994 -0.103016 0.043860
v 0.004981 -0.081737 0.073055
v 0.044121 -0.058453 0.061996
v 0.051038 -0.040282 0.059115
v 0.006408 -0.047953 0.104437
v 0.024736 -0.089619 0.062437
v 0.024936 -0.094266 0.060204
v 0.043711 -0.037599 0.078699
v 0.045424 -0.037163 0.075164
v 0.041229 -0.042860 0.078656
v 0.041978 -0.064635 0.061250
v 0.044383 -0.063157 0.058739
v 0.054038 -0.027036 0.056208
v 0.041402 -0.097668 0.045323
v 0.048748 -0.078583 0.043354
v 0.038293 -0.045619 0.080961
v 0.052954 -0.070290 0.038946
v 0.002952 -0.048169 0.104668
v 0.042116 -0.038996 0.080726
v 0.042520 -0.041989 0.077028
v 0.052177 -0.071274 0.040247
v 0.030487 -0.056835 0.080079
v 0.043379 -0.095562 0.043712
v 0.044281 -0.093190 0.043471
v 0.048565 -0.048946 0.059871
v 0.050639 -0.018009 0.075321
v 0.047195 -0.056018 0.058324
v 0.035515 -0.075831 0.061876
v 0.012221 -0.074713 0.076190
v 0.014377 -0.074653 0.075580
v 0.054404 -0.022712 0.056424
v 0.036853 -0.116701 0.044532
v 0.052183 -0.010814 0.073065
v 0.052385 -0.004967 0.075372
v 0.047237 -0.083869 0.043298
v 0.027770 -0.084503 0.063191
v 0.029539 -0.088583 0.059963
v 0.029456 -0.084100 0.062267
v 0.013990 -0.104500 0.060808
v 0.035851 -0.111219 0.046681
v 0.019091 -0.071887 0.075699
v 0.037690 -0.072072 0.061886
v 0.033865 -0.115513 0.047392
v 0.051361 -0.011894 0.076741
v 0.021884 -0.069386 0.076135
v 0.004967 -0.115485 0.059605
v 0.005821 -0.118945 0.058822
v 0.023095 -0.094636 0.061018
v 0.026513 -0.062200 0.078827
v 0.046799 -0.050825 0.062204
v 0.048681 -0.053183 0.057152
v 0.017044 -0.069816 0.078115
v 0.011757 -0.104512 0.061392
v 0.015102 -0.108903 0.059152
v 0.046395 -0.126945 0.031177
v 0.034226 -0.077935 0.061879
v 0.045892 -0.123184 0.032400
v 0.032875 -0.127686 0.046439
v 0.031089 -0.128686 0.047696
v 0.029628 -0.126998 0.048869
v 0.045375 -0.118754 0.033911
v 0.020557 -0.095423 0.061873
v 0.045775 -0.084591 0.045224
v 0.044913 -0.115964 0.035159
v 0.008235 -0.079041 0.074224
v 0.044171 -0.112015 0.037140
v 0.045561 -0.110677 0.035447
v 0.006663 -0.111684 0.060289
v 0.009615 -0.110394 0.060115
v 0.043707 -0.107184 0.039131
v 0.045151 -0.105826 0.037506
v 0.037300 -0.047174 0.080956
v 0.043034 -0.103348 0.041261
v 0.044811 -0.101033 0.039634
v 0.043143 -0.099546 0.042456
v 0.027555 -0.059719 0.080119
v 0.029160 -0.061006 0.077690
v 0.019046 -0.067362 0.079137
v 0.002385 -0.114984 0.059933
v 0.042135 -0.092600 0.046510
v 0.042383 -0.025517 0.097204
v 0.043505 -0.022733 0.097801
v 0.044886 -0.012485 0.106644
v 0.001764 -0.081039 0.073774
v 0.046194 -0.029980 0.080042
v 0.022876 -0.090561 0.062959
v 0.009888 -0.074718 0.076775
v 0.050053 -0.041520 0.060892
v 0.036938 -0.106986 0.046844
v 0.023344 -0.063318 0.080090
v 0.020961 -0.092143 0.063130
v 0.047799 -0.024730 0.080334
v 0.029551 -0.122172 0.049447
v 0.005168 -0.078711 0.074921
v 0.039826 -0.098426 0.046815
v 0.030897 -0.118575 0.049074
v 0.040502 -0.040502 0.082374
v 0.015584 -0.099262 0.062190
v 0.020537 -0.065031 0.080274
v 0.053817 -0.060226 0.042092
v 0.031350 -0.078919 0.063709
v 0.045421 -0.052114 0.063897
v 0.044222 -0.034187 0.080970
v 0.031174 -0.114939 0.049594
v 0.033289 -0.111649 0.048744
v 0.044039 -0.085577 0.047223
v 0.014910 -0.069967 0.078818
v 0.017576 -0.095867 0.062873
v 0.006848 -0.108701 0.061071
v 0.003908 -0.109960 0.061054
v 0.031773 -0.053438 0.081880
v 0.034996 -0.106657 0.048694
v 0.052947 -0.027888 0.059809
v 0.009909 -0.104477 0.061810
v 0.027297 -0.126796 0.050376
v 0.025699 -0.084935 0.064242
v 0.042133 -0.059704 0.064149
v 0.027730 -0.122655 0.050553
v 0.049817 -0.015177 0.081696
v 0.038297 -0.099121 0.048154
v 0.006093 -0.075779 0.076768
v 0.036413 -0.103106 0.048561
v 0.037864 -0.066938 0.064859
v 0.048901 -0.042885 0.062816
v 0.035475 -0.071707 0.064380
v 0.035993 -0.046945 0.083071
v 0.033956 -0.050162 0.082544
v 0.012917 -0.099250 0.062980
v 0.033388 -0.073748 0.065055
v 0.052482 -0.061163 0.044869
v 0.025827 -0.058733 0.082348
v 0.042815 -0.034920 0.083581
v 0.007927 -0.104398 0.062208
v 0.012784 -0.070053 0.079453
v 0.043906 -0.031806 0.084402
v 0.002072 -0.076760 0.076513
v 0.054562 -0.017105 0.057646
v 0.029898 -0.054173 0.083105
v 0.027905 -0.055599 0.083567
v 0.040735 -0.091898 0.048451
v 0.047314 -0.074572 0.047859
v 0.043994 -0.053215 0.065602
v 0.025931 -0.125039 0.051345
v 0.031427 -0.074637 0.066169
v 0.028598 -0.079625 0.065337
v 0.050208 -0.035897 0.063875
v 0.051407 -0.007215 0.079824
v 0.031032 -0.110227 0.050814
v 0.045945 -0.026829 0.084253
v 0.038356 -0.042697 0.083894
v 0.042263 -0.086411 0.049112
v 0.021353 -0.061081 0.083253
v 0.044840 -0.029727 0.084242
v 0.032725 -0.107238 0.050382
v 0.029268 -0.116655 0.050554
v 0.039578 -0.094147 0.048791
v 0.023725 -0.085314 0.065141
v 0.040047 -0.060982 0.066145
v 0.024158 -0.059085 0.083244
v 0.046387 -0.077028 0.048070
v 0.047563 -0.021590 0.084640
v 0.048725 -0.068822 0.048482
v 0.050478 -0.012824 0.080590
v 0.007595 -0.072269 0.079022
v 0.016138 -0.065530 0.081923
v 0.010482 -0.070089 0.080064
v 0.035711 -0.100287 0.050182
v 0.032385 -0.050139 0.084439
v 0.041164 -0.036132 0.085906
v 0.010548 -0.100017 0.063264
v 0.051147 -0.033941 0.062384
v 0.033229 -0.048071 0.085578
v 0.023473 -0.125412 0.052608
v 0.027318 -0.117404 0.051655
v 0.034567 -0.047106 0.084877
v 0.014204 -0.095409 0.064190
v 0.047276 -0.046809 0.063859
v 0.051706 -0.030594 0.062573
v 0.035633 -0.067841 0.066664
v 0.054143 -0.052050 0.045253
v 0.025768 -0.121570 0.051868
v 0.005460 -0.104232 0.062615
v 0.021214 -0.087769 0.065128
v 0.040869 -0.086071 0.050951
v 0.017916 -0.091419 0.064730
v 0.017881 -0.064280 0.082243
v 0.037916 -0.092688 0.051110
v 0.030894 -0.050731 0.085506
v 0.050816 -0.053602 0.052497
v 0.039345 -0.039058 0.086180
v 0.035801 -0.096366 0.051607
v 0.014042 -0.065647 0.082621
v 0.005190 -0.072161 0.079483
v 0.036558 -0.043780 0.085609
v 0.051386 -0.002367 0.082343
v 0.048624 -0.017649 0.084688
v 0.039399 -0.089687 0.050911
v 0.034056 -0.100935 0.051373
v 0.000124 -0.107486 0.062003
v 0.025953 -0.055263 0.085556
v 0.023739 -0.122012 0.052889
v 0.027971 -0.113193 0.052141
v 0.052960 -0.051359 0.048653
v 0.037509 -0.041201 0.087008
v 0.042398 -0.054187 0.067485
v 0.002902 -0.104013 0.062945
v 0.024581 -0.118526 0.053007
v 0.044859 -0.077389 0.050159
v 0.042607 -0.031256 0.088473
v 0.046231 -0.024293 0.086346
v 0.029324 -0.108207 0.052550
v 0.029608 -0.074896 0.067419
v 0.050416 -0.009210 0.083872
v 0.053143 -0.022361 0.061753
v 0.041895 -0.032916 0.088166
v 0.054995 -0.126668 0.001010
v 0.053716 -0.017337 0.061547
v 0.054967 -0.120920 0.001867
v 0.002694 -0.071975 0.079903
v 0.047359 -0.043562 0.065841
v 0.054915 -0.124548 0.003170
v 0.025734 -0.080231 0.066826
v 0.050814 -0.004465 0.084678
v 0.011572 -0.066848 0.082411
v 0.038109 -0.062053 0.067814
v 0.054799 -0.125124 0.004939
v 0.017878 -0.061511 0.084709
v 0.026207 -0.114390 0.052920
v 0.029042 -0.051351 0.086785
v 0.021180 -0.125462 0.053680
v 0.035287 -0.043385 0.087989
v 0.054610 -0.125243 0.006896
v 0.030776 -0.106295 0.052125
v 0.021860 -0.057029 0.086759
v 0.054918 -0.112462 0.003602
v 0.049991 -0.058467 0.051625
v 0.024030 -0.055686 0.086625
v 0.007313 -0.099181 0.064175
v 0.032183 -0.101614 0.052622
v 0.015027 -0.091265 0.065787
v 0.043482 -0.078926 0.051253
v 0.049106 -0.037186 0.065998
v 0.008307 -0.067836 0.082375
v 0.054493 -0.116207 0.008550
v 0.033602 -0.068650 0.068102
v 0.054768 -0.115533 0.005697
v 0.043524 -0.029068 0.088843
v 0.054238 -0.125258 0.009654
v 0.054440 -0.012412 0.059826
v 0.019964 -0.059256 0.085740
v 0.046840 -0.067808 0.052256
v 0.010210 -0.096016 0.064926
v 0.031405 -0.048195 0.087657
v 0.021157 -0.120850 0.054272
v 0.053854 -0.124123 0.011855
v 0.021274 -0.084310 0.066921
v 0.044612 -0.047018 0.068905
v 0.054814 -0.109106 0.007468
v 0.027938 -0.075325 0.068352
v 0.027835 -0.108601 0.053394
v 0.053851 -0.117923 0.012524
v 0.054108 -0.116220 0.011339
v 0.024408 -0.114633 0.053856
v 0.040281 -0.056995 0.068596
v 0.014936 -0.061764 0.085769
v 0.054600 -0.110620 0.009181
v 0.035619 -0.092705 0.053294
v 0.016394 -0.087938 0.066981
v 0.019333 -0.125980 0.054399
v 0.026207 -0.052550 0.088152
v 0.053474 -0.125120 0.013624
v 0.049158 -0.010027 0.089746
v 0.018434 -0.085914 0.067269
v 0.054132 -0.111684 0.012551
v 0.032621 -0.045764 0.088939
v 0.053500 -0.118356 0.014245
v 0.054300 -0.107451 0.013175
v 0.022822 -0.081021 0.068010
v 0.052888 -0.125820 0.015985
v 0.021883 -0.118075 0.054416
v 0.037622 -0.038523 0.090043
v 0.038914 -0.036634 0.090000
v 0.045604 -0.044650 0.068724
v 0.005925 -0.067768 0.082862
v 0.026323 -0.108979 0.054199
v 0.030341 -0.102142 0.053779
v 0.053108 -0.119491 0.015776
v 0.017603 -0.124048 0.055257
v 0.011577 -0.064113 0.084771
v 0.040163 -0.033842 0.091000
v 0.052219 -0.024293 0.064372
v 0.054770 -0.103770 0.011607
v 0.012908 -0.091973 0.066072
v 0.044383 -0.026058 0.090237
v 0.052527 -0.120861 0.017780
v 0.004909 -0.099677 0.064311
v 0.052047 -0.126113 0.018803
v 0.053572 -0.111447 0.015646
v 0.033745 -0.096196 0.053437
v 0.031719 -0.069267 0.069376
v 0.029864 -0.047739 0.089912
v 0.054512 -0.104692 0.013124
v 0.035905 -0.063032 0.069642
v 0.019034 -0.121101 0.055119
v 0.039266 -0.085090 0.053214
v 0.045114 -0.069469 0.054017
v 0.053030 -0.114140 0.017264
v 0.027606 -0.050272 0.089358
v 0.041855 -0.079262 0.053167
v 0.047291 -0.039106 0.069122
v 0.053840 -0.105710 0.016573
v 0.051586 -0.122336 0.020574
v 0.003504 -0.067619 0.083306
v 0.051955 -0.049342 0.052098
v 0.051079 -0.126782 0.021528
v 0.035985 -0.039962 0.091079
v 0.054624 -0.099208 0.015815
v 0.052129 -0.115937 0.020054
v 0.019075 -0.057269 0.088197
v 0.025884 -0.075762 0.069428
v 0.028698 -0.102564 0.054743
v 0.049462 -0.006605 0.090716
v 0.034016 -0.042733 0.090647
v 0.045674 -0.022241 0.090982
v 0.024617 -0.109446 0.055017
v 0.051300 -0.116599 0.022367
v 0.052819 -0.109655 0.019439
v 0.037692 -0.086413 0.054199
v 0.054201 -0.100951 0.017161
v 0.009152 -0.063688 0.085798
v 0.047682 -0.011226 0.095818
v 0.053392 -0.104242 0.019260
v 0.039173 -0.034006 0.092976
v 0.022248 -0.114325 0.055008
v 0.002247 -0.098753 0.064907
v 0.050792 -0.119074 0.023234
v 0.048097 -0.037256 0.068527
v 0.050024 -0.120963 0.024821
v 0.024205 -0.052695 0.089622
v 0.031845 -0.097249 0.054515
v 0.050225 -0.126150 0.023682
v 0.049429 -0.126622 0.025464
v 0.006972 -0.095260 0.065832
v 0.009797 -0.091983 0.066808
v 0.041220 -0.030959 0.092445
v 0.047244 -0.017378 0.090931
v 0.051796 -0.109779 0.022784
v 0.038496 -0.056648 0.071213
v 0.026140 -0.050282 0.090706
v 0.035603 -0.087930 0.055458
v 0.053795 -0.098440 0.020461
v 0.032604 -0.042978 0.092329
v 0.043710 -0.070568 0.055416
v 0.052855 -0.103226 0.021757
v 0.015570 -0.058826 0.088353
v 0.039666 -0.080413 0.055130
v 0.047515 -0.014086 0.093590
v 0.012498 -0.060460 0.087897
v 0.029877 -0.069843 0.070498
v 0.033446 -0.091507 0.055665
v 0.054244 -0.095489 0.020215
v 0.050162 -0.029994 0.067877
v 0.053849 -0.011252 0.063519
v 0.022559 -0.053048 0.090473
v 0.041334 -0.052176 0.070590
v 0.036597 -0.036804 0.094218
v 0.048204 -0.126806 0.027948
v 0.051397 -0.025771 0.066520
v 0.047876 -0.061401 0.054022
v 0.049854 -0.115825 0.026172
v 0.004477 -0.094993 0.066256
v 0.006628 -0.064627 0.085477
v 0.022620 -0.109642 0.055977
v 0.048151 -0.122852 0.028494
v 0.048666 -0.120455 0.027840
v 0.012219 -0.088676 0.067854
v 0.052216 -0.019439 0.067257
v 0.050303 -0.112752 0.025872
v 0.045282 -0.041117 0.072105
v 0.051781 -0.104815 0.024541
v 0.050884 -0.110255 0.025152
v 0.033917 -0.063847 0.071117
v 0.026669 -0.103068 0.055827
v 0.046272 -0.018768 0.093206
v 0.017246 -0.056711 0.089743
v 0.038108 -0.034844 0.094050
v 0.053345 -0.097944 0.022515
v 0.042702 -0.049415 0.070500
v 0.015097 -0.126370 0.055840
v 0.012269 -0.124529 0.056804
v 0.043309 -0.026610 0.092816
v 0.052302 -0.101162 0.024482
v 0.019694 -0.081804 0.069039
v 0.034985 -0.039124 0.093829
v 0.013898 -0.086119 0.068718
v 0.027649 -0.047597 0.092449
v 0.018977 -0.115546 0.056150
v 0.014633 -0.122980 0.056376
v 0.019592 -0.112744 0.056531
v 0.053327 -0.038761 0.053569
v 0.048844 -0.116089 0.028313
v 0.022895 -0.078024 0.069761
v 0.040198 -0.053074 0.071603
v 0.030731 -0.044579 0.092737
v 0.048654 -0.058095 0.054438
v 0.029987 -0.097759 0.055654
v 0.016659 -0.119754 0.056213
v 0.003953 -0.064571 0.085926
v 0.054364 -0.087749 0.024633
v 0.019229 -0.053950 0.091659
v 0.049327 -0.002342 0.093405
v 0.053611 -0.091615 0.025057
v 0.046252 -0.039749 0.071052
v 0.044369 -0.022011 0.095902
v 0.052781 -0.094869 0.025998
v 0.016684 -0.083426 0.069299
v 0.054212 -0.006579 0.063181
v 0.050655 -0.026953 0.068361
v 0.023762 -0.050514 0.092465
v 0.028229 -0.070295 0.071443
v 0.031596 -0.092708 0.056585
v 0.047083 -0.120951 0.030714
v 0.050620 -0.105147 0.027504
v 0.049065 -0.031991 0.069789
v 0.048975 -0.109962 0.029622
v 0.045260 -0.020372 0.094989
v 0.054089 -0.035879 0.052517
v 0.006757 -0.062089 0.087811
v 0.046895 -0.116529 0.031868
v 0.054156 -0.000206 0.065597
v 0.050729 -0.100324 0.029113
v 0.044551 -0.126462 0.034057
v 0.010096 -0.060030 0.089062
v 0.036220 -0.059008 0.072236
v 0.049477 -0.104673 0.030276
v 0.052593 -0.015946 0.067608
v 0.020299 -0.109620 0.057038
v 0.047362 -0.113940 0.031637
v 0.040176 -0.030066 0.096350
v 0.051605 -0.098934 0.027476
v 0.006747 -0.091383 0.067619
v 0.024710 -0.103446 0.056801
v 0.032057 -0.064513 0.072412
v 0.014539 -0.057043 0.090621
v 0.052179 -0.093643 0.028395
v 0.028781 -0.044512 0.095103
v 0.037630 -0.081351 0.056788
v 0.016802 -0.115621 0.056937
v 0.027767 -0.098303 0.056909
v 0.042150 -0.071650 0.056888
v 0.033650 -0.039726 0.095136
v 0.020854 -0.051856 0.093008
v 0.053051 -0.013543 0.066694
v 0.001945 -0.094829 0.066557
v 0.019798 -0.078659 0.070871
v 0.048219 -0.108105 0.031662
v 0.041192 -0.026891 0.098516
v 0.013841 -0.119640 0.057111
v 0.048968 -0.004299 0.094458
v 0.009301 -0.088226 0.068743
v 0.024054 -0.073628 0.071917
v 0.030469 -0.042336 0.096000
v 0.053901 -0.082612 0.029405
v 0.039024 -0.031173 0.097460
v 0.025261 -0.047330 0.095049
v 0.042856 -0.123221 0.036774
v 0.042665 -0.127043 0.036607
v 0.051298 -0.094660 0.030214
v 0.010467 -0.126483 0.056997
v 0.004893 -0.061800 0.088389
v 0.033718 -0.087217 0.057446
v 0.049164 -0.098292 0.033348
v 0.012223 -0.057178 0.091356
v 0.026197 -0.070750 0.072547
v 0.043286 -0.120106 0.036676
v 0.027369 -0.044949 0.096070
v 0.051111 -0.046997 0.055315
v 0.046936 -0.109361 0.033590
v 0.040752 -0.073782 0.057442
v 0.029715 -0.093214 0.057713
v 0.053363 -0.085210 0.029520
v 0.042328 -0.047105 0.072976
v 0.022916 -0.103730 0.057627
v 0.015754 -0.054479 0.092895
v 0.036033 -0.035401 0.097310
v 0.031727 -0.040566 0.096795
v 0.045575 -0.014989 0.100891
v 0.044110 -0.042167 0.073675
v 0.052739 -0.084877 0.031476
v 0.050241 -0.093858 0.032999
v 0.052561 -0.041311 0.054532
v 0.014353 -0.115768 0.057690
v 0.001906 -0.062236 0.088303
v 0.048114 -0.032764 0.071935
v 0.034035 -0.037254 0.098087
v 0.006817 -0.059456 0.090426
v 0.051334 -0.021329 0.069753
v 0.019084 -0.051734 0.094284
v 0.047902 -0.103223 0.033874
v 0.030251 -0.065111 0.073556
v 0.046065 -0.059148 0.058415
v 0.052104 -0.085649 0.032708
v 0.023166 -0.047835 0.096211
v 0.021681 -0.074025 0.072960
v 0.008015 -0.126941 0.057387
v 0.033165 -0.060769 0.074197
v 0.035351 -0.082259 0.058509
v 0.038012 -0.031852 0.098706
v 0.013959 -0.081779 0.071166
v 0.009380 -0.057213 0.092190
v 0.041272 -0.123754 0.038680
v 0.016172 -0.111832 0.058039
v 0.016960 -0.052294 0.094819
v 0.028040 -0.093615 0.058648
v 0.004199 -0.089056 0.069069
v 0.051217 -0.089466 0.032918
v 0.011137 -0.083558 0.070871
v 0.017384 -0.078876 0.071741
v 0.047022 -0.008401 0.101336
v 0.042784 -0.116880 0.037926
v 0.046116 -0.013124 0.100817
v 0.046577 -0.104581 0.035689
v 0.036439 -0.056057 0.074279
v 0.038952 -0.051895 0.074341
v 0.038482 -0.076189 0.058695
v 0.008824 -0.121344 0.057961
v 0.053358 -0.008332 0.067753
v 0.040542 -0.049068 0.074298
v 0.024364 -0.098677 0.058727
v 0.020919 -0.105383 0.058028
v 0.012529 -0.054782 0.093909
v 0.002711 -0.059781 0.090660
v 0.010824 -0.119874 0.057817
v 0.042635 -0.044388 0.074690
v 0.001741 -0.091416 0.068129
v 0.047640 -0.098794 0.035997
v 0.020812 -0.049220 0.096240
v 0.012475 -0.115845 0.058186
v 0.005073 -0.125967 0.057872
v 0.047407 -0.006755 0.100729
v 0.028629 -0.065589 0.074521
v 0.039460 -0.126637 0.040438
v 0.049448 -0.026635 0.072773
v 0.031424 -0.088077 0.058850
v 0.042695 -0.112923 0.038899
v 0.006677 -0.086047 0.070341
v 0.046909 -0.034434 0.073825
v 0.047511 -0.004706 0.101352
v 0.031550 -0.038418 0.100188
v 0.040558 -0.119074 0.040211
v 0.017829 -0.108691 0.058284
v 0.044388 -0.016987 0.102961
v 0.050641 -0.020743 0.073030
v 0.040768 -0.116411 0.040475
v 0.006460 -0.057205 0.092854
v 0.037141 -0.031452 0.101238
v 0.014985 -0.052179 0.095939
v 0.051916 -0.040469 0.056690
v 0.008697 -0.083504 0.071424
v 0.024689 -0.044454 0.099444
v 0.028186 -0.041916 0.099392
v 0.035821 -0.032885 0.101639
v 0.029912 -0.040466 0.099382
v 0.040982 -0.070299 0.059150
v 0.046289 -0.099810 0.037855
v 0.037572 -0.125792 0.042462
v 0.048953 -0.092002 0.036480
v 0.034525 -0.057384 0.075421
v 0.039187 -0.121315 0.041362
v 0.018876 -0.048637 0.098272
v 0.006790 -0.122788 0.058077
v 0.051290 -0.081251 0.036942
v 0.026497 -0.093951 0.059447
v 0.050070 -0.049241 0.056480
v 0.051557 -0.015657 0.072854
v 0.034074 -0.034488 0.102324
v 0.012524 -0.052799 0.096225
v 0.001558 -0.088209 0.069731
v 0.039620 -0.027260 0.102215
v 0.032549 -0.036231 0.102072
v 0.021323 -0.046751 0.099108
v 0.026297 -0.042562 0.100553
v 0.009676 -0.054738 0.094871
v 0.041541 -0.023206 0.103375
v 0.018775 -0.075573 0.073302
v 0.038080 -0.121730 0.042450
v 0.024456 -0.068822 0.075044
v 0.003680 -0.057072 0.093427
v 0.036754 -0.053096 0.076324
v 0.050803 -0.081148 0.038031
v 0.038323 -0.028717 0.103056
v 0.026627 -0.066070 0.075656
v 0.053825 -0.074158 0.034550
v 0.009929 -0.115820 0.058767
v 0.015887 -0.049984 0.098271
v 0.040439 -0.112783 0.041673
v 0.047404 -0.091825 0.039313
v 0.050074 -0.084699 0.037755
v 0.028487 -0.039594 0.102521
v 0.039329 -0.048336 0.076812
v 0.042166 -0.107756 0.040959
v 0.007271 -0.054733 0.095477
v 0.040932 -0.045583 0.076662
v 0.046070 -0.010861 0.103398
v 0.014068 -0.078794 0.072959
v 0.002658 -0.125687 0.058084
v 0.021442 -0.099423 0.059871
v 0.053245 -0.002378 0.071101
v 0.049415 -0.022906 0.076084
v 0.010573 -0.052460 0.097322
v 0.003852 -0.122488 0.058439
v 0.048830 -0.085920 0.039556
v 0.037658 -0.114611 0.044179
v 0.008194 -0.052717 0.097681
v 0.001764 -0.055594 0.095253
v 0.036332 -0.119456 0.044493
v 0.026494 -0.040291 0.103790
v 0.004565 -0.054955 0.095706
v 0.020695 -0.045358 0.101526
v 0.030503 -0.037649 0.102916
v 0.035110 -0.126270 0.044700
v 0.024458 -0.042052 0.103185
v 0.039959 -0.109232 0.043112
v 0.040671 -0.022641 0.106893
v 0.016668 -0.047202 0.101554
v 0.034612 -0.120479 0.045857
v 0.010736 -0.079100 0.073658
v 0.053743 -0.067419 0.038511
v 0.012115 -0.049352 0.100771
v 0.022512 -0.042887 0.103708
v 0.005466 -0.052812 0.098132
v 0.018554 -0.045017 0.103519
v 0.014458 -0.047596 0.102166
v 0.009769 -0.049418 0.101506
v 0.020496 -0.043574 0.104323
v 0.055002 -0.168278 -0.000271
v 0.054547 -0.126913 -0.007105
v 0.054124 -0.127382 -0.009784
v 0.053684 -0.127195 -0.011984
v 0.052169 -0.126531 -0.017434
v 0.025253 -0.168740 -0.048862
v 0.023390 -0.172262 -0.049785
v 0.021136 -0.142741 0.052183
v 0.022443 -0.134907 0.052223
v 0.045842 -0.180742 -0.030396
v 0.024100 -0.144570 0.050709
v 0.048488 -0.171536 -0.025967
v 0.047522 -0.172017 -0.027695
v 0.015604 -0.135115 0.054820
v 0.014346 -0.155118 0.053759
v 0.011882 -0.151451 0.054567
v 0.011217 -0.170080 0.053953
v 0.009484 -0.168651 0.054311
v 0.047899 -0.179914 -0.027041
v 0.046804 -0.178003 -0.028889
v 0.027165 -0.144470 0.049067
v 0.029594 -0.148446 0.047334
v 0.044100 -0.181696 -0.032877
v 0.026576 -0.152534 0.048945
v 0.007475 -0.166365 0.054690
v 0.049006 -0.178810 -0.024978
v 0.019411 -0.134958 0.053511
v 0.011489 -0.181729 0.053784
v 0.034287 -0.171242 -0.043010
v 0.031636 -0.169555 -0.044996
v 0.032509 -0.153508 0.045089
v 0.032887 -0.162971 0.044431
v 0.035511 -0.156161 0.042584
v 0.050029 -0.181851 -0.022855
v 0.009491 -0.183168 0.054174
v 0.035467 -0.149642 0.042914
v 0.012662 -0.135590 0.055570
v 0.026960 -0.173401 -0.047940
v 0.044744 -0.174638 -0.031985
v 0.001966 -0.173369 -0.054968
v 0.012646 -0.174249 -0.053530
v 0.016021 -0.176314 -0.052614
v 0.018199 -0.145767 0.053121
v 0.016212 -0.167908 -0.052568
v 0.018652 -0.172674 -0.051743
v 0.020664 -0.170128 -0.050977
v 0.050734 -0.181786 -0.021244
v 0.010533 -0.132911 0.056315
v 0.051351 -0.180144 -0.019707
v 0.047501 -0.131444 0.029050
v 0.050614 -0.138460 0.022360
v 0.051490 -0.134862 0.020189
v 0.045787 -0.130832 0.031950
v 0.036034 -0.168993 -0.041558
v 0.049293 -0.136183 0.025404
v 0.048052 -0.136477 0.027846
v 0.051677 -0.142579 0.019492
v 0.052167 -0.134785 0.018188
v 0.015452 -0.144276 0.054123
v 0.022836 -0.153547 0.050779
v 0.050549 -0.145584 0.022330
v 0.007447 -0.136048 0.056542
v 0.044412 -0.131980 0.033946
v 0.048333 -0.143305 0.027072
v 0.050157 -0.127926 -0.022576
v 0.028812 -0.161882 0.047238
v 0.030274 -0.169862 -0.045922
v 0.049270 -0.145842 0.025149
v 0.051504 -0.153694 0.019723
v 0.052337 -0.150186 0.017359
v 0.042814 -0.168480 -0.034531
v 0.019855 -0.182329 -0.051299
v 0.050321 -0.152889 0.022681
v 0.028870 -0.172766 -0.046819
v 0.052750 -0.161532 0.015820
v 0.053134 -0.151713 0.014565
v 0.051801 -0.162092 0.018742
v 0.043900 -0.174572 0.033205
v 0.042472 -0.171044 0.035090
v 0.005154 -0.136073 0.056805
v 0.025135 -0.182192 -0.048929
v 0.049106 -0.152978 0.025287
v 0.053762 -0.158440 0.011826
v 0.053539 -0.168678 0.012735
v 0.019279 -0.153039 0.052289
v 0.011579 -0.144370 0.055106
v 0.050784 -0.162944 0.021381
v 0.051862 -0.174378 0.018396
v 0.054965 -0.171117 -0.002060
v 0.010256 -0.138991 0.055812
v 0.032232 -0.170558 0.044701
v 0.054981 -0.170280 0.001554
v 0.030114 -0.165313 0.046313
v 0.034790 -0.175926 0.042646
v 0.034835 -0.169164 0.042748
v 0.003726 -0.132455 0.057285
v 0.003243 -0.138252 0.056759
v 0.030021 -0.173311 0.046172
v 0.029034 -0.183035 0.046688
v 0.039700 -0.167807 -0.038072
v 0.025579 -0.158289 0.049204
v 0.030721 -0.182614 0.045594
v 0.024863 -0.182762 0.049040
v 0.023996 -0.175430 0.049531
v 0.020995 -0.182338 0.050822
v 0.036627 -0.126887 0.043275
v 0.041694 -0.135674 0.037322
v 0.041186 -0.171700 0.036581
v 0.054724 -0.179872 0.005536
v 0.054739 -0.168313 0.005443
v 0.054414 -0.171477 0.008112
v 0.053952 -0.168118 0.010811
v 0.036524 -0.133426 0.042910
v 0.022777 -0.163336 0.050384
v 0.041796 -0.171992 -0.035755
v 0.041535 -0.142544 0.037159
v 0.016489 -0.153838 0.053200
v 0.006613 -0.142715 0.056075
v 0.009155 -0.146661 0.055411
v 0.037715 -0.139783 0.041387
v 0.039704 -0.137125 0.039510
v 0.054967 -0.181554 0.001971
v 0.053976 -0.179652 0.010563
v 0.034639 -0.135006 0.044465
v 0.033177 -0.136362 0.045554
v 0.053226 -0.173085 0.013945
v 0.020760 -0.163498 0.051243
v 0.054329 -0.180477 0.008610
v 0.037034 -0.171121 0.040795
v 0.018853 -0.160217 0.052102
v 0.053484 -0.182462 0.012826
v 0.043484 -0.170219 -0.033689
v 0.044125 -0.148825 0.033612
v 0.052965 -0.180264 0.014826
v 0.041522 -0.151421 0.036792
v 0.038673 -0.144872 0.040169
v 0.040061 -0.145110 0.038703
v 0.024990 -0.164863 0.049275
v 0.039468 -0.151643 0.039048
v 0.035688 -0.181599 0.041826
v 0.050809 -0.172367 0.021173
v 0.049699 -0.163207 0.023834
v 0.045317 -0.158321 0.031607
v 0.046483 -0.157378 0.029859
v 0.037159 -0.150790 0.041343
v 0.043835 -0.160990 0.033601
v 0.043152 -0.154710 0.034683
v 0.039942 -0.159087 0.038263
v 0.049911 -0.173966 0.023192
v 0.048857 -0.171068 0.025391
v 0.042341 -0.161952 0.035468
v 0.037114 -0.182850 0.040560
v 0.046354 -0.167260 0.029822
v 0.044676 -0.166397 0.032323
v 0.047705 -0.174675 0.027457
v 0.037919 -0.154742 0.040462
v 0.049241 -0.176926 0.024555
v 0.006414 -0.149098 0.055646
v 0.050985 -0.180802 0.020624
v 0.036607 -0.162577 0.041403
v 0.002133 -0.143640 0.056365
v 0.038365 -0.163685 0.039735
v 0.046176 -0.175027 0.029955
v 0.017165 -0.163283 0.052574
v 0.046336 -0.184269 0.029580
v 0.053524 -0.174178 -0.012657
v 0.003718 -0.146846 0.056044
v 0.012096 -0.175177 0.053687
v 0.013481 -0.181612 0.053317
v 0.049526 -0.171337 -0.023926
v 0.032556 -0.183001 0.044300
v 0.026994 -0.174208 0.047997
v 0.010517 -0.158106 0.054496
v 0.050152 -0.168459 -0.022589
v 0.033129 -0.172260 -0.043904
v 0.051074 -0.172463 -0.020424
v 0.008385 -0.158397 0.054843
v 0.015402 -0.165297 0.053045
v 0.054713 -0.167960 -0.005676
v 0.054868 -0.173067 -0.003832
v 0.003698 -0.154867 0.055547
v 0.051849 -0.173022 -0.018349
v 0.038696 -0.130086 0.041009
v 0.005899 -0.157823 0.055203
v 0.043408 -0.135712 0.035149
v 0.020874 -0.174015 0.050952
v 0.052411 -0.168854 -0.016681
v 0.013098 -0.166006 0.053639
v 0.054461 -0.180436 -0.007723
v 0.054766 -0.182912 -0.005105
v 0.054909 -0.180308 -0.003198
v 0.044225 -0.141514 0.033768
v 0.043128 -0.147680 0.034968
v 0.017746 -0.174210 0.052110
v 0.002979 -0.161534 0.055277
v 0.054908 -0.172233 0.003234
v 0.054891 -0.180747 0.003504
v 0.004946 -0.167654 0.054934
v 0.019404 -0.182169 0.051455
v 0.015005 -0.173743 0.052969
v 0.044937 -0.151208 0.032387
v 0.047490 -0.158824 0.028141
v 0.015352 -0.181931 0.052811
v 0.002513 -0.167246 0.055116
v 0.047369 -0.167013 0.028164
v 0.054387 -0.169102 -0.008211
v 0.039727 -0.170224 0.038193
v 0.008755 -0.178027 0.054308
v 0.002879 -0.174132 0.054956
v 0.002327 -0.181230 0.054957
v 0.005077 -0.178487 0.054769
v 0.007024 -0.174452 -0.054551
v 0.008893 -0.174030 -0.054278
v 0.003806 -0.175136 -0.054870
v 0.002105 -0.180585 -0.054964
v 0.010938 -0.170357 -0.053904
v 0.037823 -0.169756 -0.039935
v 0.012281 -0.180928 -0.053617
v 0.036191 -0.179474 -0.041419
v 0.029471 -0.135045 0.048301
v 0.053969 -0.170031 -0.010633
v 0.035438 -0.142689 0.043304
v 0.033520 -0.144129 0.044790
v 0.054002 -0.182180 -0.010459
v 0.040804 -0.127097 0.038888
v 0.045934 -0.136739 0.031457
v 0.040984 -0.158439 0.037152
v 0.045362 -0.143191 0.032055
v 0.041206 -0.165404 0.036707
v 0.044867 -0.175050 0.031886
v 0.046500 -0.150450 0.030038
v 0.048391 -0.158391 0.026539
v 0.048498 -0.165113 0.026198
v 0.038630 -0.172612 0.039262
v 0.012273 -0.157247 0.054163
v 0.006909 -0.173302 0.054616
v 0.040712 -0.175376 -0.036980
v 0.007147 -0.181073 0.054534
v 0.005463 -0.173855 -0.054729
v 0.039476 -0.183188 -0.038299
v 0.014097 -0.169106 -0.053168
v 0.052994 -0.171943 -0.014741
v 0.052985 -0.180041 -0.014774
v 0.046663 -0.142304 0.030058
v 0.047985 -0.150101 0.027513
v 0.046013 -0.171766 -0.030140
v 0.044628 -0.183692 0.032120
v 0.032028 -0.144167 0.045915
v 0.026795 -0.135222 0.049947
v 0.024330 -0.134921 0.051299
v 0.054500 -0.191967 0.000000
v 0.054500 -0.189011 0.000985
v 0.054500 -0.189011 -0.000985
v 0.054500 0.000000 0.002533
v 0.054500 -0.000985 0.005489
v 0.054500 0.000985 0.005489
vn -0.0000 -1.0000 -0.0000
vn 0.0001 -1.0000 0.0002
vn -0.0000 -1.0000 0.0001
vn -0.0000 -1.0000 -0.0001
vn 0.0003 -1.0000 -0.0000
vn -0.0000 -1.0000 -0.0002
vn -1.0000 -0.0001 0.0069
vn -1.0000 -0.0019 -0.0033
vn -0.9974 -0.0030 -0.0725
vn -0.0153 0.0012 0.9999
vn -0.9941 0.0032 -0.1086
vn -0.0553 -0.0017 0.9985
vn -0.0538 -0.0014 0.9986
vn -0.9877 -0.0014 -0.1562
vn -0.9854 -0.0054 -0.1704
vn -0.0905 0.0015 0.9959
vn -0.9817 -0.0001 -0.1906
vn -0.1415 -0.0024 0.9899
vn -0.1218 0.0003 0.9926
vn -0.9728 0.0035 -0.2318
vn -0.1530 -0.0005 0.9882
vn -0.9614 -0.0015 -0.2750
vn -0.9580 -0.0063 -0.2867
vn -0.1917 0.0007 0.9815
vn -0.2249 -0.0026 0.9744
vn -0.2219 -0.0034 0.9751
vn -0.9464 0.0030 -0.3230
vn -0.2634 0.0016 0.9647
vn -0.3050 -0.0003 0.9523
vn -0.9242 -0.0018 -0.3819
vn -0.9215 0.0003 -0.3884
vn -0.3296 -0.0067 0.9441
vn -0.9013 0.0009 -0.4332
vn -0.8901 -0.0022 -0.4558
vn -0.8855 -0.0003 -0.4646
vn -0.3573 0.0006 0.9340
vn -0.8681 0.0015 -0.4964
vn -0.3990 0.0021 0.9170
vn -0.8478 -0.0039 -0.5303
vn -0.8443 -0.0015 -0.5358
vn -0.4407 -0.0053 0.8976
vn -0.4369 -0.0039 0.8995
vn -0.8185 0.0032 -0.5745
vn -0.4875 0.0035 0.8731
vn -0.7942 0.0003 -0.6077
vn -0.5221 -0.0029 0.8529
vn -0.5363 0.0021 0.8440
vn -0.7808 -0.0068 -0.6248
vn -0.7697 -0.0012 -0.6384
vn -0.7466 0.0026 -0.6653
vn -0.5750 -0.0030 0.8182
vn -0.7088 -0.0024 -0.7054
vn -0.5834 -0.0007 0.8122
vn -0.6121 0.0003 0.7908
vn -0.6386 -0.0040 0.7695
vn -0.6383 -0.0039 0.7698
vn -0.6689 0.0023 -0.7434
vn -0.6348 -0.0024 -0.7726
vn -0.6340 -0.0028 -0.7733
vn -0.6707 0.0011 0.7418
vn -0.7016 -0.0027 0.7125
vn -0.5919 0.0025 -0.8060
vn -0.6999 -0.0035 0.7143
vn -0.5603 -0.0020 -0.8283
vn -0.7229 -0.0004 0.6910
vn -0.7487 -0.0028 0.6629
vn -0.5620 -0.0024 -0.8271
vn -0.7478 -0.0025 0.6639
vn -0.5312 0.0009 -0.8472
vn -0.5051 -0.0014 -0.8631
vn -0.4989 -0.0002 -0.8667
vn -0.7778 0.0006 0.6285
vn -0.4744 0.0011 -0.8803
vn -0.7985 -0.0042 0.6020
vn -0.4476 -0.0007 -0.8942
vn -0.8044 -0.0007 0.5941
vn -0.4370 -0.0032 -0.8995
vn -0.8188 0.0010 0.5741
vn -0.3937 0.0040 -0.9192
vn -0.3459 -0.0029 -0.9383
vn -0.8544 -0.0057 0.5196
vn -0.8493 -0.0027 0.5279
vn -0.3440 -0.0035 -0.9390
vn -0.8649 -0.0007 0.5019
vn -0.8905 -0.0009 0.4550
vn -0.2966 0.0027 -0.9550
vn -0.9044 -0.0061 0.4267
vn -0.2497 -0.0031 -0.9683
vn -0.2473 -0.0021 -0.9689
vn -0.9119 -0.0004 0.4103
vn -0.9279 0.0038 0.3728
vn -0.1977 0.0025 -0.9803
vn -0.1416 -0.0047 -0.9899
vn -0.1497 -0.0018 -0.9887
vn -0.9490 -0.0049 0.3152
vn -0.1026 0.0023 -0.9947
vn -0.0574 0.0022 -0.9983
vn -0.0303 -0.0026 -0.9995
vn -0.9651 0.0019 0.2620
vn -0.9769 -0.0028 0.2135
vn -0.9781 -0.0039 0.2082
vn -0.9847 0.0014 0.1745
vn -0.9900 0.0028 0.1409
vn -0.9941 -0.0009 0.1086
vn -0.9957 -0.0045 0.0925
vn -0.9980 0.0021 0.0625
vn -0.5212 -0.0552 0.8517
vn -0.4303 -0.0856 0.8986
vn -0.9970 -0.0014 0.0771
vn -0.3999 -0.0839 0.9127
vn -0.9901 -0.0013 0.1403
vn -0.5132 -0.0622 0.8560
vn -0.3655 -0.0901 0.9265
vn -0.3649 -0.0900 0.9267
vn -0.8232 -0.0142 0.5676
vn -0.8262 -0.0159 0.5632
vn -0.4544 -0.0637 0.8885
vn -0.4706 -0.0701 0.8795
vn -0.6405 -0.0375 0.7670
vn -0.5663 -0.0417 0.8231
vn -0.6966 -0.0244 0.7170
vn -0.3132 -0.0968 0.9447
vn -0.7692 -0.0168 0.6388
vn -0.3084 -0.0955 0.9464
vn -0.6648 -0.0258 0.7465
vn -0.4100 -0.0716 0.9093
vn -0.6101 -0.0306 0.7918
vn -0.6079 -0.0295 0.7935
vn -0.6349 -0.0244 0.7722
vn -0.6712 -0.0235 0.7409
vn -0.5417 -0.0467 0.8393
vn -0.7449 -0.0164 0.6670
vn -0.6634 -0.0188 0.7480
vn -0.2591 -0.0973 0.9610
vn -0.2686 -0.1013 0.9579
vn -0.4879 -0.0526 0.8713
vn -0.4931 -0.0506 0.8685
vn -0.3801 -0.0776 0.9217
vn -0.2224 -0.1006 0.9698
vn -0.6601 -0.0007 -0.7512
vn -0.6916 -0.0003 -0.7223
vn -0.2055 -0.1048 0.9730
vn -0.6606 -0.0003 -0.7507
vn -0.4650 -0.0495 0.8839
vn -0.6925 -0.0000 -0.7214
vn -0.3142 -0.0790 0.9461
vn -0.6927 0.0004 -0.7212
vn -0.6977 -0.0016 -0.7164
vn -0.1804 -0.1001 0.9785
vn -0.4222 -0.0581 0.9046
vn -0.6613 0.0001 -0.7501
vn -0.3175 -0.0777 0.9451
vn -0.4304 -0.0599 0.9007
vn -0.6977 0.0012 -0.7164
vn -0.1512 -0.1072 0.9827
vn -0.6614 0.0002 -0.7500
vn -0.6339 -0.0001 -0.7734
vn -0.2702 -0.0842 0.9591
vn -0.6948 -0.0000 -0.7192
vn -0.1225 -0.1009 0.9873
vn -0.6950 -0.0013 -0.7190
vn -0.3908 -0.0658 0.9181
vn -0.2594 -0.0824 0.9622
vn -0.3554 -0.0625 0.9326
vn -0.6980 0.0002 -0.7161
vn -0.0702 -0.1111 0.9913
vn -0.4875 -0.0327 0.8725
vn -0.4189 0.0008 -0.9080
vn -0.2234 -0.0687 0.9723
vn -0.2227 -0.0907 0.9706
vn -0.3572 -0.0618 0.9320
vn -0.7725 -0.0090 0.6349
vn -0.1317 -0.0984 0.9864
vn -0.0922 -0.1027 0.9904
vn -0.4482 -0.0000 -0.8939
vn -0.4459 -0.0004 -0.8951
vn -0.2048 -0.0854 0.9751
vn -0.0240 -0.1078 0.9939
vn -0.0197 -0.1091 0.9938
vn -0.4995 0.0003 -0.8663
vn -0.6973 0.0010 -0.7167
vn -0.3143 -0.0602 0.9474
vn -0.6028 -0.0015 -0.7979
vn -0.4761 0.0005 -0.8794
vn -0.1643 -0.0897 0.9823
vn -0.7744 -0.0095 0.6326
vn -0.3028 -0.0626 0.9510
vn -0.9420 0.0006 -0.3356
vn -0.9401 -0.0003 -0.3409
vn -0.9254 0.0001 -0.3790
vn -0.5682 0.0008 -0.8229
vn -0.4419 -0.0466 0.8958
vn -0.2684 -0.0602 0.9614
vn -0.2777 -0.0767 0.9576
vn -0.7184 -0.0105 0.6955
vn -0.0371 -0.0970 0.9946
vn -0.7414 -0.0093 0.6710
vn -0.7491 -0.0108 0.6624
vn -0.6613 0.0007 -0.7501
vn -0.2741 -0.0581 0.9600
vn -0.5290 -0.0012 -0.8486
vn -0.3887 -0.0500 0.9200
vn -0.3893 -0.0502 0.9197
vn -0.6724 -0.0010 -0.7402
vn -0.1406 -0.0763 0.9871
vn -0.9400 -0.0000 -0.3412
vn -0.0952 -0.0835 0.9919
vn -0.0040 -0.0872 0.9962
vn -0.3356 -0.0472 0.9408
vn -0.3399 -0.0460 0.9393
vn -0.7227 -0.0092 0.6911
vn -0.0829 -0.0811 0.9933
vn -0.6731 -0.0101 0.7395
vn -0.4762 -0.0251 0.8790
vn -0.4716 -0.0366 0.8811
vn -0.9409 0.0011 -0.3386
vn -0.6656 -0.0117 0.7462
vn -0.9320 -0.0010 -0.3625
vn -0.1787 -0.0638 0.9818
vn -0.4372 -0.0343 0.8987
vn -0.3051 -0.0448 0.9513
vn -0.2984 -0.0465 0.9533
vn -0.6941 -0.0091 0.7199
vn -0.1592 -0.0598 0.9854
vn -0.1661 -0.0795 0.9829
vn -0.4260 -0.0387 0.9039
vn -0.9463 -0.0060 0.3232
vn -0.9276 -0.0119 0.3733
vn -0.3739 -0.0328 0.9269
vn -0.9716 -0.0015 -0.2367
vn -0.6373 -0.0112 0.7705
vn -0.6402 -0.0118 0.7681
vn -0.2620 -0.0460 0.9640
vn -0.9880 0.0026 -0.1545
vn -0.1086 -0.0698 0.9916
vn -0.1343 -0.0593 0.9892
vn -0.6115 -0.0101 0.7912
vn -0.3716 -0.0251 0.9281
vn -0.4096 -0.0269 0.9118
vn -0.9373 -0.0080 0.3484
vn -0.9459 -0.0066 0.3244
vn -0.5167 -0.0187 0.8560
vn -0.5239 -0.0212 0.8515
vn -0.3803 -0.0282 0.9245
vn -0.0608 -0.0701 0.9957
vn -0.9337 -0.0097 0.3580
vn -0.3427 -0.0298 0.9390
vn -0.9940 -0.0024 -0.1091
vn -0.5828 -0.0108 0.8126
vn -0.5727 -0.0085 0.8197
vn -0.5230 -0.0060 0.8523
vn -0.9337 -0.0046 0.3580
vn -0.9400 -0.0085 0.3410
vn -0.9997 -0.0006 -0.0256
vn -0.3033 -0.0288 0.9525
vn -0.3283 -0.0276 0.9442
vn -1.0000 -0.0010 0.0059
vn -0.9995 0.0009 0.0315
vn -0.9981 -0.0020 0.0608
vn -0.5459 -0.0122 0.8378
vn -0.9989 0.0020 0.0465
vn -0.2989 -0.0281 0.9539
vn -0.8478 -0.0110 0.5302
vn -0.8544 -0.0134 0.5194
vn -0.5764 -0.0369 0.8163
vn -0.2681 -0.0296 0.9629
vn -0.7200 -0.0164 0.6938
vn -0.2604 -0.0317 0.9650
vn -0.6937 -0.0178 0.7201
vn -0.0896 -0.0600 0.9942
vn -0.5231 -0.0060 0.8523
vn -0.0141 -0.0576 0.9982
vn -0.4399 -0.0117 0.8980
vn -0.6272 -0.0030 -0.7789
vn -0.1913 -0.0418 0.9806
vn -0.4783 -0.0105 0.8781
vn -0.3995 -0.0111 0.9167
vn -0.1929 -0.0295 0.9808
vn -0.1303 -0.0431 0.9905
vn -0.1348 -0.0444 0.9899
vn -0.4342 -0.0103 0.9008
vn -0.6607 -0.0003 -0.7507
vn -0.1788 -0.0263 0.9835
vn -0.3792 -0.0092 0.9253
vn -0.3362 -0.0146 0.9417
vn -0.4004 -0.0109 0.9163
vn -0.6621 -0.0002 -0.7494
vn -0.6020 0.0019 -0.7985
vn -0.1456 -0.0258 0.9890
vn -0.1261 -0.0297 0.9916
vn -0.6624 0.0001 -0.7492
vn -0.0219 -0.0422 0.9989
vn -0.3107 -0.0127 0.9504
vn -0.3564 -0.0072 0.9343
vn -0.5362 0.0005 -0.8441
vn -0.5602 -0.0002 -0.8284
vn -0.2713 -0.0106 0.9624
vn -0.2616 -0.0127 0.9651
vn -0.9564 0.0018 -0.2920
vn -0.3011 -0.0098 0.9535
vn -0.2274 -0.0112 0.9737
vn -0.9513 -0.0015 -0.3082
vn -0.2237 -0.0119 0.9746
vn -0.1922 -0.0110 0.9813
vn -0.0603 -0.0314 0.9977
vn -0.1879 -0.0118 0.9821
vn -0.5911 -0.0013 -0.8066
vn -0.0228 -0.0230 0.9995
vn -0.0741 -0.0222 0.9970
vn -0.0156 -0.0192 0.9997
vn -0.9513 0.0001 -0.3083
vn -0.7444 -0.0014 -0.6678
vn -0.9498 -0.0002 -0.3128
vn -0.9513 -0.0018 -0.3083
vn -0.9499 -0.0004 -0.3127
vn -0.9632 -0.0048 0.2688
vn -0.9506 0.0006 -0.3105
vn -0.9373 -0.0109 0.3484
vn -0.9485 -0.0078 0.3165
vn -0.1511 -0.0029 -0.9885
vn -0.9547 -0.0080 0.2973
vn -0.9499 0.0027 -0.3125
vn -0.9656 0.0026 -0.2601
vn -0.9777 0.0012 -0.2100
vn -0.8603 0.0001 -0.5098
vn -0.9537 -0.0063 0.3007
vn -0.9451 -0.0014 -0.3268
vn -0.8235 0.0063 -0.5673
vn -0.8520 -0.0011 -0.5235
vn -0.9523 -0.0075 0.3049
vn -0.9908 0.0026 -0.1351
vn -0.9910 -0.0041 -0.1340
vn -0.9527 -0.0030 0.3039
vn -0.9518 -0.0042 0.3067
vn -0.9961 0.0009 -0.0884
vn -0.9982 0.0004 -0.0598
vn -0.9986 -0.0007 -0.0530
vn -0.9582 -0.0022 0.2862
vn -0.8737 -0.0105 0.4863
vn -0.8741 -0.0102 0.4857
vn -0.6292 -0.0518 0.7755
vn -0.9582 -0.0021 0.2861
vn -0.5753 -0.0361 0.8171
vn -0.5344 -0.0446 0.8441
vn -0.5702 -0.0650 0.8189
vn -0.9485 -0.0052 0.3166
vn -0.6917 -0.0186 0.7220
vn -0.9400 -0.0037 0.3413
vn -0.9372 -0.0049 0.3488
vn -0.7014 -0.0106 0.7127
vn -0.6177 -0.0479 0.7849
vn -0.6090 -0.0379 0.7922
vn -0.6200 -0.0425 0.7834
vn -0.6239 0.0007 -0.7815
vn -0.6240 0.0009 -0.7814
vn -0.6269 -0.0001 -0.7791
vn -0.8281 -0.0083 0.5605
vn -0.6270 0.0013 -0.7790
vn -0.8408 -0.0061 0.5414
vn -0.6070 -0.0007 -0.7947
vn -0.7997 -0.0086 0.6004
vn -0.6268 -0.0028 -0.7792
vn -0.6267 0.0030 -0.7792
vn -0.6233 -0.0002 -0.7820
vn -0.2165 -0.0735 0.9735
vn -0.1594 -0.0760 0.9843
vn -0.2209 -0.0644 0.9732
vn -0.2125 -0.0618 0.9752
vn -0.0537 -0.0921 0.9943
vn -0.0476 -0.0880 0.9950
vn -0.2270 -0.0199 0.9737
vn -0.4376 -0.0204 0.8989
vn -0.4247 -0.0273 0.9049
vn -0.9718 0.0009 -0.2357
vn -0.9652 -0.0013 -0.2615
vn -0.0574 -0.0690 0.9960
vn -0.9651 -0.0014 -0.2617
vn -0.2077 -0.0504 0.9769
vn -0.2659 -0.0362 0.9633
vn -0.2368 -0.0511 0.9702
vn -0.0569 -0.0693 0.9960
vn -0.0063 -0.0755 0.9971
vn -0.2299 -0.0416 0.9723
vn -0.1740 -0.0485 0.9836
vn -0.0367 -0.0614 0.9974
vn -0.0608 -0.0535 0.9967
vn -0.6304 -0.0001 -0.7762
vn -0.2315 -0.0283 0.9724
vn -0.6031 0.0010 -0.7977
vn -0.2278 -0.0294 0.9733
vn -0.0070 -0.0537 0.9985
vn -0.0396 -0.0454 0.9982
vn -0.0862 -0.0451 0.9953
vn -0.7104 -0.0026 -0.7038
vn -0.0839 -0.0444 0.9955
vn -0.6687 0.0011 -0.7436
vn -0.0831 -0.0266 0.9962
vn -0.0673 -0.0331 0.9972
vn -0.0111 -0.0364 0.9993
vn -0.6332 -0.0007 -0.7740
vn -0.1500 -0.0105 0.9886
vn -0.0673 -0.0061 0.9977
vn -0.1291 -0.0076 0.9916
vn -0.0153 -0.0079 0.9999
vn -0.9652 -0.0002 -0.2614
vn -0.9652 -0.0001 -0.2616
vn -0.0095 -0.0056 0.9999
vn -0.7089 -0.0006 -0.7053
vn -0.0139 0.0003 -0.9999
vn -0.0582 0.0008 -0.9983
vn -0.9652 -0.0000 -0.2614
vn -0.9653 -0.0000 -0.2613
vn -0.8430 0.0002 -0.5379
vn -0.8133 0.0020 -0.5819
vn -0.9034 -0.0001 -0.4289
vn -0.9653 0.0007 -0.2612
vn -0.7806 -0.0085 -0.6250
vn -0.7931 0.0162 -0.6088
vn -0.9026 0.0006 -0.4305
vn -0.7814 0.0021 -0.6240
vn -0.8061 -0.0024 -0.5917
vn -0.9620 -0.0038 0.2729
vn -0.9146 -0.0007 -0.4044
vn -0.9213 0.0008 -0.3888
vn -0.9657 0.0001 -0.2597
vn -0.8245 -0.0000 -0.5659
vn -0.8424 0.0001 -0.5389
vn -0.8427 -0.0000 -0.5384
vn -0.9731 -0.0024 0.2304
vn -0.0087 0.0001 -1.0000
vn -0.8194 -0.0015 -0.5733
vn -0.9621 -0.0043 0.2726
vn -0.9674 -0.0057 0.2531
vn -0.3759 -0.0030 -0.9267
vn -0.8198 -0.0002 -0.5727
vn -0.9177 -0.0147 -0.3970
vn -0.0157 -0.0001 -0.9999
vn -0.9727 -0.0000 -0.2322
vn -0.8428 -0.0001 -0.5382
vn -0.9836 -0.0017 -0.1803
vn -0.9819 0.0016 -0.1893
vn -0.9877 -0.0010 -0.1563
vn -0.9671 -0.0024 0.2546
vn -0.8199 -0.0000 -0.5725
vn -0.9724 -0.0041 0.2333
vn -0.8427 -0.0001 -0.5383
vn -0.9619 -0.0049 0.2733
vn -0.0576 -0.0000 -0.9983
vn -0.0567 -0.0000 -0.9984
vn -0.7993 0.0001 -0.6009
vn -0.8978 -0.0096 0.4404
vn -0.8989 -0.0087 0.4380
vn -0.6469 -0.0294 0.7620
vn -0.6112 -0.0271 0.7910
vn -0.6433 -0.0204 0.7654
vn -0.3823 0.0004 -0.9240
vn -0.3820 0.0004 -0.9241
vn -0.1034 -0.0000 -0.9946
vn -0.1051 0.0001 -0.9945
vn -0.7939 -0.0013 -0.6081
vn -0.8230 -0.0022 -0.5680
vn -0.8430 0.0019 -0.5380
vn -0.1398 0.0001 -0.9902
vn -0.1392 -0.0000 -0.9903
vn -0.8526 -0.0254 0.5220
vn -0.8331 -0.0279 0.5525
vn -0.8561 -0.0225 0.5163
vn -0.5631 -0.0008 -0.8264
vn -0.8700 -0.0290 0.4923
vn -0.8142 -0.0318 0.5798
vn -0.1862 0.0002 -0.9825
vn -0.1794 -0.0001 -0.9838
vn -0.7810 -0.0378 0.6233
vn -0.8351 -0.0266 0.5495
vn -0.8101 -0.0287 0.5855
vn -0.5624 0.0007 -0.8269
vn -0.2159 -0.0002 -0.9764
vn -0.8093 -0.0294 0.5867
vn -0.8335 -0.0205 0.5522
vn -0.8499 -0.0134 0.5268
vn -0.8533 -0.0250 0.5208
vn -0.5689 -0.0017 -0.8224
vn -0.3946 -0.0012 -0.9189
vn -0.8283 -0.0238 0.5598
vn -0.2362 0.0003 -0.9717
vn -0.5680 0.0001 -0.8230
vn -0.8056 -0.0245 0.5920
vn -0.5676 -0.0000 -0.8233
vn -0.2457 -0.0000 -0.9693
vn -0.8635 -0.0179 0.5040
vn -0.9843 -0.0033 0.1764
vn -0.8051 -0.0250 0.5927
vn -0.8427 -0.0213 0.5380
vn -0.8241 -0.0184 0.5662
vn -0.8371 -0.0162 0.5468
vn -0.9837 0.0006 -0.1797
vn -0.9775 -0.0006 -0.2111
vn -0.9778 -0.0009 -0.2096
vn -0.2842 0.0003 -0.9588
vn -0.2733 -0.0001 -0.9619
vn -0.7092 -0.0005 -0.7050
vn -0.7933 0.0007 -0.6089
vn -0.3048 -0.0003 -0.9524
vn -0.7445 0.0007 -0.6676
vn -0.7472 -0.0002 -0.6645
vn -0.7699 -0.0003 -0.6382
vn -0.3298 0.0004 -0.9440
vn -0.9779 0.0001 -0.2092
vn -0.8376 -0.0141 0.5460
vn -0.8032 -0.0236 0.5952
vn -0.8049 -0.0158 0.5932
vn -0.3468 -0.0002 -0.9379
vn -0.8475 -0.0178 0.5305
vn -0.9292 -0.0067 0.3695
vn -0.8237 -0.0204 0.5667
vn -0.3839 0.0008 -0.9234
vn -0.9807 -0.0049 0.1955
vn -0.7341 -0.0285 0.6784
vn -0.9777 -0.0002 -0.2099
vn -0.9718 -0.0054 0.2356
vn -0.9743 -0.0035 0.2251
vn -0.7000 -0.0332 0.7134
vn -0.6900 -0.0314 0.7232
vn -0.6705 -0.0353 0.7411
vn -0.6526 -0.0344 0.7570
vn -0.9355 -0.0007 -0.3532
vn -0.9842 -0.0025 0.1770
vn -0.9807 -0.0016 0.1957
vn -0.8513 0.0010 -0.5247
vn -0.9777 0.0002 -0.2100
vn -0.7169 -0.0248 0.6968
vn -0.9777 0.0001 -0.2101
vn -0.7027 -0.0223 0.7111
vn -0.9595 -0.0027 -0.2817
vn -0.8169 -0.0128 0.5766
vn -0.9783 -0.0040 0.2071
vn -0.9453 -0.0017 -0.3262
vn -0.3814 0.0016 -0.9244
vn -0.9338 -0.0074 0.3578
vn -0.8376 -0.0121 0.5462
vn -0.9591 -0.0001 -0.2830
vn -0.9601 0.0016 -0.2797
vn -0.8167 -0.0119 0.5769
vn -0.7174 -0.0174 0.6964
vn -0.8263 -0.0048 0.5632
vn -0.9823 -0.0029 0.1875
vn -0.9783 -0.0009 0.2073
vn -0.8032 -0.0096 0.5956
vn -0.1528 -0.0872 0.9844
vn -0.1144 -0.0956 0.9888
vn -0.9212 -0.0074 0.3891
vn -0.9208 -0.0071 0.3901
vn -0.5830 -0.0295 0.8120
vn -0.5791 -0.0273 0.8148
vn -0.1588 -0.0132 0.9872
vn -0.1150 -0.0117 0.9933
vn -0.0602 -0.0083 0.9982
vn -0.0829 -0.0097 0.9965
vn -0.0577 0.0001 -0.9983
vn -0.4910 0.0006 -0.8712
vn -0.4383 0.0051 -0.8988
vn -0.4298 -0.0027 -0.9029
vn -0.4914 0.0009 -0.8709
vn -0.7629 0.0005 -0.6465
vn -0.5033 -0.0004 -0.8641
vn -0.5396 -0.0001 -0.8419
vn -0.5343 0.0012 -0.8453
vn -0.7861 -0.0005 -0.6181
vn -0.5845 0.0010 -0.8114
vn -0.5836 0.0012 -0.8120
vn -0.4912 -0.0014 -0.8711
vn -0.1053 -0.0009 -0.9944
vn -0.4428 0.0003 -0.8966
vn -0.4423 -0.0001 -0.8969
vn -0.1792 0.0021 -0.9838
vn -0.4944 0.0001 -0.8692
vn -0.1394 -0.0002 -0.9902
vn -0.1005 0.0004 -0.9949
vn -0.5841 0.0009 -0.8117
vn -0.6032 -0.0009 -0.7976
vn -0.4944 0.0003 -0.8692
vn -0.4435 0.0002 -0.8963
vn -0.4431 -0.0001 -0.8965
vn -0.4936 -0.0000 -0.8697
vn -0.5352 -0.0002 -0.8447
vn -0.5807 -0.0004 -0.8141
vn -0.5799 -0.0002 -0.8147
vn -0.6042 0.0001 -0.7968
vn -0.5388 -0.0010 -0.8424
vn -0.4936 -0.0001 -0.8697
vn -0.4940 0.0001 -0.8695
vn -0.4436 -0.0001 -0.8962
vn -0.4437 -0.0000 -0.8962
vn -0.5371 0.0014 -0.8435
vn -0.5394 0.0001 -0.8421
vn -0.8810 -0.0000 -0.4731
vn -0.5792 0.0016 -0.8152
vn -0.6060 -0.0015 -0.7955
vn -0.1930 -0.0018 -0.9812
vn -0.4938 -0.0004 -0.8696
vn -0.4382 -0.0034 -0.8989
vn -0.4435 0.0001 -0.8963
vn -0.4936 -0.0004 -0.8697
vn -0.4185 0.0132 -0.9081
vn -0.4458 0.0006 -0.8951
vn -0.5367 0.0001 -0.8438
vn -0.5363 0.0003 -0.8440
vn -0.5949 0.0002 -0.8038
vn -0.9985 0.0075 -0.0534
vn -0.9989 -0.0398 -0.0248
vn -0.9984 0.0032 -0.0558
vn -0.9914 0.0026 -0.1308
vn -0.9942 -0.0030 -0.1074
vn -0.9885 -0.0009 -0.1514
vn -0.9883 -0.0002 -0.1528
vn -0.9996 0.0262 -0.0052
vn -0.2478 -0.0015 -0.9688
vn -0.9942 0.0022 -0.1076
vn -0.9939 0.0004 -0.1104
vn -0.8657 -0.0001 -0.5005
vn -0.9981 -0.0040 -0.0609
vn -0.7957 -0.0002 -0.6057
vn -0.8653 0.0001 -0.5013
vn -0.8809 -0.0001 -0.4733
vn -0.7712 0.0004 -0.6366
vn -0.9951 0.0017 0.0984
vn -0.9967 -0.0345 0.0730
vn -0.9957 0.0054 0.0924
vn -0.9879 -0.0017 -0.1548
vn -0.9875 0.0001 -0.1575
vn -0.8156 -0.0001 -0.5786
vn -0.8318 -0.0006 -0.5551
vn -0.8668 0.0010 -0.4987
vn -0.3997 -0.0033 -0.9166
vn -0.8525 -0.0003 -0.5227
vn -0.8816 -0.0003 -0.4719
vn -0.8174 -0.0010 -0.5761
vn -0.9989 -0.0459 0.0038
vn -0.9997 0.0239 -0.0070
vn -0.9994 0.0346 -0.0051
vn -0.9943 -0.0023 -0.1065
vn -0.9997 -0.0256 -0.0052
vn -0.9981 0.0034 -0.0609
vn -0.7955 0.0006 -0.6060
vn -0.8339 0.0013 -0.5519
vn -0.9815 -0.0030 0.1916
vn -0.9989 -0.0008 0.0459
vn -0.9950 -0.0025 0.1000
vn -0.9957 -0.0002 0.0929
vn -0.8813 -0.0010 -0.4726
vn -0.8672 -0.0008 -0.4980
vn -0.8199 0.0018 -0.5725
vn -0.9875 -0.0000 -0.1576
vn -0.9891 -0.0012 0.1475
vn -0.9886 -0.0019 0.1508
vn -0.9927 -0.0005 0.1204
vn -0.9944 -0.0000 -0.1058
vn -0.8832 0.0001 -0.4689
vn -0.8834 0.0001 -0.4687
vn -0.8688 0.0012 -0.4952
vn -0.9873 -0.0004 -0.1588
vn -0.8947 -0.0166 0.4463
vn -0.8442 -0.0019 -0.5361
vn -0.8751 -0.0201 0.4836
vn -0.8715 -0.0231 0.4899
vn -0.9992 -0.0391 0.0056
vn -0.9995 0.0296 -0.0080
vn -0.8690 -0.0004 -0.4948
vn -0.8680 -0.0001 -0.4966
vn -0.9997 -0.0242 -0.0051
vn -0.8775 -0.0188 0.4791
vn -0.8644 -0.0140 0.5026
vn -0.9985 -0.0000 -0.0543
vn -0.9995 0.0323 -0.0056
vn -0.9944 0.0001 -0.1057
vn -0.9874 0.0005 -0.1585
vn -0.8852 0.0003 -0.4652
vn -0.8832 -0.0006 -0.4691
vn -0.7846 -0.0340 0.6191
vn -0.9986 -0.0030 0.0521
vn -0.9948 0.0002 0.1020
vn -0.9951 0.0016 0.0992
vn -0.9017 -0.0000 -0.4324
vn -0.8780 -0.0138 0.4784
vn -0.8625 -0.0193 0.5057
vn -0.9356 0.0013 -0.3531
vn -0.7845 -0.0344 0.6191
vn -0.9885 0.0022 0.1513
vn -0.9877 -0.0004 -0.1564
vn -0.9259 -0.0008 -0.3777
vn -0.9986 0.0028 0.0521
vn -0.9952 -0.0032 0.0981
vn -0.9994 0.0354 -0.0035
vn -0.9996 -0.0284 -0.0015
vn -0.9997 0.0203 -0.0109
vn -0.9945 -0.0006 -0.1048
vn -0.9997 -0.0234 -0.0066
vn -0.9996 0.0022 -0.0281
vn -0.9946 0.0002 -0.1038
vn -0.9949 -0.0016 -0.1010
vn -0.9985 0.0001 -0.0539
vn -0.9839 -0.0017 0.1785
vn -0.9791 -0.0010 0.2032
vn -0.9891 -0.0015 0.1474
vn -0.9999 0.0028 0.0160
vn -0.9527 -0.0038 0.3038
vn -0.9766 0.0013 0.2150
vn -0.9589 -0.0091 0.2836
vn -0.9782 0.0089 0.2077
vn -0.9828 -0.0351 0.1810
vn -0.9991 -0.0002 0.0426
vn -0.9403 -0.0058 0.3403
vn -0.9400 -0.0062 0.3410
vn -0.8600 -0.0104 0.5102
vn -0.9994 -0.0014 0.0354
vn -0.5466 -0.0299 0.8369
vn -0.5584 -0.0317 0.8290
vn -0.5155 -0.0368 0.8561
vn -0.6009 -0.0615 0.7969
vn -0.9701 -0.0032 0.2426
vn -0.7781 -0.0305 0.6274
vn -0.6083 -0.0243 0.7934
vn -0.8740 -0.0157 0.4857
vn -0.5844 -0.0202 0.8112
vn -0.5774 -0.0163 0.8163
vn -0.6165 -0.0187 0.7872
vn -0.5567 -0.0289 0.8302
vn -0.5886 -0.0674 0.8056
vn -0.4664 -0.0215 0.8843
vn -0.5450 -0.0128 0.8383
vn -0.6615 -0.0466 0.7485
vn -0.6536 -0.0440 0.7556
vn -0.4760 -0.0096 0.8794
vn -0.7988 -0.0191 0.6013
vn -0.9582 -0.0009 0.2862
vn -0.9202 -0.0040 0.3915
vn -0.9490 -0.0056 0.3152
vn -0.7702 -0.0193 0.6375
vn -0.7470 -0.0224 0.6644
vn -0.7793 -0.0213 0.6263
vn -0.9152 -0.0068 0.4030
vn -0.8548 -0.0083 0.5189
vn -0.7964 -0.0127 0.6046
vn -0.7995 -0.0144 0.6005
vn -0.7746 -0.0145 0.6322
vn -0.8738 -0.0075 0.4861
vn -0.9292 -0.0048 0.3695
vn -0.9144 -0.0051 0.4048
vn -0.8566 -0.0088 0.5158
vn -0.7473 -0.0152 0.6643
vn -0.9079 -0.0097 0.4192
vn -0.1602 -0.0289 0.9867
vn -0.7533 -0.0017 -0.6577
vn -0.7553 0.0002 -0.6554
vn -0.3815 0.0011 -0.9244
vn -0.7997 0.0023 -0.6004
vn -0.2448 -0.0006 -0.9696
vn -0.2145 0.0012 -0.9767
vn -0.3038 0.0004 -0.9527
vn -0.8961 -0.0002 -0.4439
vn -0.2740 0.0008 -0.9617
vn -0.7549 0.0004 -0.6559
vn -0.7992 -0.0001 -0.6011
vn -0.8192 0.0001 -0.5735
vn -0.7990 -0.0001 -0.6013
vn -0.3000 -0.0010 -0.9539
vn -0.4668 -0.0016 -0.8843
vn -0.4972 0.0016 -0.8677
vn -0.4938 0.0003 -0.8696
vn -0.8947 0.0004 -0.4466
vn -0.9074 -0.0007 -0.4203
vn -0.9073 -0.0007 -0.4205
vn -0.7536 -0.0000 -0.6574
vn -0.8199 0.0001 -0.5726
vn -0.7719 0.0002 -0.6357
vn -0.9996 -0.0011 0.0266
vn -0.9068 0.0008 -0.4215
vn -0.9021 -0.0016 -0.4315
vn -0.8952 0.0008 -0.4456
vn -0.9990 0.0006 0.0451
vn -0.7531 0.0002 -0.6579
vn -0.7716 -0.0000 -0.6361
vn -0.7690 0.0008 -0.6393
vn -0.7992 0.0006 -0.6010
vn -0.8198 -0.0006 -0.5727
vn -0.9982 -0.0007 0.0603
vn -0.9015 0.0010 -0.4328
vn -0.9030 -0.0001 -0.4296
vn -0.9030 -0.0004 -0.4297
vn -0.9953 -0.0006 0.0966
vn -0.9950 0.0002 0.1001
vn -0.8961 -0.0177 0.4435
vn -0.9938 -0.0005 0.1113
vn -0.8961 -0.0146 0.4436
vn -0.9905 -0.0031 0.1372
vn -0.9883 -0.0013 0.1526
vn -0.8900 -0.0155 0.4557
vn -0.8948 -0.0126 0.4463
vn -0.7505 -0.0356 0.6599
vn -0.8989 -0.0131 0.4379
vn -0.8901 -0.0090 0.4557
vn -0.9997 0.0001 -0.0264
vn -0.6341 -0.0570 0.7711
vn -0.6239 -0.0616 0.7790
vn -0.7518 -0.0336 0.6585
vn -0.7262 -0.0350 0.6865
vn -0.6873 -0.0400 0.7253
vn -0.6957 -0.0425 0.7171
vn -0.7727 -0.0261 0.6342
vn -0.9770 -0.0031 0.2130
vn -0.9692 -0.0015 0.2461
vn -0.7454 -0.0309 0.6659
vn -0.9972 -0.0327 0.0674
vn -0.7731 -0.0258 0.6337
vn -0.9838 -0.0014 0.1791
vn -0.7178 -0.0381 0.6952
vn -0.9897 -0.0020 0.1431
vn -0.9642 -0.0053 0.2651
vn -0.7202 -0.0275 0.6933
vn -0.7456 -0.0277 0.6658
vn -0.7463 -0.0280 0.6650
vn -0.8984 -0.0065 0.4392
vn -0.9016 -0.0046 0.4325
vn -0.7452 -0.0326 0.6661
vn -0.7386 -0.0202 0.6739
vn -0.8735 -0.0077 0.4868
vn -0.8876 -0.0084 0.4605
vn -0.7971 -0.0160 0.6036
vn -0.8538 -0.0130 0.5205
vn -0.8488 -0.0034 0.5287
vn -0.8730 -0.0096 0.4876
vn -0.7445 0.0010 -0.6676
vn -0.7165 -0.0000 -0.6976
vn -0.7136 0.0008 -0.7006
vn -0.7324 -0.0009 -0.6808
vn -0.7305 -0.0002 -0.6829
vn -0.7787 0.0001 -0.6274
vn -0.3470 -0.0004 -0.9379
vn -0.9172 0.0023 -0.3984
vn -0.3484 -0.0001 -0.9374
vn -0.7732 -0.0009 -0.6342
vn -0.3783 0.0004 -0.9257
vn -0.4020 -0.0017 -0.9156
vn -0.7309 -0.0000 -0.6825
vn -0.7307 -0.0000 -0.6827
vn -0.7077 -0.0000 -0.7065
vn -0.5364 0.0004 -0.8439
vn -0.9300 -0.0031 -0.3675
vn -0.9179 0.0010 -0.3969
vn -0.7147 -0.0006 -0.6994
vn -0.9261 0.0016 -0.3773
vn -0.7317 0.0011 -0.6817
vn -0.9177 -0.0011 -0.3973
vn -0.9185 0.0001 -0.3954
vn -0.9332 0.0005 -0.3593
vn -0.9182 0.0004 -0.3961
vn -0.9206 -0.0005 -0.3905
vn -0.9310 -0.0097 0.3650
vn -0.9169 -0.0147 0.3988
vn -0.9119 -0.0132 0.4101
vn -0.9954 0.0064 -0.0961
vn -0.9999 0.0012 -0.0105
vn -0.9284 -0.0091 0.3716
vn -0.9150 -0.0108 0.4034
vn -0.9132 -0.0119 0.4073
vn -0.0205 -0.0005 -0.9998
vn -0.7409 -0.0397 0.6704
vn -0.7621 -0.0427 0.6460
vn -0.0574 0.0004 -0.9984
vn -0.7043 -0.0460 0.7084
vn -0.9134 -0.0068 0.4069
vn -0.9211 -0.0109 0.3891
vn -0.7196 -0.0467 0.6928
vn -0.6965 -0.0496 0.7158
vn -0.5358 -0.0705 0.8414
vn -0.5432 -0.0713 0.8366
vn -0.5083 -0.0757 0.8578
vn -0.4921 -0.0728 0.8675
vn -0.6603 -0.0515 0.7493
vn -0.6702 -0.0556 0.7401
vn -0.9983 -0.0003 -0.0589
vn -0.4653 -0.0771 0.8818
vn -0.4811 -0.0849 0.8725
vn -0.5771 -0.0543 0.8148
vn -0.9950 0.0008 0.0995
vn -0.9941 -0.0007 0.1087
vn -0.5779 -0.0539 0.8143
vn -0.4403 -0.0828 0.8940
vn -0.7869 -0.5080 0.3502
vn -0.2152 -0.1964 0.9566
vn -0.1024 -0.4385 0.8929
vn -0.6633 -0.4633 0.5877
vn -0.2952 -0.7050 0.6449
vn -0.7426 -0.1755 0.6463
vn -0.1416 -0.6815 0.7180
vn -0.6768 -0.1325 0.7242
vn -0.1599 -0.1471 0.9761
vn -0.1462 -0.1619 0.9759
vn -0.3940 -0.5152 0.7611
vn -0.4248 -0.5012 0.7539
vn -0.0451 -0.6731 0.7382
vn -0.1030 -0.1362 0.9853
vn -0.1219 -0.1141 0.9860
vn -0.4523 -0.3446 0.8226
vn -0.4664 -0.3294 0.8209
vn -0.6441 -0.6169 0.4523
vn -0.3235 -0.2724 0.9062
vn -0.1012 -0.6970 0.7099
vn -0.1867 -0.1867 0.9645
vn -0.8077 -0.3831 0.4481
vn -0.7916 -0.2245 0.5683
vn -0.8050 -0.2087 0.5553
vn -0.3107 -0.5035 0.8062
vn -0.9600 -0.0940 0.2637
vn -0.7412 -0.1976 0.6416
vn -0.9662 -0.1651 0.1979
vn -0.7350 -0.2027 0.6470
vn -0.1691 -0.4652 0.8689
vn -0.9381 -0.2132 0.2730
vn -0.2623 -0.2185 0.9399
vn -0.2463 -0.2306 0.9414
vn -0.3812 -0.6994 0.6046
vn -0.6923 -0.1565 0.7044
vn -0.8270 -0.2336 0.5113
vn -0.8331 -0.2265 0.5047
vn -0.5319 -0.6663 0.5227
vn -0.9277 -0.1687 0.3331
vn -0.0561 -0.4350 0.8987
vn -0.2042 -0.7039 0.6803
vn -0.1924 -0.7115 0.6758
vn -0.8970 -0.2740 0.3468
vn -0.5238 -0.3561 0.7738
vn -0.9610 -0.1596 0.2260
vn -0.8858 -0.3015 0.3529
vn -0.6651 -0.6035 0.4398
vn -0.8186 -0.4764 0.3207
vn -0.8106 -0.2272 0.5397
vn -0.6179 -0.4817 0.6214
vn -0.6993 -0.4531 0.5529
vn -0.9775 -0.0874 0.1920
vn -0.2885 -0.7039 0.6491
vn -0.8342 -0.3556 0.4216
vn -0.0669 -0.6865 0.7240
vn -0.2065 -0.4884 0.8479
vn -0.3454 -0.5111 0.7871
vn -0.8838 -0.2251 0.4101
vn -0.8654 -0.2492 0.4348
vn -0.3576 -0.5019 0.7876
vn -0.9538 -0.2161 0.2086
vn -0.9218 -0.1883 0.3389
vn -0.9253 -0.1825 0.3325
vn -0.7112 -0.1743 0.6810
vn -0.7482 -0.4224 0.5116
vn -0.7094 -0.1764 0.6824
vn -0.0388 -0.6901 0.7227
vn -0.1518 -0.6945 0.7033
vn -0.1111 -0.7105 0.6949
vn -0.5984 -0.6426 0.4785
vn -0.5923 -0.4919 0.6381
vn -0.8645 -0.4190 0.2776
vn -0.9192 -0.3160 0.2350
vn -0.6341 -0.0674 0.7703
vn -0.6222 -0.0835 0.7784
vn -0.0910 -0.4884 0.8679
vn -0.8083 -0.3821 0.4479
vn -0.3304 -0.7159 0.6151
vn -0.3304 -0.2688 0.9048
vn -0.8446 -0.2283 0.4843
vn -0.9110 -0.2663 0.3150
vn -0.1513 -0.4717 0.8687
vn -0.9058 -0.3438 0.2477
vn -0.8833 -0.2123 0.4180
vn -0.7350 -0.4401 0.5158
vn -0.5025 -0.3566 0.7876
vn -0.2485 -0.7224 0.6453
vn -0.3900 -0.5150 0.7633
vn -0.7832 -0.2155 0.5833
vn -0.7697 -0.2295 0.5957
vn -0.6315 -0.4822 0.6072
vn -0.2248 -0.2276 0.9474
vn -0.7088 -0.5779 0.4045
vn -0.6815 -0.1336 0.7196
vn -0.9484 -0.1922 0.2520
vn -0.7796 -0.4044 0.4783
vn -0.7155 -0.2025 0.6686
vn -0.0613 -0.1381 0.9885
vn -0.9156 -0.1911 0.3539
vn -0.7498 -0.3378 0.5690
vn -0.7697 -0.3191 0.5529
vn -0.8294 -0.3571 0.4296
vn -0.4801 -0.6908 0.5406
vn -0.4830 -0.6884 0.5411
vn -0.5384 -0.5103 0.6706
vn -0.9036 -0.3498 0.2472
vn -0.9198 -0.2483 0.3038
vn -0.3635 -0.3212 0.8745
vn -0.8389 -0.4529 0.3019
vn -0.6945 -0.1575 0.7020
vn -0.7131 -0.2041 0.6707
vn -0.1884 -0.1874 0.9641
vn -0.2839 -0.7362 0.6144
vn -0.6765 -0.3646 0.6398
vn -0.9796 -0.0451 0.1956
vn -0.8135 -0.2300 0.5341
vn -0.1340 -0.4659 0.8746
vn -0.6596 -0.4692 0.5872
vn -0.2690 -0.5065 0.8192
vn -0.8515 -0.3483 0.3919
vn -0.8763 -0.3106 0.3682
vn -0.0454 -0.6941 0.7185
vn -0.9844 -0.0758 0.1588
vn -0.4170 -0.3394 0.8431
vn -0.4117 -0.3434 0.8442
vn -0.4865 -0.3709 0.7910
vn -0.6332 -0.1014 0.7673
vn -0.7234 -0.5824 0.3709
vn -0.6011 -0.0840 0.7947
vn -0.2759 -0.2762 0.9206
vn -0.5844 -0.6618 0.4696
vn -0.1412 -0.7133 0.6865
vn -0.8645 -0.2244 0.4498
vn -0.9606 -0.1645 0.2241
vn -0.0428 -0.4457 0.8942
vn -0.8371 -0.2797 0.4701
vn -0.7762 -0.5266 0.3467
vn -0.9202 -0.3126 0.2354
vn -0.7267 -0.4414 0.5263
vn -0.1936 -0.2203 0.9560
vn -0.1501 -0.1845 0.9713
vn -0.1005 -0.1576 0.9824
vn -0.0937 -0.1651 0.9818
vn -0.5241 -0.6937 0.4940
vn -0.6943 -0.2001 0.6913
vn -0.6213 -0.6497 0.4381
vn -0.1001 -0.4772 0.8731
vn -0.6417 -0.1502 0.7521
vn -0.6614 -0.1323 0.7382
vn -0.4599 -0.5275 0.7143
vn -0.4873 -0.5091 0.7095
vn -0.8759 -0.3983 0.2723
vn -0.9871 -0.0541 0.1505
vn -0.9869 -0.0573 0.1509
vn -0.6749 -0.1834 0.7148
vn -0.6833 -0.6090 0.4027
vn -0.1817 -0.4891 0.8531
vn -0.2889 -0.5239 0.8013
vn -0.7138 -0.3554 0.6035
vn -0.3957 -0.7164 0.5746
vn -0.8889 -0.2942 0.3512
vn -0.8133 -0.2965 0.5006
vn -0.8057 -0.3093 0.5051
vn -0.9559 -0.2068 0.2087
vn -0.7579 -0.2175 0.6150
vn -0.7389 -0.2395 0.6299
vn -0.9099 -0.2028 0.3620
vn -0.8532 -0.2369 0.4646
vn -0.1960 -0.7340 0.6502
vn -0.9715 -0.1308 0.1979
vn -0.2233 -0.7216 0.6553
vn -0.0407 -0.1336 0.9902
vn -0.0856 -0.7088 0.7002
vn -0.0225 -0.1451 0.9892
vn -0.2524 -0.5138 0.8200
vn -0.6581 -0.1734 0.7327
vn -0.9614 -0.0965 0.2578
vn -0.1544 -0.7251 0.6711
vn -0.3192 -0.7128 0.6246
vn -0.6390 -0.6359 0.4328
vn -0.5947 -0.3688 0.7144
vn -0.4479 -0.7011 0.5548
vn -0.4291 -0.7140 0.5532
vn -0.8986 -0.2065 0.3870
vn -0.5849 -0.5066 0.6334
vn -0.3384 -0.5373 0.7725
vn -0.7791 -0.2508 0.5745
vn -0.7927 -0.2368 0.5617
vn -0.5401 -0.6807 0.4950
vn -0.8500 -0.2693 0.4528
vn -0.9442 -0.1216 0.3062
vn -0.6005 -0.1614 0.7832
vn -0.6184 -0.1157 0.7773
vn -0.9450 -0.2456 0.2160
vn -0.6884 -0.6027 0.4036
vn -0.2879 -0.2689 0.9191
vn -0.7820 -0.5314 0.3259
vn -0.6732 -0.4747 0.5670
vn -0.8129 -0.4940 0.3083
vn -0.8161 -0.4889 0.3081
vn -0.0321 -0.7123 0.7012
vn -0.5644 -0.0752 0.8221
vn -0.9322 -0.2837 0.2249
vn -0.9215 -0.1890 0.3394
vn -0.9377 -0.1435 0.3166
vn -0.1296 -0.2022 0.9707
vn -0.4932 -0.7021 0.5136
vn -0.7028 -0.4664 0.5371
vn -0.6356 -0.6369 0.4364
vn -0.5783 -0.6668 0.4700
vn -0.2149 -0.4960 0.8413
vn -0.9563 -0.1843 0.2271
vn -0.6624 -0.1746 0.7285
vn -0.9425 -0.2151 0.2557
vn -0.6233 -0.1430 0.7688
vn -0.1173 -0.7140 0.6902
vn -0.2678 -0.7318 0.6267
vn -0.7375 -0.2187 0.6390
vn -0.7170 -0.2409 0.6541
vn -0.8000 -0.2480 0.5463
vn -0.0363 -0.7140 0.6992
vn -0.2257 -0.5145 0.8272
vn -0.8457 -0.2341 0.4795
vn -0.9779 -0.1075 0.1794
vn -0.1710 -0.2280 0.9585
vn -0.6457 -0.3752 0.6651
vn -0.5340 -0.5167 0.6693
vn -0.7322 -0.3518 0.5831
vn -0.7422 -0.3418 0.5764
vn -0.6351 -0.5010 0.5879
vn -0.7499 -0.5545 0.3607
vn -0.9376 -0.2324 0.2587
vn -0.0935 -0.1902 0.9773
vn -0.7854 -0.5256 0.3269
vn -0.8983 -0.2039 0.3893
vn -0.8853 -0.2182 0.4107
vn -0.5792 -0.1005 0.8090
vn -0.4692 -0.3621 0.8054
vn -0.6242 -0.3719 0.6871
vn -0.7606 -0.4335 0.4832
vn -0.7106 -0.6048 0.3596
vn -0.9099 -0.2811 0.3051
vn -0.0600 -0.7307 0.6801
vn -0.9282 -0.2448 0.2802
vn -0.3800 -0.7303 0.5678
vn -0.9521 -0.1222 0.2802
vn -0.4394 -0.7254 0.5298
vn -0.9267 -0.1719 0.3342
vn -0.5686 -0.3848 0.7271
vn -0.7999 -0.2929 0.5237
vn -0.6800 -0.1946 0.7069
vn -0.6632 -0.2139 0.7172
vn -0.7993 -0.4081 0.4410
vn -0.0547 -0.4710 0.8804
vn -0.1443 -0.7432 0.6533
vn -0.4206 -0.5414 0.7280
vn -0.4398 -0.5318 0.7237
vn -0.1736 -0.7338 0.6568
vn -0.1289 -0.4990 0.8569
vn -0.1214 -0.5053 0.8544
vn -0.1573 -0.2232 0.9620
vn -0.8836 -0.2259 0.4102
vn -0.4744 -0.5338 0.7000
vn -0.8508 -0.4426 0.2834
vn -0.5827 -0.5055 0.6363
vn -0.7605 -0.2551 0.5972
vn -0.0936 -0.4767 0.8741
vn -0.5719 -0.1124 0.8126
vn -0.0879 -0.4793 0.8732
vn -0.1008 -0.7268 0.6795
vn -0.9006 -0.2991 0.3155
vn -0.6298 -0.3860 0.6741
vn -0.0263 -0.1790 0.9835
vn -0.1528 -0.5214 0.8395
vn -0.0472 -0.1646 0.9852
vn -0.3128 -0.7470 0.5866
vn -0.3394 -0.7323 0.5904
vn -0.3637 -0.3458 0.8650
vn -0.2111 -0.7504 0.6264
vn -0.5535 -0.6956 0.4581
vn -0.8370 -0.2799 0.4702
vn -0.7196 -0.2310 0.6549
vn -0.8551 -0.3455 0.3867
vn -0.1822 -0.5323 0.8267
vn -0.5902 -0.1381 0.7953
vn -0.6206 -0.5011 0.6031
vn -0.0902 -0.1932 0.9770
vn -0.6339 -0.1818 0.7518
vn -0.3361 -0.3062 0.8906
vn -0.6241 -0.1902 0.7578
vn -0.4474 -0.7266 0.5215
vn -0.8194 -0.2526 0.5146
vn -0.8247 -0.2471 0.5087
vn -0.9206 -0.1760 0.3486
vn -0.9105 -0.1918 0.3664
vn -0.0371 -0.4842 0.8742
vn -0.6011 -0.6735 0.4301
vn -0.9642 -0.1619 0.2099
vn -0.2071 -0.2478 0.9464
vn -0.4919 -0.7033 0.5132
vn -0.5345 -0.3887 0.7505
vn -0.9518 -0.1271 0.2791
vn -0.6882 -0.4714 0.5515
vn -0.6658 -0.4986 0.5550
vn -0.6448 -0.6501 0.4020
vn -0.9709 -0.1428 0.1924
vn -0.6804 -0.6205 0.3900
vn -0.5294 -0.7039 0.4735
vn -0.4499 -0.3734 0.8113
vn -0.9643 -0.1676 0.2050
vn -0.8575 -0.2378 0.4562
vn -0.1357 -0.7419 0.6566
vn -0.9745 -0.0966 0.2023
vn -0.9726 -0.1108 0.2043
vn -0.7249 -0.4632 0.5099
vn -0.7426 -0.5707 0.3506
vn -0.7080 -0.3640 0.6052
vn -0.2415 -0.2732 0.9311
vn -0.2454 -0.2708 0.9308
vn -0.9399 -0.2558 0.2263
vn -0.6383 -0.2122 0.7400
vn -0.8476 -0.4508 0.2799
vn -0.9560 -0.1993 0.2153
vn -0.9421 -0.1414 0.3041
vn -0.4093 -0.5435 0.7328
vn -0.3870 -0.5538 0.7373
vn -0.3724 -0.3388 0.8640
vn -0.2843 -0.2890 0.9141
vn -0.8275 -0.3878 0.4060
vn -0.5693 -0.3987 0.7190
vn -0.1011 -0.7514 0.6521
vn -0.2164 -0.7527 0.6218
vn -0.5036 -0.3829 0.7745
vn -0.8717 -0.4117 0.2659
vn -0.3103 -0.5335 0.7868
vn -0.5565 -0.6933 0.4579
vn -0.9342 -0.1638 0.3170
vn -0.7601 -0.4345 0.4831
vn -0.6687 -0.3758 0.6415
vn -0.6969 -0.2289 0.6796
vn -0.2801 -0.7485 0.6010
vn -0.6843 -0.2414 0.6881
vn -0.9043 -0.3489 0.2460
vn -0.8363 -0.2456 0.4903
vn -0.5961 -0.1605 0.7867
vn -0.3203 -0.3155 0.8932
vn -0.6312 -0.6660 0.3975
vn -0.5417 -0.5394 0.6447
vn -0.3581 -0.5503 0.7543
vn -0.7433 -0.2445 0.6227
vn -0.5858 -0.1422 0.7979
vn -0.8928 -0.3075 0.3291
vn -0.8747 -0.3403 0.3450
vn -0.8241 -0.4874 0.2888
vn -0.3896 -0.7485 0.5366
vn -0.4018 -0.7406 0.5386
vn -0.0562 -0.7291 0.6821
vn -0.8248 -0.3890 0.4104
vn -0.0356 -0.7367 0.6753
vn -0.1337 -0.2162 0.9671
vn -0.1152 -0.2376 0.9645
vn -0.9268 -0.2512 0.2793
vn -0.6083 -0.6667 0.4308
vn -0.5988 -0.3942 0.6971
vn -0.5172 -0.0859 0.8515
vn -0.0284 -0.1976 0.9799
vn -0.0981 -0.2302 0.9682
vn -0.2520 -0.7616 0.5971
vn -0.9050 -0.1972 0.3770
vn -0.4913 -0.7263 0.4807
vn -0.4237 -0.3737 0.8251
vn -0.7654 -0.2553 0.5907
vn -0.4997 -0.7192 0.4828
vn -0.8777 -0.4003 0.2634
vn -0.8627 -0.4259 0.2728
vn -0.9064 -0.2848 0.3119
vn -0.7353 -0.4621 0.4958
vn -0.1662 -0.7613 0.6267
vn -0.4934 -0.5502 0.6737
vn -0.7818 -0.3245 0.5324
vn -0.7701 -0.3408 0.5393
vn -0.5781 -0.5367 0.6146
vn -0.5937 -0.1637 0.7878
vn -0.0761 -0.7452 0.6625
vn -0.5473 -0.0989 0.8310
vn -0.9399 -0.2576 0.2242
vn -0.9714 -0.1417 0.1906
vn -0.5240 -0.3950 0.7546
vn -0.2610 -0.5515 0.7923
vn -0.8976 -0.3620 0.2517
vn -0.8891 -0.3802 0.2549
vn -0.9542 -0.1947 0.2271
vn -0.5597 -0.1355 0.8175
vn -0.0755 -0.5006 0.8624
vn -0.5352 -0.5386 0.6507
vn -0.9870 -0.0497 0.1527
vn -0.3140 -0.5520 0.7725
vn -0.7902 -0.4260 0.4406
vn -0.9614 -0.1720 0.2146
vn -0.7876 -0.5331 0.3090
vn -0.2795 -0.3191 0.9055
vn -0.2120 -0.7616 0.6124
vn -0.1538 -0.2484 0.9564
vn -0.1452 -0.2571 0.9554
vn -0.8841 -0.2177 0.4134
vn -0.7523 -0.5668 0.3358
vn -0.7110 -0.6041 0.3600
vn -0.6577 -0.6584 0.3658
vn -0.5890 -0.1956 0.7841
vn -0.7567 -0.5599 0.3374
vn -0.9422 -0.2474 0.2258
vn -0.8926 -0.2337 0.3856
vn -0.0716 -0.2197 0.9729
vn -0.9771 -0.0295 0.2109
vn -0.9770 -0.0457 0.2081
vn -0.4100 -0.3807 0.8288
vn -0.3478 -0.5564 0.7546
vn -0.9718 -0.1147 0.2061
vn -0.2344 -0.7781 0.5828
vn -0.3567 -0.7560 0.5489
vn -0.3296 -0.7680 0.5491
vn -0.2877 -0.7751 0.5625
vn -0.6428 -0.2135 0.7357
vn -0.7727 -0.4469 0.4508
vn -0.8526 -0.4451 0.2737
vn -0.8304 -0.4762 0.2893
vn -0.1680 -0.7619 0.6255
vn -0.1460 -0.5186 0.8425
vn -0.7190 -0.2608 0.6443
vn -0.9998 0.0002 0.0191
vn -0.9998 -0.0002 0.0212
vn -0.0374 -0.7545 0.6552
vn -0.6854 -0.6264 0.3712
vn -0.8017 -0.2596 0.5384
vn -0.7951 -0.2662 0.5449
vn -0.4694 -0.0928 0.8781
vn -0.8210 -0.3109 0.4788
vn -0.9990 0.0011 0.0443
vn -0.5294 -0.1091 0.8413
vn -0.8027 -0.5105 0.3085
vn -0.2380 -0.5514 0.7996
vn -0.9633 -0.1730 0.2053
vn -0.4392 -0.7480 0.4976
vn -0.7078 -0.6060 0.3631
vn -0.1829 -0.2843 0.9411
vn -0.1872 -0.2816 0.9411
vn -0.0411 -0.2186 0.9749
vn -0.0906 -0.7717 0.6296
vn -0.9991 0.0015 0.0427
vn -0.4573 -0.3997 0.7944
vn -0.1231 -0.5107 0.8509
vn -0.9102 -0.2027 0.3612
vn -0.5502 -0.4053 0.7301
vn -0.9976 0.0034 0.0697
vn -0.5915 -0.1931 0.7829
vn -0.9146 -0.3232 0.2431
vn -0.8705 -0.3445 0.3516
vn -0.3149 -0.3493 0.8825
vn -0.3164 -0.3483 0.8824
vn -0.1170 -0.7751 0.6209
vn -0.9970 0.0007 0.0772
vn -0.9758 -0.0618 0.2096
vn -0.2752 -0.5692 0.7748
vn -0.6156 -0.6782 0.4014
vn -0.6213 -0.6728 0.4017
vn -0.7213 -0.3693 0.5860
vn -0.2914 -0.7734 0.5630
vn -0.5803 -0.6953 0.4240
vn -0.9836 -0.0798 0.1619
vn -0.6205 -0.2255 0.7511
vn -0.5471 -0.1741 0.8188
vn -0.2177 -0.3202 0.9220
vn -0.9233 -0.2995 0.2404
vn -0.6491 -0.2491 0.7188
vn -0.2071 -0.7732 0.5994
vn -0.6649 -0.2346 0.7091
vn -0.9948 0.0026 0.1017
vn -0.8662 -0.2322 0.4425
vn -0.9980 -0.0064 0.0625
vn -0.1906 -0.5404 0.8196
vn -0.9515 -0.2138 0.2212
vn -0.6954 -0.4887 0.5268
vn -0.6839 -0.5046 0.5270
vn -0.2458 -0.7726 0.5853
vn -0.2413 -0.3403 0.9088
vn -0.5677 -0.5352 0.6255
vn -0.8515 -0.2791 0.4439
vn -0.9124 -0.3284 0.2445
vn -0.0594 -0.5046 0.8613
vn -0.7252 -0.2761 0.6307
vn -0.7322 -0.2684 0.6260
vn -0.4856 -0.1207 0.8658
vn -0.5381 -0.7187 0.4404
vn -0.9183 -0.3151 0.2395
vn -0.0380 -0.7550 0.6546
vn -0.9998 -0.0000 0.0218
vn -0.6214 -0.5319 0.5753
vn -0.6363 -0.5113 0.5777
vn -0.0672 -0.7653 0.6402
vn -0.4350 -0.5701 0.6970
vn -0.7839 -0.2657 0.5611
vn -0.4586 -0.5582 0.6914
vn -0.5694 -0.7045 0.4237
vn -0.9301 -0.2806 0.2370
vn -0.9743 -0.0681 0.2148
vn -0.0942 -0.5434 0.8342
vn -0.6946 -0.2620 0.6700
vn -0.9922 -0.0021 0.1245
vn -0.9766 -0.1222 0.1768
vn -0.8303 -0.4053 0.3826
vn -0.4870 -0.3989 0.7770
vn -0.9985 -0.0153 0.0533
vn -0.2206 -0.5568 0.8008
vn -0.9993 -0.0022 0.0372
vn -0.9928 0.0006 0.1200
vn -0.5176 -0.1500 0.8423
vn -0.4491 -0.7476 0.4893
vn -0.9150 -0.2918 0.2786
vn -0.1464 -0.7836 0.6038
vn -0.6856 -0.3836 0.6187
vn -0.4961 -0.7372 0.4586
vn -0.5087 -0.7365 0.4458
vn -0.5396 -0.7176 0.4402
vn -0.8828 -0.2428 0.4020
vn -0.9614 -0.1698 0.2164
vn -0.9956 -0.0258 0.0901
vn -0.4839 -0.5598 0.6727
vn -0.9605 -0.0998 0.2598
vn -0.9993 -0.0271 0.0263
vn -0.9979 -0.0081 0.0638
vn -0.9884 0.0002 0.1519
vn -0.0246 -0.7690 0.6388
vn -0.9486 -0.2211 0.2263
vn -0.0891 -0.7723 0.6289
vn -0.9327 -0.2584 0.2515
vn -0.9598 -0.0976 0.2631
vn -0.9869 -0.0045 0.1614
vn -0.3902 -0.7721 0.5016
vn -0.0884 -0.5270 0.8453
vn -0.4570 -0.7507 0.4771
vn -0.8503 -0.3821 0.3619
vn -0.9207 -0.1738 0.3493
vn -0.1186 -0.2637 0.9573
vn -0.2697 -0.7884 0.5528
vn -0.9961 -0.0019 0.0880
vn -0.0294 -0.2301 0.9727
vn -0.7691 -0.2790 0.5750
vn -0.3812 -0.3811 0.8423
vn -0.9692 -0.1133 0.2188
vn -0.9223 -0.1872 0.3380
vn -0.9695 -0.1062 0.2208
vn -0.9666 -0.1251 0.2238
vn -0.9708 -0.0654 0.2307
vn -0.4452 -0.3986 0.8018
vn -0.4316 -0.7667 0.4753
vn -0.8377 -0.2508 0.4851
vn -0.7552 -0.3493 0.5547
vn -0.7418 -0.3633 0.5637
vn -0.3835 -0.7729 0.5055
vn -0.9751 -0.0636 0.2126
vn -0.0362 -0.7778 0.6275
vn -0.3291 -0.5789 0.7461
vn -0.9754 -0.0115 0.2200
vn -0.3694 -0.3716 0.8517
vn -0.9952 -0.0073 0.0972
vn -0.1142 -0.7887 0.6041
vn -0.9815 -0.0944 0.1668
vn -0.3785 -0.5761 0.7244
vn -0.9968 -0.0509 0.0615
vn -0.3154 -0.7849 0.5333
vn -0.3462 -0.7872 0.5104
vn -0.9886 -0.0248 0.1484
vn -0.9922 -0.0011 0.1243
vn -0.8920 -0.2351 0.3860
vn -0.2068 -0.8016 0.5609
vn -0.2302 -0.7931 0.5640
vn -0.6225 -0.2517 0.7410
vn -0.6316 -0.2439 0.7360
vn -0.9934 -0.0325 0.1103
vn -0.1677 -0.8010 0.5747
vn -0.2061 -0.5539 0.8066
vn -0.2457 -0.8066 0.5376
vn -0.5934 -0.4080 0.6938
vn -0.0623 -0.7892 0.6110
vn -0.8067 -0.3173 0.4986
vn -0.2861 -0.8077 0.5155
vn -0.3335 -0.7885 0.5168
vn -0.9887 -0.0155 0.1488
vn -0.0395 -0.2409 0.9697
vn -0.4035 -0.5805 0.7073
vn -0.4134 -0.5741 0.7068
vn -0.6867 -0.2691 0.6753
vn -0.1250 -0.7981 0.5894
vn -0.0944 -0.8059 0.5844
vn -0.0300 -0.7900 0.6124
vn -0.0483 -0.7842 0.6186
vn -0.9812 -0.0203 0.1919
vn -0.7692 -0.4596 0.4439
vn -0.7911 -0.4255 0.4393
vn -0.5964 -0.2237 0.7709
vn -0.1420 -0.2801 0.9494
vn -0.1696 -0.8002 0.5752
vn -0.1291 -0.2937 0.9471
vn -0.8665 -0.2672 0.4216
vn -0.2141 -0.8124 0.5424
vn -0.7078 -0.5066 0.4923
vn -0.5237 -0.5644 0.6381
vn -0.7499 -0.2847 0.5971
vn -0.7307 -0.4723 0.4929
vn -0.2268 -0.8133 0.5358
vn -0.2500 -0.8069 0.5352
vn -0.9931 -0.0317 0.1132
vn -0.1340 -0.8199 0.5567
vn -0.1339 -0.5524 0.8228
vn -0.1369 -0.5502 0.8238
vn -0.0867 -0.8049 0.5870
vn -0.0532 -0.8121 0.5811
vn -0.3471 -0.3997 0.8484
vn -0.1842 -0.8203 0.5415
vn -0.9962 -0.0432 0.0758
vn -0.9752 -0.0344 0.2185
vn -0.2773 -0.3525 0.8938
vn -0.2708 -0.3571 0.8939
vn -0.9811 -0.0078 0.1932
vn -0.1231 -0.8246 0.5522
vn -0.9171 -0.1781 0.3566
vn -0.0434 -0.8086 0.5868
vn -0.9856 -0.0589 0.1583
vn -0.1717 -0.8179 0.5492
vn -0.9894 -0.0315 0.1415
vn -0.0741 -0.8195 0.5682
vn -0.0972 -0.8284 0.5516
vn -0.8289 -0.2988 0.4729
vn -0.0524 -0.8247 0.5631
vn -0.9398 -0.2383 0.2450
vn -0.9241 -0.1864 0.3336
vn -0.6824 -0.3885 0.6192
vn -0.0427 -0.8280 0.5591
vn -0.0072 -0.8226 0.5686
vn -0.4941 -0.1237 0.8606
vn -0.0622 -0.5234 0.8498
vn -0.0303 -0.5345 0.8446
vn -0.9942 -0.0568 0.0912
vn -0.9743 -0.0032 0.2252
vn -0.8913 -0.3330 0.3076
vn -0.9068 -0.3033 0.2927
vn -0.9669 -0.0344 0.2530
vn -0.4222 -0.4093 0.8088
vn -0.5903 -0.2277 0.7744
vn -0.8313 -0.4035 0.3823
vn -0.1677 -0.5716 0.8032
vn -0.9224 -0.2726 0.2736
vn -0.7286 -0.2882 0.6213
vn -0.9825 -0.0391 0.1820
vn -0.8145 -0.2669 0.5152
vn -0.5253 -0.1545 0.8368
vn -0.7153 -0.3847 0.5835
vn -0.7292 -0.3700 0.5757
vn -0.9788 -0.0549 0.1973
vn -0.0866 -0.2552 0.9630
vn -0.7534 -0.2843 0.5929
vn -0.6622 -0.5136 0.5457
vn -0.6224 -0.4070 0.6685
vn -0.9651 -0.0247 0.2608
vn -0.2522 -0.5688 0.7828
vn -0.9809 -0.0971 0.1685
vn -0.3128 -0.3824 0.8694
vn -0.8117 -0.4193 0.4066
vn -0.9875 -0.0750 0.1384
vn -0.9915 -0.0568 0.1168
vn -0.5540 -0.1817 0.8124
vn -0.9927 -0.0761 0.0935
vn -0.6894 -0.2888 0.6643
vn -0.6957 -0.2797 0.6617
vn -0.6559 -0.2703 0.7048
vn -0.6519 -0.3999 0.6443
vn -0.5900 -0.2597 0.7645
vn -0.9511 -0.0229 0.3081
vn -0.5057 -0.5756 0.6426
vn -0.9811 -0.0806 0.1756
vn -0.9698 -0.0595 0.2365
vn -0.9757 -0.0376 0.2160
vn -0.2840 -0.5795 0.7639
vn -0.5718 -0.2245 0.7891
vn -0.2797 -0.5833 0.7626
vn -0.5408 -0.1977 0.8176
vn -0.3137 -0.5906 0.7435
vn -0.3938 -0.4074 0.8240
vn -0.9869 -0.0875 0.1357
vn -0.4535 -0.1049 0.8851
vn -0.9782 -0.0887 0.1876
vn -0.9856 -0.0572 0.1592
vn -0.9560 -0.1290 0.2634
vn -0.9457 -0.0305 0.3237
vn -0.9463 -0.2296 0.2275
vn -0.6307 -0.5454 0.5521
vn -0.9067 -0.2207 0.3595
vn -0.5830 -0.5472 0.6006
vn -0.8338 -0.2556 0.4894
vn -0.5644 -0.5670 0.6000
vn -0.9604 -0.0639 0.2713
vn -0.9672 -0.0372 0.2511
vn -0.9378 -0.1658 0.3050
vn -0.9793 -0.0626 0.1927
vn -0.9722 -0.0864 0.2175
vn -0.4965 -0.4204 0.7594
vn -0.9850 -0.0932 0.1450
vn -0.4961 -0.4209 0.7594
vn -0.3612 -0.5919 0.7206
vn -0.4840 -0.1295 0.8654
vn -0.8469 -0.2944 0.4428
vn -0.8701 -0.2644 0.4160
vn -0.2050 -0.3162 0.9263
vn -0.0693 -0.2650 0.9618
vn -0.7818 -0.3474 0.5178
vn -0.6462 -0.4046 0.6470
vn -0.1997 -0.5899 0.7824
vn -0.5519 -0.4213 0.7197
vn -0.5369 -0.4322 0.7245
vn -0.9695 -0.0842 0.2303
vn -0.9643 -0.0864 0.2502
vn -0.9422 -0.0267 0.3339
vn -0.4269 -0.5987 0.6777
vn -0.5995 -0.2513 0.7599
vn -0.9858 -0.1019 0.1334
vn -0.6506 -0.2747 0.7080
vn -0.9707 -0.0672 0.2309
vn -0.8902 -0.3342 0.3094
vn -0.9547 -0.0381 0.2951
vn -0.9464 -0.0674 0.3159
vn -0.7865 -0.4551 0.4175
vn -0.8110 -0.3418 0.4748
vn -0.9300 -0.0434 0.3650
vn -0.7440 -0.4843 0.4603
vn -0.7534 -0.4695 0.4605
vn -0.4688 -0.1733 0.8661
vn -0.4753 -0.1680 0.8636
vn -0.2308 -0.3609 0.9036
vn -0.5199 -0.5640 0.6416
vn -0.2473 -0.3497 0.9037
vn -0.9299 -0.1536 0.3341
vn -0.0128 -0.2761 0.9611
vn -0.9280 -0.1570 0.3380
vn -0.0476 -0.2630 0.9636
vn -0.1371 -0.3163 0.9387
vn -0.9823 -0.0940 0.1622
vn -0.9610 -0.0693 0.2679
vn -0.9525 -0.0908 0.2905
vn -0.0959 -0.5501 0.8296
vn -0.0877 -0.5570 0.8259
vn -0.3103 -0.3807 0.8711
vn -0.9326 -0.0656 0.3549
vn -0.9414 -0.0413 0.3346
vn -0.9601 -0.1876 0.2074
vn -0.5751 -0.4239 0.6997
vn -0.1808 -0.5835 0.7918
vn -0.5666 -0.2566 0.7830
vn -0.9783 -0.0891 0.1870
vn -0.9275 -0.2837 0.2436
vn -0.4987 -0.1993 0.8436
vn -0.7190 -0.3018 0.6261
vn -0.9817 -0.0956 0.1647
vn -0.1311 -0.5755 0.8072
vn -0.1400 -0.5686 0.8106
vn -0.4730 -0.5834 0.6602
vn -0.9619 -0.1143 0.2484
vn -0.4529 -0.5971 0.6621
vn -0.6280 -0.5459 0.5547
vn -0.1776 -0.3321 0.9264
vn -0.9407 -0.0908 0.3269
vn -0.3742 -0.4202 0.8267
vn -0.8216 -0.2658 0.5043
vn -0.2233 -0.5974 0.7702
vn -0.7750 -0.3499 0.5262
vn -0.9697 -0.1143 0.2160
vn -0.9725 -0.0900 0.2148
vn -0.3893 -0.1195 0.9133
vn -0.2898 -0.6081 0.7391
vn -0.9173 -0.0671 0.3924
vn -0.9261 -0.0391 0.3752
vn -0.9333 -0.1034 0.3440
vn -0.9466 -0.0684 0.3151
vn -0.9764 -0.1230 0.1774
vn -0.6834 -0.5164 0.5161
vn -0.9142 -0.0393 0.4034
vn -0.5563 -0.2636 0.7881
vn -0.4206 -0.1414 0.8962
vn -0.9618 -0.1198 0.2461
vn -0.8895 -0.2111 0.4053
vn -0.6573 -0.2914 0.6950
vn -0.9853 -0.0484 0.1639
vn -0.6512 -0.2987 0.6976
vn -0.9648 -0.0933 0.2457
vn -0.7877 -0.4551 0.4153
vn -0.3237 -0.3952 0.8597
vn -0.0835 -0.2802 0.9563
vn -0.0710 -0.2950 0.9528
vn -0.2866 -0.4255 0.8584
vn -0.5431 -0.2220 0.8098
vn -0.5274 -0.2439 0.8138
vn -0.8654 -0.0783 0.4949
vn -0.8763 -0.2262 0.4253
vn -0.8434 -0.4082 0.3494
vn -0.9015 -0.0622 0.4284
vn -0.6935 -0.3029 0.6536
vn -0.8945 -0.0476 0.4445
vn -0.1898 -0.3637 0.9120
vn -0.9238 -0.0946 0.3709
vn -0.9328 -0.0669 0.3540
vn -0.3967 -0.6002 0.6946
vn -0.6095 -0.4209 0.6719
vn -0.9788 -0.1133 0.1709
vn -0.9710 -0.1352 0.1974
vn -0.6221 -0.2726 0.7340
vn -0.6135 -0.2823 0.7375
vn -0.2668 -0.3954 0.8789
vn -0.9531 -0.1250 0.2755
vn -0.9505 -0.1388 0.2781
vn -0.9457 -0.1570 0.2846
vn -0.9843 -0.0619 0.1655
vn -0.7037 -0.5143 0.4902
vn -0.0479 -0.5634 0.8248
vn -0.6487 -0.5514 0.5246
vn -0.5040 -0.2024 0.8396
vn -0.6944 -0.3943 0.6020
vn -0.6890 -0.4032 0.6022
vn -0.4047 -0.1081 0.9080
vn -0.9703 -0.1291 0.2044
vn -0.7543 -0.3728 0.5404
vn -0.8638 -0.3842 0.3260
vn -0.4128 -0.6110 0.6755
vn -0.9584 -0.1200 0.2591
vn -0.4045 -0.4276 0.8084
vn -0.9011 -0.1971 0.3862
vn -0.5337 -0.5778 0.6175
vn -0.5131 -0.5955 0.6181
vn -0.9594 -0.1342 0.2480
vn -0.3358 -0.6011 0.7252
vn -0.9226 -0.0935 0.3742
vn -0.9180 -0.0708 0.3902
vn -0.9058 -0.0946 0.4131
vn -0.8870 -0.0421 0.4598
vn -0.9145 -0.2159 0.3421
vn -0.5951 -0.5641 0.5724
vn -0.5765 -0.5825 0.5730
vn -0.9418 -0.1261 0.3117
vn -0.0955 -0.3096 0.9461
vn -0.0314 -0.3054 0.9517
vn -0.9529 -0.0999 0.2864
vn -0.9614 -0.1298 0.2427
vn -0.7484 -0.4958 0.4406
vn -0.9431 -0.0964 0.3184
vn -0.9225 -0.1963 0.3323
vn -0.8369 -0.3098 0.4512
vn -0.8430 -0.2969 0.4485
vn -0.0514 -0.5654 0.8232
vn -0.9711 -0.1513 0.1846
vn -0.6901 -0.3061 0.6558
vn -0.3745 -0.6137 0.6951
vn -0.8383 -0.2581 0.4802
vn -0.9694 -0.1434 0.1991
vn -0.1017 -0.5771 0.8103
vn -0.0833 -0.5868 0.8055
vn -0.8881 -0.0977 0.4492
vn -0.1818 -0.3682 0.9118
vn -0.8998 -0.0789 0.4291
vn -0.9328 -0.1121 0.3425
vn -0.1485 -0.5915 0.7925
vn -0.1345 -0.6005 0.7882
vn -0.9283 -0.1300 0.3483
vn -0.8675 -0.0588 0.4939
vn -0.4400 -0.4346 0.7858
vn -0.2469 -0.6111 0.7521
vn -0.4434 -0.4313 0.7857
vn -0.8824 -0.0700 0.4653
vn -0.3420 -0.1170 0.9324
vn -0.8194 -0.4315 0.3773
vn -0.1247 -0.3335 0.9345
vn -0.8510 -0.2468 0.4635
vn -0.9771 -0.0704 0.2008
vn -0.9502 -0.1381 0.2794
vn -0.3451 -0.4127 0.8430
vn -0.9621 -0.1444 0.2312
vn -0.7830 -0.4678 0.4100
vn -0.2748 -0.6207 0.7343
vn -0.7181 -0.5129 0.4705
vn -0.9368 -0.1589 0.3118
vn -0.9522 -0.1231 0.2795
vn -0.7960 -0.2827 0.5352
vn -0.7933 -0.2852 0.5379
vn -0.8354 -0.4252 0.3482
vn -0.8608 -0.3868 0.3308
vn -0.9359 -0.1795 0.3030
vn -0.9016 -0.1125 0.4177
vn -0.5992 -0.4341 0.6727
vn -0.5025 -0.4418 0.7431
vn -0.4945 -0.4489 0.7443
vn -0.9804 -0.0576 0.1883
vn -0.4382 -0.1643 0.8837
vn -0.1253 -0.3339 0.9342
vn -0.8824 -0.0701 0.4652
vn -0.1968 -0.6134 0.7648
vn -0.4249 -0.1765 0.8879
vn -0.9195 -0.1101 0.3773
vn -0.9082 -0.1313 0.3974
vn -0.7335 -0.3912 0.5559
vn -0.7726 -0.3630 0.5208
vn -0.2336 -0.6177 0.7509
vn -0.5312 -0.2509 0.8092
vn -0.4493 -0.2195 0.8660
vn -0.4674 -0.2048 0.8600
vn -0.8977 -0.2362 0.3719
vn -0.9417 -0.1297 0.3103
vn -0.9265 -0.1601 0.3405
vn -0.8844 -0.2625 0.3860
vn -0.9450 -0.1544 0.2883
vn -0.4876 -0.6021 0.6323
vn -0.4665 -0.6192 0.6317
vn -0.9093 -0.3187 0.2676
vn -0.2405 -0.3922 0.8879
vn -0.1484 -0.3639 0.9195
vn -0.7307 -0.3071 0.6098
vn -0.6426 -0.5530 0.5303
vn -0.6210 -0.5742 0.5336
vn -0.9296 -0.1446 0.3390
vn -0.7529 -0.4952 0.4334
vn -0.6714 -0.3086 0.6738
vn -0.0623 -0.3314 0.9414
vn -0.8575 -0.0439 0.5126
vn -0.0374 -0.5839 0.8110
vn -0.8136 -0.2774 0.5110
vn -0.8466 -0.0964 0.5235
vn -0.8709 -0.0624 0.4874
vn -0.4829 -0.2394 0.8423
vn -0.3253 -0.4264 0.8440
vn -0.6311 -0.4294 0.6460
vn -0.6107 -0.3094 0.7289
vn -0.6146 -0.3052 0.7275
vn -0.5987 -0.2846 0.7487
vn -0.6790 -0.4075 0.6107
vn -0.3947 -0.6084 0.6885
vn -0.6728 -0.5468 0.4984
vn -0.9418 -0.2389 0.2367
vn -0.8637 -0.1074 0.4925
vn -0.3123 -0.6338 0.7077
vn -0.3425 -0.6175 0.7081
vn -0.9152 -0.1495 0.3742
vn -0.7000 -0.4121 0.5832
vn -0.9495 -0.1603 0.2697
vn -0.9662 -0.1208 0.2277
vn -0.9695 -0.1027 0.2227
vn -0.9514 -0.1604 0.2628
vn -0.9275 -0.2837 0.2435
vn -0.8886 -0.1402 0.4367
vn -0.8141 -0.3334 0.4755
vn -0.9689 -0.1592 0.1895
vn -0.9660 -0.1729 0.1920
vn -0.3861 -0.1687 0.9069
vn -0.1863 -0.6192 0.7628
vn -0.9773 -0.0898 0.1920
vn -0.9570 -0.2074 0.2029
vn -0.9308 -0.1510 0.3330
vn -0.5911 -0.5906 0.5494
vn -0.8505 -0.3121 0.4234
vn -0.9042 -0.1577 0.3970
vn -0.0844 -0.5994 0.7960
vn -0.8186 -0.4333 0.3771
vn -0.8308 -0.0900 0.5493
vn -0.6753 -0.5465 0.4954
vn -0.8196 -0.0722 0.5684
vn -0.8340 -0.0398 0.5503
vn -0.0904 -0.3458 0.9340
vn -0.8951 -0.2459 0.3719
vn -0.8089 -0.3414 0.4788
vn -0.1335 -0.6104 0.7808
vn -0.5629 -0.2870 0.7751
vn -0.9102 -0.1505 0.3859
vn -0.5853 -0.4477 0.6760
vn -0.7756 -0.2958 0.5576
vn -0.5530 -0.5903 0.5880
vn -0.7748 -0.2965 0.5583
vn -0.5265 -0.6114 0.5908
vn -0.6516 -0.4281 0.6262
vn -0.0507 -0.3182 0.9467
vn -0.2241 -0.3988 0.8892
vn -0.8875 -0.1075 0.4480
vn -0.8697 -0.1390 0.4736
vn -0.8077 -0.0640 0.5861
vn -0.7961 -0.4742 0.3760
vn -0.4154 -0.6346 0.6517
vn -0.9401 -0.2588 0.2220
vn -0.3923 -0.4509 0.8017
vn -0.9399 -0.1759 0.2927
vn -0.3580 -0.1285 0.9248
vn -0.5419 -0.2638 0.7980
vn -0.3100 -0.4239 0.8510
vn -0.4439 -0.4626 0.7674
vn -0.7013 -0.3169 0.6386
vn -0.6473 -0.3241 0.6899
vn -0.8865 -0.1572 0.4352
vn -0.7150 -0.3965 0.5759
vn -0.9552 -0.1621 0.2476
vn -0.8663 -0.2392 0.4386
vn -0.7098 -0.5292 0.4649
vn -0.9847 -0.0428 0.1692
vn -0.9785 -0.1177 0.1691
vn -0.0543 -0.5961 0.8011
vn -0.3941 -0.1646 0.9042
vn -0.5511 -0.4564 0.6986
vn -0.5640 -0.4460 0.6949
vn -0.8829 -0.2641 0.3883
vn -0.8688 -0.2889 0.4022
vn -0.5959 -0.5913 0.5433
vn -0.8712 -0.1221 0.4755
vn -0.5649 -0.2853 0.7743
vn -0.9759 -0.0904 0.1984
vn -0.8192 -0.0717 0.5690
vn -0.8858 -0.3659 0.2854
vn -0.9447 -0.1247 0.3032
vn -0.9258 -0.2899 0.2427
vn -0.5808 -0.3074 0.7538
vn -0.6742 -0.4149 0.6110
vn -0.9315 -0.1714 0.3208
vn -0.3230 -0.1116 0.9398
vn -0.8252 -0.4456 0.3472
vn -0.3503 -0.4381 0.8279
vn -0.3423 -0.4443 0.8279
vn -0.9613 -0.1905 0.1992
vn -0.5108 -0.2857 0.8108
vn -0.1160 -0.3749 0.9198
vn -0.1219 -0.3700 0.9210
vn -0.8527 -0.1235 0.5076
vn -0.7760 -0.3588 0.5188
vn -0.9552 -0.1621 0.2475
vn -0.2902 -0.6355 0.7155
vn -0.2882 -0.6369 0.7150
vn -0.9493 -0.2247 0.2199
vn -0.9053 -0.3289 0.2687
vn -0.4279 -0.2063 0.8800
vn -0.4079 -0.2224 0.8855
vn -0.1994 -0.3950 0.8968
vn -0.7875 -0.3597 0.5006
vn -0.6342 -0.5807 0.5104
vn -0.6365 -0.3246 0.6996
vn -0.8328 -0.0907 0.5461
vn -0.9279 -0.2057 0.3111
vn -0.9374 -0.1360 0.3205
vn -0.8065 -0.0628 0.5879
vn -0.8746 -0.1675 0.4550
vn -0.8895 -0.1455 0.4331
vn -0.8594 -0.4077 0.3085
vn -0.2881 -0.4321 0.8546
vn -0.8141 -0.3334 0.4754
vn -0.3500 -0.1680 0.9216
vn -0.3308 -0.1778 0.9268
vn -0.0428 -0.3521 0.9350
vn -0.0688 -0.3359 0.9394
vn -0.9374 -0.1623 0.3081
vn -0.4817 -0.6352 0.6037
vn -0.5105 -0.6156 0.6003
vn -0.4910 -0.2512 0.8342
vn -0.4743 -0.2682 0.8385
vn -0.3861 -0.4476 0.8066
vn -0.8403 -0.4205 0.3421
vn -0.4463 -0.4606 0.7672
vn -0.9564 -0.1397 0.2566
vn -0.9401 -0.1786 0.2904
vn -0.3602 -0.6383 0.6803
vn -0.9028 -0.2535 0.3473
vn -0.1581 -0.6344 0.7567
vn -0.6938 -0.3229 0.6438
vn -0.4214 -0.6290 0.6533
vn -0.6256 -0.4360 0.6470
vn -0.7446 -0.3131 0.5895
vn -0.8499 -0.1131 0.5147
vn -0.1029 -0.6190 0.7786
vn -0.7495 -0.3079 0.5861
vn -0.8285 -0.1399 0.5423
vn -0.8944 -0.3461 0.2833
vn -0.8939 -0.1636 0.4173
vn -0.2625 -0.1085 0.9588
vn -0.8660 -0.3942 0.3078
vn -0.6812 -0.5669 0.4632
vn -0.7729 -0.0792 0.6295
vn -0.7995 -0.4687 0.3757
vn -0.8562 -0.1721 0.4871
vn -0.8722 -0.1446 0.4673
vn -0.9465 -0.1685 0.2753
vn -0.2487 -0.4286 0.8686
vn -0.3078 -0.1460 0.9402
vn -0.7299 -0.5353 0.4250
vn -0.7807 -0.0708 0.6209
vn -0.1849 -0.4025 0.8965
vn -0.8109 -0.0970 0.5771
vn -0.7982 -0.1121 0.5919
vn -0.9264 -0.1597 0.3409
vn -0.9124 -0.1851 0.3651
vn -0.7684 -0.3859 0.5105
vn -0.5222 -0.2994 0.7986
vn -0.7864 -0.0919 0.6109
vn -0.0583 -0.3756 0.9249
vn -0.2447 -0.4314 0.8684
vn -0.2056 -0.6359 0.7439
vn -0.3998 -0.4652 0.7898
vn -0.3348 -0.6560 0.6764
vn -0.7482 -0.5216 0.4102
vn -0.7725 -0.4910 0.4027
vn -0.6282 -0.5799 0.5188
vn -0.7526 -0.0648 0.6553
vn -0.5642 -0.3194 0.7613
vn -0.8284 -0.2735 0.4889
vn -0.8485 -0.2533 0.4646
vn -0.8075 -0.1404 0.5730
vn -0.2405 -0.6495 0.7213
vn -0.8251 -0.1185 0.5524
vn -0.0766 -0.3669 0.9271
vn -0.7392 -0.4045 0.5385
vn -0.5423 -0.6278 0.5584
vn -0.5840 -0.5968 0.5503
vn -0.9116 -0.2374 0.3356
vn -0.9308 -0.2022 0.3047
vn -0.9161 -0.1730 0.3616
vn -0.9807 -0.0840 0.1767
vn -0.9816 -0.0744 0.1760
vn -0.2861 -0.6645 0.6903
vn -0.9318 -0.1780 0.3163
vn -0.3698 -0.2225 0.9021
vn -0.3902 -0.2076 0.8970
vn -0.8679 -0.1854 0.4609
vn -0.7218 -0.5388 0.4344
vn -0.5196 -0.2973 0.8010
vn -0.9542 -0.2162 0.2067
vn -0.9270 -0.1870 0.3252
vn -0.2889 -0.4526 0.8436
vn -0.2847 -0.1410 0.9482
vn -0.7910 -0.1087 0.6021
vn -0.6602 -0.3342 0.6726
vn -0.8518 -0.1376 0.5055
vn -0.8337 -0.1706 0.5253
vn -0.8740 -0.2833 0.3948
vn -0.8489 -0.3195 0.4210
vn -0.6145 -0.3211 0.7206
vn -0.9541 -0.1609 0.2527
vn -0.5946 -0.6096 0.5243
vn -0.3762 -0.6695 0.6405
vn -0.6908 -0.4313 0.5803
vn -0.8980 -0.2581 0.3563
vn -0.8785 -0.2897 0.3800
vn -0.8922 -0.1915 0.4091
vn -0.9065 -0.1738 0.3848
vn -0.1089 -0.6306 0.7684
vn -0.0839 -0.6438 0.7606
vn -0.1859 -0.6628 0.7254
vn -0.2357 -0.6487 0.7236
vn -0.4611 -0.6380 0.6167
vn -0.4499 -0.2543 0.8561
vn -0.4309 -0.2687 0.8615
vn -0.6798 -0.5689 0.4628
vn -0.7405 -0.0770 0.6676
vn -0.8139 -0.3398 0.4713
vn -0.7808 -0.0912 0.6181
vn -0.9820 -0.0544 0.1807
vn -0.9129 -0.1923 0.3599
vn -0.3340 -0.4675 0.8185
vn -0.1481 -0.6488 0.7464
vn -0.0455 -0.6216 0.7820
vn -0.0479 -0.6230 0.7808
vn -0.9870 -0.0490 0.1532
vn -0.9144 -0.1794 0.3629
vn -0.8586 -0.1734 0.4824
vn -0.7599 -0.0779 0.6454
vn -0.5805 -0.3402 0.7398
vn -0.7916 -0.1387 0.5951
vn -0.9819 -0.0778 0.1725
vn -0.7190 -0.3293 0.6120
vn -0.8910 -0.3675 0.2667
vn -0.3749 -0.4830 0.7913
vn -0.5142 -0.4670 0.7194
vn -0.4997 -0.4786 0.7220
vn -0.1459 -0.6475 0.7480
vn -0.9914 -0.0247 0.1282
vn -0.6452 -0.4494 0.6179
vn -0.8315 -0.1594 0.5322
vn -0.2920 -0.6597 0.6925
vn -0.6016 -0.3378 0.7239
vn -0.7777 -0.1101 0.6190
vn -0.2779 -0.1451 0.9496
vn -0.5455 -0.3167 0.7760
vn -0.1484 -0.4010 0.9040
vn -0.1446 -0.4035 0.9035
vn -0.1955 -0.4329 0.8800
vn -0.2024 -0.4284 0.8806
vn -0.8880 -0.1821 0.4222
vn -0.8710 -0.2056 0.4461
vn -0.2270 -0.1049 0.9682
vn -0.9684 -0.1035 0.2269
vn -0.1199 -0.3926 0.9118
vn -0.8309 -0.4498 0.3276
vn -0.8656 -0.4014 0.2992
vn -0.4272 -0.6574 0.6208
vn -0.9034 -0.1934 0.3828
vn -0.0611 -0.3795 0.9232
vn -0.7433 -0.1122 0.6595
vn -0.9124 -0.1871 0.3641
vn -0.8977 -0.2117 0.3865
vn -0.5197 -0.6345 0.5722
vn -0.5016 -0.6488 0.5723
vn -0.9756 -0.1187 0.1848
vn -0.8942 -0.2077 0.3966
vn -0.6207 -0.6110 0.4914
vn -0.6508 -0.5806 0.4892
vn -0.7261 -0.0584 0.6851
vn -0.3170 -0.1743 0.9323
vn -0.8147 -0.4682 0.3421
vn -0.9879 -0.0412 0.1494
vn -0.9395 -0.1769 0.2933
vn -0.6001 -0.4526 0.6596
vn -0.8756 -0.3929 0.2811
vn -0.7490 -0.1262 0.6505
vn -0.9136 -0.3245 0.2449
vn -0.8256 -0.3494 0.4430
vn -0.7403 -0.1105 0.6631
vn -0.8235 -0.2791 0.4938
vn -0.3448 -0.6634 0.6641
vn -0.5368 -0.2882 0.7930
vn -0.5682 -0.6159 0.5457
vn -0.3307 -0.2239 0.9168
vn -0.3506 -0.2100 0.9127
vn -0.9830 -0.0686 0.1701
vn -0.9864 -0.0502 0.1565
vn -0.7912 -0.1385 0.5957
vn -0.1870 -0.6632 0.7247
vn -0.9451 -0.2477 0.2134
vn -0.5138 -0.3310 0.7915
vn -0.8498 -0.3190 0.4195
vn -0.4277 -0.6574 0.6205
vn -0.7671 -0.5217 0.3734
vn -0.2649 -0.4572 0.8490
vn -0.8240 -0.1969 0.5312
vn -0.8350 -0.1802 0.5200
vn -0.7973 -0.1699 0.5791
vn -0.8097 -0.1523 0.5667
vn -0.9000 -0.3484 0.2620
vn -0.2300 -0.1415 0.9629
vn -0.9723 -0.1178 0.2019
vn -0.7566 -0.3246 0.5676
vn -0.7701 -0.3856 0.5082
vn -0.1523 -0.4316 0.8891
vn -0.0961 -0.4119 0.9061
vn -0.0409 -0.6445 0.7635
vn -0.7091 -0.3317 0.6222
vn -0.7013 -0.3388 0.6272
vn -0.9067 -0.2426 0.3450
vn -0.9242 -0.1617 0.3460
vn -0.0980 -0.6639 0.7414
vn -0.5616 -0.4813 0.6730
vn -0.7054 -0.0789 0.7044
vn -0.0913 -0.4024 0.9109
vn -0.8552 -0.2084 0.4746
vn -0.9581 -0.1398 0.2500
vn -0.8696 -0.1866 0.4572
vn -0.8730 -0.2329 0.4285
vn -0.8732 -0.2064 0.4416
vn -0.9271 -0.1868 0.3250
vn -0.8885 -0.2070 0.4096
vn -0.3104 -0.4664 0.8283
vn -0.6722 -0.3393 0.6580
vn -0.6214 -0.4577 0.6359
vn -0.7710 -0.1415 0.6209
vn -0.7528 -0.1585 0.6388
vn -0.7244 -0.0878 0.6837
vn -0.7150 -0.0997 0.6919
vn -0.9775 -0.0986 0.1865
vn -0.6929 -0.4280 0.5802
vn -0.6413 -0.3333 0.6911
vn -0.1394 -0.6748 0.7248
vn -0.1388 -0.6752 0.7245
vn -0.7912 -0.3804 0.4789
vn -0.3718 -0.6751 0.6372
vn -0.7810 -0.5020 0.3715
vn -0.4099 -0.2671 0.8721
vn -0.3483 -0.4794 0.8055
vn -0.9397 -0.1886 0.2852
vn -0.9819 -0.0520 0.1822
vn -0.1394 -0.4399 0.8872
vn -0.6407 -0.6038 0.4742
vn -0.4606 -0.3049 0.8336
vn -0.8026 -0.1908 0.5651
vn -0.4692 -0.2976 0.8314
vn -0.3470 -0.4805 0.8055
vn -0.9771 -0.0895 0.1929
vn -0.8440 -0.4385 0.3088
vn -0.8562 -0.4187 0.3025
vn -0.7694 -0.1756 0.6141
vn -0.4635 -0.6688 0.5813
vn -0.8834 -0.2122 0.4178
vn -0.4113 -0.4925 0.7670
vn -0.5303 -0.6521 0.5417
vn -0.3016 -0.6791 0.6692
vn -0.2937 -0.6853 0.6664
vn -0.8278 -0.2739 0.4896
vn -0.8439 -0.2041 0.4961
vn -0.8388 -0.2098 0.5024
vn -0.2545 -0.6675 0.6998
vn -0.2252 -0.6839 0.6940
vn -0.6905 -0.5684 0.4473
vn -0.6435 -0.4517 0.6180
vn -0.7328 -0.5523 0.3975
vn -0.1808 -0.1088 0.9775
vn -0.1613 -0.1319 0.9781
vn -0.2810 -0.1797 0.9427
vn -0.2635 -0.1966 0.9444
vn -0.1985 -0.1540 0.9679
vn -0.2101 -0.1446 0.9669
vn -0.9598 -0.1602 0.2304
vn -0.3807 -0.6759 0.6311
vn -0.9420 -0.1392 0.3053
vn -0.7552 -0.1328 0.6419
vn -0.7356 -0.1586 0.6586
vn -0.0457 -0.6488 0.7596
vn -0.5406 -0.3395 0.7697
vn -0.8031 -0.2925 0.5192
vn -0.7969 -0.3001 0.5242
vn -0.7364 -0.4178 0.5321
vn -0.6939 -0.0911 0.7143
vn -0.5806 -0.4847 0.6542
vn -0.5753 -0.6392 0.5103
vn -0.5932 -0.6215 0.5116
vn -0.8268 -0.3460 0.4435
vn -0.8678 -0.4091 0.2821
vn -0.4903 -0.6515 0.5790
vn -0.4527 -0.4953 0.7415
vn -0.4649 -0.4872 0.7393
vn -0.3747 -0.2633 0.8890
vn -0.0412 -0.4085 0.9118
vn -0.5005 -0.3260 0.8020
vn -0.0543 -0.4015 0.9143
vn -0.9442 -0.2493 0.2153
vn -0.7976 -0.3701 0.4764
vn -0.3037 -0.2162 0.9279
vn -0.9102 -0.1995 0.3629
vn -0.2898 -0.2258 0.9301
vn -0.6812 -0.0615 0.7295
vn -0.9489 -0.1872 0.2541
vn -0.4151 -0.6811 0.6031
vn -0.7989 -0.1808 0.5736
vn -0.7824 -0.2089 0.5867
vn -0.2302 -0.4559 0.8597
vn -0.9813 -0.0798 0.1754
vn -0.7668 -0.3970 0.5043
vn -0.0948 -0.6604 0.7449
vn -0.8067 -0.4842 0.3388
vn -0.3383 -0.6904 0.6395
vn -0.9896 -0.0374 0.1386
vn -0.7322 -0.3308 0.5954
vn -0.9118 -0.1979 0.3598
vn -0.9289 -0.2919 0.2278
vn -0.2403 -0.1708 0.9555
vn -0.5942 -0.3686 0.7148
vn -0.6047 -0.3531 0.7140
vn -0.7319 -0.1485 0.6651
vn -0.5624 -0.3544 0.7471
vn -0.9461 -0.1198 0.3010
vn -0.0383 -0.6678 0.7434
vn -0.2475 -0.4811 0.8410
vn -0.2562 -0.4761 0.8412
vn -0.6555 -0.6128 0.4415
vn -0.4389 -0.6841 0.5825
vn -0.9103 -0.1897 0.3679
vn -0.7018 -0.1288 0.7007
vn -0.7140 -0.1156 0.6906
vn -0.9691 -0.1534 0.1933
vn -0.9709 -0.1425 0.1924
vn -0.6683 -0.0756 0.7400
vn -0.8576 -0.3280 0.3962
vn -0.8714 -0.2938 0.3930
vn -0.9210 -0.2438 0.3040
vn -0.6713 -0.1065 0.7335
vn -0.5561 -0.3641 0.7471
vn -0.8928 -0.3655 0.2634
vn -0.1784 -0.6950 0.6965
vn -0.1994 -0.6836 0.7021
vn -0.5303 -0.4881 0.6932
vn -0.9138 -0.3242 0.2449
vn -0.7624 -0.5244 0.3792
vn -0.7197 -0.5711 0.3947
vn -0.2566 -0.6895 0.6773
vn -0.2351 -0.7014 0.6729
vn -0.3694 -0.2661 0.8903
vn -0.2904 -0.4879 0.8232
vn -0.8265 -0.2026 0.5252
vn -0.3441 -0.6913 0.6354
vn -0.7046 -0.4438 0.5537
vn -0.6867 -0.5925 0.4212
vn -0.7149 -0.5651 0.4117
vn -0.4717 -0.6753 0.5670
vn -0.0888 -0.6719 0.7353
vn -0.4178 -0.3115 0.8535
vn -0.4300 -0.3004 0.8514
vn -0.8560 -0.2128 0.4712
vn -0.1976 -0.4691 0.8608
vn -0.0996 -0.4367 0.8941
vn -0.5206 -0.6659 0.5344
vn -0.8901 -0.2208 0.3986
vn -0.7356 -0.4178 0.5333
vn -0.5799 -0.6613 0.4758
vn -0.9680 -0.1254 0.2173
vn -0.3760 -0.3075 0.8741
vn -0.7070 -0.1468 0.6918
vn -0.7803 -0.4030 0.4783
vn -0.6621 -0.3567 0.6591
vn -0.6586 -0.0991 0.7459
vn -0.7038 -0.3528 0.6165
vn -0.9618 -0.1867 0.2005
vn -0.9761 -0.1098 0.1878
vn -0.6124 -0.3718 0.6977
vn -0.6299 -0.3581 0.6892
vn -0.9801 -0.0572 0.1903
vn -0.8853 -0.3838 0.2626
vn -0.9253 -0.1575 0.3449
vn -0.9301 -0.2173 0.2960
vn -0.7752 -0.1815 0.6050
vn -0.7563 -0.2046 0.6214
vn -0.3815 -0.6991 0.6047
vn -0.9313 -0.2843 0.2275
vn -0.7552 -0.1630 0.6349
vn -0.7764 -0.3163 0.5451
vn -0.7452 -0.5560 0.3680
vn -0.5106 -0.5057 0.6954
vn -0.8525 -0.3307 0.4048
vn -0.8611 -0.3258 0.3904
vn -0.7997 -0.2960 0.5223
vn -0.8718 -0.2998 0.3874
vn -0.8665 -0.2835 0.4109
vn -0.8073 -0.1315 0.5753
vn -0.8775 -0.1241 0.4633
vn -0.9546 -0.0195 0.2973
vn -0.8787 -0.2598 0.4004
vn -0.7752 -0.2430 0.5830
vn -0.8623 -0.0100 0.5063
vn -0.3970 -0.7444 0.5369
vn -0.4083 -0.6877 0.6003
vn -0.4458 -0.7180 0.5345
vn -0.8778 -0.2393 0.4149
vn -0.7875 -0.2292 0.5722
vn -0.4556 -0.6976 0.5530
vn -0.8764 -0.2420 0.4164
vn -0.8987 -0.2339 0.3710
vn -0.4773 -0.6960 0.5364
vn -0.7782 -0.2107 0.5917
vn -0.4814 -0.6751 0.5591
vn -0.8375 -0.2059 0.5062
vn -0.5118 -0.6757 0.5305
vn -0.5152 -0.6652 0.5405
vn -0.5398 -0.6526 0.5318
vn -0.5541 -0.6595 0.5080
vn -0.5107 -0.6029 0.6129
vn -0.9274 -0.1970 0.3180
vn -0.9147 -0.1981 0.3523
vn -0.8382 -0.1897 0.5114
vn -0.8754 -0.1732 0.4512
vn -0.8761 -0.1843 0.4455
vn -0.9445 -0.1659 0.2837
vn -0.7488 -0.1550 0.6445
vn -0.9409 -0.1615 0.2977
vn -0.8012 -0.1430 0.5811
vn -0.5828 -0.6334 0.5091
vn -0.9033 -0.1586 0.3986
vn -0.5813 -0.6191 0.5279
vn -0.6094 -0.6088 0.5079
vn -0.9525 -0.1329 0.2740
vn -0.9041 -0.1125 0.4123
vn -0.0042 -0.8131 0.5820
vn -0.8762 -0.1261 0.4652
vn -0.6122 -0.5945 0.5214
vn -0.6241 -0.5871 0.5156
vn -0.6252 -0.5686 0.5346
vn -0.9105 -0.0888 0.4038
vn -0.8201 -0.0950 0.5642
vn -0.6443 -0.5562 0.5248
vn -0.7050 -0.6017 0.3756
vn -0.9139 -0.0946 0.3949
vn -0.1252 -0.7483 0.6515
vn -0.6446 -0.5517 0.5293
vn -0.8644 -0.0775 0.4968
vn -0.6086 -0.5087 0.6090
vn -0.1655 -0.7875 0.5937
vn -0.1920 -0.7486 0.6347
vn -0.9320 -0.0673 0.3560
vn -0.6932 -0.5364 0.4814
vn -0.6840 -0.5491 0.4802
vn -0.2539 -0.7966 0.5487
vn -0.9199 -0.0441 0.3898
vn -0.7587 -0.5625 0.3286
vn -0.8425 -0.0545 0.5359
vn -0.6795 -0.5249 0.5126
vn -0.2737 -0.7935 0.5435
vn -0.8746 -0.0376 0.4833
vn -0.9530 -0.0239 0.3021
vn -0.6453 -0.4967 0.5804
vn -0.2794 -0.7448 0.6060
vn -0.7096 -0.5100 0.4862
vn -0.7548 -0.5450 0.3650
vn -0.7193 -0.5104 0.4713
vn -0.7441 -0.4439 0.4993
vn -0.3123 -0.7488 0.5847
vn -0.7673 -0.4093 0.4937
vn -0.3199 -0.7165 0.6199
vn -0.8064 -0.3721 0.4596
vn -0.3355 -0.7196 0.6080
vn -0.6273 -0.4532 0.6333
vn -0.3841 -0.7763 0.4999
vn -0.3646 -0.6950 0.6197
vn -0.8208 -0.2734 0.5015
vn -0.3825 -0.7090 0.5925
vn -0.7299 -0.4895 0.4771
vn -0.4016 -0.6406 0.6545
vn -0.7185 -0.4662 0.5162
vn -0.7925 -0.5049 0.3420
vn -0.7947 -0.4727 0.3809
vn -0.8077 -0.4681 0.3584
vn -0.5317 -0.5792 0.6179
vn -0.7431 -0.4343 0.5091
vn -0.6965 -0.3955 0.5988
vn -0.8203 -0.4407 0.3645
vn -0.8034 -0.4178 0.4242
vn -0.7822 -0.5077 0.3611
vn -0.7108 -0.3742 0.5956
vn -0.7442 -0.3867 0.5446
vn -0.7272 -0.4486 0.5195
vn -0.8185 -0.4017 0.4108
vn -0.8557 -0.4088 0.3173
vn -0.8682 -0.3960 0.2991
vn -0.7678 -0.3630 0.5279
vn -0.7966 -0.3644 0.4823
vn -0.8642 -0.3808 0.3290
vn -0.8759 -0.3635 0.3172
vn -0.7926 -0.3318 0.5115
vn -0.8634 -0.2798 0.4197
vn -0.8153 -0.3230 0.4806
vn -0.5405 -0.1527 0.8274
vn -0.5902 0.3461 0.7293
vn -0.4253 0.2868 0.8584
vn -0.2306 -0.2580 0.9382
vn -0.0717 0.3891 0.9184
vn -0.1305 0.3172 0.9393
vn -0.6127 0.0479 0.7889
vn -0.4506 -0.4495 0.7713
vn -0.5044 -0.4942 0.7081
vn -0.2871 0.1453 0.9468
vn -0.1743 -0.2073 0.9626
vn -0.4835 -0.1197 0.8671
vn -0.3233 -0.3454 0.8810
vn -0.5632 -0.1888 0.8044
vn -0.2383 0.4961 0.8349
vn -0.3350 -0.3678 0.8675
vn -0.6153 -0.2406 0.7507
vn -0.6750 0.2275 0.7019
vn -0.6069 -0.2325 0.7600
vn -0.4477 0.2413 0.8610
vn -0.1538 0.2732 0.9496
vn -0.2943 0.6958 0.6551
vn -0.3789 0.6116 0.6946
vn -0.5696 0.0986 0.8159
vn -0.5771 0.0874 0.8120
vn -0.5728 0.3592 0.7368
vn -0.4834 -0.4949 0.7221
vn -0.6808 -0.0493 0.7308
vn -0.0809 -0.0988 0.9918
vn -0.0935 -0.1237 0.9879
vn -0.1749 -0.2070 0.9626
vn -0.6863 0.2046 0.6979
vn -0.7423 0.1292 0.6575
vn -0.1860 0.5492 0.8148
vn -0.1904 0.5457 0.8161
vn -0.6886 -0.3135 0.6539
vn -0.0162 0.4198 0.9075
vn -0.3336 0.3800 0.8627
vn -0.1875 0.2366 0.9533
vn -0.0341 -0.0640 0.9974
vn -0.2721 0.1460 0.9511
vn -0.5308 0.4149 0.7390
vn -0.5248 0.1431 0.8391
vn -0.6514 0.2408 0.7195
vn -0.6468 -0.0085 0.7626
vn -0.3966 -0.4439 0.8035
vn -0.7568 0.0917 0.6472
vn -0.2842 0.6943 0.6612
vn -0.6528 -0.2738 0.7063
vn -0.5377 -0.5283 0.6571
vn -0.7058 -0.0850 0.7033
vn -0.6608 -0.2723 0.6995
vn -0.0560 0.6769 0.7339
vn -0.0619 0.3727 0.9259
vn -0.4894 0.4626 0.7393
vn -0.4820 0.4771 0.7349
vn -0.1282 -0.1776 0.9757
vn -0.2959 -0.3486 0.8893
vn -0.4263 -0.4784 0.7677
vn -0.4257 -0.0641 0.9026
vn -0.4894 -0.1121 0.8648
vn -0.4841 0.1912 0.8539
vn -0.6735 -0.0494 0.7375
vn -0.1647 0.2466 0.9550
vn -0.5163 -0.5389 0.6656
vn -0.0416 -0.0990 0.9942
vn -0.1177 -0.1820 0.9762
vn -0.2241 0.4810 0.8476
vn -0.2995 0.4073 0.8628
vn -0.5130 -0.1713 0.8411
vn -0.2562 0.7178 0.6474
vn -0.3299 0.6454 0.6889
vn -0.4658 -0.5083 0.7244
vn -0.6396 -0.2871 0.7131
vn -0.6874 -0.3174 0.6533
vn -0.0086 0.3817 0.9242
vn -0.2078 -0.2804 0.9371
vn -0.6403 -0.0128 0.7681
vn -0.1883 0.2031 0.9609
vn -0.5988 0.2965 0.7440
vn -0.0071 0.7605 0.6493
vn -0.3519 -0.4235 0.8347
vn -0.4233 -0.4899 0.7621
vn -0.6973 -0.0798 0.7123
vn -0.3274 0.0460 0.9438
vn -0.7003 0.1542 0.6970
vn -0.0777 -0.1548 0.9849
vn -0.3998 -0.0510 0.9152
vn -0.0818 -0.1650 0.9829
vn -0.1944 0.5261 0.8279
vn -0.1578 -0.2360 0.9589
vn -0.2262 -0.3243 0.9185
vn -0.3093 -0.4022 0.8617
vn -0.4291 0.5235 0.7361
vn -0.3978 0.2724 0.8761
vn -0.4543 -0.5088 0.7312
vn -0.0699 0.3450 0.9360
vn -0.5164 -0.5388 0.6656
vn -0.0329 -0.1099 0.9934
vn -0.5354 0.1014 0.8385
vn -0.1917 -0.2798 0.9407
vn -0.2202 0.1722 0.9601
vn -0.5996 0.0180 0.8001
vn -0.2884 0.0805 0.9541
vn -0.5983 0.0303 0.8007
vn -0.3516 0.0050 0.9361
vn -0.4896 -0.1469 0.8595
vn -0.0673 0.6402 0.7652
vn -0.4665 -0.5407 0.7000
vn -0.1319 0.5892 0.7972
vn -0.4477 0.4879 0.7493
vn -0.1376 -0.2446 0.9598
vn -0.6155 -0.2796 0.7368
vn -0.5156 0.4084 0.7532
vn -0.2906 0.4050 0.8669
vn -0.2219 -0.3227 0.9201
vn -0.2779 -0.3908 0.8775
vn -0.2710 -0.3770 0.8857
vn -0.3647 -0.4522 0.8139
vn -0.3581 0.3287 0.8739
vn -0.6943 0.1583 0.7021
vn -0.6849 0.1722 0.7080
vn -0.4950 0.1498 0.8559
vn -0.4919 -0.5513 0.6739
vn -0.4456 -0.1235 0.8867
vn -0.3153 -0.4212 0.8504
vn -0.5755 -0.2465 0.7798
vn -0.0406 -0.1437 0.9888
vn -0.1082 -0.2193 0.9696
vn -0.0161 0.3734 0.9275
vn -0.5987 0.2965 0.7440
vn -0.2530 0.1064 0.9616
vn -0.4475 0.1868 0.8745
vn -0.3335 0.0186 0.9426
vn -0.7140 0.1252 0.6889
vn -0.4024 -0.5050 0.7636
vn -0.7471 0.0681 0.6613
vn -0.2723 0.6763 0.6845
vn -0.3514 0.5975 0.7208
vn -0.5702 0.0480 0.8201
vn -0.1319 -0.2612 0.9562
vn -0.4843 0.4353 0.7589
vn -0.3539 -0.4676 0.8100
vn -0.5501 0.3483 0.7590
vn -0.0598 0.3250 0.9438
vn -0.7449 -0.1548 0.6490
vn -0.7357 -0.1338 0.6640
vn -0.0170 0.6718 0.7405
vn -0.1070 0.5956 0.7961
vn -0.2003 0.1459 0.9688
vn -0.1686 -0.2956 0.9403
vn -0.2898 0.0578 0.9553
vn -0.2440 -0.3728 0.8953
vn -0.2506 0.4355 0.8646
vn -0.3045 -0.4368 0.8464
vn -0.3258 0.3498 0.8783
vn -0.4258 -0.1027 0.8990
vn -0.3081 0.6361 0.7074
vn -0.3752 0.5606 0.7383
vn -0.0101 -0.1692 0.9855
vn -0.5496 -0.2315 0.8027
vn -0.5287 0.0908 0.8439
vn -0.1862 -0.3384 0.9224
vn -0.5114 0.3801 0.7707
vn -0.3249 -0.4728 0.8191
vn -0.0882 0.2913 0.9526
vn -0.6368 0.2305 0.7357
vn -0.0567 -0.2066 0.9768
vn -0.0619 0.6328 0.7718
vn -0.1425 0.5532 0.8208
vn -0.3824 -0.0544 0.9224
vn -0.3601 -0.5000 0.7876
vn -0.5022 -0.2017 0.8409
vn -0.3575 0.2988 0.8848
vn -0.4001 0.5261 0.7504
vn -0.4730 0.4314 0.7683
vn -0.4309 0.2224 0.8746
vn -0.4899 0.1448 0.8597
vn -0.1580 -0.3264 0.9319
vn -0.0078 0.3300 0.9440
vn -0.5577 0.0425 0.8289
vn -0.7720 0.0400 0.6344
vn -0.2137 0.7211 0.6590
vn -0.1924 0.7330 0.6525
vn -0.0860 0.5937 0.8001
vn -0.2169 0.7175 0.6620
vn -0.2891 0.6483 0.7044
vn -0.5352 -0.2375 0.8106
vn -0.3584 0.5707 0.7389
vn -0.2448 0.4357 0.8661
vn -0.3033 0.3434 0.8889
vn -0.4729 -0.5867 0.6574
vn -0.0729 -0.2280 0.9709
vn -0.1335 0.2206 0.9662
vn -0.6067 0.2476 0.7554
vn -0.2830 0.0506 0.9578
vn -0.3489 -0.0351 0.9365
vn -0.6282 -0.0345 0.7773
vn -0.4144 -0.5596 0.7177
vn -0.4224 -0.5666 0.7075
vn -0.3119 0.6169 0.7226
vn -0.0052 0.6440 0.7650
vn -0.3865 0.5365 0.7501
vn -0.6711 -0.3408 0.6584
vn -0.1893 0.4826 0.8551
vn -0.0880 0.2631 0.9607
vn -0.1787 0.4936 0.8511
vn -0.0045 -0.2117 0.9773
vn -0.0144 -0.2003 0.9796
vn -0.1530 0.1809 0.9715
vn -0.0980 -0.2876 0.9527
vn -0.2282 0.0968 0.9688
vn -0.3947 0.2382 0.8874
vn -0.4050 0.2254 0.8861
vn -0.2539 -0.4389 0.8619
vn -0.2646 -0.4508 0.8525
vn -0.3907 -0.5551 0.7343
vn -0.4404 -0.1767 0.8802
vn -0.5352 0.0559 0.8429
vn -0.7409 0.0652 0.6685
vn -0.5149 -0.2286 0.8262
vn -0.0683 -0.2451 0.9671
vn -0.1380 -0.3340 0.9324
vn -0.6452 -0.0751 0.7603
vn -0.2048 -0.4003 0.8932
vn -0.6303 -0.3318 0.7019
vn -0.0227 0.3178 0.9479
vn -0.7088 -0.1268 0.6939
vn -0.7110 -0.1305 0.6909
vn -0.0720 0.6025 0.7949
vn -0.1312 0.5446 0.8284
vn -0.0938 -0.2870 0.9533
vn -0.3374 -0.0425 0.9404
vn -0.2935 -0.5030 0.8129
vn -0.2803 0.3861 0.8788
vn -0.6554 0.1696 0.7360
vn -0.3834 -0.5583 0.7357
vn -0.4692 -0.2040 0.8592
vn -0.7090 0.0938 0.6989
vn -0.4526 -0.6006 0.6591
vn -0.4528 -0.5998 0.6598
vn -0.1177 -0.3243 0.9386
vn -0.5907 -0.3008 0.7488
vn -0.1861 -0.3954 0.8995
vn -0.6620 -0.3463 0.6647
vn -0.2631 -0.4586 0.8488
vn -0.3399 -0.5208 0.7831
vn -0.1423 0.1854 0.9723
vn -0.4240 0.4682 0.7753
vn -0.4244 0.4661 0.7763
vn -0.2189 0.1002 0.9706
vn -0.2830 -0.0038 0.9591
vn -0.4918 0.3729 0.7868
vn -0.2206 -0.4347 0.8731
vn -0.5607 0.2968 0.7730
vn -0.2893 -0.5033 0.8142
vn -0.5475 0.3176 0.7742
vn -0.3510 -0.5507 0.7573
vn -0.2254 0.4196 0.8793
vn -0.3035 0.3438 0.8886
vn -0.4232 -0.5855 0.6914
vn -0.4501 0.1483 0.8806
vn -0.4408 0.1714 0.8811
vn -0.2383 0.6763 0.6970
vn -0.3211 -0.5244 0.7886
vn -0.0813 0.2496 0.9649
vn -0.0884 0.2355 0.9678
vn -0.3005 0.6047 0.7376
vn -0.1683 0.1500 0.9743
vn -0.2393 0.0512 0.9696
vn -0.4430 -0.6169 0.6505
vn -0.0122 -0.2641 0.9644
vn -0.6375 -0.0729 0.7670
vn -0.4476 -0.1616 0.8795
vn -0.0127 0.6340 0.7732
vn -0.6340 0.1971 0.7478
vn -0.5711 -0.2969 0.7653
vn -0.0575 -0.3050 0.9506
vn -0.1273 -0.3760 0.9178
vn -0.3382 0.2874 0.8961
vn -0.5972 -0.0355 0.8013
vn -0.3336 0.5652 0.7545
vn -0.1672 -0.4012 0.9006
vn -0.4002 0.4902 0.7743
vn -0.5869 -0.0203 0.8094
vn -0.4650 0.3954 0.7921
vn -0.4604 0.4067 0.7890
vn -0.5245 -0.2819 0.8034
vn -0.0330 -0.2687 0.9627
vn -0.5931 0.2374 0.7693
vn -0.2608 -0.5187 0.8142
vn -0.3951 -0.6151 0.6823
vn -0.2871 -0.0189 0.9577
vn -0.2818 -0.0058 0.9594
vn -0.2128 0.6973 0.6845
vn -0.0535 -0.3156 0.9474
vn -0.1337 -0.3908 0.9107
vn -0.3560 -0.1048 0.9286
vn -0.1921 -0.4720 0.8604
vn -0.4273 -0.1759 0.8868
vn -0.4853 0.1014 0.8685
vn -0.4929 0.0904 0.8654
vn -0.3517 -0.6000 0.7186
vn -0.5552 0.2733 0.7855
vn -0.6152 -0.3432 0.7097
vn -0.6153 0.1891 0.7652
vn -0.2254 -0.4964 0.8383
vn -0.2965 -0.5816 0.7575
vn -0.2304 0.0389 0.9723
vn -0.0849 0.5587 0.8250
vn -0.2437 0.3833 0.8909
vn -0.3762 -0.1297 0.9174
vn -0.3041 0.3085 0.9013
vn -0.1646 0.7322 0.6609
vn -0.1561 0.7380 0.6565
vn -0.3010 0.5907 0.7487
vn -0.4063 -0.6360 0.6561
vn -0.0643 -0.3480 0.9353
vn -0.0439 0.2519 0.9668
vn -0.0164 0.2745 0.9614
vn -0.5704 -0.0205 0.8211
vn -0.2225 -0.4965 0.8390
vn -0.1157 0.1729 0.9781
vn -0.3254 -0.0692 0.9430
vn -0.1481 -0.4448 0.8833
vn -0.0043 0.6060 0.7955
vn -0.3057 -0.5714 0.7616
vn -0.7291 0.0324 0.6837
vn -0.1798 0.4490 0.8753
vn -0.3099 -0.5877 0.7474
vn -0.1086 -0.4178 0.9020
vn -0.5980 -0.3408 0.7254
vn -0.6483 -0.3874 0.6555
vn -0.4038 0.1747 0.8980
vn -0.3965 0.1865 0.8989
vn -0.2496 -0.5469 0.7991
vn -0.4029 -0.6434 0.6509
vn -0.0633 -0.3682 0.9276
vn -0.0609 -0.3631 0.9298
vn -0.3577 -0.1193 0.9262
vn -0.5896 0.2093 0.7801
vn -0.6590 -0.1070 0.7445
vn -0.3516 -0.6201 0.7013
vn -0.6471 0.1433 0.7488
vn -0.7034 -0.1711 0.6899
vn -0.3564 -0.6236 0.6958
vn -0.5549 -0.3086 0.7726
vn -0.1723 -0.4745 0.8632
vn -0.7491 -0.0130 0.6623
vn -0.1303 0.5012 0.8554
vn -0.1371 0.4969 0.8569
vn -0.0809 0.1962 0.9772
vn -0.1180 0.7454 0.6561
vn -0.2405 -0.0030 0.9707
vn -0.3562 0.2327 0.9050
vn -0.1168 -0.4467 0.8870
vn -0.3512 0.5224 0.7770
vn -0.4173 0.4443 0.7927
vn -0.4267 0.4225 0.7996
vn -0.2680 -0.5718 0.7754
vn -0.4454 -0.2317 0.8648
vn -0.5492 -0.0070 0.8357
vn -0.6169 -0.0883 0.7821
vn -0.6623 0.1053 0.7418
vn -0.7274 -0.1913 0.6590
vn -0.7250 -0.1866 0.6630
vn -0.1752 0.0740 0.9818
vn -0.1525 -0.4935 0.8563
vn -0.2374 0.6400 0.7308
vn -0.2292 0.6504 0.7242
vn -0.4500 0.1035 0.8870
vn -0.1087 -0.4567 0.8830
vn -0.4408 0.1266 0.8886
vn -0.5111 0.3144 0.7999
vn -0.5053 0.0366 0.8622
vn -0.0594 -0.4100 0.9101
vn -0.6447 -0.3923 0.6561
vn -0.0604 -0.4115 0.9094
vn -0.1409 0.1173 0.9830
vn -0.2089 -0.5601 0.8017
vn -0.6914 0.0802 0.7180
vn -0.3500 -0.6597 0.6651
vn -0.2807 -0.0789 0.9565
vn -0.3504 -0.6598 0.6647
vn -0.0187 0.5917 0.8059
vn -0.1983 0.4221 0.8846
vn -0.4203 -0.2102 0.8827
vn -0.1806 0.6903 0.7006
vn -0.3258 0.5393 0.7765
vn -0.3312 0.2531 0.9090
vn -0.5431 -0.3360 0.7695
vn -0.6082 -0.3851 0.6941
vn -0.1098 -0.4880 0.8659
vn -0.1829 -0.5426 0.8198
vn -0.5375 0.2629 0.8012
vn -0.1663 0.0763 0.9831
vn -0.2298 -0.0121 0.9732
vn -0.6633 0.1050 0.7409
vn -0.5916 -0.0706 0.8031
vn -0.3865 -0.1673 0.9070
vn -0.2751 -0.6333 0.7234
vn -0.7135 -0.1893 0.6746
vn -0.7563 -0.0077 0.6542
vn -0.1578 -0.5359 0.8294
vn -0.1698 -0.5427 0.8226
vn -0.5727 -0.3623 0.7354
vn -0.2380 -0.6043 0.7604
vn -0.2379 -0.6005 0.7634
vn -0.6349 -0.3996 0.6612
vn -0.0092 0.2118 0.9773
vn -0.2830 0.2916 0.9137
vn -0.1170 0.1211 0.9857
vn -0.1066 0.1372 0.9848
vn -0.2821 0.5757 0.7674
vn -0.3592 0.4900 0.7943
vn -0.1921 0.0392 0.9806
vn -0.2642 -0.6326 0.7281
vn -0.4853 0.0528 0.8727
vn -0.4889 0.3363 0.8049
vn -0.0572 -0.4481 0.8922
vn -0.2063 -0.5879 0.7822
vn -0.6155 0.1471 0.7743
vn -0.4689 -0.2735 0.8399
vn -0.2870 -0.6453 0.7080
vn -0.0954 -0.4994 0.8611
vn -0.0564 0.1776 0.9825
vn -0.6695 -0.1483 0.7278
vn -0.3132 -0.6756 0.6674
vn -0.1639 0.6972 0.6979
vn -0.0437 -0.4627 0.8854
vn -0.2388 0.6243 0.7438
vn -0.2868 -0.0725 0.9553
vn -0.2316 0.3549 0.9057
vn -0.2415 0.3396 0.9091
vn -0.3033 0.5354 0.7883
vn -0.3145 0.2491 0.9160
vn -0.4931 -0.3016 0.8160
vn -0.5111 0.2816 0.8121
vn -0.5779 0.2030 0.7905
vn -0.2870 -0.6598 0.6945
vn -0.6916 0.0556 0.7202
vn -0.3054 -0.6931 0.6530
vn -0.3703 -0.1928 0.9087
vn -0.0443 -0.4816 0.8753
vn -0.0133 0.5607 0.8279
vn -0.7479 -0.0066 0.6638
vn -0.1121 -0.5478 0.8291
vn -0.1072 0.7416 0.6622
vn -0.1830 -0.6029 0.7765
vn -0.1802 0.4058 0.8960
vn -0.4449 -0.2537 0.8589
vn -0.1900 0.6615 0.7254
vn -0.3956 0.1371 0.9081
vn -0.6266 -0.4301 0.6499
vn -0.4022 0.1291 0.9064
vn -0.4702 0.0492 0.8812
vn -0.4674 0.3277 0.8210
vn -0.5311 -0.0132 0.8472
vn -0.0839 -0.5323 0.8424
vn -0.1799 0.0145 0.9836
vn -0.0851 -0.5343 0.8410
vn -0.3283 -0.1406 0.9340
vn -0.6549 -0.1359 0.7434
vn -0.0320 -0.4974 0.8669
vn -0.1888 -0.6364 0.7479
vn -0.4711 -0.2878 0.8338
vn -0.7123 0.0264 0.7014
vn -0.0633 0.5433 0.8372
vn -0.1438 0.4490 0.8819
vn -0.1388 -0.5960 0.7909
vn -0.0619 0.1455 0.9874
vn -0.1399 -0.5978 0.7894
vn -0.2135 -0.6595 0.7208
vn -0.2815 0.2742 0.9195
vn -0.3561 0.1899 0.9150
vn -0.3521 0.4815 0.8026
vn -0.0425 -0.5243 0.8505
vn -0.1121 -0.5836 0.8042
vn -0.1846 -0.6457 0.7409
vn -0.2529 -0.6905 0.6777
vn -0.2610 -0.7055 0.6589
vn -0.6103 0.1411 0.7795
vn -0.6737 -0.1779 0.7173
vn -0.7261 -0.2359 0.6458
vn -0.0876 0.4927 0.8658
vn -0.2244 -0.0508 0.9732
vn -0.1759 -0.6484 0.7407
vn -0.0890 0.7487 0.6569
vn -0.2964 -0.1362 0.9453
vn -0.3853 -0.2249 0.8950
vn -0.2413 0.3231 0.9151
vn -0.0041 -0.5536 0.8327
vn -0.2334 0.6163 0.7521
vn -0.4399 0.0689 0.8954
vn -0.2572 -0.7137 0.6515
vn -0.3009 0.5326 0.7911
vn -0.5194 -0.3505 0.7793
vn -0.4378 0.0744 0.8960
vn -0.5788 -0.4027 0.7091
vn -0.5665 -0.3908 0.7255
vn -0.3737 0.4409 0.8161
vn -0.5092 -0.0035 0.8606
vn -0.1285 -0.6289 0.7668
vn -0.0197 0.1896 0.9817
vn -0.2178 -0.6885 0.6918
vn -0.5690 -0.0827 0.8182
vn -0.1891 -0.0043 0.9819
vn -0.6388 -0.1457 0.7555
vn -0.2206 -0.7297 0.6472
vn -0.0252 0.5454 0.8378
vn -0.0553 -0.5852 0.8090
vn -0.0635 -0.5948 0.8014
vn -0.2013 -0.7030 0.6821
vn -0.1288 0.0454 0.9906
vn -0.1471 -0.6740 0.7239
vn -0.0156 -0.5732 0.8193
vn -0.3354 0.4818 0.8095
vn -0.1083 -0.6407 0.7601
vn -0.4044 0.3988 0.8231
vn -0.0607 -0.6091 0.7907
vn -0.5367 0.2229 0.8138
vn -0.2093 -0.7285 0.6522
vn -0.1922 -0.7432 0.6408
vn -0.4912 -0.3378 0.8029
vn -0.0087 -0.7659 0.6429
vn -0.6482 0.0917 0.7559
vn -0.6182 -0.4413 0.6504
vn -0.1287 0.4331 0.8921
vn -0.0926 0.0842 0.9921
vn -0.1194 -0.6730 0.7300
vn -0.1403 0.4109 0.9008
vn -0.2459 -0.0832 0.9657
vn -0.0775 -0.6383 0.7659
vn -0.3442 0.1777 0.9219
vn -0.6027 0.4604 0.6518
vn -0.3808 -0.2365 0.8939
vn -0.1582 -0.7046 0.6918
vn -0.6090 0.4488 0.6540
vn -0.1375 0.6926 0.7081
vn -0.0040 -0.6323 0.7747
vn -0.4434 -0.3210 0.8369
vn -0.5604 -0.0792 0.8244
vn -0.5776 0.4940 0.6499
vn -0.6114 -0.1275 0.7810
vn -0.4288 0.3631 0.8272
vn -0.4908 0.2752 0.8266
vn -0.6632 -0.1981 0.7217
vn -0.5785 0.4796 0.6598
vn -0.0795 0.4831 0.8719
vn -0.0543 -0.6579 0.7511
vn -0.3316 -0.1958 0.9229
vn -0.6159 0.1065 0.7806
vn -0.3282 -0.1917 0.9250
vn -0.1389 -0.7197 0.6803
vn -0.4022 -0.2811 0.8713
vn -0.0861 -0.6965 0.7123
vn -0.4734 -0.3484 0.8090
vn -0.0066 -0.6762 0.7367
vn -0.0213 -0.6571 0.7535
vn -0.2972 0.2138 0.9306
vn -0.0674 -0.6931 0.7177
vn -0.1411 -0.7380 0.6599
vn -0.1273 -0.7540 0.6445
vn -0.7281 -0.0243 0.6851
vn -0.5515 0.5257 0.6477
vn -0.6109 0.4306 0.6643
vn -0.0989 -0.7153 0.6918
vn -0.6707 0.3462 0.6560
vn -0.1372 0.0146 0.9904
vn -0.2316 0.5925 0.7715
vn -0.2408 0.5819 0.7768
vn -0.3100 0.4983 0.8097
vn -0.2833 -0.1461 0.9478
vn -0.0387 -0.7024 0.7108
vn -0.5777 0.4800 0.6602
vn -0.0191 -0.6965 0.7173
vn -0.3704 0.4286 0.8241
vn -0.0775 -0.7464 0.6610
vn -0.0882 -0.7518 0.6535
vn -0.0093 0.5178 0.8554
vn -0.6347 0.3918 0.6661
vn -0.1175 0.4359 0.8923
vn -0.1926 0.3581 0.9136
vn -0.0329 -0.7329 0.6796
vn -0.5335 0.5254 0.6629
vn -0.0442 -0.7579 0.6509
vn -0.2621 0.2620 0.9288
vn -0.0526 -0.7495 0.6600
vn -0.0942 0.0615 0.9937
vn -0.2346 -0.1003 0.9669
vn -0.4024 0.0874 0.9113
vn -0.6323 0.4084 0.6583
vn -0.2397 -0.1283 0.9623
vn -0.7663 -0.0485 0.6406
vn -0.1043 0.7109 0.6955
vn -0.6997 0.3013 0.6479
vn -0.4456 -0.3332 0.8309
vn -0.6613 -0.1992 0.7232
vn -0.5744 -0.4322 0.6952
vn -0.0450 0.1050 0.9935
vn -0.4056 0.3849 0.8291
vn -0.0428 0.1229 0.9915
vn -0.0763 0.4820 0.8729
vn -0.4624 0.3028 0.8333
vn -0.1823 -0.0614 0.9813
vn -0.5266 0.2138 0.8228
vn -0.5054 0.5567 0.6592
vn -0.5741 0.4780 0.6648
vn -0.4010 -0.2846 0.8708
vn -0.4042 -0.3048 0.8624
vn -0.3601 0.1392 0.9225
vn -0.7041 -0.0055 0.7101
vn -0.4918 -0.0156 0.8706
vn -0.5333 -0.4061 0.7421
vn -0.5983 -0.4484 0.6640
vn -0.7508 -0.0739 0.6564
vn -0.6587 0.3736 0.6532
vn -0.4667 0.5885 0.6602
vn -0.1272 -0.0044 0.9919
vn -0.2803 -0.1857 0.9418
vn -0.8472 0.5294 -0.0439
vn -0.4303 0.3577 0.8288
vn -0.7066 0.2556 0.6599
vn -0.4958 0.5586 0.6649
vn -0.3188 0.1816 0.9303
vn -0.1685 -0.0411 0.9848
vn -0.6678 0.3277 0.6683
vn -0.6740 0.3147 0.6683
vn -0.6288 -0.1796 0.7566
vn -0.4480 0.6098 0.6538
vn -0.5090 -0.3947 0.7649
vn -0.1614 0.6443 0.7475
vn -0.1660 0.6340 0.7553
vn -0.6907 -0.2232 0.6878
vn -0.0150 0.5034 0.8639
vn -0.1804 0.3473 0.9202
vn -0.1816 -0.0977 0.9785
vn -0.3249 -0.2328 0.9167
vn -0.3384 -0.2511 0.9069
vn -0.4672 0.5849 0.6630
vn -0.5779 0.1461 0.8029
vn -0.5695 0.1570 0.8069
vn -0.5300 0.4943 0.6890
vn -0.5263 -0.0698 0.8474
vn -0.4603 -0.3815 0.8016
vn -0.5389 -0.0826 0.8383
vn -0.5942 -0.1405 0.7920
vn -0.0595 0.0380 0.9975
vn -0.6975 -0.0086 0.7165
vn -0.1350 -0.0334 0.9903
vn -0.7064 -0.2584 0.6590
vn -0.7082 0.2597 0.6565
vn -0.0563 0.4646 0.8837
vn -0.0273 0.7581 0.6516
vn -0.0442 0.7414 0.6697
vn -0.4205 0.6179 0.6644
vn -0.1268 0.3831 0.9150
vn -0.4066 0.6401 0.6518
vn -0.2158 0.2854 0.9338
vn -0.2124 0.2947 0.9317
vn -0.2587 0.5291 0.8081
vn -0.6170 0.3735 0.6927
vn -0.4928 -0.4054 0.7700
vn -0.7248 0.2251 0.6511
vn -0.6141 -0.1900 0.7660
vn -0.6417 0.0484 0.7655
vn -0.5787 0.4293 0.6934
vn -0.5696 0.4421 0.6929
vn -0.6925 0.2604 0.6728
vn -0.0348 0.0872 0.9956
vn -0.1284 0.6599 0.7403
vn -0.1833 -0.0959 0.9784
vn -0.4505 0.0014 0.8928
vn -0.4522 -0.0019 0.8919
vn -0.3539 0.4198 0.8358
vn -0.5279 0.4928 0.6918
vn -0.5739 -0.1335 0.8080
vn -0.5222 -0.4430 0.7287
vn -0.0588 0.0363 0.9976
vn -0.6908 -0.2495 0.6786
vn -0.0081 0.4721 0.8815
vn -0.1914 0.3042 0.9332
vn -0.2862 -0.2435 0.9267
vn -0.2610 0.2161 0.9409
vn -0.6641 0.0210 0.7474
vn -0.2539 0.2295 0.9396
vn -0.5384 -0.4624 0.7045
vn -0.2363 0.5524 0.7994
vn -0.6696 0.2877 0.6848
vn -0.3782 0.3709 0.8482
vn -0.5942 -0.1742 0.7852
vn -0.7267 0.2021 0.6566
vn -0.7238 0.2081 0.6579
vn -0.3803 -0.3370 0.8613
vn -0.7076 -0.2639 0.6554
vn -0.1382 0.3498 0.9266
vn -0.5748 -0.4901 0.6553
vn -0.6349 0.3314 0.6979
vn -0.3418 0.1083 0.9335
vn -0.4177 0.0175 0.9084
vn -0.2625 -0.2035 0.9432
vn -0.3386 -0.2974 0.8927
vn -0.4834 -0.0595 0.8734
vn -0.3293 -0.2844 0.9004
vn -0.4914 -0.0715 0.8680
vn -0.1253 0.6595 0.7412
vn -0.1860 0.5877 0.7874
vn -0.5360 0.4541 0.7118
vn -0.4090 0.3323 0.8499
vn -0.0711 -0.0018 0.9975
vn -0.2120 -0.1618 0.9638
vn -0.5422 0.1605 0.8248
vn -0.6006 0.0861 0.7949
vn -0.4253 -0.3961 0.8137
vn -0.6601 0.0204 0.7509
vn -0.3739 0.0674 0.9250
vn -0.4135 -0.3817 0.8266
vn -0.4889 -0.4495 0.7477
vn -0.4791 -0.4397 0.7597
vn -0.7573 -0.0927 0.6464
vn -0.7506 -0.0906 0.6545
vn -0.0662 0.6995 0.7116
vn -0.6177 0.3524 0.7031
vn -0.2451 -0.2066 0.9472
vn -0.0126 0.4653 0.8850
vn -0.2770 0.4831 0.8306
vn -0.3540 0.3873 0.8513
vn -0.4270 0.2910 0.8562
vn -0.3770 0.6420 0.6677
vn -0.4827 0.2351 0.8436
vn -0.4373 0.5696 0.6960
vn -0.4942 0.2167 0.8419
vn -0.0179 0.0247 0.9995
vn -0.1084 -0.0641 0.9920
vn -0.4074 0.0153 0.9131
vn -0.5791 0.4017 0.7094
vn -0.1834 -0.1503 0.9715
vn -0.1959 -0.1633 0.9669
vn -0.3381 -0.3232 0.8839
vn -0.5269 -0.1162 0.8419
vn -0.7392 0.1633 0.6534
vn -0.7272 -0.0646 0.6834
vn -0.6427 -0.2338 0.7295
vn -0.1639 0.6019 0.7815
vn -0.7039 -0.2942 0.6465
vn -0.0588 -0.0259 0.9979
vn -0.0625 0.4190 0.9058
vn -0.1421 -0.1095 0.9838
vn -0.0659 0.4164 0.9068
vn -0.1299 0.3386 0.9319
vn -0.3107 0.4449 0.8400
vn -0.4725 0.5335 0.7015
vn -0.2824 -0.2890 0.9147
vn -0.3149 0.4352 0.8435
vn -0.5307 0.4496 0.7185
vn -0.2059 0.2464 0.9470
vn -0.2744 -0.2687 0.9233
vn -0.3812 0.3441 0.8581
vn -0.3583 0.0738 0.9307
vn -0.6490 0.2811 0.7070
vn -0.5632 -0.4963 0.6607
vn -0.0971 -0.0666 0.9930
vn -0.3627 0.6620 0.6559
vn -0.5446 -0.1535 0.8245
vn -0.2313 -0.2215 0.9473
vn -0.4938 0.5008 0.7109
vn -0.3800 -0.3753 0.8454
vn -0.3770 -0.3710 0.8487
vn -0.0375 0.7229 0.6899
vn -0.1567 0.2893 0.9443
vn -0.1036 0.6458 0.7564
vn -0.0069 -0.0026 1.0000
vn -0.2518 0.4994 0.8290
vn -0.3124 0.1113 0.9434
vn -0.7297 0.1754 0.6609
vn -0.3863 0.0254 0.9220
vn -0.4419 -0.0531 0.8955
vn -0.3711 0.6305 0.6817
vn -0.4491 0.5432 0.7094
vn -0.5689 0.3922 0.7228
vn -0.6348 0.2971 0.7133
vn -0.0596 -0.0379 0.9975
vn -0.0043 0.4328 0.9015
vn -0.1341 -0.1231 0.9833
vn -0.1429 -0.1480 0.9786
vn -0.2759 -0.3018 0.9126
vn -0.2446 0.1758 0.9536
vn -0.7456 0.1403 0.6515
vn -0.3353 0.6706 0.6616
vn -0.0630 0.6833 0.7274
vn -0.3296 0.6784 0.6566
vn -0.4207 -0.4183 0.8050
vn -0.4083 0.5881 0.6981
vn -0.4039 0.5957 0.6942
vn -0.2841 0.4614 0.8405
vn -0.5553 -0.5114 0.6558
vn 0.2036 -0.5619 0.8018
vn 0.4274 0.0208 0.9038
vn 0.3528 -0.0650 0.9334
vn 0.2960 -0.1500 0.9433
vn 0.2418 0.1062 0.9645
vn 0.2082 -0.2359 0.9492
vn 0.5951 -0.0791 0.7998
vn 0.0434 0.2926 0.9552
vn 0.5354 -0.1714 0.8271
vn 0.3802 0.6000 0.7039
vn 0.0857 -0.0547 0.9948
vn 0.3026 0.5557 0.7743
vn 0.0213 -0.1458 0.9891
vn 0.3428 -0.4175 0.8416
vn 0.6503 0.2409 0.7204
vn 0.3305 -0.4260 0.8422
vn 0.4145 0.2923 0.8618
vn 0.1696 0.4201 0.8915
vn 0.4787 0.0567 0.8761
vn 0.1188 -0.6559 0.7455
vn 0.0206 0.2594 0.9655
vn 0.6960 0.0319 0.7173
vn 0.6406 -0.0407 0.7668
vn 0.2553 -0.1892 0.9482
vn 0.2589 -0.1855 0.9479
vn 0.2742 0.5063 0.8176
vn 0.1799 -0.2785 0.9434
vn 0.1147 -0.3664 0.9233
vn 0.1073 -0.3786 0.9193
vn 0.1399 -0.0050 0.9902
vn 0.4455 -0.2791 0.8507
vn 0.6955 0.2668 0.6671
vn 0.2391 -0.5313 0.8128
vn 0.0629 0.2989 0.9522
vn 0.5316 0.3919 0.7509
vn 0.4706 0.3553 0.8077
vn 0.1713 -0.6166 0.7684
vn 0.0155 -0.7515 0.6595
vn 0.7376 0.0568 0.6729
vn 0.3255 0.1908 0.9261
vn 0.2645 0.1468 0.9531
vn 0.5587 -0.1523 0.8153
vn 0.1089 0.3472 0.9315
vn 0.1052 0.3414 0.9340
vn 0.1903 0.0400 0.9809
vn 0.0249 0.2609 0.9650
vn 0.4231 -0.3235 0.8464
vn 0.0174 -0.4796 0.8773
vn 0.3033 0.5228 0.7967
vn 0.1274 -0.6552 0.7447
vn 0.5505 0.1320 0.8244
vn 0.5533 0.1349 0.8220
vn 0.7008 0.0291 0.7127
vn 0.4815 0.0561 0.8746
vn 0.3771 0.2376 0.8952
vn 0.0062 0.2182 0.9759
vn 0.4330 0.6108 0.6629
vn 0.3569 0.5447 0.7589
vn 0.2741 -0.1829 0.9442
vn 0.0798 -0.0937 0.9924
vn 0.0694 -0.4341 0.8982
vn 0.0682 -0.4366 0.8971
vn 0.0855 -0.0857 0.9927
vn 0.1038 -0.6840 0.7221
vn 0.1429 0.3635 0.9206
vn 0.7048 0.2702 0.6560
vn 0.0524 -0.7643 0.6427
vn 0.1380 0.3568 0.9239
vn 0.5594 0.3977 0.7272
vn 0.6567 0.2310 0.7179
vn 0.7316 0.0591 0.6791
vn 0.7438 0.0658 0.6652
vn 0.6251 -0.0752 0.7769
vn 0.4012 0.5850 0.7049
vn 0.4069 -0.0426 0.9125
vn 0.1918 0.4048 0.8941
vn 0.3018 -0.4794 0.8241
vn 0.2135 0.0552 0.9754
vn 0.1365 -0.0401 0.9898
vn 0.1954 -0.2979 0.9344
vn 0.6765 -0.0267 0.7360
vn 0.6725 -0.0391 0.7390
vn 0.6337 0.1915 0.7495
vn 0.5263 0.3668 0.7672
vn 0.2368 0.4479 0.8622
vn 0.5131 0.0753 0.8550
vn 0.4322 -0.3424 0.8342
vn 0.4440 0.0095 0.8960
vn 0.2214 -0.5894 0.7769
vn 0.2590 0.0868 0.9620
vn 0.4152 0.5851 0.6966
vn 0.3598 0.5425 0.7591
vn 0.2400 -0.2500 0.9380
vn 0.1877 0.0059 0.9822
vn 0.1710 -0.3364 0.9261
vn 0.2857 0.4799 0.8295
vn 0.0053 -0.4977 0.8673
vn 0.2083 0.4062 0.8897
vn 0.5285 -0.2070 0.8233
vn 0.3998 -0.3787 0.8347
vn 0.0639 0.2426 0.9680
vn 0.3305 -0.4610 0.8236
vn 0.2577 -0.5393 0.8017
vn 0.3332 0.5036 0.7971
vn 0.1935 -0.6208 0.7597
vn 0.3002 0.1338 0.9444
vn 0.1129 -0.7010 0.7042
vn 0.2561 0.4433 0.8590
vn 0.1824 0.3698 0.9110
vn 0.5794 -0.1572 0.7997
vn 0.0826 -0.1253 0.9887
vn 0.0736 -0.4515 0.8892
vn 0.5088 -0.2484 0.8243
vn 0.3802 -0.4213 0.8234
vn 0.3097 -0.5131 0.8005
vn 0.4950 0.3259 0.8055
vn 0.5984 0.1491 0.7872
vn 0.1615 -0.6651 0.7291
vn 0.4313 0.2646 0.8626
vn 0.0830 -0.7287 0.6798
vn 0.3925 -0.0721 0.9169
vn 0.3272 -0.1559 0.9320
vn 0.0843 0.2606 0.9618
vn 0.2624 -0.2394 0.9348
vn 0.2590 -0.2455 0.9342
vn 0.0886 0.2721 0.9582
vn 0.1870 -0.3287 0.9257
vn 0.1459 -0.0549 0.9878
vn 0.1147 -0.4051 0.9070
vn 0.3549 0.5075 0.7852
vn 0.0495 -0.1549 0.9867
vn 0.2065 -0.6157 0.7604
vn 0.4728 0.2974 0.8295
vn 0.0612 -0.7631 0.6434
vn 0.7106 -0.0103 0.7035
vn 0.3941 0.2255 0.8910
vn 0.4515 -0.0156 0.8922
vn 0.4419 -0.0339 0.8964
vn 0.5943 -0.1450 0.7911
vn 0.5328 -0.2178 0.8178
vn 0.3340 0.1716 0.9268
vn 0.4683 0.5827 0.6642
vn 0.4769 0.5848 0.6562
vn 0.3944 0.5426 0.7417
vn 0.3972 0.5447 0.7387
vn 0.4002 -0.4061 0.8215
vn 0.2312 -0.2859 0.9300
vn 0.2654 -0.5746 0.7742
vn 0.1546 -0.3644 0.9183
vn 0.2662 0.4316 0.8619
vn 0.1834 -0.6544 0.7336
vn 0.1029 -0.7191 0.6873
vn 0.0179 -0.5185 0.8549
vn 0.6352 0.4136 0.6522
vn 0.5748 0.3881 0.7204
vn 0.6463 -0.1023 0.7562
vn 0.0399 0.1980 0.9794
vn 0.4455 0.5618 0.6971
vn 0.3531 -0.1300 0.9265
vn 0.0777 -0.7506 0.6562
vn 0.0562 -0.4816 0.8746
vn 0.6767 -0.0580 0.7340
vn 0.0099 0.1514 0.9884
vn 0.0068 0.1391 0.9903
vn 0.7314 0.2323 0.6412
vn 0.5497 -0.2226 0.8052
vn 0.5887 0.1309 0.7977
vn 0.4910 -0.2974 0.8188
vn 0.5292 0.0677 0.8458
vn 0.4936 0.3031 0.8151
vn 0.3573 -0.4691 0.8076
vn 0.4161 0.2314 0.8794
vn 0.3522 0.1612 0.9219
vn 0.1319 0.2904 0.9478
vn 0.1273 0.2810 0.9512
vn 0.6425 -0.1014 0.7596
vn 0.0657 0.2103 0.9754
vn 0.4683 0.5653 0.6790
vn 0.1323 -0.0890 0.9872
vn 0.4591 -0.3474 0.8177
vn 0.6816 0.2192 0.6982
vn 0.3229 0.4663 0.8236
vn 0.5956 0.3984 0.6975
vn 0.3209 -0.5174 0.7933
vn 0.6380 0.1745 0.7500
vn 0.5352 0.3412 0.7728
vn 0.7588 0.0065 0.6513
vn 0.7485 0.0106 0.6631
vn 0.7597 0.0050 0.6502
vn 0.3761 -0.1342 0.9168
vn 0.0345 0.1678 0.9852
vn 0.3105 -0.2062 0.9279
vn 0.5764 -0.2053 0.7909
vn 0.2589 0.0509 0.9646
vn 0.2522 0.0438 0.9667
vn 0.5091 -0.2695 0.8174
vn 0.3721 -0.4581 0.8072
vn 0.2422 0.3797 0.8928
vn 0.0018 -0.5512 0.8344
vn 0.0313 -0.2189 0.9752
vn 0.1677 0.3059 0.9372
vn 0.1614 -0.6962 0.6994
vn 0.7173 -0.0157 0.6966
vn 0.5801 0.3729 0.7242
vn 0.6601 -0.0948 0.7452
vn 0.5546 0.0840 0.8279
vn 0.6105 -0.1472 0.7782
vn 0.5092 0.5707 0.6442
vn 0.4918 -0.3078 0.8145
vn 0.3102 0.1061 0.9447
vn 0.3074 0.0975 0.9466
vn 0.3549 -0.4948 0.7932
vn 0.2749 -0.5789 0.7677
vn 0.2060 0.3475 0.9148
vn 0.0650 -0.5043 0.8611
vn 0.0577 -0.5149 0.8553
vn 0.3318 0.4525 0.8277
vn 0.4027 -0.1045 0.9093
vn 0.2605 0.3864 0.8848
vn 0.3345 -0.1877 0.9235
vn 0.1787 0.3034 0.9359
vn 0.6968 -0.0747 0.7133
vn 0.1095 -0.4658 0.8781
vn 0.2115 -0.0167 0.9772
vn 0.1431 -0.1105 0.9835
vn 0.6916 0.2004 0.6940
vn 0.4454 0.5314 0.7206
vn 0.4454 0.5313 0.7206
vn 0.6256 0.1506 0.7655
vn 0.0627 -0.1900 0.9798
vn 0.3850 0.4824 0.7868
vn 0.5139 0.0110 0.8578
vn 0.4617 0.2470 0.8520
vn 0.3104 0.4162 0.8546
vn 0.2438 -0.6356 0.7325
vn 0.2317 0.3455 0.9094
vn 0.4724 0.2585 0.8426
vn 0.3944 0.1818 0.9008
vn 0.3089 -0.2208 0.9251
vn 0.5497 -0.2714 0.7901
vn 0.0873 0.1961 0.9767
vn 0.2543 0.0136 0.9670
vn 0.1571 -0.4220 0.8929
vn 0.0063 0.0794 0.9968
vn 0.0190 0.1161 0.9931
vn 0.1690 -0.4028 0.8996
vn 0.4311 -0.4174 0.8000
vn 0.1892 -0.0643 0.9798
vn 0.1206 -0.1435 0.9823
vn 0.2195 -0.6676 0.7114
vn 0.1409 -0.7395 0.6583
vn 0.1235 -0.7537 0.6455
vn 0.6289 0.3829 0.6767
vn 0.6394 0.3931 0.6608
vn 0.5112 0.2827 0.8116
vn 0.1335 0.2271 0.9647
vn 0.4657 -0.3611 0.8079
vn 0.1455 0.2450 0.9585
vn 0.3531 -0.1941 0.9152
vn 0.2859 -0.2793 0.9167
vn 0.3307 -0.5571 0.7618
vn 0.2266 -0.3520 0.9082
vn 0.2304 -0.0154 0.9730
vn 0.7617 -0.0292 0.6473
vn 0.3215 0.4205 0.8484
vn 0.1921 0.2897 0.9376
vn 0.0137 -0.2787 0.9603
vn 0.5998 0.0962 0.7943
vn 0.5167 -0.3268 0.7913
vn 0.4540 -0.4039 0.7942
vn 0.5341 0.0407 0.8445
vn 0.5532 0.3253 0.7669
vn 0.2361 -0.6596 0.7136
vn 0.1564 -0.7364 0.6582
vn 0.1615 -0.7331 0.6607
vn 0.2565 -0.3048 0.9172
vn 0.6884 -0.1161 0.7160
vn 0.3630 0.1208 0.9239
vn 0.0509 -0.5599 0.8270
vn 0.2398 0.3342 0.9115
vn 0.6907 0.1849 0.6992
vn 0.1282 -0.1404 0.9818
vn 0.5806 0.0673 0.8114
vn 0.2794 -0.6165 0.7361
vn 0.0872 0.1474 0.9852
vn 0.2036 -0.6907 0.6939
vn 0.5138 0.0074 0.8579
vn 0.5015 -0.0175 0.8650
vn 0.6484 0.3897 0.6540
vn 0.4585 -0.0807 0.8850
vn 0.4117 0.4833 0.7726
vn 0.4181 0.4916 0.7639
vn 0.6034 -0.2214 0.7661
vn 0.3863 -0.1722 0.9062
vn 0.4103 -0.4680 0.7827
vn 0.2306 -0.3511 0.9075
vn 0.1546 -0.4362 0.8865
vn 0.1578 -0.4272 0.8903
vn 0.3348 -0.5586 0.7588
vn 0.2157 0.2883 0.9330
vn 0.0143 0.7482 0.6633
vn 0.1294 0.2069 0.9698
vn 0.7552 -0.0482 0.6537
vn 0.6860 -0.1171 0.7182
vn 0.0442 0.7546 0.6547
vn 0.1915 -0.0691 0.9791
vn 0.0084 0.7170 0.6970
vn 0.6658 0.1596 0.7289
vn 0.0647 0.1071 0.9921
vn 0.6332 -0.1751 0.7540
vn 0.0080 0.7173 0.6967
vn 0.0404 -0.2418 0.9695
vn 0.5089 -0.3607 0.7816
vn 0.0692 0.7443 0.6643
vn 0.3884 -0.5096 0.7678
vn 0.5766 0.3393 0.7433
vn 0.0856 0.7508 0.6549
vn 0.0125 0.6925 0.7213
vn 0.4521 0.2061 0.8678
vn 0.2747 -0.3030 0.9126
vn 0.7190 -0.0667 0.6918
vn 0.7252 -0.0509 0.6866
vn 0.0646 0.7184 0.6926
vn 0.1814 0.2477 0.9517
vn 0.1129 0.7486 0.6534
vn 0.3162 0.0525 0.9473
vn 0.5533 -0.3047 0.7753
vn 0.5606 -0.2870 0.7767
vn 0.0672 -0.5478 0.8339
vn 0.3138 0.0500 0.9482
vn 0.4268 -0.4577 0.7800
vn 0.4454 0.4955 0.7457
vn 0.0717 0.7105 0.7001
vn 0.3711 0.4454 0.8148
vn 0.5858 0.0692 0.8075
vn 0.0872 -0.1992 0.9761
vn 0.0498 0.6786 0.7328
vn 0.6580 -0.1587 0.7361
vn 0.2988 0.3718 0.8789
vn 0.0143 -0.2802 0.9598
vn 0.1355 0.7351 0.6643
vn 0.6154 0.3408 0.7107
vn 0.1499 0.7404 0.6552
vn 0.3319 -0.2472 0.9104
vn 0.5577 0.3053 0.7718
vn 0.0539 0.6799 0.7313
vn 0.0827 0.1545 0.9845
vn 0.3944 -0.5071 0.7664
vn 0.1173 -0.4930 0.8621
vn 0.1137 -0.5021 0.8573
vn 0.0174 0.0592 0.9981
vn 0.4925 0.5250 0.6941
vn 0.4864 0.5186 0.7032
vn 0.7581 -0.0539 0.6499
vn 0.6392 0.1155 0.7603
vn 0.6277 -0.2042 0.7512
vn 0.5683 0.0307 0.8223
vn 0.1080 0.7025 0.7034
vn 0.0379 0.6489 0.7599
vn 0.1862 0.7376 0.6491
vn 0.3625 -0.5512 0.7515
vn 0.4356 -0.1113 0.8932
vn 0.6695 0.3675 0.6455
vn 0.3021 -0.6217 0.7226
vn 0.1336 0.7157 0.6855
vn 0.6631 -0.1591 0.7314
vn 0.5290 0.5404 0.6544
vn 0.4716 0.2195 0.8541
vn 0.4839 -0.4131 0.7715
vn 0.0136 -0.6115 0.7912
vn 0.7399 0.1828 0.6474
vn 0.7258 0.2030 0.6572
vn 0.2166 -0.7153 0.6644
vn 0.2046 -0.7286 0.6536
vn 0.1815 -0.1098 0.9772
vn 0.1087 -0.1904 0.9757
vn 0.5867 -0.2759 0.7613
vn 0.5983 -0.2567 0.7590
vn 0.1053 0.6660 0.7384
vn 0.1168 0.6764 0.7272
vn 0.6332 0.3517 0.6895
vn 0.3532 -0.2364 0.9052
vn 0.0270 0.0557 0.9981
vn 0.2880 -0.3192 0.9029
vn 0.3288 -0.6071 0.7234
vn 0.0392 0.5979 0.8006
vn 0.2684 -0.6711 0.6911
vn 0.2099 -0.3922 0.8956
vn 0.3853 0.4247 0.8192
vn 0.5112 0.2571 0.8201
vn 0.3065 0.3589 0.8816
vn 0.3750 0.1105 0.9204
vn 0.2078 0.7182 0.6641
vn 0.5141 -0.3740 0.7719
vn 0.4494 -0.4678 0.7610
vn 0.0657 0.6194 0.7823
vn 0.0872 -0.2499 0.9643
vn 0.4072 -0.1810 0.8952
vn 0.3243 -0.2681 0.9071
vn 0.0066 -0.3205 0.9472
vn 0.2590 -0.3629 0.8951
vn 0.1553 0.6728 0.7233
vn 0.1682 0.6902 0.7038
vn 0.6100 0.3206 0.7247
vn 0.0815 0.6190 0.7812
vn 0.3609 0.3946 0.8450
vn 0.5511 0.2841 0.7846
vn 0.2718 0.3201 0.9075
vn 0.4233 -0.5156 0.7450
vn 0.1176 -0.5101 0.8521
vn 0.4207 0.1592 0.8931
vn 0.7090 -0.1276 0.6936
vn 0.1459 0.1822 0.9724
vn 0.6284 0.0934 0.7723
vn 0.6484 -0.2175 0.7296
vn 0.1276 0.1462 0.9810
vn 0.5121 -0.0455 0.8577
vn 0.5281 -0.3789 0.7599
vn 0.5046 -0.0669 0.8608
vn 0.0732 0.0868 0.9935
vn 0.1122 0.6361 0.7634
vn 0.5331 0.5197 0.6677
vn 0.5312 0.5181 0.6703
vn 0.4467 -0.1373 0.8841
vn 0.0360 0.5603 0.8275
vn 0.0437 0.5700 0.8205
vn 0.4694 0.4789 0.7419
vn 0.2602 -0.7073 0.6573
vn 0.2447 0.7224 0.6468
vn 0.2689 -0.7111 0.6497
vn 0.7583 -0.0780 0.6472
vn 0.1646 -0.4713 0.8665
vn 0.1991 0.6916 0.6943
vn 0.0009 -0.6304 0.7763
vn 0.4500 -0.4856 0.7495
vn 0.1309 0.6306 0.7650
vn 0.3845 -0.5617 0.7326
vn 0.6741 0.1287 0.7273
vn 0.3054 -0.6537 0.6924
vn 0.6627 0.1141 0.7402
vn 0.4012 0.1086 0.9095
vn 0.3000 -0.6606 0.6882
vn 0.7297 -0.1102 0.6748
vn 0.5548 -0.0159 0.8319
vn 0.6764 -0.1870 0.7124
vn 0.4814 -0.0842 0.8724
vn 0.1971 -0.1306 0.9717
vn 0.4899 -0.4343 0.7559
vn 0.4268 -0.5361 0.7283
vn 0.3705 0.3969 0.8398
vn 0.1702 0.6487 0.7417
vn 0.2807 -0.3501 0.8937
vn 0.1650 0.6405 0.7501
vn 0.2435 0.2625 0.9337
vn 0.2159 0.6768 0.7038
vn 0.4490 0.1702 0.8772
vn 0.7060 0.1518 0.6917
vn 0.0046 -0.0095 0.9999
vn 0.7413 -0.1142 0.6613
vn 0.5524 0.5145 0.6558
vn 0.4941 0.4821 0.7235
vn 0.2668 0.6987 0.6638
vn 0.3038 -0.0018 0.9527
vn 0.4941 0.4820 0.7236
vn 0.2349 -0.0837 0.9684
vn 0.4349 0.4427 0.7842
vn 0.5040 -0.4378 0.7445
vn 0.1650 -0.1640 0.9725
vn 0.3377 -0.2950 0.8938
vn 0.0319 0.5176 0.8550
vn 0.0904 -0.2537 0.9631
vn 0.0436 0.5313 0.8461
vn 0.2804 0.3020 0.9111
vn 0.0134 -0.3325 0.9430
vn 0.1060 -0.5497 0.8286
vn 0.6113 -0.2995 0.7325
vn 0.2063 0.2135 0.9549
vn 0.2082 0.2233 0.9522
vn 0.6870 0.1235 0.7161
vn 0.5764 0.0014 0.8171
vn 0.3636 -0.6142 0.7004
vn 0.2069 0.6507 0.7306
vn 0.4183 0.1314 0.8987
vn 0.1476 0.5970 0.7886
vn 0.4345 -0.1678 0.8849
vn 0.3571 0.0489 0.9328
vn 0.5324 -0.4159 0.7373
vn 0.3266 0.3496 0.8781
vn 0.2351 -0.4105 0.8810
vn 0.2602 0.2644 0.9287
vn 0.1436 -0.2066 0.9678
vn 0.7455 -0.1212 0.6554
vn 0.1146 0.5727 0.8117
vn 0.1010 0.5642 0.8195
vn 0.6918 -0.1912 0.6963
vn 0.1736 0.1782 0.9686
vn 0.0666 -0.2991 0.9519
vn 0.6382 -0.2713 0.7205
vn 0.6578 0.3307 0.6767
vn 0.5682 -0.3584 0.7408
vn 0.5717 -0.3507 0.7417
vn 0.7404 0.1439 0.6566
vn 0.5319 0.2355 0.8134
vn 0.3842 -0.6024 0.6996
vn 0.0475 0.0215 0.9986
vn 0.6171 0.0436 0.7857
vn 0.3039 -0.6979 0.6485
vn 0.3107 -0.6841 0.6599
vn 0.5448 -0.0444 0.8374
vn 0.0893 0.5224 0.8480
vn 0.2615 -0.0607 0.9633
vn 0.2268 0.2299 0.9464
vn 0.1238 0.5725 0.8105
vn 0.3503 -0.6436 0.6805
vn 0.1895 -0.1511 0.9702
vn 0.7086 -0.1793 0.6824
vn 0.6490 -0.2661 0.7127
vn 0.1190 -0.2529 0.9602
vn 0.6543 -0.2576 0.7110
vn 0.2190 -0.4468 0.8674
vn 0.2554 0.6704 0.6967
vn 0.5484 -0.4169 0.7249
vn 0.0626 -0.6024 0.7957
vn 0.0548 -0.6091 0.7912
vn 0.0981 0.0713 0.9926
vn 0.5776 0.4975 0.6472
vn 0.4290 0.4228 0.7983
vn 0.0436 0.4838 0.8741
vn 0.4184 0.4159 0.8074
vn 0.3514 0.3565 0.8657
vn 0.3066 0.6963 0.6490
vn 0.4414 -0.5434 0.7141
vn 0.3107 -0.0170 0.9504
vn 0.4073 -0.2309 0.8836
vn 0.7194 -0.1818 0.6704
vn 0.7400 -0.1574 0.6540
vn 0.3243 -0.3153 0.8919
vn 0.6090 -0.3301 0.7212
vn 0.2590 -0.3931 0.8823
vn 0.2349 -0.1194 0.9647
vn 0.1572 -0.1956 0.9680
vn 0.4865 -0.4978 0.7180
vn 0.1900 -0.4850 0.8536
vn 0.1123 -0.5555 0.8239
vn 0.3624 -0.6656 0.6524
vn 0.1410 0.1114 0.9837
vn 0.3646 -0.6666 0.6502
vn 0.1411 0.1236 0.9823
vn 0.0806 -0.2903 0.9535
vn 0.0581 0.0174 0.9982
vn 0.0040 -0.3638 0.9315
vn 0.6688 0.3355 0.6634
vn 0.5342 0.4823 0.6943
vn 0.6383 0.0594 0.7675
vn 0.6077 0.2842 0.7416
vn 0.6167 0.2985 0.7284
vn 0.5617 0.2460 0.7899
vn 0.4696 0.4460 0.7620
vn 0.0637 0.4724 0.8791
vn 0.2636 0.6606 0.7030
vn 0.6845 -0.2466 0.6860
vn 0.1828 0.5934 0.7839
vn 0.5775 -0.3901 0.7172
vn 0.5686 -0.4072 0.7148
vn 0.3836 -0.2507 0.8888
vn 0.5099 -0.4734 0.7183
vn 0.1884 0.6055 0.7732
vn 0.4437 -0.5636 0.6968
vn 0.2335 -0.4316 0.8713
vn 0.2768 -0.0628 0.9589
vn 0.1666 -0.5235 0.8356
vn 0.6202 -0.3393 0.7072
vn 0.0970 0.0714 0.9927
vn 0.2294 0.6148 0.7546
vn 0.4846 -0.5201 0.7033
vn 0.1431 -0.2270 0.9633
vn 0.2320 0.6291 0.7419
vn 0.4176 -0.6034 0.6794
vn 0.7296 0.1383 0.6698
vn 0.0573 -0.3320 0.9415
vn 0.5993 -0.3825 0.7032
vn 0.0941 0.5155 0.8517
vn 0.4115 -0.6411 0.6478
vn 0.4676 0.1533 0.8705
vn 0.4858 -0.1341 0.8637
vn 0.7306 -0.2061 0.6510
vn 0.2152 -0.4642 0.8592
vn 0.6169 -0.3626 0.6986
vn 0.0643 0.4712 0.8797
vn 0.3280 0.6751 0.6608
vn 0.3518 0.6783 0.6451
vn 0.4895 -0.5235 0.6974
vn 0.2658 0.6367 0.7238
vn 0.0108 -0.0564 0.9984
vn 0.0171 -0.0429 0.9989
vn 0.4239 -0.6115 0.6681
vn 0.1953 0.5730 0.7960
vn 0.6480 0.0544 0.7597
vn 0.6534 -0.3187 0.6867
vn 0.5942 -0.0061 0.8043
vn 0.5360 -0.4763 0.6970
vn 0.5644 0.2439 0.7886
vn 0.7002 -0.2572 0.6660
vn 0.0361 0.4244 0.9047
vn 0.5113 0.1886 0.8384
vn 0.5831 -0.4289 0.6900
vn 0.4465 -0.6112 0.6535
vn 0.3701 0.0361 0.9283
vn 0.1579 0.5480 0.8214
vn 0.1894 -0.5009 0.8445
vn 0.5417 -0.4721 0.6955
vn 0.4894 -0.5616 0.6672
vn 0.0469 -0.6544 0.7547
vn 0.7031 -0.2562 0.6634
vn 0.7192 -0.2403 0.6519
vn 0.2438 -0.1241 0.9619
vn 0.7396 0.1419 0.6579
vn 0.7011 0.0971 0.7064
vn 0.5293 -0.5093 0.6785
vn 0.4063 0.3655 0.8375
vn 0.4838 -0.5877 0.6485
vn 0.3377 0.3024 0.8914
vn 0.3228 0.2883 0.9015
vn 0.0154 -0.3833 0.9235
vn 0.1304 0.5033 0.8542
vn 0.0550 0.4362 0.8982
vn 0.3738 -0.2906 0.8808
vn 0.3824 -0.2801 0.8805
vn 0.3246 0.6542 0.6831
vn 0.4909 -0.5632 0.6647
vn 0.4886 -0.5802 0.6516
vn 0.3093 -0.3659 0.8777
vn 0.1952 0.1460 0.9698
vn 0.4220 0.0725 0.9037
vn 0.5375 -0.5180 0.6654
vn 0.1633 -0.5515 0.8180
vn 0.6843 -0.3162 0.6571
vn 0.5672 -0.4651 0.6797
vn 0.6810 -0.3213 0.6580
vn 0.6735 -0.3261 0.6633
vn 0.6685 -0.3547 0.6537
vn 0.6310 -0.4177 0.6537
vn 0.5127 0.4406 0.7369
vn 0.6059 -0.4217 0.6746
vn 0.6746 0.0709 0.7348
vn 0.5673 -0.5014 0.6532
vn 0.6578 -0.3769 0.6521
vn 0.6177 -0.4440 0.6491
vn 0.3772 0.3391 0.8618
vn 0.6138 0.0027 0.7894
vn 0.5324 -0.5412 0.6509
vn 0.6463 -0.3846 0.6591
vn 0.5802 -0.4767 0.6603
vn 0.2463 0.5932 0.7664
vn 0.5891 -0.4746 0.6541
vn 0.1627 0.5232 0.8366
vn 0.0646 -0.3411 0.9378
vn 0.6203 -0.4262 0.6584
vn 0.4999 -0.1447 0.8539
vn 0.6574 0.2921 0.6946
vn 0.7778 0.0360 0.6274
vn 0.5262 0.1959 0.8275
vn 0.2880 -0.4035 0.8685
vn 0.4675 0.1138 0.8766
vn 0.2830 0.6234 0.7289
vn 0.0622 -0.6447 0.7619
vn 0.5529 0.4574 0.6964
vn 0.4892 0.4255 0.7613
vn 0.4253 0.3849 0.8191
vn 0.5390 -0.1089 0.8353
vn 0.3315 0.6424 0.6909
vn 0.2869 0.2381 0.9279
vn 0.3344 -0.3561 0.8726
vn 0.2005 0.1436 0.9691
vn 0.1095 0.4569 0.8828
vn 0.5046 0.1599 0.8484
vn 0.1114 -0.5999 0.7923
vn 0.1095 -0.6014 0.7914
vn 0.0468 -0.6755 0.7358
vn 0.0380 -0.6819 0.7305
vn 0.0389 0.3815 0.9235
vn 0.0712 -0.0038 0.9975
vn 0.0666 -0.0317 0.9973
vn 0.0387 0.3814 0.9236
vn 0.3781 0.6621 0.6470
vn 0.6819 0.0683 0.7283
vn 0.4700 0.3948 0.7894
vn 0.2300 0.5601 0.7959
vn 0.4064 0.3501 0.8440
vn 0.5005 -0.1446 0.8536
vn 0.2668 0.2003 0.9427
vn 0.0046 -0.4107 0.9117
vn 0.6099 0.2535 0.7508
vn 0.2830 0.5928 0.7540
vn 0.1715 -0.5605 0.8102
vn 0.7141 0.0950 0.6936
vn 0.4152 0.0502 0.9084
vn 0.5042 0.4238 0.7524
vn 0.1375 0.4718 0.8709
vn 0.3455 -0.0285 0.9380
vn 0.3235 0.6210 0.7139
vn 0.2831 -0.1184 0.9518
vn 0.5632 -0.0785 0.8226
vn 0.2943 -0.0939 0.9511
vn 0.3771 0.2975 0.8771
vn 0.2073 -0.2053 0.9565
vn 0.2156 -0.1938 0.9571
vn 0.1405 -0.2873 0.9475
vn 0.2345 0.1674 0.9576
vn 0.1813 0.5121 0.8396
vn 0.0581 -0.3802 0.9231
vn 0.2798 -0.4384 0.8541
vn 0.2939 -0.4221 0.8576
vn 0.6476 0.2852 0.7066
vn 0.1655 0.0846 0.9826
vn 0.3844 0.6441 0.6614
vn 0.0103 -0.1099 0.9939
vn 0.4678 0.1133 0.8765
vn 0.0206 -0.0913 0.9956
vn 0.2293 0.5611 0.7954
vn 0.5380 -0.1136 0.8353
vn 0.4721 -0.2028 0.8579
vn 0.0960 0.4104 0.9069
vn 0.2835 0.2088 0.9360
vn 0.0139 0.3294 0.9441
vn 0.1208 -0.3144 0.9416
vn 0.6989 0.3163 0.6415
vn 0.1325 0.0440 0.9902
vn 0.7614 0.1064 0.6395
vn 0.5823 0.2072 0.7861
vn 0.6299 -0.0061 0.7766
vn 0.5914 0.4671 0.6573
vn 0.5166 0.1378 0.8451
vn 0.4742 0.3643 0.8015
vn 0.3386 0.6006 0.7243
vn 0.3766 -0.0054 0.9264
vn 0.3767 -0.0049 0.9263
vn 0.4501 -0.2429 0.8593
vn 0.3832 -0.3298 0.8628
vn 0.3272 0.2487 0.9117
vn 0.2528 0.1666 0.9531
vn 0.1094 0.4146 0.9034
vn 0.1507 -0.5967 0.7882
vn 0.0412 0.3468 0.9370
vn 0.0153 -0.4342 0.9007
vn 0.0226 -0.7182 0.6955
vn 0.3711 0.6326 0.6798
vn 0.2995 0.5791 0.7582
vn 0.6141 0.2474 0.7495
vn 0.2370 0.5200 0.8206
vn 0.5533 0.1773 0.8139
vn 0.1653 0.4600 0.8724
vn 0.4809 -0.1958 0.8546
vn 0.3772 0.2975 0.8771
vn 0.3514 -0.3616 0.8635
vn 0.0835 0.3879 0.9179
vn 0.1625 0.0587 0.9850
vn 0.1281 -0.3113 0.9416
vn 0.0625 -0.3835 0.9214
vn 0.6577 0.0121 0.7532
vn 0.5941 -0.0783 0.8006
vn 0.5454 0.4373 0.7150
vn 0.4657 -0.2271 0.8553
vn 0.3355 0.5923 0.7325
vn 0.4623 0.0782 0.8833
vn 0.4300 0.3251 0.8422
vn 0.2563 -0.4842 0.8366
vn 0.3352 -0.0916 0.9377
vn 0.1918 0.4735 0.8596
vn 0.1095 -0.6484 0.7534
vn 0.2150 0.1069 0.9707
vn 0.0351 -0.7130 0.7003
vn 0.2081 0.0961 0.9734
vn 0.1850 -0.2532 0.9496
vn 0.1059 -0.3431 0.9333
vn 0.1332 0.0031 0.9911
vn 0.3068 0.5502 0.7766
vn 0.7057 0.2726 0.6539
vn 0.6107 0.4448 0.6551
vn 0.5917 0.4536 0.6665
vn 0.5900 0.4524 0.6687
vn 0.5767 0.1869 0.7953
vn 0.2364 0.5205 0.8205
vn 0.3659 -0.3568 0.8595
vn 0.5024 0.1109 0.8575
vn 0.4678 0.3746 0.8006
vn 0.2368 -0.5231 0.8187
vn 0.4264 0.6273 0.6517
vn 0.3400 0.2361 0.9103
vn 0.0105 -0.7357 0.6772
vn 0.6674 0.0063 0.7447
vn 0.2177 0.4667 0.8572
vn 0.0063 -0.4512 0.8924
vn 0.1319 0.4053 0.9046
vn 0.6141 0.2125 0.7601
vn 0.0703 0.3279 0.9421
vn 0.4308 -0.2931 0.8535
vn 0.2803 -0.4718 0.8360
vn 0.4437 0.3246 0.8353
vn -0.0110 0.9871 0.1596
vn -0.9740 0.0879 0.2089
vn -0.7406 0.6328 0.2260
vn -0.4476 0.8730 0.1938
vn -0.2460 0.9528 0.1779
vn -0.6141 0.7604 0.2114
vn -0.6101 0.7641 0.2095
vn -0.0682 0.9843 0.1626
vn -0.9044 0.3816 0.1910
vn -0.7284 0.6488 0.2203
vn -0.6866 0.6933 0.2187
vn -0.4326 0.8800 0.1959
vn -0.4058 0.8932 0.1939
vn -0.9607 0.1903 0.2020
vn -0.2102 0.9618 0.1755
vn -0.9614 0.1848 0.2037
vn -0.2096 0.9620 0.1753
vn -0.0490 0.9864 0.1570
vn -0.6961 0.6984 0.1661
vn -0.6986 0.6957 0.1671
vn -0.7088 0.6685 0.2253
vn -0.6689 0.7092 0.2228
vn -0.5762 0.7904 0.2079
vn -0.3959 0.8969 0.1969
vn -0.8079 0.5615 0.1788
vn -0.1684 0.9703 0.1738
vn -0.6508 0.7270 0.2191
vn -0.5623 0.7999 0.2100
vn -0.5607 0.8011 0.2096
vn -0.9746 0.0374 0.2210
vn -0.9745 0.0372 0.2211
vn -0.8870 0.4223 0.1866
vn -0.8901 0.4144 0.1897
vn -0.1552 0.9719 0.1768
vn -0.7860 0.5921 0.1779
vn -0.6335 0.7410 0.2226
vn -0.1199 0.9777 0.1726
vn -0.6677 0.7253 0.1675
vn -0.6618 0.7310 0.1661
vn -0.9717 0.0783 0.2228
vn -0.3456 0.9175 0.1967
vn -0.3408 0.9197 0.1948
vn -0.9483 0.2422 0.2049
vn -0.9472 0.2483 0.2029
vn -0.5172 0.8292 0.2121
vn -0.5132 0.8321 0.2104
vn -0.6055 0.7649 0.2196
vn -0.6087 0.7620 0.2211
vn -0.8072 0.5624 0.1791
vn -0.1020 0.9791 0.1762
vn -0.9644 0.1496 0.2179
vn -0.0680 0.9829 0.1714
vn -0.6437 0.7463 0.1694
vn -0.2947 0.9355 0.1951
vn -0.2934 0.9359 0.1948
vn -0.9713 0.0926 0.2192
vn -0.8641 0.4657 0.1908
vn -0.8627 0.4687 0.1899
vn -0.4741 0.8554 0.2088
vn -0.0479 0.9832 0.1759
vn -0.5591 0.7990 0.2213
vn -0.5605 0.7979 0.2219
vn -0.9665 0.1240 0.2248
vn -0.6187 0.7683 0.1642
vn -0.0110 0.9852 0.1708
vn -0.9296 0.3072 0.2039
vn -0.9327 0.2956 0.2068
vn -0.4543 0.8648 0.2138
vn -0.9569 0.1903 0.2194
vn -0.9570 0.1896 0.2196
vn -0.2450 0.9494 0.1966
vn -0.2403 0.9509 0.1951
vn -0.6050 0.7780 0.1693
vn -0.4304 0.8779 0.2098
vn -0.1527 0.9700 0.1889
vn -0.5140 0.8284 0.2227
vn -0.5121 0.8298 0.2219
vn -0.2069 0.9591 0.1930
vn -0.3965 0.8933 0.2116
vn -0.4007 0.8911 0.2128
vn -0.8363 0.5135 0.1920
vn -0.8348 0.5164 0.1910
vn -0.1089 0.9757 0.1903
vn -0.7002 0.6919 0.1762
vn -0.0983 0.9773 0.1876
vn -0.7531 0.6319 0.1831
vn -0.9139 0.3498 0.2061
vn -0.9164 0.3411 0.2094
vn -0.0765 0.9788 0.1901
vn -0.3444 0.9145 0.2123
vn -0.3439 0.9147 0.2121
vn -0.4532 0.8631 0.2229
vn -0.4549 0.8620 0.2236
vn -0.5659 0.8078 0.1649
vn -0.5694 0.8052 0.1659
vn -0.0482 0.9812 0.1867
vn -0.9438 0.2466 0.2202
vn -0.9432 0.2499 0.2191
vn -0.0327 0.9811 0.1905
vn -0.7358 0.6524 0.1816
vn -0.7691 0.6119 0.1848
vn -0.2937 0.9320 0.2126
vn -0.3997 0.8887 0.2246
vn -0.9025 0.3793 0.2040
vn -0.4004 0.8883 0.2249
vn -0.5460 0.8205 0.1694
vn -0.8066 0.5593 0.1912
vn -0.8070 0.5586 0.1915
vn -0.1688 0.9638 0.2065
vn -0.7216 0.6666 0.1867
vn -0.1482 0.9675 0.2051
vn -0.2384 0.9475 0.2130
vn -0.2388 0.9474 0.2132
vn -0.9903 0.0414 0.1326
vn -0.1304 0.9696 0.2072
vn -0.1066 0.9728 0.2055
vn -0.9873 0.0746 0.1401
vn -0.3434 0.9120 0.2246
vn -0.7562 0.6279 0.1844
vn -0.3438 0.9117 0.2248
vn -0.9874 0.0713 0.1412
vn -0.5199 0.8384 0.1637
vn -0.0326 0.9789 0.2017
vn -0.0747 0.9759 0.2053
vn -0.9827 0.1233 0.1379
vn -0.9305 0.2931 0.2198
vn -0.0937 0.9739 0.2069
vn -0.1835 0.9595 0.2137
vn -0.2939 0.9288 0.2258
vn -0.2928 0.9292 0.2255
vn -0.0544 0.9768 0.2069
vn -0.9803 0.1362 0.1430
vn -0.8839 0.4190 0.2079
vn -0.8831 0.4210 0.2072
vn -0.6970 0.6925 0.1859
vn -0.9744 0.1738 0.1426
vn -0.6923 0.6982 0.1824
vn -0.2649 0.9366 0.2293
vn -0.9745 0.1727 0.1430
vn -0.5024 0.8479 0.1690
vn -0.2382 0.9448 0.2250
vn -0.2128 0.9495 0.2306
vn -0.9671 0.2115 0.1415
vn -0.6727 0.7172 0.1818
vn -0.9859 -0.0131 0.1667
vn -0.0403 0.9749 0.2190
vn -0.1723 0.9589 0.2255
vn -0.9621 0.2294 0.1476
vn -0.4767 0.8638 0.1633
vn -0.6003 0.7799 0.1772
vn -0.1548 0.9611 0.2285
vn -0.9080 0.3568 0.2194
vn -0.1281 0.9656 0.2261
vn -0.1038 0.9681 0.2280
vn -0.9554 0.2579 0.1439
vn -0.0950 0.9693 0.2267
vn -0.9838 0.0767 0.1623
vn -0.9865 0.0273 0.1612
vn -0.9255 0.3049 0.2246
vn -0.9867 0.0297 0.1598
vn -0.0566 0.9721 0.2277
vn -0.6572 0.7306 0.1852
vn -0.8581 0.4702 0.2064
vn -0.9794 0.1257 0.1582
vn -0.8599 0.4664 0.2077
vn -0.9781 0.1378 0.1559
vn -0.9466 0.2848 0.1512
vn -0.0451 0.9713 0.2335
vn -0.0093 0.9718 0.2356
vn -0.9901 0.0139 0.1394
vn -0.5860 0.7903 0.1790
vn -0.9892 -0.0110 0.1459
vn -0.4554 0.8740 0.1694
vn -0.9840 0.0910 0.1529
vn -0.7998 0.5654 0.2018
vn -0.9397 0.3093 0.1458
vn -0.8959 0.3842 0.2230
vn -0.9829 -0.0121 0.1837
vn -0.9821 0.0860 0.1676
vn -0.9810 0.0395 0.1898
vn -0.9717 0.1741 0.1595
vn -0.9714 0.1761 0.1591
vn -0.6366 0.7495 0.1814
vn -0.9293 0.3358 0.1534
vn -0.9788 0.0231 0.2037
vn -0.9776 0.0358 0.2073
vn -0.4270 0.8899 0.1607
vn -0.7519 0.6287 0.1986
vn -0.9121 0.3434 0.2238
vn -0.9636 0.2128 0.1616
vn -0.9840 0.0076 0.1778
vn -0.9892 0.0090 0.1462
vn -0.9784 0.1196 0.1686
vn -0.9880 0.0253 0.1521
vn -0.9871 0.0740 0.1420
vn -0.6233 0.7602 0.1831
vn -0.9194 0.3651 0.1465
vn -0.8304 0.5174 0.2069
vn -0.8322 0.5140 0.2081
vn -0.5405 0.8224 0.1774
vn -0.9565 0.2456 0.1575
vn -0.9600 0.2272 0.1636
vn -0.9274 0.3385 0.1592
vn -0.9103 0.3838 0.1549
vn -0.3976 0.9018 0.1695
vn -0.8814 0.4175 0.2212
vn -0.8793 0.4229 0.2190
vn -0.9836 0.0314 0.1776
vn -0.9837 0.0346 0.1765
vn -0.8986 0.4103 0.1555
vn -0.5204 0.8347 0.1803
vn -0.6867 0.7002 0.1953
vn -0.8978 0.4123 0.1549
vn -0.7769 0.5998 0.1915
vn -0.7465 0.6362 0.1950
vn -0.7281 0.6568 0.1963
vn -0.9820 0.0673 0.1768
vn -0.7727 0.6032 0.1975
vn -0.7788 0.5934 0.2033
vn -0.5674 0.8022 0.1861
vn -0.9446 0.2839 0.1645
vn -0.9428 0.2914 0.1622
vn -0.3663 0.9169 0.1585
vn -0.7210 0.6632 0.2008
vn -0.8840 0.4407 0.1560
vn -0.5018 0.8467 0.1768
vn -0.8066 0.5535 0.2076
vn -0.9137 0.3739 0.1591
vn -0.8761 0.4549 0.1599
vn -0.5752 0.7967 0.1857
vn -0.8553 0.4682 0.2221
vn -0.8541 0.4708 0.2211
vn -0.3340 0.9284 0.1627
vn -0.3488 0.9229 0.1632
vn -0.6560 0.7289 0.1957
vn -0.6549 0.7301 0.1952
vn -0.9296 0.3298 0.1649
vn -0.4810 0.8581 0.1797
vn -0.7695 0.6031 0.2102
vn -0.8594 0.4864 0.1573
vn -0.3228 0.9318 0.1658
vn -0.9730 0.1432 0.1810
vn -0.9811 -0.0000 0.1933
vn -0.4546 0.8727 0.1780
vn -0.4502 0.8753 0.1763
vn -0.8548 0.4940 0.1588
vn -0.8460 0.5093 0.1576
vn -0.3978 0.9018 0.1692
vn -0.3658 0.9143 0.1738
vn -0.9804 0.0169 0.1963
vn -0.8277 0.5152 0.2223
vn -0.8237 0.5229 0.2192
vn -0.6135 0.7653 0.1946
vn -0.6160 0.7631 0.1956
vn -0.9675 0.1736 0.1837
vn -0.9657 0.1864 0.1807
vn -0.6944 0.6908 0.2015
vn -0.7465 0.6321 0.2077
vn -0.8323 0.5298 0.1630
vn -0.2706 0.9490 0.1620
vn -0.2713 0.9487 0.1625
vn -0.9779 0.0877 0.1898
vn -0.9783 0.0777 0.1923
vn -0.4101 0.8944 0.1785
vn -0.9210 0.3482 0.1746
vn -0.8148 0.5570 0.1607
vn -0.7296 0.6507 0.2103
vn -0.1933 0.9616 0.1946
vn -0.7305 0.6497 0.2105
vn -0.9607 0.2102 0.1813
vn -0.5970 0.7783 0.1946
vn -0.7952 0.5652 0.2196
vn -0.7302 0.6603 0.1753
vn -0.7954 0.5649 0.2198
vn -0.8085 0.5652 0.1637
vn -0.1480 0.9705 0.1902
vn -0.8936 0.4135 0.1747
vn -0.9101 0.3775 0.1708
vn -0.9742 0.1206 0.1905
vn -0.5443 0.8160 0.1946
vn -0.9526 0.2421 0.1844
vn -0.9520 0.2447 0.1839
vn -0.2161 0.9627 0.1626
vn -0.2107 0.9644 0.1598
vn -0.7759 0.5920 0.2181
vn -0.5206 0.8314 0.1944
vn -0.7812 0.6024 0.1640
vn -0.7829 0.6000 0.1646
vn -0.6901 0.6920 0.2118
vn -0.6869 0.6959 0.2093
vn -0.7644 0.6046 0.2240
vn -0.8739 0.4541 0.1735
vn -0.1752 0.9712 0.1612
vn -0.1689 0.9729 0.1582
vn -0.3985 0.8984 0.1845
vn -0.8927 0.4152 0.1753
vn -0.3153 0.9326 0.1758
vn -0.9369 0.2974 0.1838
vn -0.5173 0.8332 0.1953
vn -0.9389 0.2898 0.1856
vn -0.7586 0.6306 0.1639
vn -0.7620 0.6262 0.1649
vn -0.2942 0.9389 0.1784
vn -0.8525 0.4925 0.1750
vn -0.6531 0.7277 0.2096
vn -0.6521 0.7287 0.2091
vn -0.9217 0.3410 0.1847
vn -0.3592 0.9154 0.1816
vn -0.1202 0.9798 0.1595
vn -0.1195 0.9800 0.1592
vn -0.7344 0.6576 0.1680
vn -0.9756 0.0762 0.2058
vn -0.9694 0.1378 0.2031
vn -0.9694 0.1386 0.2025
vn -0.4759 0.8575 0.1952
vn -0.4785 0.8559 0.1959
vn -0.9199 0.3450 0.1863
vn -0.2698 0.9471 0.1737
vn -0.8660 0.4677 0.1771
vn -0.8312 0.5275 0.1756
vn -0.8393 0.5136 0.1784
vn -0.3511 0.9183 0.1830
vn -0.7241 0.6699 0.1641
vn -0.0922 0.9831 0.1581
vn -0.6441 0.0101 -0.7648
vn -0.7517 0.0062 -0.6595
vn -0.7923 0.0040 -0.6102
vn -0.8113 0.0035 -0.5847
vn -0.8654 -0.0009 -0.5010
vn -0.8730 0.0020 -0.4877
vn -0.9009 0.0035 -0.4341
vn -0.9143 -0.0026 -0.4051
vn -0.9291 0.0011 -0.3698
vn -0.9305 0.0020 -0.3664
vn -0.9414 -0.0012 -0.3373
vn -0.9526 0.0017 -0.3042
vn -0.9562 -0.0004 -0.2928
vn -0.9652 -0.0012 -0.2616
vn -0.9719 0.0007 -0.2355
vn -0.9734 0.0020 -0.2291
vn -0.9777 -0.0003 -0.2100
vn -0.9838 -0.0008 -0.1792
vn -0.9871 0.0019 -0.1598
vn -0.9912 -0.0017 -0.1321
vn -0.9967 0.0010 -0.0806
vn -0.9959 0.0018 -0.0904
vn -0.9995 0.0003 -0.0327
vn -0.9988 0.0034 -0.0484
vn -0.4797 0.8716 0.1013
vn -0.4607 0.8866 0.0398
vn -0.0069 0.0796 -0.9968
vn -0.0045 0.0721 -0.9974
vn -0.4302 0.8963 0.1074
vn -0.3891 0.9199 0.0483
vn -0.0522 0.0841 -0.9951
vn -0.9955 0.0792 -0.0526
vn -0.0572 0.0709 -0.9958
vn -0.9989 0.0373 -0.0279
vn -0.3102 0.9496 0.0441
vn -0.1021 0.0778 -0.9917
vn -0.2729 0.9555 0.1124
vn -0.1119 0.1026 -0.9884
vn -0.2403 0.9694 0.0510
vn -0.1394 0.0751 -0.9874
vn -0.1649 0.1048 -0.9807
vn -0.1655 0.9824 0.0869
vn -0.9990 0.0321 -0.0322
vn -0.9991 0.0299 -0.0287
vn -0.1846 0.0736 -0.9801
vn -0.1342 0.9876 0.0819
vn -0.2191 0.1178 -0.9686
vn -1.0000 0.0030 -0.0042
vn -0.9993 0.0260 -0.0278
vn -0.0648 0.9951 0.0751
vn -0.2336 0.0900 -0.9682
vn -0.2700 0.1153 -0.9559
vn -1.0000 0.0063 -0.0039
vn -0.2812 0.0941 -0.9550
vn -0.9996 -0.0161 0.0211
vn 0.0004 0.9968 0.0804
vn -0.3218 0.1262 -0.9383
vn -0.3241 0.1200 -0.9384
vn -0.9996 -0.0161 0.0212
vn -0.9971 -0.0395 0.0644
vn -0.3716 0.0928 -0.9237
vn -0.3913 0.1548 -0.9072
vn -0.4255 0.0812 -0.9013
vn -0.9972 -0.0372 0.0642
vn -0.9968 -0.0404 0.0687
vn -0.4541 0.1377 -0.8803
vn -0.9960 -0.0429 0.0784
vn -0.4847 0.0870 -0.8703
vn -0.5019 0.1269 -0.8556
vn -0.9968 -0.0368 0.0714
vn -0.9977 -0.0302 0.0607
vn -0.5337 0.0827 -0.8416
vn -0.5486 0.1114 -0.8286
vn -0.9977 -0.0286 0.0607
vn -0.9978 -0.0286 0.0605
vn -0.5800 0.0584 -0.8125
vn -0.6003 0.1123 -0.7918
vn -0.9974 -0.0290 0.0666
vn -0.9976 -0.0272 0.0632
vn -0.6432 0.0191 -0.7654
vn -0.6598 0.0946 -0.7454
vn -0.9968 -0.0288 0.0739
vn -0.9961 -0.0311 0.0828
vn -0.6879 0.0454 -0.7244
vn -0.7097 0.0702 -0.7010
vn -0.9965 -0.0271 0.0787
vn -0.7084 0.0610 -0.7032
vn -0.7380 0.0602 -0.6721
vn -0.9956 -0.0282 0.0889
vn -0.9965 -0.0242 0.0797
vn -0.7487 0.0351 -0.6620
vn -0.9964 -0.0219 0.0816
vn -0.7715 0.0691 -0.6325
vn -0.9982 -0.0139 0.0587
vn -0.8122 0.0646 -0.5798
vn -0.9965 -0.0154 0.0821
vn -0.8365 0.0419 -0.5464
vn -0.9982 0.0413 0.0426
vn -0.8408 0.0898 -0.5338
vn -0.9928 0.1069 0.0539
vn -0.8698 0.0812 -0.4867
vn -0.8674 0.0436 -0.4957
vn -0.9871 0.1317 0.0912
vn -0.9847 0.1670 0.0503
vn -0.8906 0.0725 -0.4490
vn -0.8906 0.0660 -0.4499
vn -0.9555 0.2933 0.0326
vn -0.9096 0.0919 -0.4053
vn -0.9431 0.3155 0.1050
vn -0.9235 0.0509 -0.3801
vn -0.9287 0.3647 0.0672
vn -0.9300 0.0889 -0.3567
vn -0.9471 0.0418 -0.3181
vn -0.8780 0.4748 0.0608
vn -0.9465 0.0926 -0.3091
vn -0.9634 0.0680 -0.2592
vn -0.8381 0.5428 0.0539
vn -0.8189 0.5638 0.1074
vn -0.9672 0.0523 -0.2487
vn -0.7991 0.5979 0.0628
vn -0.9743 0.0843 -0.2091
vn -0.9820 0.0512 -0.1821
vn -0.7524 0.6549 0.0708
vn -0.7281 0.6761 0.1134
vn -0.7018 0.7089 0.0701
vn -0.7004 0.7111 0.0622
vn -0.9840 0.0864 -0.1555
vn -0.6655 0.7397 0.0997
vn -0.6525 0.7550 0.0646
vn -0.6240 0.7742 0.1064
vn -0.6059 0.7943 0.0449
vn -0.9970 0.0462 -0.0619
vn -0.9936 0.0906 -0.0668
vn -0.5684 0.8148 0.1144
vn -0.5406 0.8403 0.0413
vn -0.5241 0.8465 0.0942
vn 0.9060 0.4232 -0.0001
vn -0.1313 0.9913 -0.0005
vn -0.1204 0.9927 0.0001
vn -1.0000 -0.0049 -0.0001
vn 0.9349 0.3548 -0.0000
vn 0.9348 0.3552 -0.0000
vn -0.9985 0.0555 0.0001
vn -0.9985 0.0549 0.0001
vn -0.0638 0.9980 0.0006
vn -0.0441 0.9990 -0.0004
vn 0.9566 0.2914 -0.0002
vn -0.9942 0.1077 0.0003
vn 0.9608 0.2773 0.0005
vn -0.9931 0.1170 -0.0002
vn 0.9723 0.2335 -0.0001
vn -0.0161 0.9999 0.0005
vn -0.9835 0.1808 0.0004
vn 0.9741 0.2261 0.0003
vn -0.9820 0.1890 -0.0001
vn 0.9835 0.1808 0.0009
vn -0.9719 0.2356 0.0004
vn 0.0538 0.9986 -0.0002
vn -0.9673 0.2535 -0.0002
vn 0.9893 0.1462 -0.0007
vn 0.0511 0.9987 -0.0001
vn 0.9946 0.1039 0.0007
vn -0.9559 0.2936 0.0009
vn -0.9498 0.3130 -0.0002
vn 0.0968 0.9953 0.0005
vn 0.9973 0.0734 -0.0002
vn 0.1283 0.9917 -0.0004
vn 0.9985 0.0549 0.0004
vn 0.1475 0.9891 0.0005
vn -0.9280 0.3725 -0.0001
vn 0.9999 0.0160 -0.0001
vn -0.9245 0.3812 0.0004
vn 1.0000 -0.0030 -0.0001
vn 0.2114 0.9774 0.0001
vn 1.0000 0.0059 -0.0075
vn 1.0000 0.0008 0.0013
vn 0.9999 0.0121 -0.0010
vn -0.9031 0.4295 0.0002
vn -0.9045 0.4264 -0.0000
vn 0.2201 0.9755 -0.0004
vn -0.8778 0.4790 0.0005
vn 0.2789 0.9603 0.0003
vn -0.8725 0.4886 -0.0001
vn 0.2923 0.9563 -0.0002
vn -0.8405 0.5419 0.0005
vn 0.3292 0.9443 0.0008
vn -0.8328 0.5535 -0.0003
vn 0.3662 0.9305 -0.0005
vn 0.4063 0.9138 0.0006
vn -0.7934 0.6087 0.0003
vn -0.7916 0.6110 0.0002
vn 0.4237 0.9058 -0.0003
vn -0.7578 0.6525 0.0004
vn -0.7528 0.6582 -0.0001
vn 0.4840 0.8751 -0.0000
vn 0.4871 0.8734 0.0003
vn -0.7030 0.7112 -0.0001
vn -0.7006 0.7136 0.0002
vn 0.5354 0.8446 0.0003
vn 0.5400 0.8417 -0.0000
vn -0.6506 0.7594 -0.0002
vn -0.6522 0.7581 -0.0003
vn 0.5958 0.8031 0.0001
vn 0.5934 0.8049 -0.0001
vn -0.6056 0.7957 0.0006
vn 0.6308 0.7759 0.0007
vn -0.5807 0.8141 -0.0007
vn 0.6540 0.7565 -0.0003
vn 0.6798 0.7334 0.0010
vn -0.5407 0.8412 0.0008
vn -0.5125 0.8587 -0.0008
vn 0.7109 0.7033 -0.0007
vn -0.4609 0.8874 0.0008
vn 0.7506 0.6608 0.0007
vn 0.7592 0.6508 -0.0002
vn -0.4347 0.9006 -0.0006
vn -0.3850 0.9229 0.0005
vn -0.3725 0.9280 -0.0001
vn 0.8088 0.5880 0.0002
vn 0.8142 0.5806 -0.0004
vn -0.3143 0.9493 -0.0001
vn -0.3086 0.9512 0.0003
vn 0.8533 0.5214 0.0007
vn 0.8677 0.4971 -0.0008
vn -0.2343 0.9722 0.0005
vn -0.2206 0.9754 -0.0004
vn 0.8890 0.4579 0.0006
vn -0.1826 0.9832 0.0005
vn 0.9077 0.4196 0.0001
vn -0.0457 -0.8595 -0.5090
vn -0.1703 -0.7866 -0.5935
vn -0.1704 -0.7452 -0.6447
vn -0.1639 -0.8190 -0.5498
vn -0.1049 -0.8637 -0.4930
vn -0.1022 -0.8601 -0.4998
vn -0.1975 -0.8496 -0.4890
vn -0.1359 -0.9540 -0.2672
vn -0.1683 -0.0882 -0.9818
vn -0.1622 -0.7304 -0.6635
vn -0.2094 -0.4022 -0.8913
vn -0.1817 -0.6570 -0.7317
vn -0.0125 -0.9107 -0.4130
vn -0.2267 -0.5980 -0.7688
vn -0.2188 -0.2795 -0.9349
vn -0.2213 -0.8148 -0.5358
vn -0.1843 -0.7211 -0.6678
vn -0.0481 -0.9285 -0.3682
vn -0.2417 -0.6787 -0.6935
vn -0.2242 -0.1926 -0.9553
vn -0.2510 -0.6309 -0.7341
vn -0.2875 -0.5780 -0.7637
vn -0.2273 -0.3294 -0.9164
vn 0.0026 -0.9545 -0.2983
vn -0.2202 -0.7527 -0.6205
vn -0.0206 -0.9656 -0.2591
vn -0.0356 -0.9623 -0.2698
vn -0.2273 -0.7427 -0.6299
vn -0.0119 -0.9864 -0.1638
vn -0.2003 -0.8428 -0.4996
vn -0.2701 -0.7100 -0.6503
vn -0.2425 -0.6694 -0.7022
vn -0.2715 -0.4497 -0.8509
vn -0.3057 -0.6308 -0.7132
vn -0.1173 -0.9547 -0.2735
vn -0.0796 -0.9745 -0.2096
vn -0.2668 -0.2964 -0.9170
vn -0.3082 -0.3360 -0.8900
vn -0.2546 -0.1957 -0.9470
vn -0.2744 -0.6100 -0.7433
vn -0.1800 -0.8945 -0.4091
vn -0.1840 -0.8900 -0.4172
vn -0.0073 -0.9998 -0.0182
vn -0.2608 -0.8740 -0.4101
vn -0.2267 -0.7969 -0.5599
vn -0.1995 -0.9306 -0.3069
vn -0.3129 -0.7180 -0.6217
vn -0.2895 -0.7783 -0.5572
vn -0.1948 -0.9261 -0.3232
vn -0.1118 -0.9595 -0.2585
vn -0.2652 -0.2835 -0.9216
vn -0.2693 -0.8340 -0.4815
vn -0.2798 -0.8521 -0.4423
vn -0.3139 -0.5468 -0.7762
vn -0.3659 -0.6377 -0.6778
vn -0.3163 -0.4338 -0.8436
vn -0.2422 -0.8951 -0.3743
vn -0.1312 -0.9828 -0.1303
vn -0.1375 -0.9800 -0.1438
vn -0.3186 -0.6960 -0.6436
vn -0.3216 -0.4391 -0.8389
vn -0.3508 -0.3580 -0.8653
vn -0.3137 -0.6165 -0.7222
vn -0.2908 -0.7708 -0.5668
vn -0.3079 -0.3448 -0.8867
vn -0.0933 -0.9862 -0.1370
vn -0.0695 -0.9808 -0.1824
vn -0.2350 -0.9333 -0.2714
vn -0.2745 -0.9021 -0.3329
vn -0.2874 -0.9081 -0.3047
vn -0.0674 -0.9977 -0.0089
vn -0.0305 -0.9944 -0.1013
vn -0.3451 -0.3391 -0.8751
vn -0.3332 -0.2931 -0.8961
vn -0.1847 -0.9527 -0.2415
vn -0.2674 -0.9237 -0.2742
vn -0.3619 -0.7180 -0.5946
vn -0.4291 -0.6400 -0.6374
vn -0.1891 -0.9763 -0.1051
vn -0.3040 -0.8863 -0.3492
vn -0.3883 -0.4114 -0.8246
vn -0.3048 -0.8021 -0.5135
vn -0.3094 -0.8654 -0.3942
vn -0.2069 -0.9585 -0.1960
vn -0.1992 -0.9796 -0.0275
vn -0.3296 -0.9164 -0.2271
vn -0.3524 -0.8885 -0.2938
vn -0.3983 -0.4562 -0.7957
vn -0.4387 -0.5212 -0.7320
vn -0.1856 -0.9808 -0.0601
vn -0.0901 -0.9956 -0.0274
vn -0.3545 -0.8853 -0.3008
vn -0.2266 -0.9734 -0.0341
vn -0.2432 -0.9687 -0.0491
vn -0.1382 -0.9894 -0.0452
vn -0.3766 -0.3078 -0.8737
vn -0.3312 -0.8366 -0.4363
vn -0.1341 -0.9895 -0.0543
vn -0.3890 -0.4266 -0.8165
vn -0.3753 -0.7018 -0.6055
vn -0.2677 -0.9596 -0.0869
vn -0.1775 -0.9743 -0.1386
vn -0.2321 -0.9389 -0.2540
vn -0.3663 -0.6348 -0.6804
vn -0.3777 -0.3342 -0.8635
vn -0.3887 -0.8482 -0.3598
vn -0.4747 -0.6336 -0.6109
vn -0.4464 -0.5983 -0.6654
vn -0.3581 -0.8569 -0.3708
vn -0.3719 -0.8694 -0.3253
vn -0.3399 -0.7679 -0.5430
vn -0.3571 -0.7816 -0.5114
vn -0.2787 -0.9602 -0.0163
vn -0.4193 -0.2613 -0.8694
vn -0.4136 -0.7249 -0.5509
vn -0.2195 -0.9638 -0.1516
vn -0.3790 -0.8422 -0.3835
vn -0.2962 -0.9539 -0.0489
vn -0.4202 -0.3955 -0.8167
vn -0.2394 -0.9630 -0.1239
vn -0.4299 -0.3335 -0.8391
vn -0.4785 -0.4166 -0.7730
vn -0.4258 -0.8646 -0.2669
vn -0.4286 -0.8654 -0.2595
vn -0.3316 -0.9394 -0.0872
vn -0.4636 -0.6190 -0.6340
vn -0.2908 -0.9443 -0.1542
vn -0.3419 -0.9388 -0.0423
vn -0.3232 -0.9461 -0.0198
vn -0.3797 -0.8491 -0.3673
vn -0.4166 -0.7812 -0.4650
vn -0.3903 -0.7707 -0.5037
vn -0.4781 -0.4193 -0.7717
vn -0.2748 -0.9476 -0.1631
vn -0.4293 -0.6600 -0.6165
vn -0.4922 -0.6663 -0.5602
vn -0.4715 -0.8415 -0.2637
vn -0.4529 -0.7007 -0.5513
vn -0.3689 -0.9291 -0.0246
vn -0.4526 -0.7181 -0.5287
vn -0.4044 -0.8258 -0.3931
vn -0.5394 -0.3945 -0.7439
vn -0.3882 -0.9203 -0.0488
vn -0.4923 -0.6054 -0.6254
vn -0.4425 -0.5220 -0.7292
vn -0.4775 -0.8422 -0.2503
vn -0.2893 -0.9476 -0.1357
vn -0.4212 -0.8312 -0.3629
vn -0.3321 -0.9137 -0.2340
vn -0.4105 -0.9074 -0.0896
vn -0.5284 -0.6911 -0.4932
vn -0.4370 -0.7597 -0.4816
vn -0.4724 -0.8552 -0.2134
vn -0.4217 -0.9067 -0.0120
vn -0.5312 -0.5796 -0.6180
vn -0.3180 -0.9358 -0.1521
vn -0.5014 -0.7102 -0.4941
vn -0.5196 -0.8184 -0.2452
vn -0.5485 -0.6722 -0.4974
vn -0.5605 -0.5970 -0.5739
vn -0.4809 -0.7653 -0.4279
vn -0.4482 -0.8923 -0.0536
vn -0.4571 -0.8860 -0.0781
vn -0.3524 -0.9292 -0.1110
vn -0.5800 -0.4038 -0.7075
vn -0.5218 -0.8404 -0.1464
vn -0.4676 -0.8787 -0.0963
vn -0.4798 -0.7700 -0.4205
vn -0.4791 -0.8185 -0.3171
vn -0.4517 -0.8048 -0.3851
vn 0.0019 0.0575 -0.9983
vn -0.4768 -0.6683 -0.5710
vn -0.3841 -0.9090 -0.1618
vn -0.3651 -0.9217 -0.1311
vn -0.4629 -0.8863 -0.0120
vn -0.6095 -0.5854 -0.5346
vn -0.0033 -0.0105 -0.9999
vn -0.5312 -0.8313 -0.1637
vn -0.6294 -0.4268 -0.6493
vn 0.0021 -0.1184 -0.9930
vn -0.4995 -0.7225 -0.4780
vn -0.4007 -0.8955 -0.1937
vn -0.5034 -0.7986 -0.3299
vn 0.0084 -0.1341 -0.9909
vn -0.5638 -0.8109 -0.1566
vn -0.0271 -0.1322 -0.9908
vn -0.0125 -0.1048 -0.9944
vn -0.5559 -0.8010 -0.2223
vn -0.5147 -0.8568 -0.0318
vn -0.4376 -0.8848 -0.1600
vn -0.4144 -0.9043 -0.1022
vn -0.5188 -0.8547 -0.0215
vn -0.6527 -0.5975 -0.4658
vn -0.5819 -0.8036 -0.1245
vn -0.4980 -0.8098 -0.3102
vn -0.5239 -0.7580 -0.3887
vn -0.4944 -0.6882 -0.5310
vn -0.5574 -0.8297 -0.0302
vn -0.4510 -0.8759 -0.1716
vn -0.6899 -0.4530 -0.5646
vn -0.6919 -0.5098 -0.5112
vn -0.6203 -0.7624 -0.1844
vn -0.5282 -0.7890 -0.3138
vn -0.5370 -0.7415 -0.4022
vn -0.5684 -0.8227 -0.0074
vn -0.6884 -0.5390 -0.4853
vn -0.6181 -0.7751 -0.1312
vn -0.5368 -0.8039 -0.2559
vn -0.7309 -0.4480 -0.5148
vn -0.7079 -0.6016 -0.3702
vn -0.6065 -0.7941 -0.0391
vn -0.4964 -0.8573 -0.1368
vn -0.6554 -0.7273 -0.2036
vn -0.6108 -0.7912 -0.0292
vn -0.5584 -0.7835 -0.2727
vn -0.7865 -0.4632 -0.4085
vn -0.6444 -0.7631 -0.0490
vn -0.6899 -0.7137 -0.1215
vn -0.7537 -0.5496 -0.3604
vn -0.7586 -0.5506 -0.3484
vn -0.4873 -0.8703 -0.0719
vn -0.7857 -0.4676 -0.4051
vn -0.6662 -0.7455 -0.0220
vn -0.6879 -0.7250 -0.0349
vn -0.5415 -0.7481 -0.3835
vn -0.8301 -0.4421 -0.3397
vn -0.7346 -0.6643 -0.1382
vn -0.5695 -0.7109 -0.4126
vn -0.6934 -0.7201 -0.0263
vn -0.7260 -0.6818 -0.0900
vn -0.8272 -0.4525 -0.3332
vn -0.7528 -0.6484 -0.1134
vn -0.8695 -0.4057 -0.2818
vn -0.9368 -0.3214 -0.1384
vn -0.5681 -0.7827 -0.2543
vn -0.5705 -0.7030 -0.4246
vn -0.9760 -0.2093 -0.0608
vn -0.9691 -0.2435 -0.0389
vn -0.9855 -0.1629 -0.0475
vn -0.9657 -0.2595 -0.0066
vn -0.9987 -0.0502 -0.0026
vn -0.0431 0.0106 -0.9990
vn -0.5179 -0.8491 -0.1043
vn -0.0474 -0.2153 -0.9754
vn -0.0327 -0.1076 -0.9937
vn -0.6224 -0.6916 -0.3664
vn -0.5386 -0.8389 -0.0782
vn -0.0739 -0.0717 -0.9947
vn -0.0540 -0.2908 -0.9553
vn -0.6019 -0.7372 -0.3070
vn -0.0606 -0.2478 -0.9669
vn -0.0786 -0.3337 -0.9394
vn -0.6025 -0.7326 -0.3166
vn -0.0857 -0.4203 -0.9033
vn -0.0376 -0.4765 -0.8783
vn -0.6482 -0.6669 -0.3676
vn -0.5856 -0.7579 -0.2877
vn -0.0579 -0.5918 -0.8040
vn -0.6705 -0.6103 -0.4218
vn -0.6461 -0.6782 -0.3501
vn -0.0861 -0.3288 -0.9405
vn -0.0920 -0.3819 -0.9196
vn -0.1070 -0.4607 -0.8811
vn -0.1153 -0.3596 -0.9259
vn -0.5694 -0.8182 -0.0799
vn -0.0861 -0.2763 -0.9572
vn -0.5631 -0.8214 -0.0910
vn -0.0982 -0.5996 -0.7943
vn -0.0967 -0.4977 -0.8619
vn -0.1210 -0.4689 -0.8749
vn -0.0957 -0.1062 -0.9897
vn -0.0659 -0.6910 -0.7198
vn -0.6477 -0.6970 -0.3076
vn -0.1209 -0.2677 -0.9559
vn -0.1154 -0.3950 -0.9114
vn -0.6222 -0.7474 -0.2329
vn -0.1446 -0.3858 -0.9112
vn -0.1221 -0.1170 -0.9856
vn -0.6634 -0.6964 -0.2737
vn -0.1232 -0.6464 -0.7530
vn -0.0520 -0.7340 -0.6772
vn -0.1105 -0.7237 -0.6812
vn -0.1649 -0.4745 -0.8647
vn -0.1523 -0.3167 -0.9362
vn -0.1765 -0.3678 -0.9130
vn -0.1333 -0.6905 -0.7109
vn -0.6661 -0.6354 -0.3906
vn -0.7122 -0.5426 -0.4453
vn -0.5981 -0.7878 -0.1473
vn -0.1274 -0.7362 -0.6647
vn -0.6871 -0.6518 -0.3210
vn -0.1845 -0.7308 -0.6572
vn -0.1041 -0.7628 -0.6382
vn -0.0350 -0.9894 -0.1410
vn -0.0748 -0.7890 -0.6098
vn -0.6642 -0.7137 -0.2225
vn -0.6563 -0.7276 -0.1995
vn -0.6856 -0.6628 -0.3011
vn -0.1814 -0.4323 -0.8833
vn -0.0589 -0.8698 -0.4898
vn -0.6197 -0.7767 -0.1130
vn -0.0184 -0.9852 -0.1706
vn -0.6176 -0.7831 -0.0736
vn -0.1427 -0.8316 -0.5367
vn -0.1311 -0.8383 -0.5292
vn 0.0434 -0.9966 -0.0699
vn -0.1510 -0.8441 -0.5145
vn -0.2334 -0.4388 -0.8677
vn -0.6967 -0.6661 -0.2664
vn -0.2432 -0.4978 -0.8325
vn -0.2908 -0.5804 -0.7606
vn -0.0792 -0.9177 -0.3892
vn -0.7121 -0.6020 -0.3612
vn -0.2322 -0.2477 -0.9406
vn -0.7364 -0.4963 -0.4597
vn -0.2640 -0.3983 -0.8785
vn -0.1049 -0.9111 -0.3985
vn -0.6557 -0.7473 -0.1078
vn -0.6945 -0.6897 -0.2049
vn -0.3109 -0.5131 -0.8000
vn -0.2064 -0.1022 -0.9731
vn -0.2826 -0.2149 -0.9349
vn -0.6570 -0.7465 -0.1055
vn -0.7239 -0.6325 -0.2755
vn -0.7429 -0.5013 -0.4436
vn -0.3628 -0.5631 -0.7425
vn -0.2791 -0.1982 -0.9396
vn -0.7318 -0.6137 -0.2964
vn -0.3505 -0.4281 -0.8330
vn -0.3713 -0.5291 -0.7630
vn -0.4074 -0.5442 -0.7334
vn -0.3525 -0.2932 -0.8887
vn -0.4322 -0.5168 -0.7390
vn -0.3542 -0.3104 -0.8821
vn -0.6991 -0.6875 -0.1963
vn -0.6979 -0.7084 -0.1054
vn -0.4623 -0.5966 -0.6560
vn -0.4299 -0.5294 -0.7314
vn -0.4451 -0.5458 -0.7099
vn -0.4033 -0.4478 -0.7980
vn -0.4218 -0.5038 -0.7538
vn -0.4754 -0.4950 -0.7273
vn -0.4734 -0.5418 -0.6945
vn -0.4915 -0.6508 -0.5787
vn -0.7582 -0.5928 -0.2716
vn -0.5358 -0.5055 -0.6763
vn -0.7288 -0.6494 -0.2171
vn -0.5400 -0.4811 -0.6906
vn -0.5653 -0.5669 -0.5993
vn -0.5614 -0.4856 -0.6700
vn -0.5323 -0.6669 -0.5215
vn -0.7308 -0.6491 -0.2110
vn -0.7279 -0.6587 -0.1907
vn -0.6053 -0.5261 -0.5974
vn -0.5900 -0.4779 -0.6508
vn -0.7602 -0.5879 -0.2767
vn -0.5822 -0.6539 -0.4832
vn -0.5923 -0.6360 -0.4947
vn -0.6224 -0.5296 -0.5763
vn -0.6270 -0.6419 -0.4414
vn -0.6350 -0.6218 -0.4585
vn -0.6473 -0.5496 -0.5281
vn -0.6222 -0.5073 -0.5962
vn -0.6368 -0.5122 -0.5764
vn -0.8147 -0.4948 -0.3024
vn -0.7826 -0.5087 -0.3589
vn -0.7728 -0.6018 -0.2016
vn -0.9595 -0.2761 -0.0558
vn -0.6965 -0.7103 -0.1020
vn -0.9658 -0.2590 -0.0069
vn -1.0000 -0.0087 0.0046
vn -0.0435 -0.1153 -0.9924
vn -0.0363 -0.0288 -0.9989
vn -0.1067 -0.1216 -0.9868
vn -0.7546 -0.6138 -0.2320
vn -0.1774 -0.2942 -0.9391
vn -0.2203 -0.5001 -0.8375
vn -0.1421 -0.8896 -0.4341
vn -0.1531 -0.9270 -0.3424
vn -0.1250 -0.8752 -0.4674
vn -0.1486 -0.9337 -0.3257
vn -0.1584 -0.9638 -0.2144
vn -0.7223 -0.6905 -0.0387
vn -0.7305 -0.6798 -0.0649
vn -0.7563 -0.6353 -0.1561
vn -0.8044 -0.5357 -0.2568
vn -0.7972 -0.5561 -0.2352
vn -0.7280 -0.6849 -0.0300
vn -0.8514 -0.4590 -0.2537
vn -0.8188 -0.4865 -0.3047
vn -0.7768 -0.5941 -0.2087
vn -0.7767 -0.6165 -0.1292
vn -0.7831 -0.5938 -0.1847
vn -0.8074 -0.5635 -0.1747
vn -0.7583 -0.6511 -0.0309
vn -0.8359 -0.5007 -0.2248
vn -0.7855 -0.6130 -0.0848
vn -0.7620 -0.6466 -0.0373
vn -0.8267 -0.5259 -0.2001
vn -0.8652 -0.4172 -0.2783
vn -0.8074 -0.5636 -0.1746
vn -0.8159 -0.5617 -0.1371
vn -0.8469 -0.4739 -0.2413
vn -0.8344 -0.5320 -0.1439
vn -0.8765 -0.4408 -0.1934
vn -0.7938 -0.5999 -0.0998
vn -0.8686 -0.4677 -0.1637
vn -0.8376 -0.5082 -0.2002
vn -0.8063 -0.5864 -0.0777
vn -0.8504 -0.5034 -0.1529
vn -0.7931 -0.6046 -0.0747
vn -0.7986 -0.6014 -0.0237
vn -0.7968 -0.6040 -0.0183
vn -0.8917 -0.4107 -0.1903
vn -0.8683 -0.4685 -0.1631
vn -0.8435 -0.5230 -0.1227
vn -0.8722 -0.4630 -0.1580
vn -0.8234 -0.5588 -0.0987
vn -0.8321 -0.5541 -0.0254
vn -0.9104 -0.3816 -0.1597
vn -0.9076 -0.3841 -0.1694
vn -0.8502 -0.5221 -0.0672
vn -0.8681 -0.4847 -0.1071
vn -0.8887 -0.4396 -0.1302
vn -0.8866 -0.4406 -0.1407
vn -0.8319 -0.5544 -0.0231
vn -0.8336 -0.5516 -0.0273
vn -0.8758 -0.4752 -0.0853
vn -0.9199 -0.3479 -0.1810
vn -0.9113 -0.3954 -0.1147
vn -0.9067 -0.4127 -0.0873
vn -0.9219 -0.3595 -0.1442
vn -0.9062 -0.4133 -0.0896
vn -0.8597 -0.5053 -0.0747
vn -0.8609 -0.5086 -0.0169
vn -0.8792 -0.4737 -0.0503
vn -0.9340 -0.3460 -0.0887
vn -0.9297 -0.3597 -0.0787
vn -0.9294 -0.3649 -0.0563
vn -0.8668 -0.4979 -0.0277
vn -0.8832 -0.4654 -0.0568
vn -0.8853 -0.4649 -0.0117
vn -0.9001 -0.4333 -0.0462
vn -0.9584 -0.2602 -0.1171
vn -0.9459 -0.3196 -0.0554
vn -0.9047 -0.4229 -0.0526
vn -0.8969 -0.4415 -0.0251
vn -0.9589 -0.2746 -0.0712
vn -0.9490 -0.3129 -0.0391
vn -0.9021 -0.4313 -0.0139
vn -0.9160 -0.4004 -0.0231
vn -0.9545 -0.2969 -0.0260
vn -0.9187 -0.3949 -0.0079
vn -0.9258 -0.3774 -0.0198
vn -0.9291 -0.3697 -0.0123
vn -0.9690 -0.2461 -0.0238
vn -0.9688 -0.2469 -0.0234
vn -0.9532 -0.3010 -0.0293
vn -0.9459 -0.3244 -0.0011
vn -0.9785 -0.2051 -0.0218
vn -0.9893 -0.1435 -0.0266
vn -0.9760 -0.2175 -0.0052
vn -0.9780 -0.2073 -0.0241
vn -0.9850 -0.1726 -0.0020
vn -0.9970 -0.0769 -0.0034
vn -0.9774 -0.2112 -0.0071
vn -0.9993 -0.0376 -0.0072
vn -0.9847 -0.1738 -0.0105
vn -0.9923 -0.1232 -0.0114
vn -0.9878 -0.1554 -0.0061
vn -0.9907 -0.1357 -0.0066
vn -0.9987 -0.0514 0.0028
vn -0.9952 -0.0979 -0.0042
vn -0.9905 -0.1378 0.0010
vn -0.9882 -0.1533 -0.0075
vn -0.9963 -0.0862 -0.0071
vn -0.9973 -0.0687 -0.0276
vn -0.9935 -0.1134 0.0042
vn -0.9950 -0.0996 0.0002
vn -0.9981 -0.0620 -0.0018
vn -0.9950 -0.0994 -0.0000
vn -0.9979 -0.0655 0.0015
vn -0.9998 -0.0202 -0.0030
vn -0.0019 0.0194 -0.9998
vn -0.0203 0.0079 -0.9998
vn -0.0178 -0.0950 -0.9953
vn 0.0019 0.0057 -1.0000
vn -0.0032 0.0629 -0.9980
vn -0.0188 -0.0432 -0.9989
vn -0.0339 -0.0990 -0.9945
vn -0.0210 0.0177 -0.9996
vn -0.0192 0.0119 -0.9997
vn -0.0287 -0.2838 -0.9584
vn -0.0481 0.0019 -0.9988
vn -0.0469 -0.0780 -0.9959
vn -0.0433 -0.1170 -0.9922
vn -0.0434 -0.2152 -0.9756
vn -0.0182 -0.1781 -0.9838
vn -0.0453 -0.3126 -0.9488
vn -0.0517 -0.0263 -0.9983
vn -0.0550 -0.1538 -0.9866
vn -0.0613 -0.0958 -0.9935
vn -0.0221 -0.4417 -0.8969
vn -0.0254 -0.4533 -0.8910
vn -0.0823 -0.2255 -0.9708
vn -0.0718 -0.2039 -0.9763
vn -0.0086 -0.5281 -0.8491
vn -0.0570 -0.3882 -0.9198
vn -0.0795 -0.3271 -0.9416
vn -0.0787 -0.1648 -0.9832
vn -0.0778 -0.5169 -0.8525
vn -0.0870 -0.1778 -0.9802
vn -0.0831 -0.0350 -0.9959
vn -0.0485 -0.6169 -0.7855
vn -0.0896 -0.4886 -0.8679
vn 0.0003 -0.6949 -0.7192
vn -0.1087 -0.2997 -0.9478
vn -0.1173 -0.5630 -0.8181
vn -0.1079 -0.6173 -0.7793
vn -0.1271 -0.2718 -0.9539
vn -0.1163 -0.4794 -0.8699
vn -0.1236 -0.5822 -0.8036
vn -0.1197 -0.0841 -0.9892
vn -0.1466 -0.6246 -0.7671
vn -0.1407 -0.5475 -0.8249
vn -0.1476 -0.5016 -0.8524
vn -0.1391 -0.2069 -0.9684
vn -0.1371 -0.3721 -0.9180
vn -0.1521 -0.2069 -0.9665
vn -0.1517 -0.2063 -0.9667
vn -0.0982 -0.6965 -0.7108
vn -0.1121 -0.7936 -0.5980
vn -0.1845 -0.6082 -0.7720
vn -0.1602 -0.5519 -0.8184
vn -0.1487 -0.1064 -0.9831
vn -0.0475 -0.8583 -0.5110
vn -0.1520 -0.6348 -0.7576
vn -0.0647 -0.7987 -0.5982
vn -0.0214 -0.7777 -0.6283
vn -0.1453 -0.7912 -0.5940
vn -0.1920 -0.5023 -0.8431
vn -0.1649 -0.7125 -0.6820
vn -0.1486 -0.1001 -0.9838
vn -0.1792 -0.1662 -0.9697
vn -0.1879 -0.2172 -0.9579
vn -0.2054 -0.6309 -0.7482
vn -0.1794 -0.2967 -0.9380
vn -0.0410 -0.9313 -0.3618
vn -0.7683 0.3379 -0.5437
vn -0.8279 0.2560 -0.4991
vn -0.5597 0.3983 -0.7267
vn -0.4721 0.4060 -0.7825
vn -0.9922 -0.0617 -0.1085
vn -0.8445 -0.3625 -0.3943
vn -0.8605 0.2635 -0.4359
vn -0.3477 0.4947 -0.7964
vn -0.2335 0.5735 -0.7852
vn -0.9213 -0.2925 -0.2563
vn -0.9416 -0.2623 -0.2113
vn -0.4031 0.4382 -0.8034
vn -0.9980 -0.0014 -0.0630
vn -0.7769 0.3260 -0.5386
vn -0.2961 0.5578 -0.7754
vn -0.8873 -0.3585 -0.2901
vn -0.2833 0.5432 -0.7904
vn -0.3015 0.4972 -0.8136
vn -0.1770 0.5733 -0.8000
vn -0.8128 0.2915 -0.5044
vn -0.9594 -0.2230 -0.1728
vn -0.4365 0.4422 -0.7835
vn -0.4835 0.3964 -0.7804
vn -0.9237 -0.3006 -0.2374
vn -0.3275 0.4579 -0.8264
vn -0.4049 0.4060 -0.8193
vn -0.9705 -0.1853 -0.1543
vn -0.1821 0.6599 -0.7290
vn -0.1678 0.6165 -0.7692
vn -0.2204 0.5071 -0.8332
vn -0.7214 0.3635 -0.5894
vn -0.3505 0.4329 -0.8305
vn -0.1974 0.7113 -0.6746
vn -0.1635 0.7023 -0.6928
vn -0.6870 0.3979 -0.6080
vn -0.4348 0.3726 -0.8198
vn -0.9406 -0.2862 -0.1825
vn -0.6043 0.3039 -0.7365
vn -0.6128 0.3102 -0.7268
vn -0.8127 0.2916 -0.5045
vn -0.7062 0.3614 -0.6089
vn -0.3807 0.3934 -0.8368
vn -0.6482 0.3928 -0.6524
vn -0.7659 0.3078 -0.5644
vn -0.1475 0.6724 -0.7253
vn -0.1635 0.6979 -0.6973
vn -0.8811 -0.3879 -0.2707
vn -0.6348 0.2777 -0.7211
vn -0.3409 0.3801 -0.8598
vn -0.9904 0.0419 -0.1320
vn -0.9777 -0.1822 -0.1041
vn -0.9868 0.0278 -0.1597
vn -0.6633 0.3760 -0.6471
vn -0.9121 -0.3424 -0.2257
vn -0.2332 0.4439 -0.8652
vn -0.8305 0.2338 -0.5056
vn -0.5314 0.3125 -0.7874
vn -0.9793 -0.1741 -0.1037
vn -0.4914 0.3364 -0.8033
vn -0.4187 0.3497 -0.8381
vn -0.3902 0.3431 -0.8544
vn -0.9887 0.0246 -0.1476
vn -0.4091 0.3568 -0.8399
vn -0.9740 -0.2084 -0.0886
vn -0.4758 0.3056 -0.8247
vn -0.1931 0.5270 -0.8277
vn -0.9940 0.0104 -0.1085
vn -0.1469 0.5034 -0.8515
vn -0.3308 0.3613 -0.8718
vn -0.2869 0.3855 -0.8770
vn -0.3351 0.3860 -0.8594
vn -0.1228 0.6997 -0.7038
vn -0.2448 0.4124 -0.8775
vn -0.9898 -0.0062 -0.1424
vn -0.9337 0.1721 -0.3139
vn -0.4506 0.3196 -0.8335
vn -0.4204 0.2975 -0.8572
vn -0.1249 0.5680 -0.8135
vn -0.1224 0.6109 -0.7822
vn -0.2252 0.3788 -0.8977
vn -0.1869 0.4354 -0.8807
vn -0.9221 -0.3461 -0.1733
vn -0.9442 -0.2819 -0.1703
vn -0.6971 0.2628 -0.6671
vn -0.1109 0.6529 -0.7493
vn -0.9934 0.0126 -0.1136
vn -0.1515 0.4484 -0.8809
vn -0.9533 -0.2669 -0.1414
vn -0.9352 -0.3231 -0.1450
vn -0.9635 -0.2481 -0.1002
vn -0.4744 0.2787 -0.8350
vn -0.5370 0.2767 -0.7969
vn -0.4488 0.2582 -0.8555
vn -0.9588 -0.2587 -0.1175
vn -0.8202 0.2214 -0.5275
vn -0.2128 0.2875 -0.9339
vn -0.3015 0.3032 -0.9040
vn -0.1059 0.5782 -0.8090
vn -0.1096 0.6131 -0.7824
vn -0.8511 0.2226 -0.4754
vn -0.1164 0.4193 -0.9004
vn -0.1377 0.3696 -0.9189
vn -0.9701 -0.2280 -0.0826
vn -0.3646 0.2496 -0.8971
vn -0.1068 0.5679 -0.8162
vn -0.9794 -0.1932 -0.0592
vn -0.4839 0.2244 -0.8459
vn -0.9950 -0.0219 -0.0976
vn -0.5518 0.2355 -0.8001
vn -0.5332 0.2277 -0.8148
vn -0.7381 0.2162 -0.6391
vn -0.4166 0.2367 -0.8778
vn -0.5073 0.2333 -0.8296
vn -0.9761 -0.2050 -0.0724
vn -0.9943 -0.0228 -0.1039
vn -0.0718 0.5257 -0.8476
vn -0.0874 0.3483 -0.9333
vn -0.9347 0.1500 -0.3223
vn -0.9959 -0.0044 -0.0900
vn -0.0722 0.6271 -0.7756
vn -0.5136 0.1866 -0.8375
vn -0.9858 -0.1618 -0.0441
vn -0.8502 0.2029 -0.4857
vn -0.7276 0.2008 -0.6560
vn -0.0147 0.7869 -0.6170
vn -0.1942 0.2203 -0.9559
vn -0.7564 0.2152 -0.6177
vn -0.0597 0.4161 -0.9074
vn -0.0811 0.4795 -0.8738
vn -0.8551 0.1979 -0.4791
vn -0.8291 0.1633 -0.5347
vn -0.3558 0.2201 -0.9082
vn -0.0606 0.5147 -0.8552
vn -0.9668 -0.2202 -0.1294
vn -0.7397 0.1902 -0.6455
vn -0.9549 -0.2719 -0.1191
vn -0.0642 0.3323 -0.9410
vn -0.0665 0.3978 -0.9151
vn -0.6269 0.1883 -0.7560
vn -0.7356 0.1867 -0.6512
vn -0.6868 0.1840 -0.7031
vn -0.5864 0.4985 -0.6385
vn -0.6498 0.4555 -0.6085
vn -0.7883 0.1767 -0.5894
vn -0.5041 0.5250 -0.6858
vn -0.9058 0.2217 -0.3610
vn -0.3771 0.1464 -0.9146
vn -0.5965 0.4540 -0.6619
vn -0.9688 -0.2219 -0.1102
vn -0.3638 0.6272 -0.6887
vn -0.5753 0.4737 -0.6668
vn -0.3889 0.1392 -0.9107
vn -0.4772 0.5397 -0.6935
vn -0.1493 0.2147 -0.9652
vn -0.2964 0.1424 -0.9444
vn -0.0669 0.3136 -0.9472
vn -0.0588 0.2490 -0.9667
vn -0.9493 0.1610 -0.2700
vn -0.8828 0.2325 -0.4081
vn -0.9731 -0.2145 -0.0839
vn -0.2650 0.1600 -0.9509
vn -0.7870 0.1703 -0.5930
vn -0.1156 0.1393 -0.9835
vn -0.1106 0.2237 -0.9684
vn -0.1059 0.2152 -0.9708
vn -0.8915 0.2297 -0.3904
vn -0.2457 0.1211 -0.9618
vn -0.7976 0.1586 -0.5819
vn -0.5686 0.4425 -0.6934
vn -0.7053 0.1393 -0.6951
vn -0.3910 0.1407 -0.9096
vn -0.5812 0.4548 -0.6748
vn -0.9743 0.1184 -0.1914
vn -0.0724 0.2056 -0.9760
vn -0.0208 0.4721 -0.8813
vn -0.5846 0.1515 -0.7970
vn -0.5101 0.1314 -0.8500
vn -0.0683 0.2148 -0.9743
vn -0.0322 0.3204 -0.9467
vn -0.4791 0.5295 -0.7001
vn -0.8335 0.1724 -0.5250
vn -0.8486 0.1289 -0.5131
vn -0.3271 0.1211 -0.9372
vn -0.0960 0.1760 -0.9797
vn -0.8619 0.2399 -0.4467
vn -0.0377 0.2915 -0.9558
vn -0.8033 0.2707 -0.5305
vn -0.3282 0.0660 -0.9423
vn -0.0267 0.3565 -0.9339
vn -0.1121 0.1262 -0.9857
vn -0.1392 0.1641 -0.9766
vn -0.5723 0.4330 -0.6964
vn -0.4364 0.4950 -0.7513
vn -0.9637 0.1405 -0.2269
vn -0.9615 0.1416 -0.2354
vn -0.0369 0.2882 -0.9569
vn -0.5510 0.4064 -0.7288
vn -0.8944 0.2133 -0.3930
vn -0.1770 0.0809 -0.9809
vn -0.1951 0.0696 -0.9783
vn -0.8151 0.2685 -0.5133
vn -0.4016 0.0750 -0.9127
vn -0.3822 0.0573 -0.9223
vn -0.3571 0.0907 -0.9296
vn -0.0332 0.1946 -0.9803
vn -0.0394 0.2215 -0.9744
vn -0.3044 0.0859 -0.9487
vn -0.6528 0.0860 -0.7526
vn -0.2238 0.0830 -0.9711
vn -0.2883 0.0713 -0.9549
vn -0.9998 -0.0188 -0.0081
vn -0.7048 0.1137 -0.7003
vn -0.4505 0.0649 -0.8904
vn -0.9141 0.1995 -0.3531
vn -0.8895 0.1208 -0.4407
vn -0.2958 0.0354 -0.9546
vn -0.4319 0.5028 -0.7488
vn -0.8707 0.2316 -0.4338
vn -0.8542 0.2347 -0.4639
vn -0.7771 0.0772 -0.6247
vn -0.2292 0.6588 -0.7165
vn -0.0642 0.1387 -0.9882
vn -0.9990 -0.0435 -0.0034
vn -0.8662 0.0603 -0.4960
vn -0.8399 0.0745 -0.5376
vn -0.4000 0.4494 -0.7988
vn -0.6924 0.5078 -0.5126
vn -0.9366 0.1776 -0.3021
vn -0.6826 0.4909 -0.5414
vn -0.3111 0.0121 -0.9503
vn -0.6351 0.5309 -0.5610
vn -0.4143 -0.0107 -0.9101
vn -0.3777 0.0263 -0.9255
vn -0.5397 0.5955 -0.5951
vn -0.8125 0.0631 -0.5795
vn -0.9562 0.1572 -0.2468
vn -0.4162 0.4581 -0.7855
vn -0.2115 0.6965 -0.6857
vn -0.6478 0.5112 -0.5649
vn -0.7475 0.0816 -0.6592
vn -0.6068 0.5140 -0.6063
vn -0.8678 0.0674 -0.4922
vn -0.2457 0.0057 -0.9693
vn -0.0510 0.0907 -0.9946
vn -0.2232 0.6064 -0.7632
vn -0.3565 0.0122 -0.9342
vn -0.5639 0.5679 -0.5996
vn -0.0350 0.1378 -0.9898
vn -0.0319 0.1274 -0.9913
vn -0.3533 0.4885 -0.7978
vn -0.6213 0.4913 -0.6104
vn -0.5832 0.5248 -0.6200
vn -0.7708 0.0339 -0.6362
vn -0.8921 0.2134 -0.3982
vn -0.2518 0.0112 -0.9677
vn -0.5065 0.5801 -0.6380
vn -0.4744 0.6149 -0.6300
vn -0.0182 0.1945 -0.9807
vn -0.1333 0.0029 -0.9911
vn -0.2057 0.6938 -0.6901
vn -0.1762 0.0165 -0.9842
vn -0.5511 0.5257 -0.6481
vn -0.4131 -0.0306 -0.9102
vn -0.9752 0.1200 -0.1862
vn -0.4128 0.6362 -0.6518
vn -0.4580 0.6188 -0.6382
vn -0.1556 -0.0467 -0.9867
vn -0.4433 -0.0689 -0.8937
vn -0.9775 0.0550 -0.2038
vn -0.9685 0.0460 -0.2449
vn -0.8922 -0.0637 -0.4471
vn -0.5224 -0.0995 -0.8469
vn -0.9635 0.1423 -0.2267
vn -0.9367 -0.0413 -0.3477
vn -0.7493 -0.0772 -0.6577
vn -0.9579 0.1429 -0.2492
vn -0.3523 -0.1677 -0.9208
vn -0.2179 0.5378 -0.8144
vn -0.2933 -0.1124 -0.9494
vn -0.5099 0.5465 -0.6644
vn -0.4656 0.5663 -0.6801
vn -0.5887 -0.1891 -0.7859
vn -0.5175 0.5449 -0.6597
vn -0.5654 0.5108 -0.6477
vn -0.8363 -0.0833 -0.5419
vn -0.5376 0.5106 -0.6711
vn -0.3283 -0.2392 -0.9138
vn -0.2927 -0.1146 -0.9493
vn -0.4676 0.5660 -0.6790
vn -0.7660 -0.1688 -0.6202
vn -0.4401 0.5904 -0.6766
vn -0.4210 -0.2045 -0.8837
vn -0.4301 -0.2195 -0.8757
vn -0.3411 -0.1906 -0.9205
vn -0.9338 -0.0912 -0.3460
vn -0.9414 -0.1000 -0.3220
vn -0.8827 -0.1477 -0.4462
vn -0.4988 -0.2400 -0.8329
vn -0.8729 0.2276 -0.4316
vn -0.2334 0.5154 -0.8245
vn -0.2857 0.4893 -0.8240
vn -0.1804 0.6826 -0.7082
vn -0.8560 0.2308 -0.4626
vn -0.4110 0.5907 -0.6944
vn -0.4153 -0.2562 -0.8729
vn -0.5800 -0.2545 -0.7739
vn -0.8811 -0.1449 -0.4503
vn -0.7137 -0.2564 -0.6518
vn -0.5053 -0.3104 -0.8052
vn -0.9129 0.1925 -0.3599
vn -0.5812 -0.2528 -0.7735
vn -0.9490 0.1673 -0.2674
vn -0.5017 -0.3528 -0.7898
vn -0.8372 -0.2536 -0.4846
vn -0.8424 -0.2413 -0.4818
vn -0.8706 0.2488 -0.4245
vn -0.7222 -0.3202 -0.6131
vn -0.9455 -0.1235 -0.3012
vn -0.9448 -0.1881 -0.2684
vn -0.7615 -0.3119 -0.5683
vn -0.7865 -0.2797 -0.5506
vn -0.5470 0.3502 -0.7604
vn -0.1824 0.7303 -0.6583
vn -0.9221 -0.1586 -0.3531
vn -0.9147 -0.2454 -0.3210
vn -0.7229 -0.3767 -0.5793
vn -0.7824 -0.3477 -0.5166
vn -0.4129 0.5889 -0.6948
vn -0.4667 0.3610 -0.8074
vn -0.4642 0.5406 -0.7016
vn -0.7884 -0.3384 -0.5137
vn -0.5272 0.4910 -0.6935
vn -0.8280 -0.3378 -0.4475
vn -0.8403 -0.3075 -0.4464
vn -1.0000 0.0008 -0.0099
vn -0.3968 0.5891 -0.7039
vn -0.7157 -0.4395 -0.5428
vn -0.7411 -0.3934 -0.5441
vn -0.9633 -0.1801 -0.1992
vn -0.9779 -0.1397 -0.1554
vn -0.8950 0.2102 -0.3933
vn -0.9810 -0.1506 -0.1224
vn -0.9792 -0.1609 -0.1234
vn -0.9168 0.2045 -0.3429
vn -0.8592 -0.4242 -0.2861
vn -0.9988 0.0104 -0.0469
vn -0.9979 -0.0124 -0.0635
vn -0.9061 -0.3555 -0.2293
vn -0.9987 -0.0211 -0.0471
vn -0.9919 -0.1169 -0.0488
vn -0.9974 -0.0689 -0.0218
vn -0.9944 -0.1038 -0.0179
vn -1.0000 -0.0044 -0.0016
vn -0.9853 -0.1651 -0.0440
vn -0.9978 -0.0629 -0.0209
vn -0.3121 0.6417 -0.7006
vn -0.9980 -0.0624 -0.0056
vn -0.7678 0.3061 -0.5628
vn -0.3461 0.6371 -0.6887
vn -0.5250 0.4935 -0.6935
vn -0.5203 0.3724 -0.7685
vn -1.0000 -0.0089 0.0001
vn -0.5914 0.3602 -0.7215
vn -0.5855 0.3588 -0.7270
vn -0.9794 0.1666 -0.1139
vn -0.9620 0.2117 -0.1725
vn -0.1844 0.6316 -0.7530
vn -0.8395 0.4316 -0.3301
vn -0.1451 0.7390 -0.6579
vn -0.8358 0.4083 -0.3670
vn -0.1406 0.7499 -0.6465
vn -0.2668 0.6758 -0.6871
vn -0.2966 0.6702 -0.6803
vn -0.7706 0.4703 -0.4301
vn -0.7908 0.4626 -0.4008
vn -0.4073 0.5591 -0.7222
vn -0.7835 0.2466 -0.5703
vn -0.7926 0.4334 -0.4289
vn -0.7893 0.2433 -0.5637
vn -0.8231 0.2501 -0.5099
vn -0.7735 0.4383 -0.4578
vn -0.1755 0.4681 -0.8661
vn -0.4152 0.5612 -0.7160
vn -0.7505 0.4943 -0.4387
vn -0.7690 0.4588 -0.4450
vn -0.2966 0.4458 -0.8446
vn -0.4969 0.4650 -0.7327
vn -0.8375 0.2278 -0.4967
vn -0.1747 0.5693 -0.8033
vn -0.7274 0.4821 -0.4884
vn -0.7481 0.2634 -0.6091
vn -0.3434 0.6095 -0.7145
vn -0.7894 0.2543 -0.5587
vn -0.7538 0.2656 -0.6010
vn -0.8673 0.2105 -0.4511
vn -0.2811 0.4364 -0.8547
vn -0.3017 0.6411 -0.7057
vn -0.2702 0.6183 -0.7380
vn -0.4081 0.5182 -0.7516
vn -0.3523 0.3271 -0.8768
vn -0.6803 0.5492 -0.4853
vn -0.7857 0.4254 -0.4492
vn -0.1785 0.5619 -0.8077
vn -0.3286 0.5715 -0.7520
vn -0.8680 0.2218 -0.4442
vn -0.7285 0.4809 -0.4879
vn -0.6755 0.5086 -0.5339
vn -0.5514 0.3232 -0.7691
vn -0.8593 0.2322 -0.4558
vn -0.7467 0.4351 -0.5031
vn -0.7439 0.4453 -0.4983
vn -0.2466 0.4718 -0.8465
vn -0.1632 0.6008 -0.7826
vn -0.1316 0.5413 -0.8304
vn -0.3492 0.5760 -0.7391
vn -0.5363 0.2774 -0.7971
vn -0.6094 0.2882 -0.7386
vn -0.9067 0.1957 -0.3737
vn -0.1560 0.6303 -0.7605
vn -0.6200 0.5930 -0.5138
vn -0.9106 0.1975 -0.3631
vn -0.1467 0.6554 -0.7409
vn -0.7114 0.4659 -0.5262
vn -0.2302 0.3749 -0.8980
vn -0.7066 0.4672 -0.5314
vn -0.6317 0.2585 -0.7308
vn -0.2949 0.3794 -0.8770
vn -0.6154 0.5510 -0.5636
vn -0.9723 0.1819 -0.1467
vn -0.9766 0.1697 -0.1319
vn -0.8925 0.2027 -0.4030
vn -0.6212 0.5519 -0.5563
vn -0.8760 0.2147 -0.4318
vn -0.1870 0.4356 -0.8805
vn -0.2266 0.6773 -0.7000
vn -0.2642 0.6779 -0.6860
vn -0.1132 0.4730 -0.8738
vn -0.2744 0.3391 -0.8998
vn -0.1530 0.4951 -0.8553
vn -0.9698 0.2032 -0.1346
vn -0.1341 0.5285 -0.8383
vn -0.1252 0.6740 -0.7280
vn -0.1184 0.6189 -0.7765
vn -0.0968 0.5340 -0.8399
vn -0.5988 0.2751 -0.7522
vn -0.1753 0.2936 -0.9397
vn -0.2163 0.2784 -0.9358
vn -0.1235 0.3928 -0.9113
vn -0.9518 0.2437 -0.1862
vn -0.3521 0.3268 -0.8770
vn -0.6692 0.4908 -0.5579
vn -0.8267 0.2174 -0.5190
vn -0.1144 0.3252 -0.9387
vn -0.1127 0.3332 -0.9361
vn -0.5530 0.1956 -0.8099
vn -0.5828 0.1859 -0.7911
vn -0.5735 0.5557 -0.6018
vn -0.9714 0.1228 -0.2034
vn -0.5958 0.5745 -0.5612
vn -0.6894 0.1879 -0.6996
vn -0.6158 0.1795 -0.7672
vn -0.6818 0.2334 -0.6933
vn -0.9598 0.2341 -0.1551
vn -0.8157 0.1997 -0.5429
vn -0.3761 0.2685 -0.8868
vn -0.6424 0.1613 -0.7492
vn -0.5673 0.1263 -0.8138
vn -0.6766 0.4616 -0.5737
vn -0.0477 0.4669 -0.8830
vn -0.9804 0.1441 -0.1342
vn -0.1954 0.3610 -0.9118
vn -0.1536 0.3801 -0.9121
vn -0.2405 0.6431 -0.7270
vn -0.0380 0.4501 -0.8922
vn -0.4991 0.4491 -0.7411
vn -0.7572 0.1469 -0.6365
vn -0.6973 0.1259 -0.7057
vn -0.2932 -0.0171 -0.9559
vn -0.2997 0.5860 -0.7529
vn -0.3690 0.5447 -0.7531
vn -0.2207 -0.0378 -0.9746
vn -0.3293 0.5318 -0.7802
vn -0.8113 -0.1958 -0.5510
vn -0.8531 -0.1264 -0.5062
vn -0.4221 0.2716 -0.8649
vn -0.7609 -0.2386 -0.6033
vn -0.7667 -0.2419 -0.5947
vn -0.4944 0.4468 -0.7456
vn -0.8293 -0.2007 -0.5216
vn -0.8767 -0.1569 -0.4548
vn -0.7127 0.3250 -0.6217
vn -0.5608 0.5681 -0.6023
vn -0.8147 -0.1993 -0.5446
vn -0.7117 0.3248 -0.6229
vn -0.9601 0.2198 -0.1727
vn -0.9279 0.3048 -0.2148
vn -0.0848 0.6317 -0.7706
vn -0.7904 -0.2819 -0.5438
vn -0.9934 -0.1120 -0.0236
vn -0.9729 0.1541 -0.1721
vn -0.9343 0.2640 -0.2397
vn -0.9444 0.2692 -0.1887
vn -0.4666 0.1525 -0.8712
vn -0.4451 0.1677 -0.8796
vn -0.0393 0.4951 -0.8679
vn -0.7451 0.2915 -0.5999
vn -0.2231 0.6064 -0.7632
vn -0.2846 0.5829 -0.7611
vn -0.7652 0.2826 -0.5784
vn -0.5214 0.1833 -0.8334
vn -0.0991 0.4852 -0.8688
vn -0.6486 0.3481 -0.6768
vn -0.2207 0.2996 -0.9282
vn -0.2137 0.6466 -0.7323
vn -0.7568 0.2836 -0.5889
vn -0.0970 0.4828 -0.8704
vn -0.0858 0.7074 -0.7015
vn -0.0912 0.6940 -0.7142
vn -0.9553 0.2087 -0.2093
vn -0.9657 0.1898 -0.1770
vn -0.9342 0.2829 -0.2172
vn -0.6650 0.3322 -0.6689
vn -0.9724 0.1186 -0.2011
vn -0.6283 0.2338 -0.7420
vn -0.6128 0.2150 -0.7604
vn -0.6742 0.2377 -0.6992
vn -0.6997 0.4156 -0.5812
vn -0.7216 0.2916 -0.6280
vn -0.2424 0.2835 -0.9278
vn -0.6292 0.4572 -0.6286
vn -0.9363 0.2555 -0.2410
vn -0.7936 0.2055 -0.5726
vn -0.0736 0.6194 -0.7816
vn -0.0858 0.6651 -0.7418
vn -0.9595 0.1518 -0.2371
vn -0.6599 0.3254 -0.6772
vn -0.6717 0.4158 -0.6131
vn -0.0989 0.4318 -0.8965
vn -0.8919 0.3584 -0.2758
vn -0.2693 0.2573 -0.9281
vn -0.3384 0.2788 -0.8987
vn -0.9358 0.2562 -0.2422
vn -0.9257 0.1890 -0.3277
vn -0.1647 0.3516 -0.9215
vn -0.8758 0.3800 -0.2976
vn -0.6925 0.2745 -0.6672
vn -0.9045 0.3475 -0.2472
vn -0.8857 0.1965 -0.4206
vn -0.6814 0.2825 -0.6751
vn -0.9018 0.3210 -0.2893
vn -0.9391 0.1899 -0.2866
vn -0.0563 0.7089 -0.7031
vn -0.0837 0.5603 -0.8240
vn -0.8375 0.4358 -0.3296
vn -0.9683 0.1701 -0.1828
vn -0.3876 0.2085 -0.8979
vn -0.0968 0.4378 -0.8939
vn -0.1553 0.2810 -0.9470
vn -0.0681 0.5895 -0.8049
vn -0.6690 0.2096 -0.7131
vn -0.4508 0.2080 -0.8681
vn -0.8950 0.3265 -0.3039
vn -0.9639 0.1687 -0.2058
vn -0.6458 0.4372 -0.6259
vn -0.9498 0.1486 -0.2753
vn -0.9433 0.2171 -0.2511
vn -0.7523 0.2404 -0.6134
vn -0.9669 0.1893 -0.1712
vn -0.9551 0.1823 -0.2336
vn -0.0598 0.5790 -0.8132
vn -0.0523 0.4563 -0.8883
vn -0.9347 0.1816 -0.3056
vn -0.3238 0.2082 -0.9229
vn -0.1491 0.2873 -0.9462
vn -0.1134 0.7479 -0.6541
vn -0.9478 0.1436 -0.2847
vn -0.9385 0.2322 -0.2555
vn -0.9532 0.1199 -0.2774
vn -0.0641 0.4961 -0.8659
vn -0.8755 0.3670 -0.3144
vn -0.9090 0.3010 -0.2882
vn -0.9368 0.1776 -0.3016
vn -0.7310 0.2482 -0.6357
vn -0.6357 0.4215 -0.6467
vn -0.0246 0.6606 -0.7503
vn -0.0986 0.7604 -0.6419
vn -0.6144 0.4187 -0.6687
vn -0.9149 0.2790 -0.2917
vn -0.1077 0.2856 -0.9523
vn -0.0751 0.7526 -0.6542
vn -0.2481 0.1777 -0.9523
vn -0.3112 0.2099 -0.9269
vn -0.8694 0.3504 -0.3484
vn -0.9621 0.1139 -0.2477
vn -0.9653 0.1053 -0.2392
vn -0.8321 0.4101 -0.3733
vn -0.0521 0.5361 -0.8425
vn -0.9388 0.1708 -0.2993
vn -0.9386 0.2311 -0.2561
vn -0.9204 0.2142 -0.3270
vn -0.9203 0.1402 -0.3653
vn -0.1124 0.2736 -0.9553
vn -0.9530 0.1131 -0.2812
vn -0.8959 0.2982 -0.3292
vn -0.0617 0.7608 -0.6460
vn -0.0623 0.3889 -0.9192
vn -0.5765 0.4073 -0.7083
vn -0.6393 0.3786 -0.6693
vn -0.0596 0.7578 -0.6497
vn -0.0551 0.6561 -0.7526
vn -0.8653 0.3533 -0.3556
vn -0.0753 0.2806 -0.9569
vn -0.3789 0.1482 -0.9135
vn -0.0608 0.7156 -0.6958
vn -0.0419 0.5832 -0.8113
vn -0.0303 0.5603 -0.8277
vn -0.2134 0.1502 -0.9653
vn -0.0643 0.5254 -0.8484
vn -0.9630 0.1157 -0.2435
vn -0.5189 0.1402 -0.8432
vn -0.9217 0.1647 -0.3513
vn -0.9365 0.1457 -0.3190
vn -0.9340 0.1300 -0.3326
vn -0.4536 0.1210 -0.8829
vn -0.0162 0.7514 -0.6597
vn -0.0306 0.5134 -0.8576
vn -0.9702 0.1495 -0.1905
vn -0.0293 0.8092 -0.5868
vn -0.0092 0.5513 -0.8343
vn -0.0366 0.3325 -0.9424
vn -0.2303 0.2112 -0.9499
vn -0.2791 0.2437 -0.9288
vn -0.1643 0.1566 -0.9739
vn -0.1766 0.1681 -0.9698
vn -0.7522 0.1505 -0.6416
vn -0.0477 0.6721 -0.7389
vn -0.9022 0.1818 -0.3911
vn -0.9153 0.2590 -0.3083
vn -0.1920 0.2177 -0.9569
vn -0.0405 0.6287 -0.7766
vn -0.0224 0.4090 -0.9123
vn -0.0408 0.6271 -0.7779
vn -0.0013 0.4852 -0.8744
vn -0.8491 0.3772 -0.3699
vn -0.1996 0.1009 -0.9747
vn -0.9503 0.1902 -0.2466
vn -0.8801 0.1786 -0.4399
vn -0.0207 0.4029 -0.9150
vn -0.9594 0.1426 -0.2433
vn -0.8866 0.3166 -0.3371
vn -0.1748 0.2290 -0.9576
vn -0.4671 0.1102 -0.8773
vn -0.6270 0.1298 -0.7681
vn -0.9053 0.2772 -0.3218
vn -0.7997 0.1252 -0.5872
vn -0.9549 0.1835 -0.2333
vn -0.9086 0.0748 -0.4109
vn -0.8889 0.1277 -0.4400
vn -0.5284 0.0866 -0.8446
vn -0.8335 0.4004 -0.3808
vn -0.7996 0.4109 -0.4379
vn -0.0864 0.1188 -0.9892
vn -0.8411 0.3520 -0.4107
vn -0.8712 0.3411 -0.3530
vn -0.0664 0.1354 -0.9886
vn -0.0203 0.6698 -0.7422
vn -0.5900 0.1049 -0.8006
vn -0.9118 0.1416 -0.3854
vn -0.9048 0.1555 -0.3965
vn -0.5115 0.0913 -0.8544
vn -0.8816 0.1767 -0.4376
vn -0.8568 0.1606 -0.4899
vn -0.0305 0.5135 -0.8575
vn -0.8723 0.3129 -0.3758
vn -0.8813 0.1048 -0.4607
vn -0.0410 0.3951 -0.9177
vn -0.0106 0.6000 -0.7999
vn -0.8447 0.1033 -0.5252
vn -0.9372 0.1731 -0.3028
vn -0.9454 0.1682 -0.2793
vn -0.1408 0.0542 -0.9886
vn -0.0389 0.4031 -0.9143
vn -0.9447 0.1590 -0.2868
vn -0.0194 0.3381 -0.9409
vn -0.0042 0.5812 -0.8137
vn -0.0074 0.6097 -0.7926
vn -0.8579 0.3223 -0.4002
vn -0.8258 0.3742 -0.4219
vn -0.7561 0.1044 -0.6461
vn -0.0139 0.2193 -0.9756
vn -0.8123 0.1105 -0.5726
vn -0.0054 0.4174 -0.9087
vn -0.8810 0.1529 -0.4478
vn -0.7236 0.5078 -0.4675
vn -0.6508 0.0820 -0.7548
vn -0.9402 0.1030 -0.3248
vn -0.8886 0.1215 -0.4423
vn -0.5765 0.0827 -0.8129
vn -0.9669 0.1189 -0.2257
vn -0.9314 0.2205 -0.2895
vn -0.4696 0.0421 -0.8818
vn -0.1882 0.0081 -0.9821
vn -0.9222 0.1053 -0.3722
vn -0.6946 0.0603 -0.7169
vn -0.6996 0.0570 -0.7122
vn -0.1339 0.0635 -0.9890
vn -0.9394 0.2118 -0.2696
vn -0.8051 0.0433 -0.5916
vn -0.9606 0.1381 -0.2411
vn -0.9461 0.1581 -0.2827
vn -0.0138 0.2190 -0.9756
vn -0.9720 0.1380 -0.1903
vn -0.9237 0.2313 -0.3054
vn -0.9208 0.1079 -0.3747
vn -0.9586 0.1384 -0.2488
vn -0.8260 0.3739 -0.4218
vn -0.9405 0.0783 -0.3307
vn -0.9421 0.0865 -0.3240
vn -0.9580 0.0850 -0.2740
vn -0.8835 0.0083 -0.4684
vn -0.9577 0.0779 -0.2771
vn -0.8857 0.0165 -0.4640
vn -0.1867 0.0060 -0.9824
vn -0.0889 0.0401 -0.9952
vn -0.0910 -0.0242 -0.9956
vn -0.0212 0.0814 -0.9965
vn -0.0491 0.0447 -0.9978
vn -0.0647 0.0521 -0.9965
vn -0.0573 0.0159 -0.9982
vn -0.8981 0.2658 -0.3503
vn -0.0219 0.0825 -0.9963
vn -0.9621 0.1570 -0.2231
vn -0.0118 0.1471 -0.9891
vn -0.0986 0.0219 -0.9949
vn -0.3526 -0.0438 -0.9348
vn -0.2679 -0.0564 -0.9618
vn -0.1263 0.0897 -0.9879
vn -0.8436 0.0060 -0.5370
vn -0.1415 0.1229 -0.9823
vn -0.0201 0.2833 -0.9588
vn -0.1240 -0.0203 -0.9921
vn -0.8579 -0.0141 -0.5136
vn -0.8019 0.3997 -0.4441
vn -0.7746 0.4100 -0.4815
vn -0.9777 0.0562 -0.2021
vn -0.9852 0.0427 -0.1660
vn -0.7466 -0.0039 -0.6653
vn -0.7934 0.0024 -0.6087
vn -0.8258 0.3740 -0.4221
vn -0.7376 0.0011 -0.6753
vn -0.4254 -0.0200 -0.9048
vn -0.8879 0.2732 -0.3701
vn -0.8110 0.0271 -0.5845
vn -0.9090 -0.0086 -0.4166
vn -0.0172 0.3018 -0.9532
vn -0.9867 0.0310 -0.1594
vn -0.7992 -0.0409 -0.5996
vn -0.2016 -0.1115 -0.9731
vn -0.9295 -0.0060 -0.3687
vn -0.6438 -0.0731 -0.7617
vn -0.2139 -0.0470 -0.9757
vn -0.9158 -0.0304 -0.4004
vn -0.9241 0.0893 -0.3715
vn -0.0907 0.1003 -0.9908
vn -0.5152 -0.1104 -0.8499
vn -0.8445 -0.1241 -0.5211
vn -0.8561 -0.0892 -0.5090
vn -0.8128 -0.0664 -0.5787
vn -0.7632 -0.0882 -0.6402
vn -0.5618 -0.1145 -0.8193
vn -0.6113 -0.0744 -0.7879
vn -0.7133 -0.1326 -0.6882
vn -0.0905 0.0994 -0.9909
vn -0.2385 -0.1276 -0.9627
vn -0.6534 0.0436 -0.7557
vn -0.8709 0.2969 -0.3916
vn -0.8831 -0.0563 -0.4658
vn -0.9077 0.0524 -0.4163
vn -0.9127 -0.0581 -0.4045
vn -0.0025 0.3612 -0.9325
vn -0.5426 -0.1846 -0.8195
vn -0.9598 0.1617 -0.2293
vn -0.4302 -0.1094 -0.8961
vn -0.8449 0.3394 -0.4134
vn -0.0280 0.7245 -0.6887
vn -0.0487 0.7618 -0.6459
vn -0.5391 0.0278 -0.8418
vn -0.6614 -0.1374 -0.7373
vn -0.9377 0.0510 -0.3437
vn -0.7624 -0.1650 -0.6257
vn -0.0103 0.7416 -0.6708
vn -0.4912 -0.1584 -0.8565
vn -0.9378 -0.0271 -0.3461
vn -0.5291 -0.2133 -0.8213
vn -0.6347 -0.1900 -0.7490
vn -0.9199 -0.1215 -0.3727
vn -0.4706 0.0437 -0.8813
vn -0.8788 -0.1619 -0.4490
vn -0.9062 -0.1124 -0.4077
vn -0.6043 -0.1956 -0.7724
vn -0.8979 0.0389 -0.4384
vn -0.9226 0.0674 -0.3798
vn -0.0179 0.6988 -0.7151
vn -0.7433 -0.1750 -0.6457
vn -0.6788 -0.2351 -0.6957
vn -0.0328 0.7083 -0.7052
vn -0.9116 0.0204 -0.4105
vn -0.9016 0.0577 -0.4286
vn -0.9654 -0.0441 -0.2570
vn -0.5878 0.0683 -0.8061
vn -0.9685 0.0469 -0.2444
vn -0.9508 -0.0614 -0.3037
vn -0.5858 -0.2575 -0.7684
vn -0.5026 -0.0262 -0.8641
vn -0.9747 -0.0361 -0.2206
vn -0.6898 -0.2393 -0.6833
vn -0.6712 0.0067 -0.7413
vn -0.8121 0.3531 -0.4646
vn -0.9472 0.0499 -0.3168
vn -0.4844 -0.2662 -0.8334
vn -0.9612 0.0612 -0.2689
vn -0.7263 -0.0088 -0.6874
vn -0.6502 0.0463 -0.7583
vn -0.5819 -0.0116 -0.8132
vn -0.6680 -0.3195 -0.6721
vn -0.4951 -0.0375 -0.8680
vn -0.9500 0.1855 -0.2512
vn -0.9386 0.1914 -0.2871
vn -0.7397 -0.2952 -0.6048
vn -0.9750 -0.0741 -0.2096
vn -0.9308 -0.1635 -0.3270
vn -0.5767 -0.0084 -0.8169
vn -0.9870 -0.0169 -0.1598
vn -0.8594 0.3005 -0.4138
vn -0.8841 -0.2054 -0.4197
vn -0.0116 0.2359 -0.9717
vn -0.9129 -0.1875 -0.3626
vn -0.9548 0.0304 -0.2958
vn -0.9536 -0.1322 -0.2705
vn -0.6058 -0.4339 -0.6668
vn -0.6051 -0.3572 -0.7115
vn -0.5870 -0.3421 -0.7338
vn -0.9621 0.0156 -0.2721
vn -0.9628 -0.0973 -0.2522
vn -0.6233 -0.0427 -0.7808
vn -0.0060 0.1222 -0.9925
vn -0.9319 0.0111 -0.3625
vn -0.8743 -0.2917 -0.3879
vn -0.9710 0.0762 -0.2264
vn -0.0049 0.1751 -0.9845
vn -0.9004 0.2403 -0.3626
vn -0.6117 -0.4195 -0.6708
vn -0.9297 0.2052 -0.3058
vn -0.7976 0.3695 -0.4768
vn -0.7385 -0.3609 -0.5696
vn -0.6561 -0.4128 -0.6317
vn -0.9349 0.0387 -0.3529
vn -0.6731 -0.3878 -0.6297
vn -0.9625 -0.1115 -0.2472
vn -0.7665 -0.3720 -0.5235
vn -0.9484 -0.1717 -0.2665
vn -0.8270 0.3239 -0.4596
vn -0.9352 -0.1878 -0.3001
vn -0.9002 -0.2937 -0.3215
vn -0.8446 -0.3623 -0.3942
vn -0.8764 -0.2987 -0.3778
vn -0.8768 -0.2980 -0.3774
vn -0.9501 -0.2143 -0.2265
vn -0.9263 -0.2517 -0.2804
vn -0.9697 0.1360 -0.2030
vn -0.6411 -0.0757 -0.7637
vn -0.9464 -0.2140 -0.2421
vn -0.7840 0.3739 -0.4955
vn 0.0022 0.1088 -0.9941
vn -0.0059 0.1656 -0.9862
vn -0.8203 0.3317 -0.4659
vn -0.8689 -0.3578 -0.3422
vn -0.7577 -0.4287 -0.4921
vn -0.7752 -0.3976 -0.4909
vn -0.8119 -0.4048 -0.4206
vn -0.8095 -0.4038 -0.4263
vn -0.9619 -0.0177 -0.2727
vn -0.9728 -0.1449 -0.1807
vn -0.9051 0.2379 -0.3524
vn -0.3037 -0.0298 -0.9523
vn -0.9480 0.0094 -0.3180
vn -0.9834 -0.1082 -0.1459
vn -0.6958 -0.0893 -0.7127
vn -0.8074 -0.4075 -0.4266
vn -0.6887 -0.0837 -0.7202
vn -0.8603 -0.3830 -0.3365
vn -0.8097 -0.4074 -0.4224
vn -0.7584 0.4072 -0.5089
vn -0.3629 -0.0527 -0.9303
vn -0.2753 -0.0945 -0.9567
vn -0.9739 0.0028 -0.2271
vn -0.7208 0.4497 -0.5274
vn -0.9806 -0.0221 -0.1949
vn -0.9590 -0.2230 -0.1749
vn -0.9463 -0.0364 -0.3211
vn -0.9477 -0.2444 -0.2052
vn -0.8583 0.2811 -0.4293
vn -0.3459 -0.1044 -0.9324
vn -0.9550 -0.0029 -0.2967
vn -0.9609 -0.0744 -0.2668
vn -0.4331 -0.1138 -0.8941
vn -0.9672 0.0847 -0.2393
vn -0.7803 0.3525 -0.5167
vn -0.9814 -0.1514 -0.1176
vn -0.9822 0.0067 -0.1878
vn -0.9666 -0.0032 -0.2563
vn -0.8041 -0.1524 -0.5746
vn -0.9709 0.0723 -0.2282
vn -0.7271 0.4075 -0.5525
vn -0.9969 -0.0379 -0.0690
vn -0.9989 -0.0139 -0.0455
vn -0.9804 -0.1572 -0.1183
vn -0.6863 0.4395 -0.5795
vn -0.9847 0.0356 -0.1707
vn -0.9733 -0.1851 -0.1354
vn -0.9680 -0.2199 -0.1212
vn -0.9874 -0.1152 -0.1081
vn -0.8889 0.2543 -0.3811
vn -0.9966 -0.0377 -0.0728
vn -0.9938 -0.0648 -0.0901
vn -0.8898 -0.3608 -0.2793
vn -0.8492 -0.4009 -0.3436
vn -0.6373 -0.2732 -0.7205
vn -0.9588 -0.2481 -0.1384
vn -0.9917 -0.0688 -0.1086
vn -0.9848 -0.0017 -0.1735
vn -0.9250 -0.3133 -0.2151
vn -0.9110 -0.3414 -0.2313
vn -0.9962 -0.0717 -0.0494
vn -0.9440 -0.2833 -0.1691
vn -0.9830 -0.1426 -0.1159
vn -0.9903 -0.1143 -0.0784
vn -0.9845 -0.1536 -0.0842
vn -0.9931 -0.0936 -0.0712
vn -0.9945 -0.0788 -0.0696
vn -0.9284 -0.3211 -0.1870
vn -0.8466 0.2824 -0.4512
vn -0.9673 -0.0963 -0.2345
vn -0.9993 -0.0207 -0.0311
vn -0.8682 -0.2398 -0.4344
vn -0.9998 -0.0026 -0.0198
vn -0.6790 -0.3261 -0.6577
vn -0.9990 -0.0385 -0.0212
vn -0.9793 -0.1838 -0.0850
vn -0.9793 -0.1934 -0.0592
vn -0.9813 -0.1771 -0.0759
vn -0.9896 -0.1344 -0.0510
vn -0.9880 -0.1387 -0.0686
vn -0.9968 -0.0622 -0.0500
vn -0.0160 0.2994 -0.9540
vn -0.9957 -0.0821 -0.0421
vn -0.9938 -0.1099 -0.0168
vn -0.9989 -0.0394 -0.0254
vn -0.9719 -0.1208 -0.2018
vn -0.9717 -0.0714 -0.2251
vn -0.9810 -0.0388 -0.1902
vn -0.7835 0.3478 -0.5149
vn -0.9862 -0.0468 -0.1588
vn -0.9861 -0.1611 -0.0398
vn -0.9740 0.0803 -0.2118
vn -0.9984 -0.0543 -0.0136
vn -0.9810 -0.0390 -0.1899
vn -0.9981 -0.0607 -0.0057
vn -0.9996 -0.0242 -0.0171
vn -0.9772 -0.0900 -0.1923
vn -0.9085 0.2174 -0.3568
vn -0.8944 -0.2345 -0.3809
vn -0.9910 -0.1318 -0.0230
vn -0.9996 -0.0295 -0.0031
vn -0.9986 -0.0530 -0.0012
vn -0.9804 -0.0919 -0.1741
vn -0.9987 -0.0506 -0.0023
vn -0.9950 -0.0989 -0.0148
vn -0.9915 -0.0125 -0.1295
vn -0.9884 -0.1486 -0.0321
vn -0.8307 0.3038 -0.4665
vn -0.9901 -0.1363 -0.0349
vn -0.9951 -0.0980 -0.0160
vn -0.9924 -0.1197 -0.0275
vn -0.9871 -0.0481 -0.1528
vn -0.9953 -0.0951 -0.0159
vn -0.9995 -0.0308 -0.0012
vn -0.7753 -0.3976 -0.4907
vn -0.8038 -0.3662 -0.4688
vn -0.9544 -0.1630 -0.2502
vn -0.9682 -0.1615 -0.1910
vn -0.7357 0.3882 -0.5550
vn -0.9978 -0.0663 -0.0091
vn -0.9856 -0.0893 -0.1433
vn -0.9026 -0.3053 -0.3035
vn -0.9881 -0.1051 -0.1125
vn -0.9028 0.2128 -0.3737
vn -0.8103 0.3106 -0.4969
vn -0.9906 -0.0565 -0.1246
vn -0.9952 0.0269 -0.0941
vn -0.7126 0.3836 -0.5874
vn -0.8484 0.2619 -0.4601
vn -0.0002 0.2215 -0.9752
vn -0.9401 0.1782 -0.2907
vn -0.9244 0.1872 -0.3324
vn -0.9311 -0.2597 -0.2561
vn -0.9469 0.1604 -0.2788
vn -0.8970 -0.3015 -0.3231
vn -0.8119 0.2585 -0.5234
vn -0.7305 0.4659 -0.4993
vn -0.8417 0.3661 -0.3970
vn -0.1168 0.7932 -0.5977
vn -0.5869 0.6584 -0.4713
vn -0.4012 0.4258 -0.8110
vn -0.1158 0.8263 -0.5513
vn -0.4783 0.7471 -0.4616
vn -0.0271 0.9109 -0.4118
vn -0.5130 0.7399 -0.4351
vn -0.1161 0.8582 -0.5000
vn -0.6873 0.5123 -0.5149
vn -0.8737 0.3341 -0.3535
vn -0.2894 0.7568 -0.5861
vn -0.1954 0.6425 -0.7409
vn -0.9348 0.2469 -0.2554
vn -0.3370 0.7958 -0.5032
vn -0.3322 0.7927 -0.5112
vn -0.0581 0.9122 -0.4055
vn -0.6434 0.5048 -0.5756
vn -0.0943 0.8104 -0.5782
vn -0.0932 0.8437 -0.5287
vn -0.2675 0.2869 -0.9199
vn -0.0666 0.8986 -0.4336
vn -0.4284 0.8001 -0.4199
vn -0.5064 0.4876 -0.7112
vn -0.0848 0.8679 -0.4895
vn -0.0904 0.8697 -0.4852
vn -0.0572 0.5282 -0.8472
vn -0.0189 0.9140 -0.4053
vn -0.0584 0.5289 -0.8467
vn -0.0424 0.9158 -0.3993
vn -0.0042 0.4935 -0.8697
vn -0.6265 0.5068 -0.5922
vn -0.3683 0.8245 -0.4296
vn -0.0725 0.8386 -0.5400
vn -0.2658 0.7128 -0.6491
vn -0.2627 0.6949 -0.6694
vn -0.7098 0.5006 -0.4956
vn -0.0649 0.8999 -0.4312
vn -0.4214 0.7969 -0.4328
vn -0.0978 0.7843 -0.6126
vn -0.1012 0.5737 -0.8128
vn -0.0880 0.8070 -0.5839
vn -0.1151 0.5877 -0.8008
vn -0.4779 0.4672 -0.7439
vn -0.0218 0.9157 -0.4013
vn -0.5669 0.4954 -0.6581
vn -0.3750 0.4061 -0.8333
vn -0.1547 0.6301 -0.7610
vn -0.3455 0.8175 -0.4608
vn -0.7965 0.4319 -0.4231
vn -0.0371 0.8955 -0.4435
vn -0.2152 0.6601 -0.7197
vn -0.0161 0.9175 -0.3973
vn -0.5541 0.6827 -0.4763
vn -0.3065 0.7823 -0.5422
vn -0.6786 0.5216 -0.5171
vn -0.2960 0.7797 -0.5518
vn -0.7333 0.4975 -0.4633
vn -0.7537 0.4684 -0.4609
vn -0.4494 0.4744 -0.7570
vn -0.0770 0.8329 -0.5480
vn -0.0498 0.8715 -0.4878
vn -0.0510 0.8722 -0.4866
vn -0.6641 0.5825 -0.4687
vn -0.0634 0.8178 -0.5720
vn -0.4046 0.8153 -0.4143
vn -0.8206 0.4133 -0.3948
vn -0.3828 0.8249 -0.4160
vn -0.2281 0.6982 -0.6786
vn -0.0042 0.9030 -0.4297
vn -0.3175 0.3284 -0.8896
vn -0.0678 0.8004 -0.5957
vn -0.0124 0.8708 -0.4915
vn -0.4448 0.7695 -0.4583
vn -0.3820 0.4501 -0.8071
vn -0.0600 0.7883 -0.6124
vn -0.2740 0.7417 -0.6122
vn -0.3474 0.3673 -0.8628
vn -0.5492 0.6834 -0.4811
vn -0.0186 0.8910 -0.4535
vn -0.0452 0.8369 -0.5455
vn -0.0424 0.8346 -0.5492
vn -0.5901 0.5038 -0.6309
vn -0.0112 0.8702 -0.4927
vn -0.4326 0.4980 -0.7516
vn -0.6027 0.6321 -0.4871
vn -0.0395 0.7964 -0.6034
vn -0.3730 0.4103 -0.8322
vn -0.8530 0.3862 -0.3510
vn -0.0300 0.8061 -0.5910
vn -0.1778 0.6469 -0.7416
vn -0.0216 0.8577 -0.5136
vn -0.2836 0.3027 -0.9099
vn -0.3791 0.8263 -0.4165
vn -0.1624 0.1970 -0.9669
vn -0.0048 0.8362 -0.5484
vn -0.0145 0.8260 -0.5634
vn -0.0063 0.8115 -0.5843
vn -0.6739 0.1612 -0.7210
vn -0.6084 0.1860 -0.7715
vn -0.7046 0.1682 -0.6894
vn -0.6923 0.2092 -0.6906
vn -0.6551 0.5584 -0.5089
vn -0.6116 0.2519 -0.7500
vn -0.5492 0.6557 -0.5181
vn -0.8659 0.2858 -0.4106
vn -0.8592 0.3052 -0.4108
vn -0.6903 0.4289 -0.5827
vn -0.8363 0.3415 -0.4288
vn -0.3958 0.4735 -0.7869
vn -0.4057 0.4757 -0.7805
vn -0.2972 0.8062 -0.5116
vn -0.7127 0.4430 -0.5439
vn -0.7689 0.4715 -0.4318
vn -0.6726 0.4512 -0.5866
vn -0.0076 0.5414 -0.8407
vn -0.7984 0.3986 -0.4513
vn -0.0591 0.5788 -0.8133
vn -0.6694 0.4943 -0.5546
vn -0.4116 0.4314 -0.8028
vn -0.7609 0.4518 -0.4658
vn -0.6204 0.5535 -0.5556
vn -0.2002 0.6874 -0.6982
vn -0.9526 0.2304 -0.1989
vn -0.2364 0.7396 -0.6302
vn -0.5925 0.5464 -0.5919
vn -0.9817 0.1596 -0.1041
vn -0.9258 0.2888 -0.2440
vn -0.2220 0.7135 -0.6645
vn -0.2355 0.7231 -0.6493
vn -0.9185 0.3113 -0.2439
vn -0.9200 0.3041 -0.2473
vn -0.7960 0.4764 -0.3734
vn -0.5697 0.6023 -0.5592
vn -0.5325 0.5238 -0.6648
vn -0.5921 0.5702 -0.5695
vn -0.9555 0.2510 -0.1551
vn -0.9549 0.2435 -0.1698
vn -0.8695 0.4003 -0.2893
vn -0.1023 0.6253 -0.7737
vn -0.7060 0.5167 -0.4843
vn -0.9266 0.3116 -0.2103
vn -0.5919 0.6287 -0.5043
vn -0.4801 0.6347 -0.6056
vn -0.8044 0.4856 -0.3423
vn -0.7882 0.5129 -0.3401
vn -0.8974 0.3302 -0.2925
vn -0.5826 0.6641 -0.4685
vn -0.4384 0.6907 -0.5750
vn -0.1716 0.2187 -0.9606
vn -0.3328 0.8143 -0.4756
vn -0.9715 0.1777 -0.1571
vn -0.8634 0.4325 -0.2598
vn -0.6496 0.5383 -0.5368
vn -0.6632 0.5417 -0.5164
vn -0.4917 0.7142 -0.4981
vn -0.5070 0.7144 -0.4823
vn -0.3780 0.4706 -0.7972
vn -0.0523 0.5856 -0.8089
vn -0.4807 0.4918 -0.7260
vn -0.9575 0.2275 -0.1772
vn -0.4558 0.7603 -0.4629
vn -0.2291 0.2594 -0.9382
vn -0.1525 0.6873 -0.7101
vn -0.2488 0.7628 -0.5969
vn -0.2578 0.7839 -0.5648
vn -0.8212 0.4196 -0.3868
vn -0.0491 0.5981 -0.7999
vn -0.3368 0.8322 -0.4405
vn -0.5779 0.5434 -0.6090
vn -0.3441 0.8326 -0.4341
vn -0.2939 0.8097 -0.5080
vn -0.1154 0.6409 -0.7589
vn -0.7572 0.4942 -0.4271
vn -0.4382 0.7826 -0.4421
vn -0.8870 0.3515 -0.2994
vn -0.1717 0.7019 -0.6913
vn -0.8501 0.3973 -0.3456
vn -0.5267 0.6770 -0.5141
vn -0.3789 0.8258 -0.4177
vn -0.2357 0.7423 -0.6272
vn -0.4796 0.7226 -0.4979
vn -0.0047 0.5591 -0.8291
vn -0.2499 0.7793 -0.5747
vn -0.7976 0.4661 -0.3830
vn -0.2971 0.3536 -0.8869
vn -0.1710 0.2231 -0.9597
vn -0.1726 0.6838 -0.7090
vn -0.2469 0.7628 -0.5977
vn -0.5143 0.5213 -0.6810
vn -0.4420 0.5265 -0.7263
vn -0.1101 0.1733 -0.9787
vn -0.2786 0.3444 -0.8965
vn -0.0693 0.6293 -0.7741
vn -0.8540 0.3954 -0.3380
vn -0.6818 0.5549 -0.4767
vn -0.2216 0.7327 -0.6435
vn -0.3720 0.4360 -0.8195
vn -0.5576 0.5623 -0.6106
vn -0.3309 0.3951 -0.8570
vn -0.6044 0.5929 -0.5322
vn -0.6256 0.5648 -0.5382
vn -0.4354 0.5272 -0.7297
vn -0.1073 0.6683 -0.7361
vn -0.1098 0.6719 -0.7325
vn -0.6571 0.5729 -0.4899
vn -0.5261 0.5670 -0.6338
vn -0.7140 0.5409 -0.4445
vn -0.2427 0.2862 -0.9269
vn -0.7090 0.5399 -0.4537
vn -0.2549 0.7965 -0.5483
vn -0.2579 0.7985 -0.5439
vn -0.9783 0.1774 -0.1070
vn -0.4913 0.6869 -0.5356
vn -0.7557 0.5023 -0.4202
vn -0.1655 0.7320 -0.6609
vn -0.4040 0.7808 -0.4765
vn -0.4043 0.8008 -0.4418
vn -0.3848 0.8046 -0.4523
vn -0.3154 0.8450 -0.4319
vn -0.4077 0.4995 -0.7644
vn -0.3699 0.4953 -0.7860
vn -0.1967 0.2577 -0.9460
vn -0.2658 0.8217 -0.5042
vn -0.4347 0.7466 -0.5036
vn -0.4383 0.7465 -0.5007
vn -0.2307 0.3099 -0.9224
vn -0.0564 0.6517 -0.7564
vn -0.1609 0.7368 -0.6567
vn -0.1994 0.7783 -0.5953
vn -0.0119 0.6170 -0.7869
vn -0.8970 0.3643 -0.2503
vn -0.5494 0.6307 -0.5480
vn -0.2922 0.8339 -0.4682
vn -0.2946 0.8349 -0.4649
vn -0.7346 0.5375 -0.4140
vn -0.4650 0.7090 -0.5302
vn -0.2098 0.7872 -0.5799
vn -0.4087 0.5495 -0.7288
vn -0.3397 0.4162 -0.8435
vn -0.3732 0.5207 -0.7679
vn -0.4044 0.5219 -0.7510
vn -0.5086 0.5837 -0.6329
vn -0.6855 0.5651 -0.4592
vn -0.6649 0.5705 -0.4821
vn -0.3562 0.8403 -0.4087
vn -0.1090 0.7132 -0.6924
vn -0.1854 0.7660 -0.6155
vn -0.5251 0.6350 -0.5665
vn -0.6336 0.6007 -0.4876
vn -0.6242 0.5997 -0.5008
vn -0.4560 0.5715 -0.6823
vn -0.0731 0.6746 -0.7345
vn -0.1085 0.7140 -0.6917
vn -0.6038 0.6007 -0.5240
vn -0.1444 0.2442 -0.9589
vn -0.0984 0.1912 -0.9766
vn -0.8058 0.4722 -0.3574
vn -0.3061 0.3920 -0.8675
vn -0.2925 0.8417 -0.4538
vn -0.2550 0.8195 -0.5132
vn -0.9602 0.2416 -0.1402
vn -0.3542 0.8230 -0.4441
vn -0.2180 0.8174 -0.5332
vn -0.7027 0.5644 -0.4332
vn -0.4094 0.7718 -0.4865
vn -0.3920 0.7641 -0.5124
vn -0.3628 0.4953 -0.7893
vn -0.8772 0.3965 -0.2708
vn -0.0622 0.7004 -0.7111
vn -0.0218 0.6549 -0.7554
vn -0.0116 0.6493 -0.7605
vn -0.4343 0.7262 -0.5330
vn -0.4187 0.7220 -0.5508
vn -0.8518 0.4324 -0.2958
vn -0.8421 0.4385 -0.3140
vn -0.3086 0.8540 -0.4189
vn -0.4735 0.6685 -0.5735
vn -0.1097 0.7395 -0.6641
vn -0.2166 0.7963 -0.5649
vn -0.2659 0.8369 -0.4784
vn -0.1876 0.2979 -0.9360
vn -0.1826 0.7867 -0.5898
vn -0.1975 0.7932 -0.5760
vn -0.3940 0.5804 -0.7126
vn -0.4424 0.5803 -0.6837
vn -0.4385 0.5781 -0.6881
vn -0.1644 0.7728 -0.6129
vn -0.1604 0.7696 -0.6181
vn -0.6132 0.6130 -0.4983
vn -0.7481 0.5420 -0.3829
vn -0.1105 0.7387 -0.6649
vn -0.6514 0.6109 -0.4500
vn -0.2620 0.3505 -0.8992
vn -0.6752 0.6016 -0.4267
vn -0.2943 0.4050 -0.8657
vn -0.4630 0.6685 -0.5820
vn -0.5616 0.6374 -0.5276
vn -0.2171 0.3143 -0.9242
vn -0.7312 0.5547 -0.3971
vn -0.0533 0.7052 -0.7070
vn -0.2187 0.8312 -0.5112
vn -0.2275 0.8329 -0.5045
vn -0.7964 0.1252 -0.5917
vn -0.7660 0.1266 -0.6302
vn -0.3624 0.8126 -0.4564
vn -0.7745 0.1395 -0.6171
vn -0.3824 0.8208 -0.4244
vn -0.5426 0.6137 -0.5736
vn -0.3851 0.7759 -0.4997
vn -0.6371 0.6219 -0.4553
vn -0.3516 0.4959 -0.7940
vn -0.3329 0.4558 -0.8255
vn -0.3425 0.4625 -0.8178
vn -0.3782 0.5462 -0.7474
vn -0.3664 0.5442 -0.7547
vn -0.2093 0.8139 -0.5420
vn -0.1432 0.2691 -0.9524
vn -0.1434 0.8016 -0.5804
vn -0.4885 0.6322 -0.6014
vn -0.8296 0.1400 -0.5406
vn -0.6123 0.6327 -0.4742
vn -0.9344 0.3100 -0.1754
vn -0.6555 0.1217 -0.7453
vn -0.3749 0.7424 -0.5552
vn -0.3922 0.7485 -0.5347
vn -0.6903 0.1503 -0.7078
vn -0.2488 0.8473 -0.4692
vn -0.0513 0.1758 -0.9831
vn -0.8007 0.1503 -0.5799
vn -0.1557 0.8088 -0.5671
vn -0.0233 0.6998 -0.7139
vn -0.8248 0.1481 -0.5457
vn -0.0797 0.7506 -0.6559
vn -0.7100 0.5804 -0.3987
vn -0.1017 0.2221 -0.9697
vn -0.5168 0.6374 -0.5715
vn -0.2492 0.3795 -0.8910
vn -0.8984 0.3785 -0.2227
vn -0.5920 0.1627 -0.7894
vn -0.4159 0.6904 -0.5919
vn -0.4236 0.6907 -0.5861
vn -0.2699 0.8584 -0.4363
vn -0.6601 0.6134 -0.4337
vn -0.4245 0.6257 -0.6544
vn -0.5710 0.6335 -0.5221
vn -0.7402 0.1588 -0.6534
vn -0.9207 0.3349 -0.2006
vn -0.8472 0.1602 -0.5065
vn -0.6163 0.6421 -0.4559
vn -0.0144 0.7039 -0.7102
vn -0.3682 0.5336 -0.7614
vn -0.3499 0.5196 -0.7795
vn -0.6252 0.1769 -0.7602
vn -0.7246 0.1518 -0.6723
vn -0.3388 0.8484 -0.4067
vn -0.3194 0.8521 -0.4146
vn -0.3342 0.8370 -0.4334
vn -0.1141 0.7898 -0.6027
vn -0.0969 0.7823 -0.6153
vn -0.7648 0.1862 -0.6168
vn -0.2842 0.8632 -0.4172
vn -0.0474 0.7401 -0.6708
vn -0.5790 0.6475 -0.4954
vn -0.1610 0.3029 -0.9393
vn -0.1670 0.3047 -0.9377
vn -0.4845 0.6320 -0.6049
vn -0.7933 0.1900 -0.5784
vn -0.8469 0.1648 -0.5056
vn -0.8981 0.3790 -0.2232
vn -0.3985 0.5905 -0.7018
vn -0.1840 0.8308 -0.5253
vn -0.1721 0.8263 -0.5363
vn -0.6588 0.1892 -0.7281
vn -0.3533 0.7979 -0.4884
vn -0.3446 0.7963 -0.4971
vn -0.7558 0.5457 -0.3618
vn -0.2279 0.8458 -0.4823
vn -0.6400 0.1973 -0.7426
vn -0.6420 0.6286 -0.4390
vn -0.6801 0.6045 -0.4147
vn -0.0458 0.1815 -0.9823
vn -0.1497 0.8089 -0.5686
vn -0.8111 0.1884 -0.5537
vn -0.0042 0.1612 -0.9869
vn -0.2701 0.8617 -0.4296
vn -0.0287 0.7470 -0.6643
vn -0.7736 0.2063 -0.5991
vn -0.2034 0.3631 -0.9093
vn -0.7380 0.2032 -0.6435
vn -0.7363 0.2016 -0.6459
vn -0.1905 0.8440 -0.5014
vn -0.8966 0.1478 -0.4175
vn -0.8692 0.1719 -0.4637
vn -0.2745 0.4084 -0.8706
vn -0.4091 0.6661 -0.6236
vn -0.1123 0.8058 -0.5815
vn -0.8665 0.4295 -0.2543
vn -0.8322 0.1937 -0.5195
vn -0.2485 0.8553 -0.4547
vn -0.4331 0.6407 -0.6340
vn -0.3701 0.7105 -0.5985
vn -0.0104 0.7352 -0.6778
vn -0.2129 0.8542 -0.4744
vn -0.5062 0.6654 -0.5486
vn -0.3360 0.8343 -0.4372
vn -0.7813 0.2048 -0.5896
vn -0.3211 0.8252 -0.4646
vn -0.5366 0.2001 -0.8198
vn -0.0697 0.7907 -0.6082
vn -0.0739 0.7923 -0.6057
vn -0.3742 0.7109 -0.5955
vn -0.3003 0.8597 -0.4132
vn -0.3175 0.8571 -0.4056
vn -0.8335 0.4718 -0.2876
vn -0.8140 0.1995 -0.5455
vn -0.8380 0.4671 -0.2820
vn -0.5959 0.2159 -0.7735
vn -0.0809 0.2434 -0.9665
vn -0.5539 0.2062 -0.8066
vn -0.0213 0.7669 -0.6414
vn -0.1019 0.2875 -0.9523
vn -0.7023 0.2270 -0.6747
vn -0.5364 0.6680 -0.5158
vn -0.1566 0.8302 -0.5350
vn -0.4876 0.2185 -0.8453
vn -0.5244 0.6873 -0.5026
vn -0.0347 0.2172 -0.9755
vn -0.0364 0.2199 -0.9749
vn -0.1165 0.8344 -0.5388
vn -0.4215 0.6388 -0.6437
vn -0.3439 0.7722 -0.5343
vn -0.3326 0.7686 -0.5464
vn -0.0068 0.7745 -0.6325
vn 0.0007 0.2194 -0.9756
vn -0.2332 0.3845 -0.8932
vn -0.6669 0.2393 -0.7057
vn -0.6494 0.2374 -0.7225
vn -0.1722 0.8393 -0.5157
vn -0.3057 0.4692 -0.8285
vn -0.3074 0.4702 -0.8273
vn -0.5200 0.2185 -0.8257
vn -0.2585 0.4362 -0.8619
vn -0.0609 0.7921 -0.6074
vn -0.2136 0.8641 -0.4557
vn -0.2268 0.8651 -0.4474
vn -0.3586 0.5560 -0.7498
vn -0.9142 0.1536 -0.3751
vn -0.3186 0.7338 -0.6000
vn -0.8638 0.1938 -0.4650
vn -0.8374 0.1993 -0.5089
vn -0.6022 0.2541 -0.7569
vn -0.5610 0.6858 -0.4636
vn -0.5475 0.6778 -0.4908
vn -0.5539 0.2479 -0.7948
vn -0.7436 0.2523 -0.6192
vn -0.1788 0.3698 -0.9117
vn -0.1903 0.8520 -0.4878
vn -0.0907 0.8292 -0.5516
vn -0.3378 0.5182 -0.7857
vn -0.8756 0.1783 -0.4489
vn -0.5467 0.2540 -0.7979
vn -0.6959 0.6091 -0.3805
vn -0.3851 0.6602 -0.6448
vn -0.0001 0.8020 -0.5974
vn -0.0792 0.2682 -0.9601
vn -0.3304 0.7337 -0.5938
vn -0.2848 0.8659 -0.4113
vn -0.7996 0.2536 -0.5444
vn -0.3674 0.6057 -0.7058
vn -0.3586 0.5967 -0.7179
vn -0.3754 0.6242 -0.6851
vn -0.0300 0.8123 -0.5824
vn -0.2507 0.8708 -0.4230
vn -0.4902 0.2245 -0.8422
vn -0.9007 0.1686 -0.4003
vn -0.3064 0.8124 -0.4961
vn -0.3210 0.8219 -0.4705
vn -0.0668 0.8269 -0.5584
vn -0.6038 0.6684 -0.4343
vn -0.6921 0.2623 -0.6725
vn -0.1271 0.8391 -0.5289
vn -0.0943 0.8362 -0.5402
vn -0.7766 0.2598 -0.5739
vn -0.7901 0.5236 -0.3187
vn -0.7883 0.5250 -0.3208
vn -0.2988 0.7937 -0.5299
vn -0.3192 0.8370 -0.4446
vn -0.1195 0.3322 -0.9356
vn -0.7356 0.2539 -0.6280
vn -0.5089 0.2633 -0.8195
vn -0.2317 0.8712 -0.4327
vn -0.1792 0.3694 -0.9118
vn -0.3598 0.6627 -0.6568
vn -0.7943 0.2626 -0.5478
vn -0.9078 0.3471 -0.2354
vn -0.8309 0.2293 -0.5069
vn -0.8333 0.2315 -0.5020
vn -0.2180 0.4231 -0.8795
vn -0.1443 0.8536 -0.5005
vn -0.2761 0.8701 -0.4083
vn -0.4404 0.2356 -0.8663
vn -0.5504 0.6935 -0.4649
vn -0.5778 0.6905 -0.4351
vn -0.5401 0.2498 -0.8037
vn -0.3055 0.7957 -0.5230
vn -0.6182 0.6619 -0.4240
vn -0.0801 0.8448 -0.5291
vn -0.4767 0.6956 -0.5375
vn -0.4070 0.6765 -0.6138
vn -0.0174 0.8131 -0.5818
vn -0.3122 0.7482 -0.5854
vn -0.1714 0.8616 -0.4777
vn -0.0541 0.8304 -0.5546
vn -0.6691 0.2908 -0.6839
vn -0.5800 0.6917 -0.4304
vn -0.3430 0.6957 -0.6311
vn -0.6592 0.6374 -0.3990
vn -0.1213 0.8533 -0.5071
vn -0.4760 0.2674 -0.8378
vn -0.3083 0.6925 -0.6523
vn -0.8711 0.4073 -0.2745
vn -0.8766 0.4032 -0.2625
vn -0.5034 0.7055 -0.4988
vn -0.3030 0.7837 -0.5423
vn -0.4418 0.2407 -0.8642
vn -0.8888 0.2002 -0.4123
vn -0.3418 0.5886 -0.7326
vn -0.1978 0.8693 -0.4530
vn -0.5712 0.2878 -0.7687
vn -0.5826 0.2859 -0.7608
vn -0.1087 0.3296 -0.9379
vn -0.9173 0.1747 -0.3579
vn -0.8602 0.2137 -0.4631
vn -0.8720 0.2198 -0.4374
vn -0.3009 0.8495 -0.4335
vn -0.2927 0.8493 -0.4394
vn -0.6100 0.2789 -0.7417
vn -0.6321 0.2780 -0.7233
vn -0.3709 0.6443 -0.6689
vn -0.3776 0.6519 -0.6576
vn -0.9304 0.1564 -0.3316
vn -0.5141 0.2705 -0.8140
vn -0.0534 0.2873 -0.9564
vn -0.1198 0.8538 -0.5065
vn -0.7899 0.2851 -0.5429
vn -0.3053 0.5097 -0.8044
vn -0.2791 0.4695 -0.8376
vn -0.4800 0.7119 -0.5127
vn -0.3111 0.5212 -0.7947
vn -0.7058 0.2912 -0.6458
vn -0.7188 0.2822 -0.6353
vn -0.6634 0.2929 -0.6886
vn -0.2433 0.4408 -0.8640
vn -0.1463 0.3770 -0.9146
vn 0.0005 0.8416 -0.5401
vn -0.4135 0.6939 -0.5895
vn -0.4387 0.2556 -0.8615
vn -0.0340 0.2764 -0.9604
vn -0.2720 0.7576 -0.5934
vn -0.2944 0.7676 -0.5693
vn -0.3437 0.5554 -0.7572
vn -0.3337 0.5480 -0.7670
vn -0.2872 0.7194 -0.6324
vn -0.9145 0.1835 -0.3606
vn -0.8291 0.4683 -0.3055
vn -0.1541 0.8620 -0.4829
vn -0.7445 0.5691 -0.3491
vn -0.7391 0.5727 -0.3546
vn -0.5359 0.6976 -0.4756
vn -0.4680 0.2755 -0.8397
vn -0.3833 0.2258 -0.8956
vn -0.3612 0.6182 -0.6981
vn -0.7401 0.3011 -0.6013
vn -0.7539 0.3037 -0.5826
vn -0.3424 0.6005 -0.7226
vn -0.1803 0.8699 -0.4590
vn -0.0371 0.8475 -0.5295
vn -0.2178 0.8787 -0.4248
vn -0.8180 0.2827 -0.5009
vn -0.4949 0.3104 -0.8116
vn -0.9450 0.1527 -0.2893
vn -0.5233 0.7192 -0.4570
vn -0.5377 0.7216 -0.4361
vn -0.0806 0.8563 -0.5101
vn -0.8884 0.2218 -0.4020
vn -0.0326 0.8489 -0.5275
vn -0.2986 0.7049 -0.6434
vn -0.3889 0.2421 -0.8889
vn -0.2833 0.8319 -0.4772
vn -0.8464 0.4345 -0.3080
vn -0.6876 0.3227 -0.6504
vn -0.4534 0.7118 -0.5364
vn -0.4380 0.7100 -0.5514
vn -0.3045 0.5414 -0.7837
vn -0.2518 0.8755 -0.4124
vn -0.1888 0.4262 -0.8847
vn -0.1967 0.4292 -0.8815
vn -0.2820 0.8186 -0.5004
vn -0.0550 0.3168 -0.9469
vn -0.2789 0.7431 -0.6082
vn -0.6177 0.6672 -0.4164
vn -0.7643 0.3281 -0.5551
vn -0.1090 0.8661 -0.4878
vn -0.7283 0.3220 -0.6049
vn -0.6307 0.3336 -0.7006
vn -0.6250 0.3347 -0.7052
vn -0.8361 0.2640 -0.4808
vn -0.8545 0.2561 -0.4520
vn -0.0747 0.8593 -0.5060
vn -0.8873 0.2216 -0.4044
vn -0.2752 0.8626 -0.4245
vn -0.2611 0.8588 -0.4408
vn -0.4538 0.3104 -0.8353
vn -0.6989 0.6074 -0.3776
vn -0.5818 0.3259 -0.7452
vn -0.5736 0.3262 -0.7513
vn -0.6800 0.3443 -0.6473
vn -0.1341 0.8719 -0.4709
vn -0.7986 0.3075 -0.5174
vn -0.0849 0.3400 -0.9366
vn -0.5569 0.7030 -0.4422
vn -0.0290 0.8534 -0.5205
vn -0.3439 0.6525 -0.6753
vn -0.2488 0.7241 -0.6433
vn -0.2717 0.7922 -0.5465
vn -0.1639 0.8779 -0.4500
vn -0.1310 0.4064 -0.9043
vn -0.9364 0.1668 -0.3087
vn -0.4492 0.7418 -0.4979
vn -0.5242 0.3232 -0.7879
vn -0.5360 0.3253 -0.7790
vn -0.1284 0.8724 -0.4715
vn -0.5715 0.7060 -0.4183
vn -0.5554 0.7091 -0.4344
vn -0.2894 0.8200 -0.4938
vn -0.9089 0.2131 -0.3584
vn -0.1966 0.8823 -0.4278
vn -0.1999 0.8825 -0.4256
vn -0.3880 0.7193 -0.5762
vn -0.2351 0.4903 -0.8393
vn -0.2453 0.4939 -0.8342
vn -0.0170 0.8566 -0.5157
vn -0.4898 0.7370 -0.4657
vn -0.0540 0.8614 -0.5051
vn -0.3873 0.2680 -0.8821
vn -0.4895 0.7371 -0.4659
vn -0.4112 0.2897 -0.8643
vn -0.3624 0.6817 -0.6356
vn -0.3751 0.6966 -0.6116
vn -0.2517 0.7197 -0.6471
vn -0.1601 0.8783 -0.4506
vn -0.8590 0.2659 -0.4375
vn -0.8700 0.2595 -0.4193
vn -0.8012 0.4925 -0.3400
vn -0.8086 0.3078 -0.5015
vn -0.8383 0.2946 -0.4588
vn -0.2406 0.7574 -0.6070
vn -0.7910 0.3282 -0.5163
vn -0.4760 0.3244 -0.8174
vn -0.2705 0.7975 -0.5393
vn -0.2553 0.7788 -0.5729
vn -0.2510 0.8759 -0.4121
vn -0.7462 0.3507 -0.5659
vn -0.7292 0.3482 -0.5891
vn -0.5802 0.6963 -0.4226
vn -0.6673 0.3623 -0.6508
vn -0.2637 0.8541 -0.4483
vn -0.0862 0.8681 -0.4889
vn -0.6997 0.3616 -0.6162
vn -0.2550 0.8373 -0.4835
vn -0.3358 0.5876 -0.7362
vn -0.5902 0.3652 -0.7199
vn -0.3948 0.2852 -0.8734
vn -0.5405 0.3618 -0.7596
vn -0.0170 0.3387 -0.9407
vn -0.7990 0.3388 -0.4968
vn -0.1556 0.4366 -0.8861
vn -0.3045 0.5682 -0.7645
vn -0.3096 0.5702 -0.7609
vn -0.1885 0.8833 -0.4293
vn -0.4911 0.7451 -0.4513
vn -0.3147 0.2161 -0.9243
vn -0.2415 0.7453 -0.6214
vn -0.2499 0.8373 -0.4863
vn -0.2223 0.7169 -0.6608
vn -0.7132 0.5852 -0.3859
vn -0.3357 0.6670 -0.6652
vn -0.3464 0.6775 -0.6489
vn -0.6578 0.6386 -0.3993
vn -0.9500 0.1646 -0.2654
vn -0.8430 0.2962 -0.4490
vn -0.6374 0.3707 -0.6754
vn -0.2543 0.7704 -0.5846
vn -0.2313 0.8815 -0.4117
vn -0.2186 0.8827 -0.4160
vn -0.5810 0.3802 -0.7197
vn -0.9630 0.1377 -0.2316
vn -0.3229 0.6315 -0.7050
vn -0.1926 0.4912 -0.8495
vn -0.6920 0.3862 -0.6099
vn -0.7662 0.3623 -0.5308
vn -0.5056 0.7495 -0.4274
vn -0.4398 0.3226 -0.8382
vn -0.2339 0.8713 -0.4314
vn -0.4539 0.7592 -0.4665
vn -0.2540 0.8009 -0.5423
vn -0.0096 0.8625 -0.5060
vn -0.8918 0.2471 -0.3790
vn -0.0423 0.8677 -0.4953
vn -0.8890 0.2482 -0.3849
vn -0.1132 0.8803 -0.4607
vn -0.0682 0.3872 -0.9194
vn -0.4331 0.7534 -0.4948
vn -0.4228 0.7524 -0.5051
vn -0.7962 0.4944 -0.3487
vn -0.0757 0.8744 -0.4793
vn -0.5795 0.6878 -0.4371
vn -0.5210 0.3583 -0.7747
vn -0.4812 0.3500 -0.8037
vn -0.3919 0.7401 -0.5466
vn -0.2385 0.8177 -0.5240
vn -0.1446 0.8856 -0.4413
vn -0.7471 0.5458 -0.3793
vn -0.7507 0.5440 -0.3749
vn -0.5365 0.3615 -0.7626
vn -0.8297 0.3259 -0.4533
vn -0.1449 0.4647 -0.8735
vn -0.3647 0.7171 -0.5939
vn -0.2570 0.5252 -0.8112
vn -0.2109 0.4973 -0.8415
vn -0.1336 0.8866 -0.4428
vn -0.9210 0.2130 -0.3263
vn -0.7562 0.3820 -0.5313
vn -0.7433 0.3926 -0.5416
vn -0.5329 0.7340 -0.4209
vn -0.0840 0.8820 -0.4638
vn -0.2255 0.8511 -0.4741
vn -0.0190 0.8675 -0.4971
vn -0.0475 0.8730 -0.4854
vn -0.4633 0.7572 -0.4605
vn -0.3940 0.7668 -0.5067
vn -0.8183 0.3399 -0.4634
vn -0.1666 0.4972 -0.8515
vn -0.1619 0.8894 -0.4276
vn -0.3122 0.6115 -0.7271
vn -0.2038 0.8883 -0.4116
vn -0.1934 0.8882 -0.4168
vn -0.2355 0.8652 -0.4427
vn -0.2244 0.8627 -0.4533
vn -0.4718 0.7707 -0.4283
vn -0.4147 0.3193 -0.8521
vn -0.3888 0.7452 -0.5417
vn -0.2380 0.7946 -0.5586
vn -0.2257 0.7837 -0.5786
vn -0.6171 0.4185 -0.6663
vn -0.0957 0.4154 -0.9046
vn -0.4586 0.3737 -0.8063
vn -0.2163 0.7267 -0.6520
vn -0.3328 0.2530 -0.9084
vn -0.0349 0.3950 -0.9180
vn -0.2160 0.7574 -0.6162
vn -0.6999 0.4014 -0.5908
vn -0.4670 0.7707 -0.4336
vn -0.6536 0.4106 -0.6358
vn -0.0883 0.8799 -0.4670
vn -0.4590 0.3748 -0.8055
vn -0.6562 0.6289 -0.4170
vn -0.6397 0.6336 -0.4352
vn -0.3127 0.6116 -0.7267
vn -0.2237 0.7617 -0.6081
vn -0.2786 0.5917 -0.7565
vn -0.6984 0.5879 -0.4082
vn -0.5433 0.4056 -0.7351
vn -0.0327 0.8778 -0.4780
vn -0.2496 0.5516 -0.7959
vn -0.2519 0.5542 -0.7934
vn -0.8080 0.4591 -0.3692
vn -0.2122 0.8484 -0.4849
vn -0.7776 0.3917 -0.4918
vn -0.2175 0.8215 -0.5271
vn -0.8000 0.3754 -0.4681
vn -0.9193 0.2269 -0.3215
vn -0.2161 0.8687 -0.4457
vn -0.0373 0.3922 -0.9191
vn -0.4509 0.7774 -0.4385
vn -0.2834 0.2395 -0.9286
vn -0.3825 0.7787 -0.4973
vn -0.0108 0.8751 -0.4839
vn -0.3303 0.2670 -0.9053
vn -0.0572 0.8846 -0.4627
vn -0.3384 0.6969 -0.6323
vn -0.2071 0.7246 -0.6573
vn -0.2081 0.8357 -0.5082
vn -0.4682 0.7722 -0.4296
vn -0.5999 0.6755 -0.4288
vn -0.2651 0.2235 -0.9380
vn -0.7827 0.4950 -0.3774
vn -0.6508 0.4145 -0.6361
vn -0.1965 0.8777 -0.4370
vn -0.5343 0.4181 -0.7346
vn -0.1240 0.8914 -0.4360
vn -0.0821 0.4520 -0.8882
vn -0.4252 0.3715 -0.8253
vn -0.6048 0.4306 -0.6700
vn -0.3198 0.6736 -0.6663
vn -0.3111 0.6541 -0.6895
vn -0.3706 0.3212 -0.8715
vn -0.2849 0.2474 -0.9261
vn -0.5045 0.7496 -0.4284
vn -0.1511 0.5179 -0.8420
vn -0.4861 0.4033 -0.7753
vn -0.4960 0.4051 -0.7680
vn -0.4289 0.7935 -0.4317
vn -0.7513 0.5169 -0.4103
vn -0.3972 0.3471 -0.8496
vn -0.3404 0.7456 -0.5729
vn -0.0367 0.8830 -0.4680
vn -0.9400 0.2047 -0.2730
vn -0.1577 0.8960 -0.4151
vn -0.1841 0.7516 -0.6334
vn -0.2065 0.5619 -0.8010
vn -0.1915 0.7847 -0.5896
vn -0.4230 0.7843 -0.4539
vn -0.7563 0.3978 -0.5194
vn -0.4046 0.7861 -0.4673
vn -0.1948 0.8038 -0.5622
vn -0.2076 0.8164 -0.5389
vn 0.0033 0.4069 -0.9135
vn -0.0895 0.8935 -0.4400
vn -0.3109 0.6331 -0.7089
vn -0.1896 0.8840 -0.4273
vn -0.1717 0.8805 -0.4419
vn -0.7782 0.3962 -0.4873
vn -0.1939 0.8543 -0.4822
vn -0.8866 0.2784 -0.3695
vn -0.6409 0.4424 -0.6273
vn -0.7079 0.4459 -0.5478
vn -0.9026 0.2643 -0.3398
vn -0.9327 0.2224 -0.2840
vn -0.3454 0.2869 -0.8935
vn -0.0889 0.8937 -0.4397
vn -0.1043 0.4744 -0.8741
vn -0.1926 0.7612 -0.6192
vn -0.1550 0.8960 -0.4161
vn -0.1947 0.7864 -0.5862
vn -0.5453 0.7109 -0.4441
vn -0.5367 0.4171 -0.7335
vn -0.1394 0.8985 -0.4163
vn -0.1354 0.8981 -0.4184
vn -0.1853 0.8628 -0.4704
vn -0.2572 0.5990 -0.7583
vn -0.9726 0.1482 -0.1789
vn -0.1713 0.8453 -0.5062
vn -0.2445 0.5913 -0.7685
vn -0.5976 0.4335 -0.6745
vn -0.4400 0.4130 -0.7974
vn -0.0205 0.8887 -0.4580
vn -0.7194 0.5481 -0.4267
vn -0.7290 0.4501 -0.5158
vn -0.1962 0.5706 -0.7974
vn -0.8703 0.3120 -0.3811
vn -0.3017 0.6926 -0.6552
vn -0.3077 0.6973 -0.6474
vn -0.0574 0.8948 -0.4427
vn -0.8250 0.3697 -0.4275
vn -0.6609 0.6073 -0.4409
vn -0.2962 0.6521 -0.6978
vn -0.7578 0.4384 -0.4833
vn -0.0516 0.4590 -0.8869
vn -0.0429 0.4513 -0.8913
vn -0.0630 0.8939 -0.4438
vn -0.2849 0.6400 -0.7136
vn -0.2637 0.6358 -0.7254
vn -0.3181 0.7235 -0.6127
vn -0.5561 0.7066 -0.4376
vn -0.4923 0.4205 -0.7621
vn -0.1627 0.8097 -0.5638
vn -0.0141 0.8886 -0.4584
vn -0.9625 0.1718 -0.2101
vn -0.1615 0.8647 -0.4756
vn -0.3475 0.3174 -0.8823
vn -0.3397 0.7649 -0.5474
vn -0.3353 0.7610 -0.5554
vn -0.1589 0.8257 -0.5413
vn -0.1724 0.8405 -0.5137
vn -0.7201 0.5472 -0.4266
vn -0.0341 0.8935 -0.4477
vn -0.9287 0.2418 -0.2812
vn -0.5943 0.6767 -0.4346
vn -0.0988 0.9008 -0.4228
vn -0.3147 0.2736 -0.9089
vn -0.1582 0.8070 -0.5690
vn -0.3879 0.7987 -0.4601
vn -0.6500 0.6082 -0.4555
vn -0.6233 0.4651 -0.6286
vn -0.1712 0.5759 -0.7994
vn -0.1425 0.8894 -0.4343
vn -0.8106 0.3916 -0.4355
vn -0.5354 0.4558 -0.7110
vn -0.2138 0.2000 -0.9562
vn -0.1617 0.7853 -0.5976
vn -0.1512 0.7751 -0.6135
vn -0.2900 0.6750 -0.6784
vn -0.2367 0.2298 -0.9440
vn -0.4401 0.4414 -0.7820
vn -0.8642 0.3310 -0.3789
vn -0.5823 0.6470 -0.4922
vn -0.4098 0.3938 -0.8228
vn -0.4043 0.3911 -0.8268
vn -0.1235 0.9047 -0.4077
vn -0.9591 0.1829 -0.2160
vn -0.0898 0.9052 -0.4155
vn -0.0508 0.9020 -0.4287
vn -0.2782 0.6551 -0.7024
vn -0.0403 0.4885 -0.8717
vn -0.3386 0.3293 -0.8814
vn -0.4771 0.7693 -0.4248
vn -0.3713 0.3565 -0.8573
vn -0.3822 0.3653 -0.8488
vn -0.1383 0.8421 -0.5213
vn -0.1530 0.8707 -0.4674
vn -0.5769 0.4545 -0.6787
vn -0.1071 0.5286 -0.8421
vn -0.0963 0.5205 -0.8484
vn -0.4181 0.7974 -0.4352
vn -0.7135 0.4600 -0.5285
vn -0.5049 0.7373 -0.4489
vn -0.6184 0.4759 -0.6253
vn -0.3806 0.7984 -0.4666
vn -0.9736 0.1604 -0.1624
vn -0.8944 0.3003 -0.3316
vn -0.1672 0.5791 -0.7979
vn -0.0216 0.9015 -0.4323
vn -0.1426 0.8893 -0.4345
vn -0.0100 0.4500 -0.8930
vn -0.2197 0.6093 -0.7619
vn -0.6239 0.6474 -0.4377
vn -0.0618 0.9061 -0.4186
vn -0.6529 0.4952 -0.5731
vn -0.4451 0.7920 -0.4180
vn -0.1113 0.8747 -0.4717
vn -0.2700 0.6972 -0.6640
vn -0.1247 0.8319 -0.5408
vn -0.2794 0.7190 -0.6364
vn -0.0998 0.9098 -0.4029
vn -0.0822 0.9083 -0.4101
vn -0.4730 0.4641 -0.7489
vn -0.9045 0.2943 -0.3088
vn -0.0133 0.9025 -0.4304
vn -0.1185 0.8593 -0.4975
vn -0.9547 0.2020 -0.2183
vn -0.2457 0.6507 -0.7185
vn -0.2498 0.6523 -0.7156
vn -0.6508 0.5849 -0.4841
vn -0.2952 0.7336 -0.6121
vn -0.3053 0.7433 -0.5952
vn -0.3024 0.3010 -0.9044
vn -0.0921 0.8909 -0.4448
vn -0.1158 0.8964 -0.4278
vn -0.5956 0.6437 -0.4805
vn -0.0538 0.9096 -0.4120
vn -0.4460 0.4423 -0.7781
vn -0.1243 0.7992 -0.5881
vn -0.4724 0.7714 -0.4264
vn -0.3245 0.7701 0.5492
vn -0.3152 0.8830 0.3477
vn -0.2304 0.8203 0.5234
vn -0.3117 0.8711 0.3795
vn -0.3104 0.8821 0.3543
vn -0.2848 0.8111 0.5109
vn -0.2853 0.8024 0.5242
vn -0.1886 0.8308 0.5237
vn -0.1108 0.9240 0.3661
vn -0.1010 0.9058 0.4115
vn -0.0726 0.8979 0.4342
vn -0.1543 0.9064 0.3933
vn -0.1463 0.9236 0.3544
vn -0.6306 0.4822 0.6081
vn -0.6840 0.5104 0.5212
vn -0.6542 0.4826 0.5823
vn -0.1380 0.8429 0.5201
vn -0.1385 0.8398 0.5250
vn -0.6935 0.5316 0.4863
vn -0.6660 0.5319 0.5230
vn -0.6299 0.4914 0.6014
vn -0.0363 0.7795 0.6254
vn -0.2419 0.8002 0.5488
vn -0.9084 0.0933 0.4077
vn -0.2096 0.8063 0.5532
vn -0.8574 0.1312 0.4977
vn -0.8550 0.1797 0.4864
vn -0.1726 0.8184 0.5481
vn -0.8347 0.2172 0.5060
vn -0.8409 0.2219 0.4936
vn -0.0965 0.9568 0.2742
vn -0.8108 0.2527 0.5279
vn -0.0590 0.9514 0.3022
vn -0.0554 0.9352 0.3496
vn -0.8325 0.2716 0.4828
vn -0.9116 0.0018 0.4111
vn -0.8740 -0.0024 0.4859
vn -0.6982 0.4157 0.5828
vn -0.7666 0.2926 0.5716
vn -0.7956 0.2978 0.5275
vn -0.1155 0.0622 0.9914
vn -0.9226 0.0381 0.3838
vn -0.9346 0.0434 0.3530
vn -0.8427 0.3622 0.3984
vn -0.8508 0.0426 0.5237
vn -0.8494 0.0421 0.5261
vn -0.8394 0.4039 0.3638
vn -0.9334 0.0726 0.3514
vn -0.8206 0.4072 0.4010
vn -0.7929 0.5010 0.3469
vn -0.8706 0.0885 0.4840
vn -0.9334 0.1230 0.3371
vn -0.8277 0.1019 0.5519
vn -0.7591 0.5101 0.4044
vn -0.9091 0.1389 0.3927
vn -0.7259 0.4838 0.4888
vn -0.7312 0.4902 0.4744
vn -0.8266 0.1523 0.5417
vn -0.7651 0.5485 0.3372
vn -0.9189 0.1908 0.3454
vn -0.9112 0.1851 0.3679
vn -0.7341 0.5711 0.3672
vn -0.9032 0.2410 0.3553
vn -0.9006 0.2381 0.3635
vn -0.8832 0.2866 0.3714
vn -0.8849 0.2887 0.3655
vn -0.8649 0.3389 0.3704
vn -0.8625 0.3342 0.3799
vn -0.8562 0.3558 0.3746
vn -0.2019 0.9068 0.3702
vn -0.7639 0.3433 0.5464
vn -0.7416 0.3204 0.5894
vn -0.0799 0.7902 0.6076
vn -0.7607 0.3687 0.5342
vn -0.8101 0.4516 0.3738
vn -0.8097 0.4507 0.3759
vn -0.7200 0.3722 0.5858
vn -0.0396 0.8525 0.5212
vn -0.7228 0.3980 0.5650
vn -0.0237 0.9086 0.4170
vn -0.0250 0.8704 0.4918
vn -0.6537 0.4811 0.5841
vn -0.8305 0.1928 0.5226
vn -0.6935 0.4021 0.5979
vn -0.7024 0.6009 0.3814
vn -0.7032 0.6035 0.3759
vn -0.6893 0.4522 0.5661
vn -0.6489 0.5644 0.5103
vn -0.6421 0.5492 0.5349
vn -0.6618 0.4435 0.6044
vn -0.7334 0.5636 0.3801
vn -0.6729 0.6431 0.3655
vn -0.6725 0.6414 0.3692
vn -0.6074 0.5907 0.5312
vn -0.6020 0.5753 0.5537
vn -0.2490 0.8844 0.3947
vn -0.2464 0.8911 0.3810
vn -0.6341 0.6717 0.3830
vn -0.6345 0.6842 0.3595
vn -0.5822 0.6089 0.5388
vn -0.2050 0.9006 0.3833
vn -0.5362 0.5924 0.6013
vn -0.5961 0.7080 0.3787
vn -0.5960 0.6997 0.3939
vn -0.1076 0.8540 0.5090
vn -0.5345 0.6350 0.5578
vn -0.5746 0.7321 0.3658
vn -0.0852 0.8281 0.5541
vn -0.5000 0.6303 0.5940
vn -0.0653 0.8676 0.4929
vn -0.5511 0.7348 0.3955
vn -0.4950 0.6754 0.5467
vn -0.4953 0.6766 0.5449
vn -0.5424 0.7703 0.3353
vn -0.4874 0.7902 0.3715
vn -0.4882 0.7782 0.3951
vn -0.4502 0.7068 0.5457
vn -0.4506 0.7096 0.5418
vn -0.7452 0.4627 0.4802
vn -0.7889 0.4759 0.3889
vn -0.4378 0.8211 0.3661
vn -0.3903 0.7146 0.5805
vn -0.4319 0.8183 0.3793
vn -0.3846 0.7470 0.5422
vn -0.3857 0.7514 0.5353
vn -0.3774 0.8539 0.3583
vn -0.3783 0.8413 0.3861
vn -0.3537 0.7953 0.4924
vn -0.0000 -0.0000 -1.0000
vn -0.0001 -0.0001 -1.0000
vn -0.0000 -0.0001 -1.0000
vn 0.0001 -0.0001 -1.0000
vn -0.0001 0.0001 -1.0000
vn -0.0007 -0.0018 -1.0000
vn 0.0004 0.0015 -1.0000
vn -0.0002 -0.0002 -1.0000
vn 0.0002 0.0002 -1.0000
vn -0.0003 0.0011 -1.0000
vn 0.0004 -0.0012 -1.0000
vn -0.0002 -0.0000 -1.0000
vn 0.0007 -0.0001 -1.0000
vn -0.0000 0.0001 -1.0000
vn -0.0012 0.0020 -1.0000
vn -0.0003 0.0014 -1.0000
vn 0.0003 0.0001 -1.0000
vn -0.1002 0.9904 -0.0955
vn -0.6900 0.7236 -0.0200
vn 0.0355 0.9993 -0.0101
vn 0.7272 -0.6775 0.1104
vn 0.1195 -0.9913 -0.0557
vn -0.0352 -0.9993 0.0101
vn -0.0355 -0.9993 0.0100
vn 0.4311 -0.0015 -0.9023
vn 0.3003 0.0016 0.9538
vn 0.4833 0.0026 -0.8755
vn 0.2406 -0.0044 0.9706
vn 0.5135 -0.0040 -0.8581
vn 0.2612 -0.0002 0.9653
vn 0.5236 -0.0011 -0.8520
vn 0.2281 -0.0012 0.9736
vn 0.1901 0.0022 0.9818
vn 0.5524 0.0024 -0.8336
vn 0.5741 0.0011 -0.8188
vn 0.1512 -0.0007 0.9885
vn 0.5938 -0.0028 -0.8046
vn 0.1530 -0.0012 0.9882
vn 0.6064 0.0003 -0.7952
vn 0.1140 0.0009 0.9935
vn 0.6431 -0.0005 -0.7658
vn 0.0828 -0.0021 0.9966
vn 0.6434 -0.0005 -0.7655
vn 0.6749 0.0007 -0.7379
vn 0.0678 0.0004 0.9977
vn 0.0132 -0.0006 0.9999
vn 0.0168 -0.0000 0.9999
vn 0.6836 -0.0012 -0.7299
vn 0.2743 0.0015 -0.9616
vn 0.3122 -0.0016 -0.9500
vn 0.3388 0.0015 -0.9409
vn 0.7072 0.0007 -0.7070
vn 0.9999 -0.0119 -0.0071
vn 0.7261 -0.0023 -0.6876
vn 0.7328 0.0004 -0.6804
vn 0.9999 -0.0027 -0.0154
vn 0.7640 0.0016 -0.6452
vn 1.0000 -0.0009 0.0090
vn 0.7808 -0.0022 -0.6248
vn 0.7882 -0.0002 -0.6154
vn 0.8183 0.0002 -0.5748
vn 0.8175 -0.0002 -0.5759
vn 0.8438 -0.0011 -0.5366
vn 0.8463 -0.0002 -0.5327
vn 0.8609 0.0007 -0.5089
vn 0.8735 -0.0015 -0.4868
vn 0.8809 0.0008 -0.4733
vn 0.9009 0.0001 -0.4340
vn 0.9075 -0.0032 -0.4201
vn 0.9161 0.0001 -0.4010
vn 0.9279 0.0006 -0.3729
vn 0.9406 0.0002 -0.3395
vn 0.9370 -0.0021 -0.3494
vn 0.9546 0.0027 -0.2979
vn 0.9641 -0.0026 -0.2656
vn 0.9753 0.0022 -0.2209
vn 0.9886 -0.0009 -0.1506
vn 0.9820 -0.0011 -0.1891
vn 0.9861 0.0010 -0.1660
vn 0.9886 -0.0010 -0.1504
vn 0.9933 0.0012 -0.1160
vn 0.9862 0.0151 0.1646
vn 0.9945 -0.0008 -0.1050
vn 0.9971 0.0006 -0.0761
vn 0.9997 -0.0002 -0.0257
vn 0.9993 0.0011 -0.0365
vn 0.9981 -0.0008 -0.0622
vn 0.9997 0.0003 0.0249
vn 0.9751 -0.0115 0.2216
vn 0.9988 -0.0009 0.0493
vn 0.9987 -0.0007 0.0501
vn 0.9967 0.0009 0.0814
vn 0.9943 -0.0016 0.1067
vn 0.9918 0.0015 0.1277
vn 0.9845 -0.0022 0.1753
vn 0.9839 -0.0014 0.1786
vn 0.9667 -0.0085 -0.2557
vn 0.9770 0.0008 0.2131
vn 0.9733 -0.0022 0.2296
vn 0.9679 -0.0000 0.2514
vn 0.9641 -0.0015 -0.2654
vn 0.9616 -0.0017 0.2743
vn 0.9606 -0.0013 0.2778
vn 0.9492 -0.0015 0.3148
vn 0.9457 -0.0035 0.3251
vn 0.9378 0.0009 0.3473
vn 0.9192 -0.0027 0.3938
vn 0.9202 -0.0021 0.3915
vn 0.9049 0.0010 0.4257
vn 0.8970 -0.0024 0.4421
vn 0.8796 0.0010 0.4757
vn 0.8722 -0.0021 0.4892
vn 0.8557 0.0014 0.5175
vn 0.8381 -0.0045 0.5456
vn 0.8298 -0.0001 0.5580
vn 0.7940 -0.0053 0.6078
vn 0.7885 -0.0014 0.6151
vn 0.7579 0.0001 0.6524
vn 0.7429 -0.0015 0.6694
vn 0.7395 -0.0028 0.6732
vn 0.7164 0.0002 0.6977
vn 0.6888 -0.0014 0.7249
vn 0.6948 -0.0034 0.7192
vn 0.6645 0.0006 0.7472
vn 0.0329 -0.0018 -0.9995
vn 0.6326 -0.0035 0.7744
vn 0.6273 -0.0057 0.7788
vn 0.0543 0.0004 -0.9985
vn 0.6081 -0.0001 0.7939
vn 0.0846 -0.0002 -0.9964
vn 0.0959 -0.0013 -0.9954
vn 0.1210 0.0013 -0.9927
vn 0.5765 0.0016 0.8171
vn 0.1354 0.0019 -0.9908
vn 0.5450 -0.0042 0.8384
vn 0.5408 -0.0060 0.8411
vn 0.1761 -0.0013 -0.9844
vn 0.1728 -0.0007 -0.9850
vn 0.5006 0.0049 0.8657
vn 0.2034 0.0007 -0.9791
vn 0.2389 -0.0018 -0.9710
vn 0.4783 0.0042 0.8782
vn 0.2447 -0.0004 -0.9696
vn 0.4354 -0.0055 0.9002
vn 0.3033 0.0001 -0.9529
vn 0.3990 0.0014 0.9170
vn 1.0000 -0.0013 -0.0005
vn 0.3765 -0.0019 -0.9264
vn 0.3698 0.0013 0.9291
vn 0.3849 0.0001 -0.9230
vn 0.9999 0.0018 0.0138
vn 0.3364 -0.0040 0.9417
vn 0.3366 -0.0039 0.9416
vn 0.4343 -0.0005 -0.9008
vn 0.1445 0.9157 0.3749
vn 0.1410 0.9123 0.3845
vn 0.5247 0.7542 0.3948
vn 0.5151 0.7728 0.3708
vn 0.0761 0.8484 0.5239
vn 0.0898 0.8653 0.4932
vn 0.1045 0.9204 0.3767
vn 0.4994 0.7690 0.3992
vn 0.1008 0.9386 0.3300
vn 0.4652 0.8045 0.3694
vn 0.4513 0.7978 0.3998
vn 0.0409 0.8558 0.5156
vn 0.0447 0.8652 0.4994
vn 0.0032 0.8332 0.5529
vn 0.4240 0.8284 0.3661
vn 0.0269 0.9225 0.3852
vn 0.4002 0.8207 0.4079
vn -0.0002 0.9324 0.3615
vn 0.8341 0.0474 0.5495
vn 0.9339 0.0665 0.3512
vn 0.9136 0.0850 0.3976
vn 0.9018 0.1352 0.4105
vn 0.2494 0.8840 0.3954
vn 0.8744 0.1829 0.4494
vn 0.2196 0.8997 0.3772
vn 0.8686 0.2090 0.4492
vn 0.8299 0.2111 0.5165
vn 0.8462 0.3773 0.3763
vn 0.8851 0.3693 0.2831
vn 0.7422 0.4033 0.5352
vn 0.7618 0.4493 0.4666
vn 0.7674 0.4405 0.4660
vn 0.7342 0.4408 0.5164
vn 0.7935 0.4918 0.3585
vn 0.8090 0.4998 0.3094
vn 0.7222 0.4784 0.4995
vn 0.7060 0.4741 0.5261
vn 0.9211 0.0263 0.3885
vn 0.9201 0.0276 0.3908
vn 0.7298 0.5448 0.4131
vn 0.6910 0.5185 0.5037
vn 0.8672 0.0808 0.4913
vn 0.8288 0.1066 0.5493
vn 0.6614 0.5258 0.5350
vn 0.9308 0.1085 0.3490
vn 0.6620 0.5430 0.5167
vn 0.7130 0.5879 0.3820
vn 0.6406 0.5495 0.5363
vn 0.6444 0.5685 0.5115
vn 0.9111 0.1535 0.3824
vn 0.6917 0.6097 0.3870
vn 0.9108 0.1633 0.3792
vn 0.6146 0.5805 0.5342
vn 0.6158 0.5925 0.5194
vn 0.6463 0.7211 0.2496
vn 0.6624 0.6386 0.3918
vn 0.5939 0.6012 0.5346
vn 0.6158 0.7335 0.2877
vn 0.5961 0.6168 0.5140
vn 0.9039 0.2354 0.3571
vn 0.6418 0.6658 0.3805
vn 0.8210 0.2512 0.5128
vn 0.8709 0.2790 0.4047
vn 0.8843 0.2755 0.3769
vn 0.5392 0.6603 0.5227
vn 0.5207 0.6554 0.5470
vn 0.5841 0.7134 0.3871
vn 0.7985 0.3174 0.5115
vn 0.5259 0.7935 0.3062
vn 0.8693 0.3174 0.3789
vn 0.5181 0.6815 0.5168
vn 0.8793 0.3275 0.3459
vn 0.5612 0.7327 0.3850
vn 0.5104 0.8238 0.2468
vn 0.4811 0.8245 0.2977
vn 0.4962 0.6893 0.5278
vn 0.7644 0.3524 0.5399
vn 0.4526 0.6643 0.5949
vn 0.4335 0.8658 0.2500
vn 0.7813 0.3953 0.4830
vn 0.3997 0.8685 0.2931
vn 0.8357 0.4188 0.3553
vn 0.8284 0.4197 0.3710
vn 0.4365 0.7727 0.4609
vn 0.1816 0.9116 0.3688
vn 0.3757 0.7727 0.5117
vn 0.7994 0.3522 0.4868
vn 0.2292 0.8286 0.5107
vn 0.2458 0.8944 0.3737
vn 0.2070 0.8116 0.5462
vn 0.1978 0.8266 0.5268
vn 0.8188 0.4455 0.3622
vn 0.2004 0.8939 0.4009
vn 0.7587 0.5048 0.4116
vn 0.1636 0.8234 0.5433
vn 0.1594 0.8353 0.5261
vn 0.7448 0.5664 0.3527
vn 0.7672 0.5670 0.3000
vn 0.7354 0.5829 0.3455
vn 0.7623 0.5141 0.3933
vn 0.6795 0.4905 0.5457
vn 0.7869 0.5405 0.2977
vn 0.7983 0.5413 0.2641
vn -0.1341 -0.0878 -0.9871
vn 0.7044 0.6072 0.3676
vn 0.5623 0.6335 0.5315
vn 0.5620 0.6320 0.5336
vn 0.4576 0.7177 0.5248
vn 0.6816 0.6376 0.3591
vn 0.4270 0.7239 0.5419
vn 0.3353 0.7637 0.5517
vn 0.3790 0.7513 0.5404
vn 0.3865 0.8531 0.3505
vn 0.6489 0.6651 0.3696
vn 0.3319 0.8114 0.4812
vn 0.3401 0.8477 0.4071
vn 0.3508 0.8564 0.3787
vn 0.6293 0.6849 0.3674
vn 0.1882 0.8997 0.3938
vn 0.6075 0.6837 0.4043
vn 0.2636 0.7895 0.5542
vn 0.2686 0.7962 0.5422
vn 0.3017 0.8795 0.3681
vn 0.2928 0.8726 0.3909
vn 0.5942 0.7144 0.3696
vn 0.1327 0.8418 0.5232
vn 0.5604 0.7462 0.3594
vn 0.1342 0.8436 0.5199
vn 0.6285 -0.6050 0.4888
vn 0.7901 -0.1867 0.5838
vn 0.6018 -0.6136 0.5112
vn 0.5742 -0.6045 0.5522
vn 0.7674 -0.2090 0.6062
vn 0.7908 -0.1977 0.5793
vn 0.9154 -0.2806 0.2885
vn 0.5690 -0.6124 0.5489
vn 0.5422 -0.6140 0.5735
vn 0.5574 -0.6548 0.5104
vn 0.8763 -0.0358 0.4805
vn 0.8149 -0.2960 0.4983
vn 0.8380 -0.3588 0.4111
vn 0.7435 -0.2918 0.6017
vn 0.8304 -0.3384 0.4426
vn 0.9229 -0.1638 0.3484
vn 0.7432 -0.3059 0.5950
vn 0.7849 -0.3351 0.5212
vn 0.8619 -0.2220 0.4560
vn 0.7834 -0.3560 0.5096
vn 0.7557 -0.3584 0.5481
vn 0.9106 -0.2718 0.3113
vn 0.8338 -0.2589 0.4877
vn 0.8213 -0.4208 0.3853
vn 0.7788 -0.4196 0.4663
vn 0.7627 -0.3971 0.5106
vn 0.5819 -0.6587 0.4771
vn 0.7804 -0.4351 0.4491
vn 0.7813 -0.4168 0.4647
vn 0.7064 -0.4114 0.5759
vn 0.8031 -0.4742 0.3609
vn 0.6922 -0.4444 0.5686
vn 0.9135 0.0072 0.4069
vn 0.6615 -0.4853 0.5717
vn 0.9218 -0.0528 0.3840
vn 0.7109 -0.5519 0.4360
vn 0.9113 -0.0997 0.3996
vn 0.6379 -0.5171 0.5707
vn 0.9267 -0.1176 0.3569
vn 0.6779 -0.5900 0.4386
vn 0.8983 -0.1483 0.4136
vn 0.9216 -0.1702 0.3489
vn 0.6119 -0.5472 0.5711
vn 0.8932 -0.3191 0.3170
vn 0.8410 -0.3207 0.4357
vn 0.5507 -0.5584 0.6205
vn 0.8254 -0.3728 0.4239
vn 0.8386 -0.4023 0.3674
vn 0.5344 -0.6409 0.5511
vn 0.5308 -0.6760 0.5112
vn 0.4995 -0.6694 0.5499
vn 0.4853 -0.6663 0.5662
vn 0.4703 -0.6975 0.5406
vn 0.4447 -0.6897 0.5715
vn 0.9401 -0.0703 0.3336
vn 0.8597 -0.0652 0.5066
vn 0.8428 -0.1769 0.5083
vn 0.8888 -0.1990 0.4129
vn 0.9365 -0.2103 0.2807
vn 0.9074 -0.2040 -0.3675
vn 0.9225 -0.2415 0.3010
vn 0.8946 -0.2133 0.3927
vn 0.9123 -0.2199 0.3455
vn 0.8530 -0.2548 0.4554
vn 0.4294 -0.7225 0.5418
vn 0.3727 -0.6865 0.6243
vn 0.8310 -0.2640 0.4897
vn 0.8954 -0.3061 0.3233
vn 0.8146 -0.2724 0.5121
vn 0.3641 -0.7287 0.5801
vn 0.3282 -0.7233 0.6076
vn 0.2709 -0.7391 0.6167
vn 0.2581 -0.7688 0.5850
vn 0.2176 -0.7522 0.6220
vn 0.7251 -0.4504 0.5210
vn 0.7532 -0.4829 0.4466
vn 0.7264 -0.4444 0.5243
vn 0.7524 -0.4878 0.4426
vn 0.0327 -0.8271 0.5611
vn 0.7304 -0.4988 0.4666
vn 0.8806 -0.0113 0.4738
vn 0.7247 -0.5085 0.4649
vn 0.7537 -0.5012 0.4253
vn 0.8823 -0.0436 0.4686
vn 0.6714 -0.5071 0.5404
vn 0.7053 -0.5279 0.4731
vn 0.8755 -0.0999 0.4727
vn 0.8582 -0.0862 0.5061
vn 0.6730 -0.5600 0.4831
vn 0.8425 -0.1198 0.5253
vn 0.6445 -0.5369 0.5445
vn 0.7325 -0.1192 0.6703
vn 0.8761 -0.1457 0.4596
vn 0.8483 -0.1543 0.5065
vn 0.6143 -0.5679 0.5479
vn 0.6280 -0.5849 0.5132
vn 0.9713 0.2010 -0.1271
vn 0.0302 0.7377 -0.6745
vn 0.0326 0.7396 -0.6723
vn 0.1859 0.8444 -0.5023
vn 0.3151 0.8570 -0.4076
vn 0.2251 0.8451 -0.4849
vn 0.0791 0.7848 -0.6147
vn 0.6994 0.5606 -0.4434
vn 0.3531 0.7328 -0.5816
vn 0.3888 0.6697 -0.6327
vn 0.6234 0.6087 -0.4908
vn 0.3261 0.4153 -0.8492
vn 0.3344 0.4212 -0.8431
vn 0.2414 0.8599 -0.4499
vn 0.2433 0.8606 -0.4473
vn 0.7815 0.4963 -0.3780
vn 0.0294 0.7652 -0.6431
vn 0.1693 0.2578 -0.9513
vn 0.0340 0.7689 -0.6385
vn 0.1763 0.2618 -0.9489
vn 0.0707 0.7955 -0.6018
vn 0.3665 0.4868 -0.7929
vn 0.3351 0.7645 -0.5507
vn 0.3692 0.5228 -0.7683
vn 0.1217 0.8177 -0.5626
vn 0.2632 0.8692 -0.4185
vn 0.3928 0.6696 -0.6304
vn 0.6304 0.6121 -0.4774
vn 0.3812 0.5352 -0.7538
vn 0.7793 0.4972 -0.3815
vn 0.3302 0.8281 -0.4530
vn 0.3155 0.8270 -0.4653
vn 0.6768 0.5877 -0.4433
vn 0.1690 0.8482 -0.5020
vn 0.1634 0.8469 -0.5060
vn 0.3389 0.7648 -0.5479
vn 0.3737 0.7036 -0.6044
vn 0.0763 0.8118 -0.5790
vn 0.2451 0.8675 -0.4329
vn 0.4012 0.5620 -0.7233
vn 0.1057 0.2081 -0.9724
vn 0.3398 0.6919 -0.6370
vn 0.1082 0.2093 -0.9718
vn 0.9511 0.2710 -0.1483
vn 0.2032 0.8518 -0.4829
vn 0.8270 0.4592 -0.3242
vn 0.0873 0.8347 -0.5437
vn 0.0314 0.7991 -0.6004
vn 0.0350 0.8007 -0.5980
vn 0.1205 0.8367 -0.5343
vn 0.1376 0.8396 -0.5254
vn 0.5530 0.6208 -0.5557
vn 0.3038 0.8488 -0.4328
vn 0.3813 0.5545 -0.7397
vn 0.3017 0.7886 -0.5358
vn 0.4762 0.6094 -0.6339
vn 0.0627 0.8307 -0.5532
vn 0.7315 0.5549 -0.3962
vn 0.7217 0.5612 -0.4052
vn 0.3384 0.4484 -0.8273
vn 0.0476 0.1702 -0.9843
vn 0.2812 0.8684 -0.4084
vn 0.8061 0.4927 -0.3279
vn 0.0425 0.8309 -0.5548
vn 0.6247 0.6154 -0.4807
vn 0.9316 0.3113 -0.1875
vn 0.2589 0.3679 -0.8931
vn 0.3331 0.7296 -0.5973
vn 0.3151 0.7273 -0.6097
vn 0.3045 0.8116 -0.4986
vn 0.3960 0.5853 -0.7076
vn 0.0648 0.8325 -0.5502
vn 0.2316 0.3669 -0.9010
vn 0.7196 0.5660 -0.4023
vn 0.3489 0.6806 -0.6442
vn 0.0968 0.8485 -0.5203
vn 0.9013 0.3713 -0.2232
vn 0.3700 0.5319 -0.7617
vn 0.9181 0.3432 -0.1982
vn 0.1939 0.8662 -0.4605
vn 0.1983 0.8675 -0.4562
vn 0.6265 0.6397 -0.4453
vn 0.6618 0.6176 -0.4250
vn 0.3292 0.4733 -0.8171
vn 0.1841 0.3121 -0.9320
vn 0.5939 0.6579 -0.4631
vn 0.3853 0.5970 -0.7037
vn 0.2618 0.8723 -0.4130
vn 0.1372 0.8519 -0.5055
vn 0.2904 0.8393 -0.4596
vn 0.3050 0.8467 -0.4360
vn 0.7685 0.5295 -0.3593
vn 0.7776 0.5263 -0.3440
vn 0.1353 0.2681 -0.9539
vn 0.5500 0.6602 -0.5116
vn 0.0670 0.2061 -0.9762
vn 0.0844 0.2127 -0.9735
vn 0.3146 0.7879 -0.5294
vn 0.3514 0.5051 -0.7883
vn 0.0872 0.8471 -0.5243
vn 0.2642 0.8721 -0.4118
vn 0.0127 0.8433 -0.5373
vn 0.3023 0.7517 -0.5861
vn 0.2758 0.7464 -0.6057
vn 0.3095 0.6979 -0.6458
vn 0.6792 0.6088 -0.4100
vn 0.8819 0.4063 -0.2390
vn 0.2770 0.8138 -0.5109
vn 0.2893 0.6914 -0.6620
vn 0.3570 0.5836 -0.7294
vn 0.2230 0.8784 -0.4228
vn 0.1180 0.8643 -0.4890
vn 0.0519 0.8537 -0.5182
vn 0.0484 0.8530 -0.5197
vn 0.1625 0.8701 -0.4654
vn 0.1594 0.8697 -0.4672
vn 0.2931 0.8336 -0.4681
vn 0.0070 0.1770 -0.9842
vn 0.8700 0.4220 -0.2549
vn 0.3352 0.4993 -0.7990
vn 0.3522 0.5307 -0.7709
vn 0.6344 0.6438 -0.4279
vn 0.6244 0.6477 -0.4366
vn 0.5131 0.6752 -0.5299
vn 0.7284 0.5734 -0.3750
vn 0.3946 0.6484 -0.6510
vn 0.3536 0.5631 -0.7469
vn 0.2765 0.7197 -0.6368
vn 0.2635 0.8566 -0.4437
vn 0.0348 0.2323 -0.9720
vn 0.2802 0.8609 -0.4247
vn 0.5910 0.6716 -0.4468
vn 0.5719 0.6766 -0.4640
vn 0.2511 0.7688 -0.5882
vn 0.3551 0.5898 -0.7253
vn 0.0712 0.2748 -0.9589
vn 0.2526 0.7131 -0.6540
vn 0.5696 0.6692 -0.4772
vn 0.2484 0.7680 -0.5903
vn 0.2749 0.7952 -0.5405
vn 0.5295 0.6957 -0.4854
vn 0.2676 0.8137 -0.5160
vn 0.0952 0.8641 -0.4942
vn 0.8031 0.5090 -0.3099
vn 0.8032 0.5089 -0.3098
vn 0.0216 0.8529 -0.5217
vn 0.0249 0.8538 -0.5201
vn 0.3784 0.6421 -0.6667
vn 0.2015 0.8804 -0.4292
vn 0.3462 0.5443 -0.7641
vn 0.0123 0.2316 -0.9727
vn 0.1337 0.8717 -0.4715
vn 0.0546 0.8617 -0.5045
vn 0.2601 0.8623 -0.4345
vn 0.8369 0.4677 -0.2845
vn 0.5022 0.6874 -0.5248
vn 0.0877 0.8658 -0.4927
vn 0.3911 0.6500 -0.6516
vn 0.2102 0.4146 -0.8854
vn 0.2473 0.8775 -0.4109
vn 0.5452 0.6956 -0.4678
vn 0.2492 0.8428 -0.4771
vn 0.2620 0.8481 -0.4606
vn 0.2312 0.7314 -0.6415
vn 0.8225 0.1361 -0.5522
vn 0.2497 0.7439 -0.6199
vn 0.5828 0.6891 -0.4307
vn 0.7615 0.5521 -0.3396
vn 0.7644 0.5501 -0.3363
vn 0.7721 0.1253 -0.6230
vn 0.3584 0.6040 -0.7119
vn 0.7171 0.1412 -0.6825
vn 0.6370 0.1355 -0.7589
vn 0.1097 0.2983 -0.9482
vn 0.0145 0.8628 -0.5054
vn 0.2485 0.7669 -0.5917
vn 0.2550 0.8246 -0.5049
vn 0.7659 0.1391 -0.6278
vn 0.8298 0.1541 -0.5363
vn 0.0608 0.2777 -0.9587
vn 0.1223 0.8795 -0.4599
vn 0.1640 0.8841 -0.4376
vn 0.1701 0.8847 -0.4341
vn 0.0383 0.8687 -0.4938
vn 0.5393 0.7130 -0.4481
vn 0.3543 0.6152 -0.7043
vn 0.8423 0.1533 -0.5168
vn 0.2340 0.4421 -0.8659
vn 0.2314 0.8815 -0.4116
vn 0.2163 0.8824 -0.4180
vn 0.7798 0.1624 -0.6046
vn 0.8043 0.1460 -0.5761
vn 0.2256 0.6970 -0.6806
vn 0.5683 0.1731 -0.8044
vn 0.2288 0.8725 -0.4317
vn 0.0736 0.8744 -0.4797
vn 0.8028 0.1666 -0.5724
vn 0.2166 0.7404 -0.6363
vn 0.5029 0.7160 -0.4842
vn 0.8860 0.1285 -0.4456
vn 0.8424 0.1547 -0.5163
vn 0.2841 0.4828 -0.8284
vn 0.2859 0.4861 -0.8258
vn 0.7591 0.1820 -0.6250
vn 0.8847 0.3938 -0.2496
vn 0.2450 0.7919 -0.5594
vn 0.0923 0.3384 -0.9365
vn 0.3151 0.5289 -0.7880
vn 0.8076 0.1866 -0.5594
vn 0.2459 0.8224 -0.5130
vn 0.3457 0.5772 -0.7398
vn 0.3388 0.5669 -0.7509
vn 0.4913 0.7141 -0.4986
vn 0.5737 0.1781 -0.7995
vn 0.0265 0.8684 -0.4951
vn 0.3752 0.6835 -0.6261
vn 0.5366 0.7142 -0.4494
vn 0.2268 0.4659 -0.8553
vn 0.7156 0.5936 -0.3681
vn 0.7196 0.5916 -0.3636
vn 0.0396 0.3060 -0.9512
vn 0.1391 0.8867 -0.4409
vn 0.0550 0.8750 -0.4809
vn 0.3589 0.6487 -0.6711
vn 0.2040 0.8879 -0.4124
vn 0.1954 0.8880 -0.4163
vn 0.7726 0.2129 -0.5982
vn 0.6243 0.6623 -0.4141
vn 0.7516 0.1919 -0.6311
vn 0.8299 0.2040 -0.5193
vn 0.2308 0.8700 -0.4358
vn 0.0902 0.8817 -0.4631
vn 0.8647 0.1743 -0.4710
vn 0.8632 0.1757 -0.4733
vn 0.8452 0.4384 -0.3057
vn 0.2258 0.8141 -0.5350
vn 0.1159 0.3653 -0.9236
vn 0.6652 0.2198 -0.7136
vn 0.7348 0.2316 -0.6375
vn 0.7140 0.2098 -0.6679
vn 0.3226 0.5504 -0.7701
vn 0.2374 0.7739 -0.5871
vn 0.4644 0.7328 -0.4974
vn 0.5097 0.7364 -0.4449
vn 0.4453 0.7344 -0.5123
vn 0.5513 0.7069 -0.4432
vn 0.2180 0.8404 -0.4962
vn 0.5730 0.7034 -0.4206
vn 0.8024 0.2183 -0.5553
vn 0.3375 0.5965 -0.7282
vn 0.8302 0.4620 -0.3120
vn -0.0027 0.2844 -0.9587
vn 0.5091 0.2181 -0.8326
vn 0.2097 0.8577 -0.4695
vn 0.2048 0.7466 -0.6330
vn 0.1312 0.8918 -0.4329
vn 0.9133 0.1463 -0.3802
vn 0.0025 0.8765 -0.4813
vn 0.0409 0.8824 -0.4686
vn 0.2141 0.8709 -0.4424
vn 0.0675 0.3452 -0.9361
vn 0.0120 0.3095 -0.9508
vn 0.1062 0.3934 -0.9132
vn 0.4904 0.7362 -0.4664
vn 0.7760 0.5242 -0.3508
vn 0.1723 0.8934 -0.4149
vn 0.1692 0.8933 -0.4164
vn 0.6611 0.2356 -0.7124
vn 0.7831 0.2306 -0.5776
vn 0.8040 0.2210 -0.5521
vn 0.7339 0.2408 -0.6351
vn 0.0794 0.8878 -0.4534
vn 0.8041 0.4855 -0.3433
vn 0.5754 0.2371 -0.7827
vn 0.8901 0.1827 -0.4175
vn 0.2186 0.7854 -0.5791
vn 0.1910 0.7692 -0.6098
vn 0.7453 0.2463 -0.6195
vn 0.5007 0.7464 -0.4383
vn 0.5252 0.2511 -0.8131
vn 0.2060 0.8130 -0.5447
vn 0.3880 0.7128 -0.5842
vn 0.2051 0.7304 -0.6516
vn 0.6768 0.6247 -0.3894
vn 0.6675 0.6298 -0.3972
vn 0.2101 0.8540 -0.4760
vn 0.1905 0.8383 -0.5109
vn 0.3127 0.5719 -0.7584
vn 0.3411 0.6751 -0.6541
vn 0.2150 0.4767 -0.8523
vn 0.0019 0.3309 -0.9437
vn 0.8360 0.2268 -0.4998
vn 0.1107 0.8948 -0.4324
vn 0.6003 0.6815 -0.4187
vn 0.3256 0.6176 -0.7160
vn 0.2585 0.5312 -0.8068
vn 0.5796 0.6948 -0.4259
vn 0.1677 0.7393 -0.6521
vn 0.0198 0.8833 -0.4683
vn 0.0562 0.3693 -0.9276
vn 0.2061 0.8128 -0.5449
vn 0.8974 0.1816 -0.4021
vn 0.0115 0.8823 -0.4706
vn 0.1776 0.8805 -0.4394
vn 0.1928 0.8817 -0.4307
vn 0.0599 0.8885 -0.4550
vn 0.7215 0.5732 -0.3884
vn 0.7246 0.5718 -0.3846
vn 0.1718 0.7865 -0.5932
vn 0.8365 0.2269 -0.4987
vn 0.4630 0.7578 -0.4597
vn 0.1518 0.8962 -0.4169
vn 0.5590 0.2580 -0.7880
vn 0.1905 0.8383 -0.5108
vn 0.9301 0.1534 -0.3337
vn 0.7980 0.2669 -0.5403
vn 0.3510 0.6979 -0.6243
vn 0.5700 0.6923 -0.4424
vn 0.1852 0.7493 -0.6358
vn 0.1301 0.4195 -0.8984
vn 0.7444 0.2767 -0.6078
vn 0.0969 0.8946 -0.4362
vn 0.6939 0.2778 -0.6643
vn 0.8258 0.4523 -0.3369
vn 0.7105 0.2749 -0.6478
vn 0.3268 0.6382 -0.6971
vn 0.3155 0.5872 -0.7454
vn 0.5013 0.2817 -0.8181
vn 0.8718 0.2069 -0.4439
vn 0.0842 0.3988 -0.9132
vn 0.3677 0.7249 -0.5825
vn 0.1685 0.8207 -0.5460
vn 0.1448 0.8890 -0.4343
vn 0.7278 0.3034 -0.6150
vn 0.7626 0.2763 -0.5849
vn 0.3229 0.6365 -0.7004
vn 0.5394 0.7250 -0.4284
vn 0.2122 0.5196 -0.8276
vn 0.6495 0.2885 -0.7035
vn 0.4246 0.7510 -0.5056
vn 0.5514 0.2899 -0.7822
vn 0.0421 0.8951 -0.4438
vn 0.7086 0.3018 -0.6378
vn 0.4522 0.7600 -0.4668
vn 0.7676 0.5282 -0.3629
vn 0.1692 0.8932 -0.4165
vn 0.1705 0.8171 -0.5508
vn 0.4421 0.2552 -0.8599
vn 0.1610 0.8613 -0.4819
vn 0.8371 0.2643 -0.4789
vn 0.8290 0.2563 -0.4970
vn 0.3894 0.7615 -0.5182
vn 0.4694 0.7693 -0.4334
vn 0.8616 0.2331 -0.4508
vn 0.3052 0.6088 -0.7322
vn 0.0714 0.9008 -0.4283
vn 0.1523 0.7598 -0.6320
vn 0.3282 0.6746 -0.6612
vn 0.1632 0.7994 -0.5782
vn 0.1564 0.7945 -0.5867
vn 0.0290 0.3789 -0.9250
vn 0.8951 0.2059 -0.3956
vn 0.8957 0.2068 -0.3937
vn 0.1366 0.9029 -0.4076
vn 0.1227 0.8998 -0.4188
vn 0.0210 0.8961 -0.4433
vn 0.0187 0.8951 -0.4456
vn 0.6608 0.6216 -0.4206
vn 0.1190 0.9038 -0.4112
vn 0.7726 0.3018 -0.5587
vn 0.1635 0.8576 -0.4876
vn 0.1421 0.8448 -0.5158
vn 0.0665 0.4280 -0.9013
vn 0.5562 0.2995 -0.7752
vn 0.1519 0.8821 -0.4459
vn 0.3962 0.2474 -0.8842
vn 0.9284 0.1658 -0.3326
vn 0.0612 0.9012 -0.4290
vn 0.4936 0.3162 -0.8102
vn 0.1186 0.4582 -0.8809
vn 0.1523 0.7598 -0.6321
vn 0.7633 0.3019 -0.5712
vn 0.3766 0.2354 -0.8960
vn 0.6491 0.3287 -0.6860
vn 0.4127 0.7829 -0.4655
vn 0.4262 0.7802 -0.4579
vn 0.0166 0.4022 -0.9154
vn 0.7239 0.3299 -0.6059
vn 0.3803 0.7681 -0.5152
vn 0.1312 0.8664 -0.4817
vn 0.1177 0.8632 -0.4909
vn 0.9461 0.1544 -0.2846
vn 0.6796 0.3456 -0.6471
vn 0.4336 0.7785 -0.4539
vn 0.4546 0.7820 -0.4265
vn 0.9232 0.1802 -0.3395
vn 0.2289 0.5710 -0.7883
vn 0.0500 0.9059 -0.4206
vn 0.3106 0.6216 -0.7191
vn 0.1290 0.8225 -0.5539
vn 0.1413 0.8302 -0.5393
vn 0.2644 0.5917 -0.7616
vn 0.5759 0.6976 -0.4262
vn 0.5017 0.7524 -0.4268
vn 0.1219 0.7834 -0.6095
vn 0.7834 0.4856 -0.3879
vn 0.5020 0.3024 -0.8103
vn 0.3049 0.6550 -0.6914
vn 0.0441 0.4306 -0.9015
vn 0.0020 0.9022 -0.4314
vn 0.8287 0.2932 -0.4768
vn 0.1202 0.8046 -0.5815
vn 0.5475 0.3354 -0.7667
vn 0.4664 0.7760 -0.4247
vn 0.1211 0.8943 -0.4307
vn 0.8676 0.2586 -0.4249
vn 0.1018 0.8868 -0.4508
vn 0.7387 0.3374 -0.5835
vn 0.0958 0.9099 -0.4037
vn 0.0797 0.9095 -0.4081
vn 0.6275 0.3503 -0.6953
vn 0.1151 0.8307 -0.5447
vn 0.7608 0.5134 -0.3971
vn 0.0213 0.9073 -0.4199
vn 0.5060 0.7502 -0.4256
vn 0.0673 0.9110 -0.4069
vn 0.2046 0.5659 -0.7987
vn 0.4473 0.2991 -0.8429
vn 0.1240 0.7857 -0.6061
vn 0.3765 0.7742 -0.5088
vn 0.0976 0.8400 -0.5337
vn 0.6704 0.3480 -0.6553
vn 0.0934 0.8697 -0.4847
vn 0.0873 0.4706 -0.8780
vn 0.0920 0.4724 -0.8766
vn 0.4661 0.7761 -0.4248
vn 0.3433 0.2519 -0.9048
vn 0.3610 0.2502 -0.8984
vn 0.3523 0.7567 -0.5506
vn 0.2967 0.6519 -0.6978
vn 0.2390 0.5976 -0.7654
vn 0.3143 0.7268 -0.6107
vn 0.0149 0.9124 -0.4090
vn 0.9461 0.1545 -0.2846
vn 0.0945 0.8682 -0.4871
vn 0.0241 0.9155 -0.4017
vn 0.9137 0.2185 -0.3426
vn 0.5884 0.3535 -0.7272
vn 0.0606 0.8974 -0.4370
vn 0.5522 0.7087 -0.4390
vn 0.2955 0.7033 -0.6465
vn 0.3135 0.7088 -0.6320
vn 0.0928 0.7983 -0.5951
vn 0.6047 0.6670 -0.4353
vn 0.6056 0.6668 -0.4343
vn 0.8575 0.2778 -0.4331
vn 0.8393 0.2783 -0.4671
vn 0.0934 0.7986 -0.5945
vn 0.0363 0.9156 -0.4004
vn 0.5378 0.3486 -0.7677
vn 0.4505 0.3333 -0.8282
vn 0.0737 0.8392 -0.5387
vn 0.7252 0.5399 -0.4273
vn 0.6815 0.5858 -0.4386
vn 0.0137 0.9180 -0.3963
vn 0.7302 0.3746 -0.5714
vn 0.8100 0.3365 -0.4803
vn 0.0625 0.8951 -0.4414
vn 0.8947 0.2357 -0.3795
vn 0.0789 0.8329 -0.5478
vn 0.4413 0.3122 -0.8413
vn 0.2235 0.6175 -0.7542
vn 0.3517 0.7911 -0.5005
vn 0.2945 0.6834 -0.6680
vn 0.0400 0.8929 -0.4486
vn 0.4237 0.7938 -0.4363
vn 0.4860 0.3527 -0.7996
vn 0.0509 0.8718 -0.4872
vn 0.0486 0.8704 -0.4899
vn 0.8502 0.2867 -0.4416
vn 0.7156 0.5504 -0.4301
vn 0.6893 0.3795 -0.6171
vn 0.6789 0.3806 -0.6279
vn 0.3907 0.7990 -0.4570
vn 0.3844 0.7984 -0.4634
vn 0.0655 0.7994 -0.5972
vn 0.0704 0.8029 -0.5919
vn 0.5622 0.6857 -0.4623
vn 0.0041 0.9021 -0.4315
vn 0.6284 0.6290 -0.4577
vn 0.7333 0.3703 -0.5702
vn 0.0177 0.8919 -0.4519
vn 0.1400 0.5623 -0.8150
vn 0.3305 0.7710 -0.5444
vn 0.3262 0.7687 -0.5502
vn 0.0904 0.5207 -0.8490
vn 0.0961 0.5245 -0.8460
vn 0.5664 0.3854 -0.7285
vn 0.0441 0.4836 -0.8742
vn 0.0310 0.4743 -0.8798
vn 0.0443 0.8347 -0.5489
vn 0.0457 0.8358 -0.5472
vn 0.6435 0.4088 -0.6472
vn 0.5089 0.7383 -0.4426
vn 0.6896 0.4053 -0.6002
vn 0.0143 0.8759 -0.4823
vn 0.0093 0.8708 -0.4915
vn 0.8727 0.2815 -0.3990
vn 0.3158 0.7432 -0.5899
vn 0.4410 0.7948 -0.4169
vn 0.9254 0.2143 -0.3126
vn 0.2926 0.2277 -0.9287
vn 0.0162 0.8492 -0.5278
vn 0.0345 0.7968 -0.6033
vn 0.3415 0.2531 -0.9051
vn 0.5090 0.3695 -0.7774
vn 0.0298 0.8033 -0.5949
vn 0.0047 0.8344 -0.5511
vn 0.9619 0.1488 -0.2294
vn 0.0207 0.8210 -0.5705
vn 0.0046 0.7895 -0.6137
vn 0.7900 0.3600 -0.4964
vn 0.6841 0.1451 -0.7148
vn 0.6619 0.5883 -0.4645
vn 0.7200 0.1615 -0.6749
vn 0.7162 0.1797 -0.6744
vn 0.6097 0.1759 -0.7729
vn 0.7760 0.1903 -0.6013
vn 0.6612 0.1780 -0.7288
vn 0.6583 0.1891 -0.7286
vn 0.8195 0.3391 -0.4620
vn 0.7172 0.1861 -0.6715
vn 0.4672 0.7751 -0.4253
vn 0.4357 0.3645 -0.8230
vn 0.6003 0.2222 -0.7683
vn 0.4399 0.3705 -0.8180
vn 0.6108 0.2310 -0.7573
vn 0.6859 0.2546 -0.6817
vn 0.5304 0.2210 -0.8185
vn 0.8720 0.2820 -0.4001
vn 0.4675 0.2392 -0.8510
vn 0.6019 0.2746 -0.7499
vn 0.6080 0.2622 -0.7494
vn 0.6639 0.2590 -0.7015
vn 0.5069 0.7389 -0.4439
vn 0.9140 0.2203 -0.3408
vn 0.4863 0.2423 -0.8395
vn 0.4297 0.2292 -0.8734
vn 0.2979 0.7429 -0.5995
vn 0.2806 0.7238 -0.6304
vn 0.4824 0.2682 -0.8339
vn 0.5276 0.7132 -0.4615
vn 0.4372 0.2538 -0.8628
vn 0.6097 0.4103 -0.6781
vn 0.6018 0.3112 -0.7355
vn 0.9533 0.1657 -0.2525
vn 0.8027 0.2687 -0.5324
vn 0.6604 0.3289 -0.6750
vn 0.5904 0.3322 -0.7356
vn 0.2254 0.6516 -0.7243
vn 0.2216 0.6488 -0.7280
vn 0.3960 0.2915 -0.8707
vn 0.4025 0.2949 -0.8666
vn 0.7672 0.3430 -0.5420
vn 0.7893 0.3319 -0.5166
vn 0.7038 0.4241 -0.5700
vn 0.8000 0.3085 -0.5146
vn 0.5447 0.3933 -0.7407
vn 0.7487 0.3718 -0.5488
vn 0.7868 0.3612 -0.5005
vn 0.5930 0.6445 -0.4826
vn 0.4805 0.3573 -0.8009
vn 0.4071 0.3329 -0.8506
vn 0.1090 0.5590 -0.8220
vn 0.7425 0.3994 -0.5378
vn 0.7534 0.4116 -0.5128
vn 0.2647 0.7055 -0.6574
vn 0.2825 0.7087 -0.6465
vn 0.0087 0.4762 -0.8793
vn 0.4035 0.3417 -0.8488
vn 0.7045 0.4509 -0.5480
vn 0.7551 0.4104 -0.5112
vn 0.4506 0.4036 -0.7963
vn 0.6844 0.4280 -0.5902
vn 0.7207 0.4576 -0.5208
vn 0.7955 0.3985 -0.4566
vn 0.4600 0.4283 -0.7778
vn 0.1477 0.5911 -0.7930
vn 0.7512 0.4496 -0.4833
vn 0.6687 0.4992 -0.5510
vn 0.4645 0.4689 -0.7513
vn 0.8697 0.3429 -0.3550
vn 0.0539 0.5322 -0.8449
vn 0.0456 0.5242 -0.8504
vn 0.4547 0.4386 -0.7752
vn 0.6657 0.5001 -0.5538
vn 0.7096 0.4926 -0.5038
vn 0.7013 0.5054 -0.5027
vn 0.7463 0.4710 -0.4702
vn 0.7346 0.4934 -0.4657
vn 0.9532 0.2244 -0.2027
vn 0.4589 0.4671 -0.7558
vn 0.4988 0.3979 -0.7700
vn 0.7525 0.4935 -0.4362
vn 0.7731 0.4560 -0.4409
vn 0.7997 0.4249 -0.4241
vn 0.9078 0.2937 -0.2995
vn 0.9261 0.2675 -0.2659
vn 0.6253 0.5013 -0.5981
vn 0.4680 0.7634 -0.4452
vn 0.7060 0.5315 -0.4681
vn 0.3745 0.2991 -0.8777
vn 0.2846 0.7677 -0.5741
vn 0.8990 0.3153 -0.3039
vn 0.6222 0.5411 -0.5657
vn 0.6154 0.5524 -0.5623
vn 0.8602 0.3868 -0.3322
vn 0.8772 0.3492 -0.3295
vn 0.9325 0.2801 -0.2281
vn 0.3277 0.2908 -0.8989
vn 0.6558 0.4108 -0.6334
vn 0.9260 0.2905 -0.2411
vn 0.3922 0.8200 -0.4168
vn 0.6692 0.5731 -0.4730
vn 0.6875 0.5447 -0.4802
vn 0.6839 0.5569 -0.4714
vn 0.7026 0.5556 -0.4446
vn 0.6484 0.5669 -0.5081
vn 0.8415 0.4121 -0.3493
vn 0.9045 0.3380 -0.2601
vn 0.8969 0.3488 -0.2719
vn 0.9693 0.2042 -0.1369
vn 0.6124 0.5784 -0.5390
vn 0.5982 0.6006 -0.5306
vn 0.4326 0.5298 -0.7295
vn 0.2856 0.2353 -0.9290
vn 0.8496 0.3301 -0.4113
vn 0.8372 0.3320 -0.4346
vn 0.3696 0.8238 -0.4298
vn 0.8803 0.3802 -0.2838
vn 0.2435 0.3570 -0.9018
vn 0.2379 0.3201 -0.9170
vn 0.2399 0.3154 -0.9181
vn 0.4704 0.5953 -0.6514
vn 0.8651 0.4018 -0.3003
vn 0.8453 0.4376 -0.3067
vn 0.9365 0.2878 -0.2005
vn 0.9405 0.2095 -0.2674
vn 0.6341 0.6049 -0.4817
vn 0.5768 0.6613 -0.4795
vn 0.5248 0.5972 -0.6066
vn 0.4310 0.8040 -0.4097
vn 0.4005 0.8117 -0.4251
vn 0.2501 0.7171 -0.6505
vn 0.5673 0.6248 -0.5365
vn 0.6584 0.6009 -0.4532
vn 0.6410 0.6197 -0.4528
vn 0.5579 0.6014 -0.5719
vn 0.5099 0.7150 -0.4784
vn 0.5270 0.5954 -0.6064
vn 0.5961 0.6255 -0.5034
vn 0.5738 0.6519 -0.4958
vn 0.4222 0.5843 -0.6931
vn 0.3164 0.7959 -0.5162
vn 0.3242 0.8008 -0.5036
vn 0.2260 0.6883 -0.6893
vn 0.6202 0.4256 -0.6590
vn 0.4279 0.6007 -0.6754
vn 0.1217 0.2941 -0.9480
vn 0.8107 0.3685 -0.4550
vn 0.5518 0.6639 -0.5047
vn 0.4574 0.6373 -0.6202
vn 0.5210 0.6564 -0.5456
vn 0.4886 0.6508 -0.5811
vn 0.4704 0.6619 -0.5836
vn 0.1282 0.6198 -0.7742
vn 0.1599 0.3372 -0.9277
vn 0.2830 0.4375 -0.8535
vn 0.4257 0.6546 -0.6247
vn 0.1587 0.3456 -0.9249
vn 0.5197 0.4183 -0.7449
vn 0.4274 0.6861 -0.5888
vn 0.4572 0.6764 -0.5775
vn 0.5152 0.4189 -0.7478
vn 0.1734 0.3703 -0.9126
vn 0.4238 0.7972 -0.4300
vn 0.4497 0.7155 -0.5347
vn 0.4570 0.7073 -0.5393
vn 0.3970 0.7122 -0.5790
vn 0.2673 0.7225 -0.6376
vn 0.1726 0.4140 -0.8937
vn 0.1738 0.4128 -0.8941
vn 0.2874 0.5312 -0.7970
vn 0.2780 0.5226 -0.8060
vn 0.4054 0.7264 -0.5550
vn 0.8938 0.2820 -0.3486
vn 0.4593 0.7663 -0.4492
vn 0.2827 0.7664 -0.5768
vn 0.1637 0.4727 -0.8659
vn 0.1661 0.4711 -0.8663
vn 0.3431 0.6939 -0.6331
vn 0.2859 0.5685 -0.7714
vn 0.3525 0.7207 -0.5970
vn 0.1521 0.5069 -0.8485
vn 0.3260 0.7460 -0.5807
vn 0.1652 0.5368 -0.8273
vn 0.4349 0.4065 -0.8035
vn 0.2836 0.6203 -0.7313
vn 0.1951 0.5375 -0.8204
vn 0.5718 0.4199 -0.7048
vn 0.2727 0.6372 -0.7208
vn 0.2780 0.6648 -0.6934
vn 0.1826 0.5895 -0.7868
vn 0.0821 0.5948 -0.7997
vn 0.2728 0.6728 -0.6877
vn 0.2613 0.6837 -0.6814
vn 0.1904 0.6132 -0.7666
vn 0.7874 0.3972 -0.4715
vn 0.1876 0.6663 -0.7217
vn 0.0439 0.5628 -0.8254
vn 0.2489 0.7163 -0.6519
vn 0.1703 0.7008 -0.6927
vn 0.1838 0.7093 -0.6805
vn 0.2115 0.7886 -0.5774
vn 0.2181 0.7924 -0.5697
vn 0.1605 0.7835 -0.6003
vn 0.1551 0.8049 -0.5728
vn 0.1336 0.8178 -0.5598
vn 0.2732 0.3997 -0.8750
vn 0.2705 0.4238 -0.8644
vn 0.8411 0.4635 -0.2788
vn 0.2518 0.7492 -0.6126
vn 0.3443 0.8209 -0.4555
vn 0.3350 0.8160 -0.4711
vn 0.4012 0.3702 -0.8379
vn 0.6088 0.4492 -0.6539
vn 0.9722 0.1482 -0.1813
vn 0.4110 0.3815 -0.8280
vn 0.7973 0.3912 -0.4597
vn 0.2128 0.7032 -0.6784
vn 0.2781 0.7859 -0.5523
vn 0.2846 0.7922 -0.5399
vn 0.0020 0.5272 -0.8497
vn 0.1411 0.6485 -0.7480
vn 0.6135 0.6029 -0.5101
vn 0.8730 0.3031 -0.3821
vn 0.5263 0.6832 -0.5061
vn 0.9266 0.2272 -0.2996
vn 0.5283 0.6831 -0.5042
vn 0.8868 0.2939 -0.3567
vn 0.4392 0.7795 -0.4467
vn 0.7058 0.4501 -0.5470
vn 0.5531 0.4508 -0.7006
vn 0.9657 0.1649 -0.2006
vn 0.6544 0.4650 -0.5963
vn 0.6454 0.4692 -0.6028
vn 0.0969 0.6153 -0.7823
vn 0.3578 0.3158 -0.8788
vn 0.4599 0.7465 -0.4809
vn 0.4684 0.7470 -0.4718
vn 0.2472 0.2203 -0.9436
vn 0.8442 0.3577 -0.3992
vn 0.3916 0.8200 -0.4174
vn 0.9111 0.2683 -0.3129
vn 0.2843 0.2666 -0.9209
vn 0.1399 0.6566 -0.7412
vn 0.1340 0.6459 -0.7516
vn 0.6323 0.5781 -0.5158
vn 0.3761 0.8258 -0.4202
vn 0.0631 0.5941 -0.8019
vn 0.9576 0.1952 -0.2117
vn 0.3181 0.8207 -0.4747
vn 0.4875 0.7105 -0.5075
vn 0.2548 0.7532 -0.6064
vn 0.0117 0.5744 -0.8185
vn 0.2082 0.7327 -0.6479
vn 0.2166 0.7355 -0.6419
vn 0.7476 0.4502 -0.4883
vn 0.5715 0.6355 -0.5192
vn 0.5730 0.6357 -0.5172
vn 0.5420 0.4612 -0.7026
vn 0.6379 0.4769 -0.6047
vn 0.2312 0.7600 -0.6074
vn 0.2263 0.7560 -0.6142
vn 0.4231 0.7982 -0.4287
vn 0.3978 0.7921 -0.4629
vn 0.6040 0.4734 -0.6411
vn 0.8334 0.3662 -0.4139
vn 0.0400 0.6123 -0.7896
vn 0.1909 0.1926 -0.9625
vn 0.3344 0.8351 -0.4367
vn 0.3338 0.8351 -0.4373
vn 0.9416 0.2202 -0.2548
vn 0.4084 0.4403 -0.7996
vn 0.3544 0.3509 -0.8668
vn 0.3571 0.3548 -0.8641
vn 0.4214 0.7636 -0.4893
vn 0.2784 0.8173 -0.5044
vn 0.2735 0.8139 -0.5126
vn 0.3032 0.3013 -0.9041
vn 0.3056 0.3030 -0.9027
vn 0.8104 0.4031 -0.4251
vn 0.1289 0.7074 -0.6950
vn 0.1340 0.7106 -0.6907
vn 0.0131 0.6001 -0.7998
vn 0.5244 0.6528 -0.5467
vn 0.4601 0.7247 -0.5128
vn 0.4447 0.7228 -0.5290
vn 0.2413 0.7886 -0.5656
vn 0.2354 0.7847 -0.5734
vn 0.0665 0.6533 -0.7542
vn 0.7707 0.4476 -0.4534
vn 0.2912 0.8366 -0.4640
vn 0.3926 0.4321 -0.8119
vn 0.2092 0.7611 -0.6140
vn 0.3808 0.8273 -0.4130
vn 0.5181 0.4649 -0.7179
vn 0.5587 0.6134 -0.5582
vn 0.5585 0.6134 -0.5584
vn 0.3583 0.8402 -0.4069
vn 0.5872 0.4983 -0.6379
vn 0.4211 0.4607 -0.7813
vn 0.1738 0.7455 -0.6435
vn 0.1790 0.7475 -0.6397
vn 0.3758 0.4008 -0.8355
vn 0.4002 0.8035 -0.4407
vn 0.0757 0.6714 -0.7373
vn 0.4908 0.4863 -0.7229
vn 0.0430 0.6433 -0.7644
vn 0.1894 0.7750 -0.6030
vn 0.3998 0.7881 -0.4680
vn 0.4864 0.6743 -0.5557
vn 0.4964 0.6729 -0.5484
vn 0.1738 0.7754 -0.6070
vn 0.3992 0.4440 -0.8022
vn 0.4692 0.4899 -0.7347
vn 0.1136 0.7121 -0.6928
vn 0.8453 0.3850 -0.3706
vn 0.8315 0.3950 -0.3907
vn 0.9768 0.1660 -0.1352
vn 0.6658 0.5222 -0.5330
vn 0.1320 0.7461 -0.6526
vn 0.2218 0.2381 -0.9456
vn 0.2385 0.8028 -0.5464
vn 0.2734 0.8323 -0.4822
vn 0.4076 0.7491 -0.5222
vn 0.4105 0.7738 -0.4825
vn 0.3070 0.3432 -0.8877
vn 0.0687 0.6874 -0.7231
vn 0.0699 0.6893 -0.7211
vn 0.3750 0.4174 -0.8278
vn 0.3596 0.3853 -0.8498
vn 0.4096 0.4856 -0.7723
vn 0.5818 0.5273 -0.6193
vn 0.5850 0.5290 -0.6148
vn 0.6869 0.5357 -0.4911
vn 0.1817 0.7976 -0.5751
vn 0.2252 0.8205 -0.5254
vn 0.2202 0.2481 -0.9434
vn 0.3934 0.4402 -0.8071
vn 0.0171 0.6574 -0.7533
vn 0.2936 0.8502 -0.4370
vn 0.2908 0.8487 -0.4418
vn 0.5424 0.5058 -0.6708
vn 0.1399 0.7535 -0.6423
vn 0.3858 0.7496 -0.5378
vn 0.3851 0.7735 -0.5033
vn 0.6471 0.5569 -0.5207
vn 0.3404 0.8403 -0.4219
vn 0.3208 0.3621 -0.8752
vn 0.4836 0.6483 -0.5881
vn 0.4365 0.6958 -0.5703
vn 0.4437 0.6958 -0.5648
vn 0.9573 0.2263 -0.1799
vn 0.3542 0.8246 -0.4412
vn 0.1850 0.7987 -0.5726
vn 0.7503 0.4994 -0.4332
vn 0.7506 0.4994 -0.4326
vn 0.4131 0.4984 -0.7622
vn 0.0741 0.7308 -0.6786
vn 0.4155 0.4982 -0.7610
vn 0.7990 0.4521 -0.3965
vn 0.7938 0.4534 -0.4053
vn 0.4778 0.5286 -0.7016
vn 0.0247 0.6949 -0.7187
vn 0.0281 0.6966 -0.7169
vn 0.3180 0.3827 -0.8675
vn 0.1974 0.8205 -0.5365
vn 0.1300 0.7832 -0.6080
vn 0.1288 0.7814 -0.6106
vn 0.4390 0.5268 -0.7278
vn 0.4949 0.6318 -0.5966
vn 0.2331 0.8273 -0.5111
vn 0.5122 0.5432 -0.6652
vn 0.0725 0.7332 -0.6761
vn 0.1558 0.2091 -0.9654
vn 0.1468 0.2037 -0.9680
vn 0.5834 0.5694 -0.5792
vn 0.2390 0.2791 -0.9300
vn 0.2432 0.8500 -0.4673
vn 0.2069 0.8246 -0.5266
vn 0.3596 0.4440 -0.8207
vn 0.3958 0.7142 -0.5773
vn 0.4065 0.7147 -0.5692
vn 0.2914 0.8556 -0.4278
vn 0.3333 0.8483 -0.4114
vn 0.0803 0.7561 -0.6496
vn 0.1162 0.8083 -0.5773
vn 0.3463 0.8076 -0.4774
vn 0.3602 0.8136 -0.4565
vn 0.5138 0.5292 -0.6753
vn 0.3883 0.7461 -0.5409
vn 0.3027 0.8599 -0.4110
vn 0.5427 0.5625 -0.6237
vn 0.1771 0.8277 -0.5324
vn 0.1689 0.8251 -0.5391
vn 0.3789 0.5045 -0.7759
vn 0.3783 0.4958 -0.7817
vn 0.3704 0.4685 -0.8021
vn 0.0746 0.7675 -0.6366
vn 0.3443 0.7944 -0.5004
vn 0.4516 0.5410 -0.7095
vn 0.4338 0.6535 -0.6203
vn 0.4430 0.6535 -0.6137
vn 0.8256 0.4443 -0.3479
vn 0.3436 0.7941 -0.5013
vn 0.1741 0.9800 0.0960
vn 0.9990 0.0319 -0.0316
vn 0.1573 0.9852 0.0686
vn 0.9998 0.0130 -0.0137
vn 0.9999 0.0126 -0.0107
vn 0.0394 0.9961 0.0792
vn 0.0357 0.0619 -0.9974
vn 0.9999 -0.0076 0.0090
vn 0.9997 -0.0125 0.0216
vn 0.0535 0.0986 -0.9937
vn 0.0844 0.0711 -0.9939
vn 0.9994 -0.0206 0.0288
vn 0.0999 0.0972 -0.9902
vn 0.9985 -0.0283 0.0469
vn 0.9971 -0.0427 0.0629
vn 0.1386 0.0710 -0.9878
vn 0.1489 0.0909 -0.9847
vn 0.9970 -0.0383 0.0665
vn 0.1810 0.0836 -0.9799
vn 0.1955 0.1225 -0.9730
vn 0.9973 -0.0364 0.0639
vn 0.2339 0.0803 -0.9689
vn 0.2492 0.1154 -0.9616
vn 0.9961 -0.0415 0.0780
vn 0.2961 0.0957 -0.9504
vn 0.3029 0.1238 -0.9450
vn 0.9976 -0.0304 0.0628
vn 0.3511 0.0944 -0.9316
vn 0.3489 0.0995 -0.9319
vn 0.9977 -0.0298 0.0611
vn 0.9978 -0.0278 0.0605
vn 0.9975 -0.0289 0.0639
vn 0.3866 0.1362 -0.9121
vn 0.4069 0.0879 -0.9092
vn 0.4431 0.1095 -0.8898
vn 0.4475 0.1294 -0.8849
vn 0.4805 0.1033 -0.8709
vn 0.9966 -0.0311 0.0765
vn 0.4855 0.1137 -0.8668
vn 0.9974 -0.0282 0.0663
vn 0.5212 0.1058 -0.8469
vn 0.5206 0.1037 -0.8475
vn 0.9965 -0.0289 0.0779
vn 0.9966 -0.0287 0.0770
vn 0.5649 0.0817 -0.8211
vn 0.5744 0.1317 -0.8079
vn 0.6091 0.0557 -0.7911
vn 0.9964 -0.0255 0.0812
vn 0.6428 0.0800 -0.7619
vn 0.9973 -0.0231 0.0701
vn 0.6444 0.1006 -0.7580
vn 0.6829 0.0512 -0.7288
vn 0.6916 0.0631 -0.7195
vn 0.9962 -0.0223 0.0844
vn 0.7206 0.0279 -0.6928
vn 0.7300 0.0846 -0.6782
vn 0.9978 -0.0135 0.0645
vn 0.9980 -0.0132 0.0614
vn 0.7596 0.0369 -0.6493
vn 0.7767 0.0733 -0.6255
vn 0.9969 0.0267 0.0742
vn 0.8218 0.0659 -0.5660
vn 0.9935 0.1033 0.0474
vn 0.9887 0.1225 0.0863
vn 0.8317 0.0780 -0.5497
vn 0.8453 0.0478 -0.5322
vn 0.9850 0.1604 0.0632
vn 0.8647 0.0679 -0.4977
vn 0.8598 0.0802 -0.5044
vn 0.9582 0.2778 0.0676
vn 0.8841 0.0524 -0.4644
vn 0.9446 0.3108 0.1054
vn 0.8902 0.1111 -0.4419
vn 0.9091 0.0512 -0.4134
vn 0.9355 0.3499 0.0488
vn 0.9283 0.3607 0.0899
vn 0.9135 0.4007 0.0699
vn 0.9312 0.0787 -0.3559
vn 0.9340 0.0525 -0.3535
vn 0.8825 0.4635 0.0801
vn 0.9456 0.0897 -0.3128
vn 0.8615 0.4995 0.0913
vn 0.9531 0.0661 -0.2954
vn 0.8540 0.5180 0.0482
vn 0.8356 0.5404 0.0982
vn 0.9658 0.0662 -0.2506
vn 0.9656 0.0688 -0.2508
vn 0.8100 0.5834 0.0598
vn 0.8101 0.5833 0.0592
vn 0.7758 0.6193 0.1211
vn 0.9757 0.0748 -0.2061
vn 0.7507 0.6591 0.0448
vn 0.7430 0.6645 0.0802
vn 0.9874 0.0741 -0.1401
vn 0.7031 0.7028 0.1082
vn 0.6838 0.7285 0.0414
vn 0.9942 0.0517 -0.0940
vn 0.9928 0.0823 -0.0872
vn 0.9973 0.0552 -0.0488
vn 0.5820 0.8085 0.0873
vn 0.5659 0.8175 0.1074
vn 0.5430 0.8369 0.0681
vn 0.4804 0.8750 0.0602
vn 0.4585 0.8819 0.1097
vn 0.9965 0.0693 -0.0468
vn 0.4151 0.9062 0.0812
vn 0.4063 0.9125 0.0465
vn 0.3665 0.9239 0.1095
vn 0.9966 0.0687 -0.0462
vn 0.3360 0.9400 0.0595
vn 0.2640 0.9609 0.0832
vn 0.2244 0.9700 0.0934
vn 0.9992 0.0297 -0.0268
vn 0.2114 0.9757 0.0580
vn 0.9666 -0.2359 -0.1001
vn 0.2802 0.4723 -0.8357
vn 0.3004 0.5006 -0.8119
vn 0.1624 0.6249 -0.7636
vn 0.1552 0.6668 -0.7289
vn 0.1574 0.6318 -0.7590
vn 0.1532 0.6266 -0.7642
vn 0.2993 0.4484 -0.8423
vn 0.2943 0.4429 -0.8469
vn 0.8792 0.2446 -0.4088
vn 0.2391 0.4607 -0.8548
vn 0.9827 -0.1477 -0.1113
vn 0.9899 -0.1190 -0.0767
vn 0.2704 0.3842 -0.8828
vn 0.2236 0.3698 -0.9018
vn 0.1149 0.5895 -0.7996
vn 0.1160 0.5858 -0.8021
vn 0.5789 0.2474 -0.7769
vn 0.9610 0.1088 -0.2544
vn 0.2081 0.3803 -0.9011
vn 0.9848 -0.1499 -0.0876
vn 0.0972 0.5245 -0.8459
vn 0.2022 0.3133 -0.9279
vn 0.5736 0.2232 -0.7882
vn 0.5575 0.2104 -0.8031
vn 0.0908 0.5960 -0.7978
vn 0.3921 0.2213 -0.8929
vn 0.9776 0.0620 -0.2012
vn 0.0722 0.4901 -0.8687
vn 0.7125 0.1983 -0.6731
vn 0.7121 0.1976 -0.6737
vn 0.5664 0.1651 -0.8074
vn 0.0523 0.3478 -0.9361
vn 0.9706 0.0751 -0.2289
vn 0.0518 0.2570 -0.9650
vn 0.7090 0.3707 -0.5999
vn 0.0330 0.2641 -0.9639
vn 0.0256 0.1860 -0.9822
vn 0.0300 0.2041 -0.9785
vn 0.0197 0.3017 -0.9532
vn 0.7032 -0.2131 -0.6783
vn 0.9665 0.0625 -0.2488
vn 0.7213 -0.1683 -0.6719
vn 0.6472 -0.1974 -0.7363
vn 0.8652 0.2590 -0.4293
vn 0.6667 -0.2205 -0.7119
vn 0.9934 -0.0914 -0.0692
vn 0.9886 -0.1299 -0.0767
vn 0.0147 0.3380 -0.9410
vn 0.9519 -0.1003 -0.2896
vn 0.9664 -0.0728 -0.2466
vn 0.9158 0.2050 -0.3454
vn 0.7316 -0.2698 -0.6260
vn 0.9063 -0.2464 -0.3435
vn 0.8976 -0.2755 -0.3442
vn 0.5483 0.2640 -0.7935
vn 0.9243 -0.3390 -0.1753
vn 0.0790 0.5802 -0.8106
vn 0.7057 -0.3593 -0.6107
vn 0.9313 -0.3223 -0.1699
vn 0.9368 0.1810 -0.2995
vn 0.9887 -0.1410 -0.0499
vn 0.9000 0.2133 -0.3802
vn 0.8320 0.2809 -0.4784
vn 0.8279 0.2818 -0.4849
vn 0.9929 -0.0990 -0.0661
vn 0.9936 -0.1037 -0.0438
vn 0.9989 -0.0344 -0.0325
vn 0.9706 -0.2261 -0.0828
vn 0.9771 -0.2005 -0.0709
vn -0.0012 0.2770 -0.9609
vn 0.9989 -0.0455 -0.0076
vn 0.9967 -0.0797 -0.0147
vn 0.7202 0.3498 -0.5991
vn 0.6431 0.3906 -0.6586
vn 0.9746 0.0583 -0.2164
vn 0.9868 -0.1572 -0.0396
vn 0.7853 0.3096 -0.5362
vn 0.7782 0.3096 -0.5464
vn 0.9993 -0.0368 -0.0015
vn 0.9930 -0.1154 -0.0265
vn 0.9919 -0.1240 -0.0269
vn 0.0062 0.2336 -0.9723
vn 0.9961 -0.0867 -0.0139
vn 0.9957 -0.0921 -0.0141
vn 0.9995 -0.0328 -0.0016
vn 0.0005 0.1597 -0.9872
vn 0.9678 0.1421 -0.2080
vn 0.9382 0.1914 -0.2883
vn 0.8429 0.2532 -0.4747
vn 0.0031 0.1680 -0.9858
vn 0.3891 0.6256 -0.6761
vn 0.3708 0.6389 -0.6740
vn 0.4283 0.5443 -0.7213
vn 0.9600 0.1446 -0.2396
vn 0.9773 0.0159 -0.2114
vn 0.6371 0.3943 -0.6623
vn 0.4016 0.5046 -0.7643
vn 0.9448 0.1695 -0.2805
vn 0.4303 0.5083 -0.7460
vn 0.9391 0.1693 -0.2991
vn 0.2758 0.5919 -0.7573
vn 0.9743 0.0234 -0.2241
vn 0.9151 0.2015 -0.3493
vn 0.9381 -0.0732 -0.3385
vn 0.3098 0.5485 -0.7766
vn 0.2394 0.6510 -0.7203
vn 0.7948 0.2844 -0.5362
vn 0.7841 0.2813 -0.5532
vn 0.9377 -0.1258 -0.3238
vn 0.8661 0.2337 -0.4418
vn 0.8420 0.2531 -0.4764
vn 0.4215 0.4799 -0.7694
vn 0.4041 0.4777 -0.7801
vn 0.4378 0.4323 -0.7884
vn 0.7274 0.3102 -0.6121
vn 0.8865 0.2128 -0.4108
vn 0.8004 0.2556 -0.5423
vn 0.2162 0.7094 -0.6708
vn 0.2897 0.5246 -0.8006
vn 0.2024 0.6240 -0.7548
vn 0.2836 0.5178 -0.8071
vn 0.8054 0.2568 -0.5343
vn 0.7284 0.3106 -0.6107
vn 0.6635 0.3355 -0.6687
vn 0.6248 0.3547 -0.6955
vn 0.2160 0.5629 -0.7978
vn 0.8339 0.2472 -0.4935
vn 0.1798 0.7116 -0.6792
vn 0.9202 0.1924 -0.3409
vn 0.9211 -0.2844 -0.2657
vn 0.2243 0.5176 -0.8257
vn 0.6861 0.3105 -0.6579
vn 0.6325 0.3160 -0.7072
vn 0.1918 0.6603 -0.7261
vn 0.8953 -0.3483 -0.2777
vn 0.9300 -0.2839 -0.2336
vn 0.1872 0.5806 -0.7924
vn 0.1809 0.5747 -0.7981
vn 0.9178 -0.3175 -0.2383
vn 0.1719 0.5256 -0.8332
vn 0.1779 0.5330 -0.8272
vn 0.9236 0.1829 -0.3368
vn 0.3821 0.3670 -0.8481
vn 0.6630 0.2936 -0.6887
vn 0.3929 0.3248 -0.8603
vn 0.6072 0.2796 -0.7437
vn 0.1675 0.7328 -0.6595
vn 0.5781 0.2793 -0.7667
vn 0.5399 0.3135 -0.7811
vn 0.4476 0.3245 -0.8333
vn 0.3873 0.3164 -0.8659
vn 0.1379 0.5310 -0.8360
vn 0.1372 0.7120 -0.6886
vn 0.9292 0.1821 -0.3215
vn 0.9441 0.1625 -0.2868
vn 0.9993 -0.0291 -0.0228
vn 0.1264 0.6470 -0.7519
vn 0.1550 0.4987 -0.8528
vn 0.1168 0.4714 -0.8741
vn 0.4741 0.2746 -0.8365
vn 0.1466 0.4253 -0.8931
vn 0.1002 0.7294 -0.6767
vn 0.1070 0.7090 -0.6970
vn 0.9993 -0.0282 -0.0228
vn 0.9303 0.1800 -0.3197
vn 0.9273 0.1652 -0.3360
vn 0.9425 0.1624 -0.2920
vn 0.5287 0.2534 -0.8101
vn 0.9999 -0.0080 -0.0088
vn 0.9997 -0.0109 -0.0232
vn 0.3849 0.2698 -0.8826
vn 0.2821 0.2466 -0.9272
vn 0.4599 0.2591 -0.8493
vn 1.0000 -0.0002 -0.0011
vn 0.0954 0.6101 -0.7866
vn 0.9534 0.1281 -0.2732
vn 0.9615 0.1218 -0.2462
vn 0.1779 0.3507 -0.9194
vn 0.9998 -0.0198 -0.0020
vn 0.0918 0.7877 -0.6091
vn 0.0595 0.7368 -0.6734
vn 0.9994 -0.0348 -0.0017
vn 1.0000 -0.0018 -0.0001
vn 0.0911 0.6713 -0.7356
vn 0.8287 0.2066 -0.5203
vn 0.0754 0.6600 -0.7475
vn 0.7747 0.1830 -0.6053
vn 0.7660 0.1743 -0.6187
vn 0.9982 -0.0590 -0.0039
vn 0.3869 0.2345 -0.8918
vn 0.0642 0.5131 -0.8559
vn 0.2970 0.2598 -0.9189
vn 0.7685 0.2344 -0.5954
vn 0.9471 0.1514 -0.2831
vn 0.2857 0.2382 -0.9282
vn 0.5396 0.5569 -0.6314
vn 0.0602 0.6884 -0.7228
vn 0.0629 0.5779 -0.8136
vn 0.0711 0.6021 -0.7952
vn 0.1587 0.3024 -0.9399
vn 0.4306 0.6121 -0.6633
vn 0.7353 0.1864 -0.6515
vn 0.4732 0.5637 -0.6770
vn 0.4756 0.2073 -0.8549
vn 0.0750 0.5270 -0.8466
vn 0.4766 0.5565 -0.6805
vn 0.1818 0.2579 -0.9489
vn 0.1184 0.3378 -0.9338
vn 0.8805 0.2002 -0.4297
vn 0.3594 0.6086 -0.7074
vn 0.3927 0.5776 -0.7157
vn 0.3296 0.6472 -0.6874
vn 0.3890 0.5763 -0.7187
vn 0.3481 0.6177 -0.7052
vn 0.9651 0.0920 -0.2453
vn 0.0528 0.3867 -0.9207
vn 0.7558 0.1995 -0.6236
vn 0.7903 0.2284 -0.5686
vn 0.4492 0.5311 -0.7184
vn 0.3099 0.6656 -0.6789
vn 0.2500 0.1689 -0.9534
vn 0.3083 0.6220 -0.7197
vn 0.0522 0.6093 -0.7912
vn 0.2808 0.6656 -0.6915
vn 0.6103 0.1881 -0.7695
vn 0.0457 0.6179 -0.7850
vn 0.5047 0.1792 -0.8445
vn 0.4226 0.1692 -0.8904
vn 0.0500 0.6038 -0.7956
vn 0.0440 0.4691 -0.8820
vn 0.2870 0.6429 -0.7101
vn 0.1029 0.2861 -0.9526
vn 0.9695 0.2061 -0.1324
vn 0.9772 0.1761 -0.1188
vn 0.9320 0.1194 -0.3422
vn 0.3829 0.5442 -0.7465
vn 0.9405 0.1343 -0.3120
vn 0.9712 0.2030 -0.1248
vn 0.9790 0.1539 -0.1336
vn 0.3308 0.5974 -0.7305
vn 0.3013 0.1464 -0.9422
vn 0.8103 0.1853 -0.5560
vn 0.9622 0.2195 -0.1613
vn 0.3451 0.5820 -0.7363
vn 0.2587 0.6816 -0.6845
vn 0.2443 0.6789 -0.6924
vn 0.0445 0.5181 -0.8542
vn 0.2840 0.5968 -0.7504
vn 0.9742 0.1615 -0.1575
vn 0.3607 0.5547 -0.7498
vn 0.9749 0.1599 -0.1550
vn 0.9726 0.1182 -0.2003
vn 0.0214 0.5385 -0.8424
vn 0.0264 0.4831 -0.8752
vn 0.0229 0.5423 -0.8398
vn 0.0487 0.3409 -0.9388
vn 0.9476 0.2625 -0.1820
vn 0.2431 0.6465 -0.7232
vn 0.9507 0.2574 -0.1728
vn 0.0444 0.4658 -0.8838
vn 0.6104 0.1519 -0.7774
vn 0.9419 0.2596 -0.2133
vn 0.5478 0.3743 -0.7482
vn 0.5671 0.4008 -0.7196
vn 0.2785 0.0996 -0.9553
vn 0.8249 0.1378 -0.5483
vn 0.9693 0.1267 -0.2107
vn 0.5160 0.1076 -0.8498
vn 0.0316 0.4247 -0.9048
vn 0.9655 0.2009 -0.1657
vn 0.2151 0.6914 -0.6897
vn 0.5514 0.1143 -0.8264
vn 0.8888 0.2269 -0.3983
vn 0.3485 0.0625 -0.9352
vn 0.2319 0.6166 -0.7523
vn 0.9197 0.3208 -0.2266
vn 0.9145 0.3271 -0.2382
vn 0.2862 0.5699 -0.7703
vn 0.2795 0.5637 -0.7772
vn 0.2180 0.6528 -0.7255
vn 0.0264 0.4147 -0.9096
vn 0.9595 0.1439 -0.2420
vn 0.4068 0.0800 -0.9100
vn 0.3463 0.5032 -0.7917
vn 0.3589 0.5118 -0.7806
vn 0.9526 0.2138 -0.2164
vn 0.2051 0.6663 -0.7169
vn 0.9421 0.2588 -0.2132
vn 0.0063 0.5008 -0.8656
vn 0.1819 0.6067 -0.7738
vn 0.2337 0.6137 -0.7541
vn 0.1884 0.6665 -0.7213
vn 0.0947 0.1724 -0.9805
vn 0.2295 0.1019 -0.9680
vn 0.2082 0.0533 -0.9766
vn 0.0700 0.1413 -0.9875
vn 0.3595 0.4703 -0.8060
vn 0.9101 0.3132 -0.2713
vn 0.8529 0.0744 -0.5167
vn 0.8261 0.1403 -0.5458
vn 0.7037 0.1322 -0.6981
vn 0.8672 0.3925 -0.3065
vn 0.6488 0.1301 -0.7497
vn 0.7357 0.2812 -0.6161
vn 0.6039 0.0810 -0.7930
vn 0.9745 0.1583 -0.1588
vn 0.3751 0.0868 -0.9229
vn 0.9603 0.1776 -0.2151
vn 0.8195 0.1377 -0.5563
vn 0.7625 0.1006 -0.6392
vn 0.7464 0.2729 -0.6069
vn 0.6709 0.2885 -0.6831
vn 0.8698 0.2155 -0.4439
vn 0.1574 0.0511 -0.9862
vn 0.8093 0.1096 -0.5771
vn 0.2668 0.0592 -0.9619
vn 0.9646 0.1694 -0.2021
vn 0.9149 0.2911 -0.2795
vn 0.9379 0.2253 -0.2637
vn 0.0851 0.0975 -0.9916
vn 0.6743 0.2430 -0.6974
vn 0.0013 0.4083 -0.9128
vn 0.0173 0.4241 -0.9055
vn 0.7253 0.0701 -0.6848
vn 0.9538 0.2073 -0.2175
vn 0.4842 0.3055 -0.8199
vn 0.9627 0.2172 -0.1612
vn 0.2133 0.0208 -0.9768
vn 0.9539 0.2226 -0.2015
vn 0.9143 0.2715 -0.3004
vn 0.9290 0.2726 -0.2503
vn 0.8896 0.3701 -0.2677
vn 0.9172 0.3058 -0.2553
vn 0.5750 0.0334 -0.8174
vn 0.8788 0.3652 -0.3072
vn 0.8946 0.3240 -0.3078
vn 0.9276 0.2778 -0.2500
vn 0.8841 0.3518 -0.3077
vn 0.9178 0.2681 -0.2929
vn 0.8335 0.4142 -0.3656
vn 0.9070 0.2897 -0.3056
vn 0.0139 0.2592 -0.9657
vn 0.8304 0.3925 -0.3955
vn 0.8428 0.3831 -0.3780
vn 0.8707 0.3462 -0.3494
vn 0.8359 0.4096 -0.3654
vn 0.8415 0.4168 -0.3438
vn 0.7931 0.4787 -0.3767
vn 0.8076 0.4345 -0.3986
vn 0.6996 0.2598 -0.6656
vn 0.7143 0.2230 -0.6633
vn 0.8224 0.4058 -0.3986
vn 0.1275 0.7536 -0.6448
vn 0.7577 0.4266 -0.4939
vn 0.7578 0.4919 -0.4286
vn 0.7613 0.4911 -0.4233
vn 0.7734 0.4453 -0.4512
vn 0.8263 0.0442 -0.5615
vn 0.6227 0.2660 -0.7358
vn 0.7625 0.4624 -0.4526
vn 0.7596 0.4336 -0.4847
vn 0.6946 0.5116 -0.5058
vn 0.3971 0.2794 -0.8742
vn 0.7448 0.4679 -0.4757
vn 0.9559 0.1928 -0.2217
vn 0.0374 0.0300 -0.9989
vn 0.6837 0.5134 -0.5186
vn 0.7331 0.4577 -0.5030
vn 0.0565 0.0019 -0.9984
vn 0.0590 0.0699 -0.9958
vn 0.2015 0.0011 -0.9795
vn 0.6925 0.4769 -0.5413
vn 0.6412 0.5459 -0.5394
vn 0.3270 0.2887 -0.8998
vn 0.6386 -0.0017 -0.7695
vn 0.6780 0.4905 -0.5475
vn 0.5943 0.5592 -0.5779
vn 0.6346 0.5141 -0.5771
vn 0.0891 0.7609 -0.6427
vn 0.0246 0.0966 -0.9950
vn 0.6808 -0.0090 -0.7324
vn 0.6248 0.5145 -0.5873
vn 0.5996 0.5554 -0.5762
vn 0.5671 0.5440 -0.6184
vn 0.9064 0.0534 -0.4190
vn 0.9232 -0.0023 -0.3843
vn 0.4799 0.6105 -0.6301
vn 0.0670 0.0129 -0.9977
vn 0.8784 0.3239 -0.3515
vn 0.6733 0.4564 -0.5817
vn 0.6391 0.2231 -0.7361
vn 0.5242 0.5789 -0.6246
vn 0.5591 0.5972 -0.5751
vn 0.7082 0.2114 -0.6736
vn 0.7928 0.0108 -0.6094
vn 0.1073 -0.0023 -0.9942
vn 0.6816 0.4488 -0.5780
vn 0.1033 -0.0150 -0.9945
vn 0.2225 -0.0530 -0.9735
vn 0.9345 0.2248 -0.2759
vn 0.0741 0.7111 -0.6992
vn 0.9624 0.1214 -0.2431
vn 0.6440 0.4825 -0.5937
vn 0.9679 0.1576 -0.1956
vn 0.1363 -0.0246 -0.9904
vn 0.5924 0.5011 -0.6308
vn 0.6710 -0.0053 -0.7414
vn 0.5349 0.5335 -0.6552
vn 0.6244 -0.0193 -0.7808
vn 0.8666 0.3320 -0.3725
vn 0.9091 0.1843 -0.3737
vn 0.2768 -0.0459 -0.9598
vn 0.8587 0.0022 -0.5124
vn 0.3978 -0.0546 -0.9158
vn 0.9465 0.1964 -0.2562
vn 0.1539 -0.0697 -0.9856
vn 0.7801 -0.0635 -0.6224
vn 0.8999 0.1938 -0.3905
vn 0.6596 0.4281 -0.6178
vn 0.4020 -0.0482 -0.9144
vn 0.5477 0.5318 -0.6460
vn 0.8063 -0.0351 -0.5904
vn 0.1969 -0.0371 -0.9797
vn 0.8445 -0.0984 -0.5264
vn 0.6129 0.4748 -0.6316
vn 0.6191 0.4741 -0.6261
vn 0.2280 0.3111 -0.9226
vn 0.7333 -0.0571 -0.6776
vn 0.4774 0.6135 -0.6291
vn 0.4165 0.6263 -0.6590
vn 0.8835 0.1977 -0.4246
vn 0.2132 -0.1279 -0.9686
vn 0.0558 0.7601 -0.6474
vn 0.5056 -0.1235 -0.8539
vn 0.4740 -0.0706 -0.8777
vn 0.4643 0.6020 -0.6496
vn 0.7855 -0.0702 -0.6149
vn 0.6318 -0.0977 -0.7690
vn 0.5532 0.5058 -0.6619
vn 0.6866 -0.0998 -0.7201
vn 0.9798 0.0454 -0.1946
vn 0.4846 -0.1593 -0.8601
vn 0.0449 0.6293 -0.7759
vn 0.2147 -0.1244 -0.9687
vn 0.4761 0.5648 -0.6741
vn 0.9186 0.2627 -0.2951
vn 0.9345 0.1382 -0.3281
vn 0.2278 0.2319 -0.9457
vn 0.6599 -0.1504 -0.7361
vn 0.2796 -0.1005 -0.9548
vn 0.0740 0.7112 -0.6991
vn 0.5802 -0.1316 -0.8038
vn 0.8916 -0.0733 -0.4468
vn 0.2785 -0.1928 -0.9409
vn 0.8685 -0.1485 -0.4729
vn 0.0278 0.6787 -0.7339
vn 0.9626 -0.0008 -0.2710
vn 0.9695 -0.0087 -0.2449
vn 0.5490 0.4993 -0.6703
vn 0.9581 0.1703 -0.2301
vn 0.8238 -0.1269 -0.5525
vn 0.9652 0.1577 -0.2084
vn 0.5662 0.4973 -0.6573
vn 0.9071 -0.0654 -0.4159
vn 0.9142 -0.0749 -0.3984
vn 0.5929 -0.2388 -0.7691
vn 0.5712 -0.1626 -0.8045
vn 0.4075 0.5984 -0.6898
vn 0.7661 -0.1630 -0.6218
vn 0.9670 -0.0628 -0.2471
vn 0.3972 -0.1887 -0.8981
vn 0.7733 -0.1725 -0.6101
vn 0.8798 0.3019 -0.3671
vn 0.9114 0.1630 -0.3779
vn 0.8782 -0.1588 -0.4511
vn 0.2097 0.2073 -0.9555
vn 0.2695 0.2457 -0.9311
vn 0.6387 0.4209 -0.6442
vn 0.6606 0.4253 -0.6186
vn 0.9332 0.2275 -0.2780
vn 0.8558 0.1963 -0.4787
vn 0.9825 0.0098 -0.1858
vn 0.1882 0.2650 -0.9457
vn 0.9534 -0.0455 -0.2984
vn 0.8942 0.2714 -0.3560
vn 0.0181 0.7529 -0.6579
vn 0.8382 -0.1779 -0.5156
vn 0.5095 -0.2197 -0.8319
vn 0.5167 -0.2092 -0.8302
vn 0.1910 0.2066 -0.9596
vn 0.4326 -0.2370 -0.8699
vn 0.9228 -0.1092 -0.3693
vn 0.8334 0.2057 -0.5130
vn 0.5288 -0.3117 -0.7894
vn 0.5308 0.5114 -0.6758
vn 0.9498 0.1889 -0.2495
vn 0.4388 -0.3243 -0.8380
vn 0.8925 -0.1721 -0.4169
vn 0.8998 0.1703 -0.4018
vn 0.5529 0.5061 -0.6620
vn 0.4849 0.5307 -0.6951
vn 0.9579 0.1526 -0.2432
vn 0.6017 0.4438 -0.6641
vn 0.7116 0.5201 -0.4724
vn 0.4002 0.6072 -0.6865
vn 0.4759 -0.2955 -0.8284
vn 0.9763 -0.0327 -0.2137
vn 0.5843 0.4545 -0.6723
vn 0.7660 -0.2616 -0.5872
vn 0.2497 0.1694 -0.9534
vn 0.9755 0.1202 -0.1843
vn 0.8323 -0.2228 -0.5075
vn 0.9145 -0.1946 -0.3547
vn 0.8698 0.3338 -0.3633
vn 0.9373 -0.1258 -0.3251
vn 0.9112 -0.1827 -0.3693
vn 0.8531 0.1812 -0.4892
vn 0.9917 0.0386 -0.1229
vn 0.9458 0.1399 -0.2931
vn 0.8438 -0.2538 -0.4728
vn 0.7955 -0.2774 -0.5387
vn 0.8774 0.1556 -0.4537
vn 0.5247 0.4753 -0.7063
vn 0.5618 0.4605 -0.6872
vn 0.6416 0.3905 -0.6602
vn 0.9886 0.0256 -0.1484
vn 0.1527 0.2114 -0.9654
vn 0.5933 -0.3215 -0.7380
vn 0.1413 0.1855 -0.9724
vn 0.5423 -0.3896 -0.7444
vn 0.5370 0.4739 -0.6978
vn 0.8556 -0.2316 -0.4628
vn 0.8387 -0.3005 -0.4542
vn 0.9540 0.1159 -0.2764
vn 0.9322 -0.1527 -0.3282
vn 0.0276 0.6791 -0.7335
vn 0.9352 -0.2062 -0.2880
vn 0.6043 -0.3365 -0.7222
vn 0.5874 -0.3896 -0.7094
vn 0.1062 0.1516 -0.9827
vn 0.6695 0.5588 -0.4893
vn 0.1932 0.2035 -0.9598
vn 0.0219 0.6111 -0.7913
vn 0.9106 0.1612 -0.3805
vn 0.9128 0.1354 -0.3852
vn 0.9210 0.1219 -0.3700
vn 0.8162 0.3740 -0.4403
vn 0.8487 0.3610 -0.3865
vn 0.0104 0.5935 -0.8048
vn 0.9852 -0.0268 -0.1691
vn 0.4727 0.4914 -0.7315
vn 0.6753 -0.3614 -0.6429
vn 0.7461 -0.3832 -0.5445
vn 0.8523 0.1707 -0.4945
vn 0.8850 -0.2388 -0.3997
vn 0.8749 0.1265 -0.4675
vn 0.8716 -0.2996 -0.3880
vn 0.4868 0.4921 -0.7217
vn 0.7062 0.3449 -0.6183
vn 0.9258 -0.1973 -0.3225
vn 0.9250 -0.2476 -0.2882
vn 0.9911 -0.0031 -0.1331
vn 0.9909 -0.0025 -0.1348
vn 0.1379 0.1902 -0.9720
vn 0.9522 -0.1646 -0.2575
vn 0.9780 -0.0997 -0.1834
vn 0.5895 0.4314 -0.6829
vn 0.6894 -0.4216 -0.5890
vn 0.1850 0.1355 -0.9734
vn 0.1757 0.1227 -0.9768
vn 0.8297 -0.3474 -0.4370
vn 0.8428 -0.3203 -0.4325
vn 0.9630 -0.1365 -0.2324
vn 0.2250 0.1245 -0.9664
vn 0.6905 0.3394 -0.6387
vn 0.8965 0.1214 -0.4261
vn 0.9765 -0.1112 -0.1844
vn 0.9753 -0.1584 -0.1542
vn 0.9260 -0.2844 -0.2484
vn 0.5589 0.4091 -0.7213
vn 0.7847 -0.3887 -0.4829
vn 0.8639 0.3370 -0.3744
vn 0.1322 0.1158 -0.9844
vn 0.4874 0.4566 -0.7443
vn 0.9269 -0.2403 -0.2882
vn 0.1608 0.1435 -0.9765
vn 0.9952 0.0159 -0.0965
vn 0.5413 0.4289 -0.7233
vn 0.9483 -0.1936 -0.2516
vn 0.9934 -0.0404 -0.1075
vn 0.7816 -0.3911 -0.4860
vn 0.8725 -0.3502 -0.3407
vn 0.9684 -0.1597 -0.1914
vn 0.6045 0.3745 -0.7031
vn 0.9931 -0.0389 -0.1107
vn 0.7679 -0.4204 -0.4833
vn 0.4464 0.4568 -0.7694
vn 0.4961 0.4470 -0.7444
vn 0.8163 0.3919 -0.4244
vn 0.7860 0.4032 -0.4687
vn 0.8170 -0.4284 -0.3859
vn 0.9898 -0.0820 -0.1161
vn 0.9721 -0.1776 -0.1531
vn 0.9718 0.1365 -0.1921
vn 0.9956 0.0006 -0.0938
vn 0.9973 -0.0233 -0.0689
vn 0.9398 0.2069 -0.2718
vn 0.9499 -0.2315 -0.2102
vn 0.9264 0.0852 -0.3668
vn 0.8583 -0.3948 -0.3280
vn 0.8395 -0.4012 -0.3665
vn 0.9041 0.1036 -0.4146
vn 0.9443 -0.2696 -0.1889
vn 0.9612 0.0985 -0.2576
vn 0.9671 -0.2075 -0.1469
vn 0.4780 0.4124 -0.7756
vn 0.9436 0.0832 -0.3205
vn 0.9805 -0.1619 -0.1114
vn 0.9759 -0.1944 -0.0995
vn 0.9989 -0.0013 -0.0463
vn 0.9973 -0.0253 -0.0692
vn 0.9490 0.1013 -0.2986
vn 0.9558 0.0921 -0.2792
vn 0.8867 0.2914 -0.3589
vn 0.9670 -0.2262 -0.1174
vn 0.9488 -0.2744 -0.1568
vn 0.9930 -0.0820 -0.0847
vn 0.9958 -0.0640 -0.0659
vn 0.7459 0.4363 -0.5034
vn 0.9605 -0.2402 -0.1403
vn 0.9363 -0.2995 -0.1833
vn 0.9090 -0.3503 -0.2257
vn 0.9369 -0.2991 -0.1811
vn 0.8718 0.0982 -0.4800
vn 0.9564 0.0556 -0.2869
vn 0.5704 0.3338 -0.7505
vn 0.6045 0.3362 -0.7221
vn 0.8333 0.3330 -0.4413
vn 0.9791 -0.1894 -0.0740
vn 0.9074 0.1118 -0.4050
vn 0.9518 -0.2772 -0.1313
vn 0.8541 0.3273 -0.4043
vn 0.9991 -0.0246 -0.0358
vn 0.9258 0.0764 -0.3702
vn 0.9761 -0.1991 -0.0875
vn 0.9434 0.0836 -0.3209
vn 0.9576 0.1483 -0.2468
vn 0.5121 0.3761 -0.7722
vn 0.4557 0.4033 -0.7936
vn 0.9167 0.2329 -0.3248
vn 0.9962 -0.0785 -0.0373
vn 0.9500 0.1824 -0.2536
vn 0.9827 -0.1702 -0.0726
vn 0.9604 0.0448 -0.2749
vn 0.9830 -0.1768 -0.0492
vn 0.9508 -0.2788 -0.1352
vn 0.9926 -0.1164 -0.0333
vn 0.9955 -0.0899 -0.0310
vn 0.4714 0.3527 -0.8084
vn 0.9974 -0.0624 -0.0360
vn 0.9903 -0.1299 -0.0485
vn 0.9633 -0.2472 -0.1041
vn 0.9064 0.2464 -0.3433
vn 0.9645 -0.2455 -0.0978
vn 0.9565 0.1656 -0.2402
vn 0.5261 0.3530 -0.7737
vn 0.9971 -0.0752 -0.0144
vn 0.9715 -0.2250 -0.0746
vn 0.4645 0.3513 -0.8129
vn 0.9891 -0.1427 -0.0356
vn 0.9414 0.0580 -0.3322
vn 0.9952 -0.0976 -0.0117
vn 0.8978 0.2637 -0.3526
vn 0.9831 -0.1765 -0.0492
vn 0.9228 0.2158 -0.3191
vn 0.4672 0.3537 -0.8103
vn 0.8528 0.0737 -0.5170
vn 0.9599 0.1613 -0.2291
vn 0.8642 0.0546 -0.5001
vn 0.1173 0.0538 -0.9916
vn 0.9913 -0.1304 -0.0169
vn 0.9788 -0.1938 -0.0658
vn 0.0520 0.0804 -0.9954
vn 0.0913 0.0859 -0.9921
vn 0.8890 0.0624 -0.4536
vn 0.9992 -0.0396 -0.0094
vn 0.5949 0.0112 -0.8037
vn 0.9955 -0.0945 -0.0078
vn 0.4829 0.3053 -0.8207
vn 0.8164 0.3708 -0.4428
vn 0.7987 0.3670 -0.4768
vn 0.9554 0.0179 -0.2947
vn 0.8871 0.0461 -0.4593
vn 0.9987 -0.0507 -0.0070
vn 0.3691 -0.0058 -0.9294
vn 0.9982 -0.0602 -0.0060
vn 0.9445 0.1704 -0.2808
vn 0.8346 0.0347 -0.5497
vn 0.8532 0.2334 -0.4664
vn 0.9194 0.1919 -0.3433
vn 0.8976 0.2105 -0.3872
vn 0.8774 0.2699 -0.3967
vn 0.8381 0.3053 -0.4521
vn 0.8656 0.2338 -0.4428
vn 0.4010 0.4505 -0.7976
vn 0.9362 0.1954 -0.2920
vn 0.9156 0.0418 -0.3999
vn 0.2314 0.5754 -0.7844
vn 0.9416 0.1690 -0.2912
vn 0.9351 0.0605 -0.3491
vn 0.4255 0.3987 -0.8124
vn 0.4290 -0.0080 -0.9033
vn 0.3302 0.4245 -0.8430
vn 0.2607 0.5343 -0.8041
vn 0.1278 0.0431 -0.9909
vn 0.5079 -0.0026 -0.8614
vn 0.9704 0.1212 -0.2090
vn 0.7540 0.2363 -0.6128
vn 0.2325 0.4932 -0.8383
vn 0.9087 -0.0076 -0.4174
vn 0.3915 0.3831 -0.8366
vn 0.4515 0.0114 -0.8922
vn 0.3778 0.4106 -0.8299
vn 0.5619 -0.0177 -0.8270
vn 0.7899 0.3791 -0.4820
vn 0.9674 0.0340 -0.2509
vn 0.9637 0.0720 -0.2571
vn 0.8422 0.2251 -0.4900
vn 0.8055 0.2381 -0.5427
vn 0.1819 0.6984 -0.6922
vn 0.5313 0.0177 -0.8470
vn 0.8451 0.3116 -0.4343
vn 0.1824 0.4709 -0.8631
vn 0.7423 0.0315 -0.6693
vn 0.2234 0.4448 -0.8674
vn 0.9575 0.1425 -0.2507
vn 0.8688 -0.0042 -0.4952
vn 0.9517 0.0212 -0.3063
vn 0.1730 0.4506 -0.8758
vn 0.1430 0.5791 -0.8026
vn 0.1470 0.5698 -0.8085
vn 0.9006 0.2032 -0.3842
vn 0.8275 0.2228 -0.5153
vn 0.8810 0.2149 -0.4214
vn 0.3238 0.3913 -0.8614
vn 0.2927 0.3721 -0.8809
vn 0.9063 0.2034 -0.3704
vn 0.4766 -0.0652 -0.8767
vn 0.1305 0.6816 -0.7200
vn 0.8772 0.0170 -0.4798
vn 0.9063 -0.0878 -0.4135
vn 0.0052 0.1242 -0.9922
vn 0.1376 0.5319 -0.8356
vn 0.3484 0.3314 -0.8768
vn 0.2988 0.3249 -0.8973
vn 0.3153 0.3190 -0.8938
vn 0.1277 0.6482 -0.7507
vn 0.7803 0.2394 -0.5778
vn 0.7633 0.2406 -0.5995
vn 0.8574 0.2233 -0.4637
vn 0.1899 0.4314 -0.8820
vn 0.7591 0.4155 -0.5012
vn 0.0922 0.6735 -0.7334
vn 0.7383 0.4138 -0.5326
vn 0.9559 0.1434 -0.2563
vn 0.2597 0.3083 -0.9152
vn 0.2180 0.3219 -0.9213
vn 0.1607 0.3679 -0.9159
vn 0.9289 -0.0076 -0.3702
vn 0.1302 0.4395 -0.8887
vn 0.1220 0.4365 -0.8914
vn 0.5604 -0.0625 -0.8259
vn 0.0107 0.1592 -0.9872
vn 0.1000 0.5124 -0.8529
vn 0.8366 -0.0344 -0.5467
vn 0.0927 0.4548 -0.8858
vn 0.2123 0.2936 -0.9320
vn 0.5667 -0.0959 -0.8183
vn 0.5800 -0.0327 -0.8139
vn 0.0821 0.4438 -0.8924
vn 0.6354 0.2187 -0.7406
vn 0.9612 0.0530 -0.2707
vn 0.8330 0.2052 -0.5137
vn 0.4810 0.2160 -0.8497
vn 0.3478 -0.0685 -0.9350
vn 0.1020 0.3761 -0.9209
vn 0.1353 0.3651 -0.9211
vn 0.6461 -0.0689 -0.7602
vn 0.2764 -0.0464 -0.9599
vn 0.3227 0.2415 -0.9152
vn 0.4019 0.2393 -0.8839
vn 0.7877 0.3488 -0.5079
vn 0.7984 0.3499 -0.4901
vn 0.0558 0.7573 -0.6507
vn 0.0355 0.6896 -0.7233
vn 0.7147 0.4321 -0.5501
vn 0.0847 0.3520 -0.9322
vn 0.9377 -0.0752 -0.3391
vn 0.9232 -0.0017 -0.3842
vn 0.9791 0.0688 -0.1914
vn 0.3216 -0.1466 -0.9355
vn 0.2743 0.1904 -0.9426
vn 0.9562 -0.0204 -0.2919
vn 0.7110 -0.1407 -0.6890
vn 0.6521 0.1855 -0.7351
vn 0.5670 0.1648 -0.8071
vn 0.4131 -0.1524 -0.8978
vn 0.0573 0.7593 -0.6482
vn 0.4589 -0.1234 -0.8799
vn 0.0755 0.4073 -0.9102
vn 0.3465 0.1834 -0.9199
vn 0.0778 0.3278 -0.9415
vn 0.0914 0.3449 -0.9342
vn 0.9473 -0.0214 -0.3197
vn 0.0632 0.4157 -0.9073
vn 0.8276 0.3061 -0.4706
vn 0.8434 0.3006 -0.4453
vn 0.0657 0.4737 -0.8782
vn 0.0098 0.7385 -0.6742
vn 0.0626 0.5458 -0.8356
vn 0.1229 0.2697 -0.9551
vn 0.1359 0.2803 -0.9502
vn 0.6595 0.1936 -0.7263
vn 0.3319 -0.1233 -0.9352
vn 0.0783 0.2719 -0.9591
vn 0.9813 0.0068 -0.1924
vn 0.7232 0.1662 -0.6703
vn 0.3526 0.1890 -0.9165
vn 0.9857 -0.0013 -0.1682
vn 0.4083 0.1551 -0.8996
vn 0.4882 0.1438 -0.8608
vn 0.3695 0.1183 -0.9217
vn 0.4170 0.1525 -0.8960
vn 0.9880 0.0362 -0.1503
vn 0.0133 0.7257 -0.6878
vn 0.9754 -0.0305 -0.2182
vn 0.6224 0.1456 -0.7691
vn 0.5188 0.0940 -0.8497
vn 0.0713 0.2835 -0.9563
vn 0.1035 0.2280 -0.9682
vn 0.1074 0.2198 -0.9696
vn 0.6839 0.1721 -0.7090
vn 0.6676 0.1513 -0.7290
vn -0.0038 0.6554 -0.7553
vn 0.7840 0.1704 -0.5969
vn 0.0347 0.4108 -0.9111
vn 0.9888 0.0248 -0.1471
vn 0.0333 0.6911 -0.7220
vn 0.5511 -0.2891 -0.7827
vn 0.6136 -0.2864 -0.7358
vn 0.3378 0.1297 -0.9322
vn 0.6950 0.1219 -0.7086
vn 0.0215 0.4597 -0.8878
vn 0.7382 0.4002 -0.5431
vn 0.7224 0.3899 -0.5710
vn 0.8828 -0.2309 -0.4091
vn 0.0657 0.2116 -0.9751
vn 0.0717 0.1916 -0.9789
vn 0.4390 0.0888 -0.8941
vn 0.4549 0.1254 -0.8817
vn 0.0296 0.3743 -0.9268
vn 0.0177 0.3177 -0.9480
vn 0.7394 0.1256 -0.6614
vn 0.9044 -0.2420 -0.3514
vn 0.6202 -0.4392 -0.6499
vn 0.0421 0.3439 -0.9381
vn 0.0287 0.2933 -0.9556
vn 0.0529 0.2125 -0.9757
vn 0.2802 0.0978 -0.9549
vn 0.5219 0.1159 -0.8451
vn 0.9754 -0.0659 -0.2104
vn 0.7170 -0.3677 -0.5922
vn 0.0472 0.1493 -0.9877
vn 0.8157 -0.3058 -0.4911
vn 0.1610 0.1439 -0.9764
vn 0.1250 0.1187 -0.9850
vn 0.5858 0.0958 -0.8048
vn 0.5380 0.0533 -0.8413
vn 0.3530 0.0597 -0.9337
vn 0.3833 0.0368 -0.9229
vn 0.9654 0.0939 -0.2432
vn 0.4784 0.0696 -0.8754
vn 0.4573 0.0485 -0.8880
vn 0.7787 -0.3794 -0.4997
vn 0.8754 -0.3054 -0.3747
vn 0.8609 -0.3441 -0.3747
vn 0.1696 0.0678 -0.9832
vn 0.4102 0.0559 -0.9103
vn 0.9309 0.1966 -0.3079
vn 0.7204 0.0608 -0.6909
vn 0.7877 0.0739 -0.6116
vn 0.6161 0.0675 -0.7848
vn 0.6705 0.0743 -0.7382
vn 0.6638 0.0659 -0.7450
vn 0.0087 0.3596 -0.9331
vn 0.0483 0.1463 -0.9881
vn 0.0514 0.0786 -0.9956
vn 0.3384 0.0434 -0.9400
vn 0.8998 -0.3060 -0.3109
vn 0.8800 -0.3472 -0.3241
vn 0.9363 0.1813 -0.3008
vn 0.3060 0.0002 -0.9520
vn 0.7770 0.0401 -0.6282
vn 0.3752 -0.0006 -0.9270
vn 0.8287 -0.3876 -0.4037
vn 0.0072 0.1772 -0.9842
vn 0.8235 -0.3863 -0.4155
vn 0.0148 0.2214 -0.9751
vn 0.2540 0.0175 -0.9671
vn 0.9290 -0.2736 -0.2494
vn 0.0874 0.0429 -0.9953
vn 0.0222 0.1119 -0.9935
vn 0.3069 0.0010 -0.9517
vn 0.0344 0.1319 -0.9907
vn 0.1631 -0.0025 -0.9866
vn 0.1553 0.0077 -0.9878
vn 0.7247 -0.0347 -0.6881
vn 0.9720 0.1254 -0.1986
vn 0.8942 -0.0619 -0.4433
vn 0.8608 -0.0674 -0.5045
vn 0.9001 -0.1054 -0.4228
vn 0.9698 0.0951 -0.2247
vn 0.8396 -0.0957 -0.5347
vn 0.2999 -0.1614 -0.9402
vn 0.9563 0.1542 -0.2484
vn 0.5938 -0.2365 -0.7690
vn 0.8147 -0.2156 -0.5384
vn 0.9089 0.2226 -0.3526
vn 0.9065 0.2238 -0.3579
vn 0.4495 -0.2516 -0.8571
vn 0.3930 -0.2829 -0.8749
vn 0.8815 -0.2354 -0.4092
vn 0.8791 -0.1561 -0.4503
vn 0.9638 -0.0520 -0.2616
vn 0.9846 -0.1204 -0.1266
vn 0.9458 -0.0933 -0.3110
vn 0.7850 0.3327 -0.5225
vn 0.7189 -0.2847 -0.6342
vn 0.7857 0.3328 -0.5215
vn 0.7614 -0.2589 -0.5943
vn 0.9619 -0.0744 -0.2632
vn 0.9890 -0.1195 -0.0875
vn 0.6558 -0.3046 -0.6908
vn 0.6528 -0.3033 -0.6941
vn 0.9939 -0.0710 -0.0848
vn 0.7256 0.3828 -0.5718
vn 0.8905 -0.3593 -0.2792
vn 0.9970 0.0080 -0.0775
vn 0.9997 0.0040 -0.0232
vn 0.9840 -0.0500 -0.1712
vn 0.9814 0.0194 -0.1911
vn 0.9653 -0.1206 -0.2316
vn 0.9460 -0.1531 -0.2857
vn 0.9495 -0.1379 -0.2819
vn 0.7773 -0.3190 -0.5423
vn 0.9802 -0.1597 -0.1171
vn 0.9849 -0.0769 -0.1548
vn 0.9861 -0.0784 -0.1468
vn 0.8974 -0.3477 -0.2716
vn 0.9524 -0.2136 -0.2176
vn 0.9882 -0.0584 -0.1419
vn 0.9825 -0.1145 -0.1470
vn 0.9923 -0.0517 -0.1121
vn 0.9686 -0.1990 -0.1488
vn 0.9656 -0.1784 -0.1891
vn 0.9773 -0.1636 -0.1346
vn 0.9148 -0.3381 -0.2211
vn 0.9882 -0.0998 -0.1163
vn 0.9556 -0.2408 -0.1696
vn 0.9355 -0.2605 -0.2388
vn 0.9953 -0.0313 -0.0916
vn 0.9929 -0.0501 -0.1080
vn 0.9975 -0.0378 -0.0589
vn 0.8895 -0.3652 -0.2745
vn 0.9965 -0.0617 -0.0563
vn 0.9742 -0.1963 -0.1115
vn 0.9679 -0.2326 -0.0948
vn 0.2026 -0.7259 -0.6572
vn 0.2094 -0.2091 -0.9552
vn 0.0247 -0.9574 -0.2877
vn 0.2303 -0.3378 -0.9126
vn 0.1858 -0.7789 -0.5990
vn 0.0590 -0.9526 -0.2983
vn 0.2197 -0.8654 -0.4504
vn 0.2419 -0.5942 -0.7671
vn 0.2063 -0.7564 -0.6208
vn 0.2618 -0.6197 -0.7399
vn 0.0792 -0.9051 -0.4177
vn 0.2395 -0.8236 -0.5140
vn 0.2891 -0.2519 -0.9235
vn 0.2300 -0.6672 -0.7084
vn 0.2472 -0.6988 -0.6712
vn 0.1596 -0.8923 -0.4223
vn 0.1565 -0.9324 -0.3257
vn 0.1143 -0.9122 -0.3935
vn 0.2552 -0.4060 -0.8775
vn 0.1042 -0.9459 -0.3074
vn 0.2852 -0.7007 -0.6539
vn 0.2818 -0.3242 -0.9030
vn 0.2568 -0.1867 -0.9483
vn 0.2999 -0.6196 -0.7254
vn 0.2028 -0.9094 -0.3632
vn 0.0101 -0.9795 -0.2012
vn -0.0010 -0.9941 -0.1083
vn 0.1482 -0.8936 -0.4237
vn 0.2484 -0.8436 -0.4760
vn 0.1359 -0.9476 -0.2892
vn 0.2679 -0.7863 -0.5567
vn 0.2800 -0.3219 -0.9044
vn 0.0915 -0.9799 -0.1771
vn 0.3264 -0.5735 -0.7514
vn 0.0594 -0.9711 -0.2311
vn 0.0430 -0.9830 -0.1786
vn 0.2391 -0.8355 -0.4948
vn 0.2809 -0.6061 -0.7442
vn 0.1279 -0.9588 -0.2535
vn 0.2900 -0.6902 -0.6630
vn 0.2132 -0.8970 -0.3873
vn 0.2102 -0.9360 -0.2824
vn 0.2751 -0.7509 -0.6003
vn 0.1388 -0.9785 -0.1527
vn 0.3282 -0.7132 -0.6194
vn 0.1400 -0.9786 -0.1509
vn 0.3472 -0.3674 -0.8628
vn 0.2492 -0.9000 -0.3577
vn 0.3008 -0.8337 -0.4631
vn 0.1717 -0.9682 -0.1821
vn 0.2904 -0.8172 -0.4978
vn 0.2895 -0.8789 -0.3790
vn 0.2506 -0.8983 -0.3609
vn 0.3483 -0.3383 -0.8742
vn 0.2695 -0.9215 -0.2798
vn 0.3086 -0.8900 -0.3356
vn 0.0815 -0.9830 -0.1646
vn 0.0341 -0.9990 -0.0292
vn 0.3486 -0.6990 -0.6244
vn 0.4228 -0.6411 -0.6406
vn 0.1861 -0.9822 -0.0246
vn 0.3504 -0.3392 -0.8730
vn 0.3065 -0.8939 -0.3271
vn 0.0928 -0.9880 -0.1232
vn 0.3525 -0.2778 -0.8936
vn 0.1934 -0.9458 -0.2610
vn 0.4026 -0.4401 -0.8026
vn 0.2178 -0.9751 -0.0419
vn 0.0941 -0.9951 -0.0286
vn 0.3335 -0.7768 -0.5342
vn 0.0855 -0.9948 -0.0549
vn 0.2247 -0.9518 -0.2089
vn 0.3295 -0.6362 -0.6976
vn 0.3800 -0.7262 -0.5729
vn 0.1986 -0.9765 -0.0842
vn 0.3423 -0.9037 -0.2572
vn 0.3251 -0.8523 -0.4098
vn 0.3502 -0.3330 -0.8755
vn 0.3778 -0.4061 -0.8321
vn 0.4338 -0.5287 -0.7296
vn 0.1205 -0.9920 -0.0370
vn 0.3732 -0.6631 -0.6489
vn 0.2413 -0.9698 -0.0339
vn 0.2014 -0.9719 -0.1220
vn 0.1621 -0.9850 -0.0589
vn 0.2740 -0.9564 -0.1010
vn 0.2743 -0.9604 -0.0487
vn 0.4631 -0.6054 -0.6474
vn 0.3345 -0.7898 -0.5142
vn 0.4017 -0.4417 -0.8022
vn 0.3385 -0.7598 -0.5551
vn 0.3781 -0.8843 -0.2740
vn 0.3183 -0.9422 -0.1049
vn 0.3872 -0.8364 -0.3880
vn 0.2295 -0.9602 -0.1590
vn 0.2883 -0.9572 -0.0253
vn 0.4287 -0.5270 -0.7339
vn 0.4272 -0.5024 -0.7517
vn 0.3854 -0.6353 -0.6692
vn 0.3902 -0.7858 -0.4799
vn 0.4005 -0.8870 -0.2299
vn 0.2606 -0.9376 -0.2303
vn 0.4627 -0.5991 -0.6534
vn 0.3528 -0.9343 -0.0518
vn 0.4483 -0.5856 -0.6754
vn 0.3674 -0.8559 -0.3639
vn 0.4256 -0.7212 -0.5465
vn 0.3206 -0.9469 -0.0258
vn 0.3297 -0.9429 -0.0467
vn 0.2665 -0.9392 -0.2168
vn 0.4516 -0.3413 -0.8244
vn 0.3761 -0.8460 -0.3779
vn 0.4828 -0.6643 -0.5706
vn 0.4438 -0.8705 -0.2125
vn 0.4314 -0.6045 -0.6697
vn 0.2780 -0.9539 -0.1135
vn 0.3206 -0.9276 -0.1917
vn 0.5105 -0.3662 -0.7780
vn 0.4307 -0.7006 -0.5690
vn 0.3467 -0.9376 -0.0273
vn 0.4019 -0.7650 -0.5033
vn 0.4846 -0.8475 -0.2165
vn 0.3947 -0.9179 -0.0394
vn 0.3307 -0.9276 -0.1738
vn 0.3855 -0.8462 -0.3679
vn 0.4612 -0.8723 -0.1625
vn 0.4727 -0.8454 -0.2487
vn 0.5383 -0.3890 -0.7476
vn 0.3861 -0.9203 -0.0622
vn 0.4845 -0.7260 -0.4880
vn 0.4451 -0.6710 -0.5930
vn 0.4332 -0.8304 -0.3503
vn 0.4277 -0.9038 -0.0135
vn 0.4210 -0.9061 -0.0423
vn 0.4401 -0.8312 -0.3398
vn 0.5508 -0.6971 -0.4589
vn 0.3525 -0.9103 -0.2169
vn 0.4484 -0.8898 -0.0846
vn 0.3181 -0.9326 -0.1704
vn 0.5087 -0.8265 -0.2412
vn 0.4752 -0.7766 -0.4136
vn 0.4576 -0.7661 -0.4513
vn 0.5771 -0.5898 -0.5649
vn 0.5762 -0.5924 -0.5631
vn 0.3595 -0.9267 -0.1094
vn 0.4510 -0.8924 -0.0148
vn 0.5422 -0.8212 -0.1780
vn 0.4895 -0.8689 -0.0729
vn 0.4818 -0.6632 -0.5727
vn 0.4626 -0.8854 -0.0463
vn 0.6144 -0.5817 -0.5331
vn 0.5800 -0.6599 -0.4777
vn 0.4765 -0.8150 -0.3298
vn 0.6036 -0.4182 -0.6788
vn 0.4070 -0.9018 -0.1454
vn 0.3816 -0.9152 -0.1296
vn 0.4934 -0.7174 -0.4919
vn 0.4790 -0.8776 -0.0214
vn 0.4884 -0.8173 -0.3057
vn 0.5394 -0.8258 -0.1646
vn 0.5090 -0.8577 -0.0735
vn 0.5150 -0.8567 -0.0289
vn 0.5169 -0.8553 -0.0353
vn 0.6408 -0.4397 -0.6293
vn 0.6231 -0.5510 -0.5551
vn 0.6402 -0.6685 -0.3785
vn 0.5095 -0.7305 -0.4547
vn -0.0044 -0.0079 -1.0000
vn 0.5805 -0.8013 -0.1444
vn 0.5537 -0.8312 -0.0500
vn 0.4043 -0.9083 -0.1075
vn 0.5170 -0.7535 -0.4062
vn 0.5993 -0.7720 -0.2116
vn 0.0187 -0.1172 -0.9929
vn 0.5200 -0.7866 -0.3329
vn 0.6723 -0.5910 -0.4458
vn 0.5485 -0.8361 -0.0089
vn 0.4451 -0.8829 -0.1495
vn 0.4668 -0.8797 -0.0905
vn 0.5812 -0.8120 -0.0530
vn 0.7329 -0.4985 -0.4630
vn 0.6520 -0.7381 -0.1738
vn 0.0162 -0.1369 -0.9905
vn 0.5789 -0.8144 -0.0393
vn 0.5276 -0.7978 -0.2916
vn 0.5239 -0.8096 -0.2647
vn 0.5858 -0.8102 -0.0218
vn 0.7199 -0.5291 -0.4493
vn 0.4961 -0.6786 -0.5416
vn 0.7465 -0.4631 -0.4777
vn 0.6505 -0.7445 -0.1502
vn 0.5461 -0.7300 -0.4110
vn 0.7190 -0.5761 -0.3887
vn 0.7853 -0.4422 -0.4333
vn 0.5458 -0.7240 -0.4218
vn 0.6354 -0.7695 -0.0636
vn 0.6259 -0.7798 -0.0120
vn 0.6362 -0.7708 -0.0343
vn 0.7725 -0.5231 -0.3600
vn 0.6991 -0.7015 -0.1383
vn 0.6926 -0.7108 -0.1227
vn 0.7817 -0.4935 -0.3815
vn 0.4720 -0.8750 -0.1078
vn 0.6678 -0.7440 -0.0227
vn 0.7705 -0.5690 -0.2873
vn 0.6767 -0.7355 -0.0334
vn 0.8070 -0.4956 -0.3212
vn 0.8135 -0.4276 -0.3942
vn 0.5384 -0.7575 -0.3691
vn 0.6892 -0.7243 -0.0216
vn 0.7885 -0.5383 -0.2974
vn 0.7290 -0.6766 -0.1036
vn 0.4927 -0.8533 -0.1707
vn 0.6983 -0.7150 -0.0342
vn 0.7379 -0.6649 -0.1155
vn 0.8246 -0.4545 -0.3368
vn 0.8275 -0.4820 -0.2878
vn 0.8112 -0.5160 -0.2752
vn 0.7555 -0.6475 -0.0994
vn 0.5942 -0.6620 -0.4568
vn 0.8569 -0.4340 -0.2782
vn 0.8605 -0.4221 -0.2854
vn 0.5588 -0.7949 -0.2362
vn 0.5633 -0.7874 -0.2506
vn 0.9315 -0.3635 -0.0092
vn 0.9344 -0.3559 -0.0147
vn 0.9796 -0.1958 -0.0456
vn 0.9769 -0.2097 -0.0408
vn 0.5168 -0.8508 -0.0953
vn 0.9801 -0.1968 -0.0268
vn 0.5732 -0.7546 -0.3194
vn 0.6159 -0.4989 -0.6097
vn 0.9746 -0.2231 -0.0177
vn 0.9694 -0.2456 0.0026
vn 0.5260 -0.8409 -0.1276
vn 0.9986 -0.0525 0.0014
vn 0.9968 -0.0799 -0.0043
vn 0.9935 -0.1135 -0.0059
vn 0.9922 -0.1250 -0.0006
vn 0.9969 -0.0787 -0.0023
vn 0.5949 -0.7172 -0.3630
vn 0.6018 -0.6996 -0.3852
vn 0.0206 -0.0127 -0.9997
vn 0.0268 -0.1091 -0.9937
vn 0.0328 -0.0362 -0.9988
vn 0.6112 -0.7555 -0.2359
vn 0.5508 -0.8231 -0.1380
vn 0.0286 0.0480 -0.9984
vn -0.0051 -0.2170 -0.9762
vn 0.0246 -0.3428 -0.9391
vn 0.0565 -0.1096 -0.9924
vn 0.0540 -0.2373 -0.9699
vn 0.0557 -0.0476 -0.9973
vn 0.0329 -0.0351 -0.9988
vn 0.5440 -0.8355 -0.0774
vn 0.6082 -0.7558 -0.2425
vn 0.5935 -0.7171 -0.3653
vn 0.0441 -0.3330 -0.9419
vn 0.0554 -0.0492 -0.9972
vn 0.6500 -0.6744 -0.3502
vn 0.0742 -0.3243 -0.9431
vn 0.0543 -0.2312 -0.9714
vn 0.6452 -0.6853 -0.3377
vn 0.0846 -0.0695 -0.9940
vn 0.0996 -0.4391 -0.8929
vn 0.6697 -0.5291 -0.5211
vn 0.0743 -0.3226 -0.9436
vn 0.0963 -0.4324 -0.8965
vn 0.0965 -0.4561 -0.8847
vn 0.0842 -0.0815 -0.9931
vn 0.1207 -0.1657 -0.9788
vn 0.0962 -0.3370 -0.9366
vn 0.0961 -0.4550 -0.8853
vn 0.1119 -0.5504 -0.8274
vn 0.0739 -0.6421 -0.7631
vn 0.0790 -0.5660 -0.8206
vn 0.6155 -0.7428 -0.2634
vn 0.5765 -0.8059 -0.1349
vn 0.1143 -0.1075 -0.9876
vn 0.5885 -0.8031 -0.0932
vn 0.1171 -0.6422 -0.7575
vn 0.1629 -0.3871 -0.9075
vn 0.6602 -0.6352 -0.4009
vn 0.1387 -0.0988 -0.9854
vn 0.0492 -0.7278 -0.6840
vn 0.0944 -0.7521 -0.6523
vn 0.6808 -0.6597 -0.3182
vn 0.1147 -0.7303 -0.6735
vn 0.0187 -0.9818 -0.1891
vn 0.1157 -0.7319 -0.6715
vn 0.6506 -0.7042 -0.2842
vn 0.6790 -0.6648 -0.3116
vn 0.1498 -0.7239 -0.6735
vn 0.6208 -0.7753 -0.1159
vn 0.1992 -0.4830 -0.8527
vn 0.0590 -0.8583 -0.5098
vn 0.6915 -0.5031 -0.5184
vn 0.1174 -0.8163 -0.5656
vn 0.1117 -0.8030 -0.5854
vn 0.2057 -0.3976 -0.8942
vn 0.6768 -0.7093 -0.1971
vn 0.6904 -0.6261 -0.3624
vn 0.1037 -0.8618 -0.4966
vn 0.7091 -0.6464 -0.2817
vn 0.1088 -0.8706 -0.4799
vn 0.6980 -0.6763 -0.2355
vn 0.6248 -0.7710 -0.1232
vn 0.1298 -0.8072 -0.5759
vn 0.0056 -0.9968 -0.0792
vn 0.2725 -0.3762 -0.8856
vn 0.2527 -0.5248 -0.8129
vn 0.0528 -0.9956 -0.0779
vn 0.0954 -0.9181 -0.3848
vn 0.1198 -0.8643 -0.4885
vn 0.2168 -0.1668 -0.9619
vn 0.0235 -0.9920 -0.1243
vn -0.0019 -0.9999 -0.0106
vn 0.6969 -0.6818 -0.2225
vn 0.6873 -0.6998 -0.1947
vn 0.0399 -0.9990 -0.0201
vn 0.2885 -0.4446 -0.8480
vn 0.2677 -0.2574 -0.9285
vn 0.7146 -0.6376 -0.2878
vn 0.6670 -0.7389 -0.0956
vn 0.7342 -0.5855 -0.3435
vn 0.3217 -0.5554 -0.7668
vn 0.2618 -0.1702 -0.9500
vn 0.3245 -0.4503 -0.8318
vn 0.3488 -0.5727 -0.7419
vn 0.3187 -0.5306 -0.7854
vn 0.3134 -0.2682 -0.9110
vn 0.2898 -0.2452 -0.9251
vn 0.3231 -0.4237 -0.8462
vn 0.1765 -0.9820 -0.0676
vn 0.3080 -0.2297 -0.9232
vn 0.3118 -0.2636 -0.9129
vn 0.3807 -0.4129 -0.8274
vn 0.7315 -0.6128 -0.2988
vn 0.3772 -0.5363 -0.7551
vn 0.3786 -0.5377 -0.7533
vn 0.7256 -0.6588 -0.1989
vn 0.3789 -0.4270 -0.8210
vn 0.7427 -0.6227 -0.2461
vn 0.7532 -0.5124 -0.4125
vn 0.4333 -0.5239 -0.7333
vn 0.3511 -0.3336 -0.8749
vn 0.6580 -0.7499 -0.0689
vn 0.7365 -0.6546 -0.1704
vn 0.3854 -0.2797 -0.8793
vn 0.4288 -0.4274 -0.7959
vn 0.7193 -0.6686 -0.1886
vn 0.4499 -0.5788 -0.6801
vn 0.4679 -0.4624 -0.7531
vn 0.4701 -0.4656 -0.7498
vn 0.4862 -0.6581 -0.5749
vn 0.4848 -0.5441 -0.6848
vn 0.5044 -0.5559 -0.6608
vn 0.5122 -0.4618 -0.7242
vn 0.5077 -0.6618 -0.5516
vn 0.7046 -0.7079 -0.0492
vn 0.7366 -0.6544 -0.1711
vn 0.5453 -0.4995 -0.6732
vn 0.6964 -0.7132 -0.0799
vn 0.5351 -0.5366 -0.6525
vn 0.5658 -0.4705 -0.6771
vn 0.7441 -0.6208 -0.2468
vn 0.5133 -0.6358 -0.5764
vn 0.5285 -0.6411 -0.5564
vn 0.5898 -0.4989 -0.6350
vn 0.5903 -0.5329 -0.6063
vn 0.7623 -0.5720 -0.3028
vn 0.6348 -0.6083 -0.4764
vn 0.6170 -0.4996 -0.6081
vn 0.6313 -0.5560 -0.5407
vn 0.6388 -0.6112 -0.4672
vn 0.6542 -0.5219 -0.5474
vn 0.6724 -0.5580 -0.4864
vn 0.6918 -0.6223 -0.3663
vn 0.9935 -0.1134 0.0002
vn 0.0378 -0.1300 -0.9908
vn 0.7723 -0.5943 -0.2243
vn 0.0757 -0.2610 -0.9624
vn 0.0832 -0.1536 -0.9846
vn 0.0867 -0.2367 -0.9677
vn 0.7607 -0.6238 -0.1796
vn 0.1270 -0.4606 -0.8784
vn 0.1264 -0.4783 -0.8690
vn 0.1255 -0.1944 -0.9729
vn 0.1568 -0.2976 -0.9417
vn 0.7771 -0.5859 -0.2301
vn 0.1626 -0.4695 -0.8678
vn 0.2308 -0.3490 -0.9083
vn 0.2241 -0.4959 -0.8390
vn 0.2609 -0.4912 -0.8311
vn 0.7622 -0.6211 -0.1826
vn 0.1653 -0.9616 -0.2190
vn 0.9553 -0.2952 -0.0131
vn 0.1777 -0.9222 -0.3435
vn 0.9617 -0.2742 -0.0036
vn 0.7989 -0.5657 -0.2045
vn 0.7345 -0.6779 -0.0301
vn 0.7828 -0.6022 -0.1568
vn 0.7386 -0.6647 -0.1121
vn 0.7363 -0.6762 -0.0263
vn 0.8162 -0.5358 -0.2163
vn 0.8223 -0.5317 -0.2026
vn 0.8343 -0.5024 -0.2271
vn 0.8468 -0.4621 -0.2634
vn 0.7891 -0.5888 -0.1749
vn 0.7707 -0.6271 -0.1128
vn 0.7673 -0.6403 -0.0354
vn 0.8111 -0.5665 -0.1459
vn 0.8430 -0.4948 -0.2111
vn 0.7976 -0.5950 -0.0986
vn 0.8904 -0.3790 -0.2521
vn 0.7715 -0.6355 -0.0297
vn 0.8570 -0.4767 -0.1960
vn 0.8689 -0.4484 -0.2097
vn 0.8811 -0.4111 -0.2337
vn 0.8411 -0.5216 -0.1430
vn 0.8257 -0.5403 -0.1624
vn 0.7884 -0.6091 -0.0855
vn 0.7972 -0.6028 -0.0324
vn 0.7986 -0.6008 -0.0340
vn 0.8898 -0.4187 -0.1814
vn 0.8651 -0.4755 -0.1595
vn 0.9088 -0.3505 -0.2264
vn 0.8152 -0.5712 -0.0952
vn 0.8259 -0.5580 -0.0812
vn 0.8843 -0.4331 -0.1744
vn 0.8496 -0.5160 -0.1092
vn 0.9014 -0.3882 -0.1917
vn 0.8531 -0.5140 -0.0898
vn 0.8162 -0.5775 -0.0171
vn 0.9092 -0.3888 -0.1490
vn 0.9199 -0.3459 -0.1849
vn 0.8858 -0.4511 -0.1089
vn 0.8325 -0.5530 -0.0343
vn 0.8451 -0.5294 -0.0736
vn 0.8790 -0.4601 -0.1249
vn 0.8763 -0.4694 -0.1087
vn 0.8476 -0.5305 -0.0131
vn 0.9161 -0.3812 -0.1246
vn 0.9222 -0.3625 -0.1349
vn 0.9013 -0.4277 -0.0686
vn 0.8770 -0.4759 -0.0657
vn 0.9353 -0.3341 -0.1168
vn 0.8712 -0.4879 -0.0547
vn 0.9152 -0.3930 -0.0888
vn 0.8656 -0.4999 -0.0276
vn 0.9352 -0.3344 -0.1167
vn 0.9013 -0.4278 -0.0688
vn 0.8727 -0.4880 -0.0154
vn 0.9340 -0.3497 -0.0728
vn 0.8899 -0.4534 -0.0494
vn 0.9552 -0.2728 -0.1150
vn 0.9408 -0.3210 -0.1093
vn 0.8908 -0.4542 -0.0162
vn 0.9153 -0.3997 -0.0492
vn 0.9371 -0.3403 -0.0774
vn 0.8918 -0.4520 -0.0185
vn 0.9479 -0.3126 -0.0619
vn 0.9351 -0.3525 -0.0370
vn 0.9116 -0.4088 -0.0422
vn 0.9599 -0.2716 -0.0699
vn 0.9126 -0.4088 -0.0099
vn 0.9676 -0.2379 -0.0850
vn 0.9350 -0.3529 -0.0367
vn 0.9136 -0.4063 -0.0127
vn 0.9540 -0.2979 -0.0352
vn 0.9704 -0.2345 -0.0576
vn 0.9533 -0.2990 -0.0420
vn 0.9478 -0.3177 -0.0276
vn 0.9493 -0.3143 -0.0011
vn 0.9875 -0.1534 -0.0357
vn 0.9639 -0.2656 -0.0211
vn 0.9680 -0.2492 -0.0284
vn 0.9839 -0.1785 -0.0081
vn 0.9757 -0.2188 -0.0128
vn 0.9862 -0.1649 -0.0145
vn 0.9830 -0.1836 -0.0050
vn 0.9885 -0.1512 0.0001
vn 0.9840 -0.1779 -0.0100
vn 0.9916 -0.1290 -0.0103
vn 0.9993 -0.0366 -0.0019
vn 0.9889 -0.1487 -0.0035
vn 0.9956 -0.0927 -0.0093
vn 0.9993 -0.0367 -0.0012
vn 0.0004 0.0867 -0.9962
vn 0.0051 -0.0443 -0.9990
vn 0.0104 0.0223 -0.9997
vn 0.0164 0.0602 -0.9981
vn 0.0362 -0.1448 -0.9888
vn 0.9964 -0.0851 0.0011
vn 0.0166 0.0527 -0.9985
vn 1.0000 -0.0073 0.0001
vn 0.9991 -0.0414 0.0011
vn -0.0012 0.0833 -0.9965
vn 0.0270 -0.1086 -0.9937
vn 0.0340 -0.3070 -0.9511
vn 0.0565 -0.1512 -0.9869
vn 0.0750 -0.2268 -0.9711
vn 0.0358 -0.2529 -0.9668
vn 0.0425 -0.2320 -0.9718
vn 0.0488 -0.4874 -0.8718
vn 0.0253 -0.4533 -0.8910
vn 0.0730 -0.4386 -0.8957
vn 0.0831 -0.1653 -0.9827
vn 0.0960 -0.3379 -0.9363
vn 0.0177 -0.4165 -0.9090
vn 0.1134 -0.2662 -0.9572
vn 0.0021 -0.5882 -0.8087
vn 0.0230 -0.6208 -0.7836
vn 0.0788 -0.5657 -0.8208
vn 0.1109 -0.3588 -0.9268
vn 0.1109 -0.5767 -0.8094
vn 0.1143 -0.2482 -0.9619
vn 0.0105 -0.6795 -0.7336
vn 0.0578 -0.6646 -0.7450
vn 0.1245 -0.5420 -0.8311
vn 0.1241 -0.3440 -0.9307
vn 0.1491 -0.5769 -0.8031
vn 0.0960 -0.7185 -0.6888
vn 0.1195 -0.6483 -0.7519
vn 0.1300 -0.0871 -0.9877
vn 0.0015 -0.7731 -0.6343
vn 0.0088 -0.7821 -0.6231
vn 0.1537 -0.5513 -0.8200
vn 0.1308 -0.6281 -0.7671
vn 0.1679 -0.2586 -0.9513
vn 0.1563 -0.1759 -0.9719
vn 0.1648 -0.2558 -0.9526
vn 0.1631 -0.3844 -0.9087
vn 0.1482 -0.6566 -0.7395
vn 0.1563 -0.5539 -0.8178
vn 0.0566 -0.7845 -0.6176
vn 0.0761 -0.8063 -0.5866
vn 0.1472 -0.7214 -0.6768
vn 0.1941 -0.1664 -0.9668
vn 0.0163 -0.8583 -0.5129
vn 0.0184 -0.8606 -0.5089
vn 0.1443 -0.7559 -0.6386
vn 0.1950 -0.5393 -0.8192
vn 0.1524 -0.6501 -0.7444
vn 0.1773 -0.6680 -0.7227
vn 0.1532 -0.7075 -0.6899
vn 0.2031 -0.5959 -0.7769
vn 0.1801 -0.7364 -0.6521
vn 0.1729 -0.7989 -0.5761
vn 0.0651 -0.8670 -0.4940
vn 0.1949 -0.1941 -0.9614
vn 0.1842 -0.1027 -0.9775
vn 0.1920 -0.3799 -0.9049
vn 0.1685 -0.8362 -0.5219
vn 0.1272 -0.1299 -0.9833
vn 0.2292 -0.6598 -0.7156
vn 0.0207 -0.9542 -0.2984
vn 0.2000 -0.7204 -0.6641
vn 0.1899 -0.6286 -0.7542
vn 0.0570 -0.9174 -0.3939
vn 0.0692 -0.9571 -0.2812
vn 0.0266 -0.9306 -0.3651
vn 0.0111 -0.8959 -0.4441
vn 0.1682 -0.8369 -0.5208
vn 0.9472 0.2498 0.2012
vn 0.9481 0.2423 0.2060
vn 0.9718 0.1759 0.1571
vn 0.9734 0.0807 0.2143
vn 0.2618 0.9477 0.1823
vn 0.9613 0.2059 0.1831
vn 0.9591 0.2106 0.1891
vn 0.6989 0.6964 0.1631
vn 0.9519 0.2367 0.1946
vn 0.6544 0.7232 0.2207
vn 0.6047 0.7783 0.1692
vn 0.5623 0.7994 0.2117
vn 0.9634 0.1808 0.1980
vn 0.9742 0.0287 0.2238
vn 0.6867 0.6914 0.2246
vn 0.3618 0.9119 0.1938
vn 0.3655 0.9101 0.1950
vn 0.9748 0.0644 0.2134
vn 0.6758 0.7176 0.1684
vn 0.2201 0.9583 0.1823
vn 0.2383 0.9535 0.1846
vn 0.1235 0.9769 0.1746
vn 0.0939 0.9796 0.1775
vn 0.8245 0.5364 0.1801
vn 0.8238 0.5377 0.1797
vn 0.5134 0.8325 0.2084
vn 0.6039 0.7661 0.2200
vn 0.6124 0.7593 0.2199
vn 0.9359 0.2901 0.1999
vn 0.6623 0.7312 0.1634
vn 0.1070 0.9791 0.1727
vn 0.3185 0.9280 0.1932
vn 0.5452 0.8098 0.2168
vn 0.9731 0.0695 0.2196
vn 0.4069 0.8900 0.2057
vn 0.4897 0.8452 0.2142
vn 0.1759 0.9672 0.1833
vn 0.1799 0.9661 0.1854
vn 0.9652 0.1441 0.2184
vn 0.3011 0.9330 0.1969
vn 0.5512 0.8057 0.2168
vn 0.5552 0.8015 0.2223
vn 0.6405 0.7495 0.1673
vn 0.7865 0.5912 0.1786
vn 0.0520 0.9833 0.1746
vn 0.0425 0.9842 0.1719
vn 0.4594 0.8638 0.2070
vn 0.8819 0.4304 0.1925
vn 0.3684 0.9067 0.2056
vn 0.0053 0.9846 0.1749
vn 0.9679 0.1146 0.2237
vn 0.5855 0.7784 0.2264
vn 0.6265 0.7618 0.1645
vn 0.9580 0.1860 0.2182
vn 0.9579 0.1866 0.2180
vn 0.4216 0.8813 0.2134
vn 0.5138 0.8283 0.2235
vn 0.9658 0.1356 0.2209
vn 0.6036 0.7790 0.1698
vn 0.9456 0.2493 0.2091
vn 0.4889 0.8443 0.2194
vn 0.7121 0.6798 0.1752
vn 0.9221 0.3284 0.2045
vn 0.9242 0.3211 0.2068
vn 0.2936 0.9342 0.2025
vn 0.7659 0.6162 0.1834
vn 0.8533 0.4843 0.1934
vn 0.1756 0.9662 0.1889
vn 0.0986 0.9772 0.1881
vn 0.1009 0.9767 0.1892
vn 0.4758 0.8506 0.2237
vn 0.3551 0.9104 0.2123
vn 0.9026 0.3783 0.2052
vn 0.9008 0.3839 0.2029
vn 0.2759 0.9390 0.2055
vn 0.4173 0.8820 0.2189
vn 0.6902 0.7010 0.1795
vn 0.2376 0.9497 0.2041
vn 0.9506 0.2193 0.2195
vn 0.7483 0.6381 0.1815
vn 0.7501 0.6357 0.1824
vn 0.0559 0.9803 0.1895
vn 0.0498 0.9810 0.1876
vn 0.4396 0.8692 0.2263
vn 0.2321 0.9508 0.2052
vn 0.3273 0.9204 0.2138
vn 0.8860 0.4158 0.2054
vn 0.0093 0.9822 0.1878
vn 0.0072 0.9820 0.1886
vn 0.5573 0.8134 0.1666
vn 0.1966 0.9588 0.2052
vn 0.6750 0.7166 0.1757
vn 0.3892 0.8938 0.2229
vn 0.8301 0.5218 0.1966
vn 0.1825 0.9607 0.2093
vn 0.8788 0.4327 0.2011
vn 0.3749 0.8999 0.2228
vn 0.6475 0.7407 0.1790
vn 0.7265 0.6625 0.1826
vn 0.1313 0.9694 0.2072
vn 0.1280 0.9702 0.2060
vn 0.9348 0.2790 0.2197
vn 0.0519 0.9782 0.2009
vn 0.0113 0.9788 0.2043
vn 0.0135 0.9790 0.2036
vn 0.9448 0.2364 0.2269
vn 0.3061 0.9250 0.2252
vn 0.1013 0.9735 0.2049
vn 0.3610 0.9042 0.2283
vn 0.0797 0.9750 0.2075
vn 0.5185 0.8385 0.1677
vn 0.5176 0.8392 0.1671
vn 0.9305 0.2922 0.2209
vn 0.2704 0.9360 0.2255
vn 0.2649 0.9378 0.2243
vn 0.3145 0.9212 0.2292
vn 0.9904 -0.0095 0.1378
vn 0.2342 0.9458 0.2250
vn 0.2360 0.9453 0.2253
vn 0.1797 0.9589 0.2194
vn 0.1993 0.9533 0.2268
vn 0.9895 0.0404 0.1385
vn 0.4979 0.8517 0.1632
vn 0.9215 0.3217 0.2174
vn 0.9872 0.0683 0.1440
vn 0.9207 0.3247 0.2164
vn 0.9143 0.3411 0.2184
vn 0.9870 0.0842 0.1367
vn 0.1308 0.9659 0.2233
vn 0.0118 0.9758 0.2185
vn 0.9842 0.1126 0.1369
vn 0.1896 0.9539 0.2325
vn 0.0675 0.9733 0.2193
vn 0.1230 0.9661 0.2269
vn 0.9883 -0.0135 0.1519
vn 0.9883 -0.0149 0.1520
vn 0.0808 0.9705 0.2271
vn 0.1496 0.9599 0.2370
vn 0.0102 0.9757 0.2191
vn 0.9779 0.1505 0.1450
vn 0.1244 0.9657 0.2279
vn 0.9768 0.1612 0.1410
vn 0.8604 0.4654 0.2075
vn 0.0097 0.9732 0.2297
vn 0.9876 0.0315 0.1537
vn 0.0652 0.9697 0.2353
vn 0.9876 0.0302 0.1540
vn 0.0536 0.9698 0.2379
vn 0.9908 0.0252 0.1330
vn 0.9686 0.2037 0.1429
vn 0.9777 0.1501 0.1471
vn 0.9682 0.2061 0.1420
vn 0.4609 0.8714 0.1679
vn 0.4555 0.8748 0.1652
vn 0.8284 0.5212 0.2051
vn 0.9808 0.1154 0.1569
vn 0.9618 0.2240 0.1575
vn 0.5716 0.8017 0.1748
vn 0.5728 0.8008 0.1749
vn 0.7667 0.6118 0.1948
vn 0.9545 0.2545 0.1556
vn 0.8565 0.4734 0.2060
vn 0.9845 0.0793 0.1563
vn 0.9249 0.3499 0.1490
vn 0.9840 0.0883 0.1545
vn 0.9066 0.3906 0.1596
vn 0.9069 0.3909 0.1576
vn 0.9811 0.0395 0.1896
vn 0.6366 0.7489 0.1844
vn 0.9120 0.3760 0.1640
vn 0.9560 0.2541 0.1464
vn 0.9553 0.2577 0.1449
vn 0.8066 0.5713 0.1517
vn 0.9729 0.1237 0.1955
vn 0.9040 0.3890 0.1776
vn 0.5567 0.8112 0.1791
vn 0.9781 0.0310 0.2057
vn 0.8143 0.5567 0.1646
vn 0.9031 0.3915 0.1767
vn 0.9154 0.3606 0.1788
vn 0.7877 0.5937 0.1648
vn 0.7827 0.5989 0.1693
vn 0.8151 0.5539 0.1697
vn 0.4117 0.8963 0.1648
vn 0.9845 -0.0102 0.1752
vn 0.4136 0.8952 0.1657
vn 0.9043 0.3808 0.1932
vn 0.7961 0.5765 0.1839
vn 0.6218 0.7609 0.1856
vn 0.6210 0.7616 0.1855
vn 0.9382 0.3125 0.1487
vn 0.9407 0.3039 0.1508
vn 0.7966 0.5718 0.1961
vn 0.7998 0.5632 0.2075
vn 0.9297 0.3352 0.1526
vn 0.8015 0.5565 0.2188
vn 0.7843 0.5792 0.2221
vn 0.1452 0.9755 0.1652
vn 0.9771 0.1328 0.1661
vn 0.9670 0.2047 0.1519
vn 0.5170 0.8371 0.1786
vn 0.5162 0.8377 0.1783
vn 0.9844 -0.0056 0.1759
vn 0.6919 0.6958 0.1930
vn 0.6881 0.7000 0.1914
vn 0.7735 0.5988 0.2077
vn 0.8942 0.3875 0.2244
vn 0.8971 0.3787 0.2276
vn 0.5933 0.7832 0.1859
vn 0.8152 0.5557 0.1635
vn 0.3638 0.9169 0.1638
vn 0.8311 0.5336 0.1570
vn 0.3667 0.9155 0.1652
vn 0.8574 0.4652 0.2201
vn 0.9840 0.0303 0.1758
vn 0.9840 0.0306 0.1757
vn 0.9710 0.1488 0.1871
vn 0.7600 0.6173 0.2033
vn 0.9711 0.1703 0.1674
vn 0.9705 0.1743 0.1664
vn 0.8789 0.4216 0.2232
vn 0.7545 0.6348 0.1669
vn 0.7862 0.5915 0.1791
vn 0.7512 0.6378 0.1698
vn 0.6577 0.7277 0.1946
vn 0.9013 0.3887 0.1912
vn 0.8713 0.4349 0.2273
vn 0.9621 0.2133 0.1699
vn 0.9808 0.0789 0.1784
vn 0.9806 0.0868 0.1760
vn 0.8828 0.4425 0.1577
vn 0.7436 0.6358 0.2071
vn 0.8800 0.4490 0.1548
vn 0.7940 0.5761 0.1942
vn 0.3154 0.9349 0.1626
vn 0.3182 0.9338 0.1639
vn 0.9016 0.3774 0.2113
vn 0.4597 0.8701 0.1777
vn 0.4612 0.8692 0.1783
vn 0.8821 0.4199 0.2136
vn 0.7938 0.5728 0.2044
vn 0.7061 0.6776 0.2056
vn 0.9772 0.1181 0.1763
vn 0.4145 0.8926 0.1773
vn 0.9331 0.3166 0.1707
vn 0.8263 0.5193 0.2180
vn 0.9412 0.2980 0.1590
vn 0.9010 0.4058 0.1535
vn 0.8509 0.5015 0.1566
vn 0.9233 0.3467 0.1651
vn 0.8561 0.4903 0.1633
vn 0.9811 -0.0007 0.1935
vn 0.8946 0.4145 0.1672
vn 0.9590 0.2232 0.1745
vn 0.6905 0.6945 0.2020
vn 0.8502 0.5004 0.1633
vn 0.8457 0.4842 0.2246
vn 0.9714 0.1495 0.1843
vn 0.2658 0.9505 0.1610
vn 0.7880 0.5928 0.1662
vn 0.2735 0.9478 0.1641
vn 0.4121 0.8936 0.1780
vn 0.9805 0.0185 0.1957
vn 0.9164 0.3528 0.1890
vn 0.8086 0.5455 0.2206
vn 0.9263 0.3363 0.1700
vn 0.6722 0.7112 0.2056
vn 0.9692 0.1687 0.1796
vn 0.8380 0.4973 0.2246
vn 0.5731 0.7960 0.1946
vn 0.9783 0.0775 0.1922
vn 0.9779 0.0864 0.1904
vn 0.9488 0.2622 0.1763
vn 0.9490 0.2611 0.1765
vn 0.6522 0.7308 0.2016
vn 0.8943 0.3915 0.2166
vn 0.8829 0.4176 0.2147
vn 0.2222 0.9616 0.1614
vn 0.3674 0.9129 0.1776
vn 0.3652 0.9140 0.1769
vn 0.5573 0.8071 0.1951
vn 0.5547 0.8089 0.1947
vn 0.6340 0.7457 0.2048
vn 0.7684 0.6016 0.2184
vn 0.2134 0.9631 0.1638
vn 0.7733 0.6142 0.1573
vn 0.9369 0.3018 0.1766
vn 0.7547 0.6338 0.1695
vn 0.9305 0.3146 0.1876
vn 0.8232 0.5399 0.1753
vn 0.8808 0.4331 0.1911
vn 0.8729 0.4502 0.1878
vn 0.6155 0.7621 0.2008
vn 0.1753 0.9709 0.1632
vn 0.7544 0.6181 0.2208
vn 0.3175 0.9317 0.1764
vn 0.3195 0.9309 0.1770
vn 0.8219 0.5361 0.1926
vn 0.5150 0.8348 0.1947
vn 0.5185 0.8324 0.1959
vn 0.7373 0.6567 0.1583
vn 0.8946 0.4105 0.1765
vn 0.8936 0.4129 0.1758
vn 0.8321 0.5140 0.2083
vn 0.7612 0.6178 0.1975
vn 0.7388 0.6372 0.2196
vn 0.7363 0.6403 0.2188
vn 0.5365 0.3742 0.7564
vn 0.5930 0.7793 0.2027
vn 0.9464 0.2634 0.1872
vn 0.1255 0.9793 0.1589
vn 0.2755 0.9450 0.1764
vn 0.8541 0.4920 0.1689
vn 0.7266 0.6512 0.2192
vn 0.9765 -0.0001 0.2157
vn 0.9702 0.1301 0.2045
vn 0.9702 0.1320 0.2031
vn 0.9372 0.2902 0.1934
vn 0.0935 0.9830 0.1579
vn 0.8715 0.4572 0.1771
vn 0.0989 0.9821 0.1601
vn 0.8736 0.4527 0.1786
vn 0.9754 0.0683 0.2095
vn 0.7138 0.6780 0.1756
vn 0.4606 0.8659 0.1950
vn 0.4592 0.8668 0.1946
vn 0.8490 0.4922 0.1919
vn 0.1687 0.9718 0.1651
vn 0.7176 0.6696 0.1913
vn 0.7286 0.6561 0.1965
vn 0.7412 0.6427 0.1939
vn 0.8619 0.4604 0.2127
vn 0.9770 -0.0010 0.2133
vn 0.7263 0.6574 0.2008
vn 0.7066 0.6747 0.2132
vn 0.1436 0.9703 0.1949
vn 0.9514 0.2638 0.1591
vn 0.6807 0.6988 0.2200
vn 0.8790 0.4475 0.1645
vn 0.8749 0.4541 0.1683
vn 0.7107 0.6831 0.1682
vn 0.0434 0.9866 0.1571
vn 0.0491 0.9859 0.1598
vn 0.9221 0.3367 0.1908
vn 0.4179 0.8873 0.1950
vn 0.4125 0.8902 0.1933
vn 0.6299 0.7458 0.2167
vn 0.7093 0.6673 0.2274
vn 0.6697 0.7098 0.2184
vn 0.9622 0.1811 0.2033
vn 0.9623 0.1806 0.2036
vn 0.5805 0.7866 0.2102
vn 0.8499 0.4955 0.1793
vn 0.8497 0.4958 0.1792
vn 0.7376 -0.3449 0.5805
vn 0.3382 -0.7899 0.5115
vn 0.3178 -0.7987 0.5110
vn 0.7144 -0.2011 0.6703
vn 0.6821 -0.4912 0.5416
vn 0.7070 -0.4653 0.5326
vn 0.6020 -0.1032 0.7918
vn 0.4336 -0.5451 0.7175
vn 0.2034 -0.2485 0.9470
vn 0.9246 -0.2538 0.2841
vn 0.0330 -0.7918 0.6099
vn 0.9493 -0.1206 0.2902
vn 0.2686 -0.8042 0.5302
vn 0.2810 -0.8065 0.5202
vn 0.1658 -0.8015 0.5746
vn 0.1366 -0.8021 0.5814
vn 0.4648 -0.3671 0.8057
vn 0.0222 -0.7861 0.6177
vn 0.4655 -0.3667 0.8055
vn 0.2256 -0.8136 0.5360
vn 0.8618 -0.3410 0.3755
vn 0.7672 -0.2123 0.6052
vn 0.8661 -0.2222 0.4477
vn 0.8567 -0.2348 0.4593
vn 0.7403 -0.4626 0.4878
vn 0.7821 -0.4213 0.4591
vn 0.0870 -0.8083 0.5823
vn 0.0894 -0.8069 0.5839
vn 0.9262 -0.1784 0.3320
vn 0.2207 -0.8123 0.5399
vn 0.8893 -0.1987 0.4119
vn 0.1844 -0.8193 0.5429
vn 0.1797 -0.8183 0.5460
vn 0.5107 -0.3863 0.7680
vn 0.5128 -0.3849 0.7674
vn 0.1301 -0.8198 0.5577
vn 0.2199 -0.5424 0.8108
vn 0.0324 -0.8116 0.5833
vn 0.0214 -0.8064 0.5909
vn 0.1321 -0.8202 0.5566
vn 0.6618 -0.1289 0.7385
vn 0.6566 -0.1348 0.7421
vn 0.0888 -0.8272 0.5548
vn 0.4705 -0.5509 0.6893
vn 0.0183 -0.8305 0.5568
vn 0.0843 -0.8254 0.5581
vn 0.3370 -0.5547 0.7607
vn 0.7188 -0.2086 0.6632
vn 0.2587 -0.2752 0.9259
vn 0.2438 -0.2869 0.9264
vn 0.0323 -0.8239 0.5658
vn 0.0395 -0.1773 0.9834
vn 0.1251 -0.5179 0.8463
vn 0.9432 -0.1391 0.3016
vn 0.9233 -0.1721 0.3433
vn 0.8144 -0.2462 0.5256
vn 0.8265 -0.2328 0.5125
vn 0.8144 -0.1306 0.5654
vn 0.1543 -0.2234 0.9624
vn 0.8038 -0.1735 0.5690
vn 0.7288 -0.4676 0.5003
vn 0.8189 -0.1497 0.5540
vn 0.8085 -0.4112 0.4211
vn 0.7908 -0.2006 0.5782
vn 0.6948 -0.1487 0.7036
vn 0.8040 -0.1745 0.5684
vn 0.7921 -0.2037 0.5753
vn 0.7518 -0.2267 0.6191
vn 0.7802 -0.2295 0.5819
vn 0.5270 -0.5559 0.6429
vn 0.3830 -0.5566 0.7372
vn 0.0900 -0.1959 0.9765
vn 0.7723 -0.2338 0.5907
vn 0.0851 -0.2000 0.9761
vn 0.6048 -0.5174 0.6053
vn 0.9880 -0.0297 0.1518
vn 0.7609 -0.4392 0.4776
vn 0.4008 -0.3376 0.8517
vn 0.7164 -0.3639 0.5953
vn 0.0844 -0.4990 0.8625
vn 0.5628 -0.5383 0.6272
vn 0.9128 -0.2734 0.3033
vn 0.4368 -0.3676 0.8210
vn 0.2057 -0.5405 0.8158
vn 0.9093 -0.1974 0.3663
vn 0.6810 -0.2003 0.7044
vn 0.4694 -0.5508 0.6902
vn 0.3977 -0.3707 0.8393
vn 0.9382 -0.2313 0.2576
vn 0.5773 -0.0945 0.8110
vn 0.6007 -0.0723 0.7962
vn 0.9217 -0.2801 0.2684
vn 0.7253 -0.2326 0.6479
vn 0.6534 -0.5041 0.5647
vn 0.9360 -0.1513 0.3177
vn 0.6104 -0.1094 0.7845
vn 0.8103 -0.4102 0.4185
vn 0.3120 -0.3202 0.8945
vn 0.3194 -0.3156 0.8935
vn 0.9812 -0.0992 0.1654
vn 0.4243 -0.5514 0.7183
vn 0.1342 -0.5260 0.8398
vn 0.9227 -0.1795 0.3413
vn 0.7532 -0.2378 0.6133
vn 0.5856 -0.3852 0.7132
vn 0.5773 -0.3920 0.7163
vn 0.8356 -0.2880 0.4678
vn 0.8380 -0.2842 0.4659
vn 0.6979 -0.4884 0.5238
vn 0.8591 -0.2595 0.4411
vn 0.8367 -0.2444 0.4901
vn 0.8711 -0.3558 0.3386
vn 0.9067 -0.2984 0.2982
vn 0.6298 -0.1262 0.7664
vn 0.6067 -0.1502 0.7806
vn 0.0537 -0.5095 0.8588
vn 0.0349 -0.5036 0.8632
vn 0.6472 -0.1640 0.7445
vn 0.6352 -0.1784 0.7515
vn 0.4486 -0.5668 0.6910
vn 0.1723 -0.5486 0.8181
vn 0.6793 -0.2017 0.7056
vn 0.4224 -0.3777 0.8240
vn 0.7887 -0.2564 0.5588
vn 0.7997 -0.2448 0.5483
vn 0.5584 -0.0899 0.8247
vn 0.2756 -0.5675 0.7759
vn 0.2945 -0.5597 0.7746
vn 0.3407 -0.3460 0.8742
vn 0.3443 -0.3438 0.8736
vn 0.1695 -0.2597 0.9507
vn 0.7251 -0.2328 0.6482
vn 0.8956 -0.3175 0.3114
vn 0.9853 -0.0692 0.1564
vn 0.7894 -0.4368 0.4313
vn 0.1261 -0.2290 0.9652
vn 0.1241 -0.2302 0.9652
vn 0.6239 -0.5371 0.5676
vn 0.6585 -0.1971 0.7263
vn 0.9583 -0.1070 0.2650
vn 0.3560 -0.5835 0.7299
vn 0.2192 -0.2788 0.9350
vn 0.2065 -0.2863 0.9356
vn 0.3150 -0.5723 0.7571
vn 0.4798 -0.3907 0.7856
vn 0.7814 -0.3252 0.5325
vn 0.7711 -0.3405 0.5380
vn 0.5408 -0.5410 0.6441
vn 0.5347 -0.0921 0.8400
vn 0.0749 -0.5266 0.8468
vn 0.9655 -0.1679 0.1991
vn 0.6987 -0.2346 0.6759
vn 0.1508 -0.5445 0.8251
vn 0.6890 -0.2134 0.6926
vn 0.5649 -0.1266 0.8154
vn 0.3883 -0.3792 0.8399
vn 0.5715 -0.1588 0.8051
vn 0.7015 -0.3692 0.6096
vn 0.6885 -0.3808 0.6173
vn 0.8977 -0.2172 0.3835
vn 0.8875 -0.2403 0.3932
vn 0.6615 -0.3845 0.6439
vn 0.7580 -0.4560 0.4664
vn 0.7579 -0.2508 0.6022
vn 0.7152 -0.4934 0.4950
vn 0.6751 -0.5128 0.5304
vn 0.2803 -0.3175 0.9059
vn 0.2668 -0.3263 0.9068
vn 0.6302 -0.3852 0.6742
vn 0.5350 -0.0919 0.8398
vn 0.9084 -0.1935 0.3706
vn 0.5198 -0.5559 0.6487
vn 0.0577 -0.2015 0.9778
vn 0.0331 -0.2154 0.9760
vn 0.8579 -0.3675 0.3592
vn 0.3987 -0.5769 0.7129
vn 0.1779 -0.2792 0.9436
vn 0.2565 -0.5690 0.7813
vn 0.2373 -0.5763 0.7820
vn 0.9081 -0.1942 0.3711
vn 0.6344 -0.2095 0.7441
vn 0.0447 -0.5342 0.8442
vn 0.4645 -0.3999 0.7901
vn 0.9482 -0.1380 0.2861
vn 0.8863 -0.3267 0.3281
vn 0.8671 -0.3684 0.3353
vn 0.1265 -0.5571 0.8208
vn 0.0887 -0.5415 0.8360
vn 0.5983 -0.5402 0.5917
vn 0.5587 -0.5597 0.6120
vn 0.7388 -0.2532 0.6245
vn 0.9850 -0.0611 0.1613
vn 0.8392 -0.2451 0.4855
vn 0.8179 -0.3052 0.4878
vn 0.8035 -0.3241 0.4993
vn 0.4973 -0.0890 0.8630
vn 0.9539 -0.1922 0.2304
vn 0.5853 -0.4117 0.6985
vn 0.5841 -0.4130 0.6987
vn 0.5424 -0.4021 0.7376
vn 0.5403 -0.4041 0.7381
vn 0.4699 -0.5815 0.6641
vn 0.6500 -0.2323 0.7236
vn 0.9299 -0.1674 0.3275
vn 0.9155 -0.2036 0.3471
vn 0.9752 -0.1285 0.1803
vn 0.3003 -0.3542 0.8856
vn 0.9008 -0.2027 0.3840
vn 0.5987 -0.1839 0.7796
vn 0.8330 -0.4061 0.3758
vn 0.5993 -0.1833 0.7793
vn 0.9096 -0.3052 0.2821
vn 0.7754 -0.4555 0.4373
vn 0.7581 -0.2687 0.5942
vn 0.7631 -0.2637 0.5900
vn 0.8774 -0.3703 0.3052
vn 0.9668 -0.0802 0.2425
vn 0.6169 -0.2033 0.7603
vn 0.0605 -0.2423 0.9683
vn 0.0795 -0.2255 0.9710
vn 0.5770 -0.1321 0.8060
vn 0.8517 -0.3907 0.3493
vn 0.6735 -0.2472 0.6966
vn 0.1508 -0.2876 0.9458
vn 0.7266 -0.2529 0.6389
vn 0.0313 -0.5404 0.8408
vn 0.7128 -0.2688 0.6477
vn 0.4426 -0.4001 0.8025
vn 0.6745 -0.5140 0.5300
vn 0.9777 -0.0605 0.2009
vn 0.7505 -0.3523 0.5591
vn 0.7376 -0.3683 0.5659
vn 0.8131 -0.2618 0.5200
vn 0.4766 -0.5824 0.6586
vn 0.9339 -0.2626 0.2426
vn 0.1052 -0.2583 0.9603
vn 0.8589 -0.2366 0.4543
vn 0.9638 -0.1771 0.1993
vn 0.9716 -0.1437 0.1881
vn 0.1611 -0.5811 0.7977
vn 0.3389 -0.5838 0.7378
vn 0.1985 -0.5845 0.7867
vn 0.2179 -0.5774 0.7869
vn 0.6534 -0.5221 0.5481
vn 0.6156 -0.5511 0.5633
vn 0.8314 -0.4073 0.3780
vn 0.2415 -0.3170 0.9172
vn 0.2183 -0.3346 0.9167
vn 0.0245 -0.2495 0.9681
vn 0.9257 -0.1996 0.3213
vn 0.7286 -0.4675 0.5005
vn 0.5270 -0.1411 0.8381
vn 0.6922 -0.5203 0.5002
vn 0.2984 -0.3532 0.8867
vn 0.5498 -0.5711 0.6095
vn 0.5548 -0.1592 0.8166
vn 0.4235 -0.5922 0.6855
vn 0.8604 -0.2782 0.4271
vn 0.4988 -0.5808 0.6433
vn 0.4313 -0.4051 0.8062
vn 0.9447 -0.1501 0.2915
vn 0.8136 -0.2613 0.5193
vn 0.9456 -0.2210 0.2387
vn 0.6694 -0.3891 0.6328
vn 0.6535 -0.4046 0.6397
vn 0.5130 -0.1044 0.8520
vn 0.8737 -0.2510 0.4168
vn 0.5116 -0.4172 0.7511
vn 0.2878 -0.6014 0.7454
vn 0.1377 -0.2851 0.9486
vn 0.0813 -0.5496 0.8315
vn 0.8888 -0.3402 0.3071
vn 0.4036 -0.3995 0.8231
vn 0.9166 -0.2844 0.2812
vn 0.8090 -0.4387 0.3912
vn 0.7418 -0.2728 0.6127
vn 0.6148 -0.4049 0.6768
vn 0.6613 -0.5342 0.5266
vn 0.5400 -0.1319 0.8313
vn 0.3610 -0.3722 0.8551
vn 0.3685 -0.5871 0.7208
vn 0.6954 -0.2677 0.6669
vn 0.7006 -0.2632 0.6632
vn 0.5824 -0.2163 0.7836
vn 0.9300 -0.1590 0.3315
vn 0.4118 -0.6014 0.6846
vn 0.9227 -0.1704 0.3458
vn 0.5944 -0.5687 0.5686
vn 0.6195 -0.5496 0.5604
vn 0.8900 -0.2115 0.4040
vn 0.8879 -0.2139 0.4073
vn 0.7773 -0.4723 0.4156
vn 0.3445 -0.3841 0.8566
vn 0.6788 -0.2504 0.6904
vn 0.2825 -0.6013 0.7474
vn 0.3934 -0.4066 0.8245
vn 0.8688 -0.2305 0.4382
vn 0.8830 -0.2185 0.4153
vn 0.6371 -0.5548 0.5350
vn 0.1292 -0.5743 0.8084
vn 0.7231 -0.5061 0.4702
vn 0.7387 -0.4853 0.4678
vn 0.9386 -0.2556 0.2317
vn 0.1548 -0.5854 0.7959
vn 0.9100 -0.2136 0.3554
vn 0.7254 -0.2854 0.6264
vn 0.9844 -0.0626 0.1644
vn 0.7201 -0.2741 0.6375
vn 0.9542 -0.2097 0.2133
vn 0.6495 -0.2322 0.7240
vn 0.6290 -0.2638 0.7312
vn 0.5879 -0.2882 0.7559
vn 0.3077 -0.6152 0.7258
vn 0.8307 -0.2574 0.4937
vn 0.9329 -0.1737 0.3156
vn 0.7906 -0.4529 0.4122
vn 0.0648 -0.2695 0.9608
vn 0.5258 -0.5877 0.6150
vn 0.4659 -0.1106 0.8779
vn 0.6908 -0.5233 0.4989
vn 0.5576 -0.1640 0.8137
vn 0.2492 -0.6113 0.7511
vn 0.2622 -0.3688 0.8917
vn 0.9186 -0.1738 0.3550
vn 0.2026 -0.3295 0.9221
vn 0.7593 -0.4814 0.4378
vn 0.7975 -0.3288 0.5059
vn 0.7808 -0.3503 0.5173
vn 0.0969 -0.2981 0.9496
vn 0.1158 -0.2831 0.9521
vn 0.0551 -0.5671 0.8218
vn 0.4850 -0.1428 0.8628
vn 0.5044 -0.1232 0.8547
vn 0.7992 -0.2673 0.5384
vn 0.8614 -0.3884 0.3274
vn 0.9115 -0.3181 0.2607
vn 0.5386 -0.4333 0.7226
vn 0.5538 -0.4222 0.7177
vn 0.9761 -0.1262 0.1768
vn 0.9707 -0.1523 0.1859
vn 0.4714 -0.6079 0.6389
vn 0.9675 -0.0935 0.2351
vn 0.9756 -0.0728 0.2073
vn 0.0924 -0.5828 0.8074
vn 0.8529 -0.2443 0.4615
vn 0.0912 -0.5835 0.8069
vn 0.8823 -0.2613 0.3915
vn 0.9993 -0.0007 0.0375
vn 0.9557 -0.2028 0.2133
vn 0.4782 -0.4256 0.7682
vn 0.4870 -0.4196 0.7660
vn 0.9813 -0.0893 0.1704
vn 0.9823 -0.0784 0.1700
vn 0.2325 -0.6107 0.7569
vn 0.7017 -0.3942 0.5934
vn 0.7154 -0.3797 0.5866
vn 0.3698 -0.6069 0.7035
vn 0.3438 -0.6241 0.7016
vn 0.5873 -0.5705 0.5741
vn 0.9995 0.0003 0.0312
vn 0.7098 -0.5276 0.4666
vn 0.4676 -0.1090 0.8772
vn 0.5345 -0.1783 0.8261
vn 0.6561 -0.2826 0.6997
vn 0.5887 -0.2207 0.7776
vn 0.9996 -0.0001 0.0283
vn 0.8766 -0.2250 0.4254
vn 0.4417 -0.6181 0.6503
vn 0.8345 -0.4235 0.3526
vn 0.3476 -0.4063 0.8451
vn 0.4835 -0.6080 0.6298
vn 0.5824 -0.1873 0.7910
vn 0.1728 -0.3297 0.9281
vn 0.1767 -0.3278 0.9281
vn 0.9084 -0.1883 0.3732
vn 0.6177 -0.2390 0.7492
vn 0.5991 -0.2566 0.7584
vn 0.6809 -0.2919 0.6717
vn 0.7888 -0.2760 0.5492
vn 0.9989 0.0030 0.0477
vn 0.8248 -0.4383 0.3572
vn 0.9210 -0.2890 0.2611
vn 0.2876 -0.3936 0.8731
vn 0.2984 -0.3872 0.8724
vn 0.8984 -0.2383 0.3689
vn 0.9141 -0.2094 0.3473
vn 0.7340 -0.5124 0.4458
vn 0.1841 -0.6116 0.7695
vn 0.9956 -0.0099 0.0935
vn 0.2105 -0.6189 0.7568
vn 0.6239 -0.4201 0.6590
vn 0.6301 -0.4139 0.6570
vn 0.9784 -0.0654 0.1959
vn 0.0329 -0.5806 0.8135
vn 0.9977 0.0067 0.0679
vn 0.9981 -0.0069 0.0617
vn 0.7043 -0.2934 0.6464
vn 0.8776 -0.3705 0.3041
vn 0.5578 -0.5909 0.5828
vn 0.4949 -0.1750 0.8512
vn 0.8506 -0.4116 0.3272
vn 0.8350 -0.2576 0.4862
vn 0.2245 -0.3577 0.9064
vn 0.9573 -0.1255 0.2604
vn 0.9996 -0.0195 0.0207
vn 0.6141 -0.5787 0.5367
vn 0.6417 -0.5541 0.5303
vn 0.4313 -0.1077 0.8957
vn 0.4696 -0.1430 0.8712
vn 0.2218 -0.3599 0.9063
vn 0.9471 -0.1388 0.2893
vn 0.4115 -0.4250 0.8062
vn 0.8532 -0.2821 0.4388
vn 0.9989 -0.0192 0.0437
vn 0.9955 -0.0567 0.0762
vn 0.5214 -0.4347 0.7343
vn 0.5371 -0.2072 0.8176
vn 0.5241 -0.2176 0.8234
vn 0.9910 -0.0000 0.1338
vn 0.9953 0.0079 0.0964
vn 0.4732 -0.1871 0.8608
vn 0.4905 -0.1649 0.8557
vn 0.0542 -0.5956 0.8014
vn 0.7503 -0.3778 0.5425
vn 0.7618 -0.3616 0.5375
vn 0.3105 -0.6318 0.7102
vn 0.3179 -0.6259 0.7122
vn 0.9949 -0.0333 0.0949
vn 0.6613 -0.2865 0.6933
vn 0.5436 -0.2332 0.8063
vn 0.9904 -0.0213 0.1365
vn 0.7698 -0.2824 0.5724
vn 0.5391 -0.5956 0.5956
vn 0.0444 -0.2979 0.9536
vn 0.0481 -0.2953 0.9542
vn 0.9956 -0.0290 0.0890
vn 0.9705 -0.1528 0.1865
vn 0.9644 -0.1798 0.1939
vn 0.3623 -0.4182 0.8330
vn 0.9914 -0.0333 0.1269
vn 0.3621 -0.6434 0.6745
vn 0.9847 -0.0297 0.1715
vn 0.9832 -0.0191 0.1817
vn 0.9667 -0.1006 0.2353
vn 0.6687 -0.5489 0.5016
vn 0.6634 -0.5556 0.5012
vn 0.4295 -0.6285 0.6484
vn 0.7159 -0.5179 0.4683
vn 0.4228 -0.1133 0.8991
vn 0.9807 -0.0205 0.1946
vn 0.3790 -0.6322 0.6757
vn 0.4414 -0.4325 0.7862
vn 0.4379 -0.4354 0.7866
vn 0.7577 -0.2906 0.5843
vn 0.4405 -0.1365 0.8873
vn 0.9833 -0.0446 0.1766
vn 0.8636 -0.2784 0.4204
vn 0.9912 -0.0568 0.1195
vn 0.1212 -0.6178 0.7769
vn 0.1417 -0.6115 0.7784
vn 0.9898 -0.0417 0.1363
vn 0.5046 -0.6210 0.5998
vn 0.5000 -0.2142 0.8391
vn 0.1778 -0.6158 0.7676
vn 0.5660 -0.2575 0.7832
vn 0.9792 -0.0136 0.2024
vn 0.9738 -0.0335 0.2248
vn 0.5754 -0.2501 0.7787
vn 0.8390 -0.3078 0.4487
vn 0.9956 -0.0524 0.0781
vn 0.2456 -0.6336 0.7337
vn 0.8048 -0.4659 0.3676
vn 0.9608 -0.1217 0.2491
vn 0.9945 -0.0592 0.0869
vn 0.2499 -0.3910 0.8858
vn 0.8694 -0.3892 0.3044
vn 0.9660 -0.0351 0.2561
vn 0.1322 -0.3317 0.9341
vn 0.8971 -0.3432 0.2784
vn 0.1225 -0.3376 0.9333
vn 0.9715 -0.0149 0.2367
vn 0.7202 -0.5333 0.4437
vn 0.9860 -0.0360 0.1627
vn 0.9818 -0.0538 0.1819
vn 0.6253 -0.2792 0.7287
vn 0.5859 -0.4388 0.6813
vn 0.6299 -0.2751 0.7263
vn 0.5984 -0.4294 0.6764
vn 0.6142 -0.5786 0.5366
vn 0.5795 -0.6048 0.5463
vn 0.9896 -0.0692 0.1260
vn 0.6837 -0.4026 0.6087
vn 0.6675 -0.4190 0.6155
vn 0.3798 -0.1159 0.9178
vn 0.2741 -0.6429 0.7152
vn 0.9884 -0.0737 0.1327
vn 0.2984 -0.4227 0.8557
vn 0.7137 -0.2971 0.6343
vn 0.9925 -0.0764 0.0955
vn 0.7757 -0.4896 0.3982
vn 0.8178 -0.2644 0.5112
vn 0.9809 -0.0286 0.1926
vn 0.9735 -0.0639 0.2195
vn 0.7649 -0.4969 0.4099
vn 0.5371 -0.6278 0.5633
vn 0.9586 -0.0325 0.2828
vn 0.4116 -0.1544 0.8982
vn 0.6263 -0.5853 0.5149
vn 0.8232 -0.4396 0.3594
vn 0.5100 -0.2081 0.8346
vn 0.9757 -0.0708 0.2075
vn 0.9753 -0.0459 0.2159
vn 0.1632 -0.3668 0.9159
vn 0.8962 -0.2405 0.3729
vn 0.7534 -0.2914 0.5895
vn 0.8804 -0.2725 0.3881
vn 0.9841 -0.0633 0.1657
vn 0.9516 -0.0273 0.3060
vn 0.1050 -0.6173 0.7797
vn 0.0844 -0.6231 0.7776
vn 0.8432 -0.3202 0.4319
vn 0.9838 -0.0366 0.1754
vn 0.9074 -0.1891 0.3753
vn 0.4783 -0.6300 0.6118
vn 0.9446 -0.0376 0.3262
vn 0.7344 -0.5312 0.4226
vn 0.9802 -0.0753 0.1833
vn 0.3876 -0.1112 0.9151
vn 0.9665 -0.0391 0.2535
vn 0.9607 -0.0614 0.2707
vn 0.3754 -0.6496 0.6611
vn 0.4879 -0.4496 0.7482
vn 0.4848 -0.4522 0.7486
vn 0.9896 -0.0791 0.1200
vn 0.2905 -0.4267 0.8565
vn 0.5570 -0.2463 0.7931
vn 0.5372 -0.2631 0.8014
vn 0.9764 -0.1179 0.1810
vn 0.9776 -0.1081 0.1806
vn 0.6762 -0.5724 0.4637
vn 0.9491 -0.1554 0.2739
vn 0.9221 -0.3005 0.2438
vn 0.9824 -0.1089 0.1520
vn 0.4735 -0.2104 0.8553
vn 0.3962 -0.4510 0.7997
vn 0.4692 -0.2126 0.8571
vn 0.7578 -0.5088 0.4084
vn 0.9537 -0.0454 0.2972
vn 0.8177 -0.3322 0.4701
vn 0.9730 -0.0620 0.2224
vn 0.7964 -0.2854 0.5333
vn 0.6924 -0.2986 0.6568
vn 0.9794 -0.1047 0.1725
vn 0.9868 -0.0734 0.1440
vn 0.1878 -0.6476 0.7384
vn 0.2017 -0.6401 0.7413
vn 0.9626 -0.1857 0.1975
vn 0.9755 -0.0787 0.2053
vn 0.0534 -0.3256 0.9440
vn 0.9198 -0.1735 0.3518
vn 0.9452 -0.0709 0.3186
vn 0.2341 -0.6442 0.7281
vn 0.4442 -0.1720 0.8793
vn 0.5504 -0.6145 0.5651
vn 0.0918 -0.3379 0.9367
vn 0.0927 -0.3374 0.9368
vn 0.7311 -0.3046 0.6105
vn 0.8949 -0.2772 0.3496
vn 0.9785 -0.0968 0.1821
vn 0.9016 -0.3313 0.2781
vn 0.9349 -0.0306 0.3536
vn 0.4878 -0.6320 0.6022
vn 0.6009 -0.2785 0.7492
vn 0.5890 -0.2899 0.7543
vn 0.9670 -0.0946 0.2366
vn 0.3955 -0.6390 0.6598
vn 0.1688 -0.3713 0.9131
vn 0.2114 -0.4071 0.8886
vn 0.2242 -0.3931 0.8918
vn 0.8131 -0.4702 0.3432
vn 0.9414 -0.2562 0.2193
vn 0.3479 -0.4362 0.8299
vn 0.3324 -0.1176 0.9358
vn 0.9612 -0.0666 0.2675
vn 0.9530 -0.0947 0.2879
vn 0.9313 -0.0656 0.3583
vn 0.9285 -0.0713 0.3644
vn 0.6085 -0.5866 0.5344
vn 0.7381 -0.3844 0.5545
vn 0.9237 -0.0477 0.3801
vn 0.7149 -0.4082 0.5677
vn 0.6788 -0.3131 0.6642
vn 0.5297 -0.6273 0.5709
vn 0.6564 -0.3095 0.6880
vn 0.9759 -0.0982 0.1947
vn 0.6660 -0.5745 0.4758
vn 0.7803 -0.2940 0.5520
vn 0.0446 -0.6252 0.7792
vn 0.0543 -0.6210 0.7820
vn 0.9648 -0.0940 0.2458
vn 0.3033 -0.6653 0.6822
vn 0.3211 -0.6539 0.6850
vn 0.9800 -0.0804 0.1821
vn 0.7198 -0.3069 0.6227
vn 0.2564 -0.6648 0.7016
vn 0.5475 -0.4565 0.7014
vn 0.5633 -0.4461 0.6955
vn 0.7972 -0.4853 0.3593
vn 0.6190 -0.3045 0.7240
vn 0.9794 -0.1044 0.1729
vn 0.6219 -0.3019 0.7226
vn 0.9362 -0.1923 0.2943
vn 0.4421 -0.6521 0.6159
vn 0.9682 -0.1134 0.2230
vn 0.4561 -0.6431 0.6151
vn 0.7716 -0.3797 0.5104
vn 0.7347 -0.5445 0.4046
vn 0.6858 -0.5597 0.4652
vn 0.4312 -0.1814 0.8838
vn 0.9534 -0.1520 0.2605
vn 0.8966 -0.3550 0.2649
vn 0.9269 -0.0665 0.3694
vn 0.9829 -0.1094 0.1480
vn 0.1285 -0.3703 0.9200
vn 0.1455 -0.6472 0.7483
vn 0.1340 -0.6516 0.7466
vn 0.4402 -0.2129 0.8723
vn 0.0382 -0.3450 0.9378
vn 0.9675 -0.1291 0.2172
vn 0.9162 -0.0402 0.3988
vn 0.9068 -0.0566 0.4177
vn 0.2569 -0.4174 0.8717
vn 0.9707 -0.1018 0.2176
vn 0.9360 -0.0713 0.3446
vn 0.8730 -0.2806 0.3989
vn 0.9553 -0.2134 0.2044
vn 0.9470 -0.1137 0.3005
vn 0.9526 -0.0989 0.2877
vn 0.9453 -0.0771 0.3168
vn 0.6290 -0.4425 0.6392
vn 0.5050 -0.2633 0.8220
vn 0.9351 -0.1002 0.3400
vn 0.6450 -0.4284 0.6328
vn 0.5263 -0.2469 0.8136
vn 0.9140 -0.2228 0.3391
vn 0.9334 -0.2745 0.2311
vn 0.9704 -0.1365 0.1992
vn 0.9186 -0.3128 0.2415
vn 0.4386 -0.4614 0.7711
vn 0.4368 -0.4636 0.7709
vn 0.3344 -0.6880 0.6440
vn 0.7771 -0.5037 0.3773
vn 0.8972 -0.0485 0.4389
vn 0.9639 -0.1165 0.2393
vn 0.8148 -0.3339 0.4739
vn 0.8873 -0.0659 0.4564
vn 0.7953 -0.3592 0.4883
vn 0.8791 -0.3826 0.2842
vn 0.8450 -0.4232 0.3268
vn 0.9133 -0.0946 0.3961
vn 0.3785 -0.4464 0.8109
vn 0.7019 -0.3206 0.6361
vn 0.9418 -0.2547 0.2193
vn 0.7037 -0.5668 0.4285
vn 0.2869 -0.4258 0.8581
vn 0.2293 -0.4432 0.8666
vn 0.5703 -0.6251 0.5329
vn 0.9616 -0.1396 0.2361
vn 0.8047 -0.2830 0.5219
vn 0.9200 -0.1054 0.3774
vn 0.4051 -0.1528 0.9014
vn 0.3172 -0.1059 0.9424
vn 0.9581 -0.1258 0.2573
vn 0.4060 -0.1809 0.8958
vn 0.9477 -0.1304 0.2913
vn 0.9358 -0.1414 0.3229
vn 0.9721 -0.1397 0.1887
vn 0.9286 -0.1543 0.3376
vn 0.4798 -0.6498 0.5896
vn 0.2089 -0.4308 0.8779
vn 0.9052 -0.0798 0.4175
vn 0.7752 -0.2984 0.5567
vn 0.7673 -0.5160 0.3807
vn 0.6478 -0.3177 0.6924
vn 0.7648 -0.3818 0.5189
vn 0.8720 -0.0554 0.4863
vn 0.6233 -0.6024 0.4985
vn 0.6142 -0.6128 0.4972
vn 0.0463 -0.3498 0.9357
vn 0.4353 -0.2154 0.8741
vn 0.8643 -0.2398 0.4422
vn 0.0604 -0.6497 0.7578
vn 0.8310 -0.2687 0.4871
vn 0.1157 -0.3782 0.9185
vn 0.7412 -0.5368 0.4031
vn 0.5566 -0.2940 0.7770
vn 0.5672 -0.2846 0.7728
vn 0.1891 -0.6654 0.7221
vn 0.3541 -0.1285 0.9264
vn 0.9035 -0.0825 0.4206
vn 0.1127 -0.6505 0.7511
vn 0.0967 -0.6571 0.7476
vn 0.3833 -0.6752 0.6302
vn 0.9674 -0.1367 0.2132
vn 0.4042 -0.6608 0.6324
vn 0.5032 -0.2568 0.8251
vn 0.9811 -0.0639 0.1828
vn 0.9814 -0.0585 0.1828
vn 0.5163 -0.6512 0.5562
vn 0.8696 -0.3454 0.3529
vn 0.9651 -0.1278 0.2284
vn 0.8764 -0.3909 0.2813
vn 0.9554 -0.1269 0.2667
vn 0.8664 -0.0458 0.4972
vn 0.3272 -0.4483 0.8318
vn 0.9866 -0.0507 0.1552
vn 0.9469 -0.1650 0.2759
vn 0.8596 -0.3102 0.4060
vn 0.4906 -0.6529 0.5772
vn 0.5191 -0.4691 0.7144
vn 0.5928 -0.3068 0.7446
vn 0.5330 -0.4608 0.7096
vn 0.2519 -0.6692 0.6991
vn 0.8956 -0.2023 0.3962
vn 0.9348 -0.1076 0.3384
vn 0.9270 -0.2162 0.3064
vn 0.9599 -0.1383 0.2438
vn 0.3822 -0.1649 0.9092
vn 0.9548 -0.1584 0.2515
vn 0.0761 -0.3765 0.9233
vn 0.9141 -0.0949 0.3942
vn 0.3591 -0.4598 0.8122
vn 0.9427 -0.1443 0.3008
vn 0.6589 -0.5892 0.4676
vn 0.7285 -0.4071 0.5510
vn 0.1582 -0.6726 0.7229
vn 0.3652 -0.2035 0.9084
vn 0.8880 -0.0664 0.4551
vn 0.9384 -0.1127 0.3266
vn 0.2177 -0.6805 0.6997
vn 0.8654 -0.0897 0.4929
vn 0.9600 -0.1614 0.2289
vn 0.6815 -0.4335 0.5896
vn 0.6957 -0.4174 0.5846
vn 0.9224 -0.1079 0.3708
vn 0.9074 -0.1362 0.3975
vn 0.8504 -0.4116 0.3278
vn 0.4042 -0.2160 0.8888
vn 0.9699 -0.1258 0.2085
vn 0.8884 -0.0852 0.4511
vn 0.8228 -0.4653 0.3263
vn 0.9041 -0.1078 0.4135
vn 0.8643 -0.0922 0.4945
vn 0.6094 -0.3255 0.7230
vn 0.7069 -0.5627 0.4284
vn 0.9403 -0.1289 0.3149
vn 0.1602 -0.4038 0.9007
vn 0.1571 -0.4059 0.9003
vn 0.4696 -0.2600 0.8437
vn 0.8419 -0.2577 0.4741
vn 0.5959 -0.4619 0.6570
vn 0.6133 -0.4484 0.6503
vn 0.9438 -0.1567 0.2911
vn 0.9177 -0.1442 0.3701
vn 0.4482 -0.6742 0.5870
vn 0.2695 -0.6937 0.6679
vn 0.9348 -0.1982 0.2946
vn 0.8646 -0.1124 0.4897
vn 0.8973 -0.1370 0.4196
vn 0.5800 -0.3191 0.7495
vn 0.9391 -0.1464 0.3109
vn 0.5537 -0.6505 0.5199
vn 0.6827 -0.3262 0.6538
vn 0.6830 -0.3260 0.6536
vn 0.5975 -0.6192 0.5095
vn 0.7791 -0.3696 0.5064
vn 0.3401 -0.1683 0.9252
vn 0.8987 -0.3544 0.2582
vn 0.5242 -0.2986 0.7975
vn 0.5381 -0.2856 0.7930
vn 0.7571 -0.3077 0.5763
vn 0.7498 -0.3138 0.5825
vn 0.6849 -0.5898 0.4278
vn 0.8577 -0.0736 0.5088
vn 0.9866 -0.0502 0.1551
vn 0.4008 -0.6953 0.5966
vn 0.3348 -0.6876 0.6443
vn 0.9196 -0.1530 0.3618
vn 0.1498 -0.6795 0.7182
vn 0.0362 -0.6721 0.7395
vn 0.9790 -0.0819 0.1868
vn 0.0701 -0.6563 0.7512
vn 0.9550 -0.2149 0.2045
vn 0.9821 -0.0635 0.1771
vn 0.0847 -0.3807 0.9208
vn 0.9023 -0.3498 0.2520
vn 0.8761 -0.1186 0.4672
vn 0.3800 -0.4749 0.7938
vn 0.3814 -0.4734 0.7940
vn 0.1085 -0.6758 0.7291
vn 0.8617 -0.4093 0.2998
vn 0.8414 -0.4471 0.3034
vn 0.8353 -0.0658 0.5459
vn 0.2948 -0.1456 0.9444
vn 0.3069 -0.1343 0.9422
vn 0.3172 -0.4554 0.8319
vn 0.9015 -0.2504 0.3530
vn 0.0456 -0.3798 0.9239
vn 0.4742 -0.2578 0.8418
vn 0.3007 -0.6785 0.6702
vn 0.9793 -0.0791 0.1862
vn 0.9781 -0.0928 0.1862
vn 0.2025 -0.4271 0.8812
vn 0.3770 -0.2308 0.8970
vn 0.4513 -0.4860 0.7484
vn 0.6295 -0.6160 0.4736
vn 0.9906 -0.0279 0.1337
vn 0.8014 -0.4896 0.3436
vn 0.7836 -0.5132 0.3502
vn 0.9524 -0.1568 0.2614
vn 0.8474 -0.0999 0.5214
vn 0.4786 -0.6781 0.5577
vn 0.5247 -0.6510 0.5486
vn 0.9190 -0.3123 0.2406
vn 0.8094 -0.0659 0.5835
vn 0.9208 -0.1681 0.3519
vn 0.9368 -0.1386 0.3212
vn 0.3292 -0.1738 0.9281
vn 0.1186 -0.6818 0.7219
vn 0.2616 -0.4543 0.8516
vn 0.9052 -0.1476 0.3986
vn 0.8998 -0.1562 0.4074
vn 0.2548 -0.6914 0.6761
vn 0.4849 -0.4836 0.7287
vn 0.4999 -0.4743 0.7247
vn 0.8320 -0.0617 0.5513
vn 0.5559 -0.6499 0.5183
vn 0.8999 -0.2045 0.3852
vn 0.8758 -0.1181 0.4680
vn 0.8671 -0.1639 0.4705
vn 0.2511 -0.1178 0.9608
vn 0.7306 -0.3225 0.6019
vn 0.8804 -0.1396 0.4533
vn 0.5571 -0.3148 0.7685
vn 0.5490 -0.3215 0.7715
vn 0.9338 -0.1794 0.3094
vn 0.8195 -0.3522 0.4521
vn 0.6535 -0.3383 0.6771
vn 0.8119 -0.4833 0.3275
vn 0.4242 -0.6755 0.6031
vn 0.8428 -0.4531 0.2906
vn 0.9559 -0.1602 0.2462
vn 0.9207 -0.1615 0.3552
vn 0.4375 -0.2626 0.8600
vn 0.7928 -0.0907 0.6027
vn 0.8879 -0.3794 0.2602
vn 0.5769 -0.6509 0.4935
vn 0.3341 -0.6874 0.6448
vn 0.9729 -0.1075 0.2049
vn 0.7244 -0.5684 0.3900
vn 0.6554 -0.6033 0.4544
vn 0.9320 -0.2846 0.2244
vn 0.8487 -0.3235 0.4184
vn 0.8456 -0.0950 0.5254
vn 0.9392 -0.1325 0.3169
vn 0.0370 -0.3850 0.9222
vn 0.9435 -0.1563 0.2923
vn 0.9247 -0.1930 0.3283
vn 0.9050 -0.1669 0.3913
vn 0.9192 -0.1711 0.3547
vn 0.2991 -0.1745 0.9381
vn 0.8167 -0.0987 0.5686
vn 0.0776 -0.6769 0.7320
vn 0.9161 -0.2446 0.3177
vn 0.2054 -0.7019 0.6821
vn 0.6801 -0.6031 0.4168
vn 0.1100 -0.4108 0.9051
vn 0.1682 -0.6967 0.6973
vn 0.9621 -0.1388 0.2347
vn 0.9537 -0.1681 0.2495
vn 0.6215 -0.3337 0.7088
vn 0.8903 -0.1834 0.4169
vn 0.8414 -0.1438 0.5209
vn 0.8587 -0.1104 0.5004
vn 0.3896 -0.6930 0.6065
vn 0.7730 -0.5245 0.3569
vn 0.2949 -0.7085 0.6411
vn 0.7205 -0.3306 0.6096
vn 0.8839 -0.1443 0.4449
vn 0.5068 -0.3002 0.8081
vn 0.7954 -0.3787 0.4732
vn 0.5784 -0.4679 0.6683
vn 0.5611 -0.4801 0.6743
vn 0.8346 -0.2677 0.4814
vn 0.9162 -0.1897 0.3531
vn 0.9340 -0.1628 0.3180
vn 0.8664 -0.4100 0.2849
vn 0.4389 -0.2619 0.8595
vn 0.6088 -0.6419 0.4661
vn 0.4746 -0.6785 0.5607
vn 0.0475 -0.6917 0.7206
vn 0.4183 -0.4865 0.7670
vn 0.9499 -0.1134 0.2911
vn 0.5061 -0.6770 0.5343
vn 0.6431 -0.4575 0.6141
vn 0.6512 -0.4466 0.6136
vn 0.7005 -0.5826 0.4123
vn 0.6491 -0.3379 0.6815
vn 0.7515 -0.5479 0.3675
vn 0.9428 -0.1772 0.2824
vn 0.7796 -0.5195 0.3498
vn 0.8491 -0.3228 0.4182
vn 0.1579 -0.7155 0.6805
vn 0.2081 -0.7026 0.6805
vn 0.8391 -0.1316 0.5278
vn 0.7765 -0.0661 0.6267
vn 0.3498 -0.2010 0.9150
vn 0.3386 -0.2105 0.9171
vn 0.2919 -0.1791 0.9395
vn 0.3275 -0.7196 0.6123
vn 0.5246 -0.3228 0.7878
vn 0.5193 -0.3267 0.7897
vn 0.1281 -0.4197 0.8986
vn 0.9093 -0.1910 0.3697
vn 0.2484 -0.4524 0.8566
vn 0.9208 -0.1687 0.3516
vn 0.3313 -0.4853 0.8091
vn 0.3351 -0.4824 0.8093
vn 0.8059 -0.1255 0.5787
vn 0.9649 -0.1684 0.2015
vn 0.8160 -0.0939 0.5704
vn 0.7738 -0.0691 0.6297
vn 0.9432 -0.2523 0.2161
vn 0.1099 -0.7018 0.7038
vn 0.4296 -0.7008 0.5695
vn 0.8648 -0.1462 0.4804
vn 0.8520 -0.1692 0.4954
vn 0.8740 -0.1754 0.4531
vn 0.8617 -0.2490 0.4422
vn 0.0447 -0.4093 0.9113
vn 0.7051 -0.4383 0.5575
vn 0.7485 -0.4131 0.5187
vn 0.7018 -0.3343 0.6291
vn 0.4429 -0.4934 0.7486
vn 0.2231 -0.1102 0.9685
vn 0.3421 -0.7087 0.6171
vn 0.4751 -0.2974 0.8281
vn 0.7658 -0.4030 0.5012
vn 0.7835 -0.3837 0.4888
vn 0.9803 -0.0293 0.1951
vn 0.3962 -0.2652 0.8790
vn 0.6490 -0.6227 0.4372
vn 0.9469 -0.1803 0.2661
vn 0.2715 -0.7075 0.6525
vn 0.2474 -0.7211 0.6472
vn 0.2574 -0.1284 0.9577
vn 0.2365 -0.1547 0.9592
vn 0.0823 -0.7042 0.7052
vn 0.8274 -0.3478 0.4409
vn 0.8123 -0.3739 0.4476
vn 0.9795 -0.0939 0.1782
vn 0.8840 -0.2236 0.4105
vn 0.0811 -0.4129 0.9072
vn 0.2846 -0.4741 0.8332
vn 0.7317 -0.5606 0.3877
vn 0.8675 -0.1722 0.4667
vn 0.4196 -0.7009 0.5768
vn 0.3752 -0.7161 0.5886
vn 0.2583 -0.1763 0.9499
vn 0.9679 -0.1526 0.1998
vn 0.9701 -0.1419 0.1970
vn 0.5482 -0.4840 0.6820
vn 0.5302 -0.4952 0.6882
vn 0.9851 -0.0650 0.1590
vn 0.7445 -0.0628 0.6646
vn 0.9422 -0.1958 0.2718
vn 0.5859 -0.3383 0.7364
vn 0.5804 -0.3434 0.7384
vn 0.8980 -0.1921 0.3959
vn 0.8058 -0.1242 0.5790
vn 0.7936 -0.1470 0.5904
vn 0.8286 -0.1719 0.5329
vn 0.8423 -0.1487 0.5181
vn 0.0482 -0.6923 0.7200
vn 0.1802 -0.4314 0.8840
vn 0.5472 -0.6755 0.4941
vn 0.5992 -0.6548 0.4608
vn 0.8952 -0.2776 0.3486
vn 0.9733 -0.1147 0.1990
vn 0.9019 -0.2633 0.3424
vn 0.6543 -0.6230 0.4286
vn 0.7779 -0.0850 0.6226
vn 0.3682 -0.2295 0.9010
vn 0.4704 -0.3009 0.8296
vn 0.9568 -0.1733 0.2333
vn 0.7876 -0.0898 0.6096
vn 0.8035 -0.2956 0.5167
vn 0.0388 -0.6987 0.7144
vn 0.8060 -0.2918 0.5149
vn 0.1537 -0.7132 0.6839
vn 0.7541 -0.5572 0.3475
vn 0.0625 -0.4249 0.9031
vn 0.9340 -0.1795 0.3088
vn 0.0956 -0.6965 0.7112
vn 0.3809 -0.5042 0.7750
vn 0.6104 -0.4808 0.6295
vn 0.6124 -0.3533 0.7072
vn 0.3109 -0.7188 0.6218
vn 0.3989 -0.2638 0.8782
vn 0.9068 -0.1906 0.3761
vn 0.9262 -0.1624 0.3404
vn 0.9391 -0.2637 0.2206
vn 0.1911 -0.4662 0.8638
vn 0.1855 -0.4696 0.8632
vn 0.5210 -0.6815 0.5140
vn 0.5677 -0.6727 0.4746
vn 0.7038 -0.5987 0.3824
vn 0.9297 -0.1527 0.3352
vn 0.0346 -0.4163 0.9086
vn 0.6155 -0.6424 0.4566
vn 0.7496 -0.1236 0.6503
vn 0.7410 -0.3345 0.5822
vn 0.2016 -0.7261 0.6574
vn 0.8525 -0.1724 0.4934
vn 0.2739 -0.4872 0.8292
vn 0.8407 -0.1927 0.5061
vn 0.8867 -0.1819 0.4251
vn 0.7670 -0.1244 0.6295
vn 0.6675 -0.4567 0.5881
vn 0.6527 -0.4756 0.5898
vn 0.7531 -0.0749 0.6536
vn 0.7357 -0.1065 0.6688
vn 0.3898 -0.7174 0.5774
vn 0.9408 -0.2024 0.2718
vn 0.1520 -0.1350 0.9791
vn 0.1762 -0.1106 0.9781
vn 0.9025 -0.3525 0.2473
vn 0.9082 -0.1906 0.3726
vn 0.9259 -0.1878 0.3278
vn 0.4897 -0.3282 0.8078
vn 0.8940 -0.2090 0.3963
vn 0.9740 -0.1095 0.1983
vn 0.9281 -0.2297 0.2930
vn 0.2649 -0.7359 0.6231
vn 0.9720 -0.1250 0.1989
vn 0.1465 -0.4480 0.8820
vn 0.0928 -0.4515 0.8874
vn 0.6034 -0.6591 0.4488
vn 0.7013 -0.5999 0.3851
vn 0.6832 -0.3497 0.6411
vn 0.3348 -0.2475 0.9092
vn 0.9163 -0.2430 0.3184
vn 0.0822 -0.4416 0.8934
vn 0.4639 -0.7123 0.5267
vn 0.7484 -0.4133 0.5187
vn 0.7983 -0.5103 0.3198
vn 0.6464 -0.6456 0.4067
vn 0.4307 -0.7204 0.5436
vn 0.2150 -0.4822 0.8493
vn 0.8719 -0.2339 0.4302
vn 0.5371 -0.6845 0.4929
vn 0.7330 -0.5719 0.3683
vn 0.2082 -0.7300 0.6509
vn 0.3596 -0.5010 0.7872
vn 0.6098 -0.3529 0.7096
vn 0.3413 -0.7337 0.5876
vn 0.8271 -0.4725 0.3045
vn 0.9185 -0.3178 0.2354
vn 0.7141 -0.0841 0.6950
vn 0.0482 -0.4367 0.8983
vn 0.2989 -0.2204 0.9285
vn 0.8730 -0.4087 0.2661
vn 0.4711 -0.5084 0.7209
vn 0.9049 -0.3472 0.2464
vn 0.1832 -0.1543 0.9709
vn 0.0963 -0.7278 0.6790
vn 0.1063 -0.7213 0.6844
vn 0.3729 -0.2627 0.8899
vn 0.0506 -0.7155 0.6968
vn 0.6955 -0.4569 0.5546
vn 0.8847 -0.2113 0.4154
vn 0.7232 -0.4267 0.5431
vn 0.7730 -0.5395 0.3336
vn 0.7918 -0.5166 0.3259
vn 0.4114 -0.2870 0.8651
vn 0.5151 -0.4994 0.6966
vn 0.9322 -0.1855 0.3109
vn 0.8512 -0.2577 0.4573
vn 0.4958 -0.5118 0.7017
vn 0.9343 -0.1792 0.3083
vn 0.8868 -0.3832 0.2582
vn 0.8164 -0.1970 0.5428
vn 0.8293 -0.1766 0.5302
vn 0.2371 -0.1718 0.9562
vn 0.9062 -0.1912 0.3772
vn 0.2876 -0.5008 0.8164
vn 0.8452 -0.4523 0.2848
vn 0.4376 -0.3092 0.8443
vn 0.4948 -0.7124 0.4977
vn 0.3305 -0.7338 0.5936
vn 0.7652 -0.1374 0.6290
vn 0.9229 -0.3058 0.2340
vn 0.8522 -0.2100 0.4792
vn 0.8660 -0.1906 0.4623
vn 0.4725 -0.3343 0.8155
vn 0.4650 -0.3409 0.8171
vn 0.8770 -0.3069 0.3697
vn 0.8806 -0.2985 0.3681
vn 0.8960 -0.1916 0.4006
vn 0.3115 -0.2361 0.9205
vn 0.8824 -0.2138 0.4192
vn 0.5756 -0.6823 0.4508
vn 0.7944 -0.1532 0.5878
vn 0.2578 -0.7336 0.6288
vn 0.7791 -0.1734 0.6024
vn 0.7625 -0.4217 0.4908
vn 0.5816 -0.3658 0.7266
vn 0.9291 -0.2406 0.2808
vn 0.5729 -0.6849 0.4503
vn 0.5491 -0.3483 0.7597
vn 0.5443 -0.3521 0.7614
vn 0.1646 -0.7338 0.6592
vn 0.1468 -0.7421 0.6540
vn 0.7104 -0.0866 0.6985
vn 0.8423 -0.4569 0.2861
vn 0.3729 -0.7349 0.5664
vn 0.9626 -0.1624 0.2170
vn 0.9649 -0.1506 0.2154
vn 0.8014 -0.3811 0.4610
vn 0.7878 -0.4036 0.4652
vn 0.0447 -0.7215 0.6910
vn 0.3314 -0.5137 0.7914
vn 0.2712 -0.2086 0.9396
vn 0.9507 -0.2247 0.2139
vn 0.9517 -0.2212 0.2129
vn 0.2033 -0.7435 0.6371
vn 0.4349 -0.7168 0.5450
vn 0.5753 -0.5021 0.6456
vn 0.6039 -0.4816 0.6351
vn 0.1337 -0.4765 0.8690
vn 0.6571 -0.6340 0.4078
vn 0.7641 -0.1388 0.6299
vn 0.6387 -0.4754 0.6050
vn 0.7543 -0.5570 0.3476
vn 0.7100 -0.3519 0.6100
vn 0.3489 -0.2742 0.8962
vn 0.6186 -0.6615 0.4240
vn 0.4136 -0.3052 0.8578
vn 0.9851 -0.0696 0.1572
vn 0.7820 -0.3127 0.5391
vn 0.9499 -0.2027 0.2377
vn 0.8263 -0.2841 0.4864
vn 0.2182 -0.7535 0.6202
vn 0.9883 -0.0465 0.1453
vn 0.1235 -0.1174 0.9854
vn 0.1080 -0.1319 0.9854
vn 0.2164 -0.1933 0.9570
vn 0.7539 -0.1754 0.6331
vn 0.4142 -0.5264 0.7425
vn 0.4279 -0.5177 0.7408
vn 0.8731 -0.4085 0.2660
vn 0.2926 -0.7502 0.5929
vn 0.9158 -0.1937 0.3520
vn 0.8790 -0.2008 0.4324
vn 0.9616 -0.0905 0.2592
vn 0.8658 -0.2180 0.4503
vn 0.7390 -0.1107 0.6645
vn 0.1613 -0.1484 0.9757
vn 0.8256 -0.2193 0.5198
vn 0.8412 -0.1998 0.5025
vn 0.7606 -0.1686 0.6269
vn 0.9122 -0.2646 0.3128
vn 0.1572 -0.7606 0.6299
vn 0.0338 -0.4451 0.8948
vn 0.5782 -0.3651 0.7296
vn 0.3281 -0.5131 0.7931
vn 0.9782 -0.0413 0.2037
vn 0.8671 -0.3239 0.3784
vn 0.0631 -0.7427 0.6667
vn 0.7077 -0.0862 0.7012
vn 0.5288 -0.7096 0.4656
vn 0.5416 -0.6992 0.4666
vn 0.7202 -0.4594 0.5199
vn 0.1170 -0.7405 0.6618
vn 0.0992 -0.7482 0.6560
vn 0.6857 -0.1435 0.7136
vn 0.6274 -0.6526 0.4248
vn 0.9138 -0.1974 0.3548
vn 0.2597 -0.7513 0.6067
vn 0.3211 -0.2735 0.9067
vn 0.8005 -0.1213 0.5869
vn 0.4571 -0.5210 0.7209
vn 0.8795 -0.2398 0.4112
vn 0.4533 -0.7372 0.5010
vn 0.5021 -0.7134 0.4888
vn 0.6640 -0.3531 0.6591
vn 0.3713 -0.5283 0.7636
vn 0.1768 -0.7525 0.6344
vn 0.6492 -0.3659 0.6668
vn 0.5193 -0.3531 0.7782
vn 0.5112 -0.3598 0.7805
vn 0.8339 -0.3641 0.4148
vn 0.0276 -0.7349 0.6776
vn 0.9580 -0.1923 0.2129
vn 0.7046 -0.1826 0.6857
vn 0.8464 -0.4518 0.2819
vn 0.9012 -0.2080 0.3803
vn 0.9162 -0.1898 0.3530
vn 0.5447 -0.5188 0.6589
vn 0.5669 -0.5049 0.6510
vn 0.8514 -0.2571 0.4571
vn 0.9762 -0.1165 0.1830
vn 0.9804 -0.0930 0.1735
vn 0.9768 -0.0699 0.2024
vn 0.1727 -0.1885 0.9668
vn 0.1948 -0.1706 0.9659
vn 0.3404 -0.7557 0.5595
vn 0.7171 -0.1101 0.6882
vn 0.6956 -0.0693 0.7151
vn 0.3767 -0.3233 0.8681
vn 0.3530 -0.3028 0.8853
vn 0.2212 -0.5080 0.8324
vn 0.2286 -0.5012 0.8346
vn 0.3945 -0.7482 0.5334
vn 0.7644 -0.4183 0.4907
vn 0.9377 -0.2631 0.2268
vn 0.6703 -0.4792 0.5667
vn 0.6861 -0.4613 0.5625
vn 0.9023 -0.2887 0.3203
vn 0.2813 -0.5281 0.8012
vn 0.7792 -0.1942 0.5960
vn 0.2692 -0.7557 0.5970
vn 0.2054 -0.7710 0.6029
vn 0.4512 -0.7373 0.5027
vn 0.3840 -0.7535 0.5337
vn 0.7701 -0.5489 0.3250
vn 0.8862 -0.3158 0.3390
vn 0.0712 -0.1362 0.9881
vn 0.9768 -0.0622 0.2048
vn 0.9507 -0.1183 0.2867
vn 0.1178 -0.4673 0.8762
vn 0.6616 -0.0917 0.7442
vn 0.6175 -0.3773 0.6902
vn 0.2578 -0.2166 0.9416
vn 0.8024 -0.2255 0.5526
vn 0.9514 -0.1973 0.2364
vn 0.8178 -0.2074 0.5368
vn 0.7356 -0.4373 0.5174
vn 0.1166 -0.7654 0.6329
vn 0.7135 -0.1458 0.6853
vn 0.0491 -0.4708 0.8809
vn 0.3186 -0.7709 0.5515
vn 0.3110 -0.2784 0.9087
vn 0.3834 -0.7490 0.5403
vn 0.8489 -0.2247 0.4783
vn 0.8899 -0.3780 0.2554
vn 0.5932 -0.5047 0.6272
vn 0.6884 -0.3569 0.6314
vn 0.0619 -0.7434 0.6660
vn 0.6568 -0.1105 0.7459
vn 0.7920 -0.5244 0.3127
vn 0.8970 -0.2089 0.3895
vn 0.4873 -0.7286 0.4814
vn 0.7599 -0.1921 0.6210
vn 0.7032 -0.6117 0.3623
vn 0.7587 -0.3304 0.5613
vn 0.7712 -0.3174 0.5518
vn 0.7997 -0.3989 0.4488
vn 0.7422 -0.5755 0.3434
vn 0.7367 -0.5821 0.3442
vn 0.6720 -0.1375 0.7277
vn 0.1321 -0.7583 0.6383
vn 0.2695 -0.2470 0.9308
vn 0.2602 -0.2585 0.9303
vn 0.8662 -0.3248 0.3796
vn 0.8470 -0.3582 0.3929
vn 0.2813 -0.5281 0.8013
vn 0.4365 -0.3361 0.8346
vn 0.7115 -0.1791 0.6795
vn 0.7950 -0.5219 0.3093
vn 0.2954 -0.7623 0.5758
vn 0.4254 -0.5515 0.7176
vn 0.0553 -0.1305 0.9899
vn 0.9303 -0.2477 0.2707
vn 0.9495 -0.2137 0.2298
vn 0.8226 -0.4847 0.2972
vn 0.8170 -0.4936 0.2981
vn 0.9298 -0.2834 0.2348
vn 0.9228 -0.3062 0.2336
vn 0.9707 -0.1342 0.1992
vn 0.7007 -0.6131 0.3648
vn 0.6278 -0.6688 0.3983
vn 0.1050 -0.1570 0.9820
vn 0.0946 -0.1663 0.9815
vn 0.7745 -0.2350 0.5873
vn 0.0416 -0.7604 0.6481
vn 0.7419 -0.2069 0.6379
vn 0.7155 -0.3451 0.6074
vn 0.9535 -0.1086 0.2812
vn 0.8100 -0.4013 0.4276
vn 0.9447 -0.2381 0.2256
vn 0.7736 -0.5442 0.3246
vn 0.2147 -0.2238 0.9507
vn 0.2205 -0.2205 0.9501
vn 0.8484 -0.4481 0.2818
vn 0.9091 -0.3338 0.2492
vn 0.6673 -0.6392 0.3824
vn 0.6366 -0.6614 0.3966
vn 0.6632 -0.6435 0.3823
vn 0.4817 -0.5345 0.6945
vn 0.2828 -0.2743 0.9191
vn 0.1289 -0.1881 0.9736
vn 0.2473 -0.7830 0.5708
vn 0.0690 -0.7602 0.6460
vn 0.3109 -0.5367 0.7844
vn 0.1747 -0.7801 0.6008
vn 0.4160 -0.3318 0.8467
vn 0.2098 -0.7712 0.6011
vn 0.9243 -0.1849 0.3338
vn 0.5842 -0.6915 0.4249
vn 0.1478 -0.4847 0.8621
vn 0.3602 -0.7747 0.5198
vn 0.3620 -0.5373 0.7618
vn 0.5429 -0.3765 0.7507
vn 0.5441 -0.3755 0.7503
vn 0.7783 -0.4281 0.4593
vn 0.6069 -0.6791 0.4130
vn 0.0659 -0.4786 0.8756
vn 0.4128 -0.7543 0.5105
vn 0.5247 -0.5245 0.6705
vn 0.5103 -0.5360 0.6725
vn 0.9191 -0.1864 0.3471
vn 0.1798 -0.5093 0.8416
vn 0.1785 -0.5100 0.8414
vn 0.0273 -0.1457 0.9889
vn 0.0879 -0.7704 0.6315
vn 0.9355 -0.2299 0.2682
vn 0.9614 -0.0942 0.2585
vn 0.6353 -0.5060 0.5834
vn 0.6643 -0.4818 0.5715
vn 0.7184 -0.1673 0.6752
vn 0.9578 -0.1896 0.2160
vn 0.7335 -0.3458 0.5851
vn 0.4895 -0.3657 0.7916
vn 0.4515 -0.7555 0.4747
vn 0.6478 -0.0846 0.7571
vn 0.6269 -0.1003 0.7726
vn 0.8272 -0.3816 0.4125
vn 0.4974 -0.7380 0.4559
vn 0.5386 -0.7186 0.4399
vn 0.5327 -0.7231 0.4396
vn 0.8824 -0.2138 0.4191
vn 0.8920 -0.2999 0.3381
vn 0.5683 -0.7076 0.4199
vn 0.6545 -0.3804 0.6534
vn 0.9462 -0.2247 0.2328
vn 0.0287 -0.7653 0.6430
vn 0.9332 -0.1586 0.3225
vn 0.8463 -0.2242 0.4831
vn 0.9653 -0.1458 0.2167
vn 0.9615 -0.1644 0.2204
vn 0.8124 -0.3007 0.4995
vn 0.0453 -0.4723 0.8802
vn 0.6290 -0.0706 0.7742
vn 0.9748 -0.1338 0.1787
vn 0.5005 -0.7354 0.4568
vn 0.1477 -0.7782 0.6103
vn 0.1276 -0.7856 0.6054
vn 0.3635 -0.3086 0.8790
vn 0.3442 -0.7745 0.5308
vn 0.8564 -0.2656 0.4429
vn 0.9739 -0.0706 0.2158
vn 0.9681 -0.1221 0.2186
vn 0.9696 -0.1147 0.2162
vn 0.4457 -0.7561 0.4792
vn 0.0941 -0.5037 0.8587
vn 0.1680 -0.2285 0.9589
vn 0.2657 -0.7914 0.5505
vn 0.7328 -0.1883 0.6539
vn 0.6065 -0.5152 0.6056
vn 0.2443 -0.5315 0.8111
vn 0.9803 -0.1009 0.1698
vn 0.9744 -0.0197 0.2241
vn 0.0813 -0.7820 0.6179
vn 0.9739 -0.0710 0.2155
vn 0.6750 -0.1698 0.7180
vn 0.6100 -0.3823 0.6941
vn 0.3955 -0.3558 0.8467
vn 0.4110 -0.7725 0.4841
vn 0.3883 -0.7787 0.4928
vn 0.3644 -0.7769 0.5135
vn 0.1296 -0.1885 0.9735
vn 0.9738 -0.0304 0.2252
vn 0.8361 -0.3782 0.3974
vn 0.0498 -0.1698 0.9842
vn 0.0353 -0.7697 0.6374
vn 0.3317 -0.7892 0.5169
vn 0.0939 -0.7911 0.6044
vn 0.2900 -0.7922 0.5369
vn 0.2290 -0.7931 0.5644
vn 0.1988 -0.8022 0.5630
vn 0.1594 -0.8047 0.5718
vn 0.9999 -0.0002 0.0118
vn 0.9998 0.0003 -0.0197
vn 0.9923 0.0034 -0.1242
vn 0.9877 0.0019 -0.1562
vn 0.9879 0.0018 -0.1553
vn 0.9805 -0.0017 -0.1965
vn 0.9741 0.0024 -0.2263
vn 0.9429 0.0042 -0.3329
vn 0.9160 0.0048 -0.4013
vn 0.8236 0.0006 -0.5672
vn 0.2416 -0.0512 0.9690
vn 0.8600 -0.0012 -0.5103
vn 0.8435 -0.0007 -0.5371
vn 0.8187 -0.0021 -0.5742
vn 0.5233 -0.0511 0.8506
vn 0.8731 -0.0042 -0.4876
vn 0.3912 -0.0699 0.9177
vn 0.8805 0.0028 -0.4741
vn 0.5995 -0.0006 -0.8004
vn 0.9057 0.0001 -0.4240
vn 0.9196 -0.0006 -0.3928
vn 0.1905 0.0017 0.9817
vn 0.6215 -0.0354 0.7826
vn 0.2607 -0.0969 0.9606
vn 0.2638 -0.0977 0.9596
vn 0.8914 0.0017 -0.4533
vn 0.9001 -0.0013 -0.4357
vn 0.3728 -0.0752 0.9249
vn 0.2445 -0.0008 -0.9697
vn 0.9160 0.0019 -0.4011
vn 0.6139 0.0002 -0.7894
vn 0.2128 -0.1009 0.9719
vn 0.9285 -0.0012 -0.3713
vn 0.2135 -0.1010 0.9717
vn 0.2781 0.0004 -0.9605
vn 0.8725 -0.0163 0.4883
vn 0.3106 0.0031 -0.9505
vn 0.3169 -0.0020 -0.9485
vn 0.8234 0.0001 -0.5675
vn 0.4729 -0.0478 0.8798
vn 0.8575 -0.0319 0.5135
vn 0.6393 -0.0002 -0.7689
vn 0.8919 -0.0105 0.4522
vn 0.8892 -0.0155 0.4573
vn 0.8974 -0.0315 0.4402
vn 0.9374 -0.0006 0.3483
vn 0.9470 -0.0380 0.3190
vn 0.3086 -0.0689 0.9487
vn 0.3269 -0.0771 0.9419
vn 0.4519 -0.0567 0.8903
vn 0.1748 -0.1022 0.9793
vn 0.9328 -0.0100 0.3602
vn 0.9146 -0.0100 0.4042
vn 0.8587 -0.0214 0.5120
vn 0.8920 -0.0144 0.4518
vn 0.5665 -0.0388 0.8231
vn 0.5601 -0.0443 0.8272
vn 0.1757 -0.1018 0.9792
vn 0.9110 -0.0131 0.4122
vn 0.8915 -0.0141 0.4528
vn 0.9418 0.0028 0.3362
vn 0.9355 -0.0178 0.3530
vn 0.3366 -0.0013 -0.9417
vn 0.8516 -0.0000 -0.5241
vn 0.9275 -0.0110 0.3737
vn 0.9109 -0.0086 0.4126
vn 0.8928 -0.0118 0.4504
vn 0.8850 -0.0152 0.4654
vn 0.9534 0.0013 0.3018
vn 0.9565 -0.0318 0.2900
vn 0.9513 -0.0023 0.3083
vn 0.4188 -0.0519 0.9066
vn 0.6718 -0.0003 -0.7407
vn 0.1144 -0.0989 0.9885
vn 0.1284 -0.1031 0.9863
vn 0.5078 -0.0357 0.8607
vn 0.9706 -0.0072 0.2405
vn 0.9705 -0.0063 0.2411
vn 0.9767 0.0154 0.2140
vn 0.3829 -0.0596 0.9219
vn 0.2582 -0.0776 0.9630
vn 0.2471 -0.0815 0.9656
vn 0.9340 -0.0086 0.3572
vn 0.7893 -0.0086 0.6139
vn 0.9514 -0.0040 0.3080
vn 0.2253 -0.0905 0.9701
vn 0.0694 -0.1042 0.9921
vn 0.6081 -0.0242 0.7935
vn 0.5720 -0.0211 0.8200
vn 0.6126 -0.0219 0.7901
vn 0.6248 -0.0293 0.7802
vn 0.3540 -0.0542 0.9337
vn 0.7047 -0.0005 -0.7095
vn 0.4827 -0.0442 0.8746
vn 0.4903 -0.0159 0.8714
vn 0.4574 -0.0055 0.8892
vn 0.4917 0.0123 0.8707
vn 0.4355 -0.0088 0.9002
vn 0.1626 -0.0887 0.9827
vn 0.0751 -0.1053 0.9916
vn 0.0298 -0.1127 0.9932
vn 0.7253 0.0005 -0.6884
vn 0.5733 -0.0203 0.8191
vn 0.7596 -0.0116 0.6503
vn 0.4462 -0.0387 0.8941
vn 0.4481 -0.0374 0.8932
vn 0.5806 -0.0334 0.8135
vn 0.7410 -0.0006 -0.6715
vn 0.3144 -0.0573 0.9475
vn 0.5396 -0.0222 0.8416
vn 0.0458 -0.1046 0.9935
vn 0.7683 0.0005 -0.6401
vn 0.9853 -0.0016 0.1709
vn 0.0364 -0.0933 0.9950
vn 0.2860 -0.0613 0.9563
vn 0.6346 -0.0549 0.7709
vn 0.1453 -0.0724 0.9867
vn 0.1621 -0.0891 0.9827
vn 0.7371 -0.0091 0.6757
vn 0.7432 -0.0102 0.6690
vn 0.7104 -0.0112 0.7037
vn 0.9779 -0.0024 0.2091
vn 0.3860 -0.0376 0.9217
vn 0.7100 -0.0346 0.7034
vn 0.2231 -0.0645 0.9727
vn 0.2470 -0.0577 0.9673
vn 0.9841 0.0005 0.1778
vn 0.3452 -0.0449 0.9375
vn 0.9779 -0.0025 0.2093
vn 0.7821 -0.0001 -0.6231
vn 0.7972 0.0004 -0.6038
vn 0.7966 -0.0218 0.6041
vn 0.8040 -0.0001 -0.5946
vn 0.4909 -0.0346 0.8705
vn 0.9668 -0.0038 0.2554
vn 0.9701 -0.0022 0.2428
vn 0.7236 -0.0292 0.6896
vn 0.9148 -0.0065 0.4038
vn 0.7092 -0.0333 0.7042
vn 0.6847 -0.0307 0.7281
vn 0.8239 0.0001 -0.5667
vn 0.8151 -0.0200 0.5790
vn 0.8010 -0.0160 0.5984
vn 0.7364 -0.0244 0.6761
vn 0.7404 -0.0223 0.6718
vn 0.3253 -0.0597 0.9437
vn 0.4318 -0.0290 0.9015
vn 0.9154 -0.0060 0.4025
vn 0.9525 -0.0008 -0.3045
vn 0.9003 -0.0031 0.4352
vn 0.6878 -0.0099 0.7258
vn 0.6889 -0.0102 0.7248
vn 0.8812 -0.0108 0.4727
vn 0.8703 -0.0073 0.4924
vn 0.8535 -0.0107 0.5210
vn 0.9623 0.0003 -0.2718
vn 0.7843 -0.0143 0.6202
vn 0.9031 -0.0065 0.4293
vn 0.9195 -0.0031 0.3930
vn 0.9039 -0.0068 0.4277
vn 0.6795 -0.0257 0.7332
vn 0.6590 -0.0106 0.7521
vn 0.8510 -0.0001 -0.5252
vn 0.3336 -0.0385 0.9419
vn 0.3214 -0.0437 0.9459
vn 0.2765 -0.0438 0.9600
vn 0.8533 -0.0064 0.5214
vn 0.9716 0.0001 -0.2366
vn 0.1476 -0.0709 0.9865
vn 0.8726 -0.0001 -0.4885
vn 0.6618 -0.0250 0.7493
vn 0.0993 -0.0770 0.9921
vn 0.8289 -0.0083 0.5593
vn 0.8277 -0.0076 0.5612
vn 0.8770 0.0002 -0.4805
vn 0.8920 -0.0001 -0.4520
vn 0.1998 -0.0167 0.9797
vn 0.0885 -0.0695 0.9936
vn 0.2284 -0.0068 0.9735
vn 0.6704 -0.0156 0.7418
vn 0.3545 0.0012 -0.9350
vn 0.4020 0.0022 -0.9157
vn 0.8915 -0.0000 -0.4531
vn 0.3860 -0.0012 -0.9225
vn 0.0192 -0.0677 0.9975
vn 0.6034 -0.0100 0.7974
vn 0.6060 -0.0106 0.7954
vn 0.5319 -0.0263 0.8464
vn 0.5209 -0.0211 0.8534
vn 0.1684 -0.0587 0.9840
vn 0.9058 -0.0001 -0.4236
vn 0.9074 -0.0000 -0.4202
vn 0.4805 -0.0169 0.8769
vn 0.1352 -0.0568 0.9892
vn 0.3447 -0.0452 0.9376
vn 0.5618 -0.0091 0.8272
vn 0.5746 -0.0114 0.8183
vn 0.9211 0.0001 -0.3894
vn 0.9201 -0.0000 -0.3918
vn 0.2963 -0.0362 0.9544
vn 0.9942 0.0003 -0.1071
vn 0.1301 -0.0579 0.9898
vn 0.4626 -0.0220 0.8863
vn 0.4373 -0.0193 0.8991
vn 0.5462 -0.0109 0.8376
vn 0.5180 -0.0071 0.8554
vn 0.9976 -0.0003 -0.0690
vn 0.0950 -0.0618 0.9936
vn 0.0812 -0.0553 0.9952
vn 0.9402 0.0002 -0.3408
vn 0.9367 -0.0001 -0.3500
vn 0.7212 -0.0451 0.6912
vn 0.6915 -0.0625 0.7197
vn 0.3929 -0.0211 0.9193
vn 0.4051 -0.0236 0.9140
vn 0.9478 -0.0003 -0.3188
vn 0.9579 0.0004 -0.2871
vn 0.9934 0.0005 -0.1150
vn 0.9990 0.0004 0.0442
vn 0.9910 -0.0007 0.1338
vn 0.3462 -0.0222 0.9379
vn 0.9970 -0.0007 0.0774
vn 0.1652 -0.0334 0.9857
vn 0.2093 -0.0376 0.9771
vn 0.7171 -0.0455 0.6955
vn 0.6939 -0.0422 0.7188
vn 0.8048 -0.0278 0.5930
vn 0.3484 -0.0213 0.9371
vn 0.7502 -0.0330 0.6604
vn 0.9967 0.0006 0.0815
vn 0.1457 -0.0356 0.9887
vn 0.9993 -0.0001 0.0370
vn 0.4124 -0.0044 0.9110
vn 0.2851 -0.0255 0.9582
vn 0.9691 -0.0001 -0.2468
vn 0.1356 -0.0345 0.9902
vn 0.6628 -0.0558 0.7467
vn 0.6724 -0.0518 0.7384
vn 0.3966 -0.0086 0.9180
vn 0.7500 -0.0332 0.6606
vn 0.1152 -0.0384 0.9926
vn 0.9978 -0.0001 0.0657
vn 0.9768 -0.0002 -0.2142
vn 0.3688 -0.0091 0.9295
vn 0.9919 -0.0024 0.1270
vn 0.9954 -0.0003 0.0959
vn 0.0442 -0.0426 0.9981
vn 0.9878 -0.0005 -0.1558
vn 0.8085 -0.0267 0.5879
vn 0.3476 -0.0048 0.9376
vn 0.9805 0.0003 -0.1963
vn 0.3361 -0.0076 0.9418
vn 0.7464 -0.0286 0.6649
vn 0.7407 -0.0318 0.6711
vn 0.9928 -0.0011 0.1195
vn 0.2980 -0.0058 0.9546
vn 0.3003 -0.0066 0.9538
vn 0.7732 -0.0231 0.6337
vn 0.7767 -0.0187 0.6296
vn 0.9708 -0.0039 0.2398
vn 0.7533 -0.0240 0.6572
vn 0.8105 -0.0124 0.5857
vn 0.9854 0.0007 -0.1705
vn 0.8277 -0.0160 0.5610
vn 0.8821 -0.0051 0.4710
vn 0.2600 -0.0076 0.9656
vn 0.7592 -0.0161 0.6507
vn 0.9608 -0.0061 0.2772
vn 0.1874 -0.0190 0.9821
vn 0.0691 -0.0337 0.9970
vn 0.7604 -0.0154 0.6493
vn 0.8806 -0.0062 0.4738
vn 0.1954 -0.0156 0.9806
vn 0.9919 -0.0004 -0.1272
vn 0.2415 -0.0038 0.9704
vn 0.8552 -0.0074 0.5182
vn 0.7138 -0.0102 0.7003
vn 0.9563 -0.0051 0.2923
vn 0.2499 -0.0222 0.9680
vn 0.9584 -0.0070 0.2854
vn 0.0396 -0.0234 0.9989
vn 0.0715 -0.0194 0.9972
vn 0.1848 -0.0026 0.9828
vn 0.0335 -0.0215 0.9992
vn 0.9848 -0.0028 0.1735
vn 0.9473 -0.0096 0.3202
vn 0.4306 -0.0022 -0.9025
vn 0.4432 0.0006 -0.8964
vn 0.9966 0.0004 -0.0825
vn 0.5060 0.0014 -0.8625
vn 0.9781 -0.0028 0.2083
vn 0.4755 0.0002 -0.8797
vn 0.6047 0.0122 -0.7964
vn 0.9429 -0.0073 0.3330
vn 0.9985 -0.0001 -0.0545
vn 0.0539 0.0005 -0.9985
vn 0.9724 -0.0042 0.2334
vn 0.9340 -0.0118 0.3572
vn 0.4844 -0.0022 -0.8748
vn 0.1774 0.0015 -0.9841
vn 0.9998 0.0002 -0.0213
vn 0.9285 -0.0106 0.3711
vn 0.9143 -0.0146 0.4047
vn 0.9130 -0.0155 0.4077
vn 0.9999 -0.0002 0.0113
vn 0.9484 -0.0065 0.3169
vn 0.9621 -0.0046 0.2725
vn 0.9990 0.0002 0.0440
vn 0.9508 -0.0036 0.3099
vn 0.6340 -0.0479 0.7718
vn 0.9686 0.0008 -0.2487
vn 0.9970 -0.0005 0.0771
vn 0.9767 -0.0006 -0.2148
vn 0.9985 0.0009 -0.0556
vn 0.6275 -0.0429 0.7774
vn 0.9998 0.0007 -0.0221
vn 0.9993 -0.0014 -0.0374
vn 0.6899 -0.0287 0.7233
vn 0.7528 -0.0419 0.6569
vn 0.7339 -0.0159 0.6790
vn 0.7380 -0.0185 0.6746
vn 0.9972 -0.0007 -0.0742
vn 0.7008 -0.0508 0.7116
vn 0.9988 -0.0004 0.0499
vn 0.9999 -0.0009 0.0105
vn 0.7664 -0.0085 0.6423
vn 0.9999 -0.0004 0.0135
vn 0.2069 -0.0771 0.9753
vn 0.7700 -0.0329 0.6372
vn 0.7845 -0.0277 0.6195
vn 0.1144 -0.0837 0.9899
vn 0.1981 -0.0795 0.9769
vn 0.7771 -0.0271 0.6288
vn 0.0803 -0.0914 0.9926
vn 0.3939 -0.0394 0.9183
vn 0.1864 -0.0666 0.9802
vn 0.0509 -0.0831 0.9952
vn 0.0059 -0.0898 0.9959
vn 0.2087 -0.0533 0.9765
vn 0.8351 -0.0129 0.5500
vn 0.0388 -0.0807 0.9960
vn 0.8578 -0.0131 0.5139
vn 0.8535 -0.0111 0.5210
vn 0.7154 -0.0157 0.6986
vn 0.0539 -0.0732 0.9959
vn 0.2343 -0.0438 0.9712
vn 0.2953 -0.0225 0.9551
vn 0.2555 -0.0208 0.9666
vn 0.2044 -0.0393 0.9781
vn 0.2590 -0.0334 0.9653
vn 0.0436 -0.0618 0.9971
vn 0.5404 -0.0015 -0.8414
vn 0.5622 0.0003 -0.8270
vn 0.0430 -0.0621 0.9971
vn 0.0387 -0.0447 0.9983
vn 0.5523 0.0021 -0.8336
vn 0.0884 -0.0499 0.9948
vn 0.5235 -0.0012 -0.8520
vn 0.5755 -0.0005 -0.8178
vn 0.5914 0.0008 -0.8064
vn 0.0683 -0.0340 0.9971
vn 0.0289 -0.0305 0.9991
vn 0.1373 -0.0111 0.9905
vn 0.6065 -0.0013 -0.7951
vn 0.1264 -0.0154 0.9919
vn 0.0561 -0.0145 0.9983
vn 0.1212 -0.0136 0.9925
vn 0.1234 0.0086 0.9923
vn 0.0737 -0.0055 0.9973
vn 0.9852 -0.0020 0.1713
vn 0.0064 -0.0103 0.9999
vn 0.0407 -0.0030 0.9992
vn 0.7444 0.0031 -0.6678
vn 0.9808 -0.0013 0.1951
vn 0.0210 -0.0001 -0.9998
vn 0.2734 -0.0009 -0.9619
vn 0.1134 0.0001 -0.9935
vn 0.1446 0.0002 -0.9895
vn 0.9552 0.0032 -0.2958
vn 0.9918 0.0010 -0.1278
vn 0.9686 -0.0005 0.2488
vn 0.9932 -0.0010 -0.1163
vn 0.6299 -0.0571 0.7746
vn 0.9966 0.0003 -0.0826
vn 0.5751 -0.0688 0.8152
vn 0.7460 -0.0551 0.6636
vn 0.8237 -0.0205 0.5666
vn 0.8293 -0.0266 0.5581
vn 0.8069 -0.0268 0.5900
vn 0.6272 -0.0522 0.7771
vn 0.9337 -0.0055 0.3579
vn 0.7356 -0.0388 0.6763
vn 0.8157 -0.0192 0.5782
vn 0.7957 -0.0238 0.6052
vn 0.8223 -0.0234 0.5685
vn 0.8911 -0.0127 0.4536
vn 0.8348 -0.0158 0.5503
vn 0.8359 -0.0163 0.5487
vn 0.8728 -0.0109 0.4879
vn 0.8720 -0.0114 0.4894
vn 0.6823 -0.0179 0.7309
vn 0.6534 -0.0212 0.7567
vn 0.6309 -0.0408 0.7748
vn 0.6720 0.0003 -0.7406
vn 0.6388 0.0005 -0.7694
vn 0.6115 -0.0001 -0.7912
vn 0.6746 -0.0005 -0.7382
vn 0.7040 0.0008 -0.7102
vn 0.6431 -0.0005 -0.7657
vn 0.7227 -0.0268 0.6907
vn 0.6989 -0.0233 0.7149
vn 0.1828 -0.0000 -0.9832
vn 0.6679 -0.0331 0.7435
vn 0.7767 -0.0055 -0.6299
vn 0.8277 -0.0101 0.5611
vn 0.8288 -0.0094 0.5595
vn 0.9357 -0.0053 0.3528
vn 0.7351 -0.0198 0.6776
vn 0.6559 -0.0269 0.7543
vn 0.7337 -0.0013 -0.6795
vn 0.8044 -0.0122 0.5939
vn 0.7099 -0.0182 0.7041
vn 0.4112 0.0003 -0.9115
vn 0.0207 -0.0001 -0.9998
vn 0.0362 0.0003 -0.9993
vn 0.0869 -0.0972 0.9915
vn 0.2111 -0.0538 0.9760
vn 0.1921 -0.0130 0.9813
vn 0.0532 -0.0002 -0.9986
vn 0.1592 -0.0235 0.9870
vn 0.1055 -0.0192 0.9942
vn 0.0857 0.0002 -0.9963
vn 0.1479 -0.0045 0.9890
vn 0.0843 0.0002 -0.9964
vn 0.9691 -0.0000 -0.2467
vn 0.9768 -0.0004 -0.2139
vn 0.1387 0.0002 -0.9903
vn 0.1133 -0.0002 -0.9936
vn 0.9854 0.0003 -0.1703
vn 0.9863 -0.0007 -0.1650
vn 0.1447 -0.0001 -0.9895
vn 0.2088 -0.0023 -0.9780
vn 0.2049 0.0015 -0.9788
vn 0.7748 -0.0349 0.6313
vn 0.7842 -0.0370 0.6194
vn 0.1796 0.0002 -0.9837
vn 0.8426 -0.0248 0.5379
vn 0.2445 -0.0008 -0.9696
vn 0.8356 -0.0215 0.5490
vn 0.8414 -0.0181 0.5401
vn 0.2134 -0.0002 -0.9770
vn 0.9280 -0.0055 0.3724
vn 0.9149 -0.0101 0.4035
vn 0.9063 -0.0074 0.4226
vn 0.8569 -0.0155 0.5153
vn 0.8628 -0.0125 0.5054
vn 0.8732 -0.0144 0.4872
vn 0.2356 0.0003 -0.9718
vn 0.2399 0.0006 -0.9708
vn 0.8942 -0.0085 0.4476
vn 0.6836 -0.0183 0.7296
vn 0.2731 -0.0003 -0.9620
vn 0.6588 -0.0106 0.7522
vn 0.6176 -0.0159 0.7864
vn 0.6374 -0.0105 0.7705
vn 0.5303 0.0003 -0.8478
vn 0.9927 -0.0003 0.1204
vn 0.6470 -0.0916 0.7569
vn 0.7067 0.0001 -0.7075
vn 0.7468 0.0014 -0.6651
vn 0.2996 0.0008 -0.9541
vn 0.7227 -0.0374 0.6901
vn 0.7315 -0.0006 -0.6818
vn 0.6580 -0.0452 0.7517
vn 0.6787 -0.0484 0.7328
vn 0.5726 0.0004 -0.8198
vn 0.5969 -0.0608 0.8000
vn 0.3198 -0.0003 -0.9475
vn 0.3558 0.0002 -0.9346
vn 0.3556 0.0002 -0.9346
vn 0.6121 -0.0536 0.7890
vn 0.9609 -0.0010 0.2767
vn 0.6515 0.0004 -0.7586
vn 0.6656 -0.0390 0.7453
vn 0.6707 -0.0368 0.7408
vn 0.7014 -0.0382 0.7118
vn 0.4003 -0.0003 -0.9164
vn 0.9509 -0.0029 0.3094
vn 0.8944 -0.0091 0.4472
vn 0.9369 0.0012 -0.3497
vn 0.9468 0.0011 -0.3217
vn 0.9578 0.0002 -0.2874
vn 0.9404 -0.0009 -0.3402
vn 0.9342 -0.0037 0.3568
vn 0.9559 -0.0010 -0.2936
vn 0.8315 -0.0321 0.5545
vn 0.7859 -0.0210 0.6181
vn 0.8401 -0.0236 0.5419
vn 0.8994 -0.0049 0.4372
vn 0.6838 0.0003 -0.7297
vn 0.4442 -0.0000 -0.8959
vn 0.4488 0.0002 -0.8936
vn 0.8301 -0.0259 0.5571
vn 0.8070 -0.0300 0.5898
vn 0.8143 -0.0322 0.5795
vn 0.8556 -0.0180 0.5174
vn 0.8715 -0.0218 0.4898
vn 0.4893 0.0003 -0.8721
vn 0.4745 -0.0002 -0.8802
vn 0.8658 -0.0165 0.5001
vn 0.8630 -0.0185 0.5048
vn 0.8874 -0.0156 0.4608
vn 0.9063 -0.0127 0.4224
vn 0.5262 -0.0702 0.8475
vn 0.5369 -0.0748 0.8404
vn 0.6021 -0.0518 0.7967
vn 0.7607 -0.0172 0.6489
vn 0.8087 -0.0133 0.5881
vn 0.5116 -0.0740 0.8560
vn 0.9157 -0.0070 0.4019
vn 0.4653 -0.0795 0.8816
vn 0.4716 -0.0805 0.8781
vn 0.5718 -0.0538 0.8186
vn 0.5537 -0.0619 0.8304
vn 0.4234 -0.0860 0.9018
vn 0.8875 -0.0106 0.4607
vn 0.8805 -0.0099 0.4739
vn 0.4379 -0.0796 0.8955
vn 0.5115 -0.0611 0.8571
vn 0.5260 -0.0564 0.8486
vn 0.5064 -0.0003 -0.8623
vn 0.3908 -0.0891 0.9161
vn 0.9336 -0.0054 0.3582
vn 0.3828 -0.0877 0.9197
vn 0.6022 -0.0395 0.7973
vn 0.5382 -0.0000 -0.8428
vn 0.3610 -0.0887 0.9283
vn 0.7839 -0.0145 0.6208
vn 0.4737 -0.0647 0.8783
vn 0.4729 -0.0650 0.8787
vn 0.7628 -0.0000 -0.6467
vn 0.7878 -0.0013 -0.6160
vn 0.7647 -0.0010 -0.6443
vn 0.7738 0.0014 -0.6334
vn 0.5622 -0.0000 -0.8270
vn 0.3271 -0.0962 0.9401
vn 0.8511 0.0028 -0.5249
vn 0.8058 0.0013 -0.5922
vn 0.4385 -0.0652 0.8964
vn 0.3063 -0.0927 0.9474
vn 0.7913 -0.0096 0.6114
vn 0.8055 -0.0062 0.5925
vn 0.4078 -0.0727 0.9102
vn 0.0168 0.3162 -0.9485
vn 0.0174 0.3161 -0.9486
vn 0.0168 -0.9999 0.0002
vn 0.0178 -0.9998 -0.0000
vn 0.0179 0.3162 0.9485
vn 0.0175 0.3162 0.9485
vn 1.0000 -0.0000 -0.0000
vn 0.0169 0.9485 0.3162
vn 0.0175 0.9486 0.3161
vn 0.0174 -0.0000 -0.9998
vn 0.0175 -0.0000 -0.9998
vn 0.0174 -0.9485 0.3162
vn 0.0175 -0.9485 0.3162
vt 0.300000 0.300000
vt 0.700000 0.300000
vt 0.700000 0.700000
s off
usemtl material_0
f 6/1/1 3/2/1 7/3/1
f 2/1/1 7/2/1 1/3/1
f 5/1/1 6/2/1 7/3/1
f 4/1/2 7/2/2 2/3/2
f 5/1/1 7/2/1 4/3/1
f 76/1/1 10/2/1 4/3/1
f 9/1/1 11/2/1 5/3/1
f 5/1/1 11/2/1 8/3/1
f 6/1/1 83/2/1 3/3/1
f 6/1/1 12/2/1 83/3/1
f 10/1/1 13/2/1 4/3/1
f 13/1/1 14/2/1 4/3/1
f 6/1/1 15/2/1 12/3/1
f 14/1/1 16/2/1 4/3/1
f 16/1/1 17/2/1 4/3/1
f 6/1/1 18/2/1 15/3/1
f 5/1/1 18/2/1 6/3/1
f 17/1/1 19/2/1 4/3/1
f 5/1/1 20/2/1 18/3/1
f 19/1/1 21/2/1 4/3/1
f 5/1/1 22/2/1 20/3/1
f 21/1/1 23/2/1 4/3/1
f 5/1/1 24/2/1 22/3/1
f 23/1/1 25/2/1 4/3/1
f 5/1/1 26/2/1 24/3/1
f 25/1/1 27/2/1 4/3/1
f 5/1/1 28/2/1 26/3/1
f 27/1/1 29/2/1 4/3/1
f 29/1/1 30/2/1 4/3/1
f 40/1/1 1/2/1 31/3/1
f 31/1/1 1/2/1 32/3/1
f 5/1/1 33/2/1 28/3/1
f 1/1/1 7/2/1 32/3/1
f 30/1/1 34/2/1 4/3/1
f 5/1/1 35/2/1 33/3/1
f 32/1/1 7/2/1 36/3/1
f 34/1/1 37/2/1 4/3/1
f 5/1/1 38/2/1 35/3/1
f 37/1/1 39/2/1 4/3/1
f 40/1/1 2/2/1 1/3/1
f 39/1/1 41/2/1 4/3/1
f 5/1/1 42/2/1 38/3/1
f 41/1/3 43/2/3 4/3/3
f 47/1/1 2/2/1 40/3/1
f 5/1/1 44/2/1 42/3/1
f 43/1/1 45/2/1 4/3/1
f 45/1/3 3848/2/3 4/3/3
f 5/1/1 46/2/1 44/3/1
f 3848/1/1 3847/2/1 4/3/1
f 3847/1/4 48/2/4 4/3/4
f 5/1/1 49/2/1 46/3/1
f 4/1/1 50/2/1 5/3/1
f 48/1/1 50/2/1 4/3/1
f 5/1/1 51/2/1 49/3/1
f 52/1/1 2/2/1 53/3/1
f 53/1/1 2/2/1 47/3/1
f 50/1/1 54/2/1 5/3/1
f 52/1/5 4/2/5 2/3/5
f 5/1/1 55/2/1 51/3/1
f 54/1/3 56/2/3 5/3/3
f 5/1/1 57/2/1 55/3/1
f 56/1/6 58/2/6 5/3/6
f 67/1/1 4/2/1 59/3/1
f 59/1/1 4/2/1 52/3/1
f 58/1/3 60/2/3 5/3/3
f 5/1/1 61/2/1 57/3/1
f 62/1/1 4/2/1 63/3/1
f 63/1/1 4/2/1 64/3/1
f 60/1/1 65/2/1 5/3/1
f 64/1/1 4/2/1 66/3/1
f 66/1/1 4/2/1 67/3/1
f 68/1/1 4/2/1 69/3/1
f 65/1/4 70/2/4 5/3/4
f 5/1/1 71/2/1 61/3/1
f 69/1/1 4/2/1 72/3/1
f 72/1/1 4/2/1 73/3/1
f 73/1/1 4/2/1 74/3/1
f 74/1/1 4/2/1 62/3/1
f 75/1/1 4/2/1 68/3/1
f 76/1/1 4/2/1 75/3/1
f 70/1/1 77/2/1 5/3/1
f 5/1/1 78/2/1 71/3/1
f 77/1/1 79/2/1 5/3/1
f 79/1/1 80/2/1 5/3/1
f 80/1/1 81/2/1 5/3/1
f 5/1/1 82/2/1 78/3/1
f 7/1/1 3/2/1 36/3/1
f 36/1/1 3/2/1 83/3/1
f 81/1/1 9/2/1 5/3/1
f 5/1/1 8/2/1 82/3/1
f 126/1/7 274/2/7 36/3/7
f 36/1/8 274/2/8 32/3/8
f 32/1/9 283/2/9 31/3/9
f 84/1/10 392/2/10 49/3/10
f 283/1/11 85/2/11 31/3/11
f 49/1/12 318/2/12 46/3/12
f 392/1/13 318/2/13 49/3/13
f 85/1/14 360/2/14 31/3/14
f 31/1/15 360/2/15 40/3/15
f 318/1/16 317/2/16 46/3/16
f 360/1/17 86/2/17 40/3/17
f 46/1/18 390/2/18 44/3/18
f 317/1/19 390/2/19 46/3/19
f 86/1/20 350/2/20 40/3/20
f 390/1/21 312/2/21 44/3/21
f 350/1/22 348/2/22 40/3/22
f 40/1/23 348/2/23 47/3/23
f 312/1/24 311/2/24 44/3/24
f 44/1/25 311/2/25 42/3/25
f 311/1/26 168/2/26 42/3/26
f 348/1/27 477/2/27 47/3/27
f 168/1/28 169/2/28 42/3/28
f 169/1/29 87/2/29 42/3/29
f 47/1/30 477/2/30 53/3/30
f 477/1/31 88/2/31 53/3/31
f 42/1/32 87/2/32 38/3/32
f 88/1/33 527/2/33 53/3/33
f 53/1/34 527/2/34 52/3/34
f 527/1/35 89/2/35 52/3/35
f 87/1/36 305/2/36 38/3/36
f 89/1/37 473/2/37 52/3/37
f 305/1/38 294/2/38 38/3/38
f 52/1/39 473/2/39 59/3/39
f 473/1/40 513/2/40 59/3/40
f 38/1/41 90/2/41 35/3/41
f 294/1/42 90/2/42 38/3/42
f 513/1/43 91/2/43 59/3/43
f 90/1/44 92/2/44 35/3/44
f 91/1/45 93/2/45 59/3/45
f 35/1/46 92/2/46 33/3/46
f 92/1/47 94/2/47 33/3/47
f 59/1/48 93/2/48 67/3/48
f 93/1/49 95/2/49 67/3/49
f 95/1/50 96/2/50 67/3/50
f 33/1/51 94/2/51 28/3/51
f 96/1/52 97/2/52 67/3/52
f 67/1/52 97/2/52 66/3/52
f 94/1/53 278/2/53 28/3/53
f 278/1/54 260/2/54 28/3/54
f 28/1/55 240/2/55 26/3/55
f 260/1/56 240/2/56 28/3/56
f 97/1/57 223/2/57 66/3/57
f 66/1/58 238/2/58 64/3/58
f 223/1/59 238/2/59 66/3/59
f 240/1/60 98/2/60 26/3/60
f 26/1/61 98/2/61 24/3/61
f 238/1/62 99/2/62 64/3/62
f 98/1/63 100/2/63 24/3/63
f 64/1/64 99/2/64 63/3/64
f 100/1/65 159/2/65 24/3/65
f 159/1/66 101/2/66 24/3/66
f 99/1/67 224/2/67 63/3/67
f 24/1/68 101/2/68 22/3/68
f 224/1/69 212/2/69 63/3/69
f 63/1/70 212/2/70 62/3/70
f 212/1/71 216/2/71 62/3/71
f 101/1/72 102/2/72 22/3/72
f 216/1/73 206/2/73 62/3/73
f 22/1/74 102/2/74 20/3/74
f 206/1/75 205/2/75 62/3/75
f 102/1/76 103/2/76 20/3/76
f 62/1/77 205/2/77 74/3/77
f 103/1/78 104/2/78 20/3/78
f 205/1/79 105/2/79 74/3/79
f 105/1/80 511/2/80 74/3/80
f 20/1/81 106/2/81 18/3/81
f 104/1/82 106/2/82 20/3/82
f 74/1/83 511/2/83 73/3/83
f 106/1/84 107/2/84 18/3/84
f 107/1/85 108/2/85 18/3/85
f 511/1/86 109/2/86 73/3/86
f 18/1/87 108/2/87 15/3/87
f 73/1/88 109/2/88 72/3/88
f 109/1/89 110/2/89 72/3/89
f 108/1/90 111/2/90 15/3/90
f 111/1/91 112/2/91 15/3/91
f 110/1/92 113/2/92 72/3/92
f 72/1/93 330/2/93 69/3/93
f 113/1/94 330/2/94 72/3/94
f 15/1/95 541/2/95 12/3/95
f 112/1/95 541/2/95 15/3/95
f 330/1/96 321/2/96 69/3/96
f 321/1/97 114/2/97 69/3/97
f 69/1/98 114/2/98 68/3/98
f 541/1/99 542/2/99 12/3/99
f 542/1/100 115/2/100 12/3/100
f 12/1/101 115/2/101 83/3/101
f 115/1/102 462/2/102 83/3/102
f 462/1/103 116/2/103 83/3/103
f 116/1/104 120/2/104 83/3/104
f 83/1/105 120/2/105 36/3/105
f 120/1/106 126/2/106 36/3/106
f 121/1/107 119/2/107 148/3/107
f 118/1/108 123/2/108 124/3/108
f 125/1/109 120/2/109 122/3/109
f 124/1/110 123/2/110 127/3/110
f 116/1/111 132/2/111 532/3/111
f 131/1/112 130/2/112 121/3/112
f 123/1/113 133/2/113 127/3/113
f 127/1/114 133/2/114 136/3/114
f 135/1/115 143/2/115 137/3/115
f 139/1/116 143/2/116 135/3/116
f 131/1/117 142/2/117 130/3/117
f 130/1/118 142/2/118 118/3/118
f 146/1/119 145/2/119 147/3/119
f 141/1/120 148/2/120 138/3/120
f 149/1/121 151/2/121 150/3/121
f 133/1/122 144/2/122 136/3/122
f 154/1/123 153/2/123 152/3/123
f 136/1/124 144/2/124 155/3/124
f 151/1/125 146/2/125 150/3/125
f 142/1/126 123/2/126 118/3/126
f 145/1/127 157/2/127 141/3/127
f 156/1/128 157/2/128 145/3/128
f 156/1/129 146/2/129 234/3/129
f 234/1/130 146/2/130 151/3/130
f 195/1/131 121/2/131 148/3/131
f 154/1/132 291/2/132 379/3/132
f 372/1/133 234/2/133 151/3/133
f 144/1/134 160/2/134 155/3/134
f 155/1/135 160/2/135 161/3/135
f 195/1/136 131/2/136 121/3/136
f 164/1/137 131/2/137 195/3/137
f 123/1/138 166/2/138 133/3/138
f 161/1/139 160/2/139 171/3/139
f 173/1/140 170/2/140 175/3/140
f 176/1/141 173/2/141 177/3/141
f 160/1/142 172/2/142 171/3/142
f 170/1/143 174/2/143 175/3/143
f 164/1/144 142/2/144 131/3/144
f 175/1/145 177/2/145 173/3/145
f 133/1/146 166/2/146 144/3/146
f 175/1/147 180/2/147 177/3/147
f 177/1/148 180/2/148 183/3/148
f 171/1/149 172/2/149 621/3/149
f 164/1/150 181/2/150 142/3/150
f 174/1/151 179/2/151 180/3/151
f 166/1/152 178/2/152 144/3/152
f 142/1/153 181/2/153 123/3/153
f 183/1/154 180/2/154 190/3/154
f 172/1/155 185/2/155 621/3/155
f 179/1/156 191/2/156 184/3/156
f 182/1/157 191/2/157 179/3/157
f 178/1/158 186/2/158 144/3/158
f 184/1/159 190/2/159 180/3/159
f 621/1/160 185/2/160 625/3/160
f 190/1/161 184/2/161 210/3/161
f 181/1/162 192/2/162 123/3/162
f 144/1/163 186/2/163 160/3/163
f 123/1/164 192/2/164 166/3/164
f 193/1/165 210/2/165 184/3/165
f 625/1/166 198/2/166 197/3/166
f 196/1/167 164/2/167 195/3/167
f 205/1/168 493/2/168 478/3/168
f 194/1/169 207/2/169 186/3/169
f 186/1/170 207/2/170 160/3/170
f 202/1/171 166/2/171 192/3/171
f 152/1/172 101/2/172 154/3/172
f 189/1/173 625/2/173 185/3/173
f 204/1/174 625/2/174 189/3/174
f 206/1/175 493/2/175 205/3/175
f 495/1/176 493/2/176 206/3/176
f 160/1/177 207/2/177 172/3/177
f 197/1/178 198/2/178 208/3/178
f 208/1/179 198/2/179 209/3/179
f 212/1/180 199/2/180 216/3/180
f 210/1/181 193/2/181 211/3/181
f 202/1/182 178/2/182 166/3/182
f 201/1/183 214/2/183 215/3/183
f 206/1/184 216/2/184 495/3/184
f 207/1/185 218/2/185 172/3/185
f 102/1/186 101/2/186 152/3/186
f 243/1/187 178/2/187 202/3/187
f 203/1/188 188/2/188 228/3/188
f 228/1/189 188/2/189 219/3/189
f 221/1/190 219/2/190 188/3/190
f 200/1/191 99/2/191 201/3/191
f 164/1/192 217/2/192 181/3/192
f 243/1/193 194/2/193 178/3/193
f 178/1/194 194/2/194 186/3/194
f 291/1/195 159/2/195 222/3/195
f 204/1/196 198/2/196 625/3/196
f 154/1/197 159/2/197 291/3/197
f 101/1/198 159/2/198 154/3/198
f 213/1/199 223/2/199 193/3/199
f 225/1/200 194/2/200 243/3/200
f 224/1/201 199/2/201 212/3/201
f 217/1/202 226/2/202 181/3/202
f 181/1/203 226/2/203 192/3/203
f 223/1/204 229/2/204 193/3/204
f 248/1/205 189/2/205 218/3/205
f 228/1/206 219/2/206 236/3/206
f 230/1/207 189/2/207 248/3/207
f 209/1/208 198/2/208 232/3/208
f 226/1/209 202/2/209 192/3/209
f 233/1/210 202/2/210 226/3/210
f 159/1/211 100/2/211 222/3/211
f 189/1/212 230/2/212 204/3/212
f 372/1/213 98/2/213 234/3/213
f 289/1/214 239/2/214 196/3/214
f 196/1/215 239/2/215 164/3/215
f 219/1/216 247/2/216 236/3/216
f 98/1/217 240/2/217 234/3/217
f 231/1/218 247/2/218 219/3/218
f 241/1/219 237/2/219 242/3/219
f 164/1/220 239/2/220 217/3/220
f 233/1/221 243/2/221 202/3/221
f 246/1/222 243/2/222 233/3/222
f 222/1/223 98/2/223 372/3/223
f 241/1/224 248/2/224 237/3/224
f 207/1/225 248/2/225 218/3/225
f 239/1/226 249/2/226 217/3/226
f 250/1/227 268/2/227 258/3/227
f 544/1/228 255/2/228 256/3/228
f 217/1/229 249/2/229 226/3/229
f 418/1/230 86/2/230 259/3/230
f 234/1/231 260/2/231 158/3/231
f 240/1/232 260/2/232 234/3/232
f 246/1/233 225/2/233 243/3/233
f 261/1/234 264/2/234 262/3/234
f 241/1/235 230/2/235 248/3/235
f 265/1/236 230/2/236 241/3/236
f 158/1/237 260/2/237 254/3/237
f 375/1/238 249/2/238 431/3/238
f 431/1/239 249/2/239 266/3/239
f 258/1/240 269/2/240 255/3/240
f 268/1/241 269/2/241 258/3/241
f 483/1/242 272/2/242 196/3/242
f 263/1/243 272/2/243 483/3/243
f 375/1/244 226/2/244 249/3/244
f 265/1/245 276/2/245 230/3/245
f 260/1/237 278/2/237 254/3/237
f 269/1/246 279/2/246 255/3/246
f 167/1/247 226/2/247 375/3/247
f 283/1/248 270/2/248 85/3/248
f 278/1/249 94/2/249 254/3/249
f 254/1/250 94/2/250 263/3/250
f 263/1/251 273/2/251 272/3/251
f 269/1/252 284/2/252 279/3/252
f 281/1/253 284/2/253 269/3/253
f 282/1/254 274/2/254 277/3/254
f 162/1/255 233/2/255 167/3/255
f 167/1/256 233/2/256 226/3/256
f 536/1/257 274/2/257 126/3/257
f 536/1/258 126/2/258 530/3/258
f 530/1/259 126/2/259 122/3/259
f 94/1/260 273/2/260 263/3/260
f 122/1/261 126/2/261 125/3/261
f 162/1/262 246/2/262 233/3/262
f 134/1/263 139/2/263 135/3/263
f 140/1/264 139/2/264 134/3/264
f 157/1/265 290/2/265 141/3/265
f 163/1/266 288/2/266 162/3/266
f 291/1/267 222/2/267 149/3/267
f 162/1/268 288/2/268 246/3/268
f 149/1/269 222/2/269 151/3/269
f 265/1/270 292/2/270 276/3/270
f 92/1/271 272/2/271 273/3/271
f 271/1/272 285/2/272 293/3/272
f 289/1/273 294/2/273 266/3/273
f 295/1/274 298/2/274 170/3/274
f 296/1/275 297/2/275 241/3/275
f 272/1/276 90/2/276 289/3/276
f 294/1/277 431/2/277 266/3/277
f 484/1/278 296/2/278 165/3/278
f 241/1/279 299/2/279 265/3/279
f 297/1/280 299/2/280 241/3/280
f 90/1/281 294/2/281 289/3/281
f 175/1/282 174/2/282 180/3/282
f 484/1/283 297/2/283 296/3/283
f 180/1/151 179/2/151 184/3/151
f 431/1/284 305/2/284 375/3/284
f 375/1/285 305/2/285 167/3/285
f 294/1/286 305/2/286 431/3/286
f 184/1/287 191/2/287 193/3/287
f 306/1/288 215/2/288 182/3/288
f 389/1/289 299/2/289 297/3/289
f 307/1/290 299/2/290 389/3/290
f 191/1/291 213/2/291 193/3/291
f 293/1/292 302/2/292 308/3/292
f 167/1/293 169/2/293 162/3/293
f 305/1/294 87/2/294 167/3/294
f 224/1/295 200/2/295 199/3/295
f 99/1/296 200/2/296 224/3/296
f 162/1/297 169/2/297 163/3/297
f 169/1/298 168/2/298 163/3/298
f 203/1/299 227/2/299 220/3/299
f 87/1/300 169/2/300 167/3/300
f 163/1/301 168/2/301 165/3/301
f 203/1/302 228/2/302 227/3/302
f 168/1/303 311/2/303 165/3/303
f 165/1/304 311/2/304 484/3/304
f 307/1/305 310/2/305 303/3/305
f 311/1/306 312/2/306 484/3/306
f 99/1/307 238/2/307 201/3/307
f 193/1/154 229/2/154 211/3/154
f 308/1/308 310/2/308 314/3/308
f 307/1/309 315/2/309 310/3/309
f 310/1/310 315/2/310 314/3/310
f 228/1/311 235/2/311 227/3/311
f 228/1/311 236/2/311 235/3/311
f 316/1/312 391/2/312 515/3/312
f 235/1/313 247/2/313 244/3/313
f 236/1/314 247/2/314 235/3/314
f 247/1/315 252/2/315 244/3/315
f 332/1/316 257/2/316 250/3/316
f 247/1/317 253/2/317 252/3/317
f 255/1/318 251/2/318 258/3/318
f 258/1/319 251/2/319 250/3/319
f 113/1/320 320/2/320 330/3/320
f 250/1/321 257/2/321 268/3/321
f 253/1/322 346/2/322 252/3/322
f 259/1/323 252/2/323 418/3/323
f 86/1/324 261/2/324 259/3/324
f 344/1/325 341/2/325 335/3/325
f 257/1/326 267/2/326 268/3/326
f 348/1/327 346/2/327 477/3/327
f 395/1/328 347/2/328 345/3/328
f 347/1/329 466/2/329 344/3/329
f 267/1/330 269/2/330 268/3/330
f 85/1/331 270/2/331 264/3/331
f 264/1/332 270/2/332 262/3/332
f 269/1/333 280/2/333 281/3/333
f 267/1/334 280/2/334 269/3/334
f 270/1/335 283/2/335 275/3/335
f 277/1/336 283/2/336 282/3/336
f 275/1/337 283/2/337 277/3/337
f 361/1/338 540/2/338 369/3/338
f 286/1/339 287/2/339 134/3/339
f 134/1/340 287/2/340 140/3/340
f 129/1/341 128/2/341 138/3/341
f 540/1/342 370/2/342 369/3/342
f 141/1/343 290/2/343 148/3/343
f 148/1/344 290/2/344 195/3/344
f 365/1/345 119/2/345 366/3/345
f 370/1/346 112/2/346 369/3/346
f 222/1/347 372/2/347 151/3/347
f 369/1/348 112/2/348 373/3/348
f 112/1/349 380/2/349 373/3/349
f 100/1/350 98/2/350 222/3/350
f 138/1/351 128/2/351 147/3/351
f 141/1/352 147/2/352 145/3/352
f 138/1/353 147/2/353 141/3/353
f 170/1/354 298/2/354 174/3/354
f 298/1/355 300/2/355 174/3/355
f 174/1/356 300/2/356 179/3/356
f 139/1/357 381/2/357 143/3/357
f 179/1/358 300/2/358 182/3/358
f 104/1/359 381/2/359 480/3/359
f 304/1/360 182/2/360 300/3/360
f 152/1/361 481/2/361 102/3/361
f 182/1/362 215/2/362 191/3/362
f 213/1/363 215/2/363 214/3/363
f 191/1/364 215/2/364 213/3/364
f 207/1/365 194/2/365 237/3/365
f 207/1/366 237/2/366 248/3/366
f 225/1/367 242/2/367 194/3/367
f 194/1/368 242/2/368 237/3/368
f 204/1/369 232/2/369 198/3/369
f 232/1/370 204/2/370 230/3/370
f 225/1/371 386/2/371 242/3/371
f 266/1/372 249/2/372 289/3/372
f 289/1/373 249/2/373 239/3/373
f 309/1/374 313/2/374 384/3/374
f 220/1/375 313/2/375 309/3/375
f 230/1/376 276/2/376 232/3/376
f 220/1/377 227/2/377 313/3/377
f 242/1/378 386/2/378 288/3/378
f 288/1/379 386/2/379 246/3/379
f 246/1/380 386/2/380 225/3/380
f 276/1/381 285/2/381 232/3/381
f 232/1/382 285/2/382 271/3/382
f 288/1/383 296/2/383 242/3/383
f 242/1/384 296/2/384 241/3/384
f 292/1/385 285/2/385 276/3/385
f 285/1/386 292/2/386 302/3/386
f 213/1/387 214/2/387 238/3/387
f 163/1/388 296/2/388 288/3/388
f 238/1/389 214/2/389 201/3/389
f 165/1/390 296/2/390 163/3/390
f 285/1/391 302/2/391 293/3/391
f 302/1/392 292/2/392 303/3/392
f 303/1/393 292/2/393 265/3/393
f 229/1/394 316/2/394 211/3/394
f 299/1/395 303/2/395 265/3/395
f 97/1/396 229/2/396 223/3/396
f 307/1/397 303/2/397 299/3/397
f 310/1/398 302/2/398 303/3/398
f 308/1/399 302/2/399 310/3/399
f 238/1/400 223/2/400 213/3/400
f 312/1/401 390/2/401 484/3/401
f 307/1/402 318/2/402 315/3/402
f 390/1/403 317/2/403 307/3/403
f 314/1/404 315/2/404 84/3/404
f 313/1/405 235/2/405 323/3/405
f 227/1/406 235/2/406 313/3/406
f 315/1/407 392/2/407 84/3/407
f 96/1/408 229/2/408 97/3/408
f 68/1/409 114/2/409 322/3/409
f 114/1/410 321/2/410 322/3/410
f 235/1/411 244/2/411 323/3/411
f 323/1/412 244/2/412 331/3/412
f 328/1/413 324/2/413 327/3/413
f 325/1/414 329/2/414 324/3/414
f 430/1/415 405/2/415 406/3/415
f 244/1/416 252/2/416 331/3/416
f 95/1/417 91/2/417 456/3/417
f 95/1/418 93/2/418 91/3/418
f 405/1/419 88/2/419 406/3/419
f 490/1/420 414/2/420 325/3/420
f 325/1/421 414/2/421 329/3/421
f 340/1/422 257/2/422 332/3/422
f 88/1/423 410/2/423 406/3/423
f 406/1/424 410/2/424 245/3/424
f 331/1/425 252/2/425 259/3/425
f 329/1/426 333/2/426 324/3/426
f 327/1/427 333/2/427 335/3/427
f 324/1/428 333/2/428 327/3/428
f 337/1/429 336/2/429 340/3/429
f 68/1/430 398/2/430 4472/3/430
f 333/1/431 329/2/431 334/3/431
f 257/1/432 340/2/432 267/3/432
f 267/1/433 340/2/433 336/3/433
f 411/1/434 421/2/434 413/3/434
f 333/1/427 338/2/427 335/3/427
f 338/1/435 333/2/435 339/3/435
f 88/1/436 477/2/436 410/3/436
f 68/1/437 424/2/437 398/3/437
f 350/1/438 86/2/438 418/3/438
f 335/1/439 338/2/439 344/3/439
f 86/1/440 264/2/440 261/3/440
f 360/1/441 264/2/441 86/3/441
f 85/1/442 264/2/442 360/3/442
f 336/1/443 361/2/443 267/3/443
f 342/1/444 338/2/444 343/3/444
f 362/1/445 361/2/445 336/3/445
f 342/1/446 344/2/446 338/3/446
f 280/1/447 267/2/447 361/3/447
f 424/1/448 393/2/448 398/3/448
f 398/1/449 393/2/449 399/3/449
f 422/1/450 425/2/450 343/3/450
f 286/1/451 368/2/451 287/3/451
f 117/1/452 368/2/452 286/3/452
f 146/1/453 156/2/453 145/3/453
f 156/1/454 371/2/454 157/3/454
f 234/1/455 158/2/455 156/3/455
f 411/1/456 429/2/456 421/3/456
f 494/1/457 429/2/457 411/3/457
f 399/1/458 319/2/458 401/3/458
f 393/1/459 319/2/459 399/3/459
f 345/1/460 425/2/460 388/3/460
f 347/1/461 342/2/461 345/3/461
f 347/1/462 344/2/462 342/3/462
f 319/1/463 320/2/463 401/3/463
f 401/1/464 320/2/464 402/3/464
f 349/1/465 354/2/465 353/3/465
f 351/1/466 353/2/466 356/3/466
f 356/1/467 353/2/467 354/3/467
f 378/1/468 377/2/468 376/3/468
f 354/1/469 355/2/469 356/3/469
f 351/1/470 435/2/470 352/3/470
f 402/1/471 326/2/471 403/3/471
f 320/1/472 326/2/472 402/3/472
f 352/1/473 435/2/473 436/3/473
f 351/1/474 356/2/474 357/3/474
f 357/1/475 435/2/475 351/3/475
f 378/1/476 382/2/476 377/3/476
f 326/1/477 397/2/477 403/3/477
f 357/1/478 440/2/478 435/3/478
f 356/1/479 441/2/479 357/3/479
f 359/1/480 441/2/480 358/3/480
f 358/1/481 441/2/481 356/3/481
f 306/1/482 382/2/482 383/3/482
f 494/1/483 443/2/483 429/3/483
f 357/1/484 441/2/484 363/3/484
f 403/1/485 397/2/485 404/3/485
f 383/1/486 201/2/486 306/3/486
f 363/1/487 440/2/487 357/3/487
f 200/1/488 201/2/488 383/3/488
f 397/1/489 400/2/489 404/3/489
f 359/1/490 444/2/490 364/3/490
f 132/1/491 115/2/491 447/3/491
f 363/1/492 451/2/492 440/3/492
f 359/1/493 367/2/493 441/3/493
f 441/1/494 367/2/494 363/3/494
f 364/1/495 367/2/495 359/3/495
f 448/1/496 385/2/496 387/3/496
f 387/1/496 385/2/496 396/3/496
f 385/1/497 313/2/497 396/3/497
f 384/1/498 313/2/498 385/3/498
f 404/1/499 409/2/499 407/3/499
f 400/1/500 409/2/500 404/3/500
f 96/1/501 316/2/501 229/3/501
f 345/1/502 388/2/502 456/3/502
f 409/1/503 489/2/503 407/3/503
f 316/1/504 96/2/504 391/3/504
f 95/1/505 391/2/505 96/3/505
f 391/1/506 456/2/506 388/3/506
f 407/1/507 489/2/507 411/3/507
f 313/1/508 323/2/508 396/3/508
f 367/1/509 364/2/509 135/3/509
f 367/1/510 451/2/510 363/3/510
f 137/1/511 451/2/511 367/3/511
f 489/1/512 494/2/512 411/3/512
f 134/1/513 135/2/513 364/3/513
f 380/1/514 471/2/514 373/3/514
f 367/1/515 135/2/515 137/3/515
f 494/1/516 459/2/516 443/3/516
f 951/1/517 460/2/517 461/3/517
f 323/1/508 408/2/508 396/3/508
f 550/1/518 468/2/518 474/3/518
f 323/1/519 331/2/519 408/3/519
f 340/1/520 332/2/520 337/3/520
f 337/1/521 332/2/521 461/3/521
f 454/1/522 474/2/522 150/3/522
f 150/1/523 374/2/523 454/3/523
f 146/1/524 374/2/524 150/3/524
f 147/1/525 374/2/525 146/3/525
f 245/1/526 253/2/526 247/3/526
f 420/1/527 415/2/527 460/3/527
f 460/1/528 415/2/528 337/3/528
f 469/1/529 473/2/529 466/3/529
f 331/1/530 261/2/530 408/3/530
f 149/1/531 474/2/531 379/3/531
f 331/1/532 259/2/532 261/3/532
f 150/1/533 474/2/533 149/3/533
f 252/1/534 346/2/534 418/3/534
f 381/1/535 481/2/535 143/3/535
f 337/1/536 415/2/536 336/3/536
f 477/1/537 346/2/537 253/3/537
f 494/1/538 478/2/538 459/3/538
f 112/1/539 111/2/539 380/3/539
f 139/1/540 480/2/540 381/3/540
f 350/1/541 418/2/541 346/3/541
f 346/1/542 348/2/542 350/3/542
f 381/1/543 104/2/543 481/3/543
f 291/1/544 149/2/544 379/3/544
f 481/1/545 104/2/545 103/3/545
f 362/1/546 415/2/546 426/3/546
f 415/1/547 362/2/547 336/3/547
f 102/1/548 481/2/548 103/3/548
f 218/1/549 185/2/549 172/3/549
f 189/1/550 185/2/550 218/3/550
f 117/1/551 284/2/551 368/3/551
f 373/1/552 368/2/552 284/3/552
f 157/1/553 482/2/553 290/3/553
f 371/1/554 482/2/554 157/3/554
f 390/1/555 389/2/555 484/3/555
f 307/1/556 389/2/556 390/3/556
f 315/1/557 318/2/557 392/3/557
f 307/1/558 317/2/558 318/3/558
f 322/1/559 393/2/559 424/3/559
f 419/1/560 417/2/560 434/3/560
f 421/1/561 485/2/561 413/3/561
f 413/1/562 485/2/562 417/3/562
f 417/1/563 485/2/563 434/3/563
f 394/1/564 446/2/564 490/3/564
f 434/1/565 433/2/565 419/3/565
f 419/1/566 433/2/566 376/3/566
f 376/1/567 433/2/567 378/3/567
f 490/1/568 325/2/568 394/3/568
f 377/1/569 295/2/569 376/3/569
f 298/1/570 295/2/570 377/3/570
f 434/1/571 485/2/571 433/3/571
f 321/1/572 319/2/572 393/3/572
f 429/1/573 487/2/573 421/3/573
f 421/1/574 487/2/574 485/3/574
f 113/1/575 326/2/575 320/3/575
f 485/1/576 487/2/576 433/3/576
f 319/1/577 330/2/577 320/3/577
f 321/1/578 330/2/578 319/3/578
f 301/1/579 298/2/579 377/3/579
f 300/1/580 298/2/580 301/3/580
f 433/1/581 487/2/581 439/3/581
f 443/1/582 488/2/582 429/3/582
f 429/1/583 488/2/583 487/3/583
f 487/1/584 488/2/584 439/3/584
f 433/1/585 439/2/585 378/3/585
f 382/1/586 301/2/586 377/3/586
f 304/1/587 301/2/587 382/3/587
f 300/1/588 301/2/588 304/3/588
f 439/1/589 382/2/589 378/3/589
f 439/1/590 488/2/590 442/3/590
f 488/1/591 491/2/591 442/3/591
f 459/1/592 491/2/592 443/3/592
f 443/1/593 491/2/593 488/3/593
f 382/1/594 442/2/594 383/3/594
f 439/1/595 442/2/595 382/3/595
f 412/1/596 416/2/596 423/3/596
f 306/1/597 304/2/597 382/3/597
f 182/1/598 304/2/598 306/3/598
f 113/1/599 110/2/599 326/3/599
f 442/1/600 491/2/600 445/3/600
f 478/1/601 492/2/601 459/3/601
f 459/1/602 492/2/602 491/3/602
f 491/1/603 492/2/603 445/3/603
f 493/1/604 492/2/604 478/3/604
f 495/1/605 492/2/605 493/3/605
f 442/1/606 445/2/606 383/3/606
f 383/1/607 445/2/607 200/3/607
f 201/1/608 215/2/608 306/3/608
f 498/1/609 496/2/609 499/3/609
f 497/1/610 496/2/610 500/3/610
f 500/1/611 496/2/611 498/3/611
f 453/1/612 496/2/612 448/3/612
f 453/1/613 499/2/613 496/3/613
f 448/1/614 387/2/614 453/3/614
f 453/1/615 387/2/615 458/3/615
f 505/1/616 499/2/616 504/3/616
f 109/1/617 400/2/617 110/3/617
f 453/1/618 506/2/618 499/3/618
f 458/1/619 506/2/619 453/3/619
f 335/1/620 416/2/620 327/3/620
f 499/1/621 506/2/621 504/3/621
f 345/1/622 456/2/622 464/3/622
f 427/1/623 416/2/623 335/3/623
f 423/1/624 416/2/624 427/3/624
f 95/1/625 456/2/625 391/3/625
f 509/1/626 508/2/626 510/3/626
f 510/1/627 508/2/627 507/3/627
f 463/1/628 508/2/628 509/3/628
f 387/1/629 396/2/629 458/3/629
f 458/1/630 396/2/630 457/3/630
f 464/1/631 395/2/631 345/3/631
f 395/1/632 469/2/632 347/3/632
f 341/1/633 427/2/633 335/3/633
f 205/1/634 501/2/634 105/3/634
f 347/1/635 469/2/635 466/3/635
f 423/1/636 427/2/636 428/3/636
f 513/1/637 395/2/637 464/3/637
f 499/1/638 509/2/638 498/3/638
f 505/1/639 509/2/639 499/3/639
f 516/1/640 517/2/640 518/3/640
f 458/1/641 517/2/641 506/3/641
f 504/1/642 517/2/642 505/3/642
f 506/1/643 517/2/643 504/3/643
f 464/1/644 456/2/644 91/3/644
f 513/1/645 469/2/645 395/3/645
f 337/1/646 461/2/646 460/3/646
f 505/1/647 520/2/647 509/3/647
f 463/1/648 520/2/648 470/3/648
f 509/1/649 520/2/649 463/3/649
f 428/1/650 427/2/650 430/3/650
f 344/1/651 427/2/651 341/3/651
f 91/1/652 513/2/652 464/3/652
f 396/1/653 472/2/653 457/3/653
f 460/1/654 470/2/654 420/3/654
f 508/1/655 470/2/655 460/3/655
f 463/1/656 470/2/656 508/3/656
f 457/1/657 517/2/657 458/3/657
f 427/1/658 467/2/658 430/3/658
f 344/1/620 467/2/620 427/3/620
f 430/1/659 467/2/659 405/3/659
f 466/1/660 467/2/660 344/3/660
f 396/1/661 408/2/661 472/3/661
f 522/1/662 523/2/662 355/3/662
f 469/1/663 513/2/663 473/3/663
f 432/1/664 355/2/664 349/3/664
f 349/1/665 355/2/665 354/3/665
f 517/1/666 520/2/666 505/3/666
f 516/1/667 520/2/667 517/3/667
f 473/1/668 467/2/668 466/3/668
f 89/1/669 467/2/669 473/3/669
f 518/1/670 524/2/670 516/3/670
f 437/1/671 358/2/671 355/3/671
f 355/1/672 358/2/672 356/3/672
f 457/1/657 524/2/657 517/3/657
f 517/1/673 524/2/673 518/3/673
f 525/1/674 524/2/674 526/3/674
f 472/1/675 524/2/675 457/3/675
f 408/1/676 261/2/676 472/3/676
f 89/1/677 527/2/677 467/3/677
f 467/1/678 527/2/678 405/3/678
f 435/1/679 528/2/679 436/3/679
f 516/1/680 529/2/680 520/3/680
f 470/1/681 529/2/681 475/3/681
f 520/1/682 529/2/682 470/3/682
f 527/1/683 88/2/683 405/3/683
f 437/1/684 444/2/684 358/3/684
f 358/1/685 444/2/685 359/3/685
f 253/1/686 245/2/686 477/3/686
f 435/1/687 533/2/687 528/3/687
f 447/1/688 532/2/688 132/3/688
f 472/1/689 261/2/689 262/3/689
f 477/1/690 245/2/690 410/3/690
f 516/1/691 535/2/691 529/3/691
f 529/1/692 535/2/692 475/3/692
f 525/1/693 535/2/693 524/3/693
f 524/1/694 535/2/694 516/3/694
f 536/1/695 537/2/695 277/3/695
f 524/1/673 537/2/673 526/3/673
f 472/1/696 537/2/696 524/3/696
f 526/1/697 537/2/697 525/3/697
f 525/1/698 537/2/698 536/3/698
f 262/1/699 537/2/699 472/3/699
f 275/1/700 537/2/700 262/3/700
f 277/1/701 537/2/701 275/3/701
f 415/1/702 420/2/702 426/3/702
f 115/1/703 450/2/703 447/3/703
f 420/1/704 470/2/704 426/3/704
f 500/1/705 498/2/705 889/3/705
f 281/1/706 280/2/706 369/3/706
f 447/1/707 361/2/707 426/3/707
f 280/1/708 361/2/708 369/3/708
f 450/1/709 361/2/709 447/3/709
f 426/1/710 361/2/710 362/3/710
f 889/1/711 509/2/711 510/3/711
f 284/1/712 369/2/712 373/3/712
f 281/1/713 369/2/713 284/3/713
f 364/1/714 444/2/714 134/3/714
f 498/1/715 509/2/715 889/3/715
f 290/1/716 483/2/716 195/3/716
f 482/1/717 483/2/717 290/3/717
f 195/1/718 483/2/718 196/3/718
f 449/1/719 129/2/719 365/3/719
f 361/1/720 450/2/720 540/3/720
f 440/1/721 539/2/721 533/3/721
f 158/1/722 371/2/722 156/3/722
f 134/1/723 444/2/723 286/3/723
f 371/1/724 254/2/724 482/3/724
f 483/1/725 254/2/725 263/3/725
f 158/1/726 254/2/726 371/3/726
f 482/1/727 254/2/727 483/3/727
f 365/1/728 129/2/728 119/3/728
f 272/1/729 289/2/729 196/3/729
f 273/1/730 94/2/730 92/3/730
f 128/1/731 452/2/731 147/3/731
f 147/1/732 452/2/732 374/3/732
f 92/1/733 90/2/733 272/3/733
f 465/1/734 451/2/734 137/3/734
f 541/1/735 370/2/735 540/3/735
f 373/1/736 471/2/736 368/3/736
f 370/1/737 541/2/737 112/3/737
f 153/1/738 455/2/738 451/3/738
f 379/1/739 455/2/739 153/3/739
f 451/1/740 465/2/740 153/3/740
f 471/1/741 543/2/741 368/3/741
f 140/1/742 480/2/742 139/3/742
f 152/1/743 143/2/743 481/3/743
f 152/1/744 465/2/744 143/3/744
f 153/1/745 465/2/745 152/3/745
f 107/1/746 479/2/746 140/3/746
f 111/1/747 471/2/747 380/3/747
f 543/1/748 471/2/748 111/3/748
f 479/1/749 480/2/749 140/3/749
f 379/1/750 153/2/750 154/3/750
f 108/1/751 543/2/751 111/3/751
f 484/1/752 389/2/752 297/3/752
f 486/1/753 490/2/753 446/3/753
f 503/1/754 490/2/754 486/3/754
f 478/1/755 494/2/755 501/3/755
f 334/1/756 329/2/756 414/3/756
f 400/1/757 397/2/757 110/3/757
f 110/1/758 397/2/758 326/3/758
f 511/1/759 489/2/759 409/3/759
f 412/1/760 423/2/760 476/3/760
f 409/1/761 400/2/761 109/3/761
f 514/1/762 490/2/762 503/3/762
f 422/1/763 334/2/763 414/3/763
f 333/1/764 334/2/764 339/3/764
f 339/1/765 334/2/765 422/3/765
f 109/1/766 511/2/766 409/3/766
f 495/1/767 216/2/767 492/3/767
f 216/1/768 199/2/768 492/3/768
f 492/1/769 199/2/769 445/3/769
f 423/1/770 512/2/770 476/3/770
f 476/1/771 512/2/771 502/3/771
f 502/1/772 512/2/772 221/3/772
f 515/1/773 514/2/773 503/3/773
f 343/1/765 339/2/765 422/3/765
f 338/1/774 339/2/774 343/3/774
f 514/1/775 425/2/775 422/3/775
f 536/1/776 530/2/776 525/3/776
f 221/1/777 512/2/777 519/3/777
f 519/1/778 512/2/778 428/3/778
f 423/1/779 428/2/779 512/3/779
f 525/1/780 530/2/780 535/3/780
f 515/1/781 391/2/781 514/3/781
f 514/1/782 391/2/782 425/3/782
f 425/1/783 391/2/783 388/3/783
f 345/1/784 343/2/784 425/3/784
f 342/1/785 343/2/785 345/3/785
f 530/1/786 122/2/786 535/3/786
f 428/1/787 430/2/787 519/3/787
f 519/1/788 430/2/788 521/3/788
f 521/1/789 430/2/789 406/3/789
f 535/1/790 532/2/790 475/3/790
f 122/1/791 532/2/791 535/3/791
f 355/1/792 432/2/792 522/3/792
f 475/1/793 532/2/793 470/3/793
f 355/1/794 523/2/794 437/3/794
f 470/1/795 447/2/795 426/3/795
f 532/1/796 447/2/796 470/3/796
f 437/1/797 531/2/797 444/3/797
f 523/1/798 531/2/798 437/3/798
f 440/1/721 533/2/721 435/3/721
f 533/1/799 547/2/799 528/3/799
f 117/1/800 286/2/800 531/3/800
f 531/1/801 286/2/801 444/3/801
f 32/1/802 274/2/802 282/3/802
f 534/1/803 128/2/803 449/3/803
f 449/1/804 128/2/804 129/3/804
f 550/1/805 547/2/805 533/3/805
f 538/1/806 547/2/806 550/3/806
f 374/1/807 538/2/807 454/3/807
f 452/1/808 538/2/808 374/3/808
f 451/1/809 539/2/809 440/3/809
f 542/1/810 450/2/810 115/3/810
f 540/1/811 450/2/811 542/3/811
f 539/1/812 550/2/812 533/3/812
f 125/1/813 126/2/813 120/3/813
f 451/1/814 455/2/814 539/3/814
f 132/1/815 462/2/815 115/3/815
f 538/1/816 550/2/816 454/3/816
f 116/1/817 462/2/817 132/3/817
f 541/1/818 540/2/818 542/3/818
f 454/1/819 550/2/819 474/3/819
f 539/1/820 468/2/820 550/3/820
f 455/1/821 468/2/821 539/3/821
f 368/1/822 543/2/822 287/3/822
f 287/1/823 543/2/823 108/3/823
f 455/1/824 474/2/824 468/3/824
f 379/1/825 474/2/825 455/3/825
f 287/1/826 107/2/826 140/3/826
f 108/1/827 107/2/827 287/3/827
f 143/1/828 465/2/828 137/3/828
f 480/1/829 479/2/829 104/3/829
f 104/1/830 479/2/830 106/3/830
f 479/1/831 107/2/831 106/3/831
f 438/1/832 486/2/832 446/3/832
f 177/1/833 438/2/833 176/3/833
f 177/1/834 183/2/834 438/3/834
f 438/1/835 183/2/835 486/3/835
f 503/1/836 486/2/836 183/3/836
f 422/1/837 414/2/837 490/3/837
f 494/1/838 489/2/838 105/3/838
f 476/1/839 502/2/839 187/3/839
f 105/1/840 489/2/840 511/3/840
f 514/1/841 422/2/841 490/3/841
f 105/1/842 501/2/842 494/3/842
f 205/1/843 478/2/843 501/3/843
f 503/1/844 210/2/844 515/3/844
f 183/1/845 210/2/845 503/3/845
f 190/1/846 210/2/846 183/3/846
f 445/1/847 199/2/847 200/3/847
f 188/1/848 187/2/848 221/3/848
f 502/1/849 221/2/849 187/3/849
f 316/1/850 210/2/850 211/3/850
f 219/1/851 221/2/851 231/3/851
f 316/1/852 515/2/852 210/3/852
f 221/1/853 519/2/853 231/3/853
f 519/1/854 521/2/854 231/3/854
f 245/1/855 247/2/855 231/3/855
f 521/1/856 406/2/856 231/3/856
f 231/1/857 406/2/857 245/3/857
f 251/1/858 255/2/858 544/3/858
f 523/1/859 544/2/859 256/3/859
f 522/1/860 544/2/860 523/3/860
f 262/1/861 270/2/861 275/3/861
f 274/1/862 536/2/862 277/3/862
f 255/1/863 279/2/863 256/3/863
f 256/1/864 279/2/864 523/3/864
f 523/1/865 279/2/865 531/3/865
f 68/1/866 322/2/866 424/3/866
f 545/1/867 436/2/867 547/3/867
f 547/1/868 436/2/868 528/3/868
f 322/1/869 321/2/869 393/3/869
f 545/1/870 538/2/870 546/3/870
f 279/1/871 117/2/871 531/3/871
f 284/1/872 117/2/872 279/3/872
f 547/1/873 538/2/873 545/3/873
f 546/1/874 538/2/874 452/3/874
f 121/1/875 366/2/875 119/3/875
f 366/1/876 121/2/876 548/3/876
f 548/1/877 130/2/877 549/3/877
f 121/1/878 130/2/878 548/3/878
f 128/1/879 546/2/879 452/3/879
f 534/1/880 546/2/880 128/3/880
f 282/1/881 283/2/881 32/3/881
f 130/1/882 118/2/882 549/3/882
f 549/1/883 118/2/883 898/3/883
f 148/1/884 119/2/884 138/3/884
f 122/1/885 120/2/885 532/3/885
f 532/1/886 120/2/886 116/3/886
f 138/1/887 119/2/887 129/3/887
f 898/1/888 118/2/888 124/3/888
f 1285/1/889 561/2/889 562/3/889
f 564/1/890 563/2/890 565/3/890
f 556/1/891 566/2/891 635/3/891
f 654/1/892 580/2/892 583/3/892
f 686/1/893 572/2/893 1280/3/893
f 633/1/894 590/2/894 1291/3/894
f 1292/1/895 591/2/895 1282/3/895
f 601/1/896 600/2/896 589/3/896
f 623/1/897 605/2/897 1272/3/897
f 1272/1/898 605/2/898 607/3/898
f 612/1/899 613/2/899 1189/3/899
f 1189/1/900 613/2/900 603/3/900
f 619/1/901 620/2/901 584/3/901
f 621/1/902 622/2/902 623/3/902
f 625/1/903 622/2/903 621/3/903
f 1253/1/904 637/2/904 588/3/904
f 602/1/905 637/2/905 1253/3/905
f 639/1/906 640/2/906 641/3/906
f 1251/1/907 642/2/907 582/3/907
f 584/1/908 591/2/908 1292/3/908
f 607/1/909 563/2/909 644/3/909
f 1293/1/910 645/2/910 569/3/910
f 1286/1/911 650/2/911 597/3/911
f 560/1/912 650/2/912 1286/3/912
f 608/1/913 656/2/913 649/3/913
f 1168/1/914 658/2/914 659/3/914
f 590/1/915 662/2/915 1281/3/915
f 1205/1/916 610/2/916 596/3/916
f 1281/1/917 662/2/917 614/3/917
f 1271/1/918 667/2/918 634/3/918
f 1248/1/919 671/2/919 673/3/919
f 565/1/920 674/2/920 675/3/920
f 675/1/921 674/2/921 676/3/921
f 1284/1/922 672/2/922 668/3/922
f 1279/1/923 589/2/923 585/3/923
f 1288/1/924 683/2/924 568/3/924
f 554/1/925 683/2/925 1288/3/925
f 581/1/926 684/2/926 615/3/926
f 616/1/927 689/2/927 593/3/927
f 690/1/928 691/2/928 556/3/928
f 694/1/929 695/2/929 687/3/929
f 604/1/930 695/2/930 694/3/930
f 638/1/931 678/2/931 1228/3/931
f 693/1/932 696/2/932 651/3/932
f 666/1/933 697/2/933 558/3/933
f 1256/1/934 698/2/934 638/3/934
f 1278/1/935 641/2/935 576/3/935
f 562/1/936 700/2/936 553/3/936
f 1264/1/937 597/2/937 554/3/937
f 653/1/938 580/2/938 654/3/938
f 575/1/939 579/2/939 578/3/939
f 599/1/940 657/2/940 1249/3/940
f 686/1/941 702/2/941 572/3/941
f 569/1/942 677/2/942 570/3/942
f 584/1/943 692/2/943 591/3/943
f 704/1/944 634/2/944 701/3/944
f 649/1/945 705/2/945 1243/3/945
f 1091/1/946 706/2/946 665/3/946
f 1192/1/947 706/2/947 1091/3/947
f 1243/1/948 705/2/948 612/3/948
f 629/1/949 707/2/949 606/3/949
f 1283/1/950 708/2/950 669/3/950
f 609/1/951 708/2/951 1283/3/951
f 585/1/952 709/2/952 633/3/952
f 586/1/953 592/2/953 587/3/953
f 633/1/954 709/2/954 590/3/954
f 620/1/955 692/2/955 584/3/955
f 1282/1/956 710/2/956 604/3/956
f 591/1/957 710/2/957 1282/3/957
f 639/1/958 655/2/958 640/3/958
f 661/1/959 711/2/959 653/3/959
f 1273/1/960 712/2/960 628/3/960
f 573/1/961 713/2/961 552/3/961
f 449/1/962 714/2/962 534/3/962
f 534/1/963 714/2/963 631/3/963
f 566/1/964 636/2/964 635/3/964
f 645/1/965 630/2/965 569/3/965
f 571/1/966 572/2/966 672/3/966
f 703/1/967 642/2/967 1251/3/967
f 567/1/968 568/2/968 1289/3/968
f 638/1/969 715/2/969 678/3/969
f 635/1/970 667/2/970 1271/3/970
f 1266/1/971 618/2/971 573/3/971
f 1259/1/972 716/2/972 1290/3/972
f 579/1/973 586/2/973 587/3/973
f 588/1/974 717/2/974 693/3/974
f 687/1/975 702/2/975 686/3/975
f 612/1/976 718/2/976 613/3/976
f 559/1/977 720/2/977 560/3/977
f 560/1/978 720/2/978 650/3/978
f 653/1/979 721/2/979 580/3/979
f 563/1/980 674/2/980 565/3/980
f 594/1/981 576/2/981 679/3/981
f 600/1/982 722/2/982 589/3/982
f 666/1/983 673/2/983 697/3/983
f 1293/1/984 592/2/984 645/3/984
f 590/1/985 723/2/985 662/3/985
f 197/1/986 622/2/986 625/3/986
f 609/1/987 595/2/987 708/3/987
f 647/1/988 724/2/988 1178/3/988
f 1178/1/989 724/2/989 685/3/989
f 569/1/990 630/2/990 677/3/990
f 611/1/991 725/2/991 581/3/991
f 581/1/992 725/2/992 684/3/992
f 551/1/993 726/2/993 661/3/993
f 618/1/994 713/2/994 573/3/994
f 1248/1/995 678/2/995 671/3/995
f 664/1/996 632/2/996 663/3/996
f 1273/1/997 553/2/997 712/3/997
f 589/1/998 728/2/998 585/3/998
f 709/1/999 723/2/999 590/3/999
f 607/1/1000 719/2/1000 563/3/1000
f 702/1/1001 729/2/1001 572/3/1001
f 555/1/1002 730/2/1002 682/3/1002
f 657/1/1003 731/2/1003 660/3/1003
f 597/1/1004 732/2/1004 554/3/1004
f 635/1/1005 733/2/1005 667/3/1005
f 583/1/1006 580/2/1006 575/3/1006
f 608/1/1007 734/2/1007 656/3/1007
f 677/1/1008 735/2/1008 1256/3/1008
f 1256/1/1009 735/2/1009 698/3/1009
f 620/1/1010 736/2/1010 692/3/1010
f 1241/1/1011 737/2/1011 598/3/1011
f 632/1/1012 738/2/1012 602/3/1012
f 602/1/1013 738/2/1013 637/3/1013
f 693/1/1014 717/2/1014 696/3/1014
f 631/1/1015 740/2/1015 652/3/1015
f 576/1/1016 739/2/1016 679/3/1016
f 365/1/1017 714/2/1017 449/3/1017
f 703/1/1018 741/2/1018 642/3/1018
f 615/1/1019 742/2/1019 655/3/1019
f 604/1/1020 710/2/1020 695/3/1020
f 1289/1/1021 743/2/1021 1259/3/1021
f 697/1/1022 727/2/1022 558/3/1022
f 556/1/1023 691/2/1023 566/3/1023
f 574/1/1024 744/2/1024 577/3/1024
f 562/1/1025 561/2/1025 700/3/1025
f 713/1/1026 778/2/1026 552/3/1026
f 579/1/1027 747/2/1027 586/3/1027
f 563/1/1028 748/2/1028 674/3/1028
f 605/1/1029 749/2/1029 607/3/1029
f 622/1/1030 750/2/1030 623/3/1030
f 623/1/1031 750/2/1031 605/3/1031
f 684/1/1032 751/2/1032 615/3/1032
f 709/1/1033 752/2/1033 723/3/1033
f 655/1/1034 753/2/1034 640/3/1034
f 636/1/1035 733/2/1035 635/3/1035
f 600/1/1036 754/2/1036 722/3/1036
f 652/1/1037 754/2/1037 600/3/1037
f 603/1/1038 755/2/1038 626/3/1038
f 626/1/1039 755/2/1039 551/3/1039
f 628/1/1040 712/2/1040 617/3/1040
f 1226/1/1041 737/2/1041 688/3/1041
f 598/1/1042 737/2/1042 1226/3/1042
f 585/1/1043 728/2/1043 709/3/1043
f 641/1/1044 746/2/1044 576/3/1044
f 667/1/1045 756/2/1045 634/3/1045
f 649/1/1046 656/2/1046 705/3/1046
f 682/1/1047 757/2/1047 648/3/1047
f 672/1/1048 758/2/1048 668/3/1048
f 638/1/1049 698/2/1049 715/3/1049
f 574/1/1050 759/2/1050 744/3/1050
f 685/1/1051 759/2/1051 574/3/1051
f 606/1/1052 707/2/1052 610/3/1052
f 614/1/1053 761/2/1053 559/3/1053
f 559/1/1054 761/2/1054 720/3/1054
f 699/1/1055 760/2/1055 616/3/1055
f 1259/1/1056 743/2/1056 716/3/1056
f 695/1/1057 763/2/1057 687/3/1057
f 558/1/1058 727/2/1058 643/3/1058
f 687/1/1059 763/2/1059 702/3/1059
f 197/1/1060 764/2/1060 622/3/1060
f 692/1/1061 765/2/1061 591/3/1061
f 208/1/1062 764/2/1062 197/3/1062
f 701/1/1063 734/2/1063 608/3/1063
f 589/1/1064 722/2/1064 728/3/1064
f 659/1/1065 658/2/1065 745/3/1065
f 710/1/1066 767/2/1066 695/3/1066
f 572/1/1067 729/2/1067 672/3/1067
f 640/1/1068 746/2/1068 641/3/1068
f 670/1/1069 768/2/1069 680/3/1069
f 611/1/1070 769/2/1070 725/3/1070
f 668/1/1071 769/2/1071 611/3/1071
f 627/1/1072 770/2/1072 595/3/1072
f 711/1/1073 721/2/1073 653/3/1073
f 705/1/1074 718/2/1074 612/3/1074
f 597/1/1075 771/2/1075 732/3/1075
f 650/1/1076 771/2/1076 597/3/1076
f 615/1/1077 751/2/1077 742/3/1077
f 577/1/1078 772/2/1078 1192/3/1078
f 1192/1/947 772/2/947 706/3/947
f 1200/1/1079 557/2/1079 658/3/1079
f 652/1/1080 773/2/1080 754/3/1080
f 714/1/1081 740/2/1081 631/3/1081
f 629/1/1082 646/2/1082 707/3/1082
f 576/1/1083 746/2/1083 739/3/1083
f 676/1/1084 741/2/1084 703/3/1084
f 561/1/1085 774/2/1085 700/3/1085
f 580/1/1086 775/2/1086 575/3/1086
f 700/1/1087 776/2/1087 553/3/1087
f 553/1/1088 776/2/1088 766/3/1088
f 736/1/1089 765/2/1089 692/3/1089
f 365/1/1090 366/2/1090 714/3/1090
f 552/1/1091 778/2/1091 646/3/1091
f 689/1/1092 780/2/1092 593/3/1092
f 593/1/1093 780/2/1093 557/3/1093
f 607/1/1094 749/2/1094 719/3/1094
f 725/1/1095 783/2/1095 684/3/1095
f 575/1/1096 747/2/1096 579/3/1096
f 640/1/1097 753/2/1097 746/3/1097
f 655/1/1098 742/2/1098 753/3/1098
f 634/1/1099 785/2/1099 701/3/1099
f 673/1/1100 786/2/1100 697/3/1100
f 722/1/1101 784/2/1101 728/3/1101
f 762/1/1102 786/2/1102 673/3/1102
f 740/1/1103 773/2/1103 652/3/1103
f 591/1/1104 787/2/1104 710/3/1104
f 702/1/1105 788/2/1105 729/3/1105
f 662/1/1106 789/2/1106 614/3/1106
f 614/1/1107 789/2/1107 761/3/1107
f 554/1/1108 732/2/1108 683/3/1108
f 791/1/1109 765/2/1109 736/3/1109
f 701/1/1110 792/2/1110 734/3/1110
f 568/1/1111 790/2/1111 1289/3/1111
f 643/1/1112 793/2/1112 624/3/1112
f 719/1/1113 748/2/1113 563/3/1113
f 555/1/1114 794/2/1114 730/3/1114
f 661/1/1115 726/2/1115 711/3/1115
f 648/1/1116 796/2/1116 647/3/1116
f 647/1/1117 796/2/1117 724/3/1117
f 721/1/1118 775/2/1118 580/3/1118
f 679/1/1119 739/2/1119 561/3/1119
f 671/1/1120 762/2/1120 673/3/1120
f 605/1/1121 797/2/1121 749/3/1121
f 774/1/1122 776/2/1122 700/3/1122
f 1275/1/1123 798/2/1123 627/3/1123
f 627/1/1124 798/2/1124 770/3/1124
f 714/1/1125 366/2/1125 779/3/1125
f 588/1/1126 799/2/1126 717/3/1126
f 680/1/1127 800/2/1127 681/3/1127
f 586/1/1128 801/2/1128 592/3/1128
f 746/1/1129 802/2/1129 739/3/1129
f 715/1/1130 803/2/1130 678/3/1130
f 765/1/1131 787/2/1131 591/3/1131
f 678/1/1132 803/2/1132 671/3/1132
f 758/1/1133 769/2/1133 668/3/1133
f 557/1/1134 804/2/1134 658/3/1134
f 769/1/1135 783/2/1135 725/3/1135
f 708/1/1136 782/2/1136 669/3/1136
f 651/1/1137 768/2/1137 670/3/1137
f 630/1/1138 645/2/1138 677/3/1138
f 728/1/1139 805/2/1139 709/3/1139
f 709/1/1140 805/2/1140 752/3/1140
f 592/1/1141 795/2/1141 645/3/1141
f 566/1/1142 691/2/1142 781/3/1142
f 767/1/1143 806/2/1143 695/3/1143
f 613/1/1144 807/2/1144 603/3/1144
f 603/1/1145 807/2/1145 755/3/1145
f 695/1/1146 806/2/1146 763/3/1146
f 733/1/1147 808/2/1147 667/3/1147
f 667/1/1148 808/2/1148 756/3/1148
f 719/1/1149 809/2/1149 748/3/1149
f 665/1/1150 706/2/1150 699/3/1150
f 551/1/1151 755/2/1151 726/3/1151
f 553/1/1152 766/2/1152 712/3/1152
f 711/1/1153 810/2/1153 721/3/1153
f 650/1/1154 720/2/1154 771/3/1154
f 636/1/1155 811/2/1155 733/3/1155
f 714/1/1156 779/2/1156 740/3/1156
f 566/1/1157 811/2/1157 636/3/1157
f 710/1/1158 787/2/1158 767/3/1158
f 698/1/1159 814/2/1159 715/3/1159
f 681/1/1160 794/2/1160 555/3/1160
f 764/1/1161 815/2/1161 622/3/1161
f 756/1/1162 785/2/1162 634/3/1162
f 622/1/1163 815/2/1163 750/3/1163
f 729/1/1164 816/2/1164 672/3/1164
f 672/1/1165 816/2/1165 758/3/1165
f 632/1/1166 817/2/1166 738/3/1166
f 763/1/1167 788/2/1167 702/3/1167
f 751/1/1168 818/2/1168 742/3/1168
f 577/1/1169 744/2/1169 772/3/1169
f 723/1/1170 789/2/1170 662/3/1170
f 677/1/1171 819/2/1171 735/3/1171
f 785/1/1172 792/2/1172 701/3/1172
f 740/1/1173 820/2/1173 773/3/1173
f 813/1/1174 775/2/1174 721/3/1174
f 750/1/1175 797/2/1175 605/3/1175
f 754/1/1176 821/2/1176 722/3/1176
f 582/1/1177 822/2/1177 664/3/1177
f 722/1/1178 821/2/1178 784/3/1178
f 769/1/1179 823/2/1179 783/3/1179
f 568/1/1180 824/2/1180 790/3/1180
f 683/1/1181 824/2/1181 568/3/1181
f 616/1/1182 760/2/1182 689/3/1182
f 595/1/1183 825/2/1183 708/3/1183
f 781/1/1184 811/2/1184 566/3/1184
f 742/1/1185 826/2/1185 753/3/1185
f 610/1/1186 827/2/1186 596/3/1186
f 748/1/1187 828/2/1187 674/3/1187
f 684/1/1188 783/2/1188 751/3/1188
f 651/1/1189 829/2/1189 768/3/1189
f 658/1/1190 804/2/1190 830/3/1190
f 575/1/1191 831/2/1191 747/3/1191
f 775/1/1192 831/2/1192 575/3/1192
f 753/1/1193 832/2/1193 746/3/1193
f 727/1/1194 793/2/1194 643/3/1194
f 746/1/1195 834/2/1195 802/3/1195
f 751/1/1196 835/2/1196 818/3/1196
f 637/1/1197 799/2/1197 588/3/1197
f 697/1/1198 836/2/1198 727/3/1198
f 743/1/1199 837/2/1199 716/3/1199
f 767/1/1200 838/2/1200 806/3/1200
f 599/1/1201 839/2/1201 657/3/1201
f 596/1/1202 839/2/1202 599/3/1202
f 747/1/1203 801/2/1203 586/3/1203
f 739/1/1204 774/2/1204 561/3/1204
f 648/1/1205 757/2/1205 796/3/1205
f 676/1/1206 840/2/1206 741/3/1206
f 674/1/1207 840/2/1207 676/3/1207
f 778/1/1208 707/2/1208 646/3/1208
f 728/1/1209 784/2/1209 805/3/1209
f 766/1/1210 841/2/1210 712/3/1210
f 707/1/1211 842/2/1211 610/3/1211
f 812/1/1212 804/2/1212 557/3/1212
f 613/1/1213 845/2/1213 807/3/1213
f 718/1/1214 845/2/1214 613/3/1214
f 664/1/1215 817/2/1215 632/3/1215
f 741/1/1216 846/2/1216 642/3/1216
f 645/1/1217 819/2/1217 677/3/1217
f 680/1/1218 768/2/1218 800/3/1218
f 787/1/1219 838/2/1219 767/3/1219
f 763/1/1220 847/2/1220 788/3/1220
f 717/1/1221 848/2/1221 696/3/1221
f 712/1/1222 849/2/1222 617/3/1222
f 656/1/1223 850/2/1223 705/3/1223
f 818/1/1224 826/2/1224 742/3/1224
f 780/1/1225 812/2/1225 557/3/1225
f 592/1/1226 801/2/1226 795/3/1226
f 682/1/1227 730/2/1227 757/3/1227
f 752/1/1228 852/2/1228 723/3/1228
f 729/1/1229 851/2/1229 816/3/1229
f 723/1/1230 852/2/1230 789/3/1230
f 618/1/1231 853/2/1231 713/3/1231
f 1289/1/1232 790/2/1232 743/3/1232
f 773/1/1233 854/2/1233 754/3/1233
f 642/1/1234 822/2/1234 582/3/1234
f 746/1/1235 832/2/1235 834/3/1235
f 726/1/1236 810/2/1236 711/3/1236
f 705/1/1237 833/2/1237 718/3/1237
f 761/1/1238 857/2/1238 720/3/1238
f 779/1/1239 820/2/1239 740/3/1239
f 698/1/1240 859/2/1240 814/3/1240
f 735/1/1241 859/2/1241 698/3/1241
f 776/1/1242 893/2/1242 766/3/1242
f 758/1/1243 860/2/1243 769/3/1243
f 769/1/1244 860/2/1244 823/3/1244
f 765/1/1245 844/2/1245 787/3/1245
f 645/1/1246 861/2/1246 819/3/1246
f 791/1/1247 844/2/1247 765/3/1247
f 749/1/1248 862/2/1248 719/3/1248
f 719/1/1249 862/2/1249 809/3/1249
f 671/1/1250 803/2/1250 762/3/1250
f 753/1/1251 826/2/1251 832/3/1251
f 681/1/1252 800/2/1252 794/3/1252
f 549/1/1253 863/2/1253 548/3/1253
f 815/1/1254 797/2/1254 750/3/1254
f 797/1/1255 862/2/1255 749/3/1255
f 788/1/1256 851/2/1256 729/3/1256
f 595/1/1257 770/2/1257 825/3/1257
f 783/1/1258 864/2/1258 751/3/1258
f 637/1/1259 865/2/1259 799/3/1259
f 720/1/1260 866/2/1260 771/3/1260
f 751/1/1261 864/2/1261 835/3/1261
f 849/1/1262 904/2/1262 617/3/1262
f 712/1/1263 841/2/1263 849/3/1263
f 715/1/1264 814/2/1264 803/3/1264
f 747/1/1265 867/2/1265 801/3/1265
f 806/1/1266 847/2/1266 763/3/1266
f 755/1/1267 868/2/1267 726/3/1267
f 685/1/1268 869/2/1268 759/3/1268
f 724/1/1269 869/2/1269 685/3/1269
f 810/1/1270 813/2/1270 721/3/1270
f 820/1/1271 854/2/1271 773/3/1271
f 787/1/1272 870/2/1272 838/3/1272
f 366/1/1273 872/2/1273 779/3/1273
f 778/1/1274 939/2/1274 707/3/1274
f 727/1/1275 873/2/1275 793/3/1275
f 696/1/1276 829/2/1276 651/3/1276
f 734/1/1277 850/2/1277 656/3/1277
f 618/1/1278 904/2/1278 853/3/1278
f 617/1/1279 904/2/1279 618/3/1279
f 697/1/1280 786/2/1280 836/3/1280
f 779/1/1281 875/2/1281 820/3/1281
f 733/1/1282 811/2/1282 808/3/1282
f 726/1/1283 876/2/1283 810/3/1283
f 737/1/1284 858/2/1284 688/3/1284
f 705/1/1285 877/2/1285 833/3/1285
f 795/1/1286 861/2/1286 645/3/1286
f 610/1/1287 842/2/1287 827/3/1287
f 774/1/1288 900/2/1288 776/3/1288
f 642/1/1289 878/2/1289 822/3/1289
f 847/1/1290 851/2/1290 788/3/1290
f 809/1/1291 879/2/1291 748/3/1291
f 748/1/1292 879/2/1292 828/3/1292
f 1290/1/1293 798/2/1293 1275/3/1293
f 739/1/1294 880/2/1294 774/3/1294
f 802/1/1295 880/2/1295 739/3/1295
f 834/1/1296 881/2/1296 802/3/1296
f 754/1/1297 882/2/1297 821/3/1297
f 900/1/1298 774/2/1298 880/3/1298
f 939/1/1299 856/2/1299 707/3/1299
f 706/1/1300 883/2/1300 699/3/1300
f 797/1/1301 884/2/1301 862/3/1301
f 731/1/1302 885/2/1302 843/3/1302
f 657/1/1303 885/2/1303 731/3/1303
f 738/1/1304 865/2/1304 637/3/1304
f 718/1/1305 833/2/1305 845/3/1305
f 596/1/1306 827/2/1306 839/3/1306
f 847/1/1307 886/2/1307 851/3/1307
f 758/1/1308 887/2/1308 860/3/1308
f 816/1/1309 887/2/1309 758/3/1309
f 851/1/1310 888/2/1310 816/3/1310
f 784/1/1311 891/2/1311 805/3/1311
f 801/1/1312 890/2/1312 795/3/1312
f 766/1/1313 892/2/1313 841/3/1313
f 893/1/1314 892/2/1314 766/3/1314
f 806/1/1315 894/2/1315 847/3/1315
f 756/1/1316 896/2/1316 785/3/1316
f 789/1/1317 857/2/1317 761/3/1317
f 889/1/1318 895/2/1318 500/3/1318
f 500/1/1319 895/2/1319 903/3/1319
f 844/1/1320 870/2/1320 787/3/1320
f 1321/1/1321 802/2/1321 881/3/1321
f 732/1/1322 897/2/1322 683/3/1322
f 683/1/1323 897/2/1323 824/3/1323
f 549/1/1324 898/2/1324 863/3/1324
f 759/1/1325 899/2/1325 744/3/1325
f 889/1/1326 510/2/1326 902/3/1326
f 548/1/1327 872/2/1327 366/3/1327
f 900/1/1328 893/2/1328 776/3/1328
f 734/1/1329 901/2/1329 850/3/1329
f 836/1/1330 873/2/1330 727/3/1330
f 823/1/1331 864/2/1331 783/3/1331
f 1321/1/1332 880/2/1332 802/3/1332
f 674/1/1333 905/2/1333 840/3/1333
f 828/1/1334 905/2/1334 674/3/1334
f 906/1/1335 797/2/1335 815/3/1335
f 870/1/1336 907/2/1336 838/3/1336
f 889/1/1337 902/2/1337 895/3/1337
f 799/1/1338 848/2/1338 717/3/1338
f 808/1/1339 908/2/1339 756/3/1339
f 699/1/1340 909/2/1340 760/3/1340
f 829/1/1341 911/2/1341 768/3/1341
f 510/1/1342 912/2/1342 902/3/1342
f 854/1/1343 882/2/1343 754/3/1343
f 914/1/1344 713/2/1344 915/3/1344
f 735/1/1345 913/2/1345 859/3/1345
f 664/1/1346 917/2/1346 817/3/1346
f 822/1/1347 917/2/1347 664/3/1347
f 806/1/1348 838/2/1348 894/3/1348
f 510/1/1349 507/2/1349 912/3/1349
f 839/1/1350 885/2/1350 657/3/1350
f 850/1/1351 877/2/1351 705/3/1351
f 826/1/1352 919/2/1352 832/3/1352
f 832/1/1353 919/2/1353 834/3/1353
f 757/1/1354 918/2/1354 796/3/1354
f 888/1/1355 887/2/1355 816/3/1355
f 919/1/1356 826/2/1356 920/3/1356
f 1241/1/1357 921/2/1357 737/3/1357
f 821/1/1358 891/2/1358 784/3/1358
f 820/1/1359 875/2/1359 854/3/1359
f 741/1/1360 840/2/1360 846/3/1360
f 922/1/1361 778/2/1361 914/3/1361
f 752/1/1362 923/2/1362 852/3/1362
f 847/1/1363 924/2/1363 886/3/1363
f 805/1/1364 923/2/1364 752/3/1364
f 507/1/1365 925/2/1365 912/3/1365
f 1290/1/1366 716/2/1366 798/3/1366
f 902/1/1367 912/2/1367 916/3/1367
f 785/1/1368 927/2/1368 792/3/1368
f 707/1/1369 856/2/1369 842/3/1369
f 747/1/1370 928/2/1370 867/3/1370
f 831/1/1371 928/2/1371 747/3/1371
f 851/1/1372 886/2/1372 888/3/1372
f 846/1/1373 878/2/1373 642/3/1373
f 810/1/1374 929/2/1374 813/3/1374
f 744/1/1375 931/2/1375 772/3/1375
f 713/1/1376 853/2/1376 915/3/1376
f 781/1/1377 871/2/1377 811/3/1377
f 720/1/1378 932/2/1378 866/3/1378
f 857/1/1379 932/2/1379 720/3/1379
f 548/1/1380 863/2/1380 872/3/1380
f 920/1/1381 818/2/1381 933/3/1381
f 713/1/1382 914/2/1382 778/3/1382
f 910/1/1383 870/2/1383 844/3/1383
f 895/1/1384 934/2/1384 903/3/1384
f 813/1/1385 935/2/1385 775/3/1385
f 775/1/1386 935/2/1386 831/3/1386
f 870/1/1387 937/2/1387 907/3/1387
f 807/1/1388 938/2/1388 755/3/1388
f 771/1/1389 936/2/1389 732/3/1389
f 755/1/1390 938/2/1390 868/3/1390
f 818/1/1391 920/2/1391 826/3/1391
f 778/1/1392 922/2/1392 939/3/1392
f 839/1/1393 940/2/1393 885/3/1393
f 908/1/1394 896/2/1394 756/3/1394
f 789/1/1395 941/2/1395 857/3/1395
f 507/1/1396 942/2/1396 925/3/1396
f 793/1/1397 855/2/1397 624/3/1397
f 861/1/1398 943/2/1398 819/3/1398
f 696/1/1399 848/2/1399 829/3/1399
f 895/1/1400 944/2/1400 934/3/1400
f 792/1/1401 901/2/1401 734/3/1401
f 902/1/1402 944/2/1402 895/3/1402
f 507/1/1403 508/2/1403 942/3/1403
f 779/1/1404 872/2/1404 875/3/1404
f 823/1/1405 945/2/1405 864/3/1405
f 814/1/1406 947/2/1406 803/3/1406
f 894/1/1407 924/2/1407 847/3/1407
f 730/1/1408 948/2/1408 757/3/1408
f 864/1/1409 933/2/1409 835/3/1409
f 946/1/1410 933/2/1410 864/3/1410
f 835/1/1411 933/2/1411 818/3/1411
f 706/1/1412 949/2/1412 883/3/1412
f 842/1/1413 953/2/1413 827/3/1413
f 902/1/1414 950/2/1414 944/3/1414
f 726/1/1415 868/2/1415 876/3/1415
f 745/1/1416 926/2/1416 659/3/1416
f 903/1/1417 934/2/1417 952/3/1417
f 916/1/1418 950/2/1418 902/3/1418
f 460/1/1419 951/2/1419 508/3/1419
f 870/1/1420 910/2/1420 937/3/1420
f 762/1/1421 955/2/1421 786/3/1421
f 838/1/1422 907/2/1422 894/3/1422
f 803/1/1423 956/2/1423 762/3/1423
f 830/1/1424 745/2/1424 658/3/1424
f 508/1/1425 951/2/1425 942/3/1425
f 860/1/1426 945/2/1426 823/3/1426
f 811/1/1427 908/2/1427 808/3/1427
f 957/1/1428 946/2/1428 864/3/1428
f 819/1/1429 913/2/1429 735/3/1429
f 708/1/1430 930/2/1430 782/3/1430
f 862/1/1431 879/2/1431 809/3/1431
f 886/1/1432 958/2/1432 888/3/1432
f 912/1/1433 959/2/1433 916/3/1433
f 797/1/1434 906/2/1434 884/3/1434
f 732/1/1435 936/2/1435 897/3/1435
f 738/1/1436 960/2/1436 865/3/1436
f 827/1/1437 954/2/1437 839/3/1437
f 760/1/1438 780/2/1438 689/3/1438
f 839/1/1439 954/2/1439 940/3/1439
f 953/1/1440 954/2/1440 827/3/1440
f 940/1/1441 961/2/1441 885/3/1441
f 799/1/1442 962/2/1442 848/3/1442
f 864/1/1443 945/2/1443 957/3/1443
f 790/1/1444 963/2/1444 743/3/1444
f 724/1/1445 964/2/1445 869/3/1445
f 796/1/1446 964/2/1446 724/3/1446
f 860/1/1447 965/2/1447 945/3/1447
f 659/1/1448 926/2/1448 966/3/1448
f 910/1/1449 967/2/1449 937/3/1449
f 877/1/1450 968/2/1450 833/3/1450
f 843/1/1451 885/2/1451 874/3/1451
f 817/1/1452 969/2/1452 738/3/1452
f 925/1/1453 959/2/1453 912/3/1453
f 907/1/1454 970/2/1454 894/3/1454
f 624/1/1455 921/2/1455 1241/3/1455
f 833/1/1456 971/2/1456 845/3/1456
f 934/1/1457 944/2/1457 952/3/1457
f 888/1/1458 972/2/1458 887/3/1458
f 887/1/1459 965/2/1459 860/3/1459
f 925/1/1460 973/2/1460 959/3/1460
f 942/1/1461 973/2/1461 925/3/1461
f 699/1/1462 883/2/1462 909/3/1462
f 924/1/1463 974/2/1463 886/3/1463
f 886/1/1464 974/2/1464 958/3/1464
f 805/1/1465 975/2/1465 923/3/1465
f 891/1/1466 975/2/1466 805/3/1466
f 916/1/1467 959/2/1467 950/3/1467
f 894/1/1468 976/2/1468 924/3/1468
f 792/1/1469 977/2/1469 901/3/1469
f 958/1/1470 972/2/1470 888/3/1470
f 768/1/1471 979/2/1471 800/3/1471
f 937/1/1472 970/2/1472 907/3/1472
f 759/1/1473 980/2/1473 899/3/1473
f 972/1/1474 978/2/1474 887/3/1474
f 887/1/1475 978/2/1475 965/3/1475
f 951/1/1476 973/2/1476 942/3/1476
f 982/1/1477 884/2/1477 906/3/1477
f 845/1/1478 983/2/1478 807/3/1478
f 807/1/1479 983/2/1479 938/3/1479
f 852/1/1480 941/2/1480 789/3/1480
f 894/1/1481 984/2/1481 976/3/1481
f 970/1/1482 984/2/1482 894/3/1482
f 967/1/1483 981/2/1483 937/3/1483
f 937/1/1484 981/2/1484 970/3/1484
f 951/1/1485 985/2/1485 973/3/1485
f 890/1/1486 986/2/1486 795/3/1486
f 795/1/1487 986/2/1487 861/3/1487
f 821/1/1488 987/2/1488 891/3/1488
f 879/1/1489 988/2/1489 828/3/1489
f 924/1/1490 976/2/1490 974/3/1490
f 828/1/1491 988/2/1491 905/3/1491
f 772/1/1492 949/2/1492 706/3/1492
f 1329/1/1493 974/2/1493 989/3/1493
f 928/1/1494 990/2/1494 867/3/1494
f 810/1/1495 876/2/1495 929/3/1495
f 771/1/1496 866/2/1496 936/3/1496
f 801/1/1497 867/2/1497 890/3/1497
f 974/1/1498 1329/2/1498 958/3/1498
f 958/1/1499 1329/2/1499 972/3/1499
f 959/1/1500 991/2/1500 950/3/1500
f 984/1/1501 992/2/1501 976/3/1501
f 896/1/1502 993/2/1502 785/3/1502
f 785/1/1503 993/2/1503 927/3/1503
f 970/1/1504 995/2/1504 984/3/1504
f 981/1/1505 995/2/1505 970/3/1505
f 738/1/1506 969/2/1506 960/3/1506
f 976/1/1507 989/2/1507 974/3/1507
f 950/1/1508 1006/2/1508 944/3/1508
f 951/1/1509 996/2/1509 985/3/1509
f 878/1/1510 997/2/1510 822/3/1510
f 822/1/1511 997/2/1511 917/3/1511
f 461/1/1512 996/2/1512 951/3/1512
f 992/1/1513 998/2/1513 976/3/1513
f 708/1/1514 825/2/1514 930/3/1514
f 981/1/1515 994/2/1515 995/3/1515
f 959/1/1516 999/2/1516 991/3/1516
f 976/1/1517 998/2/1517 989/3/1517
f 973/1/1518 999/2/1518 959/3/1518
f 995/1/1519 992/2/1519 984/3/1519
f 995/1/1520 1322/2/1520 992/3/1520
f 744/1/1521 899/2/1521 931/3/1521
f 1322/1/1522 995/2/1522 1001/3/1522
f 762/1/1523 956/2/1523 955/3/1523
f 760/1/1524 1000/2/1524 780/3/1524
f 948/1/1525 918/2/1525 757/3/1525
f 995/1/1526 994/2/1526 1001/3/1526
f 1001/1/1527 994/2/1527 1002/3/1527
f 863/1/1528 1003/2/1528 872/3/1528
f 811/1/1529 1004/2/1529 908/3/1529
f 871/1/1530 1004/2/1530 811/3/1530
f 944/1/1531 1006/2/1531 952/3/1531
f 332/1/1532 1007/2/1532 461/3/1532
f 859/1/1533 1008/2/1533 814/3/1533
f 814/1/1534 1008/2/1534 947/3/1534
f 461/1/1535 1007/2/1535 996/3/1535
f 865/1/1536 962/2/1536 799/3/1536
f 882/1/1537 987/2/1537 821/3/1537
f 943/1/1538 913/2/1538 819/3/1538
f 927/1/1539 977/2/1539 792/3/1539
f 803/1/1540 947/2/1540 956/3/1540
f 932/1/1541 1010/2/1541 866/3/1541
f 973/1/1542 985/2/1542 1009/3/1542
f 790/1/1543 824/2/1543 963/3/1543
f 872/1/1544 1011/2/1544 875/3/1544
f 918/1/1545 1012/2/1545 796/3/1545
f 796/1/1546 1012/2/1546 964/3/1546
f 973/1/1547 1009/2/1547 999/3/1547
f 862/1/1548 1013/2/1548 879/3/1548
f 866/1/1549 1014/2/1549 936/3/1549
f 831/1/1550 1015/2/1550 928/3/1550
f 800/1/1551 1016/2/1551 794/3/1551
f 250/1/1552 1007/2/1552 332/3/1552
f 901/1/1553 1017/2/1553 850/3/1553
f 624/1/1554 855/2/1554 921/3/1554
f 817/1/1555 917/2/1555 969/3/1555
f 861/1/1556 1018/2/1556 943/3/1556
f 950/1/1557 1019/2/1557 1006/3/1557
f 991/1/1558 1019/2/1558 950/3/1558
f 875/1/1559 1020/2/1559 854/3/1559
f 952/1/1560 1006/2/1560 1021/3/1560
f 857/1/1561 1022/2/1561 932/3/1561
f 941/1/1562 1022/2/1562 857/3/1562
f 852/1/1563 1023/2/1563 941/3/1563
f 730/1/1564 1024/2/1564 948/3/1564
f 891/1/1565 1025/2/1565 975/3/1565
f 250/1/1566 1026/2/1566 1007/3/1566
f 868/1/1567 1027/2/1567 876/3/1567
f 991/1/1568 1029/2/1568 1019/3/1568
f 985/1/1569 1030/2/1569 1009/3/1569
f 996/1/1570 1030/2/1570 985/3/1570
f 850/1/1571 1031/2/1571 877/3/1571
f 882/1/1572 1032/2/1572 987/3/1572
f 877/1/1573 1031/2/1573 968/3/1573
f 854/1/1574 1020/2/1574 882/3/1574
f 833/1/1575 968/2/1575 971/3/1575
f 865/1/1576 1033/2/1576 962/3/1576
f 1006/1/1577 1028/2/1577 1021/3/1577
f 124/1/1578 1034/2/1578 898/3/1578
f 991/1/1579 1035/2/1579 1029/3/1579
f 999/1/1580 1035/2/1580 991/3/1580
f 804/1/1581 1036/2/1581 830/3/1581
f 250/1/1582 251/2/1582 1026/3/1582
f 955/1/1583 1037/2/1583 786/3/1583
f 935/1/1584 1015/2/1584 831/3/1584
f 909/1/1585 1000/2/1585 760/3/1585
f 813/1/1586 1038/2/1586 935/3/1586
f 743/1/1587 963/2/1587 837/3/1587
f 929/1/1588 1038/2/1588 813/3/1588
f 996/1/1589 1039/2/1589 1030/3/1589
f 1007/1/1590 1039/2/1590 996/3/1590
f 780/1/1591 1040/2/1591 812/3/1591
f 1009/1/1592 1041/2/1592 999/3/1592
f 999/1/1593 1041/2/1593 1035/3/1593
f 848/1/1594 1042/2/1594 829/3/1594
f 1006/1/1595 1019/2/1595 1028/3/1595
f 829/1/1596 1042/2/1596 911/3/1596
f 971/1/1597 983/2/1597 845/3/1597
f 898/1/1598 1003/2/1598 863/3/1598
f 931/1/1599 1043/2/1599 772/3/1599
f 772/1/1600 1043/2/1600 949/3/1600
f 840/1/1601 1044/2/1601 846/3/1601
f 884/1/1602 1013/2/1602 862/3/1602
f 869/1/1603 980/2/1603 759/3/1603
f 794/1/1604 1024/2/1604 730/3/1604
f 977/1/1605 1017/2/1605 901/3/1605
f 768/1/1606 1045/2/1606 979/3/1606
f 911/1/1607 1045/2/1607 768/3/1607
f 745/1/1608 1046/2/1608 926/3/1608
f 1009/1/1609 1048/2/1609 1041/3/1609
f 251/1/1610 1049/2/1610 1026/3/1610
f 983/1/1611 1050/2/1611 938/3/1611
f 987/1/1612 1025/2/1612 891/3/1612
f 1021/1/1613 1028/2/1613 1051/3/1613
f 923/1/1614 1023/2/1614 852/3/1614
f 1030/1/1615 1048/2/1615 1009/3/1615
f 859/1/1616 1052/2/1616 1008/3/1616
f 1026/1/1617 1053/2/1617 1007/3/1617
f 1007/1/1618 1053/2/1618 1039/3/1618
f 986/1/1619 1018/2/1619 861/3/1619
f 980/1/1620 1054/2/1620 899/3/1620
f 544/1/1621 1049/2/1621 251/3/1621
f 867/1/1622 1055/2/1622 890/3/1622
f 890/1/1623 1055/2/1623 986/3/1623
f 872/1/1624 1057/2/1624 1011/3/1624
f 1003/1/1625 1057/2/1625 872/3/1625
f 878/1/1626 1058/2/1626 997/3/1626
f 876/1/1627 1027/2/1627 929/3/1627
f 846/1/1628 1058/2/1628 878/3/1628
f 782/1/1629 1059/2/1629 1005/3/1629
f 982/1/1630 5668/2/1630 884/3/1630
f 930/1/1631 1059/2/1631 782/3/1631
f 884/1/1632 5668/2/1632 1013/3/1632
f 988/1/1633 1060/2/1633 905/3/1633
f 1019/1/1634 1061/2/1634 1028/3/1634
f 1039/1/1635 1062/2/1635 1030/3/1635
f 1030/1/1636 1062/2/1636 1048/3/1636
f 908/1/1637 1063/2/1637 896/3/1637
f 896/1/1638 1063/2/1638 993/3/1638
f 917/1/1639 1064/2/1639 969/3/1639
f 1026/1/1640 1065/2/1640 1053/3/1640
f 1049/1/1641 1065/2/1641 1026/3/1641
f 786/1/1642 1037/2/1642 836/3/1642
f 800/1/1643 979/2/1643 1016/3/1643
f 977/1/1644 1066/2/1644 1017/3/1644
f 987/1/1645 1067/2/1645 1025/3/1645
f 1035/1/1646 1068/2/1646 1029/3/1646
f 947/1/1647 1069/2/1647 956/3/1647
f 875/1/1648 1011/2/1648 1020/3/1648
f 866/1/1649 1010/2/1649 1014/3/1649
f 1029/1/1650 1061/2/1650 1019/3/1650
f 993/1/1651 1070/2/1651 927/3/1651
f 927/1/1652 1070/2/1652 977/3/1652
f 868/1/1653 1071/2/1653 1027/3/1653
f 830/1/1654 1046/2/1654 745/3/1654
f 938/1/1655 1071/2/1655 868/3/1655
f 935/1/1656 1072/2/1656 1015/3/1656
f 905/1/1657 1044/2/1657 840/3/1657
f 1039/1/1658 1073/2/1658 1062/3/1658
f 960/1/1659 1033/2/1659 865/3/1659
f 824/1/1660 1074/2/1660 963/3/1660
f 1017/1/1661 1031/2/1661 850/3/1661
f 869/1/1662 1075/2/1662 980/3/1662
f 1029/1/1663 1068/2/1663 1061/3/1663
f 1041/1/1664 1076/2/1664 1035/3/1664
f 124/1/1665 1077/2/1665 1034/3/1665
f 1031/1/1666 1078/2/1666 968/3/1666
f 1049/1/1667 1079/2/1667 1065/3/1667
f 544/1/1668 1079/2/1668 1049/3/1668
f 1039/1/1669 1080/2/1669 1073/3/1669
f 1053/1/1670 1080/2/1670 1039/3/1670
f 793/1/1671 1047/2/1671 855/3/1671
f 928/1/1672 1081/2/1672 990/3/1672
f 522/1/1673 1082/2/1673 544/3/1673
f 1032/1/1674 1067/2/1674 987/3/1674
f 898/1/1675 1034/2/1675 1003/3/1675
f 1035/1/1676 1076/2/1676 1068/3/1676
f 798/1/1677 1105/2/1677 770/3/1677
f 1023/1/1678 1085/2/1678 941/3/1678
f 737/1/1679 1084/2/1679 858/3/1679
f 941/1/1680 1085/2/1680 1022/3/1680
f 1048/1/1681 1087/2/1681 1041/3/1681
f 986/1/1682 1086/2/1682 1018/3/1682
f 969/1/1683 1056/2/1683 960/3/1683
f 1013/1/1684 1088/2/1684 879/3/1684
f 879/1/1685 1088/2/1685 988/3/1685
f 1064/1/1686 1056/2/1686 969/3/1686
f 1020/1/1687 1089/2/1687 882/3/1687
f 882/1/1688 1089/2/1688 1032/3/1688
f 522/1/1689 1090/2/1689 1082/3/1689
f 716/1/1690 1091/2/1690 798/3/1690
f 943/1/1691 1083/2/1691 913/3/1691
f 544/1/1692 1082/2/1692 1079/3/1692
f 932/1/1693 1093/2/1693 1010/3/1693
f 432/1/1694 1090/2/1694 522/3/1694
f 846/1/1695 1094/2/1695 1058/3/1695
f 1053/1/1696 1095/2/1696 1080/3/1696
f 1065/1/1697 1095/2/1697 1053/3/1697
f 983/1/1698 1096/2/1698 1050/3/1698
f 794/1/1699 1016/2/1699 1024/3/1699
f 1061/1/1700 1097/2/1700 1028/3/1700
f 1028/1/1701 1097/2/1701 1051/3/1701
f 975/1/1702 1098/2/1702 923/3/1702
f 923/1/1703 1098/2/1703 1023/3/1703
f 997/1/1704 1064/2/1704 917/3/1704
f 1041/1/1705 1087/2/1705 1076/3/1705
f 804/1/1706 1099/2/1706 1036/3/1706
f 812/1/1707 1099/2/1707 804/3/1707
f 921/1/1708 1100/2/1708 737/3/1708
f 990/1/1709 1055/2/1709 867/3/1709
f 1004/1/1710 1063/2/1710 908/3/1710
f 928/1/1711 1015/2/1711 1081/3/1711
f 1011/1/1712 1101/2/1712 1020/3/1712
f 918/1/1713 1103/2/1713 1012/3/1713
f 948/1/1714 1103/2/1714 918/3/1714
f 127/1/1715 1077/2/1715 124/3/1715
f 1068/1/1716 1097/2/1716 1061/3/1716
f 964/1/1717 1075/2/1717 869/3/1717
f 913/1/1718 1052/2/1718 859/3/1718
f 938/1/1719 1050/2/1719 1071/3/1719
f 830/1/1720 1036/2/1720 1046/3/1720
f 1033/1/1721 1106/2/1721 962/3/1721
f 770/1/1722 1105/2/1722 825/3/1722
f 929/1/1723 1107/2/1723 1038/3/1723
f 1027/1/1724 1107/2/1724 929/3/1724
f 1068/1/1725 1108/2/1725 1097/3/1725
f 968/1/1726 1109/2/1726 971/3/1726
f 1095/1/1727 1110/2/1727 1080/3/1727
f 1079/1/1728 1111/2/1728 1065/3/1728
f 1065/1/1729 1111/2/1729 1095/3/1729
f 432/1/1730 1112/2/1730 1090/3/1730
f 909/1/1731 1113/2/1731 1000/3/1731
f 935/1/1732 1114/2/1732 1072/3/1732
f 1038/1/1733 1114/2/1733 935/3/1733
f 1048/1/1734 1116/2/1734 1087/3/1734
f 988/1/1735 1115/2/1735 1060/3/1735
f 5668/1/1736 1088/2/1736 1013/3/1736
f 1062/1/1737 1116/2/1737 1048/3/1737
f 1076/1/1738 1108/2/1738 1068/3/1738
f 1055/1/1739 1086/2/1739 986/3/1739
f 1073/1/1740 1117/2/1740 1062/3/1740
f 780/1/1741 1000/2/1741 1040/3/1741
f 899/1/1742 1118/2/1742 931/3/1742
f 931/1/1743 1118/2/1743 1043/3/1743
f 1004/1/1744 1119/2/1744 1063/3/1744
f 873/1/1745 1047/2/1745 793/3/1745
f 1022/1/1746 1093/2/1746 932/3/1746
f 971/1/1747 1096/2/1747 983/3/1747
f 737/1/1679 1100/2/1679 1084/3/1679
f 963/1/1748 1120/2/1748 837/3/1748
f 1051/1/1749 1097/2/1749 1092/3/1749
f 993/1/1750 1121/2/1750 1070/3/1750
f 1063/1/1751 1121/2/1751 993/3/1751
f 1079/1/1752 1122/2/1752 1111/3/1752
f 1044/1/1753 1094/2/1753 846/3/1753
f 1082/1/1754 1122/2/1754 1079/3/1754
f 1073/1/1755 1080/2/1755 1117/3/1755
f 977/1/1756 1123/2/1756 1066/3/1756
f 1070/1/1757 1123/2/1757 977/3/1757
f 1062/1/1758 1117/2/1758 1116/3/1758
f 432/1/1759 349/2/1759 1112/3/1759
f 848/1/1760 1125/2/1760 1042/3/1760
f 1031/1/1761 1126/2/1761 1078/3/1761
f 962/1/1762 1125/2/1762 848/3/1762
f 1090/1/1763 1112/2/1763 1082/3/1763
f 127/1/1764 136/2/1764 1077/3/1764
f 1018/1/1765 1104/2/1765 943/3/1765
f 1060/1/1766 1044/2/1766 905/3/1766
f 716/1/1767 837/2/1767 1091/3/1767
f 926/1/1768 1127/2/1768 966/3/1768
f 1076/1/1769 1128/2/1769 1108/3/1769
f 960/1/1770 1129/2/1770 1033/3/1770
f 1108/1/1771 1130/2/1771 1097/3/1771
f 1018/1/1772 1086/2/1772 1104/3/1772
f 1078/1/1773 1109/2/1773 968/3/1773
f 990/1/1774 1131/2/1774 1055/3/1774
f 1076/1/1775 1132/2/1775 1128/3/1775
f 1087/1/1776 1132/2/1776 1076/3/1776
f 824/1/1777 1133/2/1777 1074/3/1777
f 897/1/1778 1133/2/1778 824/3/1778
f 1083/1/1779 1134/2/1779 913/3/1779
f 913/1/1780 1134/2/1780 1052/3/1780
f 1040/1/1781 1099/2/1781 812/3/1781
f 1095/1/1782 1111/2/1782 1110/3/1782
f 979/1/1783 1135/2/1783 1016/3/1783
f 911/1/1784 1136/2/1784 1045/3/1784
f 1042/1/1785 1136/2/1785 911/3/1785
f 966/1/1786 1137/2/1786 1102/3/1786
f 1034/1/1787 1141/2/1787 1003/3/1787
f 1060/1/1788 1138/2/1788 1044/3/1788
f 1112/1/1789 1139/2/1789 1082/3/1789
f 1066/1/1790 1140/2/1790 1017/3/1790
f 1003/1/1791 1141/2/1791 1057/3/1791
f 1110/1/1792 1142/2/1792 1080/3/1792
f 1080/1/1793 1142/2/1793 1117/3/1793
f 1012/1/1794 1143/2/1794 964/3/1794
f 964/1/1795 1143/2/1795 1075/3/1795
f 1017/1/1796 1126/2/1796 1031/3/1796
f 1089/1/1797 1144/2/1797 1032/3/1797
f 1011/1/1798 1145/2/1798 1101/3/1798
f 1057/1/1799 1145/2/1799 1011/3/1799
f 883/1/1800 1146/2/1800 909/3/1800
f 1116/1/1801 1147/2/1801 1087/3/1801
f 1087/1/1802 1147/2/1802 1132/3/1802
f 949/1/1803 1146/2/1803 883/3/1803
f 1108/1/1804 1128/2/1804 1130/3/1804
f 1027/1/1805 1148/2/1805 1107/3/1805
f 1071/1/1806 1148/2/1806 1027/3/1806
f 1008/1/1807 1149/2/1807 947/3/1807
f 997/1/1808 1150/2/1808 1064/3/1808
f 1044/1/1809 1151/2/1809 1094/3/1809
f 1010/1/1810 1152/2/1810 1014/3/1810
f 1015/1/1811 1153/2/1811 1081/3/1811
f 1072/1/1812 1153/2/1812 1015/3/1812
f 1117/1/1813 1147/2/1813 1116/3/1813
f 1055/1/1814 1154/2/1814 1086/3/1814
f 1022/1/1815 1155/2/1815 1093/3/1815
f 1088/1/1816 1115/2/1816 988/3/1816
f 353/1/1817 1156/2/1817 349/3/1817
f 1119/1/1818 1121/2/1818 1063/3/1818
f 963/1/1819 1074/2/1819 1120/3/1819
f 1112/1/1820 1157/2/1820 1139/3/1820
f 349/1/1821 1157/2/1821 1112/3/1821
f 1020/1/1822 1101/2/1822 1089/3/1822
f 1056/1/1823 1129/2/1823 960/3/1823
f 1016/1/1824 1158/2/1824 1024/3/1824
f 1023/1/1825 1160/2/1825 1085/3/1825
f 1098/1/1826 1160/2/1826 1023/3/1826
f 1025/1/1827 1098/2/1827 975/3/1827
f 948/1/1828 1161/2/1828 1103/3/1828
f 1096/1/1829 1071/2/1829 1050/3/1829
f 1081/1/1830 1131/2/1830 990/3/1830
f 956/1/1831 1069/2/1831 955/3/1831
f 1082/1/1832 1139/2/1832 1122/3/1832
f 1109/1/1833 1162/2/1833 971/3/1833
f 971/1/1834 1162/2/1834 1096/3/1834
f 1117/1/1835 1163/2/1835 1147/3/1835
f 1103/1/1836 1124/2/1836 1012/3/1836
f 1128/1/1837 1159/2/1837 1130/3/1837
f 1036/1/1838 1164/2/1838 1046/3/1838
f 1046/1/1839 1127/2/1839 926/3/1839
f 1099/1/1840 1165/2/1840 1036/3/1840
f 947/1/1841 1166/2/1841 1069/3/1841
f 1111/1/1782 1167/2/1782 1110/3/1782
f 1110/1/1842 1167/2/1842 1142/3/1842
f 1054/1/1843 1118/2/1843 899/3/1843
f 873/1/1844 1205/2/1844 1047/3/1844
f 836/1/1845 1205/2/1845 873/3/1845
f 1034/1/1846 1169/2/1846 1141/3/1846
f 1017/1/1847 1140/2/1847 1126/3/1847
f 855/1/1848 1047/2/1848 921/3/1848
f 1037/1/1849 606/2/1849 836/3/1849
f 1059/1/1850 593/2/1850 1005/3/1850
f 1114/1/1851 1153/2/1851 1072/3/1851
f 1118/1/1852 1170/2/1852 1043/3/1852
f 1117/1/1853 1171/2/1853 1163/3/1853
f 1070/1/1854 1121/2/1854 1123/3/1854
f 943/1/1855 1104/2/1855 1083/3/1855
f 349/1/1856 1156/2/1856 1157/3/1856
f 1081/1/1857 1173/2/1857 1131/3/1857
f 353/1/1858 1174/2/1858 1156/3/1858
f 351/1/1859 1174/2/1859 353/3/1859
f 1115/1/1860 1138/2/1860 1060/3/1860
f 909/1/1861 1146/2/1861 1113/3/1861
f 980/1/1862 1176/2/1862 1054/3/1862
f 1066/1/1863 1123/2/1863 1140/3/1863
f 1025/1/1864 1177/2/1864 1098/3/1864
f 1142/1/1865 1171/2/1865 1117/3/1865
f 1135/1/1866 1158/2/1866 1016/3/1866
f 897/1/1867 1178/2/1867 1133/3/1867
f 1038/1/1868 1179/2/1868 1114/3/1868
f 936/1/1869 1178/2/1869 897/3/1869
f 1107/1/1870 1179/2/1870 1038/3/1870
f 1024/1/1871 1161/2/1871 948/3/1871
f 1088/1/1872 1180/2/1872 1115/3/1872
f 1058/1/1873 1150/2/1873 997/3/1873
f 1122/1/1874 1181/2/1874 1111/3/1874
f 1111/1/1875 1181/2/1875 1167/3/1875
f 352/1/1876 1174/2/1876 351/3/1876
f 1086/1/1877 1182/2/1877 1104/3/1877
f 1096/1/1878 1183/2/1878 1071/3/1878
f 1069/1/1879 1184/2/1879 955/3/1879
f 1106/1/1880 1125/2/1880 962/3/1880
f 1040/1/1881 1185/2/1881 1099/3/1881
f 136/1/1882 1186/2/1882 1077/3/1882
f 1032/1/1883 1187/2/1883 1067/3/1883
f 1056/1/1884 1188/2/1884 1129/3/1884
f 1125/1/1885 1189/2/1885 1042/3/1885
f 1010/1/1886 1190/2/1886 1152/3/1886
f 1022/1/1887 1085/2/1887 1155/3/1887
f 1142/1/1888 1191/2/1888 1171/3/1888
f 1012/1/1889 1124/2/1889 1143/3/1889
f 1097/1/1890 1130/2/1890 1092/3/1890
f 837/1/1891 1192/2/1891 1091/3/1891
f 1055/1/1892 1131/2/1892 1154/3/1892
f 966/1/1893 1102/2/1893 1172/3/1893
f 1047/1/1894 1193/2/1894 921/3/1894
f 1119/1/1895 1194/2/1895 1121/3/1895
f 1077/1/1896 1169/2/1896 1034/3/1896
f 1045/1/1897 1195/2/1897 979/3/1897
f 979/1/1898 1195/2/1898 1135/3/1898
f 949/1/1899 1196/2/1899 1146/3/1899
f 1043/1/1900 1196/2/1900 949/3/1900
f 1114/1/1901 1197/2/1901 1153/3/1901
f 1122/1/1902 1139/2/1902 1181/3/1902
f 1067/1/1903 1177/2/1903 1025/3/1903
f 1127/1/1904 1137/2/1904 966/3/1904
f 1174/1/1905 1198/2/1905 1156/3/1905
f 1052/1/1906 1199/2/1906 1008/3/1906
f 1005/1/1907 1200/2/1907 1168/3/1907
f 1166/1/1908 1184/2/1908 1069/3/1908
f 1098/1/1909 1201/2/1909 1160/3/1909
f 1103/1/1910 1161/2/1910 1124/3/1910
f 1128/1/1911 1202/2/1911 1159/3/1911
f 155/1/1912 1175/2/1912 136/3/1912
f 1104/1/1913 1203/2/1913 1083/3/1913
f 1033/1/1914 1204/2/1914 1106/3/1914
f 1129/1/1915 1204/2/1915 1033/3/1915
f 606/1/1916 1205/2/1916 836/3/1916
f 1144/1/1917 1187/2/1917 1032/3/1917
f 1044/1/1918 1206/2/1918 1151/3/1918
f 1138/1/1919 1206/2/1919 1044/3/1919
f 1139/1/1920 1208/2/1920 1181/3/1920
f 1075/1/1921 1143/2/1921 980/3/1921
f 1130/1/1922 1209/2/1922 1092/3/1922
f 1109/1/1923 1210/2/1923 1162/3/1923
f 1078/1/1924 1210/2/1924 1109/3/1924
f 955/1/1925 1184/2/1925 1037/3/1925
f 1149/1/1926 1166/2/1926 947/3/1926
f 1141/1/1927 1211/2/1927 1057/3/1927
f 1057/1/1928 1211/2/1928 1145/3/1928
f 1058/1/1929 1212/2/1929 1150/3/1929
f 980/1/1930 1213/2/1930 1176/3/1930
f 1153/1/1931 1173/2/1931 1081/3/1931
f 1085/1/1932 1214/2/1932 1155/3/1932
f 1156/1/1933 1215/2/1933 1157/3/1933
f 1000/1/1934 1185/2/1934 1040/3/1934
f 593/1/1935 1200/2/1935 1005/3/1935
f 352/1/1936 1216/2/1936 1174/3/1936
f 1142/1/1937 1217/2/1937 1191/3/1937
f 1167/1/1938 1217/2/1938 1142/3/1938
f 1134/1/1939 1207/2/1939 1052/3/1939
f 1064/1/1940 1188/2/1940 1056/3/1940
f 1054/1/1941 1176/2/1941 1118/3/1941
f 1077/1/1942 1219/2/1942 1169/3/1942
f 1186/1/1943 1219/2/1943 1077/3/1943
f 1180/1/1944 1220/2/1944 1115/3/1944
f 1115/1/1945 1220/2/1945 1138/3/1945
f 1132/1/1946 1202/2/1946 1128/3/1946
f 1148/1/1947 1222/2/1947 1107/3/1947
f 1107/1/1948 1222/2/1948 1179/3/1948
f 1101/1/1949 1223/2/1949 1089/3/1949
f 1089/1/1950 1223/2/1950 1144/3/1950
f 1106/1/1951 1224/2/1951 1125/3/1951
f 1083/1/1952 1203/2/1952 1134/3/1952
f 1042/1/1953 1189/2/1953 1136/3/1953
f 1036/1/1954 1165/2/1954 1164/3/1954
f 1130/1/1955 1225/2/1955 1209/3/1955
f 1096/1/1956 1227/2/1956 1183/3/1956
f 1146/1/1957 1228/2/1957 1113/3/1957
f 1123/1/1958 1218/2/1958 1140/3/1958
f 1093/1/1959 1190/2/1959 1010/3/1959
f 1071/1/1960 1183/2/1960 1148/3/1960
f 1024/1/1961 1158/2/1961 1161/3/1961
f 936/1/1962 1229/2/1962 1178/3/1962
f 1157/1/1963 1230/2/1963 1139/3/1963
f 1121/1/1964 1231/2/1964 1123/3/1964
f 1014/1/1965 1229/2/1965 936/3/1965
f 1139/1/1966 1230/2/1966 1208/3/1966
f 1008/1/1967 1199/2/1967 1149/3/1967
f 1191/1/1968 1232/2/1968 1171/3/1968
f 155/1/1969 161/2/1969 1175/3/1969
f 1207/1/1970 1199/2/1970 1052/3/1970
f 1173/1/1971 1233/2/1971 1131/3/1971
f 352/1/1972 1234/2/1972 1216/3/1972
f 1104/1/1973 1182/2/1973 1203/3/1973
f 1167/1/1974 1235/2/1974 1217/3/1974
f 1181/1/1975 1235/2/1975 1167/3/1975
f 1130/1/1976 1159/2/1976 1225/3/1976
f 1150/1/1977 1236/2/1977 1064/3/1977
f 1175/1/1978 1186/2/1978 136/3/1978
f 1131/1/1979 1237/2/1979 1154/3/1979
f 436/1/1980 1234/2/1980 352/3/1980
f 1094/1/1981 1212/2/1981 1058/3/1981
f 1198/1/1982 1238/2/1982 1156/3/1982
f 1156/1/1983 1238/2/1983 1215/3/1983
f 1147/1/1984 1239/2/1984 1132/3/1984
f 1132/1/1985 1239/2/1985 1202/3/1985
f 1143/1/1986 1213/2/1986 980/3/1986
f 1067/1/1987 1187/2/1987 1177/3/1987
f 1174/1/1988 1216/2/1988 1198/3/1988
f 1138/1/1989 1220/2/1989 1221/3/1989
f 1064/1/1990 1236/2/1990 1188/3/1990
f 1140/1/1991 1242/2/1991 1126/3/1991
f 1125/1/1992 1243/2/1992 1189/3/1992
f 1162/1/1993 1227/2/1993 1096/3/1993
f 1154/1/1994 1237/2/1994 1086/3/1994
f 1086/1/1995 1237/2/1995 1182/3/1995
f 1153/1/1996 1244/2/1996 1173/3/1996
f 436/1/1997 1245/2/1997 1234/3/1997
f 1177/1/1998 1201/2/1998 1098/3/1998
f 1120/1/1999 577/2/1999 837/3/1999
f 837/1/2000 577/2/2000 1192/3/2000
f 1157/1/2001 1246/2/2001 1230/3/2001
f 1126/1/2002 1210/2/2002 1078/3/2002
f 1215/1/2003 1246/2/2003 1157/3/2003
f 1138/1/2004 1221/2/2004 1206/3/2004
f 1124/1/2005 578/2/2005 1143/3/2005
f 1179/1/2006 1247/2/2006 1114/3/2006
f 1114/1/2007 1247/2/2007 1197/3/2007
f 1113/1/2008 1248/2/2008 1000/3/2008
f 1000/1/2009 1248/2/2009 1185/3/2009
f 1163/1/2010 1239/2/2010 1147/3/2010
f 1193/1/2011 1249/2/2011 921/3/2011
f 921/1/2012 1249/2/2012 1100/3/2012
f 1210/1/2013 1250/2/2013 1162/3/2013
f 1202/1/2014 1254/2/2014 1159/3/2014
f 1141/1/2015 1251/2/2015 1211/3/2015
f 1169/1/2016 1251/2/2016 1141/3/2016
f 1191/1/2017 1217/2/2017 1232/3/2017
f 1131/1/2018 1252/2/2018 1237/3/2018
f 1187/1/2019 1253/2/2019 1177/3/2019
f 1037/1/2020 629/2/2020 606/3/2020
f 1159/1/2021 1254/2/2021 1225/3/2021
f 1129/1/2022 1188/2/2022 1204/3/2022
f 1175/1/2023 564/2/2023 1186/3/2023
f 1216/1/2024 1238/2/2024 1198/3/2024
f 1093/1/2025 1155/2/2025 1190/3/2025
f 1208/1/2026 1255/2/2026 1181/3/2026
f 1181/1/2027 1255/2/2027 1235/3/2027
f 1043/1/2028 1256/2/2028 1196/3/2028
f 1170/1/2029 1256/2/2029 1043/3/2029
f 1160/1/2030 1257/2/2030 1085/3/2030
f 1099/1/2031 666/2/2031 1165/3/2031
f 1197/1/2032 1244/2/2032 1153/3/2032
f 1227/1/2033 1258/2/2033 1183/3/2033
f 1161/1/2034 583/2/2034 1124/3/2034
f 1146/1/2035 638/2/2035 1228/3/2035
f 1196/1/2036 638/2/2036 1146/3/2036
f 1163/1/2037 1259/2/2037 1239/3/2037
f 1171/1/2038 1259/2/2038 1163/3/2038
f 1123/1/2039 1260/2/2039 1218/3/2039
f 1231/1/2040 1260/2/2040 1123/3/2040
f 1242/1/2041 1261/2/2041 1126/3/2041
f 1126/1/2042 1261/2/2042 1210/3/2042
f 1148/1/2043 1262/2/2043 1222/3/2043
f 1145/1/2044 663/2/2044 1101/3/2044
f 1101/1/2045 663/2/2045 1223/3/2045
f 1131/1/2046 1233/2/2046 1252/3/2046
f 545/1/2047 1245/2/2047 436/3/2047
f 1118/1/2048 1176/2/2048 1170/3/2048
f 1234/1/2049 1263/2/2049 1216/3/2049
f 1100/1/2050 1249/2/2050 1084/3/2050
f 1202/1/2051 627/2/2051 1254/3/2051
f 1106/1/2052 1204/2/2052 1224/3/2052
f 1218/1/2053 1242/2/2053 1140/3/2053
f 1194/1/2054 1231/2/2054 1121/3/2054
f 1240/1/2055 1231/2/2055 1194/3/2055
f 1102/1/2056 1226/2/2056 1172/3/2056
f 825/1/2057 616/2/2057 930/3/2057
f 1235/1/2058 1264/2/2058 1217/3/2058
f 1245/1/2059 1265/2/2059 1234/3/2059
f 1201/1/2060 1257/2/2060 1160/3/2060
f 1215/1/2061 1238/2/2061 1246/3/2061
f 1102/1/2062 1137/2/2062 1241/3/2062
f 1152/1/2063 1229/2/2063 1014/3/2063
f 1199/1/2064 1266/2/2064 1149/3/2064
f 1125/1/2065 1224/2/2065 1243/3/2065
f 1045/1/2066 626/2/2066 1195/3/2066
f 1136/1/2067 626/2/2067 1045/3/2067
f 1218/1/2068 1268/2/2068 1242/3/2068
f 1172/1/2069 1269/2/2069 777/3/2069
f 1158/1/2070 654/2/2070 1161/3/2070
f 1230/1/2071 1255/2/2071 1208/3/2071
f 1250/1/2072 1227/2/2072 1162/3/2072
f 1085/1/2073 1257/2/2073 1214/3/2073
f 1216/1/2074 1267/2/2074 1238/3/2074
f 161/1/2075 564/2/2075 1175/3/2075
f 1177/1/2076 693/2/2076 1201/3/2076
f 1151/1/2077 1270/2/2077 1094/3/2077
f 1094/1/2078 1270/2/2078 1212/3/2078
f 1212/1/2079 1271/2/2079 1150/3/2079
f 1150/1/2080 1271/2/2080 1236/3/2080
f 1232/1/2081 567/2/2081 1171/3/2081
f 1171/1/2082 567/2/2082 1259/3/2082
f 171/1/2083 1272/2/2083 161/3/2083
f 1046/1/2084 1164/2/2084 1127/3/2084
f 1206/1/2085 556/2/2085 1151/3/2085
f 1203/1/2086 1273/2/2086 1134/3/2086
f 1134/1/2087 1273/2/2087 1207/3/2087
f 1183/1/2088 1262/2/2088 1148/3/2088
f 1105/1/2089 616/2/2089 825/3/2089
f 1220/1/2090 1274/2/2090 1221/3/2090
f 1265/1/2091 1263/2/2091 1234/3/2091
f 1239/1/2092 1275/2/2092 1202/3/2092
f 1202/1/2093 1275/2/2093 627/3/2093
f 1179/1/2094 1276/2/2094 1247/3/2094
f 1222/1/2095 1276/2/2095 1179/3/2095
f 1047/1/2096 599/2/2096 1193/3/2096
f 798/1/2097 665/2/2097 1105/3/2097
f 1244/1/2098 639/2/2098 1173/3/2098
f 1173/1/2099 639/2/2099 1233/3/2099
f 545/1/2100 1277/2/2100 1245/3/2100
f 1186/1/2101 675/2/2101 1219/3/2101
f 1182/1/2102 562/2/2102 1203/3/2102
f 1172/1/2103 1226/2/2103 1269/3/2103
f 1225/1/2104 1283/2/2104 1209/3/2104
f 1135/1/2105 661/2/2105 1158/3/2105
f 1207/1/2106 628/2/2106 1199/3/2106
f 1216/1/2107 1263/2/2107 1267/3/2107
f 1149/1/2108 573/2/2108 1166/3/2108
f 1176/1/2109 569/2/2109 1170/3/2109
f 1265/1/2110 1279/2/2110 1263/3/2110
f 1074/1/2111 574/2/2111 1120/3/2111
f 1227/1/2112 1280/2/2112 1258/3/2112
f 1144/1/2113 1253/2/2113 1187/3/2113
f 1197/1/2114 1247/2/2114 1244/3/2114
f 1169/1/2115 703/2/2115 1251/3/2115
f 1219/1/2116 703/2/2116 1169/3/2116
f 1241/1/2117 598/2/2117 1102/3/2117
f 1102/1/2118 598/2/2118 1226/3/2118
f 1238/1/2119 1281/2/2119 1246/3/2119
f 1242/1/2120 1282/2/2120 1261/3/2120
f 1184/1/2121 629/2/2121 1037/3/2121
f 1253/1/2122 693/2/2122 1177/3/2122
f 1170/1/2123 570/2/2123 1256/3/2123
f 1183/1/2124 1284/2/2124 1262/3/2124
f 1237/1/2125 1285/2/2125 1182/3/2125
f 1236/1/2126 704/2/2126 1188/3/2126
f 1235/1/2127 1286/2/2127 1264/3/2127
f 1255/1/2128 1286/2/2128 1235/3/2128
f 1230/1/2129 1287/2/2129 1255/3/2129
f 1246/1/2130 1287/2/2130 1230/3/2130
f 1149/1/2131 1266/2/2131 573/3/2131
f 161/1/2132 644/2/2132 564/3/2132
f 1164/1/2133 643/2/2133 1127/3/2133
f 1229/1/2134 647/2/2134 1178/3/2134
f 1143/1/2135 587/2/2135 1213/3/2135
f 635/1/2136 1271/2/2136 1212/3/2136
f 556/1/2137 1270/2/2137 1151/3/2137
f 1240/1/2138 1260/2/2138 1231/3/2138
f 1152/1/2139 682/2/2139 1229/3/2139
f 1190/1/2140 682/2/2140 1152/3/2140
f 1113/1/2141 1228/2/2141 1248/3/2141
f 930/1/2142 616/2/2142 1059/3/2142
f 1260/1/2143 1268/2/2143 1218/3/2143
f 1195/1/2144 661/2/2144 1135/3/2144
f 546/1/2145 1277/2/2145 545/3/2145
f 1221/1/2146 556/2/2146 1206/3/2146
f 1232/1/2147 1288/2/2147 567/3/2147
f 1165/1/2148 666/2/2148 1164/3/2148
f 1217/1/2149 1288/2/2149 1232/3/2149
f 798/1/2150 1091/2/2150 665/3/2150
f 567/1/2151 1289/2/2151 1259/3/2151
f 1225/1/2152 609/2/2152 1283/3/2152
f 1239/1/2153 1290/2/2153 1275/3/2153
f 1188/1/2154 608/2/2154 1204/3/2154
f 1155/1/2155 555/2/2155 1190/3/2155
f 1158/1/2156 653/2/2156 654/3/2156
f 1267/1/2157 1291/2/2157 1238/3/2157
f 1238/1/2158 1291/2/2158 1281/3/2158
f 1254/1/2021 609/2/2021 1225/3/2021
f 1277/1/2159 601/2/2159 1245/3/2159
f 1245/1/2160 601/2/2160 1265/3/2160
f 599/1/2161 1249/2/2161 1193/3/2161
f 1124/1/2162 583/2/2162 578/3/2162
f 1214/1/2163 680/2/2163 1155/3/2163
f 1268/1/2164 1292/2/2164 1242/3/2164
f 1242/1/2165 1292/2/2165 1282/3/2165
f 1213/1/2166 1293/2/2166 1176/3/2166
f 1258/1/2167 1284/2/2167 1183/3/2167
f 1182/1/2168 1285/2/2168 562/3/2168
f 1211/1/2169 663/2/2169 1145/3/2169
f 1204/1/2170 649/2/2170 1224/3/2170
f 1099/1/2171 1185/2/2171 666/3/2171
f 1249/1/2172 660/2/2172 1084/3/2172
f 1212/1/2173 1270/2/2173 635/3/2173
f 1233/1/2174 639/2/2174 1278/3/2174
f 1144/1/2175 602/2/2175 1253/3/2175
f 1255/1/2176 560/2/2176 1286/3/2176
f 1223/1/2177 602/2/2177 1144/3/2177
f 649/1/2178 1243/2/2178 1224/3/2178
f 1127/1/2179 643/2/2179 1137/3/2179
f 1203/1/2180 553/2/2180 1273/3/2180
f 1207/1/2181 1273/2/2181 628/3/2181
f 1246/1/2182 1281/2/2182 1287/3/2182
f 1262/1/2183 611/2/2183 1222/3/2183
f 1239/1/2184 1259/2/2184 1290/3/2184
f 1243/1/2185 612/2/2185 1189/3/2185
f 1276/1/2186 581/2/2186 1247/3/2186
f 1227/1/2187 686/2/2187 1280/3/2187
f 1250/1/2188 686/2/2188 1227/3/2188
f 1120/1/2189 574/2/2189 577/3/2189
f 1264/1/2190 554/2/2190 1217/3/2190
f 1217/1/2191 554/2/2191 1288/3/2191
f 1210/1/2192 694/2/2192 1250/3/2192
f 1261/1/2193 694/2/2193 1210/3/2193
f 1233/1/2194 1278/2/2194 1252/3/2194
f 1161/1/2195 654/2/2195 583/3/2195
f 1252/1/2196 594/2/2196 1237/3/2196
f 621/1/2197 623/2/2197 171/3/2197
f 171/1/2198 623/2/2198 1272/3/2198
f 564/1/2199 565/2/2199 1186/3/2199
f 1186/1/2200 565/2/2200 675/3/2200
f 161/1/2201 607/2/2201 644/3/2201
f 1272/1/2202 607/2/2202 161/3/2202
f 666/1/2203 558/2/2203 1164/3/2203
f 1258/1/2204 571/2/2204 1284/3/2204
f 593/1/2205 557/2/2205 1200/3/2205
f 1263/1/2206 633/2/2206 1267/3/2206
f 1267/1/2207 633/2/2207 1291/3/2207
f 619/1/2208 1260/2/2208 1240/3/2208
f 1201/1/2209 693/2/2209 1257/3/2209
f 1074/1/2210 685/2/2210 574/3/2210
f 1133/1/2211 685/2/2211 1074/3/2211
f 578/1/2212 587/2/2212 1143/3/2212
f 1277/1/2213 600/2/2213 601/3/2213
f 661/1/2214 653/2/2214 1158/3/2214
f 1247/1/2215 615/2/2215 1244/3/2215
f 1244/1/2216 615/2/2216 639/3/2216
f 1170/1/2217 569/2/2217 570/3/2217
f 628/1/2218 617/2/2218 1199/3/2218
f 1222/1/2219 611/2/2219 1276/3/2219
f 1189/1/2220 603/2/2220 1136/3/2220
f 1136/1/2221 603/2/2221 626/3/2221
f 1211/1/2222 582/2/2222 663/3/2222
f 1274/1/2223 690/2/2223 1221/3/2223
f 1253/1/2224 588/2/2224 693/3/2224
f 1221/1/2225 690/2/2225 556/3/2225
f 1184/1/2226 646/2/2226 629/3/2226
f 1176/1/2227 1293/2/2227 569/3/2227
f 675/1/2228 676/2/2228 1219/3/2228
f 1254/1/2229 595/2/2229 609/3/2229
f 1219/1/2230 676/2/2230 703/3/2230
f 546/1/2231 631/2/2231 1277/3/2231
f 1185/1/2232 673/2/2232 666/3/2232
f 1262/1/2233 1284/2/2233 611/3/2233
f 1287/1/2234 559/2/2234 1255/3/2234
f 1255/1/2235 559/2/2235 560/3/2235
f 1236/1/2236 634/2/2236 704/3/2236
f 1137/1/2237 624/2/2237 1241/3/2237
f 1213/1/2238 587/2/2238 1293/3/2238
f 1260/1/2239 584/2/2239 1268/3/2239
f 1203/1/2240 562/2/2240 553/3/2240
f 1280/1/2241 571/2/2241 1258/3/2241
f 1226/1/2242 688/2/2242 1269/3/2242
f 1229/1/2243 648/2/2243 647/3/2243
f 1254/1/2244 627/2/2244 595/3/2244
f 1166/1/2245 552/2/2245 1184/3/2245
f 644/1/2246 563/2/2246 564/3/2246
f 1214/1/2247 670/2/2247 680/3/2247
f 1257/1/2248 670/2/2248 1214/3/2248
f 1279/1/2249 633/2/2249 1263/3/2249
f 693/1/2250 651/2/2250 1257/3/2250
f 1200/1/2251 658/2/2251 1168/3/2251
f 619/1/2252 584/2/2252 1260/3/2252
f 704/1/2253 701/2/2253 1188/3/2253
f 1188/1/2254 701/2/2254 608/3/2254
f 639/1/2255 641/2/2255 1278/3/2255
f 1284/1/2256 668/2/2256 611/3/2256
f 1105/1/2257 699/2/2257 616/3/2257
f 1265/1/2258 589/2/2258 1279/3/2258
f 601/1/2259 589/2/2259 1265/3/2259
f 1205/1/2260 596/2/2260 1047/3/2260
f 1047/1/2261 596/2/2261 599/3/2261
f 534/1/2262 631/2/2262 546/3/2262
f 570/1/2263 677/2/2263 1256/3/2263
f 1196/1/2264 1256/2/2264 638/3/2264
f 1228/1/2265 678/2/2265 1248/3/2265
f 631/1/2266 600/2/2266 1277/3/2266
f 651/1/2267 670/2/2267 1257/3/2267
f 1199/1/2268 617/2/2268 1266/3/2268
f 1282/1/2269 604/2/2269 1261/3/2269
f 1261/1/2270 604/2/2270 694/3/2270
f 1195/1/2271 551/2/2271 661/3/2271
f 1166/1/2272 573/2/2272 552/3/2272
f 1237/1/2273 679/2/2273 1285/3/2273
f 594/1/2274 679/2/2274 1237/3/2274
f 1250/1/2275 687/2/2275 686/3/2275
f 694/1/2276 687/2/2276 1250/3/2276
f 1251/1/2277 582/2/2277 1211/3/2277
f 1204/1/2278 608/2/2278 649/3/2278
f 1286/1/2279 597/2/2279 1264/3/2279
f 1280/1/2280 572/2/2280 571/3/2280
f 583/1/2281 575/2/2281 578/3/2281
f 1278/1/2282 576/2/2282 1252/3/2282
f 1252/1/2283 576/2/2283 594/3/2283
f 611/1/2284 581/2/2284 1276/3/2284
f 1268/1/2285 584/2/2285 1292/3/2285
f 1223/1/2286 632/2/2286 602/3/2286
f 663/1/2287 632/2/2287 1223/3/2287
f 1288/1/2288 568/2/2288 567/3/2288
f 1271/1/2289 634/2/2289 1236/3/2289
f 556/1/2290 635/2/2290 1270/3/2290
f 581/1/2291 615/2/2291 1247/3/2291
f 665/1/2292 699/2/2292 1105/3/2292
f 578/1/2293 579/2/2293 587/3/2293
f 615/1/2294 655/2/2294 639/3/2294
f 1164/1/2295 558/2/2295 643/3/2295
f 582/1/2296 664/2/2296 663/3/2296
f 1279/1/2297 585/2/2297 633/3/2297
f 587/1/2298 592/2/2298 1293/3/2298
f 1190/1/2299 555/2/2299 682/3/2299
f 631/1/2300 652/2/2300 600/3/2300
f 682/1/2301 648/2/2301 1229/3/2301
f 606/1/2302 610/2/2302 1205/3/2302
f 1137/1/2303 643/2/2303 624/3/2303
f 680/1/2304 681/2/2304 1155/3/2304
f 1155/1/2305 681/2/2305 555/3/2305
f 1249/1/2306 657/2/2306 660/3/2306
f 617/1/2307 618/2/2307 1266/3/2307
f 616/1/2308 593/2/2308 1059/3/2308
f 1248/1/2309 673/2/2309 1185/3/2309
f 1281/1/2310 614/2/2310 1287/3/2310
f 1287/1/2311 614/2/2311 559/3/2311
f 571/1/2312 672/2/2312 1284/3/2312
f 1184/1/2313 552/2/2313 646/3/2313
f 1291/1/2314 590/2/2314 1281/3/2314
f 1178/1/2315 685/2/2315 1133/3/2315
f 679/1/2316 561/2/2316 1285/3/2316
f 626/1/2317 551/2/2317 1195/3/2317
f 853/1/2318 1343/2/2318 1299/3/2318
f 915/1/2319 853/2/2319 1299/3/2319
f 1294/1/2320 1296/2/2320 1299/3/2320
f 914/1/2321 915/2/2321 1299/3/2321
f 914/1/2322 1299/2/2322 922/3/2322
f 1302/1/2323 1297/2/2323 1300/3/2323
f 1302/1/2324 1301/2/2324 1297/3/2324
f 1305/1/2325 885/2/2325 961/3/2325
f 939/1/2326 922/2/2326 1303/3/2326
f 1303/1/2327 1296/2/2327 1306/3/2327
f 1307/1/2328 1305/2/2328 1332/3/2328
f 945/1/2329 1342/2/2329 957/3/2329
f 1309/1/2330 957/2/2330 1308/3/2330
f 946/1/2331 957/2/2331 1309/3/2331
f 939/1/2332 1295/2/2332 1315/3/2332
f 1295/1/2333 1303/2/2333 1306/3/2333
f 1309/1/2334 1310/2/2334 946/3/2334
f 1295/1/2335 939/2/2335 1303/3/2335
f 856/1/2336 939/2/2336 1315/3/2336
f 946/1/2337 1310/2/2337 933/3/2337
f 1295/1/2338 1306/2/2338 1311/3/2338
f 1312/1/2339 933/2/2339 1310/3/2339
f 1311/1/2340 1315/2/2340 1295/3/2340
f 920/1/2341 933/2/2341 1312/3/2341
f 1312/1/2342 1313/2/2342 920/3/2342
f 1313/1/2343 1314/2/2343 920/3/2343
f 919/1/2344 920/2/2344 1314/3/2344
f 1313/1/2345 1485/2/2345 1314/3/2345
f 1298/1/2346 842/2/2346 856/3/2346
f 1298/1/2347 856/2/2347 1315/3/2347
f 1316/1/2348 1315/2/2348 1311/3/2348
f 1298/1/2349 1315/2/2349 1316/3/2349
f 1298/1/2350 1316/2/2350 1297/3/2350
f 1298/1/2351 953/2/2351 842/3/2351
f 1316/1/2352 1311/2/2352 1300/3/2352
f 1301/1/2353 953/2/2353 1298/3/2353
f 1316/1/2354 1300/2/2354 1297/3/2354
f 919/1/2355 1314/2/2355 834/3/2355
f 1301/1/2356 1298/2/2356 1297/3/2356
f 1317/1/2357 834/2/2357 1314/3/2357
f 881/1/2358 834/2/2358 1317/3/2358
f 954/1/2359 953/2/2359 1301/3/2359
f 954/1/2360 1301/2/2360 1319/3/2360
f 1001/1/2361 1002/2/2361 1320/3/2361
f 1302/1/2362 1319/2/2362 1301/3/2362
f 1317/1/2363 1318/2/2363 881/3/2363
f 881/1/2364 1318/2/2364 1321/3/2364
f 1318/1/2365 1324/2/2365 1321/3/2365
f 940/1/2366 954/2/2366 1319/3/2366
f 1319/1/2367 1302/2/2367 1323/3/2367
f 1324/1/2368 1325/2/2368 1321/3/2368
f 1325/1/2369 880/2/2369 1321/3/2369
f 940/1/2370 1319/2/2370 1304/3/2370
f 998/1/2371 992/2/2371 1326/3/2371
f 1324/1/2372 1327/2/2372 1325/3/2372
f 1323/1/2373 1304/2/2373 1319/3/2373
f 1327/1/2374 1324/2/2374 1328/3/2374
f 989/1/2375 998/2/2375 1326/3/2375
f 989/1/2376 1326/2/2376 1329/3/2376
f 961/1/2377 940/2/2377 1304/3/2377
f 880/1/2378 1325/2/2378 1327/3/2378
f 880/1/2379 1327/2/2379 1330/3/2379
f 1331/1/2380 972/2/2380 1329/3/2380
f 1304/1/2381 1305/2/2381 961/3/2381
f 1330/1/2382 900/2/2382 880/3/2382
f 1332/1/2383 1304/2/2383 1323/3/2383
f 1327/1/2384 1333/2/2384 1330/3/2384
f 978/1/2385 972/2/2385 1331/3/2385
f 1332/1/2386 1305/2/2386 1304/3/2386
f 874/1/2387 885/2/2387 1305/3/2387
f 1328/1/2388 1333/2/2388 1327/3/2388
f 978/1/2389 1331/2/2389 1334/3/2389
f 1333/1/2390 1335/2/2390 1330/3/2390
f 1336/1/2391 900/2/2391 1330/3/2391
f 1336/1/2392 1330/2/2392 1335/3/2392
f 1337/1/2393 1346/2/2393 1338/3/2393
f 965/1/2394 978/2/2394 1334/3/2394
f 1337/1/2395 1339/2/2395 1340/3/2395
f 965/1/2396 1334/2/2396 1627/3/2396
f 1341/1/2397 1340/2/2397 1343/3/2397
f 1342/1/2398 965/2/2398 1627/3/2398
f 1333/1/2399 1328/2/2399 1335/3/2399
f 1342/1/2400 945/2/2400 965/3/2400
f 1342/1/2401 1627/2/2401 1308/3/2401
f 1303/1/2402 1299/2/2402 1296/3/2402
f 957/1/2403 1342/2/2403 1308/3/2403
f 1336/1/2404 1335/2/2404 1346/3/2404
f 1309/1/2405 1308/2/2405 1310/3/2405
f 1345/1/2406 1346/2/2406 1335/3/2406
f 1346/1/2407 893/2/2407 900/3/2407
f 893/1/2408 1346/2/2408 1337/3/2408
f 892/1/2409 893/2/2409 1337/3/2409
f 1314/1/2410 1485/2/2410 1317/3/2410
f 1339/1/2411 1337/2/2411 1338/3/2411
f 1339/1/2412 1338/2/2412 1347/3/2412
f 841/1/2413 892/2/2413 1337/3/2413
f 841/1/2414 1337/2/2414 1340/3/2414
f 1346/1/2415 900/2/2415 1336/3/2415
f 1339/1/2416 1347/2/2416 1348/3/2416
f 1348/1/2417 1340/2/2417 1339/3/2417
f 1338/1/2418 1346/2/2418 1345/3/2418
f 1341/1/2419 841/2/2419 1340/3/2419
f 1341/1/2420 849/2/2420 841/3/2420
f 1341/1/2421 904/2/2421 849/3/2421
f 1348/1/2422 1344/2/2422 1340/3/2422
f 1343/1/2423 1340/2/2423 1344/3/2423
f 1343/1/2424 904/2/2424 1341/3/2424
f 1343/1/2425 853/2/2425 904/3/2425
f 1344/1/2426 1294/2/2426 1343/3/2426
f 1303/1/2427 922/2/2427 1299/3/2427
f 1294/1/2428 1299/2/2428 1343/3/2428
f 1406/1/2429 1683/2/2429 1356/3/2429
f 1358/1/2430 1359/2/2430 1360/3/2430
f 1362/1/2431 1422/2/2431 1363/3/2431
f 1364/1/2432 1365/2/2432 1366/3/2432
f 1376/1/2433 1702/2/2433 1377/3/2433
f 1380/1/2434 1382/2/2434 1381/3/2434
f 1383/1/2435 1384/2/2435 1685/3/2435
f 1385/1/2436 1749/2/2436 1388/3/2436
f 1392/1/2437 1752/2/2437 1393/3/2437
f 1394/1/2438 1718/2/2438 1703/3/2438
f 1364/1/2439 1361/2/2439 1403/3/2439
f 1434/1/2440 1405/2/2440 1406/3/2440
f 1410/1/2441 1371/2/2441 1411/3/2441
f 1356/1/2442 1412/2/2442 1357/3/2442
f 1414/1/2443 1415/2/2443 1416/3/2443
f 1410/1/2444 1411/2/2444 1378/3/2444
f 1418/1/2445 1419/2/2445 1367/3/2445
f 1440/1/2446 1373/2/2446 1743/3/2446
f 1418/1/2447 1357/2/2447 1419/3/2447
f 1363/1/2448 1422/2/2448 1369/3/2448
f 1425/1/2449 1380/2/2449 1426/3/2449
f 1423/1/2450 3752/2/2450 1424/3/2450
f 1396/1/2451 1427/2/2451 1428/3/2451
f 1430/1/2452 1375/2/2452 1672/3/2452
f 1430/1/2453 1672/2/2453 1384/3/2453
f 1407/1/2454 1359/2/2454 1358/3/2454
f 1392/1/2455 1388/2/2455 1752/3/2455
f 1435/1/2456 1391/2/2456 1436/3/2456
f 1437/1/2457 1354/2/2457 1355/3/2457
f 1437/1/2458 1355/2/2458 1398/3/2458
f 1438/1/2459 1361/2/2459 1364/3/2459
f 1440/1/2460 1743/2/2460 1374/3/2460
f 1452/1/2461 1421/2/2461 1386/3/2461
f 1442/1/2462 1413/2/2462 1443/3/2462
f 1442/1/2463 1443/2/2463 1415/3/2463
f 1444/1/2464 1420/2/2464 1344/3/2464
f 1376/1/2465 1445/2/2465 1446/3/2465
f 1447/1/2466 1417/2/2466 1353/3/2466
f 1448/1/2467 1426/2/2467 1387/3/2467
f 1449/1/2468 1395/2/2468 1354/3/2468
f 1429/1/2469 1718/2/2469 1394/3/2469
f 1407/1/2470 1351/2/2470 1352/3/2470
f 1450/1/2471 1370/2/2471 1375/3/2471
f 1372/1/2472 1373/2/2472 1440/3/2472
f 1390/1/2473 1383/2/2473 1391/3/2473
f 1459/1/2474 1379/2/2474 1385/3/2474
f 1452/1/2475 1386/2/2475 3782/3/2475
f 1454/1/2476 3752/2/2476 1423/3/2476
f 1444/1/2477 1367/2/2477 1368/3/2477
f 1317/1/2478 1393/2/2478 1318/3/2478
f 1453/1/2479 1436/2/2479 1404/3/2479
f 1444/1/2480 1368/2/2480 1420/3/2480
f 1455/1/2481 1439/2/2481 1408/3/2481
f 1456/1/2482 1376/2/2482 1377/3/2482
f 1457/1/2483 1401/2/2483 1351/3/2483
f 1457/1/2484 1432/2/2484 1401/3/2484
f 1438/1/2485 1398/2/2485 1361/3/2485
f 1409/1/2486 1371/2/2486 1410/3/2486
f 1459/1/2487 1385/2/2487 1388/3/2487
f 1460/1/2488 1402/2/2488 1434/3/2488
f 1461/1/2489 1434/2/2489 1406/3/2489
f 1462/1/2490 1369/2/2490 1370/3/2490
f 1390/1/2491 1391/2/2491 1435/3/2491
f 1425/1/2492 1426/2/2492 1448/3/2492
f 1392/1/2493 1393/2/2493 1317/3/2493
f 1449/1/2494 1354/2/2494 1437/3/2494
f 1465/1/2495 1398/2/2495 1438/3/2495
f 1466/1/2496 1414/2/2496 1416/3/2496
f 1447/1/2497 1349/2/2497 1417/3/2497
f 1468/1/2498 1406/2/2498 1356/3/2498
f 3754/1/2499 3752/2/2499 1454/3/2499
f 1423/1/2500 1389/2/2500 1396/3/2500
f 1469/1/2501 1388/2/2501 1392/3/2501
f 1470/1/2502 1367/2/2502 1444/3/2502
f 1444/1/2503 1344/2/2503 1348/3/2503
f 1376/1/2504 1471/2/2504 1445/3/2504
f 1472/1/2505 1364/2/2505 1366/3/2505
f 1433/1/2506 1383/2/2506 1390/3/2506
f 1448/1/2507 1387/2/2507 1458/3/2507
f 1358/1/2508 1360/2/2508 1372/3/2508
f 1473/1/2509 1474/2/2509 1475/3/2509
f 1476/1/2510 1378/2/2510 1379/3/2510
f 1459/1/2511 1388/2/2511 1464/3/2511
f 1435/1/2512 1436/2/2512 1453/3/2512
f 1478/1/2513 1431/2/2513 1399/3/2513
f 1479/1/2514 1374/2/2514 1421/3/2514
f 1481/1/2515 1437/2/2515 1398/3/2515
f 1451/1/2516 1402/2/2516 1460/3/2516
f 1481/1/2517 1398/2/2517 1465/3/2517
f 1442/1/2518 1415/2/2518 1414/3/2518
f 1467/1/2519 1438/2/2519 1364/3/2519
f 1482/1/2520 1366/2/2520 1409/3/2520
f 1483/1/2521 1410/2/2521 1378/3/2521
f 1400/1/2522 1432/2/2522 1463/3/2522
f 1484/1/2523 1362/2/2523 1363/3/2523
f 1464/1/2524 1388/2/2524 1469/3/2524
f 1456/1/2525 1377/2/2525 1382/3/2525
f 1485/1/2526 1392/2/2526 1317/3/2526
f 1486/1/2527 1449/2/2527 1437/3/2527
f 1450/1/2528 1375/2/2528 1430/3/2528
f 1467/1/2529 1364/2/2529 1472/3/2529
f 1458/1/2530 1387/2/2530 1429/3/2530
f 1487/1/2531 1383/2/2531 1433/3/2531
f 1488/1/2532 1394/2/2532 1431/3/2532
f 1487/1/2533 1384/2/2533 1383/3/2533
f 1489/1/2534 1399/2/2534 1451/3/2534
f 1461/1/2535 1406/2/2535 1468/3/2535
f 1455/1/2536 1408/2/2536 1441/3/2536
f 1469/1/2537 1392/2/2537 1477/3/2537
f 1491/1/2538 1744/2/2538 1413/3/2538
f 1463/1/2539 1432/2/2539 1457/3/2539
f 1492/1/2540 1438/2/2540 1467/3/2540
f 1418/1/2541 1367/2/2541 1470/3/2541
f 1493/1/2542 1351/2/2542 1407/3/2542
f 1494/1/2543 1349/2/2543 1447/3/2543
f 1472/1/2544 1366/2/2544 1482/3/2544
f 1495/1/2545 1410/2/2545 1483/3/2545
f 1495/1/2546 1409/2/2546 1410/3/2546
f 1476/1/2547 1379/2/2547 1459/3/2547
f 1496/1/2548 1353/2/2548 1362/3/2548
f 1497/1/2549 1374/2/2549 1479/3/2549
f 1497/1/2550 1440/2/2550 1374/3/2550
f 1462/1/2551 1370/2/2551 1450/3/2551
f 1477/1/2552 1392/2/2552 1485/3/2552
f 1498/1/2553 1434/2/2553 1461/3/2553
f 1483/1/2554 1378/2/2554 1476/3/2554
f 1499/1/2555 1357/2/2555 1418/3/2555
f 1486/1/2556 1437/2/2556 1481/3/2556
f 1492/1/2557 1465/2/2557 1438/3/2557
f 1456/1/2558 1471/2/2558 1376/3/2558
f 1508/1/2559 1358/2/2559 1372/3/2559
f 1488/1/2560 1429/2/2560 1394/3/2560
f 1501/1/2561 1369/2/2561 1462/3/2561
f 1478/1/2562 1399/2/2562 1489/3/2562
f 1479/1/2563 1421/2/2563 1452/3/2563
f 1500/1/2564 1459/2/2564 1464/3/2564
f 1502/1/2565 1452/2/2565 3782/3/2565
f 1503/1/2566 1454/2/2566 1423/3/2566
f 1504/1/2567 1396/2/2567 1428/3/2567
f 1487/1/2568 1430/2/2568 1384/3/2568
f 1510/1/2569 1492/2/2569 1467/3/2569
f 1493/1/2570 1457/2/2570 1351/3/2570
f 1505/1/2571 1476/2/2571 1459/3/2571
f 1506/1/2572 1407/2/2572 1358/3/2572
f 1517/1/2573 1456/2/2573 1382/3/2573
f 1507/1/2574 1300/2/2574 1311/3/2574
f 1507/1/2575 1404/2/2575 1300/3/2575
f 1455/1/2576 1480/2/2576 1439/3/2576
f 1491/1/2577 1441/2/2577 1744/3/2577
f 1509/1/2578 1458/2/2578 1429/3/2578
f 1510/1/2579 1467/2/2579 1472/3/2579
f 1488/1/2580 1431/2/2580 1478/3/2580
f 1482/1/2581 1409/2/2581 1495/3/2581
f 1494/1/2582 1416/2/2582 1349/3/2582
f 1511/1/2583 1483/2/2583 1476/3/2583
f 1496/1/2584 1447/2/2584 1353/3/2584
f 1498/1/2585 1460/2/2585 1434/3/2585
f 1512/1/2586 1423/2/2586 1396/3/2586
f 1513/1/2587 1428/2/2587 1400/3/2587
f 1481/1/2588 1514/2/2588 1486/3/2588
f 1499/1/2589 1356/2/2589 1357/3/2589
f 1515/1/2590 1450/2/2590 1430/3/2590
f 1516/1/2591 1472/2/2591 1482/3/2591
f 1493/1/2592 1407/2/2592 1506/3/2592
f 1511/1/2593 1476/2/2593 1505/3/2593
f 1517/1/2594 1382/2/2594 1380/3/2594
f 1518/1/2595 1372/2/2595 1440/3/2595
f 1519/1/2596 1481/2/2596 1465/3/2596
f 1521/1/2597 1455/2/2597 1441/3/2597
f 1491/1/2598 1413/2/2598 1442/3/2598
f 1520/1/2599 1451/2/2599 1460/3/2599
f 1505/1/2600 1459/2/2600 1500/3/2600
f 1522/1/2601 1468/2/2601 1356/3/2601
f 1496/1/2602 1362/2/2602 1484/3/2602
f 1523/1/2603 1400/2/2603 1463/3/2603
f 1524/1/2604 1457/2/2604 1493/3/2604
f 1501/1/2605 1363/2/2605 1369/3/2605
f 1525/1/2606 1462/2/2606 1450/3/2606
f 1510/1/2607 1472/2/2607 1516/3/2607
f 1456/1/2608 1526/2/2608 1471/3/2608
f 1527/1/2609 1430/2/2609 1487/3/2609
f 1502/1/2610 3782/2/2610 1307/3/2610
f 1528/1/2611 1490/2/2611 3754/3/2611
f 1528/1/2612 3755/2/2612 1490/3/2612
f 1529/1/2613 1441/2/2613 1491/3/2613
f 1528/1/2614 3754/2/2614 1454/3/2614
f 1503/1/2615 1423/2/2615 1512/3/2615
f 1530/1/2616 1356/2/2616 1499/3/2616
f 1504/1/2617 1428/2/2617 1513/3/2617
f 1466/1/2618 1416/2/2618 1494/3/2618
f 1531/1/2619 1447/2/2619 1496/3/2619
f 1477/1/2620 1485/2/2620 1313/3/2620
f 1519/1/2621 1465/2/2621 1492/3/2621
f 1533/1/2622 1425/2/2622 1448/3/2622
f 1518/1/2623 1508/2/2623 1372/3/2623
f 1534/1/2624 1488/2/2624 1478/3/2624
f 1520/1/2625 1489/2/2625 1451/3/2625
f 1535/1/2626 1433/2/2626 1390/3/2626
f 1536/1/2627 1464/2/2627 1469/3/2627
f 1536/1/2628 1469/2/2628 1477/3/2628
f 1512/1/2629 1396/2/2629 1504/3/2629
f 1455/1/2630 1538/2/2630 1480/3/2630
f 1513/1/2631 1400/2/2631 1523/3/2631
f 1347/1/2632 1444/2/2632 1348/3/2632
f 1539/1/2633 1414/2/2633 1466/3/2633
f 1517/1/2634 1380/2/2634 1425/3/2634
f 1539/1/2635 1442/2/2635 1414/3/2635
f 1519/1/2636 1540/2/2636 1514/3/2636
f 1519/1/2637 1514/2/2637 1481/3/2637
f 1541/1/2638 1448/2/2638 1458/3/2638
f 1542/1/2639 1492/2/2639 1510/3/2639
f 1543/1/2640 1429/2/2640 1488/3/2640
f 1544/1/2641 1484/2/2641 1363/3/2641
f 1544/1/2642 1363/2/2642 1501/3/2642
f 1545/1/2643 1495/2/2643 1483/3/2643
f 1545/1/2644 1483/2/2644 1511/3/2644
f 1536/1/2645 1500/2/2645 1464/3/2645
f 1498/1/2646 1461/2/2646 1468/3/2646
f 1515/1/2647 1430/2/2647 1527/3/2647
f 1546/1/2648 1452/2/2648 1502/3/2648
f 1522/1/2649 1356/2/2649 1530/3/2649
f 1537/1/2650 1519/2/2650 1492/3/2650
f 1547/1/2651 1510/2/2651 1516/3/2651
f 1548/1/2652 1390/2/2652 1435/3/2652
f 1549/1/2653 1482/2/2653 1495/3/2653
f 1532/1/2654 1470/2/2654 1444/3/2654
f 1517/1/2655 1526/2/2655 1456/3/2655
f 1552/1/2656 1453/2/2656 1404/3/2656
f 1552/1/2657 1404/2/2657 1507/3/2657
f 1521/1/2658 1441/2/2658 1529/3/2658
f 1553/1/2659 1491/2/2659 1442/3/2659
f 1537/1/2660 1492/2/2660 1542/3/2660
f 1554/1/2661 1489/2/2661 1520/3/2661
f 1555/1/2662 1511/2/2662 1505/3/2662
f 1531/1/2663 1494/2/2663 1447/3/2663
f 1556/1/2664 1440/2/2664 1497/3/2664
f 1558/1/2665 1500/2/2665 1536/3/2665
f 1557/1/2666 1468/2/2666 1522/3/2666
f 1479/1/2667 1452/2/2667 1546/3/2667
f 1559/1/2668 1477/2/2668 1313/3/2668
f 1559/1/2669 1313/2/2669 1312/3/2669
f 1542/1/2670 1510/2/2670 1547/3/2670
f 1560/1/2671 1418/2/2671 1470/3/2671
f 1549/1/2672 1516/2/2672 1482/3/2672
f 1532/1/2673 1444/2/2673 1347/3/2673
f 1550/1/2674 1545/2/2674 1511/3/2674
f 1551/1/2675 1505/2/2675 1500/3/2675
f 1533/1/2676 1448/2/2676 1541/3/2676
f 1561/1/2677 1463/2/2677 1457/3/2677
f 1561/1/2678 1457/2/2678 1524/3/2678
f 1509/1/2679 1429/2/2679 1543/3/2679
f 1534/1/2680 1478/2/2680 1489/3/2680
f 1562/1/2681 1493/2/2681 1506/3/2681
f 1549/1/2682 1495/2/2682 1545/3/2682
f 1563/1/2683 1358/2/2683 1508/3/2683
f 1550/1/2684 1511/2/2684 1555/3/2684
f 1563/1/2685 1506/2/2685 1358/3/2685
f 1551/1/2686 1500/2/2686 1558/3/2686
f 1564/1/2687 1466/2/2687 1494/3/2687
f 1565/1/2688 1531/2/2688 1496/3/2688
f 1559/1/2689 1536/2/2689 1477/3/2689
f 1566/1/2690 1462/2/2690 1525/3/2690
f 1566/1/2691 1501/2/2691 1462/3/2691
f 1567/1/2692 1454/2/2692 1503/3/2692
f 1555/1/2693 1505/2/2693 1551/3/2693
f 1568/1/2694 1517/2/2694 1425/3/2694
f 1568/1/2695 1425/2/2695 1533/3/2695
f 1569/1/2696 1512/2/2696 1504/3/2696
f 1541/1/2697 1458/2/2697 1509/3/2697
f 1543/1/2698 1488/2/2698 1534/3/2698
f 1310/1/2699 1559/2/2699 1312/3/2699
f 1519/1/2700 1570/2/2700 1540/3/2700
f 1535/1/2701 1390/2/2701 1548/3/2701
f 1557/1/2702 1498/2/2702 1468/3/2702
f 1521/1/2703 1538/2/2703 1455/3/2703
f 1556/1/2704 1518/2/2704 1440/3/2704
f 1560/1/2705 1499/2/2705 1418/3/2705
f 1570/1/2706 1537/2/2706 1542/3/2706
f 1571/1/2707 1547/2/2707 1516/3/2707
f 1572/1/2708 1496/2/2708 1484/3/2708
f 1575/1/2709 1433/2/2709 1535/3/2709
f 1573/1/2710 1504/2/2710 1513/3/2710
f 1574/1/2711 1516/2/2711 1549/3/2711
f 1561/1/2712 1523/2/2712 1463/3/2712
f 1575/1/2713 1487/2/2713 1433/3/2713
f 1576/1/2714 1493/2/2714 1562/3/2714
f 1576/1/2715 1524/2/2715 1493/3/2715
f 1577/1/2716 1530/2/2716 1499/3/2716
f 1570/1/2717 1519/2/2717 1537/3/2717
f 1578/1/2718 1508/2/2718 1518/3/2718
f 1579/1/2719 1550/2/2719 1555/3/2719
f 1580/1/2720 1536/2/2720 1559/3/2720
f 1582/1/2721 1489/2/2721 1554/3/2721
f 1582/1/2722 1534/2/2722 1489/3/2722
f 1567/1/2723 1528/2/2723 1454/3/2723
f 1581/1/2724 1570/2/2724 1542/3/2724
f 1574/1/2725 1571/2/2725 1516/3/2725
f 1583/1/2726 1520/2/2726 1460/3/2726
f 1584/1/2727 1549/2/2727 1545/3/2727
f 1585/1/2728 1498/2/2728 1557/3/2728
f 1586/1/2729 1525/2/2729 1450/3/2729
f 1586/1/2730 1450/2/2730 1515/3/2730
f 1587/1/2731 1558/2/2731 1536/3/2731
f 1563/1/2732 1508/2/2732 1578/3/2732
f 1588/1/2733 1470/2/2733 1532/3/2733
f 1589/1/2734 1518/2/2734 1556/3/2734
f 1579/1/2735 1545/2/2735 1550/3/2735
f 1555/1/2736 1551/2/2736 1558/3/2736
f 1590/1/2737 1543/2/2737 1534/3/2737
f 1553/1/2738 1529/2/2738 1491/3/2738
f 1564/1/2739 1494/2/2739 1531/3/2739
f 1591/1/2740 1460/2/2740 1498/3/2740
f 1565/1/2741 1496/2/2741 1572/3/2741
f 1592/1/2742 3755/2/2742 1528/3/2742
f 1592/1/2743 3757/2/2743 3755/3/2743
f 1573/1/2744 1569/2/2744 1504/3/2744
f 1580/1/2745 1559/2/2745 1310/3/2745
f 1581/1/2746 1542/2/2746 1547/3/2746
f 1593/1/2747 1517/2/2747 1568/3/2747
f 1593/1/2748 1526/2/2748 1517/3/2748
f 1594/1/2749 1487/2/2749 1575/3/2749
f 1584/1/2750 1545/2/2750 1579/3/2750
f 1595/1/2751 1533/2/2751 1541/3/2751
f 1583/1/2752 1554/2/2752 1520/3/2752
f 1596/1/2753 1574/2/2753 1549/3/2753
f 1521/1/2754 1597/2/2754 1538/3/2754
f 1598/1/2755 1555/2/2755 1558/3/2755
f 1599/1/2756 1546/2/2756 1502/3/2756
f 1600/1/2757 1539/2/2757 1466/3/2757
f 1598/1/2758 1558/2/2758 1587/3/2758
f 1601/1/2759 1571/2/2759 1574/3/2759
f 1560/1/2760 1470/2/2760 1588/3/2760
f 1532/1/2761 1347/2/2761 1338/3/2761
f 1603/1/2762 1501/2/2762 1566/3/2762
f 1603/1/2763 1544/2/2763 1501/3/2763
f 1602/1/2764 1579/2/2764 1555/3/2764
f 1308/1/2765 1580/2/2765 1310/3/2765
f 1604/1/2766 1547/2/2766 1571/3/2766
f 1604/1/2767 1581/2/2767 1547/3/2767
f 1583/1/2768 1460/2/2768 1591/3/2768
f 1578/1/2769 1518/2/2769 1589/3/2769
f 1548/1/2770 1435/2/2770 1453/3/2770
f 1605/1/2771 1536/2/2771 1580/3/2771
f 1606/1/2772 1556/2/2772 1497/3/2772
f 1607/1/2773 1552/2/2773 1507/3/2773
f 1605/1/2774 1587/2/2774 1536/3/2774
f 1577/1/2775 1499/2/2775 1560/3/2775
f 1596/1/2776 1549/2/2776 1584/3/2776
f 1502/1/2777 1307/2/2777 1332/3/2777
f 1608/1/2778 1553/2/2778 1442/3/2778
f 1608/1/2779 1442/2/2779 1539/3/2779
f 1595/1/2780 1568/2/2780 1533/3/2780
f 1592/1/2781 1609/2/2781 3757/3/2781
f 1590/1/2782 1534/2/2782 1582/3/2782
f 1611/1/2783 1484/2/2783 1544/3/2783
f 1601/1/2784 1574/2/2784 1596/3/2784
f 1612/1/2785 1513/2/2785 1523/3/2785
f 1613/1/2786 1561/2/2786 1524/3/2786
f 1613/1/2787 1524/2/2787 1576/3/2787
f 1602/1/2788 1555/2/2788 1598/3/2788
f 1614/1/2789 1557/2/2789 1522/3/2789
f 1594/1/2790 1527/2/2790 1487/3/2790
f 1615/1/2791 1535/2/2791 1548/3/2791
f 1626/1/2792 1497/2/2792 1479/3/2792
f 1616/1/2793 1507/2/2793 1311/3/2793
f 1616/1/2794 1311/2/2794 1306/3/2794
f 1617/1/2795 1509/2/2795 1543/3/2795
f 1618/1/2796 1596/2/2796 1584/3/2796
f 1619/1/2797 1503/2/2797 1512/3/2797
f 1619/1/2798 1567/2/2798 1503/3/2798
f 1621/1/2799 1525/2/2799 1586/3/2799
f 1620/1/2800 1601/2/2800 1596/3/2800
f 1621/1/2801 1566/2/2801 1525/3/2801
f 1622/1/2802 1506/2/2802 1563/3/2802
f 1623/1/2803 1515/2/2803 1527/3/2803
f 1624/1/2804 1604/2/2804 1571/3/2804
f 1345/1/2805 1532/2/2805 1338/3/2805
f 1624/1/2806 1571/2/2806 1601/3/2806
f 1610/1/2807 1541/2/2807 1509/3/2807
f 1625/1/2808 1579/2/2808 1602/3/2808
f 1626/1/2809 1479/2/2809 1546/3/2809
f 1627/1/2810 1580/2/2810 1308/3/2810
f 1582/1/2811 1554/2/2811 1583/3/2811
f 1627/1/2812 1605/2/2812 1580/3/2812
f 1529/1/2813 1597/2/2813 1521/3/2813
f 1600/1/2814 1466/2/2814 1564/3/2814
f 1614/1/2815 1585/2/2815 1557/3/2815
f 1628/1/2816 1528/2/2816 1567/3/2816
f 1612/1/2817 1573/2/2817 1513/3/2817
f 1611/1/2818 1572/2/2818 1484/3/2818
f 1635/1/2819 1577/2/2819 1560/3/2819
f 1638/1/2820 1588/2/2820 1532/3/2820
f 1620/1/2821 1596/2/2821 1618/3/2821
f 1625/1/2822 1584/2/2822 1579/3/2822
f 1630/1/2823 1563/2/2823 1578/3/2823
f 1610/1/2824 1509/2/2824 1617/3/2824
f 1631/1/2825 1590/2/2825 1582/3/2825
f 1606/1/2826 1497/2/2826 1626/3/2826
f 1615/1/2827 1575/2/2827 1535/3/2827
f 1591/1/2828 1498/2/2828 1585/3/2828
f 1632/1/2829 1598/2/2829 1587/3/2829
f 1607/1/2830 1507/2/2830 1616/3/2830
f 1634/1/2831 1502/2/2831 1332/3/2831
f 1636/1/2832 1618/2/2832 1584/3/2832
f 1636/1/2833 1584/2/2833 1625/3/2833
f 1635/1/2834 1560/2/2834 1588/3/2834
f 1637/1/2835 1598/2/2835 1629/3/2835
f 1637/1/2836 1602/2/2836 1598/3/2836
f 1638/1/2837 1532/2/2837 1345/3/2837
f 1568/1/2838 1639/2/2838 1593/3/2838
f 1640/1/2839 1565/2/2839 1572/3/2839
f 1641/1/2840 1541/2/2840 1610/3/2840
f 1641/1/2841 1595/2/2841 1541/3/2841
f 1650/1/2842 1569/2/2842 1573/3/2842
f 1612/1/2843 1523/2/2843 1561/3/2843
f 1617/1/2844 1543/2/2844 1590/3/2844
f 1629/1/2845 1598/2/2845 1632/3/2845
f 1623/1/2846 1586/2/2846 1515/3/2846
f 1622/1/2847 1562/2/2847 1506/3/2847
f 1620/1/2848 1624/2/2848 1601/3/2848
f 1637/1/2849 1625/2/2849 1602/3/2849
f 1589/1/2850 1556/2/2850 1606/3/2850
f 1642/1/2851 1522/2/2851 1530/3/2851
f 1632/1/2852 1587/2/2852 1605/3/2852
f 1644/1/2853 1620/2/2853 1618/3/2853
f 1645/1/2854 1568/2/2854 1595/3/2854
f 1643/1/2855 1453/2/2855 1552/3/2855
f 1647/1/2856 1605/2/2856 1627/3/2856
f 1592/1/2857 1528/2/2857 1628/3/2857
f 1648/1/2858 1624/2/2858 1620/3/2858
f 1619/1/2859 1512/2/2859 1569/3/2859
f 1654/1/2860 1582/2/2860 1583/3/2860
f 1649/1/2861 1564/2/2861 1531/3/2861
f 1649/1/2862 1531/2/2862 1565/3/2862
f 1650/1/2863 1573/2/2863 1612/3/2863
f 1651/1/2864 1572/2/2864 1611/3/2864
f 1652/1/2865 1530/2/2865 1577/3/2865
f 1622/1/2866 1563/2/2866 1630/3/2866
f 1653/1/2867 1578/2/2867 1589/3/2867
f 1647/1/2868 1632/2/2868 1605/3/2868
f 1626/1/2869 1546/2/2869 1633/3/2869
f 1647/1/2870 1627/2/2870 1334/3/2870
f 1655/1/2871 1591/2/2871 1585/3/2871
f 1648/1/2872 1620/2/2872 1644/3/2872
f 1529/1/2873 1656/2/2873 1597/3/2873
f 1599/1/2874 1502/2/2874 1634/3/2874
f 1657/1/2875 1618/2/2875 1636/3/2875
f 1658/1/2876 1609/2/2876 1592/3/2876
f 1659/1/2877 1625/2/2877 1637/3/2877
f 1660/1/2878 1600/2/2878 1564/3/2878
f 1642/1/2879 1614/2/2879 1522/3/2879
f 1628/1/2880 1567/2/2880 1619/3/2880
f 1661/1/2881 1603/2/2881 1566/3/2881
f 1638/1/2882 1345/2/2882 1335/3/2882
f 1661/1/2883 1566/2/2883 1621/3/2883
f 1662/1/2884 1586/2/2884 1623/3/2884
f 1663/1/2885 1562/2/2885 1622/3/2885
f 1664/1/2886 1527/2/2886 1594/3/2886
f 1665/1/2887 1644/2/2887 1618/3/2887
f 1666/1/2888 1617/2/2888 1590/3/2888
f 1665/1/2889 1618/2/2889 1657/3/2889
f 1667/1/2890 1583/2/2890 1591/3/2890
f 1643/1/2891 1548/2/2891 1453/3/2891
f 1668/1/2892 1648/2/2892 1644/3/2892
f 1659/1/2893 1637/2/2893 1629/3/2893
f 1642/1/2894 1530/2/2894 1652/3/2894
f 1633/1/2895 1546/2/2895 1599/3/2895
f 1646/1/2896 1529/2/2896 1553/3/2896
f 1608/1/2897 1539/2/2897 1600/3/2897
f 1669/1/2898 1636/2/2898 1625/3/2898
f 1645/1/2899 1595/2/2899 1641/3/2899
f 1669/1/2900 1625/2/2900 1659/3/2900
f 1670/1/2901 1629/2/2901 1632/3/2901
f 1640/1/2902 1572/2/2902 1651/3/2902
f 1611/1/2903 1544/2/2903 1603/3/2903
f 1682/1/2904 1612/2/2904 1561/3/2904
f 1668/1/2905 1644/2/2905 1665/3/2905
f 1669/1/2906 1657/2/2906 1636/3/2906
f 1670/1/2907 1659/2/2907 1629/3/2907
f 1671/1/2908 1632/2/2908 1647/3/2908
f 1671/1/2909 1647/2/2909 1334/3/2909
f 1672/1/2910 1589/2/2910 1606/3/2910
f 1643/1/2911 1552/2/2911 1607/3/2911
f 1616/1/2912 1306/2/2912 1296/3/2912
f 1646/1/2913 1553/2/2913 1608/3/2913
f 1674/1/2914 1631/2/2914 1582/3/2914
f 1673/1/2915 1659/2/2915 1670/3/2915
f 1675/1/2916 1609/2/2916 1658/3/2916
f 1667/1/2917 1654/2/2917 1583/3/2917
f 1655/1/2918 1585/2/2918 1614/3/2918
f 1649/1/2919 1565/2/2919 1640/3/2919
f 1665/1/2920 1676/2/2920 1668/3/2920
f 1677/1/2921 1619/2/2921 1569/3/2921
f 1680/1/2922 1586/2/2922 1662/3/2922
f 1331/1/2923 1671/2/2923 1334/3/2923
f 1678/1/2924 1650/2/2924 1612/3/2924
f 1679/1/2925 1577/2/2925 1635/3/2925
f 1680/1/2926 1621/2/2926 1586/3/2926
f 1681/1/2927 1588/2/2927 1638/3/2927
f 1681/1/2928 1635/2/2928 1588/3/2928
f 1682/1/2929 1561/2/2929 1613/3/2929
f 1664/1/2930 1623/2/2930 1527/3/2930
f 1673/1/2931 1669/2/2931 1659/3/2931
f 1645/1/2932 1639/2/2932 1568/3/2932
f 1670/1/2933 1632/2/2933 1671/3/2933
f 1683/1/2934 1575/2/2934 1615/3/2934
f 1666/1/2935 1590/2/2935 1631/3/2935
f 1684/1/2936 1548/2/2936 1643/3/2936
f 1671/1/2937 1331/2/2937 1329/3/2937
f 1646/1/2938 1656/2/2938 1529/3/2938
f 1688/1/2939 1665/2/2939 1657/3/2939
f 1688/1/2940 1657/2/2940 1669/3/2940
f 1689/1/2941 1670/2/2941 1671/3/2941
f 1691/1/2942 1610/2/2942 1617/3/2942
f 1690/1/2943 1673/2/2943 1670/3/2943
f 1688/1/2944 1676/2/2944 1665/3/2944
f 1350/1/2945 1612/2/2945 1682/3/2945
f 1692/1/2946 1669/2/2946 1673/3/2946
f 1693/1/2947 1613/2/2947 1576/3/2947
f 1694/1/2948 1688/2/2948 1669/3/2948
f 1630/1/2949 1578/2/2949 1653/3/2949
f 1689/1/2950 1671/2/2950 1329/3/2950
f 1689/1/2951 1329/2/2951 1326/3/2951
f 1679/1/2952 1652/2/2952 1577/3/2952
f 1320/1/2953 1695/2/2953 1001/3/2953
f 1685/1/2954 1606/2/2954 1626/3/2954
f 1638/1/2955 1335/2/2955 1328/3/2955
f 1702/1/2956 1608/2/2956 1600/3/2956
f 1701/1/2957 1641/2/2957 1610/3/2957
f 1692/1/2958 1673/2/2958 1690/3/2958
f 1702/1/2959 1600/2/2959 1660/3/2959
f 1674/1/2960 1582/2/2960 1654/3/2960
f 1694/1/2961 1669/2/2961 1692/3/2961
f 1703/1/2962 1611/2/2962 1603/3/2962
f 1704/1/2963 1700/2/2963 1697/3/2963
f 1686/1/2964 1655/2/2964 1614/3/2964
f 1689/1/2965 1690/2/2965 1670/3/2965
f 1704/1/2966 1697/2/2966 1696/3/2966
f 1705/1/2967 1592/2/2967 1628/3/2967
f 1694/1/2968 1706/2/2968 1688/3/2968
f 1707/1/2969 1642/2/2969 1652/3/2969
f 1594/1/2970 1575/2/2970 1683/3/2970
f 1708/1/2971 3786/2/2971 1699/3/2971
f 1684/1/2972 1615/2/2972 1548/3/2972
f 1710/1/2973 1576/2/2973 1562/3/2973
f 1422/1/2974 1622/2/2974 1630/3/2974
f 1368/1/2975 1643/2/2975 1607/3/2975
f 1704/1/2976 1699/2/2976 1700/3/2976
f 1687/1/2977 1646/2/2977 1608/3/2977
f 1711/1/2978 1694/2/2978 1692/3/2978
f 1712/1/2979 1591/2/2979 1655/3/2979
f 1672/1/2980 1606/2/2980 1685/3/2980
f 1712/1/2981 1667/2/2981 1591/3/2981
f 1713/1/2982 1690/2/2982 1689/3/2982
f 1686/1/2983 1614/2/2983 1642/3/2983
f 1714/1/2984 1692/2/2984 1690/3/2984
f 1715/1/2985 1652/2/2985 1679/3/2985
f 1711/1/2986 1716/2/2986 1706/3/2986
f 1711/1/2987 1706/2/2987 1694/3/2987
f 1718/1/2988 1651/2/2988 1611/3/2988
f 1711/1/2989 1692/2/2989 1714/3/2989
f 1713/1/2990 1689/2/2990 1326/3/2990
f 1713/1/2991 1326/2/2991 992/3/2991
f 1436/1/2992 1599/2/2992 1634/3/2992
f 1708/1/2993 3788/2/2993 3786/3/2993
f 1704/1/2994 1696/2/2994 1720/3/2994
f 1714/1/2995 1690/2/2995 1713/3/2995
f 1721/1/2996 1722/2/2996 3783/3/2996
f 1691/1/2997 1617/2/2997 1666/3/2997
f 1443/1/2998 1677/2/2998 1569/3/2998
f 1443/1/2999 1569/2/2999 1650/3/2999
f 1678/1/3000 1612/2/3000 1350/3/3000
f 1724/1/3001 1654/2/3001 1667/3/3001
f 1725/1/3002 1711/2/3002 1714/3/3002
f 1708/1/3003 1699/2/3003 1704/3/3003
f 1725/1/3004 1716/2/3004 1711/3/3004
f 1693/1/3005 1682/2/3005 1613/3/3005
f 1322/1/3006 1714/2/3006 1713/3/3006
f 1322/1/3007 1713/2/3007 992/3/3007
f 1646/1/3008 1727/2/3008 1656/3/3008
f 1720/1/3009 1726/2/3009 1721/3/3009
f 1687/1/3010 1608/2/3010 1702/3/3010
f 1660/1/3011 1564/2/3011 1649/3/3011
f 1695/1/3012 1725/2/3012 1714/3/3012
f 1728/1/3013 3788/2/3013 1708/3/3013
f 1695/1/3014 1322/2/3014 1001/3/3014
f 1729/1/3015 1640/2/3015 1651/3/3015
f 1695/1/3016 1714/2/3016 1322/3/3016
f 1701/1/3017 1610/2/3017 1691/3/3017
f 1730/1/3018 1674/2/3018 1654/3/3018
f 1661/1/3019 1621/2/3019 1680/3/3019
f 1696/1/3020 1726/2/3020 1720/3/3020
f 1730/1/3021 1654/2/3021 1724/3/3021
f 1634/1/3022 1332/2/3022 1323/3/3022
f 1705/1/3023 1658/2/3023 1592/3/3023
f 1731/1/3024 3783/2/3024 1717/3/3024
f 1707/1/3025 1652/2/3025 1715/3/3025
f 1419/1/3026 1643/2/3026 1368/3/3026
f 1719/1/3027 1681/2/3027 1638/3/3027
f 1709/1/3028 1641/2/3028 1701/3/3028
f 1693/1/3029 1576/2/3029 1710/3/3029
f 1709/1/3030 1645/2/3030 1641/3/3030
f 1698/1/3031 1646/2/3031 1687/3/3031
f 1422/1/3032 1663/2/3032 1622/3/3032
f 1733/1/3033 1631/2/3033 1674/3/3033
f 1370/1/3034 1630/2/3034 1653/3/3034
f 1728/1/3035 1723/2/3035 3788/3/3035
f 1735/1/3036 1708/2/3036 1704/3/3036
f 1736/1/3037 1686/2/3037 1642/3/3037
f 1736/1/3038 1642/2/3038 1707/3/3038
f 1703/1/3039 1603/2/3039 1661/3/3039
f 1436/1/3040 1633/2/3040 1599/3/3040
f 1737/1/3041 1623/2/3041 1664/3/3041
f 1738/1/3042 1635/2/3042 1681/3/3042
f 1719/1/3043 1638/2/3043 1328/3/3043
f 1404/1/3044 1634/2/3044 1323/3/3044
f 1726/1/3045 1722/2/3045 1721/3/3045
f 1739/1/3046 1732/2/3046 1723/3/3046
f 1740/1/3047 1691/2/3047 1666/3/3047
f 1724/1/3048 1667/2/3048 1712/3/3048
f 1696/1/3049 1722/2/3049 1726/3/3049
f 1710/1/3050 1562/2/3050 1663/3/3050
f 1731/1/3051 1717/2/3051 1734/3/3051
f 1741/1/3052 1723/2/3052 1728/3/3052
f 1718/1/3053 1611/2/3053 1703/3/3053
f 1733/1/3054 1666/2/3054 1631/3/3054
f 1742/1/3055 1721/2/3055 3783/3/3055
f 1742/1/3056 3783/2/3056 1731/3/3056
f 1419/1/3057 1684/2/3057 1643/3/3057
f 1739/1/3058 3792/2/3058 1732/3/3058
f 1738/1/3059 1679/2/3059 1635/3/3059
f 1744/1/3060 1628/2/3060 1619/3/3060
f 1744/1/3061 1619/2/3061 1677/3/3061
f 1368/1/3062 1607/2/3062 1616/3/3062
f 1698/1/3063 1727/2/3063 1646/3/3063
f 1381/1/3064 1660/2/3064 1649/3/3064
f 1733/1/3065 1674/2/3065 1730/3/3065
f 1746/1/3066 1712/2/3066 1655/3/3066
f 1746/1/3067 1655/2/3067 1686/3/3067
f 1739/1/3068 1723/2/3068 1741/3/3068
f 1375/1/3069 1589/2/3069 1672/3/3069
f 1375/1/3070 1653/2/3070 1589/3/3070
f 1728/1/3071 1708/2/3071 1735/3/3071
f 1405/1/3072 1664/2/3072 1594/3/3072
f 1749/1/3073 1715/2/3073 1679/3/3073
f 1405/1/3074 1594/2/3074 1683/3/3074
f 1412/1/3075 1615/2/3075 1684/3/3075
f 1745/1/3076 1701/2/3076 1691/3/3076
f 1391/1/3077 1633/2/3077 1436/3/3077
f 1733/1/3078 1740/2/3078 1666/3/3078
f 1420/1/3079 1616/2/3079 1296/3/3079
f 1743/1/3080 1731/2/3080 1734/3/3080
f 1446/1/3081 1698/2/3081 1687/3/3081
f 1473/1/3082 1475/2/3082 1675/3/3082
f 1473/1/3083 1675/2/3083 1658/3/3083
f 1427/1/3084 3792/2/3084 1739/3/3084
f 1377/1/3085 1702/2/3085 1660/3/3085
f 1427/1/3086 1750/2/3086 3792/3/3086
f 1426/1/3087 1640/2/3087 1729/3/3087
f 1426/1/3088 1649/2/3088 1640/3/3088
f 1415/1/3089 1650/2/3089 1678/3/3089
f 1359/1/3090 1720/2/3090 1721/3/3090
f 1749/1/3091 1679/2/3091 1738/3/3091
f 1743/1/3092 1734/2/3092 1747/3/3092
f 1357/1/3093 1684/2/3093 1419/3/3093
f 1383/1/3094 1685/2/3094 1626/3/3094
f 1352/1/3095 1704/2/3095 1720/3/3095
f 1352/1/3096 1735/2/3096 1704/3/3096
f 1373/1/3097 1731/2/3097 1743/3/3097
f 1745/1/3098 1709/2/3098 1701/3/3098
f 1744/1/3099 1705/2/3099 1628/3/3099
f 1751/1/3100 1733/2/3100 1730/3/3100
f 1402/1/3101 1662/2/3101 1623/3/3101
f 1402/1/3102 1623/2/3102 1737/3/3102
f 1417/1/3103 1682/2/3103 1693/3/3103
f 1401/1/3104 1728/2/3104 1735/3/3104
f 1412/1/3105 1683/2/3105 1615/3/3105
f 1752/1/3106 1738/2/3106 1681/3/3106
f 1397/1/3107 1745/2/3107 1691/3/3107
f 1368/1/3108 1616/2/3108 1420/3/3108
f 1698/1/3109 1753/2/3109 1727/3/3109
f 1381/1/3110 1649/2/3110 1426/3/3110
f 1365/1/3111 1712/2/3111 1746/3/3111
f 1387/1/3112 1651/2/3112 1718/3/3112
f 1391/1/3113 1626/2/3113 1633/3/3113
f 1387/1/3114 1729/2/3114 1651/3/3114
f 1393/1/3115 1681/2/3115 1719/3/3115
f 1415/1/3116 1443/2/3116 1650/3/3116
f 1373/1/3117 1742/2/3117 1731/3/3117
f 1353/1/3118 1693/2/3118 1710/3/3118
f 1412/1/3119 1684/2/3119 1357/3/3119
f 1374/1/3120 1747/2/3120 1748/3/3120
f 1374/1/3121 1743/2/3121 1747/3/3121
f 1411/1/3122 1736/2/3122 1707/3/3122
f 1420/1/3123 1296/2/3123 1294/3/3123
f 1377/1/3124 1660/2/3124 1381/3/3124
f 1719/1/3125 1328/2/3125 1324/3/3125
f 1360/1/3126 1721/2/3126 1742/3/3126
f 1431/1/3127 1703/2/3127 1661/3/3127
f 1402/1/3128 1680/2/3128 1662/3/3128
f 1365/1/3129 1724/2/3129 1712/3/3129
f 1371/1/3130 1686/2/3130 1736/3/3130
f 1434/1/3131 1737/2/3131 1664/3/3131
f 1371/1/3132 1746/2/3132 1686/3/3132
f 1434/1/3133 1664/2/3133 1405/3/3133
f 1408/1/3134 1705/2/3134 1744/3/3134
f 1413/1/3135 1677/2/3135 1443/3/3135
f 1401/1/3136 1735/2/3136 1352/3/3136
f 1393/1/3115 1752/2/3115 1681/3/3115
f 1362/1/3137 1710/2/3137 1663/3/3137
f 1397/1/3138 1691/2/3138 1740/3/3138
f 1403/1/3139 1730/2/3139 1724/3/3139
f 1370/1/3140 1653/2/3140 1375/3/3140
f 1672/1/3141 1685/2/3141 1384/3/3141
f 1379/1/3142 1715/2/3142 1749/3/3142
f 1383/1/3143 1626/2/3143 1391/3/3143
f 1399/1/3144 1661/2/3144 1680/3/3144
f 1379/1/3145 1707/2/3145 1715/3/3145
f 1388/1/3146 1738/2/3146 1752/3/3146
f 1388/1/3147 1749/2/3147 1738/3/3147
f 1300/1/3148 1404/2/3148 1323/3/3148
f 1300/1/3149 1323/2/3149 1302/3/3149
f 1439/1/3150 1658/2/3150 1705/3/3150
f 1360/1/3151 1359/2/3151 1721/3/3151
f 1403/1/3152 1724/2/3152 1365/3/3152
f 1446/1/3153 1753/2/3153 1698/3/3153
f 1416/1/3154 1678/2/3154 1350/3/3154
f 1417/1/3155 1693/2/3155 1353/3/3155
f 1362/1/3156 1663/2/3156 1422/3/3156
f 1389/1/3157 1750/2/3157 1427/3/3157
f 1369/1/3158 1422/2/3158 1630/3/3158
f 1400/1/3159 1739/2/3159 1741/3/3159
f 1369/1/3160 1630/2/3160 1370/3/3160
f 1397/1/3161 1755/2/3161 1745/3/3161
f 1355/1/3162 1740/2/3162 1733/3/3162
f 1451/1/3163 1680/2/3163 1402/3/3163
f 1352/1/3164 1720/2/3164 1359/3/3164
f 1361/1/3165 1751/2/3165 1730/3/3165
f 1361/1/3166 1730/2/3166 1403/3/3166
f 1371/1/3167 1736/2/3167 1411/3/3167
f 1406/1/3168 1405/2/3168 1683/3/3168
f 1421/1/3169 1748/2/3169 1756/3/3169
f 1436/1/3170 1634/2/3170 1404/3/3170
f 1367/1/3171 1419/2/3171 1368/3/3171
f 1744/1/3172 1677/2/3172 1413/3/3172
f 1420/1/3173 1294/2/3173 1344/3/3173
f 1395/1/3174 1397/2/3174 1740/3/3174
f 1376/1/3175 1446/2/3175 1687/3/3175
f 1355/1/3176 1733/2/3176 1751/3/3176
f 1376/1/3177 1687/2/3177 1702/3/3177
f 1382/1/3178 1377/2/3178 1381/3/3178
f 1349/1/3179 1350/2/3179 1682/3/3179
f 1432/1/3180 1741/2/3180 1728/3/3180
f 1366/1/3181 1746/2/3181 1371/3/3181
f 1349/1/3182 1682/2/3182 1417/3/3182
f 1351/1/3183 1401/2/3183 1352/3/3183
f 1387/1/3184 1426/2/3184 1729/3/3184
f 1366/1/3185 1365/2/3185 1746/3/3185
f 1353/1/3186 1710/2/3186 1362/3/3186
f 1431/1/3187 1661/2/3187 1399/3/3187
f 1372/1/3188 1742/2/3188 1373/3/3188
f 1393/1/3189 1719/2/3189 1324/3/3189
f 1354/1/3190 1740/2/3190 1355/3/3190
f 1389/1/3191 1754/2/3191 1750/3/3191
f 1356/1/3192 1683/2/3192 1412/3/3192
f 1364/1/3193 1403/2/3193 1365/3/3193
f 1432/1/3194 1728/2/3194 1401/3/3194
f 1378/1/3195 1707/2/3195 1379/3/3195
f 1378/1/3196 1411/2/3196 1707/3/3196
f 1439/1/3197 1473/2/3197 1658/3/3197
f 1380/1/3198 1381/2/3198 1426/3/3198
f 1408/1/3199 1744/2/3199 1441/3/3199
f 1397/1/3200 1395/2/3200 1755/3/3200
f 1416/1/3201 1415/2/3201 1678/3/3201
f 1394/1/3202 1703/2/3202 1431/3/3202
f 1374/1/3203 1748/2/3203 1421/3/3203
f 1399/1/3204 1680/2/3204 1451/3/3204
f 1402/1/3205 1737/2/3205 1434/3/3205
f 1396/1/3206 1389/2/3206 1427/3/3206
f 1400/1/3207 1741/2/3207 1432/3/3207
f 1407/1/3208 1352/2/3208 1359/3/3208
f 1360/1/3209 1742/2/3209 1372/3/3209
f 1354/1/3210 1395/2/3210 1740/3/3210
f 1446/1/3211 1445/2/3211 1753/3/3211
f 1398/1/3212 1355/2/3212 1751/3/3212
f 1398/1/3213 1751/2/3213 1361/3/3213
f 1409/1/3214 1366/2/3214 1371/3/3214
f 1429/1/3215 1387/2/3215 1718/3/3215
f 1421/1/3216 1756/2/3216 1386/3/3216
f 1423/1/3217 1754/2/3217 1389/3/3217
f 1439/1/3218 1705/2/3218 1408/3/3218
f 1423/1/3219 1424/2/3219 1754/3/3219
f 1385/1/3220 1379/2/3220 1749/3/3220
f 1428/1/3221 1739/2/3221 1400/3/3221
f 1428/1/3222 1427/2/3222 1739/3/3222
f 1349/1/3223 1416/2/3223 1350/3/3223
f 1393/1/3224 1324/2/3224 1318/3/3224
f 1757/1/3225 1758/2/3225 1759/3/3225
f 1763/1/3226 1821/2/3226 1764/3/3226
f 1770/1/3227 1771/2/3227 2121/3/3227
f 1773/1/3228 1774/2/3228 1775/3/3228
f 1777/1/3229 1778/2/3229 1779/3/3229
f 1783/1/3230 1785/2/3230 1784/3/3230
f 1781/1/3231 2135/2/3231 1782/3/3231
f 1786/1/3232 1787/2/3232 1526/3/3232
f 1788/1/3233 1789/2/3233 1790/3/3233
f 1831/1/3234 1829/2/3234 2158/3/3234
f 1794/1/3235 1795/2/3235 2131/3/3235
f 1796/1/3236 1797/2/3236 1798/3/3236
f 1514/1/3237 1843/2/3237 1486/3/3237
f 1808/1/3238 1809/2/3238 2147/3/3238
f 1805/1/3239 2116/2/3239 1810/3/3239
f 1808/1/3240 2147/2/3240 1811/3/3240
f 1816/1/3241 1817/2/3241 1761/3/3241
f 1818/1/3242 1766/2/3242 1819/3/3242
f 1820/1/3243 1760/2/3243 1821/3/3243
f 1822/1/3244 1765/2/3244 1823/3/3244
f 1827/1/3245 1526/2/3245 1593/3/3245
f 1830/1/3246 1772/2/3246 2134/3/3246
f 1832/1/3247 1780/2/3247 2135/3/3247
f 1834/1/3248 1775/2/3248 2066/3/3248
f 1834/1/3249 2066/2/3249 1785/3/3249
f 1835/1/3250 1798/2/3250 1803/3/3250
f 1783/1/3251 2099/2/3251 1792/3/3251
f 1838/1/3252 1791/2/3252 1839/3/3252
f 1838/1/3253 1839/2/3253 1799/3/3253
f 1840/1/3254 1793/2/3254 1795/3/3254
f 1841/1/3255 1801/2/3255 1842/3/3255
f 1846/1/3256 2092/2/3256 1805/3/3256
f 1757/1/3257 1813/2/3257 1758/3/3257
f 1825/1/3258 1787/2/3258 1786/3/3258
f 1847/1/3259 1807/2/3259 1815/3/3259
f 1849/1/3260 1814/2/3260 1850/3/3260
f 1855/1/3261 1759/2/3261 1765/3/3261
f 1320/1/3262 1768/2/3262 1695/3/3262
f 1857/1/3263 2124/2/3263 1772/3/3263
f 1824/1/3264 1769/2/3264 1833/3/3264
f 1777/1/3265 1833/2/3265 1778/3/3265
f 1788/1/3266 1782/2/3266 1789/3/3266
f 1852/1/3267 1776/2/3267 2159/3/3267
f 1852/1/3268 2159/2/3268 1825/3/3268
f 1853/1/3269 1836/2/3269 1793/3/3269
f 1786/1/3270 1526/2/3270 1827/3/3270
f 1841/1/3271 2145/2/3271 1802/3/3271
f 1854/1/3272 1844/2/3272 1648/3/3272
f 1796/1/3273 1798/2/3273 1835/3/3273
f 1855/1/3274 1765/2/3274 1822/3/3274
f 1856/1/3275 2141/2/3275 1851/3/3275
f 1856/1/3276 1848/2/3276 2141/3/3276
f 1857/1/3277 1772/2/3277 1830/3/3277
f 1858/1/3278 1760/2/3278 1820/3/3278
f 1761/1/3279 1762/2/3279 1824/3/3279
f 1827/1/3280 1593/2/3280 1639/3/3280
f 1859/1/3281 1828/2/3281 1829/3/3281
f 1831/1/3282 1797/2/3282 1796/3/3282
f 1773/1/3283 1775/2/3283 1834/3/3283
f 1860/1/3284 2131/2/3284 1843/3/3284
f 1861/1/3285 1799/2/3285 1800/3/3285
f 1861/1/3286 1800/2/3286 1844/3/3286
f 1860/1/3287 1794/2/3287 2131/3/3287
f 1822/1/3288 1823/2/3288 1767/3/3288
f 1862/1/3289 1818/2/3289 1776/3/3289
f 1863/1/3290 2092/2/3290 1846/3/3290
f 1768/1/3291 1320/2/3291 3975/3/3291
f 1862/1/3292 1776/2/3292 1852/3/3292
f 1847/1/3293 1806/2/3293 1807/3/3293
f 1874/1/3294 1805/2/3294 1810/3/3294
f 1865/1/3295 2124/2/3295 1857/3/3295
f 1865/1/3296 1826/2/3296 2124/3/3296
f 1832/1/3297 2135/2/3297 1781/3/3297
f 1866/1/3298 1829/2/3298 1831/3/3298
f 1867/1/3299 1763/2/3299 1771/3/3299
f 1869/1/3300 1766/2/3300 1818/3/3300
f 1870/1/3301 1811/2/3301 1813/3/3301
f 1853/1/3302 1779/2/3302 1836/3/3302
f 1840/1/3303 1795/2/3303 1794/3/3303
f 1871/1/3304 1783/2/3304 1792/3/3304
f 1873/1/3305 1830/2/3305 1780/3/3305
f 1873/1/3306 1780/2/3306 1832/3/3306
f 1874/1/3307 1810/2/3307 1812/3/3307
f 1847/1/3308 1815/2/3308 1814/3/3308
f 1880/1/3309 1803/2/3309 1766/3/3309
f 1851/1/3310 1760/2/3310 1858/3/3310
f 1881/1/3311 1841/2/3311 1802/3/3311
f 1820/1/3312 1821/2/3312 1763/3/3312
f 1875/1/3313 1757/2/3313 1759/3/3313
f 1876/1/3314 1777/2/3314 1779/3/3314
f 1859/1/3315 1829/2/3315 1866/3/3315
f 1878/1/3316 1831/2/3316 1796/3/3316
f 1877/1/3317 1785/2/3317 1783/3/3317
f 1853/1/3318 1793/2/3318 1840/3/3318
f 1879/1/3319 1792/2/3319 1791/3/3319
f 1868/1/3320 1835/2/3320 1803/3/3320
f 1854/1/3321 1648/2/3321 1668/3/3321
f 1880/1/3322 1766/2/3322 1869/3/3322
f 1788/1/3323 1790/2/3323 1837/3/3323
f 1881/1/3324 1802/2/3324 1809/3/3324
f 1882/1/3325 1786/2/3325 1827/3/3325
f 1870/1/3326 1808/2/3326 1811/3/3326
f 1883/1/3327 1813/2/3327 1757/3/3327
f 1885/1/3328 1796/2/3328 1835/3/3328
f 1886/1/3329 1759/2/3329 1855/3/3329
f 1884/1/3330 1833/2/3330 1777/3/3330
f 1887/1/3331 1822/2/3331 1767/3/3331
f 1868/1/3332 1803/2/3332 1880/3/3332
f 1869/1/3333 1818/2/3333 1862/3/3333
f 1888/1/3334 1782/2/3334 1788/3/3334
f 1860/1/3335 1843/2/3335 1872/3/3335
f 1890/1/3336 1861/2/3336 1844/3/3336
f 1889/1/3337 1837/2/3337 1801/3/3337
f 1891/1/3338 1809/2/3338 1808/3/3338
f 1870/1/3339 1813/2/3339 1883/3/3339
f 1893/1/3340 1814/2/3340 1849/3/3340
f 1892/1/3341 1812/2/3341 1848/3/3341
f 1895/1/3342 1855/2/3342 1822/3/3342
f 1894/1/3343 1816/2/3343 1761/3/3343
f 1896/1/3344 1767/2/3344 1768/3/3344
f 1867/1/3345 1771/2/3345 1770/3/3345
f 1897/1/3346 1774/2/3346 1773/3/3346
f 1898/1/3347 1786/2/3347 1882/3/3347
f 1899/1/3348 1785/2/3348 1877/3/3348
f 1899/1/3349 1834/2/3349 1785/3/3349
f 1898/1/3350 1825/2/3350 1786/3/3350
f 1879/1/3351 1871/2/3351 1792/3/3351
f 1900/1/3352 1840/2/3352 1794/3/3352
f 1861/1/3353 1838/2/3353 1799/3/3353
f 1878/1/3354 1796/2/3354 1885/3/3354
f 1872/1/3355 1843/2/3355 1514/3/3355
f 1875/1/3356 1759/2/3356 1886/3/3356
f 1901/1/3357 1849/2/3357 1816/3/3357
f 3974/1/3358 1768/2/3358 3975/3/3358
f 1857/1/3359 1830/2/3359 1873/3/3359
f 1902/1/3360 1761/2/3360 1824/3/3360
f 1903/1/3361 1820/2/3361 1763/3/3361
f 1903/1/3362 1763/2/3362 1867/3/3362
f 1888/1/3363 1781/2/3363 1782/3/3363
f 1889/1/3364 1788/2/3364 1837/3/3364
f 1884/1/3365 1824/2/3365 1833/3/3365
f 1904/1/3366 1905/2/3366 1828/3/3366
f 1904/1/3367 1828/2/3367 1859/3/3367
f 1906/1/3368 1831/2/3368 1878/3/3368
f 1906/1/3369 1866/2/3369 1831/3/3369
f 1881/1/3370 1809/2/3370 1891/3/3370
f 1877/1/3371 1783/2/3371 1871/3/3371
f 1883/1/3372 1757/2/3372 1875/3/3372
f 1879/1/3373 1791/2/3373 1838/3/3373
f 1907/1/3374 1868/2/3374 1880/3/3374
f 1886/1/3375 1855/2/3375 1895/3/3375
f 1887/1/3376 1767/2/3376 1896/3/3376
f 1908/1/3377 1854/2/3377 1668/3/3377
f 1909/1/3378 1864/2/3378 1845/3/3378
f 1910/1/3379 1806/2/3379 1847/3/3379
f 1938/1/3380 1832/2/3380 1781/3/3380
f 1911/1/3381 1827/2/3381 1639/3/3381
f 1912/1/3382 1859/2/3382 1866/3/3382
f 1897/1/3383 1770/2/3383 1774/3/3383
f 1896/1/3384 1768/2/3384 3974/3/3384
f 1890/1/3385 1844/2/3385 1854/3/3385
f 1914/1/3386 1873/2/3386 1832/3/3386
f 1915/1/3387 1639/2/3387 1645/3/3387
f 1915/1/3388 1645/2/3388 1709/3/3388
f 1846/1/3389 1916/2/3389 1863/3/3389
f 1917/1/3390 1788/2/3390 1889/3/3390
f 1892/1/3391 1848/2/3391 1856/3/3391
f 1918/1/3392 1801/2/3392 1841/3/3392
f 1919/1/3393 1851/2/3393 1858/3/3393
f 1893/1/3394 1849/2/3394 1901/3/3394
f 1920/1/3395 1808/2/3395 1870/3/3395
f 1894/1/3396 1761/2/3396 1902/3/3396
f 1921/1/3397 1824/2/3397 1884/3/3397
f 1922/1/3398 1852/2/3398 1825/3/3398
f 1922/1/3399 1825/2/3399 1898/3/3399
f 1923/1/3400 1832/2/3400 1938/3/3400
f 1911/1/3401 1882/2/3401 1827/3/3401
f 1904/1/3402 1859/2/3402 1912/3/3402
f 1900/1/3403 1794/2/3403 1860/3/3403
f 1924/1/3404 1841/2/3404 1881/3/3404
f 1846/1/3405 1805/2/3405 1874/3/3405
f 1885/1/3406 1835/2/3406 1868/3/3406
f 1910/1/3407 1845/2/3407 1806/3/3407
f 1925/1/3408 1870/2/3408 1883/3/3408
f 1926/1/3409 1874/2/3409 1812/3/3409
f 1893/1/3410 1847/2/3410 1814/3/3410
f 1913/1/3411 1928/2/3411 1929/3/3411
f 1913/1/3412 1865/2/3412 1857/3/3412
f 1913/1/3413 1929/2/3413 1865/3/3413
f 1930/1/3414 1770/2/3414 1897/3/3414
f 1911/1/3415 1639/2/3415 1915/3/3415
f 1931/1/3416 1773/2/3416 1834/3/3416
f 1917/1/3417 1888/2/3417 1788/3/3417
f 1932/1/3418 1876/2/3418 1779/3/3418
f 1932/1/3419 1779/2/3419 1853/3/3419
f 1918/1/3420 1889/2/3420 1801/3/3420
f 1920/1/3421 1891/2/3421 1808/3/3421
f 1933/1/3422 1880/2/3422 1869/3/3422
f 1908/1/3423 1668/2/3423 1676/3/3423
f 1934/1/3424 1514/2/3424 1540/3/3424
f 1922/1/3425 1862/2/3425 1852/3/3425
f 1936/1/3426 1895/2/3426 1822/3/3426
f 1936/1/3426 1822/2/3426 1887/3/3426
f 1913/1/3427 1857/2/3427 1873/3/3427
f 1937/1/3428 1910/2/3428 1847/3/3428
f 1914/1/3429 1832/2/3429 1923/3/3429
f 1919/1/3430 1856/2/3430 1851/3/3430
f 1938/1/3431 1781/2/3431 1888/3/3431
f 1904/1/3432 1939/2/3432 1905/3/3432
f 1924/1/3433 1918/2/3433 1841/3/3433
f 1940/1/3434 1884/2/3434 1777/3/3434
f 1940/1/3435 1777/2/3435 1876/3/3435
f 1925/1/3436 1920/2/3436 1870/3/3436
f 1942/1/3437 1883/2/3437 1875/3/3437
f 1927/1/3438 1869/2/3438 1862/3/3438
f 1943/1/3439 1890/2/3439 1854/3/3439
f 1943/1/3440 1854/2/3440 1908/3/3440
f 1944/1/3441 1885/2/3441 1868/3/3441
f 1930/1/3442 1867/2/3442 1770/3/3442
f 1933/1/3443 1907/2/3443 1880/3/3443
f 1931/1/3444 1897/2/3444 1773/3/3444
f 1927/1/3445 1862/2/3445 1922/3/3445
f 1946/1/3446 1873/2/3446 1914/3/3446
f 1947/1/3447 1861/2/3447 1890/3/3447
f 1961/1/3448 1853/2/3448 1840/3/3448
f 1948/1/3449 1900/2/3449 1860/3/3449
f 1949/1/3450 1846/2/3450 1874/3/3450
f 1950/1/3451 1912/2/3451 1866/3/3451
f 1950/1/3452 1866/2/3452 1906/3/3452
f 1926/1/3453 1812/2/3453 1892/3/3453
f 1934/1/3454 1872/2/3454 1514/3/3454
f 1952/1/3455 1878/2/3455 1885/3/3455
f 1953/1/3456 1858/2/3456 1820/3/3456
f 1955/1/3457 1901/2/3457 1816/3/3457
f 1956/1/3458 1868/2/3458 1907/3/3458
f 1954/1/3459 1875/2/3459 1886/3/3459
f 1933/1/3460 1869/2/3460 1927/3/3460
f 1955/1/3461 1816/2/3461 1894/3/3461
f 1902/1/3462 1824/2/3462 1921/3/3462
f 1899/1/3463 1931/2/3463 1834/3/3463
f 1917/1/3464 1889/2/3464 1918/3/3464
f 1957/1/3465 1882/2/3465 1911/3/3465
f 1932/1/3466 1853/2/3466 1941/3/3466
f 1958/1/3467 1838/2/3467 1861/3/3467
f 1959/1/3468 1709/2/3468 1745/3/3468
f 1959/1/3469 1915/2/3469 1709/3/3469
f 1958/1/3470 1879/2/3470 1838/3/3470
f 1960/1/3471 1881/2/3471 1891/3/3471
f 1961/1/3472 1840/2/3472 1900/3/3472
f 1962/1/3473 1860/2/3473 1872/3/3473
f 1963/1/3474 1886/2/3474 1895/3/3474
f 1945/1/3475 1887/2/3475 1896/3/3475
f 1945/1/3476 1896/2/3476 3974/3/3476
f 1965/1/3477 1845/2/3477 1910/3/3477
f 1965/1/3478 1909/2/3478 1845/3/3478
f 1966/1/3479 1893/2/3479 1901/3/3479
f 1967/1/3480 1898/2/3480 1882/3/3480
f 1951/1/3481 1924/2/3481 1881/3/3481
f 1967/1/3482 1922/2/3482 1898/3/3482
f 1968/1/3483 1897/2/3483 1931/3/3483
f 1969/1/3484 1899/2/3484 1877/3/3484
f 1925/1/3485 1883/2/3485 1942/3/3485
f 1970/1/3486 1871/2/3486 1879/3/3486
f 1941/1/3487 1853/2/3487 1961/3/3487
f 1913/1/3488 1971/2/3488 1928/3/3488
f 1944/1/3489 1868/2/3489 1956/3/3489
f 1972/1/3490 1927/2/3490 1922/3/3490
f 1974/1/3491 1540/2/3491 1570/3/3491
f 1973/1/3492 1892/2/3492 1856/3/3492
f 1975/1/3493 1918/2/3493 1924/3/3493
f 1960/1/3494 1951/2/3494 1881/3/3494
f 1953/1/3495 1919/2/3495 1858/3/3495
f 1976/1/3496 1847/2/3496 1893/3/3496
f 1963/1/3497 1954/2/3497 1886/3/3497
f 1977/1/3498 1887/2/3498 1945/3/3498
f 1977/1/3499 1936/2/3499 1887/3/3499
f 1986/1/3500 1877/2/3500 1871/3/3500
f 1978/1/3501 1914/2/3501 1923/3/3501
f 1940/1/3502 1921/2/3502 1884/3/3502
f 1979/1/3503 1908/2/3503 1676/3/3503
f 1980/1/3504 1933/2/3504 1927/3/3504
f 1949/1/3505 1874/2/3505 1964/3/3505
f 1948/1/3506 1860/2/3506 1962/3/3506
f 1981/1/3507 1856/2/3507 1919/3/3507
f 1942/1/3508 1875/2/3508 1954/3/3508
f 1957/1/3509 1911/2/3509 1915/3/3509
f 1963/1/3510 1895/2/3510 1936/3/3510
f 1982/1/3511 1953/2/3511 1820/3/3511
f 1982/1/3512 1820/2/3512 1903/3/3512
f 1935/1/3513 1909/2/3513 1965/3/3513
f 1983/1/3514 1903/2/3514 1867/3/3514
f 1984/1/3515 1878/2/3515 1952/3/3515
f 1984/1/3516 1906/2/3516 1878/3/3516
f 1985/1/3517 1888/2/3517 1917/3/3517
f 1968/1/3518 1930/2/3518 1897/3/3518
f 1987/1/3519 1891/2/3519 1920/3/3519
f 1986/1/3520 1871/2/3520 1970/3/3520
f 1988/1/3521 1861/2/3521 1947/3/3521
f 1988/1/3522 1958/2/3522 1861/3/3522
f 1989/1/3523 1925/2/3523 1942/3/3523
f 1980/1/3524 1927/2/3524 1972/3/3524
f 1990/1/3525 1474/2/3525 1473/3/3525
f 1967/1/3526 1882/2/3526 1957/3/3526
f 2001/1/3527 1971/2/3527 1913/3/3527
f 1946/1/3528 1914/2/3528 1978/3/3528
f 1990/1/3529 1992/2/3529 1474/3/3529
f 1993/1/3530 1961/2/3530 1900/3/3530
f 1990/1/3531 1473/2/3531 1439/3/3531
f 1964/1/3532 1874/2/3532 1926/3/3532
f 1994/1/3533 1915/2/3533 1959/3/3533
f 1995/1/3534 1938/2/3534 1888/3/3534
f 1997/1/3535 1990/2/3535 1439/3/3535
f 1974/1/3536 1934/2/3536 1540/3/3536
f 1975/1/3537 1924/2/3537 1951/3/3537
f 1998/1/3538 1992/2/3538 1990/3/3538
f 1999/1/3539 1920/2/3539 1925/3/3539
f 1976/1/3540 1937/2/3540 1847/3/3540
f 1998/1/3541 1996/2/3541 1992/3/3541
f 1480/1/3542 1997/2/3542 1439/3/3542
f 2000/1/3543 1894/2/3543 1902/3/3543
f 1969/1/3544 1877/2/3544 1986/3/3544
f 2001/1/3545 1873/2/3545 1946/3/3545
f 2001/1/3546 1913/2/3546 1873/3/3546
f 1998/1/3547 1990/2/3547 1997/3/3547
f 1972/1/3548 1922/2/3548 1967/3/3548
f 2002/1/3549 1996/2/3549 1998/3/3549
f 2003/1/3550 1940/2/3550 1876/3/3550
f 2004/1/3551 1918/2/3551 1975/3/3551
f 2004/1/3552 1917/2/3552 1918/3/3552
f 1979/1/3553 1943/2/3553 1908/3/3553
f 2003/1/3554 1876/2/3554 1932/3/3554
f 1987/1/3555 1960/2/3555 1891/3/3555
f 1984/1/3556 1950/2/3556 1906/3/3556
f 2005/1/3557 1998/2/3557 1997/3/3557
f 1952/1/3558 1885/2/3558 1944/3/3558
f 1973/1/3559 1856/2/3559 1981/3/3559
f 2006/1/3560 1872/2/3560 1934/3/3560
f 2007/1/3561 1997/2/3561 1480/3/3561
f 1995/1/3562 1923/2/3562 1938/3/3562
f 1956/1/3563 1907/2/3563 1933/3/3563
f 2008/1/3564 1974/2/3564 1570/3/3564
f 2010/1/3565 2002/2/3565 1998/3/3565
f 2009/1/3566 1910/2/3566 1937/3/3566
f 2010/1/3567 2011/2/3567 2002/3/3567
f 2012/1/3568 1931/2/3568 1899/3/3568
f 2013/1/3569 1976/2/3569 1893/3/3569
f 2005/1/3570 1997/2/3570 2007/3/3570
f 1994/1/3571 1957/2/3571 1915/3/3571
f 1987/1/3572 1920/2/3572 1999/3/3572
f 2014/1/3573 1947/2/3573 1890/3/3573
f 2014/1/3574 1890/2/3574 1943/3/3574
f 1755/1/3575 1959/2/3575 1745/3/3575
f 2015/1/3576 1904/2/3576 1912/3/3576
f 2015/1/3577 1912/2/3577 1950/3/3577
f 2001/1/3578 2034/2/3578 1971/3/3578
f 2016/1/3579 1926/2/3579 1892/3/3579
f 1995/1/3580 1888/2/3580 1985/3/3580
f 1981/1/3581 1919/2/3581 1953/3/3581
f 2018/1/3582 1998/2/3582 2005/3/3582
f 1538/1/3583 2007/2/3583 1480/3/3583
f 2010/1/3584 2019/2/3584 2011/3/3584
f 1999/1/3585 1925/2/3585 1989/3/3585
f 1983/1/3586 1867/2/3586 1930/3/3586
f 1965/1/3587 2020/2/3587 1935/3/3587
f 2021/1/3588 1942/2/3588 1954/3/3588
f 2018/1/3589 2010/2/3589 1998/3/3589
f 1978/1/3590 1923/2/3590 1995/3/3590
f 2022/1/3591 1939/2/3591 1904/3/3591
f 2000/1/3592 1955/2/3592 1894/3/3592
f 2023/1/3593 1951/2/3593 1960/3/3593
f 2024/1/3594 1676/2/3594 1688/3/3594
f 1949/1/3595 1991/2/3595 1916/3/3595
f 1949/1/3596 1916/2/3596 1846/3/3596
f 2025/1/3597 1963/2/3597 1936/3/3597
f 2025/1/3598 1936/2/3598 1977/3/3598
f 1993/1/3599 1900/2/3599 1948/3/3599
f 2006/1/3600 1962/2/3600 1872/3/3600
f 2027/1/3601 1917/2/3601 2004/3/3601
f 2027/1/3602 1985/2/3602 1917/3/3602
f 2028/1/3603 2005/2/3603 2007/3/3603
f 2028/1/3604 2018/2/3604 2005/3/3604
f 2009/1/3605 1965/2/3605 1910/3/3605
f 1968/1/3606 1931/2/3606 2012/3/3606
f 2029/1/3607 1959/2/3607 1755/3/3607
f 2030/1/3608 1969/2/3608 1986/3/3608
f 1989/1/3609 1942/2/3609 2021/3/3609
f 2031/1/3610 1538/2/3610 1597/3/3610
f 2033/1/3611 1954/2/3611 1963/3/3611
f 1958/1/3612 1970/2/3612 1879/3/3612
f 2032/1/3613 1952/2/3613 1944/3/3613
f 1955/1/3614 1966/2/3614 1901/3/3614
f 2017/1/3615 1956/2/3615 1933/3/3615
f 2046/1/3616 1921/2/3616 1940/3/3616
f 2035/1/3617 2019/2/3617 2010/3/3617
f 2023/1/3618 1975/2/3618 1951/3/3618
f 2036/1/3619 1960/2/3619 1987/3/3619
f 2031/1/3620 2007/2/3620 1538/3/3620
f 2006/1/3621 1934/2/3621 1974/3/3621
f 2037/1/3622 1930/2/3622 1968/3/3622
f 2012/1/3623 1899/2/3623 1969/3/3623
f 2008/1/3624 1570/2/3624 1581/3/3624
f 2038/1/3625 1986/2/3625 1970/3/3625
f 2039/1/3626 2018/2/3626 2028/3/3626
f 2039/1/3627 2010/2/3627 2018/3/3627
f 2009/1/3628 1937/2/3628 1976/3/3628
f 2040/1/3629 2007/2/3629 2031/3/3629
f 2041/1/3630 1944/2/3630 1956/3/3630
f 2013/1/3631 1893/2/3631 1966/3/3631
f 2017/1/3632 1933/2/3632 1980/3/3632
f 2043/1/3633 1987/2/3633 1999/3/3633
f 2042/1/3634 2014/2/3634 1943/3/3634
f 2044/1/3635 1902/2/3635 1921/3/3635
f 2045/1/3636 1946/2/3636 1978/3/3636
f 2047/1/3637 1967/2/3637 1957/3/3637
f 2016/1/3638 1892/2/3638 1973/3/3638
f 2048/1/3639 1995/2/3639 1985/3/3639
f 2047/1/3640 1957/2/3640 1994/3/3640
f 2049/1/3641 1982/2/3641 1903/3/3641
f 2050/1/3642 1975/2/3642 2023/3/3642
f 2049/1/3643 1903/2/3643 2026/3/3643
f 2029/1/3644 1994/2/3644 1959/3/3644
f 2040/1/3645 2028/2/3645 2007/3/3645
f 2051/1/3646 1904/2/3646 2015/3/3646
f 2051/1/3647 2022/2/3647 1904/3/3647
f 2052/1/3648 1983/2/3648 1930/3/3648
f 2053/1/3649 1597/2/3649 1656/3/3649
f 2053/1/3650 2031/2/3650 1597/3/3650
f 2054/1/3651 1950/2/3651 1984/3/3651
f 2033/1/3652 1963/2/3652 2025/3/3652
f 2035/1/3653 2055/2/3653 2019/3/3653
f 2033/1/3654 2025/2/3654 2056/3/3654
f 2057/1/3655 2034/2/3655 2001/3/3655
f 2014/1/3656 1988/2/3656 1947/3/3656
f 2035/1/3657 2010/2/3657 2039/3/3657
f 2024/1/3658 1688/2/3658 1706/3/3658
f 2036/1/3659 1987/2/3659 2043/3/3659
f 2059/1/3660 2028/2/3660 2040/3/3660
f 2062/1/3661 1999/2/3661 1989/3/3661
f 2063/1/3662 1964/2/3662 1926/3/3662
f 2064/1/3663 2021/2/3663 1954/3/3663
f 2063/1/3664 1926/2/3664 2016/3/3664
f 2060/1/3665 1921/2/3665 2046/3/3665
f 2064/1/3666 1954/2/3666 2033/3/3666
f 2045/1/3667 2001/2/3667 1946/3/3667
f 2065/1/3668 1953/2/3668 1982/3/3668
f 2048/1/3669 1978/2/3669 1995/3/3669
f 2026/1/3670 1903/2/3670 1983/3/3670
f 2066/1/3671 1993/2/3671 1948/3/3671
f 2036/1/3672 2023/2/3672 1960/3/3672
f 2043/1/3673 1999/2/3673 2062/3/3673
f 2032/1/3674 1944/2/3674 2041/3/3674
f 2067/1/3675 2039/2/3675 2028/3/3675
f 2030/1/3676 1986/2/3676 2038/3/3676
f 2067/1/3677 2028/2/3677 2059/3/3677
f 2068/1/3678 1980/2/3678 1972/3/3678
f 2069/1/3679 2035/2/3679 2039/3/3679
f 2044/1/3680 2000/2/3680 1902/3/3680
f 2084/1/3681 1949/2/3681 1964/3/3681
f 2070/1/3682 1755/2/3682 1395/3/3682
f 2057/1/3683 2001/2/3683 2045/3/3683
f 2071/1/3684 2022/2/3684 2051/3/3684
f 2072/1/3685 2015/2/3685 1950/3/3685
f 2073/1/3686 2055/2/3686 2035/3/3686
f 2003/1/3687 1932/2/3687 1941/3/3687
f 2072/1/3688 1950/2/3688 2054/3/3688
f 2075/1/3689 1961/2/3689 1993/3/3689
f 2074/1/3690 1984/2/3690 1952/3/3690
f 2076/1/3691 2023/2/3691 2036/3/3691
f 2077/1/3692 1948/2/3692 1962/3/3692
f 2078/1/3693 2012/2/3693 1969/3/3693
f 2079/1/3694 1656/2/3694 1727/3/3694
f 2080/1/3695 2006/2/3695 1974/3/3695
f 2079/1/3696 2053/2/3696 1656/3/3696
f 2017/1/3697 1980/2/3697 2058/3/3697
f 2081/1/3698 2008/2/3698 1581/3/3698
f 2042/1/3699 1943/2/3699 1979/3/3699
f 2082/1/3700 2027/2/3700 2004/3/3700
f 2083/1/3701 1967/2/3701 2061/3/3701
f 2083/1/3702 1972/2/3702 1967/3/3702
f 2084/1/3703 1964/2/3703 2063/3/3703
f 2065/1/3704 1981/2/3704 1953/3/3704
f 2085/1/3705 1989/2/3705 2021/3/3705
f 2069/1/3706 2039/2/3706 2067/3/3706
f 2044/1/3707 1921/2/3707 2060/3/3707
f 2086/1/3708 2059/2/3708 2040/3/3708
f 2052/1/3709 1930/2/3709 2037/3/3709
f 2046/1/3710 1940/2/3710 2003/3/3710
f 2050/1/3711 2023/2/3711 2076/3/3711
f 2087/1/3712 1956/2/3712 2017/3/3712
f 2088/1/3713 1970/2/3713 1958/3/3713
f 2058/1/3714 1980/2/3714 2068/3/3714
f 1784/1/3715 1962/2/3715 2006/3/3715
f 2089/1/3716 2057/2/3716 2045/3/3716
f 2098/1/3717 2040/2/3717 2031/3/3717
f 2098/1/3718 2031/2/3718 2053/3/3718
f 2091/1/3719 1978/2/3719 2048/3/3719
f 2061/1/3720 1967/2/3720 2047/3/3720
f 2090/1/3721 1974/2/3721 2008/3/3721
f 2082/1/3722 1985/2/3722 2027/3/3722
f 2092/1/3723 1965/2/3723 2009/3/3723
f 2093/1/3724 1975/2/3724 2050/3/3724
f 2093/1/3725 2004/2/3725 1975/3/3725
f 1949/1/3726 3889/2/3726 1991/3/3726
f 2095/1/3727 1966/2/3727 1955/3/3727
f 2085/1/3728 2062/2/3728 1989/3/3728
f 2070/1/3729 2029/2/3729 1755/3/3729
f 2096/1/3730 1973/2/3730 1981/3/3730
f 2097/1/3731 2033/2/3731 2056/3/3731
f 2097/1/3732 2064/2/3732 2033/3/3732
f 2065/1/3733 1982/2/3733 2049/3/3733
f 2098/1/3734 2053/2/3734 2079/3/3734
f 2075/1/3735 1941/2/3735 1961/3/3735
f 2068/1/3736 1972/2/3736 2083/3/3736
f 2086/1/3737 2040/2/3737 2098/3/3737
f 2085/1/3738 2021/2/3738 2064/3/3738
f 2077/1/3739 2066/2/3739 1948/3/3739
f 2091/1/3740 2045/2/3740 1978/3/3740
f 2100/1/3741 1985/2/3741 2082/3/3741
f 2099/1/3742 2006/2/3742 2080/3/3742
f 2100/1/3743 2048/2/3743 1985/3/3743
f 2101/1/3744 1958/2/3744 1988/3/3744
f 2073/1/3745 2035/2/3745 2069/3/3745
f 2102/1/3746 2050/2/3746 2076/3/3746
f 2103/1/3747 1676/2/3747 2024/3/3747
f 2103/1/3748 1979/2/3748 1676/3/3748
f 2115/1/3749 1994/2/3749 2029/3/3749
f 2051/1/3750 2104/2/3750 2071/3/3750
f 2105/1/3751 2074/2/3751 1952/3/3751
f 1753/1/3752 2079/2/3752 1727/3/3752
f 2105/1/3753 1952/2/3753 2032/3/3753
f 2087/1/3754 2041/2/3754 1956/3/3754
f 2073/1/3755 2106/2/3755 2055/3/3755
f 2107/1/3756 2043/2/3756 2062/3/3756
f 2121/1/3757 2003/2/3757 1941/3/3757
f 1842/1/3758 2037/2/3758 1968/3/3758
f 2108/1/3759 2045/2/3759 2091/3/3759
f 2108/1/3760 2089/2/3760 2045/3/3760
f 2078/1/3761 1969/2/3761 2030/3/3761
f 2082/1/3762 2004/2/3762 2093/3/3762
f 2088/1/3763 2038/2/3763 1970/3/3763
f 2075/1/3764 1993/2/3764 2066/3/3764
f 2077/1/3765 1962/2/3765 1784/3/3765
f 2109/1/3766 2036/2/3766 2043/3/3766
f 2110/1/3767 1988/2/3767 2014/3/3767
f 2112/1/3768 2042/2/3768 1979/3/3768
f 2085/1/3769 2064/2/3769 2097/3/3769
f 2113/1/3770 1994/2/3770 2094/3/3770
f 2085/1/3771 2097/2/3771 2114/3/3771
f 2113/1/3772 2047/2/3772 1994/3/3772
f 2080/1/3773 1974/2/3773 2090/3/3773
f 2115/1/3774 2029/2/3774 2070/3/3774
f 2081/1/3775 1581/2/3775 1604/3/3775
f 2092/1/3776 2020/2/3776 1965/3/3776
f 2051/1/3777 2015/2/3777 2072/3/3777
f 2096/1/3778 2016/2/3778 1973/3/3778
f 2116/1/3779 1976/2/3779 2013/3/3779
f 2116/1/3780 2009/2/3780 1976/3/3780
f 2095/1/3781 2013/2/3781 1966/3/3781
f 2074/1/3782 2054/2/3782 1984/3/3782
f 2117/1/3783 2079/2/3783 1753/3/3783
f 2118/1/3784 2073/2/3784 2069/3/3784
f 2091/1/3785 2048/2/3785 2100/3/3785
f 2119/1/3786 2059/2/3786 2086/3/3786
f 2120/1/3787 2093/2/3787 2050/3/3787
f 2120/1/3788 2050/2/3788 2102/3/3788
f 1842/1/3789 1968/2/3789 2012/3/3789
f 2109/1/3790 2076/2/3790 2036/3/3790
f 2119/1/3791 2067/2/3791 2059/3/3791
f 2107/1/3792 2062/2/3792 2111/3/3792
f 2101/1/3793 2088/2/3793 1958/3/3793
f 2121/1/3794 1941/2/3794 2075/3/3794
f 1758/1/3795 2014/2/3795 2042/3/3795
f 2122/1/3796 2082/2/3796 2093/3/3796
f 2094/1/3797 1994/2/3797 2115/3/3797
f 2123/1/3798 2067/2/3798 2119/3/3798
f 2109/1/3799 2043/2/3799 2107/3/3799
f 2099/1/3800 1784/2/3800 2006/3/3800
f 2123/1/3801 2069/2/3801 2067/3/3801
f 2111/1/3802 2062/2/3802 2085/3/3802
f 2124/1/3803 1949/2/3803 2084/3/3803
f 2090/1/3804 2008/2/3804 2081/3/3804
f 2125/1/3805 2093/2/3805 2120/3/3805
f 2117/1/3806 2098/2/3806 2079/3/3806
f 2085/1/3807 2114/2/3807 2132/3/3807
f 2126/1/3808 2000/2/3808 2044/3/3808
f 2026/1/3809 1983/2/3809 2052/3/3809
f 2127/1/3810 2108/2/3810 2091/3/3810
f 2110/1/3811 2101/2/3811 1988/3/3811
f 2125/1/3812 2122/2/3812 2093/3/3812
f 2128/1/3813 2117/2/3813 1753/3/3813
f 2129/1/3814 2106/2/3814 2073/3/3814
f 2129/1/3815 3925/2/3815 2106/3/3815
f 2130/1/3816 2109/2/3816 2107/3/3816
f 2123/1/3817 2118/2/3817 2069/3/3817
f 2131/1/3818 1395/2/3818 1449/3/3818
f 2131/1/3819 2070/2/3819 1395/3/3819
f 2132/1/3820 2111/2/3820 2085/3/3820
f 2143/1/3821 2119/2/3821 2086/3/3821
f 2134/1/3822 2016/2/3822 2096/3/3822
f 2100/1/3823 2082/2/3823 2122/3/3823
f 2135/1/3824 1981/2/3824 2065/3/3824
f 2136/1/3825 2076/2/3825 2109/3/3825
f 2137/1/3826 2013/2/3826 2095/3/3826
f 2138/1/3827 2091/2/3827 2100/3/3827
f 2140/1/3828 1753/2/3828 1445/3/3828
f 2141/1/3829 1955/2/3829 2000/3/3829
f 2142/1/3830 2120/2/3830 2102/3/3830
f 2111/1/3831 2132/2/3831 2133/3/3831
f 1764/1/3832 2046/2/3832 2003/3/3832
f 2143/1/3833 2086/2/3833 2098/3/3833
f 1758/1/3834 2110/2/3834 2014/3/3834
f 2102/1/3835 2076/2/3835 2136/3/3835
f 2130/1/3836 2107/2/3836 2111/3/3836
f 1823/1/3837 2024/2/3837 1706/3/3837
f 2139/1/3838 2091/2/3838 2138/3/3838
f 2139/1/3839 2127/2/3839 2091/3/3839
f 1775/1/3840 2075/2/3840 2066/3/3840
f 3889/1/3841 1949/2/3841 2124/3/3841
f 1772/1/3842 2084/2/3842 2063/3/3842
f 2136/1/3843 2109/2/3843 2130/3/3843
f 1850/1/3844 2032/2/3844 2041/3/3844
f 2111/1/3845 2133/2/3845 3938/3/3845
f 1762/1/3846 2087/2/3846 2017/3/3846
f 1762/1/3847 2017/2/3847 2058/3/3847
f 1800/1/3848 2081/2/3848 1604/3/3848
f 2144/1/3849 2098/2/3849 2117/3/3849
f 2128/1/3850 1753/2/3850 2140/3/3850
f 2145/1/3851 2012/2/3851 2078/3/3851
f 2145/1/3852 1842/2/3852 2012/3/3852
f 2129/1/3853 2073/2/3853 2118/3/3853
f 2146/1/3854 2130/2/3854 2111/3/3854
f 2146/1/3855 2111/2/3855 3938/3/3855
f 2147/1/3856 2030/2/3856 2038/3/3856
f 2113/1/3857 2061/2/3857 2047/3/3857
f 1821/1/3858 2060/2/3858 2046/3/3858
f 2148/1/3859 2136/2/3859 2130/3/3859
f 1758/1/3860 2042/2/3860 2112/3/3860
f 2138/1/3861 2100/2/3861 2149/3/3861
f 2142/1/3862 2102/2/3862 2136/3/3862
f 2150/1/3863 2149/2/3863 2100/3/3863
f 2150/1/3864 2100/2/3864 2122/3/3864
f 2150/1/3865 2122/2/3865 2151/3/3865
f 2125/1/3866 2152/2/3866 2153/3/3866
f 1807/1/3867 2072/2/3867 2054/3/3867
f 2125/1/3868 2120/2/3868 2142/3/3868
f 2134/1/3869 2063/2/3869 2016/3/3869
f 2136/1/3870 2148/2/3870 2154/3/3870
f 2151/1/3871 2122/2/3871 2153/3/3871
f 2142/1/3872 2155/2/3872 2152/3/3872
f 1817/1/3873 2041/2/3873 2087/3/3873
f 2135/1/3874 2096/2/3874 1981/3/3874
f 2148/1/3875 2130/2/3875 2146/3/3875
f 2153/1/3876 2122/2/3876 2125/3/3876
f 2154/1/3877 2142/2/3877 2136/3/3877
f 2156/1/3878 2123/2/3878 2119/3/3878
f 2154/1/3879 2155/2/3879 2142/3/3879
f 2143/1/3880 2098/2/3880 2144/3/3880
f 1839/1/3881 2090/2/3881 2081/3/3881
f 2152/1/3882 2125/2/3882 2142/3/3882
f 1790/1/3883 2026/2/3883 2052/3/3883
f 1805/1/3884 2092/2/3884 2009/3/3884
f 1865/1/3885 1929/2/3885 1826/3/3885
f 2095/1/3886 1955/2/3886 2141/3/3886
f 2147/1/3887 2038/2/3887 2088/3/3887
f 2126/1/3888 2044/2/3888 2060/3/3888
f 2157/1/3889 2118/2/3889 2123/3/3889
f 1823/1/3890 2103/2/3890 2024/3/3890
f 1806/1/3891 2051/2/3891 2072/3/3891
f 1815/1/3892 2054/2/3892 2074/3/3892
f 1850/1/3893 2105/2/3893 2032/3/3893
f 1782/1/3894 2049/2/3894 2026/3/3894
f 2158/1/3895 2129/2/3895 2118/3/3895
f 1769/1/3896 2058/2/3896 2068/3/3896
f 2147/1/3897 2078/2/3897 2030/3/3897
f 1778/1/3898 2061/2/3898 2113/3/3898
f 1819/1/3899 2117/2/3899 2128/3/3899
f 2141/1/3900 2000/2/3900 2126/3/3900
f 1765/1/3901 2112/2/3901 1979/3/3901
f 1765/1/3902 1979/2/3902 2103/3/3902
f 1767/1/3903 1706/2/3903 1716/3/3903
f 1767/1/3904 1823/2/3904 1706/3/3904
f 2159/1/3905 2140/2/3905 1445/3/3905
f 1795/1/3906 2115/2/3906 2070/3/3906
f 1795/1/3907 2070/2/3907 2131/3/3907
f 2159/1/3908 1445/2/3908 1471/3/3908
f 2160/1/3909 3925/2/3909 2129/3/3909
f 1772/1/3910 2063/2/3910 2134/3/3910
f 1815/1/3911 2074/2/3911 2105/3/3911
f 2156/1/3912 2119/2/3912 2143/3/3912
f 1817/1/3913 1850/2/3913 2041/3/3913
f 1789/1/3914 2026/2/3914 1790/3/3914
f 1833/1/3915 2068/2/3915 2083/3/3915
f 1800/1/3916 1604/2/3916 1624/3/3916
f 2116/1/3917 2013/2/3917 2137/3/3917
f 2157/1/3918 2123/2/3918 2156/3/3918
f 1759/1/3919 1758/2/3919 2112/3/3919
f 2124/1/3920 2084/2/3920 1772/3/3920
f 1821/1/3921 2046/2/3921 1764/3/3921
f 1807/1/3922 2054/2/3922 1815/3/3922
f 1819/1/3923 2144/2/3923 2117/3/3923
f 1771/1/3924 2003/2/3924 2121/3/3924
f 2158/1/3925 2118/2/3925 2157/3/3925
f 1774/1/3926 2075/2/3926 1775/3/3926
f 1782/1/3927 2065/2/3927 2049/3/3927
f 1774/1/3928 2121/2/3928 2075/3/3928
f 1817/1/3929 2087/2/3929 1762/3/3929
f 1785/1/3930 2077/2/3930 1784/3/3930
f 1785/1/3931 2066/2/3931 2077/3/3931
f 1792/1/3932 2099/2/3932 2080/3/3932
f 1778/1/3933 2083/2/3933 2061/3/3933
f 1804/1/3934 2143/2/3934 2144/3/3934
f 1839/1/3935 2081/2/3935 1800/3/3935
f 1811/1/3936 2088/2/3936 2101/3/3936
f 1811/1/3937 2147/2/3937 2088/3/3937
f 1805/1/3938 2009/2/3938 2116/3/3938
f 1836/1/3939 2113/2/3939 2094/3/3939
f 1829/1/3940 2160/2/3940 2129/3/3940
f 1843/1/3941 1449/2/3941 1486/3/3941
f 1760/1/3942 2126/2/3942 2060/3/3942
f 1843/1/3943 2131/2/3943 1449/3/3943
f 1798/1/3944 2156/2/3944 2143/3/3944
f 1789/1/3945 1782/2/3945 2026/3/3945
f 1837/1/3946 2052/2/3946 2037/3/3946
f 1776/1/3947 2128/2/3947 2140/3/3947
f 1833/1/3948 1769/2/3948 2068/3/3948
f 1787/1/3949 1471/2/3949 1526/3/3949
f 1791/1/3950 2080/2/3950 2090/3/3950
f 2092/1/3951 2161/2/3951 2020/3/3951
f 1793/1/3952 2094/2/3952 2115/3/3952
f 2124/1/3953 1826/2/3953 3889/3/3953
f 1812/1/3954 2137/2/3954 2095/3/3954
f 1780/1/3955 2096/2/3955 2135/3/3955
f 2162/1/3956 2104/2/3956 2051/3/3956
f 1851/1/3957 2141/2/3957 2126/3/3957
f 1815/1/3958 2105/2/3958 1850/3/3958
f 1831/1/3959 2158/2/3959 2157/3/3959
f 1763/1/3960 2003/2/3960 1771/3/3960
f 1763/1/3961 1764/2/3961 2003/3/3961
f 1801/1/3962 2037/2/3962 1842/3/3962
f 1802/1/3963 2145/2/3963 2078/3/3963
f 1762/1/3964 2058/2/3964 1769/3/3964
f 1833/1/3965 2083/2/3965 1778/3/3965
f 1819/1/3966 2128/2/3966 1776/3/3966
f 1759/1/3967 2112/2/3967 1765/3/3967
f 1787/1/3968 2159/2/3968 1471/3/3968
f 1844/1/3969 1800/2/3969 1624/3/3969
f 1768/1/3970 1716/2/3970 1725/3/3970
f 1829/1/3971 2129/2/3971 2158/3/3971
f 1797/1/3972 2157/2/3972 2156/3/3972
f 1810/1/3973 2116/2/3973 2137/3/3973
f 1798/1/3974 2143/2/3974 1804/3/3974
f 1848/1/3975 2095/2/3975 2141/3/3975
f 1766/1/3976 2144/2/3976 1819/3/3976
f 1837/1/3977 1790/2/3977 2052/3/3977
f 1761/1/3978 1817/2/3978 1762/3/3978
f 1809/1/3979 2078/2/3979 2147/3/3979
f 1776/1/3980 2140/2/3980 2159/3/3980
f 1793/1/3981 1836/2/3981 2094/3/3981
f 1792/1/3982 2080/2/3982 1791/3/3982
f 1799/1/3983 1839/2/3983 1800/3/3983
f 1780/1/3984 2134/2/3984 2096/3/3984
f 2135/1/3985 2065/2/3985 1782/3/3985
f 1806/1/3986 2072/2/3986 1807/3/3986
f 1801/1/3987 1837/2/3987 2037/3/3987
f 1797/1/3988 1831/2/3988 2157/3/3988
f 1760/1/3989 2060/2/3989 1821/3/3989
f 1816/1/3990 1850/2/3990 1817/3/3990
f 1813/1/3991 2101/2/3991 2110/3/3991
f 1770/1/3992 2121/2/3992 1774/3/3992
f 1766/1/3993 1804/2/3993 2144/3/3993
f 1765/1/3994 2103/2/3994 1823/3/3994
f 1779/1/3995 1778/2/3995 2113/3/3995
f 1768/1/3996 1767/2/3996 1716/3/3996
f 1779/1/3997 2113/2/3997 1836/3/3997
f 1783/1/3998 1784/2/3998 2099/3/3998
f 1791/1/3999 2090/2/3999 1839/3/3999
f 1793/1/4000 2115/2/4000 1795/3/4000
f 1797/1/4001 2156/2/4001 1798/3/4001
f 2092/1/4002 1863/2/4002 2161/3/4002
f 1845/1/4003 1864/2/4003 2162/3/4003
f 1845/1/4004 2162/2/4004 2051/3/4004
f 1845/1/4005 2051/2/4005 1806/3/4005
f 1812/1/4006 2095/2/4006 1848/3/4006
f 1803/1/4007 1798/2/4007 1804/3/4007
f 1802/1/4008 2078/2/4008 1809/3/4008
f 1851/1/4009 2126/2/4009 1760/3/4009
f 1814/1/4010 1815/2/4010 1850/3/4010
f 1813/1/4011 2110/2/4011 1758/3/4011
f 1828/1/4012 2160/2/4012 1829/3/4012
f 1824/1/4013 1762/2/4013 1769/3/4013
f 1768/1/4014 1725/2/4014 1695/3/4014
f 1830/1/4015 2134/2/4015 1780/3/4015
f 1803/1/4016 1804/2/4016 1766/3/4016
f 1844/1/4017 1624/2/4017 1648/3/4017
f 1818/1/4018 1819/2/4018 1776/3/4018
f 1810/1/4019 2137/2/4019 1812/3/4019
f 1825/1/4020 2159/2/4020 1787/3/4020
f 1841/1/4021 1842/2/4021 2145/3/4021
f 1813/1/4022 1811/2/4022 2101/3/4022
f 1849/1/4023 1850/2/4023 1816/3/4023
f 2169/1/4024 2168/2/4024 2170/3/4024
f 2183/1/4025 2177/2/4025 2348/3/4025
f 2178/1/4026 2179/2/4026 2174/3/4026
f 2343/1/4027 2181/2/4027 2349/3/4027
f 2184/1/4028 2182/2/4028 2317/3/4028
f 2342/1/4029 2192/2/4029 2165/3/4029
f 2199/1/4030 2192/2/4030 2342/3/4030
f 2194/1/4031 2195/2/4031 2196/3/4031
f 2166/1/4032 2197/2/4032 2167/3/4032
f 2174/1/4033 2179/2/4033 2163/3/4033
f 2163/1/4034 2164/2/4034 2172/3/4034
f 2181/1/4035 2201/2/4035 2349/3/4035
f 2349/1/4036 2201/2/4036 2176/3/4036
f 2185/1/4037 2202/2/4037 2345/3/4037
f 2317/1/4038 2203/2/4038 2319/3/4038
f 2345/1/4039 2202/2/4039 2180/3/4039
f 2182/1/4040 2203/2/4040 2317/3/4040
f 2196/1/4041 2195/2/4041 2168/3/4041
f 2191/1/4042 2204/2/4042 2173/3/4042
f 2190/1/4043 2204/2/4043 2191/3/4043
f 2179/1/4044 2164/2/4044 2163/3/4044
f 2164/1/4045 2206/2/4045 2172/3/4045
f 2168/1/4024 2195/2/4024 2170/3/4024
f 2165/1/4046 2192/2/4046 2333/3/4046
f 2201/1/4047 2207/2/4047 2176/3/4047
f 2198/1/4048 2329/2/4048 2327/3/4048
f 2319/1/4049 2203/2/4049 2338/3/4049
f 2172/1/4050 2206/2/4050 2199/3/4050
f 2333/1/4051 2209/2/4051 2187/3/4051
f 2192/1/4052 2209/2/4052 2333/3/4052
f 843/1/4053 2208/2/4053 2183/3/4053
f 874/1/4054 2208/2/4054 843/3/4054
f 2197/1/4055 2211/2/4055 2167/3/4055
f 2167/1/4056 2211/2/4056 2171/3/4056
f 2203/1/4057 2212/2/4057 2338/3/4057
f 2329/1/4058 2218/2/4058 2221/3/4058
f 2206/1/4059 2213/2/4059 2199/3/4059
f 2338/1/4060 2212/2/4060 2194/3/4060
f 2204/1/4061 2247/2/4061 2173/3/4061
f 2173/1/4062 2247/2/4062 2186/3/4062
f 2208/1/4063 2210/2/4063 2183/3/4063
f 2207/1/4064 2214/2/4064 2176/3/4064
f 2176/1/4065 2214/2/4065 2189/3/4065
f 2180/1/4066 2215/2/4066 2200/3/4066
f 2202/1/4067 2215/2/4067 2180/3/4067
f 2187/1/4068 2216/2/4068 2188/3/4068
f 2209/1/4069 2216/2/4069 2187/3/4069
f 2213/1/4070 2217/2/4070 2199/3/4070
f 2199/1/4071 2217/2/4071 2192/3/4071
f 2198/1/4072 2218/2/4072 2329/3/4072
f 2212/1/4073 2219/2/4073 2194/3/4073
f 2177/1/4074 2220/2/4074 2185/3/4074
f 2194/1/4075 2219/2/4075 2195/3/4075
f 2247/1/4076 2268/2/4076 2186/3/4076
f 2214/1/4077 2222/2/4077 2189/3/4077
f 2189/1/4078 2222/2/4078 2184/3/4078
f 2183/1/4079 2210/2/4079 2177/3/4079
f 2171/1/4080 2223/2/4080 2193/3/4080
f 2211/1/4081 2223/2/4081 2171/3/4081
f 2188/1/4082 2216/2/4082 2181/3/4082
f 2219/1/4083 2224/2/4083 2195/3/4083
f 2192/1/4084 2226/2/4084 2209/3/4084
f 2217/1/4085 2226/2/4085 2192/3/4085
f 2210/1/4086 2220/2/4086 2177/3/4086
f 2186/1/4087 2268/2/4087 2205/3/4087
f 2195/1/4088 2224/2/4088 2170/3/4088
f 2215/1/4089 2227/2/4089 2200/3/4089
f 2200/1/4090 2227/2/4090 2175/3/4090
f 2216/1/4091 2228/2/4091 2181/3/4091
f 2220/1/4092 2229/2/4092 2185/3/4092
f 2185/1/4093 2229/2/4093 2202/3/4093
f 2184/1/4094 2231/2/4094 2182/3/4094
f 2222/1/4095 2231/2/4095 2184/3/4095
f 2268/1/4096 2232/2/4096 2205/3/4096
f 2181/1/4097 2228/2/4097 2201/3/4097
f 2230/1/4098 2212/2/4098 2203/3/4098
f 2226/1/4099 2233/2/4099 2209/3/4099
f 2209/1/4100 2233/2/4100 2216/3/4100
f 2182/1/4101 2231/2/4101 2203/3/4101
f 2201/1/4102 2234/2/4102 2207/3/4102
f 2228/1/4103 2234/2/4103 2201/3/4103
f 2193/1/4104 2237/2/4104 2198/3/4104
f 2223/1/4105 2237/2/4105 2193/3/4105
f 2236/1/4106 2239/2/4106 2212/3/4106
f 2235/1/4107 2204/2/4107 2190/3/4107
f 2212/1/4108 2239/2/4108 2219/3/4108
f 2221/1/4109 2240/2/4109 2314/3/4109
f 2227/1/4110 2241/2/4110 2175/3/4110
f 2175/1/4111 2241/2/4111 2166/3/4111
f 2239/1/4112 2242/2/4112 2219/3/4112
f 2234/1/4113 2243/2/4113 2207/3/4113
f 2207/1/4114 2243/2/4114 2214/3/4114
f 2216/1/4115 2244/2/4115 2228/3/4115
f 2233/1/4116 2244/2/4116 2216/3/4116
f 2205/1/4117 2246/2/4117 2225/3/4117
f 2232/1/4118 2246/2/4118 2205/3/4118
f 2219/1/4119 2242/2/4119 2224/3/4119
f 2202/1/4120 2248/2/4120 2215/3/4120
f 2229/1/4121 2248/2/4121 2202/3/4121
f 2242/1/4122 2249/2/4122 2224/3/4122
f 2314/1/4123 2240/2/4123 2235/3/4123
f 2218/1/4124 2250/2/4124 2221/3/4124
f 2214/1/4125 2251/2/4125 2222/3/4125
f 2243/1/4125 2251/2/4125 2214/3/4125
f 2228/1/4126 2252/2/4126 2234/3/4126
f 2166/1/4127 2241/2/4127 2197/3/4127
f 2244/1/4128 2252/2/4128 2228/3/4128
f 2246/1/4129 2253/2/4129 2225/3/4129
f 2198/1/4130 2254/2/4130 2218/3/4130
f 2237/1/4131 2254/2/4131 2198/3/4131
f 2231/1/4132 2255/2/4132 2230/3/4132
f 2240/1/4133 2258/2/4133 2235/3/4133
f 2230/1/4134 2255/2/4134 2236/3/4134
f 2222/1/4135 2260/2/4135 2231/3/4135
f 2251/1/4136 2260/2/4136 2222/3/4136
f 777/1/4137 2261/2/4137 2256/3/4137
f 2255/1/4138 2262/2/4138 2236/3/4138
f 2236/1/4139 2262/2/4139 2239/3/4139
f 2261/1/4140 2291/2/4140 2256/3/4140
f 2234/1/4141 2263/2/4141 2243/3/4141
f 2250/1/4142 2240/2/4142 2221/3/4142
f 2252/1/4143 2263/2/4143 2234/3/4143
f 2256/1/4144 2291/2/4144 2257/3/4144
f 2225/1/4145 2253/2/4145 2238/3/4145
f 2242/1/4146 2264/2/4146 2249/3/4146
f 2239/1/4147 2269/2/4147 2242/3/4147
f 2257/1/4148 2291/2/4148 2259/3/4148
f 2248/1/4149 2227/2/4149 2215/3/4149
f 2262/1/4150 2269/2/4150 2239/3/4150
f 2260/1/4151 2255/2/4151 2231/3/4151
f 2263/1/4152 2270/2/4152 2243/3/4152
f 2243/1/4153 2270/2/4153 2251/3/4153
f 2242/1/4154 2269/2/4154 2264/3/4154
f 2291/1/4155 2293/2/4155 2259/3/4155
f 2241/1/4156 2271/2/4156 2197/3/4156
f 2197/1/4157 2271/2/4157 2211/3/4157
f 2258/1/4158 2273/2/4158 2235/3/4158
f 2293/1/4159 2299/2/4159 2259/3/4159
f 2235/1/4160 2273/2/4160 2204/3/4160
f 2270/1/4161 2274/2/4161 2251/3/4161
f 2259/1/4162 2299/2/4162 2265/3/4162
f 2253/1/4163 2275/2/4163 2238/3/4163
f 2251/1/4164 2274/2/4164 2260/3/4164
f 2274/1/4165 2277/2/4165 2260/3/4165
f 2265/1/4166 2299/2/4166 2266/3/4166
f 2204/1/4167 2273/2/4167 2247/3/4167
f 1084/1/4168 2279/2/4168 858/3/4168
f 2269/1/4169 2280/2/4169 2264/3/4169
f 2260/1/4170 2277/2/4170 2255/3/4170
f 2299/1/4171 2281/2/4171 2266/3/4171
f 2238/1/4172 2275/2/4172 2245/3/4172
f 2268/1/4173 2276/2/4173 2232/3/4173
f 2277/1/4174 2282/2/4174 2255/3/4174
f 2227/1/4175 2283/2/4175 2241/3/4175
f 2255/1/4176 2282/2/4176 2262/3/4176
f 2282/1/4177 2284/2/4177 2262/3/4177
f 2266/1/4178 2281/2/4178 2272/3/4178
f 2262/1/4179 2284/2/4179 2269/3/4179
f 2286/1/4180 2285/2/4180 2297/3/4180
f 2279/1/4181 2286/2/4181 858/3/4181
f 2248/1/4182 2287/2/4182 2227/3/4182
f 858/1/4183 2286/2/4183 2297/3/4183
f 2284/1/4184 2280/2/4184 2269/3/4184
f 2273/1/4185 2289/2/4185 2247/3/4185
f 2271/1/4186 2290/2/4186 2211/3/4186
f 2291/1/4187 2292/2/4187 2293/3/4187
f 2211/1/4188 2290/2/4188 2223/3/4188
f 2285/1/4189 2292/2/4189 2291/3/4189
f 2281/1/4190 2295/2/4190 2272/3/4190
f 2284/1/4191 2296/2/4191 2280/3/4191
f 2280/1/4192 2296/2/4192 2294/3/4192
f 777/1/4193 1269/2/4193 2261/3/4193
f 2276/1/4194 2246/2/4194 2232/3/4194
f 858/1/4195 1269/2/4195 688/3/4195
f 2275/1/4196 2315/2/4196 2245/3/4196
f 2291/1/4197 2297/2/4197 2285/3/4197
f 2237/1/4198 2298/2/4198 2254/3/4198
f 2272/1/4199 2295/2/4199 2278/3/4199
f 2283/1/4200 2300/2/4200 2241/3/4200
f 660/1/4201 2302/2/4201 1084/3/4201
f 2286/1/4202 2318/2/4202 2285/3/4202
f 2305/1/4203 2302/2/4203 2326/3/4203
f 2293/1/4204 2306/2/4204 2299/3/4204
f 2292/1/4205 2306/2/4205 2293/3/4205
f 2247/1/4206 2289/2/4206 2268/3/4206
f 2295/1/4207 2308/2/4207 2278/3/4207
f 731/1/4208 843/2/4208 2326/3/4208
f 2326/1/4209 843/2/4209 2183/3/4209
f 2245/1/4210 2315/2/4210 2267/3/4210
f 2250/1/4211 2316/2/4211 2312/3/4211
f 2287/1/4212 2283/2/4212 2227/3/4212
f 2306/1/4213 2320/2/4213 2299/3/4213
f 1084/1/4214 2302/2/4214 2279/3/4214
f 858/1/4215 2261/2/4215 1269/3/4215
f 2318/1/4216 2292/2/4216 2285/3/4216
f 2297/1/4217 2261/2/4217 858/3/4217
f 2297/1/4218 2291/2/4218 2261/3/4218
f 2289/1/4219 2276/2/4219 2268/3/4219
f 2278/1/4220 2308/2/4220 2288/3/4220
f 2290/1/4221 2323/2/4221 2223/3/4221
f 2223/1/4222 2323/2/4222 2237/3/4222
f 2246/1/4223 2313/2/4223 2253/3/4223
f 2320/1/4224 2324/2/4224 2299/3/4224
f 2299/1/4225 2324/2/4225 2281/3/4225
f 2304/1/4226 2308/2/4226 2295/3/4226
f 2308/1/4227 2303/2/4227 2288/3/4227
f 2315/1/4228 2325/2/4228 2267/3/4228
f 2241/1/4229 2328/2/4229 2271/3/4229
f 2300/1/4230 2328/2/4230 2241/3/4230
f 2302/1/4231 2305/2/4231 2279/3/4231
f 2279/1/4232 2305/2/4232 2286/3/4232
f 2288/1/4233 2309/2/4233 2301/3/4233
f 2313/1/4234 2330/2/4234 2253/3/4234
f 2258/1/4235 2331/2/4235 2273/3/4235
f 2303/1/4236 2309/2/4236 2288/3/4236
f 2254/1/4237 2250/2/4237 2218/3/4237
f 2250/1/4238 2312/2/4238 2240/3/4238
f 2240/1/4239 2312/2/4239 2258/3/4239
f 2286/1/4240 2305/2/4240 2318/3/4240
f 2254/1/4241 2316/2/4241 2250/3/4241
f 2298/1/4242 2316/2/4242 2254/3/4242
f 2276/1/4243 2333/2/4243 2246/3/4243
f 2281/1/4244 2334/2/4244 2295/3/4244
f 2324/1/4245 2334/2/4245 2281/3/4245
f 2267/1/4246 2325/2/4246 2311/3/4246
f 2258/1/4247 2312/2/4247 2335/3/4247
f 2301/1/4248 2309/2/4248 2322/3/4248
f 2253/1/4249 2330/2/4249 2275/3/4249
f 2323/1/4250 2298/2/4250 2237/3/4250
f 2308/1/4251 2304/2/4251 2303/3/4251
f 2309/1/4252 2307/2/4252 2322/3/4252
f 2333/1/4253 2313/2/4253 2246/3/4253
f 2271/1/4254 2340/2/4254 2290/3/4254
f 2328/1/4255 2340/2/4255 2271/3/4255
f 2311/1/4256 2341/2/4256 2321/3/4256
f 2325/1/4257 2341/2/4257 2311/3/4257
f 2273/1/4258 2342/2/4258 2289/3/4258
f 2331/1/4259 2342/2/4259 2273/3/4259
f 2334/1/4260 2304/2/4260 2295/3/4260
f 2330/1/4261 2343/2/4261 2275/3/4261
f 2298/1/4262 2174/2/4262 2316/3/4262
f 2322/1/4263 2307/2/4263 2332/3/4263
f 2341/1/4264 2337/2/4264 2321/3/4264
f 2318/1/4265 2345/2/4265 2292/3/4265
f 660/1/4266 731/2/4266 2302/3/4266
f 2275/1/4267 2349/2/4267 2315/3/4267
f 2343/1/4268 2349/2/4268 2275/3/4268
f 2307/1/4269 2310/2/4269 2332/3/4269
f 2332/1/4270 2310/2/4270 2339/3/4270
f 2315/1/4271 2344/2/4271 2325/3/4271
f 2325/1/4272 2344/2/4272 2341/3/4272
f 731/1/4273 2326/2/4273 2302/3/4273
f 2290/1/4274 2350/2/4274 2323/3/4274
f 2340/1/4275 2350/2/4275 2290/3/4275
f 2289/1/4276 2165/2/4276 2276/3/4276
f 2342/1/4277 2165/2/4277 2289/3/4277
f 2292/1/4278 2180/2/4278 2306/3/4278
f 2345/1/4279 2180/2/4279 2292/3/4279
f 2335/1/4280 2331/2/4280 2258/3/4280
f 2316/1/4281 2174/2/4281 2312/3/4281
f 2310/1/4282 2327/2/4282 2339/3/4282
f 2337/1/4283 2317/2/4283 2321/3/4283
f 2321/1/4284 2317/2/4284 2336/3/4284
f 2305/1/4285 2348/2/4285 2318/3/4285
f 2326/1/4286 2348/2/4286 2305/3/4286
f 2349/1/4287 2344/2/4287 2315/3/4287
f 2334/1/4288 2167/2/4288 2304/3/4288
f 2339/1/4289 2327/2/4289 2346/3/4289
f 2312/1/4290 2163/2/4290 2335/3/4290
f 2231/1/4291 2230/2/4291 2203/3/4291
f 2174/1/4292 2163/2/4292 2312/3/4292
f 2306/1/4293 2180/2/4293 2320/3/4293
f 2165/1/4294 2333/2/4294 2276/3/4294
f 2350/1/4295 2353/2/4295 2323/3/4295
f 2314/1/4296 2235/2/4296 2190/3/4296
f 2323/1/4297 2353/2/4297 2298/3/4297
f 2327/1/4298 2329/2/4298 2346/3/4298
f 2230/1/4299 2236/2/4299 2212/3/4299
f 2167/1/4300 2309/2/4300 2303/3/4300
f 2304/1/4301 2167/2/4301 2303/3/4301
f 2348/1/4302 2345/2/4302 2318/3/4302
f 2333/1/4303 2187/2/4303 2313/3/4303
f 2320/1/4304 2200/2/4304 2324/3/4304
f 2180/1/4305 2200/2/4305 2320/3/4305
f 2336/1/4306 2319/2/4306 2347/3/4306
f 2317/1/4307 2319/2/4307 2336/3/4307
f 2298/1/4308 2353/2/4308 2174/3/4308
f 2313/1/4309 2187/2/4309 2330/3/4309
f 2346/1/4310 2221/2/4310 2351/3/4310
f 2329/1/4311 2221/2/4311 2346/3/4311
f 2163/1/4312 2172/2/4312 2335/3/4312
f 2335/1/4313 2172/2/4313 2331/3/4313
f 2353/1/4314 2178/2/4314 2174/3/4314
f 2171/1/4315 2307/2/4315 2309/3/4315
f 2347/1/4316 2338/2/4316 2352/3/4316
f 2319/1/4317 2338/2/4317 2347/3/4317
f 2349/1/4318 2176/2/4318 2344/3/4318
f 2167/1/4319 2171/2/4319 2309/3/4319
f 2341/1/4320 2189/2/4320 2337/3/4320
f 2200/1/4321 2175/2/4321 2324/3/4321
f 2187/1/4322 2188/2/4322 2330/3/4322
f 2324/1/4323 2175/2/4323 2334/3/4323
f 2351/1/4324 2314/2/4324 2354/3/4324
f 2221/1/4325 2314/2/4325 2351/3/4325
f 2189/1/4326 2184/2/4326 2337/3/4326
f 2307/1/4327 2193/2/4327 2310/3/4327
f 2331/1/4328 2199/2/4328 2342/3/4328
f 2172/1/4329 2199/2/4329 2331/3/4329
f 2334/1/4330 2175/2/4330 2167/3/4330
f 2344/1/4331 2176/2/4331 2341/3/4331
f 2338/1/4332 2194/2/4332 2352/3/4332
f 2352/1/4333 2194/2/4333 2355/3/4333
f 2314/1/4334 2190/2/4334 2354/3/4334
f 2326/1/4335 2183/2/4335 2348/3/4335
f 2177/1/4336 2185/2/4336 2348/3/4336
f 2348/1/4337 2185/2/4337 2345/3/4337
f 2188/1/4338 2181/2/4338 2330/3/4338
f 2330/1/4339 2181/2/4339 2343/3/4339
f 2175/1/4340 2166/2/4340 2167/3/4340
f 2337/1/4341 2184/2/4341 2317/3/4341
f 2171/1/4342 2193/2/4342 2307/3/4342
f 2310/1/4343 2198/2/4343 2327/3/4343
f 2193/1/4344 2198/2/4344 2310/3/4344
f 2176/1/4345 2189/2/4345 2341/3/4345
f 2354/1/4346 2190/2/4346 2191/3/4346
f 2355/1/4347 2194/2/4347 2196/3/4347
f 173/1/4348 295/2/4348 170/3/4348
f 394/1/4349 438/2/4349 446/3/4349
f 2356/1/4350 394/2/4350 325/3/4350
f 324/1/4351 2356/2/4351 325/3/4351
f 328/1/4352 327/2/4352 416/3/4352
f 412/1/4353 328/2/4353 416/3/4353
f 2357/1/4354 412/2/4354 476/3/4354
f 2357/1/4355 476/2/4355 187/3/4355
f 188/1/4356 2357/2/4356 187/3/4356
f 2358/1/4357 2357/2/4357 188/3/4357
f 203/1/4358 2358/2/4358 188/3/4358
f 2359/1/4359 2358/2/4359 203/3/4359
f 2359/1/4360 203/2/4360 220/3/4360
f 2359/1/4361 220/2/4361 309/3/4361
f 2359/1/4362 309/2/4362 384/3/4362
f 2360/1/4363 2359/2/4363 384/3/4363
f 2360/1/4364 384/2/4364 385/3/4364
f 2360/1/4365 385/2/4365 448/3/4365
f 2361/1/4366 2360/2/4366 448/3/4366
f 2361/1/4367 448/2/4367 496/3/4367
f 2362/1/4368 496/2/4368 497/3/4368
f 2362/1/4369 2361/2/4369 496/3/4369
f 903/1/4370 497/2/4370 500/3/4370
f 903/1/4371 2362/2/4371 497/3/4371
f 2245/1/4372 2363/2/4372 2238/3/4372
f 2245/1/4373 2366/2/4373 2363/3/4373
f 398/1/4374 4056/2/4374 4472/3/4374
f 398/1/4375 2365/2/4375 4056/3/4375
f 2267/1/4376 2366/2/4376 2245/3/4376
f 2311/1/4377 2366/2/4377 2267/3/4377
f 398/1/4378 2367/2/4378 2365/3/4378
f 952/1/4379 2364/2/4379 903/3/4379
f 399/1/4380 2367/2/4380 398/3/4380
f 952/1/4381 2368/2/4381 2364/3/4381
f 2321/1/4382 2369/2/4382 2311/3/4382
f 401/1/4383 2367/2/4383 399/3/4383
f 2336/1/4384 2369/2/4384 2321/3/4384
f 401/1/4385 2370/2/4385 2367/3/4385
f 2336/1/4386 2347/2/4386 2369/3/4386
f 402/1/4387 2370/2/4387 401/3/4387
f 402/1/4388 2371/2/4388 2370/3/4388
f 2352/1/4389 2372/2/4389 2347/3/4389
f 2373/1/4390 2368/2/4390 952/3/4390
f 1021/1/4391 2373/2/4391 952/3/4391
f 403/1/4392 2371/2/4392 402/3/4392
f 2355/1/4393 2372/2/4393 2352/3/4393
f 403/1/4394 2374/2/4394 2371/3/4394
f 1051/1/4395 2375/2/4395 2373/3/4395
f 1051/1/4396 2373/2/4396 1021/3/4396
f 2196/1/4397 2168/2/4397 2355/3/4397
f 404/1/4398 2374/2/4398 403/3/4398
f 404/1/4399 2376/2/4399 2374/3/4399
f 1092/1/4400 2375/2/4400 1051/3/4400
f 407/1/4401 2376/2/4401 404/3/4401
f 2378/1/4402 2375/2/4402 1092/3/4402
f 2169/1/4403 2377/2/4403 2168/3/4403
f 407/1/4404 2379/2/4404 2376/3/4404
f 411/1/4405 2379/2/4405 407/3/4405
f 2380/1/4406 2378/2/4406 1092/3/4406
f 1209/1/4407 2380/2/4407 1092/3/4407
f 413/1/4408 2379/2/4408 411/3/4408
f 413/1/4409 2381/2/4409 2379/3/4409
f 417/1/4410 2381/2/4410 413/3/4410
f 1283/1/4411 2380/2/4411 1209/3/4411
f 1283/1/4412 2382/2/4412 2380/3/4412
f 417/1/4413 2383/2/4413 2381/3/4413
f 669/1/4414 2382/2/4414 1283/3/4414
f 419/1/4415 2383/2/4415 417/3/4415
f 419/1/4416 2384/2/4416 2383/3/4416
f 782/1/4417 2382/2/4417 669/3/4417
f 782/1/4418 2385/2/4418 2382/3/4418
f 376/1/4419 2384/2/4419 419/3/4419
f 376/1/4420 2386/2/4420 2384/3/4420
f 782/1/4421 2387/2/4421 2385/3/4421
f 1005/1/4422 2387/2/4422 782/3/4422
f 295/1/4423 2386/2/4423 376/3/4423
f 295/1/4424 2388/2/4424 2386/3/4424
f 1168/1/4425 2389/2/4425 2387/3/4425
f 1168/1/4426 2387/2/4426 1005/3/4426
f 173/1/4427 2388/2/4427 295/3/4427
f 173/1/4428 2390/2/4428 2388/3/4428
f 2391/1/4429 2389/2/4429 1168/3/4429
f 659/1/4430 2391/2/4430 1168/3/4430
f 176/1/4431 2390/2/4431 173/3/4431
f 438/1/4432 2392/2/4432 2390/3/4432
f 2393/1/4433 2391/2/4433 659/3/4433
f 438/1/4434 2390/2/4434 176/3/4434
f 438/1/4435 2394/2/4435 2392/3/4435
f 966/1/4436 2393/2/4436 659/3/4436
f 2395/1/4437 2393/2/4437 966/3/4437
f 394/1/4438 2394/2/4438 438/3/4438
f 1172/1/4439 2395/2/4439 966/3/4439
f 2356/1/4440 2394/2/4440 394/3/4440
f 2396/1/4441 2395/2/4441 1172/3/4441
f 324/1/4442 2397/2/4442 2356/3/4442
f 777/1/4443 2396/2/4443 1172/3/4443
f 328/1/4444 2397/2/4444 324/3/4444
f 777/1/4445 2256/2/4445 2396/3/4445
f 328/1/4446 2398/2/4446 2397/3/4446
f 2257/1/4447 2399/2/4447 2256/3/4447
f 412/1/4448 2400/2/4448 2398/3/4448
f 412/1/4449 2398/2/4449 328/3/4449
f 2259/1/4450 2399/2/4450 2257/3/4450
f 2259/1/4451 2265/2/4451 2399/3/4451
f 2357/1/4452 2401/2/4452 2400/3/4452
f 2357/1/4453 2400/2/4453 412/3/4453
f 2402/1/4454 2266/2/4454 2272/3/4454
f 2357/1/4455 2403/2/4455 2401/3/4455
f 2278/1/4456 2402/2/4456 2272/3/4456
f 2358/1/4457 2403/2/4457 2357/3/4457
f 2288/1/4458 2402/2/4458 2278/3/4458
f 2358/1/4459 2404/2/4459 2403/3/4459
f 2359/1/4460 2404/2/4460 2358/3/4460
f 2332/1/4461 2301/2/4461 2322/3/4461
f 2359/1/4462 2405/2/4462 2404/3/4462
f 2359/1/4463 2406/2/4463 2405/3/4463
f 2339/1/4464 2407/2/4464 2332/3/4464
f 2346/1/4465 2407/2/4465 2339/3/4465
f 2360/1/4466 2406/2/4466 2359/3/4466
f 2351/1/4467 2407/2/4467 2346/3/4467
f 2360/1/4468 2408/2/4468 2406/3/4468
f 2361/1/4469 2408/2/4469 2360/3/4469
f 2354/1/4470 2409/2/4470 2351/3/4470
f 2191/1/4471 2409/2/4471 2354/3/4471
f 2173/1/4472 2409/2/4472 2191/3/4472
f 2173/1/4473 2410/2/4473 2409/3/4473
f 2361/1/4474 2362/2/4474 2408/3/4474
f 2186/1/4475 2410/2/4475 2173/3/4475
f 2411/1/4476 2410/2/4476 2186/3/4476
f 2205/1/4477 2411/2/4477 2186/3/4477
f 2205/1/4478 2413/2/4478 2411/3/4478
f 903/1/4479 2412/2/4479 2362/3/4479
f 903/1/4480 2364/2/4480 2412/3/4480
f 2225/1/4481 2413/2/4481 2205/3/4481
f 2225/1/4482 2363/2/4482 2413/3/4482
f 2238/1/4483 2363/2/4483 2225/3/4483
f 2414/1/4484 2483/2/4484 2415/3/4484
f 2419/1/4485 2416/2/4485 2372/3/4485
f 2419/1/4486 2372/2/4486 2355/3/4486
f 2420/1/4487 2418/2/4487 2396/3/4487
f 2414/1/4488 2417/2/4488 2421/3/4488
f 2422/1/4489 2414/2/4489 2421/3/4489
f 2420/1/4490 2396/2/4490 2256/3/4490
f 2423/1/4491 2420/2/4491 2256/3/4491
f 2419/1/4492 2355/2/4492 2168/3/4492
f 2424/1/4493 2419/2/4493 2168/3/4493
f 2425/1/4494 2422/2/4494 2421/3/4494
f 2423/1/4495 2256/2/4495 2399/3/4495
f 2425/1/4496 2421/2/4496 2426/3/4496
f 2427/1/4497 2423/2/4497 2399/3/4497
f 2428/1/4498 2425/2/4498 2426/3/4498
f 2424/1/4499 2168/2/4499 2377/3/4499
f 2427/1/4500 2399/2/4500 2265/3/4500
f 2428/1/4501 2426/2/4501 2429/3/4501
f 2430/1/4502 2427/2/4502 2265/3/4502
f 2428/1/4503 2429/2/4503 2431/3/4503
f 2430/1/4504 2265/2/4504 2266/3/4504
f 2424/1/4505 2377/2/4505 2432/3/4505
f 2433/1/4506 2430/2/4506 2266/3/4506
f 2434/1/4507 2428/2/4507 2431/3/4507
f 2435/1/4508 2424/2/4508 2432/3/4508
f 2434/1/4509 2431/2/4509 2436/3/4509
f 2433/1/4510 2266/2/4510 2402/3/4510
f 2437/1/4511 2433/2/4511 2402/3/4511
f 2435/1/4512 2432/2/4512 2438/3/4512
f 2439/1/4513 2434/2/4513 2436/3/4513
f 2440/1/4514 2435/2/4514 2438/3/4514
f 2439/1/4515 2436/2/4515 2441/3/4515
f 2440/1/4516 2438/2/4516 2442/3/4516
f 2443/1/4517 2437/2/4517 2402/3/4517
f 2444/1/4518 2439/2/4518 2441/3/4518
f 2443/1/4519 2402/2/4519 2288/3/4519
f 2445/1/4520 2444/2/4520 2441/3/4520
f 2440/1/4521 2442/2/4521 2446/3/4521
f 3795/1/4522 2439/2/4522 2447/3/4522
f 2448/1/4523 2444/2/4523 2445/3/4523
f 2444/1/4524 2447/2/4524 2439/3/4524
f 2449/1/4525 2443/2/4525 2288/3/4525
f 2449/1/4526 2288/2/4526 2301/3/4526
f 2450/1/4527 2440/2/4527 2446/3/4527
f 2449/1/4528 2301/2/4528 2332/3/4528
f 2450/1/4529 2446/2/4529 2451/3/4529
f 2452/1/4530 2449/2/4530 2332/3/4530
f 2453/1/4531 2450/2/4531 2451/3/4531
f 2452/1/4532 2332/2/4532 2407/3/4532
f 2453/1/4533 2451/2/4533 2454/3/4533
f 2455/1/4534 2452/2/4534 2407/3/4534
f 2456/1/4535 2453/2/4535 2454/3/4535
f 2456/1/4536 2454/2/4536 2457/3/4536
f 2455/1/4537 2407/2/4537 2351/3/4537
f 2458/1/4538 2455/2/4538 2351/3/4538
f 2459/1/4539 2456/2/4539 2457/3/4539
f 2458/1/4540 2351/2/4540 2409/3/4540
f 2460/1/4541 2458/2/4541 2409/3/4541
f 2461/1/4542 2459/2/4542 2457/3/4542
f 2461/1/4543 2457/2/4543 2462/3/4543
f 2463/1/4544 2460/2/4544 2409/3/4544
f 2463/1/4545 2409/2/4545 2410/3/4545
f 2461/1/4546 2462/2/4546 2464/3/4546
f 2465/1/4547 2461/2/4547 2464/3/4547
f 2466/1/4548 2463/2/4548 2410/3/4548
f 2466/1/4549 2410/2/4549 2411/3/4549
f 2467/1/4550 2464/2/4550 2468/3/4550
f 2467/1/4551 2465/2/4551 2464/3/4551
f 2466/1/4552 2411/2/4552 2413/3/4552
f 2467/1/4553 2468/2/4553 2469/3/4553
f 2470/1/4554 2466/2/4554 2413/3/4554
f 2471/1/4555 2467/2/4555 2469/3/4555
f 2471/1/4556 2469/2/4556 2472/3/4556
f 2470/1/4557 2413/2/4557 2363/3/4557
f 2473/1/4558 2470/2/4558 2363/3/4558
f 2474/1/4559 2471/2/4559 2472/3/4559
f 2473/1/4560 2363/2/4560 2366/3/4560
f 2474/1/4561 2472/2/4561 2475/3/4561
f 2476/1/4562 2474/2/4562 2475/3/4562
f 2477/1/4563 2473/2/4563 2366/3/4563
f 2477/1/4564 2366/2/4564 2311/3/4564
f 2478/1/4565 2477/2/4565 2311/3/4565
f 2476/1/4566 2475/2/4566 2479/3/4566
f 2480/1/4567 2476/2/4567 2479/3/4567
f 2481/1/4568 2311/2/4568 2369/3/4568
f 2481/1/4569 2478/2/4569 2311/3/4569
f 2480/1/4570 2479/2/4570 2482/3/4570
f 2483/1/4571 2480/2/4571 2482/3/4571
f 2481/1/4572 2369/2/4572 2347/3/4572
f 2416/1/4573 2481/2/4573 2347/3/4573
f 2483/1/4574 2482/2/4574 2415/3/4574
f 2416/1/4575 2347/2/4575 2372/3/4575
f 2414/1/4576 2415/2/4576 2417/3/4576
f 2484/1/4577 2485/2/4577 2488/3/4577
f 2493/1/4578 2506/2/4578 2489/3/4578
f 2486/1/4579 2489/2/4579 2506/3/4579
f 2497/1/4580 2498/2/4580 2506/3/4580
f 2500/1/4581 2488/2/4581 2501/3/4581
f 2500/1/4582 2501/2/4582 2737/3/4582
f 2497/1/4583 2506/2/4583 2493/3/4583
f 2488/1/4584 2515/2/4584 2525/3/4584
f 2494/1/4585 2495/2/4585 2513/3/4585
f 2489/1/4586 2486/2/4586 2487/3/4586
f 2503/1/4587 2732/2/4587 2490/3/4587
f 2504/1/4588 2487/2/4588 2735/3/4588
f 2499/1/4589 2484/2/4589 2509/3/4589
f 2505/1/4590 2496/2/4590 2502/3/4590
f 2490/1/4591 2491/2/4591 2510/3/4591
f 2493/1/4592 2489/2/4592 2508/3/4592
f 2508/1/4593 2489/2/4593 2487/3/4593
f 2509/1/4594 2488/2/4594 2525/3/4594
f 2504/1/4595 2735/2/4595 2492/3/4595
f 2510/1/4596 2494/2/4596 2513/3/4596
f 2505/1/4597 2492/2/4597 2496/3/4597
f 2502/1/4598 2511/2/4598 2505/3/4598
f 2524/1/4599 2490/2/4599 2510/3/4599
f 2512/1/4600 5035/2/4600 2499/3/4600
f 2508/1/4601 2487/2/4601 2504/3/4601
f 2512/1/4602 2499/2/4602 2509/3/4602
f 2512/1/4603 2509/2/4603 2529/3/4603
f 2508/1/4604 2504/2/4604 2518/3/4604
f 5035/1/4605 2512/2/4605 2519/3/4605
f 2493/1/4606 2520/2/4606 2497/3/4606
f 2492/1/4607 2505/2/4607 2521/3/4607
f 2492/1/4608 2521/2/4608 2504/3/4608
f 2538/1/4609 2503/2/4609 2524/3/4609
f 2511/1/4610 2523/2/4610 2522/3/4610
f 2516/1/4611 2525/2/4611 2515/3/4611
f 2529/1/4612 2509/2/4612 2525/3/4612
f 2517/1/4613 2524/2/4613 2510/3/4613
f 2517/1/4614 2546/2/4614 2528/3/4614
f 2517/1/4615 2513/2/4615 2546/3/4615
f 2522/1/4616 2505/2/4616 2511/3/4616
f 2527/1/4617 2498/2/4617 2497/3/4617
f 2530/1/4618 2527/2/4618 2497/3/4618
f 2551/1/4619 3794/2/4619 2730/3/4619
f 2533/1/4620 2520/2/4620 2493/3/4620
f 2533/1/4621 2493/2/4621 2508/3/4621
f 2527/1/4622 2535/2/4622 2526/3/4622
f 2522/1/4623 2521/2/4623 2505/3/4623
f 2518/1/4624 2504/2/4624 2521/3/4624
f 2530/1/4625 2535/2/4625 2527/3/4625
f 2532/1/4626 2525/2/4626 2516/3/4626
f 2528/1/4627 2524/2/4627 2517/3/4627
f 2533/1/4628 2508/2/4628 2518/3/4628
f 2533/1/4629 2537/2/4629 2520/3/4629
f 2523/1/4630 2538/2/4630 2539/3/4630
f 2523/1/4631 2539/2/4631 2536/3/4631
f 2544/1/4632 2538/2/4632 2524/3/4632
f 2520/1/4633 2530/2/4633 2497/3/4633
f 2532/1/4634 2541/2/4634 2540/3/4634
f 2532/1/4635 2540/2/4635 2525/3/4635
f 2522/1/4636 2542/2/4636 2521/3/4636
f 2544/1/4637 2524/2/4637 2528/3/4637
f 2544/1/4638 2528/2/4638 2543/3/4638
f 2536/1/4639 2522/2/4639 2523/3/4639
f 2545/1/4640 2518/2/4640 2521/3/4640
f 2528/1/4641 2546/2/4641 2543/3/4641
f 2540/1/4642 2534/2/4642 2529/3/4642
f 2540/1/4643 2529/2/4643 2525/3/4643
f 2535/1/4644 2530/2/4644 2520/3/4644
f 2535/1/4645 2520/2/4645 2548/3/4645
f 2548/1/4646 2520/2/4646 2537/3/4646
f 2519/1/4647 2552/2/4647 2551/3/4647
f 2534/1/4648 2552/2/4648 2519/3/4648
f 2555/1/4649 2554/2/4649 2543/3/4649
f 2555/1/4650 2543/2/4650 2546/3/4650
f 2556/1/4651 2532/2/4651 2526/3/4651
f 2548/1/4652 2550/2/4652 2535/3/4652
f 2536/1/4653 2542/2/4653 2522/3/4653
f 2539/1/4654 2557/2/4654 2549/3/4654
f 2541/1/4655 2532/2/4655 2547/3/4655
f 2558/1/4656 2548/2/4656 2537/3/4656
f 2554/1/4657 2553/2/4657 2543/3/4657
f 2545/1/4658 2533/2/4658 2518/3/4658
f 2545/1/4659 2537/2/4659 2533/3/4659
f 2556/1/4660 2526/2/4660 2535/3/4660
f 2541/1/4661 2561/2/4661 2567/3/4661
f 2558/1/4662 2550/2/4662 2548/3/4662
f 2558/1/4663 2537/2/4663 2563/3/4663
f 2559/1/4664 2553/2/4664 2554/3/4664
f 2564/1/4665 2557/2/4665 2553/3/4665
f 2547/1/4666 2561/2/4666 2541/3/4666
f 2540/1/4667 2552/2/4667 2534/3/4667
f 2565/1/4668 2558/2/4668 2563/3/4668
f 2560/1/4669 2561/2/4669 2547/3/4669
f 2560/1/4670 2566/2/4670 2561/3/4670
f 2540/1/4671 2567/2/4671 2552/3/4671
f 2562/1/4672 2555/2/4672 2568/3/4672
f 2545/1/4673 2563/2/4673 2537/3/4673
f 2541/1/4674 2567/2/4674 2540/3/4674
f 2576/1/4675 2571/2/4675 2554/3/4675
f 2536/1/4676 2572/2/4676 2542/3/4676
f 2573/1/4677 2560/2/4677 2574/3/4677
f 2547/1/4678 2532/2/4678 2556/3/4678
f 2575/1/4679 2556/2/4679 2535/3/4679
f 2549/1/4680 2536/2/4680 2539/3/4680
f 2576/1/4681 2562/2/4681 2568/3/4681
f 2570/1/4682 2563/2/4682 2545/3/4682
f 2577/1/4683 2569/2/4683 2557/3/4683
f 2577/1/4684 2557/2/4684 2564/3/4684
f 2565/1/4685 2578/2/4685 2558/3/4685
f 2578/1/4686 2565/2/4686 2563/3/4686
f 2579/1/4687 2545/2/4687 2521/3/4687
f 2579/1/4688 2521/2/4688 2542/3/4688
f 2573/1/4689 2566/2/4689 2560/3/4689
f 2576/1/4690 2568/2/4690 3113/3/4690
f 2549/1/4691 2572/2/4691 2536/3/4691
f 2560/1/4692 2547/2/4692 2556/3/4692
f 2570/1/4693 2545/2/4693 2579/3/4693
f 2573/1/4694 2582/2/4694 2566/3/4694
f 2571/1/4695 2576/2/4695 2581/3/4695
f 2560/1/4696 2556/2/4696 2575/3/4696
f 2583/1/4697 2576/2/4697 3113/3/4697
f 2583/1/4698 2581/2/4698 2576/3/4698
f 2584/1/4699 2563/2/4699 2585/3/4699
f 2578/1/4700 2563/2/4700 2584/3/4700
f 2587/1/4701 2573/2/4701 2574/3/4701
f 2577/1/4702 2580/2/4702 2594/3/4702
f 2575/1/4703 2535/2/4703 2550/3/4703
f 2587/1/4704 2590/2/4704 2582/3/4704
f 2587/1/4705 2582/2/4705 2573/3/4705
f 2579/1/4706 2563/2/4706 2570/3/4706
f 2592/1/4707 2542/2/4707 2572/3/4707
f 2592/1/4708 2579/2/4708 2542/3/4708
f 2581/1/4709 2583/2/4709 2589/3/4709
f 2574/1/4710 2560/2/4710 2575/3/4710
f 2557/1/4711 2569/2/4711 2549/3/4711
f 2586/1/4712 2577/2/4712 2594/3/4712
f 2593/1/4713 2584/2/4713 2585/3/4713
f 2569/1/4714 2572/2/4714 2549/3/4714
f 2591/1/4715 2590/2/4715 2587/3/4715
f 2569/1/4716 2595/2/4716 2572/3/4716
f 2579/1/4717 2585/2/4717 2563/3/4717
f 2589/1/4718 2583/2/4718 2596/3/4718
f 2591/1/4719 2597/2/4719 2590/3/4719
f 2598/1/4720 2594/2/4720 2580/3/4720
f 2598/1/4721 2580/2/4721 2588/3/4721
f 2593/1/4722 2585/2/4722 2599/3/4722
f 2574/1/4723 2575/2/4723 2550/3/4723
f 2592/1/4724 2585/2/4724 2579/3/4724
f 2601/1/4725 2550/2/4725 2558/3/4725
f 2602/1/4726 2591/2/4726 2603/3/4726
f 2594/1/4727 2605/2/4727 2600/3/4727
f 2604/1/4728 2592/2/4728 2572/3/4728
f 2593/1/4729 2606/2/4729 2584/3/4729
f 2602/1/4730 2597/2/4730 2591/3/4730
f 2607/1/4731 2605/2/4731 2598/3/4731
f 2587/1/4732 2574/2/4732 2550/3/4732
f 2586/1/4733 2595/2/4733 2569/3/4733
f 2593/1/4734 2599/2/4734 2608/3/4734
f 2605/1/4735 2609/2/4735 2600/3/4735
f 2610/1/4736 2607/2/4736 2649/3/4736
f 2604/1/4737 2572/2/4737 2595/3/4737
f 2602/1/4738 2611/2/4738 2597/3/4738
f 2602/1/4739 2603/2/4739 2612/3/4739
f 2587/1/4740 2550/2/4740 2601/3/4740
f 2613/1/4741 2649/2/4741 2596/3/4741
f 2608/1/4742 2606/2/4742 2593/3/4742
f 2616/1/4743 2602/2/4743 2612/3/4743
f 2617/1/4744 2604/2/4744 2595/3/4744
f 2599/1/4745 2585/2/4745 2592/3/4745
f 2599/1/4746 2592/2/4746 2604/3/4746
f 2619/1/4747 2615/2/4747 2614/3/4747
f 2586/1/4748 2569/2/4748 2577/3/4748
f 2601/1/4749 2558/2/4749 2578/3/4749
f 2591/1/4750 2587/2/4750 2601/3/4750
f 2616/1/4751 2611/2/4751 2602/3/4751
f 2621/1/4752 2610/2/4752 2631/3/4752
f 2620/1/4753 5137/2/4753 2619/3/4753
f 2608/1/4754 2622/2/4754 2606/3/4754
f 2623/1/4755 2618/2/4755 2613/3/4755
f 2620/1/4756 2624/2/4756 5137/3/4756
f 2586/1/4757 2626/2/4757 2595/3/4757
f 2603/1/4758 2601/2/4758 2578/3/4758
f 2599/1/4759 2604/2/4759 2617/3/4759
f 2629/1/4760 2624/2/4760 2620/3/4760
f 2608/1/4761 2632/2/4761 2622/3/4761
f 2629/1/4762 2620/2/4762 2628/3/4762
f 2628/1/4763 2620/2/4763 2627/3/4763
f 2634/1/4764 2608/2/4764 2625/3/4764
f 2616/1/4765 2635/2/4765 2611/3/4765
f 2603/1/4766 2578/2/4766 2584/3/4766
f 2591/1/4767 2601/2/4767 2603/3/4767
f 2633/1/4768 2635/2/4768 2616/3/4768
f 2639/1/4769 2621/2/4769 2646/3/4769
f 2634/1/4770 2632/2/4770 2608/3/4770
f 2617/1/4771 2608/2/4771 2599/3/4771
f 2617/1/4772 2595/2/4772 2626/3/4772
f 2600/1/4773 2586/2/4773 2594/3/4773
f 2633/1/4774 2640/2/4774 2635/3/4774
f 2612/1/4775 2603/2/4775 2584/3/4775
f 2636/1/4776 2646/2/4776 2623/3/4776
f 2636/1/4777 2641/2/4777 2646/3/4777
f 2634/1/4778 2625/2/4778 2644/3/4778
f 2643/1/4779 2617/2/4779 2626/3/4779
f 2600/1/4780 2626/2/4780 2586/3/4780
f 2642/1/4781 2640/2/4781 2633/3/4781
f 2639/1/4782 2646/2/4782 2647/3/4782
f 2645/1/4783 2634/2/4783 2644/3/4783
f 2643/1/4784 2608/2/4784 2617/3/4784
f 2636/1/4785 2648/2/4785 2641/3/4785
f 2647/1/4786 2650/2/4786 2639/3/4786
f 2642/1/4787 2651/2/4787 2640/3/4787
f 2606/1/4788 2612/2/4788 2584/3/4788
f 2644/1/4789 2652/2/4789 2645/3/4789
f 2651/1/4790 2642/2/4790 2654/3/4790
f 2625/1/4791 2608/2/4791 2643/3/4791
f 2653/1/4792 2655/2/4792 2648/3/4792
f 2654/1/4793 2657/2/4793 2651/3/4793
f 2658/1/4794 2656/2/4794 2652/3/4794
f 2659/1/4795 2647/2/4795 2655/3/4795
f 2659/1/4796 2650/2/4796 2647/3/4796
f 2616/1/4797 2612/2/4797 2606/3/4797
f 2653/1/4798 2662/2/4798 2655/3/4798
f 2660/1/4799 2657/2/4799 2654/3/4799
f 2660/1/4800 2664/2/4800 2657/3/4800
f 2665/1/4801 2643/2/4801 2626/3/4801
f 2661/1/4802 2662/2/4802 2653/3/4802
f 2656/1/4803 2658/2/4803 2668/3/4803
f 2609/1/4804 2626/2/4804 2600/3/4804
f 2660/1/4805 2666/2/4805 2664/3/4805
f 2668/1/4806 2667/2/4806 2656/3/4806
f 2661/1/4807 2672/2/4807 2662/3/4807
f 2668/1/4808 2671/2/4808 2667/3/4808
f 2669/1/4809 2672/2/4809 2661/3/4809
f 2673/1/4810 2765/2/4810 2764/3/4810
f 2625/1/4811 2643/2/4811 2665/3/4811
f 2609/1/4812 2676/2/4812 2626/3/4812
f 2677/1/4813 2674/2/4813 2675/3/4813
f 2677/1/4814 2675/2/4814 2679/3/4814
f 2678/1/4815 2679/2/4815 2675/3/4815
f 2682/1/4816 2681/2/4816 2683/3/4816
f 2684/1/4817 2686/2/4817 2685/3/4817
f 2691/1/4818 2689/2/4818 2688/3/4818
f 2633/1/4819 2616/2/4819 2606/3/4819
f 2692/1/4820 2637/2/4820 2693/3/4820
f 2692/1/4821 2693/2/4821 2690/3/4821
f 2630/1/4822 2676/2/4822 2609/3/4822
f 2633/1/4823 2606/2/4823 2622/3/4823
f 2696/1/4824 2691/2/4824 2698/3/4824
f 2703/1/4825 2697/2/4825 2637/3/4825
f 2665/1/4826 2626/2/4826 2676/3/4826
f 2700/1/4827 2637/2/4827 2695/3/4827
f 2700/1/4828 2702/2/4828 2703/3/4828
f 2704/1/4829 2665/2/4829 2676/3/4829
f 2701/1/4830 2697/2/4830 2703/3/4830
f 2705/1/4831 2706/2/4831 2699/3/4831
f 2638/1/4832 2676/2/4832 2630/3/4832
f 2665/1/4833 2644/2/4833 2625/3/4833
f 2706/1/4834 2705/2/4834 2708/3/4834
f 2638/1/4835 2621/2/4835 2639/3/4835
f 2638/1/4836 2711/2/4836 2676/3/4836
f 2700/1/4837 2712/2/4837 2702/3/4837
f 2701/1/4838 2703/2/4838 2702/3/4838
f 2702/1/4839 2715/2/4839 2710/3/4839
f 2713/1/4840 2712/2/4840 2700/3/4840
f 2642/1/4841 2622/2/4841 2632/3/4841
f 2713/1/4842 2700/2/4842 2709/3/4842
f 2642/1/4843 2633/2/4843 2622/3/4843
f 2705/1/4844 2710/2/4844 2714/3/4844
f 2710/1/4845 2701/2/4845 2702/3/4845
f 2702/1/4846 2712/2/4846 2715/3/4846
f 2717/1/4847 2698/2/4847 2707/3/4847
f 2708/1/4848 2721/2/4848 2722/3/4848
f 2723/1/4849 2704/2/4849 2676/3/4849
f 2720/1/4850 2713/2/4850 2716/3/4850
f 2718/1/4851 2712/2/4851 2713/3/4851
f 2704/1/4852 2644/2/4852 2665/3/4852
f 2718/1/4853 2713/2/4853 2724/3/4853
f 2725/1/4854 2717/2/4854 2719/3/4854
f 2723/1/4855 2676/2/4855 2711/3/4855
f 2726/1/4856 2714/2/4856 2727/3/4856
f 2728/1/4857 2722/2/4857 2721/3/4857
f 2729/1/4858 2728/2/4858 2721/3/4858
f 2718/1/4859 2724/2/4859 2731/3/4859
f 2732/1/4860 2720/2/4860 2733/3/4860
f 2724/1/4861 2720/2/4861 2732/3/4861
f 2729/1/4862 2714/2/4862 2726/3/4862
f 2734/1/4863 2638/2/4863 2639/3/4863
f 2647/1/4864 2646/2/4864 2641/3/4864
f 2654/1/4865 2632/2/4865 2634/3/4865
f 2726/1/4866 2506/2/4866 2729/3/4866
f 2734/1/4867 2711/2/4867 2638/3/4867
f 2726/1/4868 2486/2/4868 2506/3/4868
f 2737/1/4869 2728/2/4869 2729/3/4869
f 2534/1/4870 2512/2/4870 2529/3/4870
f 2501/1/4871 2485/2/4871 2728/3/4871
f 2723/1/4872 2644/2/4872 2704/3/4872
f 2723/1/4873 2652/2/4873 2644/3/4873
f 2734/1/4874 2736/2/4874 2711/3/4874
f 2724/1/4875 2732/2/4875 2502/3/4875
f 2485/1/4876 2501/2/4876 2488/3/4876
f 2654/1/4877 2634/2/4877 2645/3/4877
f 2534/1/4878 2519/2/4878 2512/3/4878
f 2642/1/4879 2632/2/4879 2654/3/4879
f 2737/1/4880 2506/2/4880 2498/3/4880
f 2737/1/4881 2507/2/4881 2500/3/4881
f 2730/1/4882 2519/2/4882 2551/3/4882
f 2498/1/4883 2507/2/4883 2737/3/4883
f 2502/1/4884 2732/2/4884 2503/3/4884
f 2723/1/4885 2711/2/4885 2736/3/4885
f 2502/1/4886 2503/2/4886 2523/3/4886
f 2502/1/4887 2523/2/4887 2511/3/4887
f 2515/1/4888 2488/2/4888 2500/3/4888
f 2734/1/4889 2639/2/4889 2650/3/4889
f 2513/1/4890 2517/2/4890 2510/3/4890
f 2655/1/4891 2641/2/4891 2648/3/4891
f 2524/1/4892 2503/2/4892 2490/3/4892
f 2515/1/4893 2500/2/4893 2516/3/4893
f 2660/1/4894 2654/2/4894 2645/3/4894
f 2723/1/4895 2658/2/4895 2652/3/4895
f 2503/1/4896 2538/2/4896 2523/3/4896
f 2531/1/4897 2513/2/4897 2514/3/4897
f 2546/1/4898 2513/2/4898 2531/3/4898
f 2660/1/4899 2645/2/4899 2652/3/4899
f 2650/1/4900 2736/2/4900 2734/3/4900
f 2655/1/4901 2647/2/4901 2641/3/4901
f 2539/1/4902 2538/2/4902 2544/3/4902
f 2555/1/4903 2546/2/4903 2531/3/4903
f 2650/1/4904 2738/2/4904 2736/3/4904
f 2553/1/4905 2544/2/4905 2543/3/4905
f 2544/1/4906 2557/2/4906 2539/3/4906
f 2544/1/4907 2553/2/4907 2557/3/4907
f 2555/1/4908 2562/2/4908 2554/3/4908
f 2559/1/4909 2564/2/4909 2553/3/4909
f 2562/1/4910 2576/2/4910 2554/3/4910
f 2658/1/4911 2723/2/4911 2736/3/4911
f 2656/1/4912 2660/2/4912 2652/3/4912
f 2564/1/4913 2580/2/4913 2577/3/4913
f 2564/1/4914 2559/2/4914 2580/3/4914
f 2559/1/4915 2588/2/4915 2580/3/4915
f 2559/1/4916 2554/2/4916 2571/3/4916
f 2588/1/4917 2559/2/4917 2571/3/4917
f 2588/1/4918 2571/2/4918 2581/3/4918
f 2588/1/4919 2581/2/4919 2598/3/4919
f 2605/1/4920 2594/2/4920 2598/3/4920
f 2738/1/4921 2650/2/4921 2659/3/4921
f 2598/1/4922 2581/2/4922 2589/3/4922
f 2739/1/4923 2736/2/4923 2738/3/4923
f 2598/1/4924 2589/2/4924 2649/3/4924
f 2598/1/4925 2649/2/4925 2607/3/4925
f 2649/1/4926 2589/2/4926 2596/3/4926
f 2607/1/4927 2609/2/4927 2605/3/4927
f 2739/1/4928 2658/2/4928 2736/3/4928
f 2739/1/4929 2668/2/4929 2658/3/4929
f 2631/1/4930 2610/2/4930 2649/3/4930
f 2618/1/4931 2649/2/4931 2613/3/4931
f 2740/1/4932 2738/2/4932 2659/3/4932
f 2610/1/4933 2630/2/4933 2609/3/4933
f 2610/1/4934 2609/2/4934 2607/3/4934
f 2631/1/4935 2649/2/4935 2618/3/4935
f 2621/1/4936 2638/2/4936 2630/3/4936
f 2621/1/4937 2630/2/4937 2610/3/4937
f 2631/1/4938 2646/2/4938 2621/3/4938
f 2631/1/4939 2618/2/4939 2646/3/4939
f 2646/1/4940 2618/2/4940 2623/3/4940
f 2663/1/4941 2655/2/4941 2662/3/4941
f 2663/1/4942 2659/2/4942 2655/3/4942
f 2740/1/4943 2741/2/4943 2738/3/4943
f 2677/1/4944 2773/2/4944 2674/3/4944
f 2666/1/4945 2660/2/4945 2656/3/4945
f 2682/1/4946 2680/2/4946 2681/3/4946
f 2684/1/4947 2685/2/4947 2420/3/4947
f 2690/1/4948 2689/2/4948 2692/3/4948
f 2690/1/4949 2687/2/4949 2689/3/4949
f 2716/1/4950 2698/2/4950 2717/3/4950
f 2741/1/4951 2739/2/4951 2738/3/4951
f 2733/1/4952 2490/2/4952 2732/3/4952
f 2496/1/4953 2724/2/4953 2502/3/4953
f 2507/1/4954 2498/2/4954 2527/3/4954
f 2527/1/4955 2516/2/4955 2500/3/4955
f 2527/1/4956 2500/2/4956 2507/3/4956
f 2527/1/4957 2526/2/4957 2516/3/4957
f 2526/1/4958 2532/2/4958 2516/3/4958
f 2666/1/4959 2742/2/4959 2664/3/4959
f 2666/1/4960 2656/2/4960 2667/3/4960
f 2668/1/4961 2739/2/4961 2741/3/4961
f 2740/1/4962 2659/2/4962 2663/3/4962
f 2743/1/4963 2740/2/4963 2663/3/4963
f 2667/1/4964 2742/2/4964 2666/3/4964
f 2670/1/4965 2662/2/4965 2672/3/4965
f 2670/1/4966 2663/2/4966 2662/3/4966
f 2745/1/4967 2741/2/4967 2740/3/4967
f 2745/1/4968 2744/2/4968 2668/3/4968
f 2745/1/4969 2668/2/4969 2741/3/4969
f 2745/1/4970 2740/2/4970 2743/3/4970
f 2671/1/4971 2742/2/4971 2667/3/4971
f 2743/1/4972 2663/2/4972 2670/3/4972
f 2744/1/4973 2671/2/4973 2668/3/4973
f 2671/1/4974 2746/2/4974 2742/3/4974
f 2747/1/4975 2743/2/4975 2670/3/4975
f 2748/1/4976 2672/2/4976 2669/3/4976
f 2749/1/4977 2745/2/4977 2743/3/4977
f 2745/1/4978 2749/2/4978 2744/3/4978
f 2672/1/4979 2750/2/4979 2670/3/4979
f 2749/1/4980 2743/2/4980 2747/3/4980
f 2748/1/4981 2750/2/4981 2672/3/4981
f 2671/1/4982 2744/2/4982 2752/3/4982
f 2753/1/4983 2670/2/4983 2750/3/4983
f 2753/1/4984 2747/2/4984 2670/3/4984
f 2752/1/4985 2744/2/4985 2749/3/4985
f 2749/1/4986 2747/2/4986 2753/3/4986
f 2758/1/4987 2671/2/4987 2752/3/4987
f 2758/1/4988 2746/2/4988 2671/3/4988
f 2758/1/4989 2755/2/4989 2746/3/4989
f 2751/1/4990 2750/2/4990 2748/3/4990
f 2756/1/4991 2753/2/4991 2750/3/4991
f 2753/1/4992 2757/2/4992 2749/3/4992
f 2751/1/4993 2756/2/4993 2750/3/4993
f 2763/1/4994 2752/2/4994 2749/3/4994
f 2758/1/4995 2752/2/4995 2763/3/4995
f 2759/1/4996 2751/2/4996 2754/3/4996
f 2759/1/4997 2756/2/4997 2751/3/4997
f 2763/1/4998 2749/2/4998 2757/3/4998
f 2757/1/4999 2753/2/4999 2756/3/4999
f 2759/1/5000 2760/2/5000 2756/3/5000
f 2757/1/5001 2756/2/5001 2760/3/5001
f 2763/1/5002 2755/2/5002 2758/3/5002
f 2763/1/5003 2762/2/5003 2755/3/5003
f 2761/1/5004 2757/2/5004 2760/3/5004
f 2764/1/5005 2759/2/5005 2754/3/5005
f 2764/1/5006 2765/2/5006 2760/3/5006
f 2761/1/5007 2760/2/5007 2766/3/5007
f 2764/1/5008 2760/2/5008 2759/3/5008
f 2760/1/5009 2765/2/5009 2766/3/5009
f 2767/1/5010 2763/2/5010 2757/3/5010
f 2767/1/5011 2762/2/5011 2763/3/5011
f 2767/1/5012 2757/2/5012 2761/3/5012
f 2766/1/5013 2765/2/5013 2673/3/5013
f 2769/1/5014 2766/2/5014 2673/3/5014
f 2768/1/5015 2766/2/5015 2769/3/5015
f 2767/1/5016 2770/2/5016 2762/3/5016
f 2772/1/5017 2767/2/5017 2761/3/5017
f 2772/1/5018 2770/2/5018 2767/3/5018
f 2772/1/5019 2761/2/5019 2766/3/5019
f 2673/1/5020 2771/2/5020 2674/3/5020
f 2775/1/5021 2769/2/5021 2773/3/5021
f 2768/1/5022 2772/2/5022 2766/3/5022
f 2772/1/5023 2774/2/5023 2770/3/5023
f 2769/1/5024 2673/2/5024 2674/3/5024
f 2674/1/5025 2773/2/5025 2769/3/5025
f 2768/1/5026 2774/2/5026 2772/3/5026
f 2775/1/5027 2768/2/5027 2769/3/5027
f 2680/1/5028 2773/2/5028 2677/3/5028
f 2775/1/5029 2774/2/5029 2768/3/5029
f 2775/1/5030 2776/2/5030 2774/3/5030
f 2776/1/5031 2775/2/5031 2773/3/5031
f 2680/1/5032 2677/2/5032 2679/3/5032
f 2680/1/5033 2679/2/5033 2681/3/5033
f 2776/1/5034 2773/2/5034 2680/3/5034
f 2680/1/5035 2682/2/5035 2776/3/5035
f 2678/1/5036 2780/2/5036 2679/3/5036
f 2780/1/5037 2678/2/5037 2777/3/5037
f 2780/1/5038 2683/2/5038 2681/3/5038
f 2681/1/5039 2679/2/5039 2780/3/5039
f 2782/1/5040 2780/2/5040 2783/3/5040
f 2784/1/5041 2779/2/5041 2781/3/5041
f 2782/1/5042 2683/2/5042 2780/3/5042
f 2784/1/5043 2781/2/5043 2418/3/5043
f 2783/1/5044 2780/2/5044 2777/3/5044
f 2778/1/5045 2783/2/5045 2777/3/5045
f 2785/1/5046 2782/2/5046 2783/3/5046
f 2786/1/5047 2783/2/5047 2778/3/5047
f 2418/1/5048 2685/2/5048 2784/3/5048
f 2786/1/5049 2778/2/5049 2779/3/5049
f 2785/1/5050 2783/2/5050 2786/3/5050
f 2785/1/5051 2787/2/5051 2782/3/5051
f 2786/1/5052 2779/2/5052 2784/3/5052
f 2784/1/5053 2785/2/5053 2786/3/5053
f 2787/1/5054 2785/2/5054 2784/3/5054
f 2788/1/5055 2686/2/5055 2787/3/5055
f 2788/1/5056 2784/2/5056 2685/3/5056
f 2788/1/5057 2787/2/5057 2784/3/5057
f 2685/1/5058 2686/2/5058 2788/3/5058
f 2685/1/5059 2418/2/5059 2420/3/5059
f 2627/1/5060 2620/2/5060 2789/3/5060
f 2789/1/5061 2688/2/5061 2687/3/5061
f 2627/1/5062 2693/2/5062 2628/3/5062
f 2789/1/5063 2620/2/5063 2619/3/5063
f 2789/1/5064 2619/2/5064 2614/3/5064
f 2690/1/5065 2627/2/5065 2687/3/5065
f 2693/1/5066 2627/2/5066 2690/3/5066
f 2689/1/5067 2687/2/5067 2688/3/5067
f 2687/1/5068 2627/2/5068 2789/3/5068
f 2629/1/5069 2697/2/5069 2790/3/5069
f 2691/1/5070 2688/2/5070 2694/3/5070
f 2691/1/5071 2696/2/5071 2689/3/5071
f 2692/1/5072 2689/2/5072 2695/3/5072
f 2693/1/5073 2637/2/5073 2628/3/5073
f 2629/1/5074 2628/2/5074 2637/3/5074
f 2697/1/5075 2629/2/5075 2637/3/5075
f 2698/1/5076 2691/2/5076 2694/3/5076
f 2695/1/5077 2637/2/5077 2692/3/5077
f 2695/1/5078 2689/2/5078 2696/3/5078
f 2699/1/5079 2791/2/5079 2790/3/5079
f 2699/1/5080 2790/2/5080 2697/3/5080
f 2709/1/5081 2700/2/5081 2695/3/5081
f 2709/1/5082 2695/2/5082 2696/3/5082
f 2706/1/5083 2791/2/5083 2699/3/5083
f 2699/1/5084 2697/2/5084 2701/3/5084
f 2703/1/5085 2637/2/5085 2700/3/5085
f 2696/1/5086 2698/2/5086 2716/3/5086
f 2705/1/5087 2699/2/5087 2701/3/5087
f 2716/1/5088 2709/2/5088 2696/3/5088
f 2707/1/5089 2698/2/5089 2694/3/5089
f 2708/1/5090 2705/2/5090 2721/3/5090
f 2710/1/5091 2705/2/5091 2701/3/5091
f 2722/1/5092 5208/2/5092 2708/3/5092
f 2713/1/5093 2709/2/5093 2716/3/5093
f 2715/1/5094 2727/2/5094 2710/3/5094
f 2721/1/5095 2705/2/5095 2714/3/5095
f 2716/1/5096 2717/2/5096 2720/3/5096
f 2715/1/5097 2712/2/5097 2731/3/5097
f 2714/1/5098 2710/2/5098 2727/3/5098
f 2717/1/5099 2707/2/5099 2719/3/5099
f 2487/1/5100 2727/2/5100 2731/3/5100
f 2715/1/5101 2731/2/5101 2727/3/5101
f 2731/1/5102 2712/2/5102 2718/3/5102
f 2733/1/5103 2720/2/5103 2717/3/5103
f 2724/1/5104 2713/2/5104 2720/3/5104
f 2491/1/5105 2733/2/5105 2717/3/5105
f 2491/1/5106 2717/2/5106 2725/3/5106
f 2729/1/5107 2721/2/5107 2714/3/5107
f 2501/1/5108 2728/2/5108 2737/3/5108
f 2735/1/5109 2487/2/5109 2731/3/5109
f 2731/1/5110 2724/2/5110 2735/3/5110
f 2725/1/5111 2719/2/5111 2495/3/5111
f 2485/1/5112 2484/2/5112 2792/3/5112
f 2726/1/5113 2727/2/5113 2487/3/5113
f 2485/1/5114 2722/2/5114 2728/3/5114
f 2485/1/5115 2792/2/5115 2722/3/5115
f 2729/1/5116 2506/2/5116 2737/3/5116
f 2496/1/5117 2735/2/5117 2724/3/5117
f 2487/1/5118 2486/2/5118 2726/3/5118
f 2494/1/5119 2725/2/5119 2495/3/5119
f 2491/1/5120 2725/2/5120 2494/3/5120
f 2491/1/5121 2494/2/5121 2510/3/5121
f 2492/1/5122 2735/2/5122 2496/3/5122
f 2490/1/5123 2733/2/5123 2491/3/5123
f 2484/1/5124 2488/2/5124 2509/3/5124
f 2806/1/5125 3276/2/5125 2800/3/5125
f 2804/1/5126 2805/2/5126 3035/3/5126
f 2807/1/5127 3026/2/5127 3030/3/5127
f 2808/1/5128 3026/2/5128 2807/3/5128
f 2809/1/5129 2793/2/5129 2794/3/5129
f 2828/1/5130 2811/2/5130 3143/3/5130
f 2810/1/5131 2799/2/5131 3278/3/5131
f 2839/1/5132 2813/2/5132 2797/3/5132
f 2821/1/5133 2822/2/5133 2823/3/5133
f 2819/1/5134 2820/2/5134 3274/3/5134
f 2819/1/5135 3274/2/5135 2803/3/5135
f 2797/1/5136 2798/2/5136 2815/3/5136
f 2824/1/5137 2881/2/5137 2393/3/5137
f 2825/1/5138 2806/2/5138 2800/3/5138
f 2826/1/5139 2822/2/5139 3173/3/5139
f 2827/1/5140 2828/2/5140 2820/3/5140
f 2826/1/5141 3173/2/5141 2813/3/5141
f 2839/1/5142 2830/2/5142 2813/3/5142
f 2821/1/5143 2833/2/5143 2834/3/5143
f 2800/1/5144 2799/2/5144 2810/3/5144
f 2835/1/5145 2842/2/5145 2803/3/5145
f 2815/1/5146 2798/2/5146 2808/3/5146
f 2838/1/5147 2808/2/5147 2807/3/5147
f 2827/1/5148 2820/2/5148 2819/3/5148
f 2839/1/5149 2797/2/5149 2815/3/5149
f 2815/1/5150 2808/2/5150 2838/3/5150
f 2840/1/5151 3275/2/5151 2841/3/5151
f 2843/1/5152 2837/2/5152 2832/3/5152
f 2843/1/5153 2832/2/5153 2834/3/5153
f 2844/1/5154 2823/2/5154 2826/3/5154
f 2845/1/5155 2812/2/5155 2806/3/5155
f 2846/1/5156 2839/2/5156 2815/3/5156
f 2837/1/5157 2849/2/5157 2836/3/5157
f 2837/1/5158 2847/2/5158 2849/3/5158
f 2848/1/5159 3188/2/5159 2812/3/5159
f 2850/1/5160 2815/2/5160 2838/3/5160
f 2819/1/5161 2842/2/5161 2852/3/5161
f 2854/1/5162 2816/2/5162 2851/3/5162
f 2854/1/5163 2851/2/5163 2856/3/5163
f 3015/1/5164 2800/2/5164 2810/3/5164
f 2845/1/5165 2806/2/5165 2825/3/5165
f 2850/1/5166 2858/2/5166 2815/3/5166
f 2848/1/5167 2812/2/5167 2845/3/5167
f 2825/1/5168 2800/2/5168 3015/3/5168
f 2837/1/5169 2843/2/5169 2885/3/5169
f 2837/1/5170 2885/2/5170 2847/3/5170
f 2827/1/5171 2751/2/5171 2748/3/5171
f 2867/1/5172 2854/2/5172 2856/3/5172
f 2858/1/5173 2846/2/5173 2815/3/5173
f 2868/1/5174 2389/2/5174 2391/3/5174
f 2869/1/5175 2859/2/5175 2840/3/5175
f 2868/1/5176 2831/2/5176 2389/3/5176
f 2817/1/5177 2848/2/5177 2845/3/5177
f 2862/1/5178 2751/2/5178 2827/3/5178
f 2861/1/5179 2871/2/5179 2830/3/5179
f 2863/1/5180 2887/2/5180 2805/3/5180
f 2872/1/5181 2855/2/5181 2816/3/5181
f 2873/1/5182 2859/2/5182 2869/3/5182
f 2870/1/5183 2838/2/5183 2855/3/5183
f 2870/1/5184 2850/2/5184 2838/3/5184
f 2850/1/5185 2875/2/5185 2858/3/5185
f 2868/1/5186 2878/2/5186 2831/3/5186
f 2850/1/5187 2870/2/5187 2875/3/5187
f 2873/1/5188 2876/2/5188 2859/3/5188
f 2872/1/5189 2870/2/5189 2855/3/5189
f 2877/1/5190 2823/2/5190 2844/3/5190
f 2881/1/5191 2868/2/5191 2391/3/5191
f 2883/1/5192 2823/2/5192 2877/3/5192
f 2858/1/5193 2875/2/5193 2879/3/5193
f 2879/1/5194 2861/2/5194 2846/3/5194
f 2879/1/5195 2846/2/5195 2858/3/5195
f 2847/1/5196 2885/2/5196 2886/3/5196
f 2888/1/5197 2871/2/5197 2861/3/5197
f 2884/1/5198 2878/2/5198 2868/3/5198
f 3126/1/5199 2889/2/5199 2890/3/5199
f 2870/1/5200 2872/2/5200 2892/3/5200
f 2875/1/5201 2870/2/5201 2892/3/5201
f 2893/1/5202 2834/2/5202 2916/3/5202
f 2895/1/5203 2843/2/5203 2893/3/5203
f 2888/1/5204 2903/2/5204 2928/3/5204
f 2888/1/5205 2898/2/5205 2871/3/5205
f 2852/1/5206 2764/2/5206 2754/3/5206
f 2852/1/5207 2754/2/5207 2891/3/5207
f 2899/1/5208 2856/2/5208 2866/3/5208
f 2895/1/5209 2906/2/5209 2885/3/5209
f 2881/1/5210 2884/2/5210 2868/3/5210
f 2877/1/5211 2898/2/5211 2907/3/5211
f 2897/1/5212 2764/2/5212 2852/3/5212
f 2897/1/5213 2673/2/5213 2764/3/5213
f 2771/1/5214 2897/2/5214 2876/3/5214
f 2908/1/5215 2909/2/5215 2872/3/5215
f 2908/1/5216 2872/2/5216 2880/3/5216
f 2892/1/5217 2872/2/5217 2909/3/5217
f 2771/1/5218 2673/2/5218 2897/3/5218
f 2915/1/5219 2887/2/5219 2863/3/5219
f 2928/1/5220 2903/2/5220 2919/3/5220
f 2903/1/5221 2922/2/5221 2917/3/5221
f 2920/1/5222 2893/2/5222 2916/3/5222
f 2906/1/5223 2895/2/5223 2920/3/5223
f 2915/1/5224 2863/2/5224 2896/3/5224
f 2910/1/5225 2877/2/5225 2907/3/5225
f 2907/1/5226 2898/2/5226 2923/3/5226
f 2914/1/5227 2674/2/5227 2771/3/5227
f 2921/1/5228 2892/2/5228 2932/3/5228
f 2918/1/5229 2920/2/5229 2916/3/5229
f 2675/1/5230 2914/2/5230 3014/3/5230
f 2933/1/5231 2909/2/5231 2908/3/5231
f 2829/1/5232 2884/2/5232 2881/3/5232
f 2938/1/5233 2880/2/5233 2931/3/5233
f 2938/1/5234 2908/2/5234 2880/3/5234
f 2925/1/5235 2930/2/5235 2924/3/5235
f 2909/1/5236 2933/2/5236 2932/3/5236
f 2933/1/5237 2908/2/5237 2938/3/5237
f 2675/1/5238 2674/2/5238 2914/3/5238
f 2829/1/5239 2809/2/5239 2884/3/5239
f 2935/1/5240 2918/2/5240 2934/3/5240
f 2907/1/5241 2939/2/5241 2940/3/5241
f 2890/1/5242 2900/2/5242 2942/3/5242
f 2829/1/5243 2881/2/5243 2824/3/5243
f 2943/1/5244 2945/2/5244 2944/3/5244
f 2994/1/5245 2933/2/5245 2938/3/5245
f 2929/1/5246 2678/2/5246 2675/3/5246
f 2915/1/5247 2896/2/5247 2941/3/5247
f 2930/1/5248 2925/2/5248 2947/3/5248
f 2950/1/5249 4356/2/5249 3397/3/5249
f 2948/1/5250 2949/2/5250 2987/3/5250
f 2947/1/5251 2925/2/5251 2952/3/5251
f 2954/1/5252 2934/2/5252 2940/3/5252
f 2954/1/5253 2935/2/5253 2934/3/5253
f 2951/1/5254 2915/2/5254 2941/3/5254
f 2956/1/5255 2952/2/5255 2951/3/5255
f 2957/1/5256 2921/2/5256 2946/3/5256
f 2958/1/5257 2959/2/5257 2918/3/5257
f 2852/1/5258 2835/2/5258 2859/3/5258
f 2947/1/5259 2962/2/5259 2961/3/5259
f 2897/1/5260 2852/2/5260 2859/3/5260
f 2939/1/5261 2960/2/5261 2963/3/5261
f 2939/1/5262 2963/2/5262 2940/3/5262
f 2964/1/5263 2931/2/5263 2936/3/5263
f 2930/1/5264 2947/2/5264 2961/3/5264
f 2930/1/5265 2961/2/5265 2965/3/5265
f 2969/1/5266 2970/2/5266 3071/3/5266
f 2969/1/5267 3071/2/5267 2971/3/5267
f 2952/1/5268 2962/2/5268 2947/3/5268
f 2972/1/5269 2966/2/5269 2976/3/5269
f 2978/1/5270 3267/2/5270 2979/3/5270
f 2977/1/5271 2957/2/5271 2946/3/5271
f 2970/1/5272 2969/2/5272 2982/3/5272
f 2876/1/5273 2897/2/5273 2859/3/5273
f 3120/1/5274 2974/2/5274 2973/3/5274
f 2981/1/5275 2970/2/5275 2982/3/5275
f 2977/1/5276 2989/2/5276 2957/3/5276
f 2986/1/5277 2972/2/5277 2976/3/5277
f 2990/1/5278 2948/2/5278 2991/3/5278
f 2992/1/5279 2957/2/5279 2989/3/5279
f 2998/1/5280 2963/2/5280 2960/3/5280
f 2998/1/5281 2960/2/5281 2999/3/5281
f 3000/1/5282 2983/2/5282 2996/3/5282
f 3007/1/5283 3278/2/5283 2978/3/5283
f 2771/1/5284 2876/2/5284 2914/3/5284
f 3002/1/5285 2988/2/5285 2992/3/5285
f 2962/1/5286 2952/2/5286 2956/3/5286
f 3005/1/5287 2991/2/5287 3006/3/5287
f 3005/1/5288 2990/2/5288 2991/3/5288
f 3005/1/5289 2985/2/5289 2990/3/5289
f 3001/1/5290 3007/2/5290 2978/3/5290
f 3002/1/5291 2992/2/5291 3008/3/5291
f 3009/1/5292 2962/2/5292 2956/3/5292
f 3010/1/5293 2982/2/5293 3011/3/5293
f 2961/1/5294 3012/2/5294 2965/3/5294
f 2989/1/5295 2977/2/5295 2980/3/5295
f 3010/1/5296 2981/2/5296 2982/3/5296
f 2984/1/5297 2380/2/5297 3047/3/5297
f 2999/1/5298 2985/2/5298 3005/3/5298
f 3013/1/5299 3179/2/5299 3016/3/5299
f 2995/1/5300 2994/2/5300 2964/3/5300
f 2995/1/5301 3018/2/5301 2994/3/5301
f 2999/1/5302 3005/2/5302 3021/3/5302
f 2998/1/5303 3004/2/5303 2963/3/5303
f 3020/1/5304 2986/2/5304 2976/3/5304
f 2956/1/5305 2951/2/5305 3022/3/5305
f 2956/1/5306 3022/2/5306 3052/3/5306
f 3008/1/5307 2992/2/5307 2989/3/5307
f 3005/1/5308 3006/2/5308 3053/3/5308
f 2804/1/5309 2810/2/5309 3007/3/5309
f 2998/1/5310 2999/2/5310 3027/3/5310
f 3035/1/5311 3015/2/5311 2810/3/5311
f 3008/1/5312 2989/2/5312 3023/3/5312
f 3024/1/5313 3004/2/5313 3062/3/5313
f 3025/1/5314 3006/2/5314 2991/3/5314
f 3025/1/5315 2991/2/5315 3019/3/5315
f 3026/1/5316 3010/2/5316 3011/3/5316
f 3020/1/5317 2976/2/5317 3028/3/5317
f 2996/1/5318 2983/2/5318 2984/3/5318
f 2996/1/5319 2984/2/5319 3047/3/5319
f 2998/1/5320 3027/2/5320 3004/3/5320
f 3030/1/5321 3026/2/5321 3011/3/5321
f 3001/1/5322 2814/2/5322 3007/3/5322
f 3029/1/5323 3033/2/5323 3082/3/5323
f 3029/1/5324 3002/2/5324 3033/3/5324
f 3035/1/5325 2810/2/5325 2804/3/5325
f 3031/1/5326 2989/2/5326 2980/3/5326
f 3031/1/5327 3036/2/5327 3023/3/5327
f 3031/1/5328 3023/2/5328 2989/3/5328
f 3037/1/5329 2999/2/5329 3021/3/5329
f 3037/1/5330 3027/2/5330 2999/3/5330
f 3023/1/5331 3032/2/5331 3008/3/5331
f 3017/1/5332 3012/2/5332 3038/3/5332
f 3032/1/5333 3033/2/5333 3002/3/5333
f 3032/1/5334 3002/2/5334 3008/3/5334
f 2905/1/5335 2894/2/5335 3039/3/5335
f 3034/1/5336 3042/2/5336 3012/3/5336
f 3044/1/5337 3031/2/5337 3018/3/5337
f 3001/1/5338 2795/2/5338 2796/3/5338
f 3045/1/5339 3022/2/5339 3046/3/5339
f 3036/1/5340 3032/2/5340 3023/3/5340
f 2797/1/5341 3020/2/5341 3028/3/5341
f 2801/1/5342 3007/2/5342 2814/3/5342
f 2801/1/5343 2804/2/5343 3007/3/5343
f 3049/1/5344 3034/2/5344 3050/3/5344
f 3040/1/5345 2832/2/5345 3070/3/5345
f 3021/1/5346 3053/2/5346 3051/3/5346
f 2955/1/5347 3039/2/5347 2418/3/5347
f 3052/1/5348 3045/2/5348 3075/3/5348
f 3052/1/5349 3075/2/5349 3088/3/5349
f 2798/1/5350 2797/2/5350 3028/3/5350
f 3055/1/5351 3056/2/5351 3057/3/5351
f 3068/1/5352 2795/2/5352 3003/3/5352
f 3055/1/5353 3175/2/5353 3060/3/5353
f 3036/1/5354 3061/2/5354 3032/3/5354
f 3055/1/5355 3063/2/5355 3058/3/5355
f 3036/1/5356 3048/2/5356 3064/3/5356
f 3036/1/5357 3031/2/5357 3048/3/5357
f 3065/1/5358 3066/2/5358 3059/3/5358
f 3050/1/5359 3052/2/5359 3067/3/5359
f 3047/1/5360 3068/2/5360 2996/3/5360
f 2798/1/5361 3028/2/5361 2808/3/5361
f 2836/1/5362 3069/2/5362 3070/3/5362
f 3071/1/5363 3055/2/5363 3060/3/5363
f 3073/1/5364 3034/2/5364 3049/3/5364
f 3063/1/5365 3055/2/5365 3071/3/5365
f 3045/1/5366 3072/2/5366 3075/3/5366
f 3032/1/5367 3076/2/5367 3033/3/5367
f 3051/1/5368 3053/2/5368 3054/3/5368
f 2832/1/5369 3040/2/5369 2821/3/5369
f 3078/1/5370 3036/2/5370 3064/3/5370
f 3066/1/5371 3065/2/5371 3079/3/5371
f 3077/1/5372 3037/2/5372 3021/3/5372
f 3077/1/5373 3021/2/5373 3051/3/5373
f 2813/1/5374 3020/2/5374 2797/3/5374
f 3071/1/5375 3060/2/5375 2971/3/5375
f 3071/1/5376 2966/2/5376 3063/3/5376
f 3067/1/5377 3049/2/5377 3050/3/5377
f 2814/1/5378 3001/2/5378 2796/3/5378
f 3061/1/5379 3076/2/5379 3032/3/5379
f 3524/1/5380 3079/2/5380 2968/3/5380
f 3524/1/5381 3066/2/5381 3079/3/5381
f 3074/1/5382 3037/2/5382 3080/3/5382
f 3081/1/5383 3082/2/5383 2719/3/5383
f 2836/1/5384 2849/2/5384 3069/3/5384
f 3083/1/5385 2495/2/5385 3082/3/5385
f 3079/1/5386 3063/2/5386 2966/3/5386
f 3064/1/5387 3048/2/5387 3084/3/5387
f 2984/1/5388 3180/2/5388 2380/3/5388
f 2967/1/5389 2973/2/5389 3524/3/5389
f 2967/1/5390 3524/2/5390 2968/3/5390
f 3083/1/5391 2514/2/5391 2495/3/5391
f 3084/1/5392 3085/2/5392 3103/3/5392
f 2853/1/5393 3269/2/5393 3244/3/5393
f 2853/1/5394 3086/2/5394 3269/3/5394
f 3089/1/5395 3091/2/5395 3090/3/5395
f 3085/1/5396 3250/2/5396 3093/3/5396
f 2984/1/5397 2983/2/5397 3256/3/5397
f 3097/1/5398 3099/2/5398 3098/3/5398
f 3100/1/5399 3101/2/5399 3247/3/5399
f 3068/1/5400 3047/2/5400 3102/3/5400
f 3095/1/5401 3103/2/5401 3104/3/5401
f 2823/1/5402 2822/2/5402 2826/3/5402
f 2531/1/5403 3096/2/5403 3095/3/5403
f 2972/1/5404 2968/2/5404 3079/3/5404
f 2972/1/5405 3092/2/5405 2968/3/5405
f 3105/1/5406 3252/2/5406 3106/3/5406
f 2972/1/5407 3079/2/5407 2966/3/5407
f 2976/1/5408 2966/2/5408 3071/3/5408
f 3094/1/5409 3108/2/5409 3087/3/5409
f 2976/1/5410 3071/2/5410 2970/3/5410
f 3104/1/5411 2555/2/5411 2531/3/5411
f 3104/1/5412 2531/2/5412 3095/3/5412
f 2967/1/5413 2968/2/5413 3092/3/5413
f 3111/1/5414 3101/2/5414 3108/3/5414
f 2973/1/5415 2967/2/5415 3120/3/5415
f 3112/1/5416 2568/2/5416 3104/3/5416
f 3112/1/5417 3104/2/5417 3093/3/5417
f 2568/1/5418 2555/2/5418 3104/3/5418
f 3114/1/5419 3136/2/5419 3097/3/5419
f 3114/1/5420 3097/2/5420 3115/3/5420
f 3116/1/5421 3110/2/5421 3090/3/5421
f 3112/1/5422 3117/2/5422 3113/3/5422
f 3109/1/5423 2801/2/5423 2814/3/5423
f 2830/1/5424 2844/2/5424 2826/3/5424
f 2830/1/5425 2826/2/5425 2813/3/5425
f 2837/1/5426 2836/2/5426 2832/3/5426
f 3109/1/5427 2804/2/5427 2801/3/5427
f 3120/1/5428 2967/2/5428 3092/3/5428
f 3113/1/5429 2568/2/5429 3112/3/5429
f 3121/1/5430 3117/2/5430 3122/3/5430
f 3124/1/5431 3110/2/5431 3116/3/5431
f 3125/1/5432 3119/2/5432 3111/3/5432
f 3113/1/5433 3121/2/5433 2583/3/5433
f 3126/1/5434 2796/2/5434 2795/3/5434
f 3121/1/5435 3122/2/5435 3127/3/5435
f 3000/1/5436 3256/2/5436 2983/3/5436
f 3121/1/5437 2596/2/5437 2583/3/5437
f 3124/1/5438 3129/2/5438 3128/3/5438
f 3124/1/5439 3128/2/5439 3130/3/5439
f 2978/1/5440 3278/2/5440 3267/3/5440
f 3125/1/5441 3132/2/5441 3131/3/5441
f 3123/1/5442 3114/2/5442 3133/3/5442
f 3123/1/5443 3133/2/5443 3134/3/5443
f 3118/1/5444 3132/2/5444 3125/3/5444
f 3128/1/5445 3132/2/5445 3118/3/5445
f 2855/1/5446 2807/2/5446 2816/3/5446
f 2847/1/5447 3135/2/5447 2849/3/5447
f 3123/1/5448 3264/2/5448 3136/3/5448
f 3123/1/5449 3137/2/5449 3264/3/5449
f 3131/1/5450 3132/2/5450 3138/3/5450
f 3128/1/5451 3142/2/5451 3132/3/5451
f 3092/1/5452 3139/2/5452 3120/3/5452
f 2838/1/5453 2807/2/5453 2855/3/5453
f 3092/1/5454 2972/2/5454 2986/3/5454
f 3141/1/5455 3142/2/5455 3128/3/5455
f 2981/1/5456 2976/2/5456 2970/3/5456
f 3129/1/5457 3143/2/5457 3141/3/5457
f 3129/1/5458 3141/2/5458 3128/3/5458
f 2894/1/5459 2395/2/5459 2396/3/5459
f 2974/1/5460 3120/2/5460 3139/3/5460
f 3142/1/5461 2648/2/5461 2636/3/5461
f 3142/1/5462 2636/2/5462 3138/3/5462
f 2803/1/5463 3270/2/5463 3275/3/5463
f 2902/1/5464 2901/2/5464 2841/3/5464
f 3155/1/5465 2814/2/5465 2796/3/5465
f 3145/1/5466 2841/2/5466 2818/3/5466
f 3145/1/5467 2818/2/5467 2869/3/5467
f 3001/1/5468 2979/2/5468 3003/3/5468
f 2827/1/5469 2748/2/5469 2669/3/5469
f 3146/1/5470 2393/2/5470 2395/3/5470
f 3146/1/5471 2824/2/5471 2393/3/5471
f 2754/1/5472 2751/2/5472 2862/3/5472
f 3147/1/5473 3146/2/5473 2905/3/5473
f 3149/1/5474 2904/2/5474 2926/3/5474
f 3150/1/5475 3151/2/5475 2904/3/5475
f 3152/1/5476 3151/2/5476 3153/3/5476
f 3039/1/5477 2894/2/5477 2396/3/5477
f 2929/1/5478 2675/2/5478 3014/3/5478
f 3150/1/5479 2955/2/5479 3151/3/5479
f 3148/1/5480 2974/2/5480 3139/3/5480
f 2953/1/5481 2781/2/5481 3153/3/5481
f 2825/1/5482 3015/2/5482 3154/3/5482
f 3148/1/5483 3615/2/5483 2974/3/5483
f 3028/1/5484 2976/2/5484 2981/3/5484
f 3030/1/5485 2816/2/5485 2807/3/5485
f 3039/1/5486 2396/2/5486 2418/3/5486
f 3030/1/5487 2817/2/5487 2816/3/5487
f 2851/1/5488 2816/2/5488 2817/3/5488
f 3157/1/5489 3158/2/5489 2364/3/5489
f 3160/1/5490 3157/2/5490 3159/3/5490
f 2821/1/5491 2834/2/5491 2832/3/5491
f 3161/1/5492 3163/2/5492 3162/3/5492
f 2847/1/5493 3748/2/5493 3135/3/5493
f 3163/1/5494 3161/2/5494 3164/3/5494
f 2847/1/5495 2886/2/5495 3748/3/5495
f 3165/1/5496 3166/2/5496 3615/3/5496
f 3165/1/5497 3615/2/5497 3148/3/5497
f 3163/1/5498 3167/2/5498 3730/3/5498
f 3167/1/5499 3163/2/5499 3164/3/5499
f 3170/1/5500 3139/2/5500 3092/3/5500
f 2887/1/5501 2865/2/5501 2805/3/5501
f 3167/1/5502 3164/2/5502 3168/3/5502
f 2887/1/5503 2925/2/5503 2865/3/5503
f 2805/1/5504 2804/2/5504 3109/3/5504
f 3168/1/5505 3164/2/5505 3169/3/5505
f 2877/1/5506 2844/2/5506 2871/3/5506
f 3170/1/5507 3092/2/5507 2986/3/5507
f 3057/1/5508 3730/2/5508 3167/3/5508
f 3167/1/5509 3168/2/5509 3171/3/5509
f 2830/1/5510 2839/2/5510 2861/3/5510
f 3010/1/5511 3028/2/5511 2981/3/5511
f 2805/1/5512 3109/2/5512 2863/3/5512
f 2833/1/5513 2821/2/5513 2823/3/5513
f 3057/1/5514 3167/2/5514 3171/3/5514
f 3156/1/5515 2866/2/5515 2857/3/5515
f 3041/1/5516 3148/2/5516 3139/3/5516
f 2865/1/5517 3156/2/5517 2805/3/5517
f 2865/1/5518 2866/2/5518 3156/3/5518
f 2896/1/5519 2863/2/5519 3155/3/5519
f 2846/1/5520 2861/2/5520 2839/3/5520
f 3040/1/5521 3165/2/5521 3148/3/5521
f 3040/1/5522 3148/2/5522 3041/3/5522
f 3170/1/5523 2986/2/5523 3020/3/5523
f 2875/1/5524 2922/2/5524 2879/3/5524
f 3056/1/5525 3322/2/5525 3057/3/5525
f 3169/1/5526 3172/2/5526 3168/3/5526
f 2823/1/5527 2883/2/5527 2833/3/5527
f 3041/1/5528 3139/2/5528 3173/3/5528
f 3109/1/5529 2814/2/5529 3155/3/5529
f 3175/1/5530 3057/2/5530 3171/3/5530
f 3175/1/5531 3055/2/5531 3057/3/5531
f 2816/1/5532 2854/2/5532 2872/3/5532
f 2863/1/5533 3109/2/5533 3155/3/5533
f 3174/1/5534 3172/2/5534 3169/3/5534
f 3171/1/5535 3168/2/5535 3172/3/5535
f 2871/1/5536 2844/2/5536 2830/3/5536
f 2916/1/5537 2834/2/5537 2833/3/5537
f 2916/1/5538 2833/2/5538 2883/3/5538
f 3170/1/5539 3173/2/5539 3139/3/5539
f 2854/1/5540 2880/2/5540 2872/3/5540
f 2854/1/5541 2867/2/5541 2880/3/5541
f 3126/1/5542 2890/2/5542 2911/3/5542
f 2893/1/5543 2843/2/5543 2834/3/5543
f 3056/1/5544 3059/2/5544 3334/3/5544
f 2796/1/5545 3126/2/5545 2911/3/5545
f 2895/1/5546 2885/2/5546 2843/3/5546
f 3176/1/5547 3171/2/5547 3172/3/5547
f 2861/1/5548 2903/2/5548 2888/3/5548
f 3175/1/5549 3171/2/5549 3176/3/5549
f 2899/1/5550 2867/2/5550 2856/3/5550
f 2903/1/5551 2861/2/5551 2879/3/5551
f 3058/1/5552 3059/2/5552 3056/3/5552
f 3159/1/5553 3157/2/5553 2364/3/5553
f 3159/1/5554 2364/2/5554 2368/3/5554
f 3155/1/5555 2796/2/5555 2911/3/5555
f 3058/1/5556 3056/2/5556 3055/3/5556
f 3155/1/5557 2911/2/5557 2896/3/5557
f 2877/1/5558 2871/2/5558 2898/3/5558
f 3070/1/5559 3069/2/5559 3166/3/5559
f 3070/1/5560 3166/2/5560 3165/3/5560
f 2883/1/5561 2910/2/5561 2913/3/5561
f 2903/1/5562 2879/2/5562 2922/3/5562
f 2883/1/5563 2877/2/5563 2910/3/5563
f 3160/1/5564 3158/2/5564 3157/3/5564
f 2913/1/5565 2916/2/5565 2883/3/5565
f 2886/1/5566 2885/2/5566 2906/3/5566
f 2920/1/5567 2895/2/5567 2893/3/5567
f 2913/1/5568 2918/2/5568 2916/3/5568
f 2899/1/5569 2880/2/5569 2867/3/5569
f 2928/1/5570 2949/2/5570 2948/3/5570
f 2928/1/5571 2919/2/5571 2949/3/5571
f 2907/1/5572 2923/2/5572 2939/3/5572
f 3177/1/5573 3158/2/5573 3160/3/5573
f 2892/1/5574 2922/2/5574 2875/3/5574
f 3176/1/5575 3060/2/5575 3175/3/5575
f 2915/1/5576 2952/2/5576 2887/3/5576
f 2939/1/5577 2923/2/5577 2937/3/5577
f 2939/1/5578 2937/2/5578 2960/3/5578
f 2964/1/5579 2994/2/5579 2938/3/5579
f 2964/1/5580 2938/2/5580 2931/3/5580
f 3065/1/5581 3058/2/5581 3063/3/5581
f 3047/1/5582 2380/2/5582 2382/3/5582
f 3065/1/5583 3059/2/5583 3058/3/5583
f 2936/1/5584 2930/2/5584 2965/3/5584
f 2936/1/5585 2965/2/5585 2964/3/5585
f 2899/1/5586 2866/2/5586 2924/3/5586
f 3177/1/5587 3430/2/5587 3158/3/5587
f 2952/1/5588 2915/2/5588 2951/3/5588
f 2921/1/5589 2922/2/5589 2892/3/5589
f 2964/1/5590 2965/2/5590 3017/3/5590
f 2964/1/5591 3017/2/5591 2995/3/5591
f 2971/1/5592 3060/2/5592 3176/3/5592
f 2975/1/5593 2954/2/5593 3179/3/5593
f 3178/1/5594 3159/2/5594 2368/3/5594
f 2928/1/5595 2898/2/5595 2888/3/5595
f 2928/1/5596 2923/2/5596 2898/3/5596
f 3070/1/5597 3165/2/5597 3040/3/5597
f 2975/1/5598 3179/2/5598 3013/3/5598
f 2808/1/5599 3028/2/5599 3010/3/5599
f 3034/1/5600 2961/2/5600 3009/3/5600
f 3034/1/5601 3012/2/5601 2961/3/5601
f 3036/1/5602 3078/2/5602 3061/3/5602
f 3041/1/5603 3173/2/5603 2822/3/5603
f 2813/1/5604 3170/2/5604 3020/3/5604
f 3083/1/5605 3076/2/5605 2514/3/5605
f 2813/1/5606 3173/2/5606 3170/3/5606
f 3130/1/5607 3108/2/5607 3094/3/5607
f 3130/1/5608 3094/2/5608 3107/3/5608
f 2892/1/5609 2909/2/5609 2932/3/5609
f 3111/1/5610 3118/2/5610 3125/3/5610
f 3111/1/5611 3108/2/5611 3118/3/5611
f 2808/1/5612 3010/2/5612 3026/3/5612
f 3124/1/5613 3130/2/5613 3107/3/5613
f 3124/1/5614 3107/2/5614 3110/3/5614
f 3182/1/5615 2845/2/5615 2825/3/5615
f 3079/1/5616 3065/2/5616 3063/3/5616
f 3130/1/5617 3118/2/5617 3108/3/5617
f 3182/1/5618 2825/2/5618 3154/3/5618
f 3183/1/5619 3160/2/5619 3159/3/5619
f 3181/1/5620 3430/2/5620 3177/3/5620
f 2906/1/5621 2920/2/5621 2944/3/5621
f 3128/1/5622 3118/2/5622 3130/3/5622
f 3152/1/5623 2929/2/5623 2926/3/5623
f 3178/1/5624 2368/2/5624 2373/3/5624
f 3186/1/5625 3160/2/5625 3183/3/5625
f 3186/1/5626 3177/2/5626 3160/3/5626
f 2993/1/5627 2980/2/5627 2946/3/5627
f 2993/1/5628 2946/2/5628 2933/3/5628
f 2958/1/5629 2975/2/5629 3013/3/5629
f 3156/1/5630 2857/2/5630 3154/3/5630
f 2822/1/5631 2821/2/5631 3040/3/5631
f 2822/1/5632 3040/2/5632 3041/3/5632
f 3156/1/5633 3015/2/5633 2805/3/5633
f 2993/1/5634 2933/2/5634 2994/3/5634
f 2918/1/5635 2913/2/5635 2934/3/5635
f 3182/1/5636 2817/2/5636 2845/3/5636
f 2919/1/5637 2903/2/5637 2917/3/5637
f 2836/1/5638 3070/2/5638 2832/3/5638
f 3156/1/5639 3154/2/5639 3015/3/5639
f 2910/1/5640 2934/2/5640 2913/3/5640
f 3189/1/5641 2906/2/5641 3190/3/5641
f 3189/1/5642 2886/2/5642 2906/3/5642
f 3187/1/5643 3183/2/5643 3159/3/5643
f 3187/1/5644 3159/2/5644 3178/3/5644
f 3186/1/5645 3181/2/5645 3177/3/5645
f 2851/1/5646 2817/2/5646 3182/3/5646
f 3047/1/5647 2382/2/5647 2874/3/5647
f 2931/1/5648 2880/2/5648 2899/3/5648
f 2931/1/5649 2899/2/5649 2936/3/5649
f 2924/1/5650 2936/2/5650 2899/3/5650
f 3188/1/5651 2971/2/5651 3184/3/5651
f 2857/1/5652 3182/2/5652 3154/3/5652
f 2919/1/5653 2917/2/5653 2949/3/5653
f 2969/1/5654 2971/2/5654 3188/3/5654
f 3192/1/5655 3183/2/5655 3187/3/5655
f 2925/1/5656 2887/2/5656 2952/3/5656
f 2945/1/5657 2906/2/5657 2944/3/5657
f 2945/1/5658 3190/2/5658 2906/3/5658
f 3256/1/5659 3180/2/5659 2984/3/5659
f 2851/1/5660 3182/2/5660 2857/3/5660
f 3188/1/5661 3184/2/5661 2812/3/5661
f 2907/1/5662 2934/2/5662 2910/3/5662
f 3161/1/5663 3181/2/5663 3186/3/5663
f 2927/1/5664 2917/2/5664 2922/3/5664
f 2927/1/5665 2922/2/5665 2921/3/5665
f 3192/1/5666 3186/2/5666 3183/3/5666
f 3126/1/5667 2795/2/5667 2889/3/5667
f 2937/1/5668 2923/2/5668 2928/3/5668
f 3161/1/5669 3616/2/5669 3185/3/5669
f 2866/1/5670 2851/2/5670 2857/3/5670
f 3161/1/5671 3185/2/5671 3181/3/5671
f 2896/1/5672 2911/2/5672 2941/3/5672
f 2856/1/5673 2851/2/5673 2866/3/5673
f 3194/1/5674 3186/2/5674 3192/3/5674
f 2979/1/5675 3261/2/5675 3256/3/5675
f 3190/1/5676 3196/2/5676 3189/3/5676
f 2918/1/5677 2944/2/5677 2920/3/5677
f 3161/1/5678 3162/2/5678 3616/3/5678
f 3195/1/5679 3178/2/5679 2373/3/5679
f 2921/1/5680 2932/2/5680 2946/3/5680
f 2940/1/5681 2934/2/5681 2907/3/5681
f 2948/1/5682 2937/2/5682 2928/3/5682
f 2918/1/5683 2959/2/5683 2944/3/5683
f 2936/1/5684 2924/2/5684 2930/3/5684
f 2946/1/5685 2932/2/5685 2933/3/5685
f 3161/1/5686 3186/2/5686 3194/3/5686
f 3197/1/5687 2373/2/5687 2375/3/5687
f 2982/1/5688 2969/2/5688 3188/3/5688
f 2942/1/5689 2900/2/5689 3199/3/5689
f 3200/1/5690 3178/2/5690 3195/3/5690
f 2925/1/5691 2866/2/5691 2865/3/5691
f 3200/1/5692 3187/2/5692 3178/3/5692
f 3195/1/5693 2373/2/5693 3197/3/5693
f 2943/1/5694 2944/2/5694 2959/3/5694
f 2935/1/5695 2954/2/5695 2975/3/5695
f 3000/1/5696 2979/2/5696 3256/3/5696
f 2957/1/5697 2927/2/5697 2921/3/5697
f 2990/1/5698 2937/2/5698 2948/3/5698
f 2886/1/5699 3302/2/5699 3748/3/5699
f 3193/1/5700 2942/2/5700 3199/3/5700
f 3200/1/5701 3192/2/5701 3187/3/5701
f 3193/1/5702 3201/2/5702 2942/3/5702
f 2975/1/5703 2958/2/5703 2935/3/5703
f 3202/1/5704 3161/2/5704 3194/3/5704
f 3203/1/5705 3194/2/5705 3192/3/5705
f 3003/1/5706 2979/2/5706 3000/3/5706
f 2924/1/5707 2866/2/5707 2925/3/5707
f 3011/1/5708 2982/2/5708 3188/3/5708
f 3196/1/5709 3204/2/5709 3205/3/5709
f 3189/1/5710 3302/2/5710 2886/3/5710
f 3011/1/5711 3188/2/5711 2848/3/5711
f 3207/1/5712 3192/2/5712 3200/3/5712
f 2960/1/5713 2937/2/5713 2990/3/5713
f 3189/1/5714 3191/2/5714 3302/3/5714
f 2992/1/5715 2988/2/5715 2927/3/5715
f 2992/1/5716 2927/2/5716 2957/3/5716
f 3208/1/5717 3194/2/5717 3203/3/5717
f 3193/1/5718 2385/2/5718 2387/3/5718
f 3193/1/5719 2387/2/5719 3209/3/5719
f 3164/1/5720 3161/2/5720 3202/3/5720
f 2958/1/5721 3013/2/5721 2959/3/5721
f 2890/1/5722 2889/2/5722 2900/3/5722
f 3210/1/5723 3200/2/5723 3195/3/5723
f 3210/1/5724 3195/2/5724 3206/3/5724
f 2890/1/5725 3212/2/5725 3198/3/5725
f 2985/1/5726 2960/2/5726 2990/3/5726
f 3193/1/5727 3209/2/5727 3201/3/5727
f 3207/1/5728 3203/2/5728 3192/3/5728
f 3191/1/5729 3189/2/5729 3213/3/5729
f 2963/1/5730 2954/2/5730 2940/3/5730
f 2817/1/5731 3030/2/5731 3011/3/5731
f 2817/1/5732 3011/2/5732 2848/3/5732
f 3213/1/5733 3216/2/5733 3191/3/5733
f 3190/1/5734 2945/2/5734 3196/3/5734
f 3202/1/5735 3194/2/5735 3208/3/5735
f 2985/1/5736 2999/2/5736 2960/3/5736
f 2980/1/5737 2977/2/5737 2946/3/5737
f 3196/1/5738 3213/2/5738 3189/3/5738
f 3211/1/5739 2943/2/5739 2959/3/5739
f 3211/1/5740 2997/2/5740 2943/3/5740
f 2987/1/5741 2988/2/5741 3002/3/5741
f 2958/1/5742 2918/2/5742 2935/3/5742
f 3193/1/5743 3199/2/5743 2385/3/5743
f 2993/1/5744 2994/2/5744 3018/3/5744
f 3198/1/5745 2911/2/5745 2890/3/5745
f 3212/1/5746 2890/2/5746 2942/3/5746
f 3212/1/5747 2942/2/5747 3201/3/5747
f 2980/1/5748 2993/2/5748 3018/3/5748
f 3216/1/5749 3218/2/5749 2950/3/5749
f 3013/1/5750 3016/2/5750 3211/3/5750
f 3217/1/5751 3197/2/5751 2375/3/5751
f 2950/1/5752 3397/2/5752 3216/3/5752
f 3211/1/5753 3221/2/5753 3219/3/5753
f 3024/1/5754 2963/2/5754 3004/3/5754
f 2988/1/5755 2949/2/5755 2917/3/5755
f 2988/1/5756 2917/2/5756 2927/3/5756
f 3019/1/5757 2991/2/5757 2987/3/5757
f 3019/1/5758 2987/2/5758 3002/3/5758
f 2961/1/5759 2962/2/5759 3009/3/5759
f 3204/1/5760 3196/2/5760 2945/3/5760
f 3220/1/5761 2911/2/5761 3198/3/5761
f 3207/1/5762 3200/2/5762 3210/3/5762
f 2988/1/5763 2987/2/5763 2949/3/5763
f 2943/1/5764 2997/2/5764 3204/3/5764
f 3179/1/5765 3043/2/5765 3016/3/5765
f 2943/1/5766 3204/2/5766 2945/3/5766
f 3211/1/5767 3016/2/5767 3221/3/5767
f 3222/1/5768 3202/2/5768 3208/3/5768
f 3029/1/5769 3019/2/5769 3002/3/5769
f 3223/1/5770 3197/2/5770 3217/3/5770
f 3220/1/5771 2941/2/5771 2911/3/5771
f 3179/1/5772 3024/2/5772 3043/3/5772
f 2874/1/5773 3102/2/5773 3047/3/5773
f 3224/1/5774 3203/2/5774 3207/3/5774
f 2987/1/5775 2991/2/5775 2948/3/5775
f 3018/1/5776 3031/2/5776 2980/3/5776
f 3012/1/5777 3017/2/5777 2965/3/5777
f 3225/1/5778 3207/2/5778 3210/3/5778
f 3009/1/5779 2956/2/5779 3052/3/5779
f 3195/1/5780 3197/2/5780 3223/3/5780
f 3046/1/5781 3226/2/5781 3227/3/5781
f 3046/1/5782 3229/2/5782 3226/3/5782
f 3231/1/5783 3018/2/5783 2995/3/5783
f 3169/1/5784 3164/2/5784 3202/3/5784
f 3169/1/5785 3202/2/5785 3222/3/5785
f 3053/1/5786 3006/2/5786 3025/3/5786
f 3228/1/5787 3203/2/5787 3224/3/5787
f 3228/1/5788 3208/2/5788 3203/3/5788
f 3021/1/5789 3005/2/5789 3053/3/5789
f 3215/1/5790 3205/2/5790 3204/3/5790
f 3231/1/5791 2995/2/5791 3017/3/5791
f 3220/1/5792 3212/2/5792 3229/3/5792
f 3220/1/5793 3198/2/5793 3212/3/5793
f 3044/1/5794 3018/2/5794 3231/3/5794
f 3022/1/5795 2941/2/5795 3220/3/5795
f 3022/1/5796 2951/2/5796 2941/3/5796
f 3211/1/5797 2959/2/5797 3013/3/5797
f 3230/1/5798 3207/2/5798 3225/3/5798
f 3046/1/5799 3227/2/5799 3045/3/5799
f 2963/1/5800 3179/2/5800 2954/3/5800
f 2997/1/5801 3215/2/5801 3204/3/5801
f 3045/1/5802 3052/2/5802 3022/3/5802
f 2889/1/5803 2795/2/5803 3068/3/5803
f 2889/1/5804 3068/2/5804 3102/3/5804
f 3082/1/5805 3236/2/5805 3029/3/5805
f 3024/1/5806 3179/2/5806 2963/3/5806
f 2889/1/5807 3102/2/5807 2900/3/5807
f 3043/1/5808 3024/2/5808 3062/3/5808
f 2997/1/5809 3211/2/5809 3219/3/5809
f 2997/1/5810 3219/2/5810 3215/3/5810
f 3224/1/5811 3207/2/5811 3230/3/5811
f 3222/1/5812 3208/2/5812 3228/3/5812
f 3050/1/5813 3034/2/5813 3009/3/5813
f 3027/1/5814 3037/2/5814 3074/3/5814
f 3050/1/5815 3009/2/5815 3052/3/5815
f 3043/1/5816 3234/2/5816 3016/3/5816
f 3229/1/5817 3022/2/5817 3220/3/5817
f 3057/1/5818 3322/2/5818 3730/3/5818
f 3042/1/5819 3038/2/5819 3012/3/5819
f 3212/1/5820 3201/2/5820 3235/3/5820
f 3046/1/5821 3022/2/5821 3229/3/5821
f 3231/1/5822 3017/2/5822 3038/3/5822
f 2874/1/5823 2382/2/5823 2385/3/5823
f 3237/1/5824 3195/2/5824 3223/3/5824
f 3044/1/5825 3048/2/5825 3031/3/5825
f 3083/1/5826 3082/2/5826 3033/3/5826
f 3235/1/5827 3229/2/5827 3212/3/5827
f 3073/1/5828 3242/2/5828 3042/3/5828
f 3073/1/5829 3042/2/5829 3034/3/5829
f 3082/1/5830 3081/2/5830 3236/3/5830
f 3237/1/5831 3206/2/5831 3195/3/5831
f 3088/1/5832 3067/2/5832 3052/3/5832
f 3199/1/5833 3102/2/5833 2874/3/5833
f 2900/1/5834 3102/2/5834 3199/3/5834
f 3074/1/5835 3280/2/5835 3027/3/5835
f 3180/1/5836 2375/2/5836 2378/3/5836
f 3237/1/5837 3210/2/5837 3206/3/5837
f 3226/1/5838 3229/2/5838 3235/3/5838
f 3199/1/5839 2874/2/5839 2385/3/5839
f 3246/1/5840 3222/2/5840 3228/3/5840
f 3238/1/5841 3235/2/5841 3201/3/5841
f 3238/1/5842 3201/2/5842 3232/3/5842
f 3232/1/5843 3201/2/5843 3209/3/5843
f 3072/1/5844 3089/2/5844 3075/3/5844
f 3232/1/5845 3209/2/5845 3239/3/5845
f 3072/1/5846 3091/2/5846 3089/3/5846
f 3076/1/5847 3083/2/5847 3033/3/5847
f 3081/1/5848 3054/2/5848 3236/3/5848
f 3081/1/5849 2719/2/5849 2707/3/5849
f 3077/1/5850 2694/2/5850 2688/3/5850
f 3077/1/5851 3051/2/5851 2694/3/5851
f 3054/1/5852 2694/2/5852 3051/3/5852
f 3054/1/5853 2707/2/5853 2694/3/5853
f 3240/1/5854 3210/2/5854 3237/3/5854
f 3077/1/5855 2688/2/5855 3080/3/5855
f 3217/1/5856 2375/2/5856 3180/3/5856
f 3077/1/5857 3080/2/5857 3037/3/5857
f 3054/1/5858 3081/2/5858 2707/3/5858
f 3064/1/5859 3084/2/5859 3078/3/5859
f 3061/1/5860 3096/2/5860 3076/3/5860
f 3236/1/5861 3025/2/5861 3019/3/5861
f 3089/1/5862 3088/2/5862 3075/3/5862
f 3236/1/5863 3019/2/5863 3029/3/5863
f 3027/1/5864 3062/2/5864 3004/3/5864
f 2495/1/5865 2719/2/5865 3082/3/5865
f 3089/1/5866 3087/2/5866 3088/3/5866
f 3174/1/5867 3169/2/5867 3222/3/5867
f 3174/1/5868 3222/2/5868 3246/3/5868
f 3243/1/5869 2853/2/5869 3244/3/5869
f 3243/1/5870 3244/2/5870 2389/3/5870
f 3245/1/5871 3073/2/5871 3049/3/5871
f 3245/1/5872 3049/2/5872 3067/3/5872
f 3246/1/5873 3228/2/5873 3224/3/5873
f 3247/1/5874 3073/2/5874 3245/3/5874
f 3085/1/5875 3084/2/5875 3048/3/5875
f 3225/1/5876 3210/2/5876 3240/3/5876
f 3245/1/5877 3067/2/5877 3088/3/5877
f 3099/1/5878 3091/2/5878 3248/3/5878
f 3027/1/5879 3280/2/5879 3062/3/5879
f 3243/1/5880 2389/2/5880 2831/3/5880
f 3087/1/5881 3245/2/5881 3088/3/5881
f 2514/1/5882 2513/2/5882 2495/3/5882
f 3098/1/5883 3099/2/5883 3251/3/5883
f 3252/1/5884 3241/2/5884 3253/3/5884
f 2514/1/5885 3076/2/5885 3096/3/5885
f 3099/1/5886 3090/2/5886 3091/3/5886
f 3238/1/5887 3226/2/5887 3235/3/5887
f 3054/1/5888 3053/2/5888 3025/3/5888
f 3250/1/5889 3105/2/5889 3093/3/5889
f 3094/1/5890 3089/2/5890 3107/3/5890
f 3094/1/5891 3087/2/5891 3089/3/5891
f 3100/1/5892 3245/2/5892 3087/3/5892
f 3100/1/5893 3247/2/5893 3245/3/5893
f 3105/1/5894 3250/2/5894 3249/3/5894
f 3105/1/5895 3249/2/5895 3252/3/5895
f 3253/1/5896 3101/2/5896 3254/3/5896
f 3236/1/5897 3054/2/5897 3025/3/5897
f 3096/1/5898 2531/2/5898 2514/3/5898
f 3042/1/5899 3242/2/5899 3038/3/5899
f 3255/1/5900 3230/2/5900 3225/3/5900
f 3090/1/5901 3107/2/5901 3089/3/5901
f 3227/1/5902 3226/2/5902 3248/3/5902
f 3097/1/5903 3090/2/5903 3099/3/5903
f 3043/1/5904 3062/2/5904 3234/3/5904
f 3093/1/5905 3105/2/5905 3117/3/5905
f 3256/1/5906 3217/2/5906 3180/3/5906
f 3093/1/5907 3104/2/5907 3103/3/5907
f 3257/1/5908 3224/2/5908 3230/3/5908
f 3214/1/5909 3213/2/5909 3196/3/5909
f 3214/1/5910 3216/2/5910 3213/3/5910
f 3258/1/5911 3044/2/5911 3231/3/5911
f 3106/1/5912 3252/2/5912 3253/3/5912
f 3251/1/5913 3226/2/5913 3238/3/5913
f 3108/1/5914 3101/2/5914 3100/3/5914
f 3218/1/5915 3216/2/5915 3214/3/5915
f 3093/1/5916 3117/2/5916 3112/3/5916
f 3097/1/5917 3098/2/5917 3115/3/5917
f 3105/1/5918 3122/2/5918 3117/3/5918
f 3254/1/5919 3106/2/5919 3253/3/5919
f 3097/1/5920 3136/2/5920 3090/3/5920
f 3258/1/5921 3048/2/5921 3044/3/5921
f 3110/1/5922 3107/2/5922 3090/3/5922
f 3090/1/5923 3136/2/5923 3116/3/5923
f 3106/1/5924 3122/2/5924 3105/3/5924
f 3072/1/5925 3045/2/5925 3227/3/5925
f 3251/1/5926 3248/2/5926 3226/3/5926
f 3218/1/5927 3214/2/5927 3205/3/5927
f 3119/1/5928 3101/2/5928 3111/3/5928
f 3119/1/5929 3254/2/5929 3101/3/5929
f 3205/1/5930 3214/2/5930 3196/3/5930
f 3072/1/5931 3248/2/5931 3091/3/5931
f 3072/1/5932 3227/2/5932 3248/3/5932
f 3259/1/5933 3260/2/5933 3277/3/5933
f 3258/1/5934 3231/2/5934 3038/3/5934
f 3239/1/5935 3269/2/5935 3086/3/5935
f 3114/1/5936 3115/2/5936 3260/3/5936
f 3122/1/5937 3106/2/5937 3127/3/5937
f 3258/1/5938 3085/2/5938 3048/3/5938
f 3259/1/5939 3277/2/5939 2864/3/5939
f 3127/1/5940 3254/2/5940 3119/3/5940
f 3242/1/5941 3247/2/5941 3241/3/5941
f 3257/1/5942 3246/2/5942 3224/3/5942
f 3233/1/5943 3238/2/5943 3232/3/5943
f 3121/1/5944 3113/2/5944 3117/3/5944
f 3233/1/5945 3232/2/5945 3239/3/5945
f 3073/1/5946 3247/2/5946 3242/3/5946
f 3249/1/5947 3038/2/5947 3242/3/5947
f 3249/1/5948 3258/2/5948 3038/3/5948
f 3127/1/5949 3119/2/5949 3131/3/5949
f 3258/1/5950 3250/2/5950 3085/3/5950
f 3261/1/5951 3223/2/5951 3217/3/5951
f 3261/1/5952 3217/2/5952 3256/3/5952
f 3125/1/5953 3131/2/5953 3119/3/5953
f 3259/1/5954 2864/2/5954 3263/3/5954
f 3123/1/5955 3136/2/5955 3114/3/5955
f 3249/1/5956 3250/2/5956 3258/3/5956
f 2878/1/5957 3262/2/5957 2860/3/5957
f 3255/1/5958 3225/2/5958 3240/3/5958
f 3264/1/5959 3129/2/5959 3116/3/5959
f 2802/1/5960 3280/2/5960 3074/3/5960
f 3264/1/5961 3116/2/5961 3136/3/5961
f 3265/1/5962 3238/2/5962 3233/3/5962
f 3133/1/5963 3114/2/5963 3260/3/5963
f 3266/1/5964 2613/2/5964 2596/3/5964
f 3266/1/5965 3121/2/5965 3127/3/5965
f 3266/1/5966 2596/2/5966 3121/3/5966
f 3233/1/5967 3239/2/5967 3086/3/5967
f 3133/1/5968 3260/2/5968 3268/3/5968
f 3241/1/5969 3249/2/5969 3242/3/5969
f 3080/1/5970 2688/2/5970 2789/3/5970
f 3248/1/5971 3251/2/5971 3099/3/5971
f 3140/1/5972 3129/2/5972 3264/3/5972
f 3269/1/5973 3209/2/5973 2387/3/5973
f 3080/1/5974 2802/2/5974 3074/3/5974
f 3267/1/5975 3240/2/5975 3237/3/5975
f 3266/1/5976 2623/2/5976 2613/3/5976
f 3261/1/5977 3237/2/5977 3223/3/5977
f 3271/1/5978 3246/2/5978 3257/3/5978
f 3138/1/5979 3132/2/5979 3142/3/5979
f 3131/1/5980 2636/2/5980 2623/3/5980
f 3265/1/5981 3251/2/5981 3238/3/5981
f 3131/1/5982 2623/2/5982 3266/3/5982
f 2902/1/5983 3133/2/5983 3268/3/5983
f 3138/1/5984 2636/2/5984 3131/3/5984
f 3270/1/5985 3134/2/5985 3133/3/5985
f 3255/1/5986 3257/2/5986 3230/3/5986
f 3137/1/5987 3123/2/5987 3134/3/5987
f 3272/1/5988 3140/2/5988 3137/3/5988
f 3143/1/5989 2811/2/5989 3141/3/5989
f 3143/1/5990 3129/2/5990 3140/3/5990
f 3143/1/5991 3140/2/5991 3272/3/5991
f 2803/1/5992 3134/2/5992 3270/3/5992
f 3274/1/5993 3137/2/5993 3134/3/5993
f 3180/1/5994 2378/2/5994 2380/3/5994
f 3241/1/5995 3252/2/5995 3249/3/5995
f 3274/1/5996 3134/2/5996 2803/3/5996
f 3271/1/5997 3174/2/5997 3246/3/5997
f 3080/1/5998 2789/2/5998 2614/3/5998
f 3080/1/5999 2614/2/5999 2802/3/5999
f 3086/1/5962 3265/2/5962 3233/3/5962
f 3276/1/6000 3257/2/6000 3255/3/6000
f 3272/1/6001 2828/2/6001 3143/3/6001
f 3273/1/6002 2653/2/6002 2648/3/6002
f 3273/1/6003 2648/2/6003 3142/3/6003
f 3144/1/6004 3273/2/6004 2811/3/6004
f 3144/1/6005 2653/2/6005 3273/3/6005
f 3265/1/6006 3086/2/6006 3277/3/6006
f 2841/1/6007 3275/2/6007 2902/3/6007
f 3267/1/6008 3237/2/6008 3261/3/6008
f 3096/1/6009 3061/2/6009 3078/3/6009
f 3098/1/6010 3251/2/6010 3265/3/6010
f 2841/1/6011 2901/2/6011 2818/3/6011
f 3101/1/6012 3241/2/6012 3247/3/6012
f 3144/1/6013 2661/2/6013 2653/3/6013
f 3253/1/6014 3241/2/6014 3101/3/6014
f 2661/1/6015 2811/2/6015 2828/3/6015
f 2661/1/6016 3144/2/6016 2811/3/6016
f 3184/1/6017 3172/2/6017 3174/3/6017
f 3095/1/6018 3078/2/6018 3084/3/6018
f 3095/1/6019 3096/2/6019 3078/3/6019
f 3086/1/6020 2853/2/6020 2860/3/6020
f 2971/1/6021 3176/2/6021 3172/3/6021
f 3086/1/6022 2860/2/6022 2864/3/6022
f 3275/1/6023 2835/2/6023 2803/3/6023
f 3115/1/6024 3098/2/6024 3265/3/6024
f 2842/1/6025 2819/2/6025 2803/3/6025
f 2799/1/6026 3255/2/6026 3240/3/6026
f 3103/1/6027 3095/2/6027 3084/3/6027
f 3115/1/6028 3265/2/6028 3277/3/6028
f 3115/1/6029 3277/2/6029 3260/3/6029
f 3093/1/6030 3103/2/6030 3085/3/6030
f 3239/1/6031 3209/2/6031 3269/3/6031
f 3271/1/6032 3257/2/6032 3276/3/6032
f 3145/1/6033 2840/2/6033 2841/3/6033
f 3243/1/6034 2860/2/6034 2853/3/6034
f 3277/1/6035 3086/2/6035 2864/3/6035
f 3108/1/6036 3100/2/6036 3087/3/6036
f 3244/1/6037 3269/2/6037 2387/3/6037
f 3184/1/6038 3174/2/6038 3271/3/6038
f 2824/1/6039 3147/2/6039 2829/3/6039
f 2824/1/6040 3146/2/6040 3147/3/6040
f 3145/1/6041 2869/2/6041 2840/3/6041
f 2971/1/6042 3172/2/6042 3184/3/6042
f 2860/1/6043 3243/2/6043 2831/3/6043
f 2835/1/6044 3275/2/6044 2840/3/6044
f 2835/1/6045 2840/2/6045 2859/3/6045
f 2818/1/6046 2793/2/6046 3149/3/6046
f 3278/1/6047 3240/2/6047 3267/3/6047
f 2882/1/6048 2829/2/6048 3147/3/6048
f 2882/1/6049 2809/2/6049 2829/3/6049
f 2669/1/6050 2828/2/6050 2827/3/6050
f 2669/1/6051 2661/2/6051 2828/3/6051
f 3127/1/6052 3106/2/6052 3254/3/6052
f 2842/1/6053 2835/2/6053 2852/3/6053
f 2882/1/6054 2793/2/6054 2809/3/6054
f 2878/1/6055 2860/2/6055 2831/3/6055
f 2862/1/6056 2819/2/6056 2891/3/6056
f 2862/1/6057 2827/2/6057 2819/3/6057
f 3147/1/6058 2904/2/6058 2882/3/6058
f 2891/1/6059 2819/2/6059 2852/3/6059
f 3279/1/6060 2869/2/6060 2818/3/6060
f 3279/1/6061 2818/2/6061 3149/3/6061
f 3279/1/6062 2873/2/6062 2869/3/6062
f 2882/1/6063 3149/2/6063 2793/3/6063
f 2882/1/6064 2904/2/6064 3149/3/6064
f 2754/1/6065 2862/2/6065 2891/3/6065
f 2799/1/6066 3240/2/6066 3278/3/6066
f 3259/1/6067 3268/2/6067 3260/3/6067
f 2395/1/6068 2905/2/6068 3146/3/6068
f 3129/1/6069 3124/2/6069 3116/3/6069
f 2395/1/6070 2894/2/6070 2905/3/6070
f 3266/1/6071 3127/2/6071 3131/3/6071
f 3147/1/6072 2905/2/6072 2912/3/6072
f 3014/1/6073 2876/2/6073 2873/3/6073
f 3014/1/6074 2914/2/6074 2876/3/6074
f 3014/1/6075 2873/2/6075 3279/3/6075
f 2926/1/6076 3014/2/6076 3279/3/6076
f 2926/1/6077 3279/2/6077 3149/3/6077
f 3150/1/6078 2904/2/6078 3147/3/6078
f 3062/1/6079 3280/2/6079 3234/3/6079
f 2926/1/6080 2904/2/6080 3151/3/6080
f 2926/1/6081 3151/2/6081 3152/3/6081
f 3150/1/6082 3147/2/6082 2912/3/6082
f 3263/1/6083 2902/2/6083 3268/3/6083
f 3263/1/6084 3268/2/6084 3259/3/6084
f 3262/1/6085 2864/2/6085 2860/3/6085
f 2806/1/6086 3271/2/6086 3276/3/6086
f 3262/1/6087 2878/2/6087 2794/3/6087
f 2929/1/6088 3014/2/6088 2926/3/6088
f 3244/1/6089 2387/2/6089 2389/3/6089
f 3150/1/6090 2912/2/6090 2955/3/6090
f 3262/1/6091 3263/2/6091 2864/3/6091
f 3151/1/6092 2953/2/6092 3153/3/6092
f 3039/1/6093 2912/2/6093 2905/3/6093
f 3263/1/6094 2901/2/6094 2902/3/6094
f 3267/1/6095 3261/2/6095 2979/3/6095
f 3140/1/6096 3264/2/6096 3137/3/6096
f 3281/1/6097 2929/2/6097 3152/3/6097
f 3039/1/6098 2955/2/6098 2912/3/6098
f 2955/1/6099 2953/2/6099 3151/3/6099
f 2901/1/6100 3263/2/6100 3262/3/6100
f 2953/1/6101 2955/2/6101 2781/3/6101
f 3153/1/6102 3281/2/6102 3152/3/6102
f 2794/1/6103 2878/2/6103 2884/3/6103
f 3281/1/6104 2777/2/6104 2678/3/6104
f 2800/1/6105 3255/2/6105 2799/3/6105
f 3281/1/6106 2678/2/6106 2929/3/6106
f 2778/1/6107 3281/2/6107 3153/3/6107
f 2778/1/6108 2777/2/6108 3281/3/6108
f 2901/1/6109 3262/2/6109 2794/3/6109
f 2778/1/6110 3153/2/6110 2779/3/6110
f 2781/1/6111 2955/2/6111 2418/3/6111
f 3273/1/6112 3142/2/6112 3141/3/6112
f 3273/1/6113 3141/2/6113 2811/3/6113
f 3275/1/6114 3270/2/6114 3133/3/6114
f 3275/1/6115 3133/2/6115 2902/3/6115
f 2812/1/6116 3184/2/6116 3271/3/6116
f 2781/1/6117 2779/2/6117 3153/3/6117
f 2901/1/6118 2794/2/6118 2793/3/6118
f 3272/1/6119 2820/2/6119 2828/3/6119
f 2901/1/6120 2793/2/6120 2818/3/6120
f 2978/1/6121 2979/2/6121 3001/3/6121
f 2800/1/6122 3276/2/6122 3255/3/6122
f 2794/1/6123 2884/2/6123 2809/3/6123
f 2881/1/6124 2391/2/6124 2393/3/6124
f 2812/1/6125 3271/2/6125 2806/3/6125
f 3278/1/6126 3007/2/6126 2810/3/6126
f 2802/1/6127 4608/2/6127 3280/3/6127
f 3003/1/6128 3000/2/6128 2996/3/6128
f 3001/1/6129 3003/2/6129 2795/3/6129
f 2820/1/6130 3137/2/6130 3274/3/6130
f 3003/1/6131 2996/2/6131 3068/3/6131
f 2820/1/6132 3272/2/6132 3137/3/6132
f 3015/1/6133 3035/2/6133 2805/3/6133
f 3414/1/6134 3289/2/6134 3290/3/6134
f 3291/1/6135 3292/2/6135 3417/3/6135
f 3748/1/6136 3302/2/6136 3745/3/6136
f 3689/1/6137 3341/2/6137 3729/3/6137
f 3303/1/6138 3354/2/6138 3320/3/6138
f 3746/1/6139 3293/2/6139 3288/3/6139
f 3311/1/6140 3312/2/6140 3663/3/6140
f 3301/1/6141 3313/2/6141 3749/3/6141
f 3663/1/6142 3312/2/6142 3710/3/6142
f 3747/1/6143 3288/2/6143 3295/3/6143
f 3290/1/6144 3324/2/6144 3308/3/6144
f 3337/1/6145 3291/2/6145 3728/3/6145
f 3325/1/6146 3339/2/6146 3328/3/6146
f 3345/1/6147 3346/2/6147 3287/3/6147
f 3329/1/6148 3348/2/6148 3734/3/6148
f 3700/1/6149 3350/2/6149 3304/3/6149
f 3296/1/6150 3350/2/6150 3700/3/6150
f 3286/1/6151 3285/2/6151 3301/3/6151
f 3342/1/6152 3353/2/6152 3371/3/6152
f 3302/1/6153 3357/2/6153 3293/3/6153
f 3293/1/6154 3360/2/6154 3288/3/6154
f 3367/1/6155 3359/2/6155 3344/3/6155
f 3299/1/6156 3285/2/6156 3307/3/6156
f 3718/1/6157 3310/2/6157 3351/3/6157
f 3358/1/6158 3364/2/6158 3365/3/6158
f 3288/1/6159 3366/2/6159 3295/3/6159
f 3295/1/6160 3366/2/6160 3299/3/6160
f 3317/1/6161 3368/2/6161 3733/3/6161
f 3301/1/6162 4312/2/6162 3313/3/6162
f 3733/1/6163 3368/2/6163 3331/3/6163
f 3285/1/6164 3370/2/6164 3301/3/6164
f 3331/1/6165 4347/2/6165 3332/3/6165
f 3371/1/6166 3353/2/6166 3283/3/6166
f 3737/1/6167 3372/2/6167 3294/3/6167
f 3360/1/6168 3366/2/6168 3288/3/6168
f 3321/1/6169 3363/2/6169 3284/3/6169
f 3338/1/6170 3284/2/6170 3333/3/6170
f 3289/1/6171 3324/2/6171 3290/3/6171
f 3299/1/6172 3373/2/6172 3285/3/6172
f 3309/1/6173 3310/2/6173 3315/3/6173
f 3302/1/6174 3191/2/6174 3357/3/6174
f 3282/1/6175 3374/2/6175 3317/3/6175
f 3357/1/6176 3360/2/6176 3293/3/6176
f 3330/1/6177 3374/2/6177 3282/3/6177
f 3365/1/6178 3298/2/6178 3326/3/6178
f 3370/1/6179 4312/2/6179 3301/3/6179
f 3305/1/6180 3306/2/6180 3358/3/6180
f 3320/1/6181 3340/2/6181 3319/3/6181
f 3287/1/6182 3375/2/6182 3330/3/6182
f 3294/1/6183 3376/2/6183 3296/3/6183
f 3292/1/6184 3349/2/6184 3355/3/6184
f 3285/1/6185 3373/2/6185 3370/3/6185
f 3327/1/6186 3346/2/6186 3345/3/6186
f 3370/1/6187 3377/2/6187 4312/3/6187
f 3729/1/6188 3378/2/6188 3300/3/6188
f 3328/1/6189 3380/2/6189 3325/3/6189
f 3324/1/6190 3379/2/6190 3308/3/6190
f 3304/1/6191 3380/2/6191 3328/3/6191
f 3289/1/6192 3356/2/6192 3381/3/6192
f 3355/1/6193 3356/2/6193 3289/3/6193
f 3298/1/6194 3316/2/6194 3297/3/6194
f 3360/1/6195 3382/2/6195 3366/3/6195
f 3366/1/6196 3383/2/6196 3299/3/6196
f 3299/1/6197 3383/2/6197 3373/3/6197
f 3322/1/6198 3334/2/6198 3347/3/6198
f 3357/1/6199 3382/2/6199 3360/3/6199
f 3310/1/6200 3384/2/6200 3351/3/6200
f 3291/1/6201 3349/2/6201 3292/3/6201
f 3351/1/6202 3385/2/6202 3737/3/6202
f 3333/1/6203 3386/2/6203 3327/3/6203
f 3370/1/6204 3373/2/6204 3377/3/6204
f 3361/1/6205 3318/2/6205 3362/3/6205
f 3357/1/6206 3216/2/6206 3382/3/6206
f 3383/1/6207 3388/2/6207 3373/3/6207
f 3312/1/6208 3309/2/6208 3710/3/6208
f 3354/1/6209 3389/2/6209 3320/3/6209
f 3191/1/6210 3216/2/6210 3357/3/6210
f 3343/1/6211 3339/2/6211 3363/3/6211
f 3323/1/6212 3340/2/6212 3318/3/6212
f 3341/1/6213 3378/2/6213 3729/3/6213
f 3373/1/6214 3387/2/6214 3377/3/6214
f 3366/1/6215 3390/2/6215 3383/3/6215
f 3382/1/6216 3390/2/6216 3366/3/6216
f 3283/1/6217 3306/2/6217 3305/3/6217
f 3373/1/6218 3388/2/6218 3387/3/6218
f 3298/1/6219 3391/2/6219 3316/3/6219
f 3335/1/6220 3393/2/6220 3341/3/6220
f 3216/1/6221 3390/2/6221 3382/3/6221
f 3320/1/6222 3395/2/6222 3340/3/6222
f 3337/1/6223 3432/2/6223 3291/3/6223
f 3216/1/6224 3397/2/6224 3390/3/6224
f 3346/1/6225 3375/2/6225 3287/3/6225
f 3383/1/6226 3396/2/6226 3388/3/6226
f 3367/1/6227 3362/2/6227 3359/3/6227
f 3737/1/6228 3385/2/6228 3372/3/6228
f 2371/1/6229 3398/2/6229 2370/3/6229
f 3390/1/6230 3396/2/6230 3383/3/6230
f 3390/1/6231 4356/2/6231 3396/3/6231
f 3397/1/6232 4356/2/6232 3390/3/6232
f 2390/1/6233 3400/2/6233 3399/3/6233
f 3404/1/6234 3401/2/6234 2388/3/6234
f 2392/1/6235 3402/2/6235 3400/3/6235
f 3400/1/6236 3402/2/6236 3403/3/6236
f 3322/1/6237 3056/2/6237 3334/3/6237
f 3405/1/6238 3404/2/6238 3566/3/6238
f 3341/1/6239 3393/2/6239 3378/3/6239
f 3416/1/6240 3673/2/6240 3640/3/6240
f 3417/1/6241 3673/2/6241 3416/3/6241
f 3411/1/6242 3418/2/6242 3695/3/6242
f 3417/1/6243 3419/2/6243 3673/3/6243
f 3316/1/6244 3420/2/6244 3369/3/6244
f 3369/1/6245 3420/2/6245 3354/3/6245
f 3350/1/6246 3380/2/6246 3304/3/6246
f 3411/1/6247 3308/2/6247 3418/3/6247
f 3355/1/6248 3349/2/6248 3356/3/6248
f 3418/1/6249 3371/2/6249 3695/3/6249
f 3331/1/6250 3368/2/6250 4388/3/6250
f 3419/1/6251 3355/2/6251 3724/3/6251
f 3317/1/6252 3374/2/6252 3368/3/6252
f 3342/1/6253 3418/2/6253 3308/3/6253
f 3303/1/6254 3369/2/6254 3354/3/6254
f 3355/1/6255 3289/2/6255 3724/3/6255
f 3353/1/6256 3342/2/6256 3421/3/6256
f 3327/1/6257 3386/2/6257 3346/3/6257
f 3329/1/6258 3352/2/6258 3422/3/6258
f 3363/1/6259 3424/2/6259 3284/3/6259
f 3425/1/6260 3283/2/6260 3353/3/6260
f 2364/1/6261 3392/2/6261 2412/3/6261
f 3329/1/6262 3422/2/6262 3348/3/6262
f 3284/1/6263 3427/2/6263 3333/3/6263
f 3333/1/6264 3427/2/6264 3386/3/6264
f 3426/1/6265 3428/2/6265 3422/3/6265
f 3422/1/6266 3428/2/6266 3348/3/6266
f 3471/1/6267 3432/2/6267 3431/3/6267
f 3434/1/6268 3425/2/6268 3421/3/6268
f 3306/1/6269 3435/2/6269 3358/3/6269
f 3421/1/6270 3425/2/6270 3353/3/6270
f 3430/1/6271 3436/2/6271 3392/3/6271
f 3392/1/6272 3436/2/6272 3422/3/6272
f 3423/1/6273 3428/2/6273 3437/3/6273
f 3330/1/6274 3440/2/6274 3374/3/6274
f 3381/1/6275 3324/2/6275 3289/3/6275
f 3422/1/6276 3436/2/6276 3426/3/6276
f 3334/1/6277 3393/2/6277 3335/3/6277
f 3443/1/6278 3442/2/6278 3444/3/6278
f 3433/1/6279 3445/2/6279 3431/3/6279
f 3431/1/6280 3445/2/6280 3446/3/6280
f 3348/1/6281 3428/2/6281 3337/3/6281
f 3448/1/6282 3447/2/6282 3511/3/6282
f 3449/1/6283 3444/2/6283 3452/3/6283
f 3314/1/6284 3398/2/6284 2371/3/6284
f 3296/1/6285 3376/2/6285 3350/3/6285
f 3392/1/6286 3352/2/6286 2412/3/6286
f 3437/1/6287 3441/2/6287 3454/3/6287
f 3379/1/6288 3439/2/6288 3308/3/6288
f 3308/1/6289 3439/2/6289 3342/3/6289
f 3378/1/6290 3455/2/6290 3300/3/6290
f 3300/1/6291 3455/2/6291 3311/3/6291
f 3429/1/6292 3389/2/6292 3354/3/6292
f 3374/1/6293 3456/2/6293 3368/3/6293
f 3365/1/6294 3364/2/6294 3298/3/6294
f 3392/1/6295 3422/2/6295 3352/3/6295
f 3312/1/6296 3457/2/6296 3309/3/6296
f 3344/1/6297 3415/2/6297 3314/3/6297
f 3346/1/6298 3458/2/6298 3375/3/6298
f 3339/1/6299 3459/2/6299 3363/3/6299
f 3325/1/6300 3460/2/6300 3339/3/6300
f 3291/1/6301 3432/2/6301 3349/3/6301
f 3374/1/6302 3461/2/6302 3456/3/6302
f 3372/1/6303 3462/2/6303 3294/3/6303
f 3283/1/6304 3425/2/6304 3306/3/6304
f 3294/1/6305 3462/2/6305 3376/3/6305
f 3350/1/6306 3463/2/6306 3380/3/6306
f 3375/1/6307 3440/2/6307 3330/3/6307
f 3349/1/6308 3464/2/6308 3356/3/6308
f 3309/1/6309 3465/2/6309 3310/3/6309
f 3428/1/6310 3423/2/6310 3337/3/6310
f 3386/1/6311 3458/2/6311 3346/3/6311
f 3423/1/6312 3433/2/6312 3337/3/6312
f 3393/1/6313 3467/2/6313 3378/3/6313
f 3384/1/6314 3385/2/6314 3351/3/6314
f 3363/1/6315 3394/2/6315 3424/3/6315
f 3311/1/6316 3455/2/6316 3312/3/6316
f 3368/1/6317 3456/2/6317 4388/3/6317
f 3339/1/6318 3460/2/6318 3459/3/6318
f 3432/1/6319 3471/2/6319 3349/3/6319
f 3318/1/6320 3468/2/6320 3362/3/6320
f 3314/1/6321 3469/2/6321 3398/3/6321
f 3458/1/6322 3453/2/6322 3375/3/6322
f 3363/1/6323 3459/2/6323 3394/3/6323
f 3358/1/6324 3435/2/6324 3364/3/6324
f 3364/1/6325 3470/2/6325 3298/3/6325
f 2370/1/6326 3398/2/6326 2367/3/6326
f 3468/1/6327 3359/2/6327 3362/3/6327
f 3440/1/6328 3461/2/6328 3374/3/6328
f 3337/1/6329 3433/2/6329 3432/3/6329
f 3381/1/6330 3472/2/6330 3324/3/6330
f 3284/1/6331 3424/2/6331 3427/3/6331
f 3320/1/6332 3389/2/6332 3395/3/6332
f 3425/1/6333 3442/2/6333 3306/3/6333
f 3340/1/6334 3473/2/6334 3318/3/6334
f 3334/1/6335 3059/2/6335 3393/3/6335
f 3342/1/6336 3439/2/6336 3421/3/6336
f 3298/1/6337 3470/2/6337 3391/3/6337
f 3375/1/6338 3474/2/6338 3440/3/6338
f 3453/1/6339 3474/2/6339 3375/3/6339
f 3324/1/6340 3466/2/6340 3379/3/6340
f 3306/1/6341 3442/2/6341 3435/3/6341
f 3356/1/6342 3475/2/6342 3381/3/6342
f 3359/1/6343 3415/2/6343 3344/3/6343
f 3356/1/6344 3464/2/6344 3475/3/6344
f 3380/1/6345 3476/2/6345 3325/3/6345
f 3325/1/6346 3476/2/6346 3460/3/6346
f 2364/1/6347 3158/2/6347 3392/3/6347
f 3378/1/6348 3467/2/6348 3455/3/6348
f 3349/1/6349 3471/2/6349 3464/3/6349
f 3427/1/6350 3458/2/6350 3386/3/6350
f 3457/1/6351 3465/2/6351 3309/3/6351
f 3310/1/6352 3477/2/6352 3384/3/6352
f 3465/1/6353 3477/2/6353 3310/3/6353
f 3462/1/6354 3478/2/6354 3376/3/6354
f 3354/1/6355 3479/2/6355 3429/3/6355
f 3420/1/6356 3479/2/6356 3354/3/6356
f 3415/1/6357 3469/2/6357 3314/3/6357
f 3463/1/6358 3480/2/6358 3380/3/6358
f 3455/1/6359 3482/2/6359 3312/3/6359
f 3312/1/6360 3482/2/6360 3457/3/6360
f 3359/1/6361 3483/2/6361 3415/3/6361
f 3440/1/6362 3484/2/6362 3461/3/6362
f 3427/1/6363 3485/2/6363 3458/3/6363
f 3394/1/6364 3486/2/6364 3424/3/6364
f 3461/1/6365 4444/2/6365 3456/3/6365
f 3426/1/6366 3441/2/6366 3428/3/6366
f 3059/1/6367 3066/2/6367 3393/3/6367
f 3376/1/6368 3487/2/6368 3350/3/6368
f 3350/1/6369 3487/2/6369 3463/3/6369
f 3471/1/6370 3488/2/6370 3464/3/6370
f 3467/1/6371 3489/2/6371 3455/3/6371
f 3459/1/6372 3490/2/6372 3394/3/6372
f 3470/1/6373 3491/2/6373 3391/3/6373
f 3395/1/6374 3473/2/6374 3340/3/6374
f 3391/1/6375 3491/2/6375 3316/3/6375
f 3316/1/6376 3491/2/6376 3420/3/6376
f 3442/1/6377 3443/2/6377 3435/3/6377
f 3381/1/6378 3475/2/6378 3472/3/6378
f 3472/1/6379 3466/2/6379 3324/3/6379
f 3481/1/6380 3372/2/6380 3385/3/6380
f 3458/1/6381 3474/2/6381 3453/3/6381
f 3424/1/6382 3486/2/6382 3427/3/6382
f 3393/1/6383 3066/2/6383 3467/3/6383
f 3379/1/6384 3447/2/6384 3439/3/6384
f 3466/1/6385 3447/2/6385 3379/3/6385
f 3435/1/6386 3443/2/6386 3364/3/6386
f 3474/1/6387 3484/2/6387 3440/3/6387
f 3458/1/6388 3492/2/6388 3474/3/6388
f 3439/1/6389 3438/2/6389 3421/3/6389
f 3469/1/6390 3493/2/6390 3398/3/6390
f 3398/1/6391 3494/2/6391 2367/3/6391
f 3433/1/6392 3431/2/6392 3432/3/6392
f 3318/1/6393 3473/2/6393 3468/3/6393
f 3478/1/6394 3487/2/6394 3376/3/6394
f 3380/1/6395 3480/2/6395 3476/3/6395
f 3158/1/6396 3430/2/6396 3392/3/6396
f 3477/1/6397 3495/2/6397 3384/3/6397
f 3476/1/6398 3496/2/6398 3460/3/6398
f 3464/1/6399 3488/2/6399 3475/3/6399
f 3457/1/6400 3497/2/6400 3465/3/6400
f 3482/1/6401 3497/2/6401 3457/3/6401
f 3429/1/6402 3498/2/6402 3389/3/6402
f 3441/1/6403 3437/2/6403 3428/3/6403
f 3492/1/6404 3484/2/6404 3474/3/6404
f 3484/1/6405 3499/2/6405 3461/3/6405
f 3461/1/6406 3499/2/6406 4444/3/6406
f 3455/1/6407 3500/2/6407 3482/3/6407
f 3489/1/6408 3500/2/6408 3455/3/6408
f 3423/1/6409 3445/2/6409 3433/3/6409
f 3437/1/6410 3445/2/6410 3423/3/6410
f 3462/1/6411 3501/2/6411 3478/3/6411
f 3066/1/6412 3502/2/6412 3467/3/6412
f 3485/1/6413 3492/2/6413 3458/3/6413
f 3460/1/6414 3490/2/6414 3459/3/6414
f 3463/1/6415 3487/2/6415 3480/3/6415
f 3415/1/6416 3503/2/6416 3469/3/6416
f 3490/1/6417 3504/2/6417 3394/3/6417
f 3394/1/6418 3504/2/6418 3486/3/6418
f 3470/1/6419 3505/2/6419 3491/3/6419
f 3364/1/6420 3506/2/6420 3470/3/6420
f 3443/1/6421 3506/2/6421 3364/3/6421
f 3427/1/6422 3507/2/6422 3485/3/6422
f 3486/1/6423 3507/2/6423 3427/3/6423
f 3439/1/6424 3447/2/6424 3438/3/6424
f 3431/1/6425 3508/2/6425 3471/3/6425
f 3485/1/6426 3509/2/6426 3492/3/6426
f 3475/1/6427 3510/2/6427 3472/3/6427
f 3468/1/6428 3483/2/6428 3359/3/6428
f 3488/1/6429 3512/2/6429 3475/3/6429
f 3473/1/6430 3513/2/6430 3468/3/6430
f 3467/1/6431 3502/2/6431 3489/3/6431
f 3438/1/6432 3450/2/6432 3421/3/6432
f 3483/1/6433 3503/2/6433 3415/3/6433
f 3471/1/6434 3508/2/6434 3488/3/6434
f 3492/1/6435 3514/2/6435 3484/3/6435
f 3476/1/6436 3515/2/6436 3496/3/6436
f 3480/1/6437 3515/2/6437 3476/3/6437
f 2397/1/6438 3516/2/6438 2356/3/6438
f 2356/1/6439 3518/2/6439 2394/3/6439
f 3477/1/6440 3517/2/6440 3495/3/6440
f 2356/1/6441 3516/2/6441 3518/3/6441
f 3384/1/6442 3495/2/6442 3385/3/6442
f 3425/1/6443 3434/2/6443 3442/3/6443
f 3465/1/6444 3497/2/6444 3477/3/6444
f 3472/1/6445 3510/2/6445 3466/3/6445
f 3498/1/6446 3520/2/6446 3389/3/6446
f 3395/1/6447 3520/2/6447 3473/3/6447
f 3389/1/6448 3520/2/6448 3395/3/6448
f 3420/1/6449 3521/2/6449 3479/3/6449
f 3491/1/6450 3521/2/6450 3420/3/6450
f 3460/1/6451 3496/2/6451 3490/3/6451
f 3469/1/6452 3522/2/6452 3493/3/6452
f 3486/1/6453 3523/2/6453 3507/3/6453
f 3066/1/6454 3524/2/6454 3502/3/6454
f 2398/1/6455 3525/2/6455 2397/3/6455
f 3466/1/6456 3511/2/6456 3447/3/6456
f 3430/1/6457 3181/2/6457 3436/3/6457
f 2390/1/6458 3399/2/6458 2388/3/6458
f 3500/1/6459 3526/2/6459 3482/3/6459
f 3482/1/6460 3526/2/6460 3497/3/6460
f 2392/1/6461 3400/2/6461 2390/3/6461
f 3487/1/6462 3527/2/6462 3480/3/6462
f 2367/1/6463 3494/2/6463 2365/3/6463
f 3519/1/6464 3516/2/6464 2397/3/6464
f 3504/1/6465 3529/2/6465 3486/3/6465
f 3484/1/6466 3514/2/6466 3499/3/6466
f 2397/1/6467 3525/2/6467 3519/3/6467
f 3509/1/6468 3528/2/6468 3492/3/6468
f 3508/1/6469 3530/2/6469 3488/3/6469
f 3398/1/6470 3493/2/6470 3494/3/6470
f 3442/1/6471 3434/2/6471 3444/3/6471
f 3468/1/6472 3532/2/6472 3483/3/6472
f 3426/1/6473 3533/2/6473 3441/3/6473
f 2388/1/6474 3401/2/6474 2386/3/6474
f 3489/1/6475 3534/2/6475 3500/3/6475
f 3502/1/6476 3534/2/6476 3489/3/6476
f 3478/1/6477 3535/2/6477 3487/3/6477
f 3475/1/6478 3512/2/6478 3510/3/6478
f 3443/1/6479 3536/2/6479 3506/3/6479
f 3450/1/6480 3434/2/6480 3421/3/6480
f 3518/1/6481 3402/2/6481 2394/3/6481
f 3436/1/6482 3181/2/6482 3426/3/6482
f 2400/1/6483 3525/2/6483 2398/3/6483
f 3510/1/6484 3537/2/6484 3466/3/6484
f 3514/1/6485 3531/2/6485 3499/3/6485
f 3429/1/6486 3538/2/6486 3498/3/6486
f 3479/1/6487 3538/2/6487 3429/3/6487
f 3399/1/6488 3404/2/6488 2388/3/6488
f 2394/1/6489 3402/2/6489 2392/3/6489
f 3372/1/6490 3540/2/6490 3462/3/6490
f 3481/1/6491 3540/2/6491 3372/3/6491
f 3495/1/6492 3481/2/6492 3385/3/6492
f 3485/1/6493 3541/2/6493 3509/3/6493
f 3507/1/6494 3541/2/6494 3485/3/6494
f 3516/1/6495 3542/2/6495 3518/3/6495
f 3501/1/6496 3543/2/6496 3478/3/6496
f 3492/1/6497 3528/2/6497 3514/3/6497
f 3447/1/6498 3450/2/6498 3438/3/6498
f 3469/1/6499 3544/2/6499 3522/3/6499
f 3503/1/6500 3544/2/6500 3469/3/6500
f 3444/1/6501 3449/2/6501 3443/3/6501
f 3519/1/6502 3545/2/6502 3516/3/6502
f 2400/1/6503 3546/2/6503 3525/3/6503
f 3181/1/6504 3533/2/6504 3426/3/6504
f 3470/1/6505 3506/2/6505 3505/3/6505
f 3490/1/6506 3547/2/6506 3504/3/6506
f 3496/1/6507 3547/2/6507 3490/3/6507
f 3400/1/6508 3566/2/6508 3399/3/6508
f 3477/1/6509 3549/2/6509 3517/3/6509
f 3497/1/6510 3549/2/6510 3477/3/6510
f 3431/1/6511 3446/2/6511 3508/3/6511
f 3480/1/6512 3527/2/6512 3515/3/6512
f 3566/1/6513 3404/2/6513 3399/3/6513
f 3466/1/6514 3537/2/6514 3511/3/6514
f 3488/1/6515 3530/2/6515 3512/3/6515
f 3494/1/6516 3539/2/6516 2365/3/6516
f 3529/1/6517 3523/2/6517 3486/3/6517
f 3525/1/6518 3545/2/6518 3519/3/6518
f 2365/1/6519 3539/2/6519 4056/3/6519
f 3543/1/6520 3535/2/6520 3478/3/6520
f 3528/1/6521 3985/2/6521 3514/3/6521
f 3552/1/6522 3542/2/6522 3516/3/6522
f 3483/1/6523 3553/2/6523 3503/3/6523
f 3518/1/6524 3555/2/6524 3402/3/6524
f 3542/1/6525 3555/2/6525 3518/3/6525
f 3515/1/6526 3554/2/6526 3496/3/6526
f 2403/1/6527 3559/2/6527 2401/3/6527
f 2401/1/6528 3558/2/6528 2400/3/6528
f 3513/1/6529 3532/2/6529 3468/3/6529
f 3524/1/6530 3534/2/6530 3502/3/6530
f 3523/1/6531 3541/2/6531 3507/3/6531
f 3533/1/6532 3454/2/6532 3441/3/6532
f 3546/1/6533 3548/2/6533 3525/3/6533
f 3487/1/6534 3535/2/6534 3527/3/6534
f 3449/1/6535 3536/2/6535 3443/3/6535
f 3534/1/6536 3561/2/6536 3500/3/6536
f 3514/1/6537 3985/2/6537 3531/3/6537
f 3527/1/6538 3562/2/6538 3515/3/6538
f 3434/1/6539 3556/2/6539 3444/3/6539
f 3495/1/6540 3563/2/6540 3481/3/6540
f 3545/1/6541 3552/2/6541 3516/3/6541
f 3517/1/6542 3563/2/6542 3495/3/6542
f 2386/1/6543 3551/2/6543 2384/3/6543
f 3509/1/6544 3564/2/6544 3528/3/6544
f 3541/1/6545 3564/2/6545 3509/3/6545
f 3561/1/6546 3526/2/6546 3500/3/6546
f 3540/1/6547 3565/2/6547 3462/3/6547
f 3462/1/6548 3565/2/6548 3501/3/6548
f 3437/1/6549 3567/2/6549 3445/3/6549
f 3548/1/6550 3545/2/6550 3525/3/6550
f 3454/1/6551 3567/2/6551 3437/3/6551
f 3404/1/6552 3406/2/6552 3401/3/6552
f 3493/1/6553 3550/2/6553 3494/3/6553
f 3401/1/6554 3551/2/6554 2386/3/6554
f 3528/1/6555 3557/2/6555 3985/3/6555
f 3522/1/6556 3568/2/6556 3493/3/6556
f 3555/1/6557 3403/2/6557 3402/3/6557
f 3450/1/6558 3556/2/6558 3434/3/6558
f 3504/1/6559 3547/2/6559 3529/3/6559
f 2384/1/6560 3569/2/6560 2383/3/6560
f 3450/1/6561 3451/2/6561 3556/3/6561
f 3550/1/6562 3570/2/6562 3494/3/6562
f 3494/1/6563 3570/2/6563 3539/3/6563
f 3529/1/6564 3571/2/6564 3523/3/6564
f 3524/1/6565 2973/2/6565 3534/3/6565
f 3497/1/6566 3572/2/6566 3549/3/6566
f 3526/1/6567 3572/2/6567 3497/3/6567
f 3985/1/6568 3557/2/6568 4035/3/6568
f 4065/1/6569 3539/2/6569 3570/3/6569
f 3532/1/6570 3553/2/6570 3483/3/6570
f 3400/1/6571 3573/2/6571 3566/3/6571
f 3403/1/6572 3573/2/6572 3400/3/6572
f 3496/1/6573 3554/2/6573 3547/3/6573
f 3520/1/6574 3574/2/6574 3473/3/6574
f 3473/1/6575 3574/2/6575 3513/3/6575
f 3551/1/6576 3560/2/6576 2384/3/6576
f 3513/1/6577 3575/2/6577 3532/3/6577
f 3564/1/6578 3557/2/6578 3528/3/6578
f 3527/1/6579 3576/2/6579 3562/3/6579
f 3535/1/6580 3576/2/6580 3527/3/6580
f 3521/1/6581 3538/2/6581 3479/3/6581
f 2404/1/6582 3577/2/6582 2403/3/6582
f 3561/1/6583 3578/2/6583 3526/3/6583
f 2400/1/6584 3579/2/6584 3546/3/6584
f 3558/1/6585 3579/2/6585 2400/3/6585
f 3405/1/6586 3406/2/6586 3404/3/6586
f 3447/1/6587 3580/2/6587 3450/3/6587
f 3448/1/6588 3580/2/6588 3447/3/6588
f 3406/1/6589 3581/2/6589 3401/3/6589
f 3552/1/6590 3582/2/6590 3542/3/6590
f 3553/1/6591 3544/2/6591 3503/3/6591
f 3515/1/6592 3562/2/6592 3554/3/6592
f 3523/1/6593 3583/2/6593 3541/3/6593
f 3498/1/6594 3584/2/6594 3520/3/6594
f 3559/1/6595 3558/2/6595 2401/3/6595
f 3401/1/6596 3585/2/6596 3551/3/6596
f 3508/1/6597 3586/2/6597 3530/3/6597
f 2973/1/6598 2974/2/6598 3534/3/6598
f 4035/1/6599 3557/2/6599 4059/3/6599
f 3493/1/6600 3568/2/6600 3550/3/6600
f 3526/1/6601 3578/2/6601 3572/3/6601
f 3565/1/6602 3543/2/6602 3501/3/6602
f 3548/1/6603 3409/2/6603 3545/3/6603
f 3491/1/6604 3587/2/6604 3521/3/6604
f 3505/1/6605 3587/2/6605 3491/3/6605
f 3506/1/6606 3588/2/6606 3505/3/6606
f 3564/1/6607 3589/2/6607 3557/3/6607
f 3543/1/6608 3590/2/6608 3535/3/6608
f 3560/1/6609 3569/2/6609 2384/3/6609
f 2403/1/6610 3577/2/6610 3559/3/6610
f 3549/1/6611 3591/2/6611 3517/3/6611
f 3517/1/6612 3591/2/6612 3563/3/6612
f 3541/1/6613 3583/2/6613 3564/3/6613
f 3510/1/6614 3592/2/6614 3537/3/6614
f 3555/1/6615 3407/2/6615 3403/3/6615
f 3547/1/6616 3571/2/6616 3529/3/6616
f 3523/1/6617 3571/2/6617 3583/3/6617
f 3545/1/6618 3599/2/6618 3552/3/6618
f 3567/1/6619 3593/2/6619 3445/3/6619
f 3445/1/6620 3593/2/6620 3446/3/6620
f 3572/1/6621 3594/2/6621 3549/3/6621
f 3481/1/6622 3563/2/6622 3540/3/6622
f 3544/1/6623 3595/2/6623 3522/3/6623
f 3542/1/6624 3582/2/6624 3555/3/6624
f 3551/1/6625 3596/2/6625 3560/3/6625
f 3590/1/6626 3576/2/6626 3535/3/6626
f 3553/1/6627 3598/2/6627 3544/3/6627
f 2974/1/6628 3561/2/6628 3534/3/6628
f 3409/1/6629 3599/2/6629 3545/3/6629
f 3185/1/6630 3533/2/6630 3181/3/6630
f 3579/1/6631 3409/2/6631 3546/3/6631
f 3546/1/6632 3409/2/6632 3548/3/6632
f 3532/1/6633 3600/2/6633 3553/3/6633
f 3554/1/6634 3601/2/6634 3547/3/6634
f 3565/1/6635 3603/2/6635 3543/3/6635
f 2383/1/6636 3604/2/6636 2381/3/6636
f 3537/1/6637 3605/2/6637 3511/3/6637
f 3511/1/6638 3605/2/6638 3448/3/6638
f 3581/1/6639 3585/2/6639 3401/3/6639
f 3549/1/6640 3594/2/6640 3591/3/6640
f 3512/1/6641 3592/2/6641 3510/3/6641
f 3571/1/6642 3606/2/6642 3583/3/6642
f 3556/1/6643 3607/2/6643 3444/3/6643
f 3449/1/6644 3609/2/6644 3536/3/6644
f 3557/1/6645 3589/2/6645 4059/3/6645
f 3578/1/6646 3610/2/6646 3572/3/6646
f 3562/1/6647 3611/2/6647 3554/3/6647
f 3583/1/6648 3589/2/6648 3564/3/6648
f 3407/1/6649 3613/2/6649 3403/3/6649
f 3592/1/6650 3614/2/6650 3537/3/6650
f 3561/1/6651 3615/2/6651 3578/3/6651
f 3530/1/6652 3586/2/6652 3512/3/6652
f 3601/1/6653 3571/2/6653 3547/3/6653
f 3560/1/6654 3596/2/6654 3569/3/6654
f 2974/1/6655 3615/2/6655 3561/3/6655
f 3185/1/6656 3616/2/6656 3533/3/6656
f 3533/1/6657 3616/2/6657 3454/3/6657
f 3451/1/6658 3602/2/6658 3556/3/6658
f 3572/1/6659 3617/2/6659 3594/3/6659
f 3569/1/6660 3604/2/6660 2383/3/6660
f 3577/1/6661 3597/2/6661 3559/3/6661
f 3521/1/6662 3618/2/6662 3538/3/6662
f 3576/1/6663 3619/2/6663 3562/3/6663
f 3405/1/6664 3620/2/6664 3406/3/6664
f 3406/1/6665 3620/2/6665 3581/3/6665
f 3522/1/6666 3595/2/6666 3568/3/6666
f 2404/1/6667 3608/2/6667 3577/3/6667
f 3597/1/6668 3621/2/6668 3559/3/6668
f 3559/1/6669 3621/2/6669 3558/3/6669
f 3540/1/6670 3622/2/6670 3565/3/6670
f 3563/1/6671 3622/2/6671 3540/3/6671
f 3573/1/6672 3623/2/6672 3566/3/6672
f 3566/1/6673 3623/2/6673 3405/3/6673
f 3536/1/6674 3624/2/6674 3506/3/6674
f 3506/1/6675 3624/2/6675 3588/3/6675
f 2405/1/6676 3608/2/6676 2404/3/6676
f 3585/1/6677 3596/2/6677 3551/3/6677
f 3568/1/6678 3625/2/6678 3550/3/6678
f 3601/1/6679 3626/2/6679 3571/3/6679
f 3409/1/6680 3408/2/6680 3599/3/6680
f 3520/1/6681 3627/2/6681 3574/3/6681
f 3513/1/6682 3574/2/6682 3575/3/6682
f 3602/1/6683 3607/2/6683 3556/3/6683
f 3520/1/6684 3584/2/6684 3627/3/6684
f 3582/1/6685 3628/2/6685 3555/3/6685
f 3555/1/6686 3628/2/6686 3407/3/6686
f 3403/1/6687 3613/2/6687 3573/3/6687
f 3575/1/6688 3600/2/6688 3532/3/6688
f 3598/1/6689 3595/2/6689 3544/3/6689
f 4059/1/6690 3589/2/6690 4088/3/6690
f 3449/1/6691 3452/2/6691 3609/3/6691
f 3569/1/6692 3612/2/6692 3604/3/6692
f 3550/1/6693 3625/2/6693 3570/3/6693
f 3610/1/6694 3629/2/6694 3572/3/6694
f 3572/1/6695 3629/2/6695 3617/3/6695
f 3498/1/6696 3630/2/6696 3584/3/6696
f 3538/1/6697 3630/2/6697 3498/3/6697
f 3615/1/6698 3610/2/6698 3578/3/6698
f 3608/1/6699 3631/2/6699 3577/3/6699
f 3616/1/6700 3567/2/6700 3454/3/6700
f 3611/1/6701 3601/2/6701 3554/3/6701
f 3593/1/6702 3632/2/6702 3446/3/6702
f 3446/1/6703 3632/2/6703 3508/3/6703
f 3450/1/6704 3580/2/6704 3451/3/6704
f 3596/1/6705 3612/2/6705 3569/3/6705
f 2381/1/6706 3633/2/6706 2379/3/6706
f 3505/1/6707 3588/2/6707 3587/3/6707
f 3599/1/6708 3634/2/6708 3552/3/6708
f 3552/1/6709 3634/2/6709 3582/3/6709
f 3587/1/6710 3618/2/6710 3521/3/6710
f 3619/1/6711 3611/2/6711 3562/3/6711
f 3583/1/6712 3606/2/6712 3589/3/6712
f 3590/1/6713 3635/2/6713 3576/3/6713
f 3579/1/6714 3636/2/6714 3409/3/6714
f 3585/1/6715 3637/2/6715 3596/3/6715
f 2406/1/6716 3638/2/6716 2405/3/6716
f 3605/1/6717 3639/2/6717 3448/3/6717
f 3448/1/6718 3639/2/6718 3580/3/6718
f 3571/1/6719 3626/2/6719 3606/3/6719
f 3631/1/6720 3640/2/6720 3577/3/6720
f 3606/1/6721 4088/2/6721 3589/3/6721
f 3615/1/6722 3166/2/6722 3610/3/6722
f 3604/1/6723 3633/2/6723 2381/3/6723
f 3591/1/6724 3622/2/6724 3563/3/6724
f 3616/1/6725 3162/2/6725 3567/3/6725
f 3628/1/6726 3613/2/6726 3407/3/6726
f 3444/1/6727 3641/2/6727 3452/3/6727
f 3607/1/6728 3641/2/6728 3444/3/6728
f 3584/1/6729 3642/2/6729 3627/3/6729
f 3603/1/6730 3590/2/6730 3543/3/6730
f 3553/1/6731 3643/2/6731 3598/3/6731
f 3600/1/6732 3643/2/6732 3553/3/6732
f 3594/1/6733 3644/2/6733 3591/3/6733
f 3568/1/6734 3645/2/6734 3625/3/6734
f 3610/1/6735 3646/2/6735 3629/3/6735
f 3512/1/6736 3655/2/6736 3592/3/6736
f 3408/1/6737 3410/2/6737 3599/3/6737
f 3601/1/6738 3647/2/6738 3626/3/6738
f 3582/1/6739 3634/2/6739 3628/3/6739
f 3573/1/6740 3649/2/6740 3623/3/6740
f 3613/1/6741 3649/2/6741 3573/3/6741
f 3621/1/6742 3650/2/6742 3558/3/6742
f 3558/1/6743 3650/2/6743 3579/3/6743
f 3626/1/6744 3651/2/6744 3606/3/6744
f 3577/1/6745 3640/2/6745 3597/3/6745
f 3565/1/6746 3652/2/6746 3603/3/6746
f 3622/1/6747 3652/2/6747 3565/3/6747
f 3596/1/6748 3653/2/6748 3612/3/6748
f 3632/1/6749 3586/2/6749 3508/3/6749
f 3405/1/6750 3654/2/6750 3620/3/6750
f 3623/1/6751 3654/2/6751 3405/3/6751
f 3628/1/6752 3412/2/6752 3613/3/6752
f 3611/1/6753 3656/2/6753 3601/3/6753
f 3409/1/6754 3636/2/6754 3408/3/6754
f 3595/1/6755 3645/2/6755 3568/3/6755
f 3614/1/6756 3605/2/6756 3537/3/6756
f 3606/1/6757 3657/2/6757 4088/3/6757
f 3588/1/6758 3658/2/6758 3587/3/6758
f 3166/1/6759 3646/2/6759 3610/3/6759
f 3617/1/6760 3644/2/6760 3594/3/6760
f 3619/1/6761 3659/2/6761 3611/3/6761
f 3598/1/6762 3660/2/6762 3595/3/6762
f 3638/1/6763 3608/2/6763 2405/3/6763
f 3602/1/6764 3661/2/6764 3607/3/6764
f 3620/1/6765 3662/2/6765 3581/3/6765
f 3581/1/6766 3662/2/6766 3585/3/6766
f 3656/1/6767 3647/2/6767 3601/3/6767
f 3592/1/6768 3663/2/6768 3614/3/6768
f 3648/1/6769 3663/2/6769 3592/3/6769
f 3591/1/6770 3644/2/6770 3622/3/6770
f 3608/1/6771 3665/2/6771 3631/3/6771
f 3635/1/6772 3666/2/6772 3576/3/6772
f 3576/1/6773 3666/2/6773 3619/3/6773
f 3452/1/6774 3667/2/6774 3609/3/6774
f 3575/1/6775 3668/2/6775 3600/3/6775
f 3574/1/6776 3668/2/6776 3575/3/6776
f 3657/1/6777 4118/2/6777 4088/3/6777
f 3451/1/6778 3669/2/6778 3602/3/6778
f 3651/1/6779 3657/2/6779 3606/3/6779
f 3604/1/6780 3670/2/6780 3633/3/6780
f 3580/1/6781 3669/2/6781 3451/3/6781
f 3612/1/6782 3671/2/6782 3604/3/6782
f 3609/1/6783 3672/2/6783 3536/3/6783
f 3536/1/6784 3672/2/6784 3624/3/6784
f 3166/1/6785 3069/2/6785 3646/3/6785
f 3659/1/6786 3656/2/6786 3611/3/6786
f 3640/1/6787 3673/2/6787 3597/3/6787
f 3597/1/6788 3673/2/6788 3621/3/6788
f 3567/1/6789 3675/2/6789 3593/3/6789
f 3650/1/6790 3676/2/6790 3579/3/6790
f 3579/1/6791 3676/2/6791 3636/3/6791
f 3646/1/6792 3677/2/6792 3629/3/6792
f 3636/1/6793 3413/2/6793 3408/3/6793
f 3637/1/6794 3653/2/6794 3596/3/6794
f 3617/1/6795 3678/2/6795 3644/3/6795
f 3629/1/6796 3678/2/6796 3617/3/6796
f 3603/1/6797 3679/2/6797 3590/3/6797
f 3599/1/6798 3411/2/6798 3634/3/6798
f 3410/1/6799 3411/2/6799 3599/3/6799
f 3655/1/6800 3648/2/6800 3592/3/6800
f 3412/1/6801 3664/2/6801 3613/3/6801
f 3622/1/6802 3680/2/6802 3652/3/6802
f 3647/1/6803 3651/2/6803 3626/3/6803
f 3634/1/6804 3412/2/6804 3628/3/6804
f 3644/1/6805 3681/2/6805 3622/3/6805
f 3538/1/6806 3618/2/6806 3630/3/6806
f 3649/1/6807 3654/2/6807 3623/3/6807
f 3671/1/6808 3670/2/6808 3604/3/6808
f 3654/1/6809 3682/2/6809 3620/3/6809
f 3645/1/6810 3683/2/6810 3625/3/6810
f 3676/1/6811 3413/2/6811 3636/3/6811
f 3643/1/6812 3660/2/6812 3598/3/6812
f 3630/1/6813 3684/2/6813 3584/3/6813
f 3584/1/6814 3684/2/6814 3642/3/6814
f 3666/1/6815 3659/2/6815 3619/3/6815
f 3580/1/6816 3639/2/6816 3669/3/6816
f 2379/1/6817 3685/2/6817 2376/3/6817
f 3646/1/6818 3686/2/6818 3677/3/6818
f 3681/1/6819 3680/2/6819 3622/3/6819
f 3069/1/6820 3686/2/6820 3646/3/6820
f 3632/1/6821 3687/2/6821 3586/3/6821
f 3624/1/6822 3688/2/6822 3588/3/6822
f 3588/1/6823 3688/2/6823 3658/3/6823
f 3586/1/6824 3689/2/6824 3512/3/6824
f 2406/1/6825 3692/2/6825 3638/3/6825
f 3621/1/6826 3673/2/6826 3650/3/6826
f 3664/1/6827 3649/2/6827 3613/3/6827
f 3629/1/6828 3677/2/6828 3678/3/6828
f 3590/1/6829 3690/2/6829 3635/3/6829
f 3679/1/6830 3690/2/6830 3590/3/6830
f 3649/1/6831 3691/2/6831 3654/3/6831
f 2408/1/6832 3692/2/6832 2406/3/6832
f 3587/1/6833 3693/2/6833 3618/3/6833
f 3600/1/6834 3694/2/6834 3643/3/6834
f 3634/1/6835 3695/2/6835 3412/3/6835
f 3408/1/6836 3413/2/6836 3410/3/6836
f 3605/1/6837 3696/2/6837 3639/3/6837
f 3653/1/6838 3674/2/6838 3612/3/6838
f 3652/1/6839 3679/2/6839 3603/3/6839
f 3669/1/6840 3697/2/6840 3602/3/6840
f 3678/1/6841 3681/2/6841 3644/3/6841
f 3657/1/6842 4144/2/6842 4118/3/6842
f 3631/1/6843 3416/2/6843 3640/3/6843
f 3651/1/6844 3698/2/6844 3657/3/6844
f 3665/1/6845 3416/2/6845 3631/3/6845
f 3656/1/6846 3699/2/6846 3647/3/6846
f 3595/1/6847 3701/2/6847 3645/3/6847
f 3607/1/6848 3702/2/6848 3641/3/6848
f 3661/1/6849 3702/2/6849 3607/3/6849
f 3162/1/6850 3675/2/6850 3567/3/6850
f 3647/1/6851 3703/2/6851 3651/3/6851
f 3512/1/6852 3689/2/6852 3655/3/6852
f 3585/1/6853 3704/2/6853 3637/3/6853
f 3662/1/6854 3704/2/6854 3585/3/6854
f 3641/1/6855 3667/2/6855 3452/3/6855
f 3678/1/6856 3705/2/6856 3681/3/6856
f 3659/1/6857 3706/2/6857 3656/3/6857
f 3593/1/6858 3707/2/6858 3632/3/6858
f 3675/1/6859 3707/2/6859 3593/3/6859
f 3620/1/6860 3682/2/6860 3662/3/6860
f 3673/1/6861 3419/2/6861 3650/3/6861
f 3643/1/6862 3708/2/6862 3660/3/6862
f 3609/1/6863 3667/2/6863 3672/3/6863
f 3627/1/6864 3668/2/6864 3574/3/6864
f 3668/1/6865 3694/2/6865 3600/3/6865
f 3706/1/6866 3699/2/6866 3656/3/6866
f 3638/1/6867 3665/2/6867 3608/3/6867
f 3413/1/6868 3709/2/6868 3410/3/6868
f 3410/1/6869 3709/2/6869 3411/3/6869
f 3614/1/6870 3710/2/6870 3605/3/6870
f 3663/1/6142 3710/2/6142 3614/3/6142
f 3699/1/6871 3703/2/6871 3647/3/6871
f 3681/1/6872 3711/2/6872 3680/3/6872
f 3657/1/6873 3698/2/6873 4144/3/6873
f 3651/1/6874 3703/2/6874 3698/3/6874
f 3602/1/6875 3697/2/6875 3661/3/6875
f 3641/1/6876 3702/2/6876 3700/3/6876
f 3650/1/6877 3419/2/6877 3676/3/6877
f 3694/1/6878 3708/2/6878 3643/3/6878
f 3666/1/6879 3706/2/6879 3659/3/6879
f 3618/1/6880 3712/2/6880 3630/3/6880
f 3635/1/6881 3713/2/6881 3666/3/6881
f 3690/1/6882 3713/2/6882 3635/3/6882
f 3652/1/6883 3714/2/6883 3679/3/6883
f 3680/1/6884 3714/2/6884 3652/3/6884
f 3696/1/6885 3315/2/6885 3639/3/6885
f 3612/1/6886 3674/2/6886 3671/3/6886
f 3641/1/6887 3700/2/6887 3667/3/6887
f 3678/1/6888 3716/2/6888 3705/3/6888
f 3677/1/6889 3716/2/6889 3678/3/6889
f 3664/1/6890 3715/2/6890 3649/3/6890
f 3660/1/6891 3701/2/6891 3595/3/6891
f 3637/1/6892 3303/2/6892 3653/3/6892
f 3069/1/6893 2849/2/6893 3686/3/6893
f 3633/1/6894 3685/2/6894 2379/3/6894
f 3645/1/6895 3701/2/6895 3683/3/6895
f 3686/1/6896 3717/2/6896 3677/3/6896
f 3411/1/6897 3695/2/6897 3634/3/6897
f 3639/1/6898 3718/2/6898 3669/3/6898
f 3412/1/6899 3695/2/6899 3664/3/6899
f 3699/1/6900 3719/2/6900 3703/3/6900
f 3637/1/6901 3704/2/6901 3303/3/6901
f 3687/1/6902 3720/2/6902 3586/3/6902
f 3586/1/6903 3720/2/6903 3689/3/6903
f 3712/1/6904 3684/2/6904 3630/3/6904
f 3717/1/6905 3716/2/6905 3677/3/6905
f 3684/1/6906 3721/2/6906 3642/3/6906
f 3707/1/6907 3687/2/6907 3632/3/6907
f 3691/1/6908 3682/2/6908 3654/3/6908
f 3703/1/6909 3722/2/6909 3698/3/6909
f 3627/1/6910 3723/2/6910 3668/3/6910
f 3642/1/6911 3723/2/6911 3627/3/6911
f 3162/1/6912 3163/2/6912 3675/3/6912
f 3711/1/6913 3714/2/6913 3680/3/6913
f 3676/1/6914 3414/2/6914 3413/3/6914
f 3705/1/6915 3711/2/6915 3681/3/6915
f 3419/1/6916 3724/2/6916 3676/3/6916
f 3638/1/6917 3336/2/6917 3665/3/6917
f 3679/1/6918 3714/2/6918 3690/3/6918
f 3701/1/6919 3725/2/6919 3683/3/6919
f 3669/1/6920 3718/2/6920 3697/3/6920
f 3685/1/6921 3344/2/6921 2376/3/6921
f 3702/1/6922 3296/2/6922 3700/3/6922
f 3698/1/6923 3722/2/6923 4144/3/6923
f 3633/1/6924 3361/2/6924 3685/3/6924
f 3719/1/6925 3726/2/6925 3703/3/6925
f 3624/1/6926 3672/2/6926 3688/3/6926
f 2849/1/6927 3717/2/6927 3686/3/6927
f 3705/1/6928 3727/2/6928 3711/3/6928
f 3639/1/6929 3315/2/6929 3718/3/6929
f 3655/1/6930 3729/2/6930 3648/3/6930
f 3344/1/6931 2374/2/6931 2376/3/6931
f 3163/1/6932 3730/2/6932 3675/3/6932
f 3695/1/6933 3715/2/6933 3664/3/6933
f 3714/1/6934 3731/2/6934 3690/3/6934
f 3691/1/6935 3365/2/6935 3682/3/6935
f 3706/1/6936 3732/2/6936 3699/3/6936
f 3660/1/6937 3733/2/6937 3701/3/6937
f 3653/1/6938 3303/2/6938 3674/3/6938
f 3715/1/6939 3305/2/6939 3649/3/6939
f 3587/1/6940 3321/2/6940 3693/3/6940
f 3658/1/6941 3321/2/6941 3587/3/6941
f 3671/1/6942 3323/2/6942 3670/3/6942
f 3685/1/6943 3367/2/6943 3344/3/6943
f 3710/1/6944 3696/2/6944 3605/3/6944
f 3694/1/6945 3282/2/6945 3708/3/6945
f 3682/1/6946 3297/2/6946 3662/3/6946
f 3662/1/6947 3297/2/6947 3704/3/6947
f 3718/1/6948 3351/2/6948 3697/3/6948
f 3675/1/6949 3730/2/6949 3707/3/6949
f 3674/1/6950 3319/2/6950 3671/3/6950
f 3667/1/6951 3328/2/6951 3672/3/6951
f 3726/1/6952 3722/2/6952 3703/3/6952
f 3692/1/6953 3734/2/6953 3638/3/6953
f 3666/1/6954 3735/2/6954 3706/3/6954
f 3135/1/6955 3717/2/6955 2849/3/6955
f 3723/1/6956 3694/2/6956 3668/3/6956
f 3717/1/6957 3736/2/6957 3716/3/6957
f 3661/1/6958 3737/2/6958 3702/3/6958
f 3413/1/6959 3414/2/6959 3709/3/6959
f 3697/1/6960 3737/2/6960 3661/3/6960
f 3716/1/6961 3738/2/6961 3705/3/6961
f 3705/1/6962 3738/2/6962 3727/3/6962
f 3683/1/6963 3725/2/6963 4280/3/6963
f 3699/1/6964 3732/2/6964 3719/3/6964
f 3618/1/6965 3693/2/6965 3712/3/6965
f 3690/1/6966 3739/2/6966 3713/3/6966
f 3731/1/6967 3739/2/6967 3690/3/6967
f 3676/1/6968 3724/2/6968 3414/3/6968
f 3714/1/6969 3711/2/6969 3731/3/6969
f 3665/1/6970 3728/2/6970 3416/3/6970
f 3695/1/6971 3371/2/6971 3715/3/6971
f 3709/1/6972 3308/2/6972 3411/3/6972
f 3336/1/6973 3728/2/6973 3665/3/6973
f 3734/1/6974 3336/2/6974 3638/3/6974
f 3670/1/6975 3361/2/6975 3633/3/6975
f 3732/1/6976 3740/2/6976 3719/3/6976
f 3708/1/6977 3733/2/6977 3660/3/6977
f 3717/1/6978 3135/2/6978 3736/3/6978
f 3713/1/6979 3735/2/6979 3666/3/6979
f 3716/1/6980 3736/2/6980 3738/3/6980
f 3729/1/6981 3300/2/6981 3648/3/6981
f 3365/1/6982 3326/2/6982 3682/3/6982
f 3735/1/6983 3741/2/6983 3706/3/6983
f 3706/1/6984 3741/2/6984 3732/3/6984
f 3711/1/6985 3742/2/6985 3731/3/6985
f 3642/1/6986 3345/2/6986 3723/3/6986
f 2362/1/6987 3352/2/6987 2408/3/6987
f 3727/1/6988 3742/2/6988 3711/3/6988
f 3721/1/6989 3345/2/6989 3642/3/6989
f 3305/1/6990 3691/2/6990 3649/3/6990
f 3704/1/6991 3369/2/6991 3303/3/6991
f 3726/1/6992 3743/2/6992 3722/3/6992
f 3707/1/6993 3730/2/6993 3687/3/6993
f 3414/1/6994 3290/2/6994 3709/3/6994
f 3723/1/6995 3287/2/6995 3694/3/6995
f 3728/1/6996 3417/2/6996 3416/3/6996
f 3688/1/6997 3343/2/6997 3658/3/6997
f 3658/1/6998 3343/2/6998 3321/3/6998
f 3719/1/6999 3740/2/6999 3726/3/6999
f 3417/1/7000 3292/2/7000 3419/3/7000
f 3687/1/7001 3335/2/7001 3720/3/7001
f 3693/1/7002 3338/2/7002 3712/3/7002
f 3724/1/7003 3289/2/7003 3414/3/7003
f 3733/1/7004 3332/2/7004 3701/3/7004
f 3701/1/7005 3332/2/7005 3725/3/7005
f 3740/1/7006 3744/2/7006 3726/3/7006
f 3684/1/7007 3333/2/7007 3721/3/7007
f 3712/1/7008 3333/2/7008 3684/3/7008
f 3672/1/7009 3328/2/7009 3688/3/7009
f 3648/1/7010 3300/2/7010 3663/3/7010
f 3326/1/7011 3297/2/7011 3682/3/7011
f 3736/1/7012 3745/2/7012 3738/3/7012
f 3722/1/7013 3743/2/7013 4230/3/7013
f 2408/1/7014 3352/2/7014 3692/3/7014
f 3731/1/7015 3742/2/7015 3739/3/7015
f 3323/1/7016 3361/2/7016 3670/3/7016
f 3700/1/7017 3304/2/7017 3667/3/7017
f 3667/1/7018 3304/2/7018 3328/3/7018
f 3738/1/7019 3746/2/7019 3727/3/7019
f 3727/1/7020 3746/2/7020 3742/3/7020
f 3730/1/7021 3322/2/7021 3687/3/7021
f 3726/1/7022 3744/2/7022 3743/3/7022
f 3734/1/7023 3348/2/7023 3336/3/7023
f 3689/1/7024 3729/2/7024 3655/3/7024
f 3741/1/7025 3740/2/7025 3732/3/7025
f 3361/1/7026 3367/2/7026 3685/3/7026
f 3745/1/7027 3746/2/7027 3738/3/7027
f 3737/1/7028 3294/2/7028 3702/3/7028
f 3347/1/7029 3335/2/7029 3687/3/7029
f 3371/1/7030 3305/2/7030 3715/3/7030
f 3287/1/7031 3282/2/7031 3694/3/7031
f 3739/1/7032 3735/2/7032 3713/3/7032
f 3292/1/7033 3355/2/7033 3419/3/7033
f 3358/1/7034 3365/2/7034 3691/3/7034
f 2374/1/7035 3314/2/7035 2371/3/7035
f 3736/1/7036 3748/2/7036 3745/3/7036
f 3135/1/7037 3748/2/7037 3736/3/7037
f 3693/1/7038 3321/2/7038 3338/3/7038
f 3344/1/7039 3314/2/7039 2374/3/7039
f 3297/1/7040 3316/2/7040 3704/3/7040
f 3728/1/7041 3291/2/7041 3417/3/7041
f 3322/1/7042 3347/2/7042 3687/3/7042
f 3674/1/7043 3320/2/7043 3319/3/7043
f 3303/1/7044 3320/2/7044 3674/3/7044
f 3735/1/7045 3307/2/7045 3741/3/7045
f 3352/1/7046 3734/2/7046 3692/3/7046
f 3741/1/7047 3286/2/7047 3740/3/7047
f 3740/1/7048 3749/2/7048 3744/3/7048
f 3338/1/7049 3333/2/7049 3712/3/7049
f 3733/1/7050 3331/2/7050 3332/3/7050
f 3323/1/7051 3318/2/7051 3361/3/7051
f 3710/1/7052 3309/2/7052 3696/3/7052
f 3319/1/7053 3340/2/7053 3671/3/7053
f 3671/1/7054 3340/2/7054 3323/3/7054
f 3742/1/7055 3746/2/7055 3747/3/7055
f 3742/1/7056 3747/2/7056 3739/3/7056
f 3305/1/7057 3358/2/7057 3691/3/7057
f 3282/1/7058 3317/2/7058 3708/3/7058
f 3708/1/7059 3317/2/7059 3733/3/7059
f 3351/1/7060 3737/2/7060 3697/3/7060
f 3290/1/7061 3308/2/7061 3709/3/7061
f 3300/1/7062 3311/2/7062 3663/3/7062
f 3371/1/7063 3283/2/7063 3305/3/7063
f 3702/1/7064 3294/2/7064 3296/3/7064
f 2412/1/7065 3352/2/7065 2362/3/7065
f 3336/1/7066 3337/2/7066 3728/3/7066
f 3287/1/7067 3330/2/7067 3282/3/7067
f 3744/1/7068 3749/2/7068 3743/3/7068
f 3739/1/7069 3295/2/7069 3735/3/7069
f 3725/1/7070 3332/2/7070 4280/3/7070
f 3345/1/7071 3287/2/7071 3723/3/7071
f 3720/1/7072 3341/2/7072 3689/3/7072
f 3286/1/7073 3749/2/7073 3740/3/7073
f 3418/1/7074 3342/2/7074 3371/3/7074
f 3315/1/7075 3310/2/7075 3718/3/7075
f 3747/1/7076 3295/2/7076 3739/3/7076
f 3321/1/7077 3284/2/7077 3338/3/7077
f 3745/1/7078 3293/2/7078 3746/3/7078
f 3343/1/7079 3363/2/7079 3321/3/7079
f 3741/1/7080 3285/2/7080 3286/3/7080
f 3307/1/7081 3285/2/7081 3741/3/7081
f 3326/1/7082 3298/2/7082 3297/3/7082
f 3348/1/7083 3337/2/7083 3336/3/7083
f 3749/1/7084 3313/2/7084 3743/3/7084
f 3746/1/7085 3288/2/7085 3747/3/7085
f 3352/1/7086 3329/2/7086 3734/3/7086
f 3333/1/7087 3327/2/7087 3721/3/7087
f 3721/1/7088 3327/2/7088 3345/3/7088
f 3347/1/7089 3334/2/7089 3335/3/7089
f 3328/1/7090 3339/2/7090 3688/3/7090
f 3688/1/7091 3339/2/7091 3343/3/7091
f 3361/1/7092 3362/2/7092 3367/3/7092
f 3295/1/7093 3299/2/7093 3735/3/7093
f 3735/1/7094 3299/2/7094 3307/3/7094
f 3335/1/7095 3341/2/7095 3720/3/7095
f 3286/1/7096 3301/2/7096 3749/3/7096
f 3704/1/7097 3316/2/7097 3369/3/7097
f 3745/1/7098 3302/2/7098 3293/3/7098
f 3696/1/7099 3309/2/7099 3315/3/7099
f 3752/1/7100 3751/2/7100 1424/3/7100
f 2270/1/7101 2263/2/7101 2252/3/7101
f 3753/1/7102 3750/2/7102 1490/3/7102
f 3750/1/7103 2270/2/7103 2252/3/7103
f 3750/1/7104 2252/2/7104 3751/3/7104
f 3754/1/7105 3751/2/7105 3752/3/7105
f 3754/1/7106 3750/2/7106 3751/3/7106
f 3753/1/7107 3755/2/7107 3756/3/7107
f 3760/1/7108 2282/2/7108 3758/3/7108
f 3760/1/7109 3758/2/7109 3759/3/7109
f 3760/1/7110 3759/2/7110 3761/3/7110
f 3758/1/7111 2277/2/7111 3756/3/7111
f 3758/1/7112 2282/2/7112 2277/3/7112
f 3767/1/7113 1697/2/7113 1700/3/7113
f 3767/1/7114 3766/2/7114 3765/3/7114
f 3767/1/7115 3765/2/7115 1697/3/7115
f 1609/1/7116 3758/2/7116 3756/3/7116
f 1609/1/7117 3756/2/7117 3757/3/7117
f 3767/1/7118 3768/2/7118 3766/3/7118
f 1699/1/7119 3768/2/7119 3767/3/7119
f 1699/1/7120 3767/2/7120 1700/3/7120
f 3770/1/7121 1675/2/7121 1475/3/7121
f 1490/1/7122 3750/2/7122 3754/3/7122
f 2210/1/7123 3771/2/7123 3772/3/7123
f 3755/1/7124 3753/2/7124 1490/3/7124
f 1386/1/7125 3773/2/7125 3772/3/7125
f 1756/1/7126 3774/2/7126 3773/3/7126
f 3757/1/7127 3756/2/7127 3755/3/7127
f 1747/1/7128 3774/2/7128 1748/3/7128
f 1747/1/7129 3775/2/7129 3774/3/7129
f 3760/1/7130 2284/2/7130 2282/3/7130
f 1734/1/7131 3775/2/7131 1747/3/7131
f 2296/1/7132 2284/2/7132 3760/3/7132
f 2296/1/7133 3760/2/7133 3761/3/7133
f 1734/1/7134 3777/2/7134 3775/3/7134
f 3778/1/7135 874/2/7135 1305/3/7135
f 3778/1/7136 1305/2/7136 1307/3/7136
f 3764/1/7137 3776/2/7137 3762/3/7137
f 3779/1/7138 1734/2/7138 1717/3/7138
f 3779/1/7139 3777/2/7139 1734/3/7139
f 3764/1/7140 1722/2/7140 1696/3/7140
f 3771/1/7141 2208/2/7141 874/3/7141
f 3771/1/7142 874/2/7142 3778/3/7142
f 2300/1/7143 3779/2/7143 3780/3/7143
f 3782/1/7144 3771/2/7144 3778/3/7144
f 3782/1/7145 3778/2/7145 1307/3/7145
f 2328/1/7146 2300/2/7146 3780/3/7146
f 3771/1/7147 2210/2/7147 2208/3/7147
f 2328/1/7148 3780/2/7148 3781/3/7148
f 2350/1/7149 2340/2/7149 3763/3/7149
f 3782/1/7150 3772/2/7150 3771/3/7150
f 3772/1/7151 2220/2/7151 2210/3/7151
f 1386/1/7152 3772/2/7152 3782/3/7152
f 3766/1/7153 2350/2/7153 3763/3/7153
f 3773/1/7154 2220/2/7154 3772/3/7154
f 3765/1/7155 3763/2/7155 3776/3/7155
f 3765/1/7156 3766/2/7156 3763/3/7156
f 1756/1/7157 3773/2/7157 1386/3/7157
f 2353/1/7158 2350/2/7158 3766/3/7158
f 3774/1/7159 2220/2/7159 3773/3/7159
f 3774/1/7160 2229/2/7160 2220/3/7160
f 2178/1/7161 2353/2/7161 3768/3/7161
f 3775/1/7162 2229/2/7162 3774/3/7162
f 3775/1/7163 2248/2/7163 2229/3/7163
f 3777/1/7164 2287/2/7164 2248/3/7164
f 3777/1/7165 2248/2/7165 3775/3/7165
f 3779/1/7166 2287/2/7166 3777/3/7166
f 3779/1/7167 2283/2/7167 2287/3/7167
f 3779/1/7168 2300/2/7168 2283/3/7168
f 2274/1/7169 3756/2/7169 2277/3/7169
f 3783/1/7170 3780/2/7170 3779/3/7170
f 3783/1/7171 3779/2/7171 1717/3/7171
f 3770/1/7172 1609/2/7172 1675/3/7172
f 3781/1/7173 3780/2/7173 3783/3/7173
f 3762/1/7174 2328/2/7174 3781/3/7174
f 3762/1/7175 2340/2/7175 2328/3/7175
f 1722/1/7176 3781/2/7176 3783/3/7176
f 1475/1/7177 3761/2/7177 3770/3/7177
f 3762/1/7178 3781/2/7178 1722/3/7178
f 3784/1/7179 2296/2/7179 3761/3/7179
f 3784/1/7180 3761/2/7180 1475/3/7180
f 1697/1/7181 3765/2/7181 1696/3/7181
f 3774/1/7182 1756/2/7182 1748/3/7182
f 3764/1/7183 3762/2/7183 1722/3/7183
f 3785/1/7184 2178/2/7184 3768/3/7184
f 3785/1/7185 2179/2/7185 2178/3/7185
f 3764/1/7186 1696/2/7186 3765/3/7186
f 3786/1/7187 3768/2/7187 1699/3/7187
f 3786/1/7188 3785/2/7188 3768/3/7188
f 3764/1/7189 3765/2/7189 3776/3/7189
f 3766/1/7190 3768/2/7190 2353/3/7190
f 3787/1/7191 2179/2/7191 3785/3/7191
f 3787/1/7192 2164/2/7192 2179/3/7192
f 3788/1/7193 3785/2/7193 3786/3/7193
f 3788/1/7194 3787/2/7194 3785/3/7194
f 3750/1/7195 3753/2/7195 2270/3/7195
f 3753/1/7196 2274/2/7196 2270/3/7196
f 3789/1/7197 2206/2/7197 2164/3/7197
f 3789/1/7198 2164/2/7198 3787/3/7198
f 3789/1/7199 3787/2/7199 3788/3/7199
f 3753/1/7200 3756/2/7200 2274/3/7200
f 1723/1/7201 3789/2/7201 3788/3/7201
f 3790/1/7202 2206/2/7202 3789/3/7202
f 3790/1/7203 2213/2/7203 2206/3/7203
f 3758/1/7204 1609/2/7204 3759/3/7204
f 1723/1/7205 3790/2/7205 3789/3/7205
f 3790/1/7206 2217/2/7206 2213/3/7206
f 3759/1/7207 1609/2/7207 3770/3/7207
f 1732/1/7208 3790/2/7208 1723/3/7208
f 3759/1/7209 3770/2/7209 3761/3/7209
f 3791/1/7210 2217/2/7210 3790/3/7210
f 3792/1/7211 3791/2/7211 3790/3/7211
f 1732/1/7212 3792/2/7212 3790/3/7212
f 3791/1/7213 2226/2/7213 2217/3/7213
f 3793/1/7214 2233/2/7214 2226/3/7214
f 3793/1/7215 2226/2/7215 3791/3/7215
f 1750/1/7216 3791/2/7216 3792/3/7216
f 1750/1/7217 3793/2/7217 3791/3/7217
f 3762/1/7218 3776/2/7218 3763/3/7218
f 3762/1/7219 3763/2/7219 2340/3/7219
f 3793/1/7220 2244/2/7220 2233/3/7220
f 1754/1/7221 3793/2/7221 1750/3/7221
f 3769/1/7222 2244/2/7222 3793/3/7222
f 1424/1/7223 3793/2/7223 1754/3/7223
f 1424/1/7224 3769/2/7224 3793/3/7224
f 3751/1/7225 2244/2/7225 3769/3/7225
f 3751/1/7226 2252/2/7226 2244/3/7226
f 1424/1/7227 3751/2/7227 3769/3/7227
f 3795/1/7228 3797/2/7228 3796/3/7228
f 3798/1/7228 3799/2/7228 3794/3/7228
f 3796/1/7229 3799/2/7229 3798/3/7229
f 3797/1/7228 3800/2/7228 3796/3/7228
f 3796/1/7228 3801/2/7228 3799/3/7228
f 3800/1/7228 3802/2/7228 3796/3/7228
f 3796/1/7230 3803/2/7230 3801/3/7230
f 3802/1/7228 3804/2/7228 3796/3/7228
f 3796/1/7228 3805/2/7228 3803/3/7228
f 3804/1/7231 3806/2/7231 3796/3/7231
f 3796/1/7228 3809/2/7228 3805/3/7228
f 3806/1/7232 3810/2/7232 3796/3/7232
f 3796/1/7228 3811/2/7228 3809/3/7228
f 2770/1/7228 3807/2/7228 2762/3/7228
f 3810/1/7228 3812/2/7228 3796/3/7228
f 2762/1/7228 3807/2/7228 2755/3/7228
f 2755/1/7228 3807/2/7228 2746/3/7228
f 2746/1/7228 3807/2/7228 2742/3/7228
f 2742/1/7228 3807/2/7228 2664/3/7228
f 2664/1/7228 3807/2/7228 2657/3/7228
f 2657/1/7233 3807/2/7233 2651/3/7233
f 3796/1/7228 3813/2/7228 3811/3/7228
f 2651/1/7234 3807/2/7234 2640/3/7234
f 2640/1/7228 3807/2/7228 2635/3/7228
f 3812/1/7228 3814/2/7228 3796/3/7228
f 2635/1/7228 3807/2/7228 2611/3/7228
f 2611/1/7228 3807/2/7228 2597/3/7228
f 2597/1/7228 3807/2/7228 2590/3/7228
f 2590/1/7228 3807/2/7228 2582/3/7228
f 3814/1/7228 3815/2/7228 3796/3/7228
f 3796/1/7228 3816/2/7228 3813/3/7228
f 3815/1/7228 3817/2/7228 3796/3/7228
f 3796/1/7228 3818/2/7228 3816/3/7228
f 2683/1/7228 3808/2/7228 2682/3/7228
f 2682/1/7235 3808/2/7235 2776/3/7235
f 2776/1/7236 3808/2/7236 2774/3/7236
f 2774/1/7228 3808/2/7228 2770/3/7228
f 3817/1/7228 3819/2/7228 3796/3/7228
f 2770/1/7230 3808/2/7230 3807/3/7230
f 3796/1/7228 3820/2/7228 3818/3/7228
f 3807/1/7228 2566/2/7228 2582/3/7228
f 3819/1/7228 3821/2/7228 3796/3/7228
f 3796/1/7228 3822/2/7228 3820/3/7228
f 3821/1/7228 3823/2/7228 3796/3/7228
f 3807/1/7228 2561/2/7228 2566/3/7228
f 3796/1/7237 3824/2/7237 3822/3/7237
f 3823/1/7228 3825/2/7228 3796/3/7228
f 3807/1/7228 2567/2/7228 2561/3/7228
f 3796/1/7238 3825/2/7238 3824/3/7238
f 3826/1/7239 3828/2/7239 3796/3/7239
f 3826/1/7240 3796/2/7240 3798/3/7240
f 3807/1/7230 3796/2/7230 3828/3/7230
f 2423/1/7228 3796/2/7228 2420/3/7228
f 2427/1/7228 3796/2/7228 2423/3/7228
f 2430/1/7228 3796/2/7228 2427/3/7228
f 2433/1/7228 3796/2/7228 2430/3/7228
f 2437/1/7228 3796/2/7228 2433/3/7228
f 2443/1/7228 3796/2/7228 2437/3/7228
f 2683/1/7228 3796/2/7228 3808/3/7228
f 2449/1/7228 3796/2/7228 2443/3/7228
f 2452/1/7228 3796/2/7228 2449/3/7228
f 2455/1/7228 3796/2/7228 2452/3/7228
f 2458/1/7228 3796/2/7228 2455/3/7228
f 2460/1/7228 3796/2/7228 2458/3/7228
f 2463/1/7228 3796/2/7228 2460/3/7228
f 2466/1/7228 3796/2/7228 2463/3/7228
f 2470/1/7228 3796/2/7228 2466/3/7228
f 2473/1/7228 3796/2/7228 2470/3/7228
f 2477/1/7228 3796/2/7228 2473/3/7228
f 2478/1/7228 3796/2/7228 2477/3/7228
f 2481/1/7228 3796/2/7228 2478/3/7228
f 2416/1/7228 3796/2/7228 2481/3/7228
f 2419/1/7228 3796/2/7228 2416/3/7228
f 2424/1/7228 3796/2/7228 2419/3/7228
f 2435/1/7228 3796/2/7228 2424/3/7228
f 2440/1/7228 3796/2/7228 2435/3/7228
f 2450/1/7228 3796/2/7228 2440/3/7228
f 2453/1/7228 3796/2/7228 2450/3/7228
f 2456/1/7228 3796/2/7228 2453/3/7228
f 2459/1/7228 3796/2/7228 2456/3/7228
f 2461/1/7228 3796/2/7228 2459/3/7228
f 2465/1/7228 3796/2/7228 2461/3/7228
f 2467/1/7228 3796/2/7228 2465/3/7228
f 2471/1/7228 3796/2/7228 2467/3/7228
f 2474/1/7228 3796/2/7228 2471/3/7228
f 2476/1/7228 3796/2/7228 2474/3/7228
f 2480/1/7228 3796/2/7228 2476/3/7228
f 2483/1/7228 3796/2/7228 2480/3/7228
f 2414/1/7228 3796/2/7228 2483/3/7228
f 2422/1/7228 3796/2/7228 2414/3/7228
f 2425/1/7228 3796/2/7228 2422/3/7228
f 2428/1/7228 3796/2/7228 2425/3/7228
f 2434/1/7228 3796/2/7228 2428/3/7228
f 2420/1/7228 3796/2/7228 2684/3/7228
f 2684/1/7228 3796/2/7228 2686/3/7228
f 2686/1/7229 3796/2/7229 2787/3/7229
f 2787/1/7241 3796/2/7241 2782/3/7241
f 2782/1/7228 3796/2/7228 2683/3/7228
f 2567/1/7228 3828/2/7228 2552/3/7228
f 3807/1/7228 3828/2/7228 2567/3/7228
f 3828/1/7242 3827/2/7242 2552/3/7242
f 2434/1/7228 2439/2/7228 3796/3/7228
f 3828/1/7243 3829/2/7243 3827/3/7243
f 3827/1/7228 2551/2/7228 2552/3/7228
f 3829/1/7228 2551/2/7228 3827/3/7228
f 3829/1/7228 3794/2/7228 2551/3/7228
f 2439/1/7228 3795/2/7228 3796/3/7228
f 3798/1/7244 3794/2/7244 3829/3/7244
f 3830/1/7245 3829/2/7245 3828/3/7245
f 3830/1/7246 3798/2/7246 3829/3/7246
f 3831/1/7247 3796/2/7247 3807/3/7247
f 3798/1/7248 3830/2/7248 3826/3/7248
f 3830/1/7249 3828/2/7249 3826/3/7249
f 3807/1/7250 3808/2/7250 3831/3/7250
f 3796/1/7251 3831/2/7251 3808/3/7251
f 3833/1/7252 6185/2/7252 17/3/7252
f 3832/1/7253 6307/2/7253 61/3/7253
f 6185/1/7254 3834/2/7254 17/3/7254
f 61/1/7255 6273/2/7255 57/3/7255
f 17/1/7256 3834/2/7256 19/3/7256
f 6307/1/7257 6273/2/7257 61/3/7257
f 3834/1/7258 3835/2/7258 19/3/7258
f 6132/1/7259 57/2/7259 6273/3/7259
f 6132/1/7260 6139/2/7260 57/3/7260
f 3835/1/7261 3836/2/7261 19/3/7261
f 3836/1/7262 3837/2/7262 19/3/7262
f 6342/1/7263 55/2/7263 6139/3/7263
f 19/1/7264 3837/2/7264 21/3/7264
f 6139/1/7265 55/2/7265 57/3/7265
f 3838/1/7266 21/2/7266 3837/3/7266
f 6342/1/7267 6315/2/7267 55/3/7267
f 6323/1/7268 21/2/7268 3838/3/7268
f 55/1/7269 6315/2/7269 51/3/7269
f 6323/1/7270 23/2/7270 21/3/7270
f 3839/1/7271 23/2/7271 6323/3/7271
f 6315/1/7272 6314/2/7272 51/3/7272
f 49/1/7273 51/2/7273 84/3/7273
f 84/1/7274 51/2/7274 6314/3/7274
f 3839/1/7275 25/2/7275 23/3/7275
f 3840/1/7276 6146/2/7276 13/3/7276
f 13/1/7277 3841/2/7277 14/3/7277
f 14/1/7278 3841/2/7278 6176/3/7278
f 6344/1/7279 25/2/7279 3839/3/7279
f 50/1/7280 48/2/7280 3842/3/7280
f 6344/1/7281 27/2/7281 25/3/7281
f 3843/1/7282 27/2/7282 6344/3/7282
f 48/1/7283 3844/2/7283 3842/3/7283
f 3845/1/7284 27/2/7284 3843/3/7284
f 3846/1/7285 50/2/7285 3842/3/7285
f 3845/1/7286 29/2/7286 27/3/7286
f 6127/1/7287 29/2/7287 3845/3/7287
f 6114/1/7288 30/2/7288 6127/3/7288
f 6127/1/7289 30/2/7289 29/3/7289
f 6124/1/7290 34/2/7290 6114/3/7290
f 6114/1/7291 34/2/7291 30/3/7291
f 6123/1/7292 34/2/7292 6124/3/7292
f 6123/1/7293 37/2/7293 34/3/7293
f 6130/1/7294 37/2/7294 6123/3/7294
f 6138/1/7295 37/2/7295 6130/3/7295
f 37/1/7296 6138/2/7296 39/3/7296
f 6151/1/7297 39/2/7297 6138/3/7297
f 6153/1/7298 39/2/7298 6151/3/7298
f 3849/1/7299 41/2/7299 6153/3/7299
f 6153/1/7300 41/2/7300 39/3/7300
f 3849/1/7301 3850/2/7301 41/3/7301
f 6347/1/7302 3854/2/7302 3850/3/7302
f 6328/1/7303 43/2/7303 3854/3/7303
f 3848/1/7304 45/2/7304 3851/3/7304
f 6328/1/7305 45/2/7305 43/3/7305
f 6293/1/7306 45/2/7306 6328/3/7306
f 6293/1/7307 3851/2/7307 45/3/7307
f 6294/1/7308 3848/2/7308 3851/3/7308
f 56/1/7309 3852/2/7309 58/3/7309
f 6294/1/7310 3847/2/7310 3848/3/7310
f 6295/1/7311 3847/2/7311 6294/3/7311
f 3844/1/7312 48/2/7312 3853/3/7312
f 3853/1/7313 48/2/7313 6295/3/7313
f 6295/1/7314 48/2/7314 3847/3/7314
f 6226/1/7315 50/2/7315 3846/3/7315
f 58/1/7316 3852/2/7316 60/3/7316
f 6226/1/7317 54/2/7317 50/3/7317
f 6301/1/7318 54/2/7318 6226/3/7318
f 6213/1/7319 54/2/7319 6301/3/7319
f 6213/1/7320 56/2/7320 54/3/7320
f 6232/1/7321 56/2/7321 6213/3/7321
f 6232/1/7322 3852/2/7322 56/3/7322
f 6227/1/7323 3852/2/7323 6232/3/7323
f 41/1/7324 3854/2/7324 43/3/7324
f 6235/1/7325 3852/2/7325 6227/3/7325
f 6235/1/7326 60/2/7326 3852/3/7326
f 6238/1/7327 60/2/7327 6235/3/7327
f 41/1/7328 3850/2/7328 3854/3/7328
f 6238/1/7329 65/2/7329 60/3/7329
f 3855/1/7330 65/2/7330 6238/3/7330
f 3856/1/7331 65/2/7331 3855/3/7331
f 70/1/7332 65/2/7332 3856/3/7332
f 6263/1/7333 70/2/7333 3856/3/7333
f 3857/1/7334 70/2/7334 6263/3/7334
f 3857/1/7335 77/2/7335 70/3/7335
f 3858/1/7336 77/2/7336 3857/3/7336
f 3858/1/7337 79/2/7337 77/3/7337
f 3859/1/7338 79/2/7338 3858/3/7338
f 3859/1/7339 80/2/7339 79/3/7339
f 6269/1/7340 80/2/7340 3859/3/7340
f 80/1/7341 6269/2/7341 81/3/7341
f 6351/1/7342 81/2/7342 6269/3/7342
f 3860/1/7343 9/2/7343 6351/3/7343
f 6351/1/7344 9/2/7344 81/3/7344
f 3861/1/7345 9/2/7345 3860/3/7345
f 3862/1/7346 9/2/7346 3861/3/7346
f 3862/1/7347 11/2/7347 9/3/7347
f 3863/1/7348 11/2/7348 3862/3/7348
f 6256/1/7349 8/2/7349 3863/3/7349
f 3863/1/7350 8/2/7350 11/3/7350
f 6244/1/7351 8/2/7351 6256/3/7351
f 68/1/7352 6319/2/7352 75/3/7352
f 6244/1/7353 3864/2/7353 8/3/7353
f 8/1/7354 3864/2/7354 82/3/7354
f 6319/1/7355 6318/2/7355 75/3/7355
f 3864/1/7356 6275/2/7356 82/3/7356
f 6318/1/7357 6343/2/7357 75/3/7357
f 75/1/7358 6343/2/7358 76/3/7358
f 6343/1/7359 3865/2/7359 76/3/7359
f 6275/1/7360 6206/2/7360 82/3/7360
f 3865/1/7361 6317/2/7361 76/3/7361
f 6206/1/7362 6203/2/7362 82/3/7362
f 82/1/7363 6203/2/7363 78/3/7363
f 76/1/7364 3866/2/7364 10/3/7364
f 6317/1/7365 3866/2/7365 76/3/7365
f 6203/1/7366 3867/2/7366 78/3/7366
f 3866/1/7367 6322/2/7367 10/3/7367
f 10/1/7368 6322/2/7368 13/3/7368
f 3867/1/7369 6207/2/7369 78/3/7369
f 6322/1/7370 3840/2/7370 13/3/7370
f 6207/1/7371 3868/2/7371 78/3/7371
f 3841/1/7372 13/2/7372 6146/3/7372
f 78/1/7371 3868/2/7371 71/3/7371
f 3868/1/7373 6209/2/7373 71/3/7373
f 3844/1/7374 3853/2/7374 3846/3/7374
f 14/1/7375 6176/2/7375 16/3/7375
f 6209/1/7376 6303/2/7376 71/3/7376
f 6176/1/7377 3833/2/7377 16/3/7377
f 3853/1/7378 6226/2/7378 3846/3/7378
f 6303/1/7379 3832/2/7379 71/3/7379
f 71/1/7380 3832/2/7380 61/3/7380
f 16/1/7381 3833/2/7381 17/3/7381
f 3870/1/7382 3869/2/7382 3896/3/7382
f 3870/1/7383 3876/2/7383 3869/3/7383
f 3873/1/7384 3871/2/7384 3872/3/7384
f 3873/1/7385 3872/2/7385 3874/3/7385
f 3875/1/7386 1996/2/7386 3876/3/7386
f 3875/1/7387 1992/2/7387 1996/3/7387
f 3875/1/7388 3876/2/7388 3870/3/7388
f 3873/1/7389 3874/2/7389 3877/3/7389
f 5348/1/7390 3875/2/7390 3870/3/7390
f 3877/1/7391 3874/2/7391 3878/3/7391
f 3877/1/7392 3878/2/7392 3879/3/7392
f 3784/1/7393 1992/2/7393 3875/3/7393
f 3784/1/7394 1474/2/7394 1992/3/7394
f 1474/1/7395 3784/2/7395 1475/3/7395
f 3879/1/7396 3878/2/7396 3880/3/7396
f 2294/1/7397 3784/2/7397 3875/3/7397
f 3879/1/7398 3880/2/7398 3881/3/7398
f 2294/1/7399 2296/2/7399 3784/3/7399
f 1826/1/7400 1929/2/7400 3883/3/7400
f 3885/1/7401 3883/2/7401 3884/3/7401
f 3885/1/7402 3887/2/7402 3883/3/7402
f 3888/1/7403 3889/2/7403 3887/3/7403
f 3890/1/7404 3882/2/7404 3892/3/7404
f 1991/1/7405 3889/2/7405 3891/3/7405
f 3894/1/7406 3890/2/7406 3892/3/7406
f 1991/1/7407 3891/2/7407 3895/3/7407
f 1916/1/7408 1991/2/7408 3895/3/7408
f 3899/1/7409 3898/2/7409 3897/3/7409
f 3898/1/7410 3899/2/7410 5344/3/7410
f 1935/1/7411 2020/2/7411 3901/3/7411
f 1935/1/7412 3901/2/7412 3902/3/7412
f 1935/1/7413 3902/2/7413 3903/3/7413
f 1909/1/7414 1935/2/7414 3903/3/7414
f 3904/1/7415 3903/2/7415 3902/3/7415
f 3904/1/7416 3902/2/7416 5389/3/7416
f 1909/1/7417 3903/2/7417 3909/3/7417
f 1909/1/7418 3909/2/7418 1864/3/7418
f 3884/1/7419 3883/2/7419 1929/3/7419
f 3884/1/7420 1929/2/7420 3905/3/7420
f 3909/1/7421 3907/2/7421 3910/3/7421
f 2162/1/7422 3909/2/7422 3910/3/7422
f 3887/1/7423 1826/2/7423 3883/3/7423
f 3887/1/7424 3889/2/7424 1826/3/7424
f 2104/1/7425 2162/2/7425 3910/3/7425
f 3888/1/7426 3887/2/7426 3885/3/7426
f 2104/1/7427 3910/2/7427 3912/3/7427
f 3912/1/7428 3910/2/7428 3911/3/7428
f 2071/1/7429 2104/2/7429 3912/3/7429
f 2071/1/7430 3912/2/7430 3914/3/7430
f 5311/1/7431 3889/2/7431 3888/3/7431
f 3914/1/7432 3912/2/7432 3913/3/7432
f 3891/1/7433 3889/2/7433 5311/3/7433
f 2022/1/7434 2071/2/7434 3914/3/7434
f 2022/1/7435 3914/2/7435 3916/3/7435
f 3917/1/7436 5271/2/7436 5288/3/7436
f 3914/1/7437 3915/2/7437 3916/3/7437
f 1939/1/7438 2022/2/7438 3916/3/7438
f 3917/1/7439 5288/2/7439 3918/3/7439
f 1939/1/7440 3916/2/7440 3919/3/7440
f 3920/1/7441 3895/2/7441 3891/3/7441
f 3916/1/7442 5271/2/7442 3919/3/7442
f 1863/1/7443 1916/2/7443 3895/3/7443
f 3922/1/7444 1863/2/7444 3895/3/7444
f 3922/1/7445 3895/2/7445 3920/3/7445
f 1905/1/7446 3923/2/7446 3921/3/7446
f 1905/1/7447 3921/2/7447 1828/3/7447
f 3923/1/7448 3918/2/7448 3921/3/7448
f 3899/1/7449 2161/2/7449 1863/3/7449
f 3874/1/7450 3872/2/7450 5307/3/7450
f 3899/1/7451 1863/2/7451 3922/3/7451
f 1828/1/7452 3921/2/7452 3871/3/7452
f 5344/1/7453 3899/2/7453 3922/3/7453
f 3921/1/7454 3918/2/7454 3871/3/7454
f 3874/1/7455 5307/2/7455 5316/3/7455
f 3878/1/7456 3874/2/7456 5316/3/7456
f 3873/1/7457 1828/2/7457 3871/3/7457
f 3897/1/7458 2020/2/7458 2161/3/7458
f 3873/1/7459 2160/2/7459 1828/3/7459
f 3880/1/7460 3878/2/7460 5328/3/7460
f 3901/1/7461 2020/2/7461 3897/3/7461
f 3880/1/7462 5328/2/7462 3924/3/7462
f 3900/1/7463 3897/2/7463 3898/3/7463
f 3900/1/7464 3901/2/7464 3897/3/7464
f 3925/1/7465 3877/2/7465 3879/3/7465
f 3896/1/7466 3869/2/7466 3894/3/7466
f 3881/1/7467 2106/2/7467 3879/3/7467
f 3899/1/7468 3897/2/7468 2161/3/7468
f 2019/1/7469 3886/2/7469 3890/3/7469
f 3890/1/7470 3886/2/7470 3882/3/7470
f 2011/1/7471 2019/2/7471 3890/3/7471
f 2011/1/7472 3890/2/7472 3893/3/7472
f 3901/1/7473 3900/2/7473 3902/3/7473
f 3893/1/7474 3890/2/7474 3894/3/7474
f 3903/1/7475 3904/2/7475 3909/3/7475
f 2002/1/7476 2011/2/7476 3893/3/7476
f 2002/1/7477 3893/2/7477 3869/3/7477
f 3907/1/7478 3906/2/7478 3910/3/7478
f 3908/1/7479 3906/2/7479 3907/3/7479
f 3910/1/7480 3906/2/7480 3911/3/7480
f 3909/1/7481 3904/2/7481 3907/3/7481
f 2162/1/7482 1864/2/7482 3909/3/7482
f 3908/1/7483 3907/2/7483 3904/3/7483
f 3908/1/7484 3904/2/7484 5389/3/7484
f 3908/1/7485 5389/2/7485 3906/3/7485
f 3912/1/7486 3911/2/7486 3913/3/7486
f 1905/1/7487 3919/2/7487 3923/3/7487
f 1905/1/7488 1939/2/7488 3919/3/7488
f 2160/1/7489 3873/2/7489 3877/3/7489
f 3914/1/7490 3913/2/7490 3915/3/7490
f 2160/1/7491 3877/2/7491 3925/3/7491
f 3881/1/7492 2055/2/7492 2106/3/7492
f 2106/1/7493 3925/2/7493 3879/3/7493
f 3924/1/7494 3881/2/7494 3880/3/7494
f 3916/1/7495 3915/2/7495 5271/3/7495
f 3927/1/7496 2055/2/7496 3881/3/7496
f 3926/1/7497 3881/2/7497 3924/3/7497
f 3926/1/7498 3927/2/7498 3881/3/7498
f 3919/1/7499 5271/2/7499 3917/3/7499
f 3893/1/7500 3894/2/7500 3869/3/7500
f 3919/1/7501 3917/2/7501 3923/3/7501
f 3886/1/7502 2055/2/7502 3927/3/7502
f 3886/1/7503 2019/2/7503 2055/3/7503
f 3882/1/7504 3927/2/7504 3926/3/7504
f 3882/1/7505 3886/2/7505 3927/3/7505
f 3923/1/7506 3917/2/7506 3918/3/7506
f 3876/1/7507 1996/2/7507 2002/3/7507
f 3871/1/7508 3918/2/7508 3872/3/7508
f 3876/1/7509 2002/2/7509 3869/3/7509
f 3928/1/7510 3929/2/7510 3964/3/7510
f 3930/1/7511 2089/2/7511 2108/3/7511
f 3929/1/7512 3928/2/7512 3931/3/7512
f 3931/1/7513 3928/2/7513 2146/3/7513
f 3934/1/7514 2108/2/7514 2127/3/7514
f 3934/1/7515 3930/2/7515 2108/3/7515
f 3937/1/7516 3935/2/7516 5552/3/7516
f 3936/1/7517 3931/2/7517 2146/3/7517
f 3936/1/7518 2146/2/7518 3938/3/7518
f 3936/1/7519 3938/2/7519 3939/3/7519
f 1928/1/7520 1971/2/7520 3941/3/7520
f 3943/1/7521 3940/2/7521 2139/3/7521
f 3945/1/7522 3948/2/7522 3946/3/7522
f 3943/1/7523 2139/2/7523 2138/3/7523
f 3943/1/7524 3948/2/7524 3945/3/7524
f 3949/1/7525 3947/2/7525 3966/3/7525
f 2149/1/7526 3943/2/7526 2138/3/7526
f 2149/1/7527 3948/2/7527 3943/3/7527
f 3934/1/7528 3932/2/7528 3930/3/7528
f 2149/1/7529 3950/2/7529 3948/3/7529
f 3950/1/7530 2149/2/7530 2150/3/7530
f 3932/1/7531 3937/2/7531 5552/3/7531
f 3934/1/7532 2127/2/7532 3937/3/7532
f 3950/1/7533 6093/2/7533 3951/3/7533
f 3950/1/7534 2151/2/7534 6093/3/7534
f 2150/1/7535 2151/2/7535 3950/3/7535
f 3939/1/7536 3931/2/7536 3936/3/7536
f 6093/1/7537 3953/2/7537 3952/3/7537
f 2151/1/7538 3953/2/7538 6093/3/7538
f 3953/1/7539 2151/2/7539 2153/3/7539
f 3952/1/7540 3954/2/7540 6093/3/7540
f 3956/1/7541 2153/2/7541 2152/3/7541
f 3941/1/7542 3905/2/7542 1929/3/7542
f 2155/1/7543 3958/2/7543 2152/3/7543
f 3944/1/7544 3942/2/7544 3941/3/7544
f 3957/1/7545 3961/2/7545 3959/3/7545
f 3962/1/7546 3960/2/7546 3944/3/7546
f 2154/1/7547 3961/2/7547 2155/3/7547
f 3962/1/7548 3963/2/7548 3960/3/7548
f 3959/1/7549 3965/2/7549 3964/3/7549
f 3966/1/7550 3963/2/7550 3962/3/7550
f 3966/1/7551 3947/2/7551 3963/3/7551
f 2148/1/7552 3965/2/7552 2154/3/7552
f 3945/1/7553 3935/2/7553 3940/3/7553
f 3943/1/7554 3945/2/7554 3940/3/7554
f 3928/1/7555 2148/2/7555 2146/3/7555
f 3950/1/7556 3946/2/7556 3948/3/7556
f 3950/1/7557 3951/2/7557 3946/3/7557
f 2133/1/7558 3967/2/7558 3939/3/7558
f 2133/1/7559 3939/2/7559 3938/3/7559
f 2133/1/7560 3968/2/7560 3967/3/7560
f 2132/1/7561 3968/2/7561 2133/3/7561
f 2132/1/7562 3969/2/7562 3968/3/7562
f 2114/1/7563 3969/2/7563 2132/3/7563
f 3944/1/7564 3960/2/7564 3942/3/7564
f 3944/1/7565 1971/2/7565 2034/3/7565
f 3930/1/7566 3966/2/7566 2089/3/7566
f 3930/1/7567 3949/2/7567 3966/3/7567
f 3933/1/7568 3947/2/7568 3949/3/7568
f 3933/1/7569 5552/2/7569 3947/3/7569
f 3933/1/7570 3932/2/7570 5552/3/7570
f 3932/1/7571 3949/2/7571 3930/3/7571
f 3932/1/7572 3933/2/7572 3949/3/7572
f 3937/1/7573 3932/2/7573 3934/3/7573
f 3970/1/7574 3969/2/7574 2114/3/7574
f 3970/1/7575 2114/2/7575 2097/3/7575
f 3937/1/7576 2127/2/7576 3940/3/7576
f 3940/1/7577 3935/2/7577 3937/3/7577
f 3940/1/7578 2127/2/7578 2139/3/7578
f 3971/1/7579 3970/2/7579 2097/3/7579
f 3971/1/7580 2097/2/7580 2056/3/7580
f 3972/1/7581 2056/2/7581 2025/3/7581
f 3973/1/7582 3972/2/7582 2025/3/7582
f 3973/1/7583 2025/2/7583 1977/3/7583
f 3952/1/7584 3953/2/7584 2153/3/7584
f 3956/1/7585 3954/2/7585 3952/3/7585
f 3956/1/7586 3952/2/7586 2153/3/7586
f 3956/1/7587 3955/2/7587 3954/3/7587
f 1320/1/7588 1002/2/7588 3975/3/7588
f 2152/1/7589 3955/2/7589 3956/3/7589
f 1928/1/7590 3941/2/7590 1929/3/7590
f 2152/1/7591 3957/2/7591 3955/3/7591
f 2152/1/7592 3958/2/7592 3957/3/7592
f 1971/1/7593 3944/2/7593 3941/3/7593
f 3958/1/7594 2155/2/7594 3961/3/7594
f 3958/1/7595 3961/2/7595 3957/3/7595
f 2057/1/7596 3944/2/7596 2034/3/7596
f 2057/1/7597 3962/2/7597 3944/3/7597
f 3961/1/7598 3965/2/7598 3959/3/7598
f 3976/1/7599 3962/2/7599 2057/3/7599
f 3961/1/7600 2154/2/7600 3965/3/7600
f 3976/1/7601 2057/2/7601 2089/3/7601
f 3976/1/7602 3966/2/7602 3962/3/7602
f 2089/1/7603 3966/2/7603 3976/3/7603
f 3965/1/7604 2148/2/7604 3928/3/7604
f 3965/1/7605 3928/2/7605 3964/3/7605
f 3977/1/7606 3978/2/7606 4401/3/7606
f 3985/1/7607 4000/2/7607 4467/3/7607
f 3985/1/7608 4467/2/7608 3531/3/7608
f 4008/1/7609 3987/2/7609 3990/3/7609
f 3999/1/7610 4460/2/7610 4447/3/7610
f 3982/1/7611 4450/2/7611 3987/3/7611
f 3991/1/7612 4465/2/7612 4003/3/7612
f 4015/1/7613 4007/2/7613 4020/3/7613
f 4025/1/7614 3997/2/7614 4466/3/7614
f 4026/1/7615 3994/2/7615 3986/3/7615
f 4029/1/7616 4018/2/7616 4027/3/7616
f 4030/1/7617 4002/2/7617 4449/3/7617
f 4030/1/7618 4449/2/7618 4014/3/7618
f 4033/1/7619 3979/2/7619 4456/3/7619
f 4033/1/7620 4456/2/7620 3982/3/7620
f 4034/1/7621 4028/2/7621 3989/3/7621
f 4035/1/7622 4000/2/7622 3985/3/7622
f 4036/1/7623 4445/2/7623 4005/3/7623
f 4035/1/7624 4003/2/7624 4000/3/7624
f 4036/1/7625 4001/2/7625 4445/3/7625
f 4037/1/7626 3991/2/7626 4003/3/7626
f 4038/1/7627 4454/2/7627 3980/3/7627
f 4040/1/7628 4025/2/7628 4006/3/7628
f 4044/1/7629 4011/2/7629 4038/3/7629
f 4004/1/7630 4426/2/7630 4009/3/7630
f 4045/1/7631 4010/2/7631 3979/3/7631
f 4026/1/7632 3986/2/7632 3997/3/7632
f 4050/1/7633 4017/2/7633 4018/3/7633
f 4048/1/7634 4042/2/7634 4011/3/7634
f 4034/1/7635 3989/2/7635 3988/3/7635
f 4049/1/7636 3981/2/7636 3998/3/7636
f 4049/1/7637 4031/2/7637 3981/3/7637
f 4051/1/7638 4015/2/7638 4020/3/7638
f 4052/1/7639 3990/2/7639 4013/3/7639
f 4052/1/7640 4008/2/7640 3990/3/7640
f 4040/1/7641 4006/2/7641 4024/3/7641
f 4053/1/7642 3997/2/7642 4025/3/7642
f 4037/1/7643 4009/2/7643 3991/3/7643
f 4033/1/7644 4045/2/7644 3979/3/7644
f 4041/1/7645 4021/2/7645 4042/3/7645
f 4054/1/7646 4451/2/7646 4023/3/7646
f 4053/1/7647 4026/2/7647 3997/3/7647
f 4054/1/7648 4005/2/7648 4451/3/7648
f 4055/1/7649 3977/2/7649 4405/3/7649
f 4008/1/7650 3982/2/7650 3987/3/7650
f 4058/1/7651 3996/2/7651 4028/3/7651
f 4057/1/7652 4004/2/7652 4009/3/7652
f 4059/1/7653 4037/2/7653 4003/3/7653
f 4059/1/7654 4003/2/7654 4035/3/7654
f 4060/1/7655 4013/2/7655 4016/3/7655
f 4060/1/7656 4016/2/7656 4004/3/7656
f 4071/1/7657 4043/2/7657 4046/3/7657
f 3999/1/7658 3998/2/7658 4460/3/7658
f 4041/1/7659 4042/2/7659 4048/3/7659
f 4061/1/7660 4040/2/7660 4024/3/7660
f 4062/1/7661 4081/2/7661 4012/3/7661
f 4063/1/7662 4009/2/7662 4037/3/7662
f 4064/1/7663 3988/2/7663 4007/3/7663
f 4064/1/7664 4034/2/7664 3988/3/7664
f 4030/1/7665 3980/2/7665 4002/3/7665
f 4065/1/7666 4023/2/7666 4056/3/7666
f 4066/1/7667 3999/2/7667 4010/3/7667
f 4067/1/7668 4058/2/7668 4028/3/7668
f 4063/1/7669 4037/2/7669 4059/3/7669
f 4029/1/7670 4050/2/7670 4018/3/7670
f 4055/1/7671 4405/2/7671 3984/3/7671
f 4068/1/7672 3992/2/7672 3993/3/7672
f 4069/1/7673 4025/2/7673 4040/3/7673
f 4069/1/7674 4053/2/7674 4025/3/7674
f 4049/1/7675 4024/2/7675 4031/3/7675
f 4041/1/7676 4070/2/7676 4021/3/7676
f 4063/1/7677 4057/2/7677 4009/3/7677
f 4072/1/7678 4068/2/7678 4047/3/7678
f 4064/1/7679 4007/2/7679 4015/3/7679
f 4073/1/7680 4026/2/7680 4053/3/7680
f 4074/1/7681 4060/2/7681 4004/3/7681
f 4075/1/7682 3984/2/7682 3983/3/7682
f 4048/1/7683 4011/2/7683 4044/3/7683
f 4075/1/7684 4055/2/7684 3984/3/7684
f 4076/1/7685 3982/2/7685 4008/3/7685
f 4076/1/7686 4033/2/7686 3982/3/7686
f 4077/1/7687 4051/2/7687 4050/3/7687
f 4094/1/7688 4015/2/7688 4051/3/7688
f 4078/1/7689 3980/2/7689 4030/3/7689
f 4047/1/7690 4001/2/7690 4036/3/7690
f 4079/1/7691 4050/2/7691 4029/3/7691
f 4083/1/7692 4070/2/7692 4041/3/7692
f 4080/1/7693 4066/2/7693 4010/3/7693
f 4060/1/7694 4052/2/7694 4013/3/7694
f 4082/1/7695 4049/2/7695 3998/3/7695
f 4082/1/7696 3998/2/7696 3999/3/7696
f 4084/1/7697 4067/2/7697 4028/3/7697
f 4084/1/7698 4028/2/7698 4034/3/7698
f 4054/1/7699 4036/2/7699 4005/3/7699
f 4090/1/7700 4039/2/7700 4071/3/7700
f 4086/1/7701 4023/2/7701 4065/3/7701
f 4086/1/7702 4054/2/7702 4023/3/7702
f 4061/1/7703 4024/2/7703 4049/3/7703
f 4087/1/7704 4038/2/7704 3980/3/7704
f 4074/1/7705 4004/2/7705 4057/3/7705
f 4080/1/7706 4010/2/7706 4045/3/7706
f 4088/1/7707 4063/2/7707 4059/3/7707
f 4089/1/7708 4040/2/7708 4061/3/7708
f 4089/1/7709 4069/2/7709 4040/3/7709
f 4091/1/7710 4053/2/7710 4069/3/7710
f 4094/1/7711 4064/2/7711 4015/3/7711
f 4096/1/7712 4075/2/7712 3983/3/7712
f 4097/1/7713 4061/2/7713 4049/3/7713
f 4091/1/7714 4073/2/7714 4053/3/7714
f 4106/1/7715 4041/2/7715 4048/3/7715
f 4098/1/7716 4045/2/7716 4033/3/7716
f 4099/1/7717 4052/2/7717 4060/3/7717
f 4100/1/7718 4074/2/7718 4057/3/7718
f 4100/1/7719 4057/2/7719 4063/3/7719
f 4101/1/7720 4076/2/7720 4008/3/7720
f 4101/1/7721 4008/2/7721 4052/3/7721
f 4102/1/7722 4049/2/7722 4082/3/7722
f 4065/1/7723 4056/2/7723 3539/3/7723
f 4032/1/7724 4096/2/7724 3983/3/7724
f 4087/1/7725 3980/2/7725 4078/3/7725
f 4044/1/7726 4038/2/7726 4087/3/7726
f 4093/1/7727 4094/2/7727 4051/3/7727
f 4093/1/7728 4051/2/7728 4077/3/7728
f 4090/1/7729 4071/2/7729 4095/3/7729
f 4064/1/7730 4084/2/7730 4034/3/7730
f 4111/1/7731 4062/2/7731 4070/3/7731
f 4106/1/7732 4048/2/7732 4044/3/7732
f 4107/1/7733 4069/2/7733 4089/3/7733
f 4109/1/7734 4082/2/7734 3999/3/7734
f 4108/1/7735 4086/2/7735 4065/3/7735
f 4109/1/7736 3999/2/7736 4066/3/7736
f 4110/1/7737 4050/2/7737 4079/3/7737
f 4110/1/7738 4077/2/7738 4050/3/7738
f 4104/1/7739 4089/2/7739 4061/3/7739
f 4112/1/7740 4041/2/7740 4106/3/7740
f 4113/1/7741 4054/2/7741 4086/3/7741
f 4107/1/7742 4091/2/7742 4069/3/7742
f 4079/1/7743 4029/2/7743 4085/3/7743
f 4115/1/7744 4104/2/7744 4061/3/7744
f 4115/1/7745 4061/2/7745 4097/3/7745
f 4116/1/7746 4085/2/7746 4090/3/7746
f 4102/1/7747 4097/2/7747 4049/3/7747
f 4099/1/7748 4060/2/7748 4074/3/7748
f 4117/1/7749 4058/2/7749 4067/3/7749
f 4117/1/7750 4103/2/7750 4058/3/7750
f 4118/1/7751 4063/2/7751 4088/3/7751
f 4118/1/7752 4100/2/7752 4063/3/7752
f 4119/1/7753 4070/2/7753 4083/3/7753
f 4120/1/7754 4033/2/7754 4076/3/7754
f 4120/1/7754 4098/2/7754 4033/3/7754
f 4121/1/7755 4044/2/7755 4087/3/7755
f 4108/1/7756 4065/2/7756 3570/3/7756
f 4099/1/7757 4101/2/7757 4052/3/7757
f 4100/1/7758 4105/2/7758 4074/3/7758
f 4109/1/7759 4066/2/7759 4080/3/7759
f 4096/1/7760 4032/2/7760 4103/3/7760
f 4122/1/7761 4090/2/7761 4095/3/7761
f 4105/1/7762 4099/2/7762 4074/3/7762
f 4119/1/7763 4111/2/7763 4070/3/7763
f 4126/1/7764 4068/2/7764 4072/3/7764
f 4129/1/7765 4080/2/7765 4045/3/7765
f 4116/1/7766 4079/2/7766 4085/3/7766
f 4132/1/7767 4102/2/7767 4082/3/7767
f 4132/1/7768 4082/2/7768 4109/3/7768
f 4133/1/7769 4107/2/7769 4089/3/7769
f 4137/1/7770 4136/2/7770 4130/3/7770
f 4133/1/7771 4089/2/7771 4104/3/7771
f 4110/1/7772 4093/2/7772 4077/3/7772
f 4139/1/7773 4117/2/7773 4067/3/7773
f 4139/1/7774 4067/2/7774 4084/3/7774
f 4125/1/7775 4124/2/7775 4127/3/7775
f 4112/1/7776 4083/2/7776 4041/3/7776
f 4131/1/7777 4127/2/7777 4128/3/7777
f 4140/1/7778 4134/2/7778 4141/3/7778
f 4113/1/7779 4114/2/7779 4054/3/7779
f 4144/1/7780 4100/2/7780 4118/3/7780
f 4145/1/7781 4104/2/7781 4115/3/7781
f 4146/1/7782 4097/2/7782 4102/3/7782
f 4135/1/7783 4125/2/7783 4127/3/7783
f 4143/1/7784 4136/2/7784 4137/3/7784
f 4108/1/7785 4113/2/7785 4086/3/7785
f 4147/1/7786 4101/2/7786 4099/3/7786
f 4149/1/7787 4076/2/7787 4101/3/7787
f 4149/1/7788 4120/2/7788 4076/3/7788
f 4150/1/7789 4105/2/7789 4100/3/7789
f 4151/1/7790 4110/2/7790 4079/3/7790
f 4152/1/7791 4083/2/7791 4112/3/7791
f 4143/1/7792 4142/2/7792 4136/3/7792
f 4126/1/7793 4123/2/7793 4068/3/7793
f 4154/1/7794 4045/2/7794 4098/3/7794
f 4154/1/7795 4129/2/7795 4045/3/7795
f 4153/1/7796 4130/2/7796 4124/3/7796
f 4153/1/7797 4124/2/7797 4125/3/7797
f 4157/1/7798 4107/2/7798 4133/3/7798
f 4158/1/7799 4141/2/7799 4159/3/7799
f 4129/1/7800 4109/2/7800 4080/3/7800
f 4160/1/7801 4099/2/7801 4105/3/7801
f 4153/1/7802 4137/2/7802 4130/3/7802
f 4145/1/7803 4133/2/7803 4104/3/7803
f 4163/1/7804 4116/2/7804 4090/3/7804
f 4164/1/7805 4181/2/7805 4142/3/7805
f 4143/1/7806 4148/2/7806 4142/3/7806
f 4166/1/7807 4078/2/7807 4030/3/7807
f 4166/1/7808 4030/2/7808 4123/3/7808
f 4167/1/7809 4125/2/7809 4135/3/7809
f 4168/1/7810 4075/2/7810 4096/3/7810
f 4115/1/7811 4097/2/7811 4146/3/7811
f 4169/1/7812 4114/2/7812 4113/3/7812
f 4170/1/7813 4087/2/7813 4078/3/7813
f 4153/1/7814 4143/2/7814 4137/3/7814
f 4146/1/7815 4102/2/7815 4132/3/7815
f 4171/1/7816 4044/2/7816 4121/3/7816
f 4171/1/7817 4106/2/7817 4044/3/7817
f 4163/1/7818 4090/2/7818 4122/3/7818
f 4158/1/7819 4156/2/7819 4141/3/7819
f 4144/1/7820 4150/2/7820 4100/3/7820
f 4172/1/7821 4111/2/7821 4119/3/7821
f 4151/1/7822 4079/2/7822 4116/3/7822
f 4166/1/7823 4123/2/7823 4126/3/7823
f 4173/1/7824 4084/2/7824 4064/3/7824
f 4173/1/7825 4139/2/7825 4084/3/7825
f 4175/1/7826 4113/2/7826 4108/3/7826
f 4147/1/7827 4149/2/7827 4101/3/7827
f 4150/1/7828 4160/2/7828 4105/3/7828
f 4119/1/7829 4083/2/7829 4152/3/7829
f 4179/1/7830 4098/2/7830 4120/3/7830
f 4179/1/7831 4154/2/7831 4098/3/7831
f 4180/1/7832 4153/2/7832 4167/3/7832
f 4093/1/7833 4165/2/7833 4094/3/7833
f 4167/1/7834 4135/2/7834 4155/3/7834
f 4183/1/7835 4148/2/7835 4143/3/7835
f 4185/1/7836 4109/2/7836 4129/3/7836
f 4160/1/7837 4147/2/7837 4099/3/7837
f 4186/1/7838 4142/2/7838 4148/3/7838
f 4186/1/7839 4164/2/7839 4142/3/7839
f 4168/1/7840 4096/2/7840 4103/3/7840
f 4187/1/7841 4115/2/7841 4146/3/7841
f 4169/1/7842 4161/2/7842 4114/3/7842
f 4188/1/7843 4131/2/7843 4177/3/7843
f 4176/1/7844 4167/2/7844 4155/3/7844
f 4176/1/7845 4155/2/7845 4188/3/7845
f 4170/1/7846 4121/2/7846 4087/3/7846
f 4189/1/7847 4145/2/7847 4115/3/7847
f 4190/1/7848 4163/2/7848 4122/3/7848
f 4174/1/7849 4151/2/7849 4116/3/7849
f 4190/1/7850 4122/2/7850 4182/3/7850
f 4191/1/7851 4162/2/7851 4093/3/7851
f 4192/1/7852 4146/2/7852 4132/3/7852
f 4191/1/7853 4093/2/7853 4110/3/7853
f 4193/1/7854 4143/2/7854 4153/3/7854
f 4112/1/7855 4106/2/7855 4171/3/7855
f 4194/1/7856 4168/2/7856 4103/3/7856
f 3625/1/7857 4108/2/7857 3570/3/7857
f 4213/1/7858 4159/2/7858 4178/3/7858
f 4185/1/7859 4132/2/7859 4109/3/7859
f 4189/1/7860 4133/2/7860 4145/3/7860
f 4197/1/7861 4149/2/7861 4147/3/7861
f 4198/1/7862 4199/2/7862 4181/3/7862
f 4150/1/7863 4144/2/7863 3722/3/7863
f 4201/1/7864 4160/2/7864 4150/3/7864
f 4185/1/7865 4129/2/7865 4154/3/7865
f 4175/1/7866 4169/2/7866 4113/3/7866
f 4175/1/7867 4108/2/7867 3625/3/7867
f 4202/1/7868 4161/2/7868 4169/3/7868
f 4174/1/7869 4116/2/7869 4163/3/7869
f 4203/1/7870 4117/2/7870 4139/3/7870
f 4205/1/7871 4120/2/7871 4149/3/7871
f 4205/1/7872 4179/2/7872 4120/3/7872
f 4211/1/7873 4188/2/7873 4177/3/7873
f 4180/1/7874 4193/2/7874 4153/3/7874
f 4193/1/7875 4183/2/7875 4143/3/7875
f 4206/1/7876 4167/2/7876 4176/3/7876
f 4207/1/7877 4147/2/7877 4160/3/7877
f 4194/1/7878 4103/2/7878 4117/3/7878
f 4208/1/7879 4156/2/7879 4158/3/7879
f 4209/1/7880 4181/2/7880 4164/3/7880
f 4210/1/7881 4115/2/7881 4187/3/7881
f 4210/1/7882 4189/2/7882 4115/3/7882
f 4206/1/7883 4180/2/7883 4167/3/7883
f 4212/1/7884 4151/2/7884 4174/3/7884
f 4213/1/7885 4214/2/7885 4158/3/7885
f 4192/1/7886 4187/2/7886 4146/3/7886
f 4215/1/7887 4111/2/7887 4172/3/7887
f 4189/1/7888 4184/2/7888 4133/3/7888
f 4216/1/7889 4173/2/7889 4064/3/7889
f 4216/1/7890 4064/2/7890 4094/3/7890
f 4217/1/7891 4132/2/7891 4185/3/7891
f 4217/1/7892 4192/2/7892 4132/3/7892
f 4219/1/7893 4121/2/7893 4170/3/7893
f 4220/1/7894 4119/2/7894 4152/3/7894
f 4221/1/7895 4166/2/7895 4126/3/7895
f 4175/1/7896 3625/2/7896 3683/3/7896
f 4222/1/7897 4186/2/7897 4148/3/7897
f 4223/1/7898 4197/2/7898 4147/3/7898
f 4196/1/7899 4165/2/7899 4093/3/7899
f 4225/1/7900 4112/2/7900 4171/3/7900
f 4226/1/7901 4227/2/7901 4166/3/7901
f 4162/1/7902 4196/2/7902 4093/3/7902
f 4189/1/7903 4229/2/7903 4184/3/7903
f 4230/1/7904 4201/2/7904 4150/3/7904
f 4231/1/7905 4169/2/7905 4175/3/7905
f 4232/1/7906 4187/2/7906 4192/3/7906
f 4209/1/7907 4198/2/7907 4181/3/7907
f 4230/1/7908 4150/2/7908 3722/3/7908
f 4233/1/7909 4185/2/7909 4154/3/7909
f 4233/1/7910 4154/2/7910 4179/3/7910
f 4201/1/7911 4207/2/7911 4160/3/7911
f 4234/1/7912 4139/2/7912 4173/3/7912
f 4234/1/7913 4203/2/7913 4139/3/7913
f 4232/1/7914 4210/2/7914 4187/3/7914
f 4222/1/7915 4148/2/7915 4183/3/7915
f 4235/1/7916 4174/2/7916 4163/3/7916
f 4197/1/7917 4205/2/7917 4149/3/7917
f 4214/1/7918 4208/2/7918 4158/3/7918
f 4237/1/7919 4192/2/7919 4217/3/7919
f 4198/1/7920 4238/2/7920 4199/3/7920
f 4239/1/7921 4183/2/7921 4193/3/7921
f 4240/1/7922 4172/2/7922 4119/3/7922
f 4165/1/7923 4216/2/7923 4094/3/7923
f 4229/1/7924 4189/2/7924 4210/3/7924
f 4202/1/7925 4204/2/7925 4161/3/7925
f 4250/1/7926 4180/2/7926 4206/3/7926
f 4207/1/7927 4223/2/7927 4147/3/7927
f 4218/1/7928 4176/2/7928 4224/3/7928
f 4194/1/7929 4200/2/7929 4168/3/7929
f 4218/1/7930 4206/2/7930 4176/3/7930
f 4244/1/7931 4152/2/7931 4112/3/7931
f 4219/1/7932 4171/2/7932 4121/3/7932
f 4278/1/7933 4214/2/7933 4213/3/7933
f 4209/1/7934 4164/2/7934 4186/3/7934
f 4231/1/7935 4202/2/7935 4169/3/7935
f 4246/1/7936 4215/2/7936 4172/3/7936
f 4237/1/7937 4232/2/7937 4192/3/7937
f 4248/1/7938 4233/2/7938 4179/3/7938
f 4249/1/7939 4250/2/7939 4206/3/7939
f 4250/1/7940 4193/2/7940 4180/3/7940
f 4244/1/7941 4112/2/7941 4225/3/7941
f 4151/1/7942 4191/2/7942 4110/3/7942
f 4226/1/7943 4166/2/7943 4221/3/7943
f 4253/1/7944 4224/2/7944 4211/3/7944
f 4254/1/7945 4190/2/7945 4182/3/7945
f 4255/1/7946 4208/2/7946 4214/3/7946
f 4256/1/7947 4207/2/7947 4201/3/7947
f 4249/1/7948 4206/2/7948 4218/3/7948
f 4235/1/7949 4163/2/7949 4190/3/7949
f 4203/1/7950 4194/2/7950 4117/3/7950
f 4248/1/7951 4179/2/7951 4205/3/7951
f 4257/1/7952 4232/2/7952 4237/3/7952
f 4247/1/7953 4236/2/7953 4195/3/7953
f 4233/1/7954 4217/2/7954 4185/3/7954
f 4259/1/7955 4186/2/7955 4222/3/7955
f 4259/1/7956 4241/2/7956 4186/3/7956
f 4254/1/7957 4182/2/7957 4215/3/7957
f 4245/1/7958 4212/2/7958 4174/3/7958
f 4241/1/7959 4209/2/7959 4186/3/7959
f 4262/1/7960 4171/2/7960 4219/3/7960
f 4263/1/7961 4223/2/7961 4207/3/7961
f 4264/1/7962 4229/2/7962 4210/3/7962
f 4220/1/7963 4152/2/7963 4244/3/7963
f 4267/1/7964 4232/2/7964 4257/3/7964
f 4267/1/7965 4210/2/7965 4232/3/7965
f 3683/1/7966 4231/2/7966 4175/3/7966
f 4268/1/7967 4258/2/7967 4198/3/7967
f 4268/1/7968 4198/2/7968 4209/3/7968
f 4269/1/7969 4205/2/7969 4197/3/7969
f 4269/1/7970 4248/2/7970 4205/3/7970
f 3743/1/7971 4201/2/7971 4230/3/7971
f 3743/1/7972 4256/2/7972 4201/3/7972
f 4216/1/7973 4234/2/7973 4173/3/7973
f 4223/1/7974 4269/2/7974 4197/3/7974
f 4260/1/7975 4239/2/7975 4193/3/7975
f 4271/1/7976 4217/2/7976 4233/3/7976
f 4271/1/7977 4237/2/7977 4217/3/7977
f 4272/1/7978 4202/2/7978 4231/3/7978
f 4255/1/7979 4242/2/7979 4208/3/7979
f 4273/1/7980 4233/2/7980 4248/3/7980
f 4265/1/7981 4243/2/7981 4228/3/7981
f 4266/1/7982 4238/2/7982 4198/3/7982
f 4256/1/7983 4263/2/7983 4207/3/7983
f 4278/1/7984 4255/2/7984 4214/3/7984
f 4251/1/7985 4204/2/7985 4202/3/7985
f 4264/1/7986 4210/2/7986 4267/3/7986
f 4260/1/7987 4193/2/7987 4250/3/7987
f 4265/1/7988 4228/2/7988 4261/3/7988
f 4277/1/7989 4224/2/7989 4253/3/7989
f 4279/1/7990 4235/2/7990 4190/3/7990
f 4279/1/7991 4190/2/7991 4254/3/7991
f 4280/1/7992 4231/2/7992 3683/3/7992
f 4282/1/7993 4250/2/7993 4249/3/7993
f 4274/1/7994 4254/2/7994 4215/3/7994
f 4284/1/7995 4233/2/7995 4273/3/7995
f 4284/1/7996 4271/2/7996 4233/3/7996
f 4266/1/7997 4276/2/7997 4238/3/7997
f 4286/1/7998 4249/2/7998 4218/3/7998
f 4287/1/7999 4245/2/7999 4174/3/7999
f 4287/1/8000 4174/2/8000 4235/3/8000
f 4258/1/8001 4266/2/8001 4198/3/8001
f 4288/1/8002 4227/2/8002 4226/3/8002
f 4283/1/8003 4263/2/8003 4256/3/8003
f 4262/1/8004 4225/2/8004 4171/3/8004
f 4290/1/8005 4257/2/8005 4237/3/8005
f 4290/1/8006 4237/2/8006 4271/3/8006
f 4291/1/8007 4219/2/8007 4227/3/8007
f 4292/1/8008 4196/2/8008 4162/3/8008
f 4270/1/8009 4151/2/8009 4212/3/8009
f 4293/1/8010 4264/2/8010 4267/3/8010
f 4252/1/8011 4194/2/8011 4203/3/8011
f 4321/1/8012 4255/2/8012 4278/3/8012
f 4281/1/8013 4244/2/8013 4225/3/8013
f 4272/1/8014 4231/2/8014 4280/3/8014
f 3313/1/8015 4256/2/8015 3743/3/8015
f 4289/1/8016 4241/2/8016 4259/3/8016
f 4290/1/8017 4267/2/8017 4257/3/8017
f 4297/1/8018 4242/2/8018 4255/3/8018
f 4245/1/8019 4275/2/8019 4212/3/8019
f 4299/1/8020 4248/2/8020 4269/3/8020
f 4298/1/8021 4268/2/8021 4209/3/8021
f 4299/1/8022 4273/2/8022 4248/3/8022
f 4282/1/8023 4260/2/8023 4250/3/8023
f 4300/1/8024 4223/2/8024 4263/3/8024
f 4300/1/8025 4269/2/8025 4223/3/8025
f 4295/1/8026 4277/2/8026 4253/3/8026
f 4290/1/8027 4271/2/8027 4284/3/8027
f 4302/1/8028 4252/2/8028 4203/3/8028
f 3313/1/8029 4283/2/8029 4256/3/8029
f 4270/1/8030 4191/2/8030 4151/3/8030
f 4283/1/8031 4300/2/8031 4263/3/8031
f 4313/1/8032 4288/2/8032 4226/3/8032
f 4247/1/8033 4278/2/8033 4236/3/8033
f 4293/1/8034 4267/2/8034 4290/3/8034
f 4301/1/8035 4254/2/8035 4274/3/8035
f 4304/1/8036 4290/2/8036 4284/3/8036
f 4286/1/8037 4218/2/8037 4277/3/8037
f 4299/1/8038 4284/2/8038 4273/3/8038
f 4305/1/8039 4202/2/8039 4272/3/8039
f 4305/1/8040 4251/2/8040 4202/3/8040
f 4275/1/8041 4270/2/8041 4212/3/8041
f 4306/1/8042 4261/2/8042 4296/3/8042
f 4306/1/8043 4265/2/8043 4261/3/8043
f 4274/1/8044 4215/2/8044 4246/3/8044
f 4281/1/8045 4225/2/8045 4262/3/8045
f 4291/1/8046 4227/2/8046 4288/3/8046
f 4309/1/8047 4240/2/8047 4220/3/8047
f 4283/1/8048 3313/2/8048 4312/3/8048
f 4303/1/8049 4276/2/8049 4266/3/8049
f 4311/1/8050 4284/2/8050 4299/3/8050
f 4312/1/8051 4307/2/8051 4283/3/8051
f 4314/1/8052 4266/2/8052 4258/3/8052
f 4295/1/8053 4253/2/8053 4297/3/8053
f 4300/1/8054 4299/2/8054 4269/3/8054
f 4292/1/8055 4162/2/8055 4191/3/8055
f 4315/1/8056 4220/2/8056 4244/3/8056
f 4315/1/8057 4244/2/8057 4294/3/8057
f 4310/1/8058 4293/2/8058 4290/3/8058
f 4316/1/8059 4165/2/8059 4196/3/8059
f 4316/1/8060 4216/2/8060 4165/3/8060
f 4318/1/8061 4209/2/8061 4241/3/8061
f 4318/1/8062 4298/2/8062 4209/3/8062
f 4304/1/8063 4310/2/8063 4290/3/8063
f 4307/1/8064 4300/2/8064 4283/3/8064
f 4319/1/8065 4297/2/8065 4255/3/8065
f 4320/1/8066 4321/2/8066 4278/3/8066
f 4311/1/8067 4304/2/8067 4284/3/8067
f 4302/1/8068 4203/2/8068 4234/3/8068
f 4322/1/8069 4234/2/8069 4216/3/8069
f 3377/1/8070 4307/2/8070 4312/3/8070
f 4352/1/8071 4260/2/8071 4282/3/8071
f 4323/1/8072 4289/2/8072 4259/3/8072
f 4324/1/8073 4299/2/8073 4300/3/8073
f 4314/1/8074 4258/2/8074 4268/3/8074
f 4326/1/8075 4304/2/8075 4311/3/8075
f 4320/1/8076 4278/2/8076 4247/3/8076
f 4329/1/8077 4291/2/8077 4288/3/8077
f 4330/1/8078 4301/2/8078 4274/3/8078
f 4294/1/8079 4244/2/8079 4281/3/8079
f 4324/1/8080 4300/2/8080 4307/3/8080
f 4279/1/8081 4287/2/8081 4235/3/8081
f 4337/1/8082 4255/2/8082 4321/3/8082
f 4332/1/8083 4299/2/8083 4324/3/8083
f 4332/1/8084 4311/2/8084 4299/3/8084
f 4318/1/8085 4241/2/8085 4289/3/8085
f 4333/1/8086 4302/2/8086 4234/3/8086
f 4334/1/8087 4249/2/8087 4286/3/8087
f 4334/1/8088 4282/2/8088 4249/3/8088
f 4336/1/8089 4254/2/8089 4301/3/8089
f 4336/1/8090 4279/2/8090 4254/3/8090
f 4338/1/8091 4304/2/8091 4326/3/8091
f 4338/1/8092 4310/2/8092 4304/3/8092
f 4316/1/8093 4196/2/8093 4292/3/8093
f 3377/1/8094 4324/2/8094 4307/3/8094
f 4340/1/8095 4322/2/8095 4216/3/8095
f 4308/1/8096 4352/2/8096 4282/3/8096
f 3387/1/8097 4324/2/8097 3377/3/8097
f 4342/1/8098 4313/2/8098 4285/3/8098
f 4343/1/8099 4246/2/8099 4317/3/8099
f 4343/1/8100 4274/2/8100 4246/3/8100
f 4344/1/8101 4285/2/8101 4251/3/8101
f 4344/1/8102 4251/2/8102 4305/3/8102
f 4346/1/8103 4295/2/8103 4297/3/8103
f 4347/1/8104 4305/2/8104 4272/3/8104
f 4347/1/8105 4272/2/8105 4280/3/8105
f 4349/1/8106 4326/2/8106 4311/3/8106
f 4349/1/8107 4311/2/8107 4332/3/8107
f 4348/1/8108 4286/2/8108 4277/3/8108
f 4350/1/8109 4292/2/8109 4191/3/8109
f 4334/1/8110 4308/2/8110 4282/3/8110
f 3388/1/8111 4324/2/8111 3387/3/8111
f 3388/1/8112 4332/2/8112 4324/3/8112
f 4351/1/8113 4314/2/8113 4268/3/8113
f 4317/1/8114 4240/2/8114 4309/3/8114
f 4353/1/8115 4275/2/8115 4245/3/8115
f 4354/1/8116 4303/2/8116 4266/3/8116
f 4331/1/8117 4296/2/8117 4339/3/8117
f 3396/1/8118 4332/2/8118 3388/3/8118
f 4349/1/8119 4338/2/8119 4326/3/8119
f 4331/1/8120 4306/2/8120 4296/3/8120
f 4337/1/8121 4319/2/8121 4255/3/8121
f 4349/1/8122 2950/2/8122 4338/3/8122
f 4349/1/8123 4332/2/8123 3396/3/8123
f 4357/1/8124 4325/2/8124 4276/3/8124
f 4349/1/8125 3396/2/8125 4356/3/8125
f 4356/1/8126 2950/2/8126 4349/3/8126
f 4358/1/8127 4323/2/8127 4259/3/8127
f 4131/1/8128 4128/2/8128 4134/3/8128
f 4322/1/8129 4333/2/8129 4234/3/8129
f 4131/1/8130 4135/2/8130 4127/3/8130
f 4131/1/8131 4188/2/8131 4135/3/8131
f 4140/1/8132 4141/2/8132 4156/3/8132
f 4125/1/8133 4167/2/8133 4153/3/8133
f 4131/1/8134 4134/2/8134 4140/3/8134
f 4131/1/8135 4140/2/8135 4177/3/8135
f 4323/1/8136 4318/2/8136 4289/3/8136
f 4188/1/8137 4155/2/8137 4135/3/8137
f 4341/1/8138 4270/2/8138 4275/3/8138
f 4359/1/8139 4360/2/8139 4321/3/8139
f 4140/1/8140 4156/2/8140 4208/3/8140
f 4359/1/8141 4321/2/8141 4320/3/8141
f 4208/1/8142 4177/2/8142 4140/3/8142
f 4188/1/8143 4224/2/8143 4176/3/8143
f 4158/1/8144 4159/2/8144 4213/3/8144
f 4351/1/8145 4268/2/8145 4298/3/8145
f 4178/1/8146 4195/2/8146 4236/3/8146
f 4208/1/8147 4242/2/8147 4211/3/8147
f 4208/1/8148 4211/2/8148 4177/3/8148
f 4211/1/8149 4224/2/8149 4188/3/8149
f 4350/1/8150 4191/2/8150 4270/3/8150
f 4354/1/8151 4266/2/8151 4314/3/8151
f 4236/1/8152 4213/2/8152 4178/3/8152
f 4243/1/8153 4195/2/8153 4228/3/8153
f 4361/1/8154 4220/2/8154 4315/3/8154
f 4361/1/8155 4309/2/8155 4220/3/8155
f 4278/1/8156 4213/2/8156 4236/3/8156
f 4363/1/8157 4316/2/8157 4292/3/8157
f 4243/1/8158 4247/2/8158 4195/3/8158
f 4362/1/8159 4277/2/8159 4295/3/8159
f 4242/1/8160 4253/2/8160 4211/3/8160
f 4357/1/8161 4276/2/8161 4303/3/8161
f 4222/1/8162 4183/2/8162 4239/3/8162
f 4218/1/8163 4224/2/8163 4277/3/8163
f 4253/1/8164 4242/2/8164 4297/3/8164
f 4364/1/8165 4327/2/8165 4291/3/8165
f 4364/1/8166 4291/2/8166 4329/3/8166
f 4243/1/8167 4345/2/8167 4247/3/8167
f 4243/1/8168 4265/2/8168 4345/3/8168
f 4260/1/8169 4328/2/8169 4239/3/8169
f 4239/1/8170 4328/2/8170 4259/3/8170
f 4374/1/8171 4352/2/8171 4308/3/8171
f 4239/1/8172 4259/2/8172 4222/3/8172
f 4346/1/8173 4297/2/8173 4319/3/8173
f 4260/1/8174 4352/2/8174 4328/3/8174
f 4328/1/8175 4358/2/8175 4259/3/8175
f 4340/1/8176 4216/2/8176 4316/3/8176
f 4360/1/8177 4337/2/8177 4321/3/8177
f 4345/1/8178 4320/2/8178 4247/3/8178
f 4344/1/8179 4342/2/8179 4285/3/8179
f 4352/1/8180 4366/2/8180 4328/3/8180
f 4328/1/8181 4383/2/8181 4358/3/8181
f 4370/1/8182 4294/2/8182 4281/3/8182
f 4370/1/8183 4281/2/8183 4335/3/8183
f 4347/1/8184 4280/2/8184 3332/3/8184
f 4367/1/8185 4320/2/8185 4345/3/8185
f 4366/1/8186 4352/2/8186 4376/3/8186
f 4366/1/8187 4383/2/8187 4328/3/8187
f 4337/1/8188 4360/2/8188 4372/3/8188
f 4374/1/8189 4308/2/8189 4334/3/8189
f 4366/1/8190 4376/2/8190 4383/3/8190
f 4379/1/8191 4381/2/8191 4380/3/8191
f 4372/1/8192 4371/2/8192 4337/3/8192
f 4342/1/8193 4355/2/8193 4313/3/8193
f 4383/1/8194 4392/2/8194 4358/3/8194
f 4374/1/8195 4384/2/8195 4376/3/8195
f 4371/1/8196 4385/2/8196 4377/3/8196
f 4386/1/8197 4373/2/8197 4387/3/8197
f 4388/1/8198 4344/2/8198 4305/3/8198
f 4388/1/8199 4305/2/8199 4347/3/8199
f 4382/1/8200 4371/2/8200 4372/3/8200
f 4378/1/8201 4384/2/8201 4374/3/8201
f 4376/1/8202 4392/2/8202 4383/3/8202
f 4376/1/8203 4391/2/8203 4392/3/8203
f 4392/1/8204 4396/2/8204 4381/3/8204
f 4392/1/8205 4395/2/8205 4396/3/8205
f 4430/1/8206 4440/2/8206 4393/3/8206
f 4382/1/8207 4385/2/8207 4371/3/8207
f 4371/1/8208 4319/2/8208 4337/3/8208
f 4394/1/8209 4396/2/8209 4395/3/8209
f 4394/1/8210 4380/2/8210 4396/3/8210
f 4394/1/8211 4436/2/8211 4380/3/8211
f 4397/1/8212 4408/2/8212 4386/3/8212
f 4397/1/8213 4440/2/8213 4408/3/8213
f 4390/1/8214 4378/2/8214 4435/3/8214
f 4399/1/8215 4350/2/8215 4270/3/8215
f 4392/1/8216 4020/2/8216 4395/3/8216
f 4345/1/8217 4265/2/8217 4306/3/8217
f 4400/1/8218 4317/2/8218 4309/3/8218
f 4398/1/8219 4397/2/8219 4386/3/8219
f 4390/1/8220 4384/2/8220 4378/3/8220
f 4390/1/8221 4043/2/8221 4384/3/8221
f 4398/1/8222 4387/2/8222 3996/3/8222
f 4398/1/8223 4386/2/8223 4387/3/8223
f 3984/1/8224 4393/2/8224 4440/3/8224
f 4402/1/8225 4306/2/8225 4331/3/8225
f 4348/1/8226 4334/2/8226 4286/3/8226
f 3984/1/8227 4440/2/8227 4397/3/8227
f 4403/1/8228 4287/2/8228 4279/3/8228
f 4018/1/8229 4017/2/8229 4020/3/8229
f 4018/1/8230 4020/2/8230 4392/3/8230
f 4404/1/8231 4333/2/8231 4322/3/8231
f 4395/1/8232 4020/2/8232 4007/3/8232
f 4027/1/8233 4018/2/8233 4391/3/8233
f 3989/1/8234 3996/2/8234 4387/3/8234
f 3983/1/8235 3984/2/8235 4397/3/8235
f 3983/1/8236 4397/2/8236 4398/3/8236
f 4405/1/8237 4401/2/8237 4430/3/8237
f 4405/1/8237 3977/2/8237 4401/3/8237
f 4043/1/8238 4027/2/8238 4384/3/8238
f 4043/1/8239 4039/2/8239 4027/3/8239
f 4042/1/8240 4021/2/8240 4385/3/8240
f 4369/1/8241 4331/2/8241 4339/3/8241
f 4379/1/8242 4298/2/8242 4318/3/8242
f 4379/1/8243 4351/2/8243 4298/3/8243
f 4407/1/8244 4279/2/8244 4336/3/8244
f 4032/1/8245 3983/2/8245 4398/3/8245
f 3993/1/8246 4047/2/8246 4068/3/8246
f 3993/1/8247 4001/2/8247 4047/3/8247
f 3993/1/8248 4437/2/8248 4001/3/8248
f 4012/1/8249 4022/2/8249 4062/3/8249
f 4032/1/8250 4398/2/8250 3996/3/8250
f 4032/1/8251 3996/2/8251 4058/3/8251
f 4405/1/8252 4393/2/8252 3984/3/8252
f 4408/1/8253 4357/2/8253 4303/3/8253
f 4409/1/8254 4322/2/8254 4340/3/8254
f 4410/1/8255 4340/2/8255 4316/3/8255
f 4046/1/8256 4019/2/8256 4012/3/8256
f 4411/1/8257 4245/2/8257 4287/3/8257
f 4411/1/8258 4353/2/8258 4245/3/8258
f 4412/1/8259 4335/2/8259 4375/3/8259
f 4043/1/8260 4071/2/8260 4039/3/8260
f 4017/1/8261 4051/2/8261 4020/3/8261
f 4017/1/8262 4050/2/8262 4051/3/8262
f 4046/1/8263 4043/2/8263 4019/3/8263
f 4363/1/8264 4292/2/8264 4350/3/8264
f 4081/1/8265 4046/2/8265 4012/3/8265
f 4039/1/8266 4029/2/8266 4027/3/8266
f 4039/1/8267 4085/2/8267 4029/3/8267
f 4070/1/8268 4022/2/8268 4021/3/8268
f 4413/1/8269 4330/2/8269 4274/3/8269
f 4413/1/8270 4274/2/8270 4343/3/8270
f 4375/1/8271 4327/2/8271 4364/3/8271
f 4362/1/8272 4348/2/8272 4277/3/8272
f 4070/1/8273 4062/2/8273 4022/3/8273
f 4036/1/8274 4054/2/8274 4114/3/8274
f 4379/1/8275 4318/2/8275 4323/3/8275
f 4090/1/8276 4085/2/8276 4039/3/8276
f 4092/1/8277 4081/2/8277 4062/3/8277
f 4095/1/8278 4071/2/8278 4046/3/8278
f 4095/1/8279 4046/2/8279 4081/3/8279
f 4095/1/8280 4081/2/8280 4092/3/8280
f 4414/1/8281 4355/2/8281 4342/3/8281
f 4114/1/8282 4047/2/8282 4036/3/8282
f 4123/1/8283 4030/2/8283 4014/3/8283
f 4111/1/8284 4092/2/8284 4062/3/8284
f 4161/1/8285 4047/2/8285 4114/3/8285
f 4377/1/8286 4319/2/8286 4371/3/8286
f 4138/1/8287 4092/2/8287 4111/3/8287
f 4138/1/8288 4095/2/8288 4092/3/8288
f 4377/1/8289 4346/2/8289 4319/3/8289
f 4161/1/8290 4072/2/8290 4047/3/8290
f 4353/1/8291 4341/2/8291 4275/3/8291
f 4138/1/8292 4182/2/8292 4122/3/8292
f 4138/1/8293 4122/2/8293 4095/3/8293
f 4111/1/8294 4215/2/8294 4138/3/8294
f 4370/1/8295 4315/2/8295 4294/3/8295
f 4161/1/8296 4126/2/8296 4072/3/8296
f 4204/1/8297 4126/2/8297 4161/3/8297
f 4227/1/8298 4170/2/8298 4078/3/8298
f 4227/1/8299 4078/2/8299 4166/3/8299
f 4182/1/8300 4138/2/8300 4215/3/8300
f 4386/1/8301 4354/2/8301 4314/3/8301
f 4399/1/8302 4270/2/8302 4341/3/8302
f 4400/1/8303 4309/2/8303 4361/3/8303
f 4221/1/8304 4204/2/8304 4251/3/8304
f 4221/1/8305 4126/2/8305 4204/3/8305
f 4240/1/8306 4119/2/8306 4220/3/8306
f 4219/1/8307 4170/2/8307 4227/3/8307
f 4246/1/8308 4172/2/8308 4240/3/8308
f 4221/1/8309 4251/2/8309 4285/3/8309
f 4246/1/8310 4240/2/8310 4317/3/8310
f 4221/1/8311 4285/2/8311 4313/3/8311
f 4372/1/8312 4360/2/8312 4359/3/8312
f 4291/1/8313 4262/2/8313 4219/3/8313
f 4313/1/8314 4226/2/8314 4221/3/8314
f 4346/1/8315 4362/2/8315 4295/3/8315
f 4262/1/8316 4291/2/8316 4327/3/8316
f 4327/1/8317 4281/2/8317 4262/3/8317
f 4288/1/8318 4313/2/8318 4355/3/8318
f 4415/1/8319 4342/2/8319 4344/3/8319
f 4335/1/8320 4281/2/8320 4327/3/8320
f 4335/1/8321 4327/2/8321 4375/3/8321
f 4355/1/8322 4329/2/8322 4288/3/8322
f 4381/1/8323 4323/2/8323 4358/3/8323
f 4416/1/8324 4364/2/8324 4329/3/8324
f 4417/1/8325 4344/2/8325 4388/3/8325
f 4370/1/8326 4335/2/8326 4412/3/8326
f 4364/1/8327 4416/2/8327 4418/3/8327
f 4418/1/8328 4419/2/8328 4364/3/8328
f 4420/1/8329 4421/2/8329 4422/3/8329
f 4423/1/8330 4420/2/8330 4422/3/8330
f 4424/1/8331 4426/2/8331 4427/3/8331
f 4016/1/8332 4427/2/8332 4426/3/8332
f 4016/1/8333 4426/2/8333 4004/3/8333
f 4068/1/8334 4014/2/8334 3992/3/8334
f 4068/1/8335 4123/2/8335 4014/3/8335
f 4032/1/8336 4058/2/8336 4103/3/8336
f 4420/1/8337 4315/2/8337 4370/3/8337
f 4428/1/8338 4301/2/8338 4330/3/8338
f 4428/1/8339 4336/2/8339 4301/3/8339
f 4367/1/8340 4368/2/8340 4320/3/8340
f 4429/1/8341 4348/2/8341 4362/3/8341
f 4430/1/8342 4389/2/8342 4325/3/8342
f 4368/1/8343 4359/2/8343 4320/3/8343
f 4381/1/8344 4379/2/8344 4323/3/8344
f 4419/1/8345 4375/2/8345 4364/3/8345
f 4431/1/8346 4343/2/8346 4317/3/8346
f 4431/1/8347 4317/2/8347 4400/3/8347
f 4388/1/8348 4347/2/8348 3331/3/8348
f 4414/1/8349 4329/2/8349 4355/3/8349
f 4409/1/8350 4404/2/8350 4322/3/8350
f 4373/1/8351 4314/2/8351 4351/3/8351
f 4432/1/8352 4410/2/8352 4316/3/8352
f 4408/1/8353 4303/2/8353 4354/3/8353
f 4432/1/8354 4316/2/8354 4363/3/8354
f 4373/1/8355 4386/2/8355 4314/3/8355
f 4433/1/8356 4399/2/8356 4341/3/8356
f 4376/1/8357 4352/2/8357 4374/3/8357
f 4429/1/8358 4362/2/8358 4346/3/8358
f 4430/1/8359 4325/2/8359 4357/3/8359
f 4378/1/8360 4374/2/8360 4334/3/8360
f 4378/1/8361 4334/2/8361 4348/3/8361
f 4414/1/8362 4342/2/8362 4415/3/8362
f 4402/1/8363 4345/2/8363 4306/3/8363
f 4434/1/8364 4363/2/8364 4350/3/8364
f 4434/1/8365 4350/2/8365 4399/3/8365
f 4365/1/8366 4369/2/8366 4339/3/8366
f 4436/1/8367 4373/2/8367 4351/3/8367
f 4403/1/8368 4411/2/8368 4287/3/8368
f 4386/1/8369 4408/2/8369 4354/3/8369
f 4437/1/8370 4331/2/8370 4369/3/8370
f 4438/1/8371 4329/2/8371 4414/3/8371
f 4438/1/8372 4416/2/8372 4329/3/8372
f 4439/1/8373 4404/2/8373 4409/3/8373
f 4407/1/8374 4403/2/8374 4279/3/8374
f 4415/1/8375 4344/2/8375 4417/3/8375
f 4440/1/8376 4430/2/8376 4357/3/8376
f 4428/1/8377 4330/2/8377 4413/3/8377
f 4441/1/8378 4432/2/8378 4363/3/8378
f 4420/1/8379 4361/2/8379 4315/3/8379
f 3456/1/8380 4417/2/8380 4388/3/8380
f 4425/1/8381 4412/2/8381 4375/3/8381
f 4425/1/8382 4375/2/8382 4419/3/8382
f 4392/1/8383 4381/2/8383 4358/3/8383
f 4442/1/8384 4340/2/8384 4410/3/8384
f 4442/1/8385 4409/2/8385 4340/3/8385
f 4406/1/8386 4429/2/8386 4346/3/8386
f 4435/1/8387 4378/2/8387 4348/3/8387
f 4421/1/8388 4370/2/8388 4412/3/8388
f 4421/1/8389 4420/2/8389 4370/3/8389
f 4443/1/8390 4341/2/8390 4353/3/8390
f 4443/1/8391 4433/2/8391 4341/3/8391
f 4435/1/8392 4348/2/8392 4429/3/8392
f 4436/1/8393 4351/2/8393 4379/3/8393
f 4444/1/8394 4415/2/8394 4417/3/8394
f 4445/1/8395 4365/2/8395 4446/3/8395
f 4447/1/8396 4336/2/8396 4428/3/8396
f 4447/1/8397 4407/2/8397 4336/3/8397
f 4440/1/8398 4357/2/8398 4408/3/8398
f 4448/1/8399 4372/2/8399 4359/3/8399
f 4449/1/8400 4345/2/8400 4402/3/8400
f 4449/1/8401 4367/2/8401 4345/3/8401
f 4433/1/8402 4434/2/8402 4399/3/8402
f 4450/1/8403 4343/2/8403 4431/3/8403
f 4450/1/8404 4413/2/8404 4343/3/8404
f 3993/1/8405 4402/2/8405 4331/3/8405
f 3993/1/8406 4331/2/8406 4437/3/8406
f 4436/1/8407 4379/2/8407 4380/3/8407
f 4452/1/8408 4418/2/8408 4416/3/8408
f 4452/1/8409 4416/2/8409 4438/3/8409
f 4444/1/8410 4417/2/8410 3456/3/8410
f 4442/1/8411 4410/2/8411 4432/3/8411
f 4453/1/8412 4363/2/8412 4434/3/8412
f 4453/1/8413 4441/2/8413 4363/3/8413
f 4423/1/8414 4361/2/8414 4420/3/8414
f 4423/1/8415 4400/2/8415 4361/3/8415
f 4455/1/8416 4414/2/8416 4415/3/8416
f 4396/1/8417 4380/2/8417 4381/3/8417
f 4456/1/8418 4428/2/8418 4413/3/8418
f 4457/1/8419 4359/2/8419 4368/3/8419
f 4421/1/8420 4412/2/8420 4425/3/8420
f 3981/1/8421 4411/2/8421 4403/3/8421
f 4406/1/8422 4346/2/8422 4377/3/8422
f 4459/1/8423 4409/2/8423 4442/3/8423
f 4459/1/8424 4439/2/8424 4409/3/8424
f 4460/1/8425 4403/2/8425 4407/3/8425
f 4461/1/8426 4435/2/8426 4429/3/8426
f 4448/1/8427 4382/2/8427 4372/3/8427
f 4424/1/8428 4419/2/8428 4418/3/8428
f 4424/1/8429 4425/2/8429 4419/3/8429
f 4002/1/8430 4368/2/8430 4367/3/8430
f 4443/1/8431 4353/2/8431 4411/3/8431
f 4455/1/8432 4438/2/8432 4414/3/8432
f 4462/1/8433 4406/2/8433 4377/3/8433
f 4455/1/8434 4415/2/8434 4444/3/8434
f 4427/1/8435 4421/2/8435 4425/3/8435
f 4463/1/8436 4433/2/8436 4443/3/8436
f 4464/1/8437 4432/2/8437 4441/3/8437
f 4464/1/8438 4442/2/8438 4432/3/8438
f 4427/1/8439 4425/2/8439 4424/3/8439
f 4448/1/8440 4359/2/8440 4454/3/8440
f 4385/1/8441 4462/2/8441 4377/3/8441
f 4458/1/8442 4452/2/8442 4438/3/8442
f 3989/1/8443 4373/2/8443 4436/3/8443
f 3989/1/8444 4387/2/8444 4373/3/8444
f 4430/1/8445 4401/2/8445 4389/3/8445
f 4384/1/8446 4391/2/8446 4376/3/8446
f 4465/1/8447 4418/2/8447 4452/3/8447
f 4445/1/8448 4369/2/8448 4365/3/8448
f 4423/1/8449 4431/2/8449 4400/3/8449
f 4456/1/8450 4413/2/8450 4450/3/8450
f 4466/1/8451 4453/2/8451 4434/3/8451
f 4006/1/8452 4434/2/8452 4433/3/8452
f 3992/1/8453 4402/2/8453 3993/3/8453
f 4467/1/8454 4458/2/8454 4438/3/8454
f 4467/1/8455 4438/2/8455 4455/3/8455
f 4457/1/8456 4368/2/8456 4002/3/8456
f 4002/1/8457 4367/2/8457 4449/3/8457
f 4011/1/8458 4382/2/8458 4448/3/8458
f 4019/1/8459 4435/2/8459 4461/3/8459
f 4019/1/8460 4390/2/8460 4435/3/8460
f 4018/1/8461 4392/2/8461 4391/3/8461
f 4016/1/8462 4422/2/8462 4421/3/8462
f 3987/1/8463 4431/2/8463 4423/3/8463
f 4001/1/8464 4369/2/8464 4445/3/8464
f 4454/1/8465 4359/2/8465 4457/3/8465
f 3499/1/8466 4455/2/8466 4444/3/8466
f 3979/1/8467 4447/2/8467 4428/3/8467
f 3979/1/8468 4428/2/8468 4456/3/8468
f 4461/1/8469 4429/2/8469 4406/3/8469
f 4465/1/8470 4424/2/8470 4418/3/8470
f 4466/1/8471 4434/2/8471 4006/3/8471
f 4006/1/8472 4433/2/8472 4463/3/8472
f 4027/1/8473 4391/2/8473 4384/3/8473
f 4460/1/8474 3981/2/8474 4403/3/8474
f 3992/1/8475 4449/2/8475 4402/3/8475
f 4464/1/8476 4459/2/8476 4442/3/8476
f 3986/1/8477 4464/2/8477 4441/3/8477
f 3986/1/8478 4441/2/8478 4453/3/8478
f 4393/1/8479 4405/2/8479 4430/3/8479
f 3981/1/8480 4443/2/8480 4411/3/8480
f 4016/1/8481 4421/2/8481 4427/3/8481
f 4007/1/8482 4394/2/8482 4395/3/8482
f 4007/1/8483 3988/2/8483 4394/3/8483
f 4042/1/8484 4382/2/8484 4011/3/8484
f 4452/1/8485 4458/2/8485 4467/3/8485
f 4042/1/8486 4385/2/8486 4382/3/8486
f 3988/1/8487 4436/2/8487 4394/3/8487
f 3988/1/8488 3989/2/8488 4436/3/8488
f 4022/1/8489 4406/2/8489 4462/3/8489
f 3531/1/8490 4455/2/8490 3499/3/8490
f 3531/1/8491 4467/2/8491 4455/3/8491
f 4014/1/8492 4449/2/8492 3992/3/8492
f 3990/1/8493 4423/2/8493 4422/3/8493
f 3991/1/8494 4424/2/8494 4465/3/8494
f 3991/1/8495 4426/2/8495 4424/3/8495
f 4021/1/8496 4462/2/8496 4385/3/8496
f 3995/1/8497 4459/2/8497 4464/3/8497
f 3987/1/8498 4450/2/8498 4431/3/8498
f 4022/1/8499 4461/2/8499 4406/3/8499
f 4000/1/8500 4452/2/8500 4467/3/8500
f 4005/1/8501 4445/2/8501 4446/3/8501
f 4005/1/8502 4446/2/8502 4451/3/8502
f 4019/1/8503 4043/2/8503 4390/3/8503
f 4001/1/8504 4437/2/8504 4369/3/8504
f 3982/1/8505 4456/2/8505 4450/3/8505
f 3990/1/8506 3987/2/8506 4423/3/8506
f 3980/1/8507 4457/2/8507 4002/3/8507
f 3997/1/8508 3986/2/8508 4453/3/8508
f 3997/1/8509 4453/2/8509 4466/3/8509
f 4010/1/8510 4447/2/8510 3979/3/8510
f 4460/1/8511 4407/2/8511 4447/3/8511
f 4000/1/8512 4465/2/8512 4452/3/8512
f 4009/1/8513 4426/2/8513 3991/3/8513
f 4031/1/8514 4463/2/8514 4443/3/8514
f 4031/1/8515 4443/2/8515 3981/3/8515
f 4012/1/8516 4461/2/8516 4022/3/8516
f 4025/1/8517 4466/2/8517 4006/3/8517
f 4010/1/8518 3999/2/8518 4447/3/8518
f 4012/1/8519 4019/2/8519 4461/3/8519
f 4013/1/8520 4422/2/8520 4016/3/8520
f 4013/1/8521 3990/2/8521 4422/3/8521
f 3998/1/8474 3981/2/8474 4460/3/8474
f 4038/1/8522 4448/2/8522 4454/3/8522
f 4038/1/8523 4011/2/8523 4448/3/8523
f 3980/1/8524 4454/2/8524 4457/3/8524
f 4003/1/8525 4465/2/8525 4000/3/8525
f 4024/1/8526 4006/2/8526 4463/3/8526
f 4021/1/8527 4022/2/8527 4462/3/8527
f 3994/1/8528 4464/2/8528 3986/3/8528
f 3994/1/8529 3995/2/8529 4464/3/8529
f 4028/1/8530 3996/2/8530 3989/3/8530
f 4031/1/8531 4024/2/8531 4463/3/8531
f 2442/1/8532 5390/2/8532 4469/3/8532
f 4470/1/8533 4536/2/8533 4468/3/8533
f 2438/1/8534 5390/2/8534 2442/3/8534
f 4471/1/8535 4470/2/8535 4468/3/8535
f 4473/1/8536 4470/2/8536 4471/3/8536
f 2377/1/8537 2169/2/8537 2432/3/8537
f 4056/1/8538 4474/2/8538 4472/3/8538
f 4475/1/8539 4473/2/8539 4471/3/8539
f 4475/1/8540 4476/2/8540 4473/3/8540
f 4023/1/8541 4474/2/8541 4056/3/8541
f 4023/1/8542 4477/2/8542 4474/3/8542
f 4478/1/8543 4476/2/8543 4475/3/8543
f 4451/1/8544 4477/2/8544 4023/3/8544
f 4479/1/8545 4476/2/8545 4478/3/8545
f 4480/1/8546 4479/2/8546 4478/3/8546
f 4451/1/8547 4481/2/8547 4477/3/8547
f 4446/1/8548 4481/2/8548 4451/3/8548
f 4482/1/8549 4479/2/8549 4480/3/8549
f 4446/1/8550 4483/2/8550 4481/3/8550
f 4365/1/8551 4483/2/8551 4446/3/8551
f 4484/1/8552 4482/2/8552 4480/3/8552
f 4365/1/8553 4485/2/8553 4483/3/8553
f 4339/1/8554 4485/2/8554 4365/3/8554
f 4486/1/8555 4482/2/8555 4484/3/8555
f 4487/1/8556 4485/2/8556 4339/3/8556
f 4296/1/8557 4487/2/8557 4339/3/8557
f 4488/1/8558 4486/2/8558 4484/3/8558
f 4261/1/8559 4489/2/8559 4487/3/8559
f 4261/1/8560 4487/2/8560 4296/3/8560
f 4490/1/8561 4486/2/8561 4488/3/8561
f 4491/1/8562 4490/2/8562 4488/3/8562
f 4492/1/8563 4490/2/8563 4491/3/8563
f 4228/1/8564 4489/2/8564 4261/3/8564
f 4493/1/8565 4489/2/8565 4228/3/8565
f 4228/1/8566 4494/2/8566 4493/3/8566
f 4195/1/8567 4494/2/8567 4228/3/8567
f 4495/1/8568 4494/2/8568 4195/3/8568
f 4496/1/8569 4497/2/8569 4492/3/8569
f 4178/1/8570 4495/2/8570 4195/3/8570
f 4496/1/8571 4492/2/8571 4491/3/8571
f 4498/1/8572 4495/2/8572 4178/3/8572
f 4159/1/8573 4498/2/8573 4178/3/8573
f 4499/1/8574 4497/2/8574 4496/3/8574
f 4499/1/8575 4500/2/8575 4497/3/8575
f 4501/1/8576 4498/2/8576 4159/3/8576
f 4141/1/8577 4501/2/8577 4159/3/8577
f 4502/1/8578 4501/2/8578 4141/3/8578
f 4503/1/8579 4500/2/8579 4499/3/8579
f 4141/1/8580 4504/2/8580 4502/3/8580
f 4505/1/8581 4500/2/8581 4503/3/8581
f 4134/1/8582 4504/2/8582 4141/3/8582
f 4134/1/8583 4506/2/8583 4504/3/8583
f 4128/1/8584 4506/2/8584 4134/3/8584
f 4507/1/8585 4505/2/8585 4503/3/8585
f 4128/1/8586 4508/2/8586 4506/3/8586
f 4127/1/8587 4508/2/8587 4128/3/8587
f 2441/1/8588 4510/2/8588 4507/3/8588
f 2441/1/8589 4507/2/8589 4503/3/8589
f 4127/1/8590 4509/2/8590 4508/3/8590
f 4124/1/8591 4509/2/8591 4127/3/8591
f 2436/1/8592 4510/2/8592 2441/3/8592
f 4130/1/8593 4512/2/8593 4124/3/8593
f 2431/1/8594 4511/2/8594 2436/3/8594
f 2431/1/8595 4513/2/8595 4511/3/8595
f 4136/1/8596 4512/2/8596 4130/3/8596
f 4514/1/8597 4512/2/8597 4136/3/8597
f 2429/1/8598 4513/2/8598 2431/3/8598
f 4142/1/8599 4515/2/8599 4514/3/8599
f 4142/1/8600 4514/2/8600 4136/3/8600
f 2421/1/8601 4516/2/8601 2426/3/8601
f 4142/1/8602 4517/2/8602 4515/3/8602
f 2421/1/8603 5360/2/8603 4516/3/8603
f 4181/1/8604 4517/2/8604 4142/3/8604
f 4181/1/8605 4518/2/8605 4517/3/8605
f 2417/1/8606 5360/2/8606 2421/3/8606
f 2417/1/8607 5359/2/8607 5360/3/8607
f 2415/1/8608 5359/2/8608 2417/3/8608
f 4181/1/8609 4519/2/8609 4518/3/8609
f 4199/1/8610 4519/2/8610 4181/3/8610
f 2482/1/8611 4520/2/8611 2415/3/8611
f 4238/1/8612 4519/2/8612 4199/3/8612
f 2482/1/8613 5398/2/8613 4520/3/8613
f 4521/1/8614 4519/2/8614 4238/3/8614
f 2479/1/8615 5398/2/8615 2482/3/8615
f 2479/1/8616 5370/2/8616 5398/3/8616
f 4238/1/8617 4522/2/8617 4521/3/8617
f 4276/1/8618 4522/2/8618 4238/3/8618
f 2475/1/8619 5370/2/8619 2479/3/8619
f 2475/1/8620 4523/2/8620 5370/3/8620
f 2475/1/8621 4524/2/8621 4523/3/8621
f 4325/1/8622 4522/2/8622 4276/3/8622
f 2472/1/8623 4524/2/8623 2475/3/8623
f 4525/1/8624 4524/2/8624 2472/3/8624
f 4389/1/8625 4526/2/8625 4325/3/8625
f 5285/1/8626 4525/2/8626 2472/3/8626
f 2469/1/8627 5285/2/8627 2472/3/8627
f 4389/1/8628 4527/2/8628 4526/3/8628
f 4401/1/8629 4527/2/8629 4389/3/8629
f 4401/1/8630 4528/2/8630 4527/3/8630
f 2464/1/8631 4529/2/8631 2468/3/8631
f 2464/1/8632 4530/2/8632 4529/3/8632
f 2462/1/8633 4530/2/8633 2464/3/8633
f 2457/1/8634 4531/2/8634 2462/3/8634
f 2457/1/8635 4532/2/8635 4531/3/8635
f 4533/1/8636 4528/2/8636 4401/3/8636
f 2457/1/8637 4534/2/8637 4532/3/8637
f 2454/1/8638 4534/2/8638 2457/3/8638
f 2454/1/8639 4535/2/8639 4534/3/8639
f 4533/1/8640 4536/2/8640 4528/3/8640
f 2451/1/8641 4535/2/8641 2454/3/8641
f 2446/1/8642 4537/2/8642 2451/3/8642
f 2446/1/8643 4469/2/8643 4537/3/8643
f 4468/1/8644 4536/2/8644 4533/3/8644
f 2442/1/8645 4469/2/8645 2446/3/8645
f 4542/1/8646 4540/2/8646 4541/3/8646
f 4680/1/8647 4554/2/8647 4553/3/8647
f 4558/1/8648 4554/2/8648 4680/3/8648
f 4681/1/8649 4559/2/8649 4561/3/8649
f 4711/1/8650 4559/2/8650 4563/3/8650
f 4567/1/8651 4561/2/8651 4559/3/8651
f 4567/1/8652 4559/2/8652 4711/3/8652
f 4571/1/8653 4570/2/8653 4553/3/8653
f 4554/1/8654 4571/2/8654 4553/3/8654
f 5004/1/8655 4574/2/8655 5002/3/8655
f 4554/1/8656 4697/2/8656 4575/3/8656
f 4544/1/8657 4576/2/8657 4986/3/8657
f 4986/1/8658 4576/2/8658 4573/3/8658
f 4571/1/8659 4579/2/8659 4578/3/8659
f 4571/1/8660 4575/2/8660 4579/3/8660
f 4567/1/8661 4735/2/8661 4715/3/8661
f 4715/1/8662 4735/2/8662 4584/3/8662
f 4580/1/8663 4581/2/8663 4582/3/8663
f 4610/1/8664 4550/2/8664 4549/3/8664
f 4583/1/8665 4579/2/8665 4575/3/8665
f 4576/1/8666 4544/2/8666 4560/3/8666
f 4715/1/8667 4584/2/8667 4585/3/8667
f 4583/1/8668 4586/2/8668 4579/3/8668
f 4588/1/8669 4581/2/8669 4589/3/8669
f 4589/1/8670 4581/2/8670 4629/3/8670
f 4736/1/8671 4761/2/8671 4735/3/8671
f 4591/1/8672 4592/2/8672 4593/3/8672
f 4550/1/8673 4594/2/8673 4491/3/8673
f 4597/1/8674 4595/2/8674 4590/3/8674
f 4751/1/8675 4598/2/8675 4750/3/8675
f 4741/1/8676 4598/2/8676 4751/3/8676
f 5016/1/8677 4599/2/8677 4589/3/8677
f 4600/1/8678 4601/2/8678 4602/3/8678
f 4550/1/8679 4572/2/8679 4594/3/8679
f 4602/1/8680 4601/2/8680 4603/3/8680
f 4566/1/8681 4568/2/8681 4555/3/8681
f 4604/1/8682 4603/2/8682 4609/3/8682
f 4605/1/8683 4603/2/8683 4606/3/8683
f 4606/1/8684 4603/2/8684 4604/3/8684
f 4609/1/8685 4607/2/8685 4608/3/8685
f 4612/1/8686 4611/2/8686 4616/3/8686
f 4610/1/8687 4572/2/8687 4550/3/8687
f 4904/1/8688 4611/2/8688 4612/3/8688
f 4904/1/8689 4613/2/8689 4611/3/8689
f 5004/1/8690 4615/2/8690 4574/3/8690
f 4611/1/8691 4613/2/8691 4618/3/8691
f 4573/1/8692 4614/2/8692 4564/3/8692
f 4576/1/8693 4617/2/8693 4573/3/8693
f 3280/1/8694 4607/2/8694 3234/3/8694
f 4667/1/8695 4619/2/8695 4927/3/8695
f 4621/1/8696 4620/2/8696 4622/3/8696
f 4548/1/8697 4660/2/8697 4562/3/8697
f 4624/1/8698 4623/2/8698 4616/3/8698
f 4947/1/8699 4625/2/8699 4626/3/8699
f 4626/1/8700 4625/2/8700 4965/3/8700
f 4580/1/8701 4629/2/8701 4581/3/8701
f 4627/1/8702 4596/2/8702 4628/3/8702
f 4735/1/8703 4761/2/8703 4584/3/8703
f 4630/1/8704 4623/2/8704 4624/3/8704
f 4631/1/8705 4596/2/8705 4627/3/8705
f 4650/1/8706 4562/2/8706 4587/3/8706
f 4545/1/8707 4617/2/8707 4576/3/8707
f 4574/1/8708 4660/2/8708 4548/3/8708
f 4539/1/8709 4632/2/8709 5004/3/8709
f 5004/1/8710 4632/2/8710 4615/3/8710
f 4573/1/8711 4633/2/8711 4614/3/8711
f 4573/1/8712 4617/2/8712 4633/3/8712
f 4718/1/8713 4635/2/8713 4727/3/8713
f 4540/1/8714 5001/2/8714 4634/3/8714
f 4634/1/8715 5001/2/8715 4638/3/8715
f 3280/1/8716 4608/2/8716 4607/3/8716
f 4635/1/8717 4639/2/8717 4727/3/8717
f 4640/1/8718 4639/2/8718 4552/3/8718
f 4568/1/8719 4678/2/8719 4555/3/8719
f 4568/1/8720 4636/2/8720 4678/3/8720
f 4572/1/8721 4637/2/8721 4594/3/8721
f 4644/1/8722 4547/2/8722 4641/3/8722
f 4539/1/8723 4645/2/8723 4632/3/8723
f 4555/1/8724 4645/2/8724 4539/3/8724
f 4640/1/8725 4646/2/8725 4639/3/8725
f 4644/1/8726 4643/2/8726 4547/3/8726
f 4647/1/8727 4643/2/8727 4644/3/8727
f 2802/1/8728 4642/2/8728 4608/3/8728
f 4647/1/8729 4551/2/8729 4643/3/8729
f 5182/1/8730 4551/2/8730 4647/3/8730
f 4640/1/8731 2445/2/8731 4646/3/8731
f 5010/1/8732 4642/2/8732 2614/3/8732
f 4475/1/8733 4648/2/8733 4478/3/8733
f 4548/1/8734 4650/2/8734 4649/3/8734
f 4632/1/8735 4651/2/8735 4615/3/8735
f 4642/1/8736 2802/2/8736 2614/3/8736
f 3994/1/8737 4026/2/8737 4765/3/8737
f 4026/1/8738 4653/2/8738 4765/3/8738
f 4655/1/8739 4654/2/8739 4764/3/8739
f 4662/1/8740 4656/2/8740 4587/3/8740
f 4594/1/8741 4637/2/8741 4657/3/8741
f 4931/1/8742 4688/2/8742 4636/3/8742
f 4655/1/8743 4659/2/8743 4654/3/8743
f 4587/1/8744 4661/2/8744 4662/3/8744
f 4654/1/8745 4659/2/8745 4664/3/8745
f 4587/1/8746 4562/2/8746 4661/3/8746
f 4669/1/8747 4668/2/8747 4663/3/8747
f 4637/1/8748 4621/2/8748 4657/3/8748
f 4660/1/8749 4661/2/8749 4562/3/8749
f 4670/1/8750 4667/2/8750 4666/3/8750
f 4658/1/8751 4663/2/8751 4665/3/8751
f 4672/1/8752 4673/2/8752 4674/3/8752
f 4632/1/8753 4675/2/8753 4651/3/8753
f 4645/1/8754 4675/2/8754 4632/3/8754
f 4667/1/8755 4670/2/8755 4676/3/8755
f 4615/1/8756 4671/2/8756 4574/3/8756
f 4615/1/8757 4651/2/8757 4671/3/8757
f 4655/1/8758 4677/2/8758 4659/3/8758
f 4659/1/8759 4677/2/8759 4679/3/8759
f 4677/1/8760 4682/2/8760 4679/3/8760
f 4678/1/8761 4683/2/8761 4645/3/8761
f 4671/1/8762 4692/2/8762 4660/3/8762
f 4829/1/8763 4651/2/8763 4675/3/8763
f 4133/1/8764 4563/2/8764 4157/3/8764
f 4665/1/8765 4558/2/8765 4680/3/8765
f 4673/1/8766 4681/2/8766 4561/3/8766
f 4685/1/8767 4558/2/8767 4665/3/8767
f 4829/1/8768 4686/2/8768 4651/3/8768
f 4645/1/8769 4683/2/8769 4675/3/8769
f 4678/1/8770 4684/2/8770 4683/3/8770
f 4688/1/8771 4687/2/8771 4684/3/8771
f 4668/1/8772 4689/2/8772 4690/3/8772
f 4686/1/8773 4691/2/8773 4651/3/8773
f 4133/1/8774 4184/2/8774 4563/3/8774
f 4661/1/8775 4693/2/8775 4694/3/8775
f 4965/1/8776 4695/2/8776 4696/3/8776
f 4685/1/8777 4690/2/8777 4697/3/8777
f 4684/1/8778 4698/2/8778 4683/3/8778
f 4687/1/8779 4698/2/8779 4684/3/8779
f 4563/1/8780 4559/2/8780 4681/3/8780
f 4695/1/8781 4703/2/8781 4696/3/8781
f 4696/1/8782 4703/2/8782 4701/3/8782
f 4689/1/8783 4704/2/8783 4690/3/8783
f 4561/1/8784 4704/2/8784 4689/3/8784
f 4703/1/8785 4538/2/8785 4701/3/8785
f 4704/1/8786 4714/2/8786 4690/3/8786
f 4690/1/8787 4714/2/8787 4697/3/8787
f 4693/1/8788 4730/2/8788 4694/3/8788
f 4577/1/8789 4705/2/8789 4700/3/8789
f 4698/1/8790 4582/2/8790 4707/3/8790
f 4708/1/8791 4705/2/8791 4577/3/8791
f 4698/1/8792 4706/2/8792 4582/3/8792
f 4184/1/8793 4229/2/8793 4709/3/8793
f 4580/1/8794 4582/2/8794 4999/3/8794
f 4999/1/8795 4582/2/8795 4706/3/8795
f 4705/1/8796 4713/2/8796 4710/3/8796
f 4708/1/8797 4713/2/8797 4705/3/8797
f 4715/1/8798 4714/2/8798 4704/3/8798
f 4229/1/8799 4264/2/8799 4709/3/8799
f 4730/1/8800 4716/2/8800 4694/3/8800
f 4694/1/8801 4716/2/8801 4702/3/8801
f 4557/1/8802 4718/2/8802 4556/3/8802
f 4711/1/8803 4735/2/8803 4567/3/8803
f 4714/1/8804 4720/2/8804 4717/3/8804
f 4714/1/8805 4585/2/8805 4720/3/8805
f 4593/1/8806 4710/2/8806 4713/3/8806
f 4720/1/8807 4726/2/8807 4717/3/8807
f 4728/1/8808 4709/2/8808 4719/3/8808
f 4719/1/8809 4709/2/8809 4264/3/8809
f 4556/1/8810 4718/2/8810 4727/3/8810
f 4729/1/8811 4716/2/8811 4730/3/8811
f 4731/1/8812 4716/2/8812 4729/3/8812
f 4702/1/8813 4716/2/8813 4733/3/8813
f 4710/1/8814 4629/2/8814 4580/3/8814
f 4727/1/8815 4732/2/8815 4556/3/8815
f 4556/1/8816 4732/2/8816 4503/3/8816
f 4738/1/8817 4593/2/8817 4713/3/8817
f 4721/1/8818 4739/2/8818 4737/3/8818
f 4593/1/8819 4629/2/8819 4710/3/8819
f 4503/1/8820 4732/2/8820 2441/3/8820
f 4740/1/8821 4736/2/8821 4735/3/8821
f 4742/1/8822 4843/2/8822 4733/3/8822
f 4484/1/8823 4843/2/8823 4742/3/8823
f 4743/1/8824 4583/2/8824 4726/3/8824
f 4646/1/8825 4732/2/8825 4727/3/8825
f 4745/1/8826 4293/2/8826 4310/3/8826
f 4744/1/8827 4293/2/8827 4745/3/8827
f 2445/1/8828 4732/2/8828 4646/3/8828
f 2441/1/8829 4732/2/8829 2445/3/8829
f 4728/1/8830 4740/2/8830 4709/3/8830
f 4724/1/8831 4747/2/8831 4746/3/8831
f 4736/1/8832 4740/2/8832 4913/3/8832
f 4724/1/8833 4749/2/8833 4747/3/8833
f 4750/1/8834 4749/2/8834 4724/3/8834
f 4551/1/8835 4640/2/8835 4552/3/8835
f 4737/1/8836 4591/2/8836 4738/3/8836
f 4595/1/8837 4584/2/8837 4590/3/8837
f 4737/1/8838 4739/2/8838 4591/3/8838
f 4725/1/8839 4751/2/8839 5011/3/8839
f 4716/1/8840 4731/2/8840 4733/3/8840
f 4753/1/8841 4739/2/8841 4721/3/8841
f 4756/1/8842 4755/2/8842 4757/3/8842
f 4740/1/8843 4728/2/8843 4754/3/8843
f 4736/1/8844 4758/2/8844 4761/3/8844
f 4913/1/8845 4758/2/8845 4736/3/8845
f 4583/1/8846 4743/2/8846 4748/3/8846
f 4652/1/8847 3994/2/8847 4765/3/8847
f 4750/1/8848 4763/2/8848 4749/3/8848
f 4757/1/8849 4760/2/8849 4759/3/8849
f 4629/1/8850 4592/2/8850 4589/3/8850
f 4584/1/8851 4761/2/8851 4590/3/8851
f 4760/1/8852 4764/2/8852 4759/3/8852
f 4748/1/8853 4743/2/8853 4766/3/8853
f 4770/1/8854 4743/2/8854 4726/3/8854
f 4767/1/8855 4768/2/8855 4712/3/8855
f 4653/1/8856 4769/2/8856 4765/3/8856
f 4760/1/8857 4769/2/8857 4658/3/8857
f 4073/1/8858 4653/2/8858 4026/3/8858
f 4658/1/8859 4764/2/8859 4760/3/8859
f 4769/1/8860 4653/2/8860 4669/3/8860
f 4488/1/8861 4549/2/8861 4550/3/8861
f 4600/1/8862 4752/2/8862 4772/3/8862
f 4751/1/8863 4750/2/8863 5011/3/8863
f 5011/1/8864 4750/2/8864 4724/3/8864
f 4759/1/8865 4764/2/8865 4654/3/8865
f 4073/1/8866 4774/2/8866 4653/3/8866
f 4773/1/8867 4753/2/8867 4938/3/8867
f 4653/1/8868 4774/2/8868 4669/3/8868
f 4761/1/8869 4758/2/8869 4775/3/8869
f 4091/1/8870 4774/2/8870 4073/3/8870
f 4599/1/8871 4777/2/8871 4588/3/8871
f 4754/1/8872 4758/2/8872 4913/3/8872
f 4592/1/8873 4778/2/8873 4589/3/8873
f 4591/1/8874 4780/2/8874 4592/3/8874
f 4754/1/8875 4775/2/8875 4758/3/8875
f 4590/1/8876 4781/2/8876 4597/3/8876
f 4669/1/8877 4774/2/8877 4674/3/8877
f 4770/1/8878 4782/2/8878 4783/3/8878
f 4401/1/8879 3978/2/8879 4533/3/8879
f 3978/1/8880 4789/2/8880 4533/3/8880
f 4815/1/8881 4731/2/8881 4771/3/8881
f 4764/1/8882 4658/2/8882 4655/3/8882
f 4784/1/8883 4731/2/8883 4815/3/8883
f 3977/1/8884 4786/2/8884 3978/3/8884
f 4533/1/8885 4789/2/8885 4785/3/8885
f 4769/1/8886 4669/2/8886 4658/3/8886
f 4787/1/8887 4779/2/8887 4773/3/8887
f 4746/1/8888 4747/2/8888 4788/3/8888
f 3978/1/8889 4786/2/8889 4789/3/8889
f 4658/1/8890 4669/2/8890 4663/3/8890
f 4091/1/8891 4672/2/8891 4774/3/8891
f 4107/1/8892 4672/2/8892 4091/3/8892
f 4775/1/8893 4781/2/8893 4761/3/8893
f 4669/1/8894 4674/2/8894 4668/3/8894
f 4533/1/8895 4785/2/8895 4791/3/8895
f 4658/1/8896 4665/2/8896 4655/3/8896
f 4533/1/8897 4791/2/8897 4468/3/8897
f 4480/1/8898 4656/2/8898 4484/3/8898
f 3221/1/8899 4781/2/8899 4775/3/8899
f 4813/1/8900 4781/2/8900 3221/3/8900
f 3221/1/8901 4775/2/8901 3219/3/8901
f 4772/1/8902 4601/2/8902 4600/3/8902
f 4055/1/8903 4792/2/8903 3977/3/8903
f 4774/1/8904 4672/2/8904 4674/3/8904
f 3977/1/8905 4792/2/8905 4786/3/8905
f 4781/1/8906 4794/2/8906 4597/3/8906
f 4795/1/8907 4796/2/8907 4599/3/8907
f 4786/1/8908 4792/2/8908 4797/3/8908
f 4687/1/8909 4688/2/8909 4799/3/8909
f 4799/1/8910 4688/2/8910 4798/3/8910
f 4779/1/8911 4787/2/8911 4801/3/8911
f 4788/1/8912 4747/2/8912 4802/3/8912
f 4484/1/8913 4656/2/8913 4699/3/8913
f 4803/1/8914 5016/2/8914 4804/3/8914
f 4807/1/8915 4772/2/8915 4794/3/8915
f 4789/1/8916 4806/2/8916 4785/3/8916
f 4107/1/8917 4157/2/8917 4672/3/8917
f 4599/1/8918 5016/2/8918 4795/3/8918
f 4574/1/8919 4671/2/8919 4660/3/8919
f 4808/1/8920 4793/2/8920 4801/3/8920
f 4674/1/8921 4673/2/8921 4668/3/8921
f 4055/1/8922 4809/2/8922 4792/3/8922
f 4075/1/8923 4809/2/8923 4055/3/8923
f 4668/1/8924 4685/2/8924 4663/3/8924
f 4663/1/8925 4685/2/8925 4665/3/8925
f 4672/1/8926 4157/2/8926 4673/3/8926
f 4807/1/8927 4794/2/8927 4813/3/8927
f 4656/1/8928 4662/2/8928 4699/3/8928
f 4778/1/8929 4793/2/8929 4814/3/8929
f 4655/1/8930 4680/2/8930 4677/3/8930
f 4665/1/8931 4680/2/8931 4655/3/8931
f 4785/1/8932 4806/2/8932 4791/3/8932
f 4157/1/8933 4681/2/8933 4673/3/8933
f 4792/1/8934 4818/2/8934 4797/3/8934
f 4813/1/8935 3221/2/8935 3016/3/8935
f 4561/1/8936 4689/2/8936 4673/3/8936
f 4673/1/8937 4689/2/8937 4668/3/8937
f 4563/1/8938 4681/2/8938 4157/3/8938
f 4817/1/8939 4811/2/8939 4810/3/8939
f 4819/1/8940 4820/2/8940 4787/3/8940
f 4787/1/8941 4820/2/8941 4834/3/8941
f 4810/1/8942 4821/2/8942 4817/3/8942
f 4680/1/8943 4553/2/8943 4677/3/8943
f 4792/1/8944 4822/2/8944 4818/3/8944
f 4827/1/8945 4802/2/8945 4828/3/8945
f 4788/1/8946 4802/2/8946 4827/3/8946
f 4763/1/8947 4805/2/8947 4823/3/8947
f 4168/1/8948 4200/2/8948 4075/3/8948
f 4796/1/8949 4830/2/8949 4805/3/8949
f 4683/1/8950 4829/2/8950 4675/3/8950
f 4795/1/8951 4830/2/8951 4796/3/8951
f 4791/1/8952 4831/2/8952 4468/3/8952
f 4793/1/8953 4808/2/8953 4814/3/8953
f 4468/1/8954 4831/2/8954 4824/3/8954
f 4747/1/8955 4832/2/8955 4802/3/8955
f 4823/1/8956 4832/2/8956 4747/3/8956
f 4683/1/8957 4707/2/8957 4829/3/8957
f 4698/1/8958 4707/2/8958 4683/3/8958
f 4712/1/8959 4692/2/8959 4691/3/8959
f 4885/1/8960 4819/2/8960 4833/3/8960
f 4828/1/8961 4802/2/8961 4832/3/8961
f 4801/1/8962 4834/2/8962 4826/3/8962
f 4468/1/8963 4824/2/8963 4471/3/8963
f 4818/1/8964 4822/2/8964 4839/3/8964
f 4791/1/8965 4835/2/8965 4831/3/8965
f 4817/1/8966 4836/2/8966 4811/3/8966
f 4707/1/8967 4582/2/8967 4722/3/8967
f 3016/1/8968 3234/2/8968 4813/3/8968
f 4813/1/8969 3234/2/8969 4807/3/8969
f 4823/1/8970 4805/2/8970 4837/3/8970
f 4806/1/8971 4835/2/8971 4791/3/8971
f 4710/1/8972 4580/2/8972 4999/3/8972
f 4786/1/8973 4797/2/8973 4789/3/8973
f 4840/1/8974 4834/2/8974 4820/3/8974
f 4789/1/8975 4797/2/8975 4806/3/8975
f 4806/1/8976 4842/2/8976 4835/3/8976
f 4818/1/8977 4806/2/8977 4797/3/8977
f 4200/1/8978 4809/2/8978 4075/3/8978
f 4792/1/8979 4809/2/8979 4822/3/8979
f 4838/1/8980 4844/2/8980 4830/3/8980
f 4200/1/8981 4822/2/8981 4809/3/8981
f 4822/1/8982 4853/2/8982 4839/3/8982
f 4806/1/8983 4818/2/8983 4839/3/8983
f 4822/1/8984 4200/2/8984 4846/3/8984
f 4839/1/8985 4842/2/8985 4806/3/8985
f 4200/1/8986 4849/2/8986 4846/3/8986
f 4842/1/8987 4839/2/8987 4851/3/8987
f 4609/1/8988 4608/2/8988 4604/3/8988
f 4850/1/8989 4846/2/8989 4852/3/8989
f 4850/1/8990 4853/2/8990 4846/3/8990
f 4822/1/8991 4846/2/8991 4853/3/8991
f 4849/1/8992 4852/2/8992 4846/3/8992
f 4194/1/8993 4849/2/8993 4200/3/8993
f 4252/1/8994 4849/2/8994 4194/3/8994
f 4252/1/8995 4852/2/8995 4849/3/8995
f 4707/1/8996 4722/2/8996 4725/3/8996
f 4725/1/8997 4722/2/8997 4741/3/8997
f 4850/1/8998 4852/2/8998 4854/3/8998
f 4293/1/8999 4719/2/8999 4264/3/8999
f 4852/1/9000 4857/2/9000 4855/3/9000
f 4302/1/9001 4857/2/9001 4252/3/9001
f 4252/1/9002 4857/2/9002 4852/3/9002
f 4852/1/9003 4855/2/9003 4854/3/9003
f 4832/1/9004 4858/2/9004 4895/3/9004
f 4582/1/9005 4581/2/9005 4722/3/9005
f 4855/1/9006 4860/2/9006 4854/3/9006
f 4854/1/9007 4860/2/9007 4859/3/9007
f 4861/1/9008 4860/2/9008 4857/3/9008
f 4708/1/9009 4738/2/9009 4713/3/9009
f 4857/1/9010 4860/2/9010 4855/3/9010
f 4831/1/9011 4862/2/9011 4824/3/9011
f 4863/1/9012 4856/2/9012 4871/3/9012
f 4404/1/9013 4861/2/9013 4857/3/9013
f 4866/1/9014 4859/2/9014 4860/3/9014
f 5196/1/9015 4864/2/9015 4863/3/9015
f 4863/1/9016 4864/2/9016 4856/3/9016
f 4834/1/9017 4840/2/9017 4881/3/9017
f 4860/1/9018 4861/2/9018 4866/3/9018
f 4404/1/9019 4867/2/9019 4861/3/9019
f 4708/1/9020 4737/2/9020 4738/3/9020
f 4869/1/9021 4845/2/9021 4844/3/9021
f 4879/1/9022 4866/2/9022 4861/3/9022
f 4404/1/9023 4439/2/9023 4867/3/9023
f 4870/1/9024 4879/2/9024 4861/3/9024
f 4293/1/9025 4744/2/9025 4719/3/9025
f 4871/1/9026 4872/2/9026 4606/3/9026
f 4837/1/9027 4845/2/9027 4873/3/9027
f 4861/1/9028 4867/2/9028 4870/3/9028
f 4439/1/9029 4756/2/9029 4867/3/9029
f 4756/1/9030 4870/2/9030 4867/3/9030
f 4876/1/9031 4875/2/9031 4877/3/9031
f 4877/1/9032 4875/2/9032 4878/3/9032
f 3995/1/9033 4755/2/9033 4459/3/9033
f 4874/1/9034 4864/2/9034 5196/3/9034
f 4839/1/9035 4853/2/9035 4868/3/9035
f 4866/1/9036 4879/2/9036 4880/3/9036
f 4722/1/9037 4581/2/9037 4588/3/9037
f 4439/1/9038 4755/2/9038 4756/3/9038
f 4459/1/9039 4755/2/9039 4439/3/9039
f 4725/1/9040 4741/2/9040 4751/3/9040
f 4847/1/9041 4903/2/9041 4858/3/9041
f 4874/1/9042 4848/2/9042 4864/3/9042
f 4879/1/9043 4883/2/9043 4880/3/9043
f 4886/1/9044 4848/2/9044 4874/3/9044
f 4881/1/9045 4840/2/9045 4892/3/9045
f 4831/1/9046 4835/2/9046 4862/3/9046
f 4719/1/9047 4744/2/9047 4728/3/9047
f 4484/1/9048 4742/2/9048 4488/3/9048
f 4870/1/9049 4887/2/9049 4879/3/9049
f 4824/1/9050 4888/2/9050 4471/3/9050
f 4886/1/9051 4885/2/9051 4848/3/9051
f 4887/1/9052 4870/2/9052 4756/3/9052
f 4891/1/9053 4873/2/9053 4845/3/9053
f 4759/1/9054 4756/2/9054 4757/3/9054
f 4869/1/9055 4891/2/9055 4845/3/9055
f 4839/1/9056 4868/2/9056 4851/3/9056
f 4734/1/9057 4729/2/9057 4730/3/9057
f 4881/1/9058 4892/2/9058 4882/3/9058
f 4893/1/9059 4894/2/9059 4895/3/9059
f 5013/1/9060 4890/2/9060 4884/3/9060
f 4824/1/9061 4862/2/9061 4888/3/9061
f 4896/1/9062 4840/2/9062 4886/3/9062
f 4903/1/9063 4898/2/9063 4858/3/9063
f 4734/1/9064 4768/2/9064 4729/3/9064
f 4880/1/9065 4883/2/9065 4889/3/9065
f 5013/1/9066 4900/2/9066 4890/3/9066
f 4756/1/9067 4759/2/9067 4887/3/9067
f 4858/1/9068 4898/2/9068 4893/3/9068
f 4840/1/9069 4896/2/9069 4892/3/9069
f 4902/1/9070 4894/2/9070 4893/3/9070
f 4879/1/9071 4901/2/9071 4883/3/9071
f 4887/1/9072 4901/2/9072 4879/3/9072
f 4586/1/9073 4748/2/9073 4721/3/9073
f 4903/1/9074 4873/2/9074 4904/3/9074
f 3995/1/9075 4652/2/9075 4755/3/9075
f 3994/1/9076 4652/2/9076 3995/3/9076
f 4712/1/9077 4768/2/9077 4734/3/9077
f 4905/1/9078 4892/2/9078 4896/3/9078
f 4338/1/9079 4745/2/9079 4310/3/9079
f 4906/1/9080 4908/2/9080 4900/3/9080
f 4900/1/9081 4908/2/9081 5008/3/9081
f 4755/1/9082 4652/2/9082 4757/3/9082
f 4903/1/9083 4612/2/9083 4898/3/9083
f 4910/1/9084 4904/2/9084 4891/3/9084
f 4887/1/9085 4759/2/9085 4899/3/9085
f 4891/1/9086 4904/2/9086 4873/3/9086
f 4657/1/9087 4911/2/9087 4594/3/9087
f 4912/1/9088 4908/2/9088 4906/3/9088
f 4913/1/9089 4740/2/9089 4754/3/9089
f 4914/1/9090 4892/2/9090 4905/3/9090
f 4652/1/9091 4760/2/9091 4757/3/9091
f 4842/1/9092 4915/2/9092 4835/3/9092
f 4771/1/9093 4731/2/9093 4729/3/9093
f 4748/1/9094 4916/2/9094 4721/3/9094
f 4613/1/9095 4904/2/9095 4910/3/9095
f 4914/1/9096 4917/2/9096 4892/3/9096
f 4744/1/9097 4754/2/9097 4728/3/9097
f 4908/1/9098 4912/2/9098 4910/3/9098
f 4897/1/9099 4918/2/9099 4909/3/9099
f 4919/1/9100 4917/2/9100 4914/3/9100
f 4920/1/9101 4918/2/9101 4902/3/9101
f 4754/1/9102 4744/2/9102 4776/3/9102
f 4927/1/9103 4621/2/9103 4800/3/9103
f 4800/1/9104 4621/2/9104 4637/3/9104
f 4899/1/9105 4921/2/9105 4887/3/9105
f 4471/1/9106 4888/2/9106 4907/3/9106
f 4898/1/9107 4926/2/9107 4893/3/9107
f 4471/1/9108 4907/2/9108 4475/3/9108
f 4887/1/9109 4921/2/9109 4901/3/9109
f 4897/1/9110 4670/2/9110 4878/3/9110
f 4909/1/9111 4670/2/9111 4897/3/9111
f 4925/1/9112 4613/2/9112 4912/3/9112
f 4912/1/9113 4613/2/9113 4910/3/9113
f 4765/1/9114 4760/2/9114 4652/3/9114
f 4612/1/9115 4926/2/9115 4898/3/9115
f 4927/1/9116 4620/2/9116 4621/3/9116
f 4917/1/9117 4924/2/9117 4923/3/9117
f 4616/1/9118 4926/2/9118 4612/3/9118
f 4842/1/9119 4851/2/9119 4915/3/9119
f 4729/1/9120 4768/2/9120 4929/3/9120
f 4920/1/9121 4902/2/9121 4930/3/9121
f 4916/1/9122 4938/2/9122 4721/3/9122
f 4721/1/9123 4938/2/9123 4753/3/9123
f 4889/1/9124 4931/2/9124 4568/3/9124
f 4883/1/9125 4931/2/9125 4889/3/9125
f 4835/1/9126 4922/2/9126 4862/3/9126
f 4723/1/9127 4767/2/9127 4712/3/9127
f 4657/1/9128 4932/2/9128 4933/3/9128
f 4766/1/9129 4916/2/9129 4748/3/9129
f 4666/1/9130 4667/2/9130 4927/3/9130
f 4835/1/9131 4915/2/9131 4922/3/9131
f 4338/1/9132 2950/2/9132 3218/3/9132
f 4902/1/9133 4935/2/9133 4930/3/9133
f 4906/1/9134 4937/2/9134 4912/3/9134
f 4912/1/9135 4937/2/9135 4925/3/9135
f 4938/1/9136 4916/2/9136 4766/3/9136
f 4923/1/9137 4937/2/9137 4906/3/9137
f 4909/1/9138 4934/2/9138 4670/3/9138
f 4746/1/9139 4767/2/9139 4723/3/9139
f 4925/1/9140 4937/2/9140 4936/3/9140
f 4899/1/9141 4928/2/9141 4921/3/9141
f 4888/1/9142 4862/2/9142 4945/3/9142
f 4939/1/9143 4937/2/9143 4940/3/9143
f 4920/1/9144 4934/2/9144 4909/3/9144
f 4929/1/9145 4768/2/9145 4941/3/9145
f 4759/1/9146 4928/2/9146 4899/3/9146
f 4654/1/9147 4928/2/9147 4759/3/9147
f 4648/1/9148 4587/2/9148 4656/3/9148
f 4883/1/9149 4901/2/9149 4931/3/9149
f 4333/1/9150 4857/2/9150 4302/3/9150
f 4765/1/9151 4769/2/9151 4760/3/9151
f 4939/1/9152 4936/2/9152 4937/3/9152
f 4621/1/9153 4622/2/9153 5015/3/9153
f 4901/1/9154 4942/2/9154 4931/3/9154
f 4616/1/9155 4946/2/9155 4926/3/9155
f 4819/1/9156 4773/2/9156 4938/3/9156
f 4478/1/9157 4656/2/9157 4480/3/9157
f 4926/1/9158 4946/2/9158 4935/3/9158
f 4948/1/9159 4934/2/9159 4947/3/9159
f 4853/1/9160 4976/2/9160 4868/3/9160
f 4670/1/9161 4948/2/9161 4676/3/9161
f 4934/1/9162 4948/2/9162 4670/3/9162
f 4746/1/9163 4788/2/9163 4767/3/9163
f 4496/1/9164 4950/2/9164 4499/3/9164
f 4733/1/9165 4731/2/9165 4742/3/9165
f 4970/1/9166 4930/2/9166 4935/3/9166
f 4935/1/9167 4946/2/9167 4970/3/9167
f 4768/1/9168 4767/2/9168 4941/3/9168
f 4951/1/9169 4921/2/9169 4928/3/9169
f 4901/1/9170 4921/2/9170 4942/3/9170
f 4931/1/9171 4636/2/9171 4568/3/9171
f 4911/1/9172 4933/2/9172 4950/3/9172
f 4783/1/9173 4952/2/9173 4766/3/9173
f 4949/1/9174 4953/2/9174 4618/3/9174
f 4952/1/9175 4954/2/9175 4766/3/9175
f 4956/1/9176 4949/2/9176 4936/3/9176
f 4921/1/9177 4951/2/9177 4942/3/9177
f 4970/1/9178 4944/2/9178 4930/3/9178
f 4957/1/9179 4944/2/9179 4970/3/9179
f 4731/1/9180 4784/2/9180 4742/3/9180
f 4676/1/9181 4948/2/9181 4943/3/9181
f 4776/1/9182 3215/2/9182 4754/3/9182
f 4943/1/9183 4948/2/9183 4959/3/9183
f 4956/1/9184 4953/2/9184 4949/3/9184
f 4960/1/9185 4953/2/9185 4956/3/9185
f 4811/1/9186 4952/2/9186 4810/3/9186
f 4404/1/9187 4857/2/9187 4333/3/9187
f 4766/1/9188 4954/2/9188 4938/3/9188
f 4754/1/9189 3219/2/9189 4775/3/9189
f 4729/1/9190 4929/2/9190 4771/3/9190
f 4815/1/9191 4929/2/9191 4961/3/9191
f 4771/1/9192 4929/2/9192 4815/3/9192
f 4853/1/9193 4962/2/9193 4976/3/9193
f 4850/1/9194 4962/2/9194 4853/3/9194
f 3215/1/9195 3219/2/9195 4754/3/9195
f 4933/1/9196 4958/2/9196 4955/3/9196
f 4664/1/9197 4928/2/9197 4654/3/9197
f 4953/1/9198 4960/2/9198 4624/3/9198
f 4975/1/9199 4946/2/9199 4630/3/9199
f 4767/1/9200 4788/2/9200 4941/3/9200
f 4957/1/9201 4947/2/9201 4944/3/9201
f 4941/1/9202 4788/2/9202 4827/3/9202
f 4625/1/9203 4947/2/9203 4957/3/9203
f 4928/1/9204 4664/2/9204 4951/3/9204
f 4555/1/9205 4678/2/9205 4645/3/9205
f 4626/1/9206 4959/2/9206 4948/3/9206
f 4965/1/9207 4959/2/9207 4626/3/9207
f 4933/1/9208 4963/2/9208 4950/3/9208
f 4955/1/9209 4963/2/9209 4933/3/9209
f 4811/1/9210 4954/2/9210 4952/3/9210
f 4943/1/9211 4959/2/9211 4964/3/9211
f 4622/1/9212 4966/2/9212 4958/3/9212
f 4942/1/9213 4798/2/9213 4931/3/9213
f 4967/1/9214 4630/2/9214 4968/3/9214
f 4954/1/9215 4825/2/9215 4938/3/9215
f 4938/1/9216 4825/2/9216 4819/3/9216
f 4957/1/9217 4969/2/9217 4971/3/9217
f 4970/1/9218 4969/2/9218 4957/3/9218
f 4964/1/9219 4966/2/9219 4622/3/9219
f 4819/1/9220 4787/2/9220 4773/3/9220
f 4678/1/9221 4636/2/9221 4684/3/9221
f 4929/1/9222 4941/2/9222 4961/3/9222
f 4966/1/9223 4973/2/9223 4958/3/9223
f 4972/1/9224 4973/2/9224 4966/3/9224
f 4974/1/9225 4965/2/9225 4696/3/9225
f 4931/1/9226 4798/2/9226 4688/3/9226
f 4967/1/9227 4975/2/9227 4630/3/9227
f 4868/1/9228 4976/2/9228 4851/3/9228
f 4833/1/9229 4954/2/9229 4811/3/9229
f 4951/1/9230 4664/2/9230 4798/3/9230
f 4965/1/9231 4974/2/9231 4959/3/9231
f 4825/1/9232 4954/2/9232 4833/3/9232
f 4963/1/9233 4499/2/9233 4950/3/9233
f 4951/1/9234 4798/2/9234 4942/3/9234
f 4959/1/9235 4977/2/9235 4964/3/9235
f 4955/1/9236 4978/2/9236 4963/3/9236
f 4975/1/9237 4967/2/9237 4969/3/9237
f 4981/1/9238 4971/2/9238 4980/3/9238
f 4977/1/9239 4966/2/9239 4964/3/9239
f 4636/1/9240 4688/2/9240 4684/3/9240
f 4955/1/9241 4982/2/9241 4978/3/9241
f 4967/1/9242 4983/2/9242 4969/3/9242
f 4659/1/9243 4679/2/9243 4664/3/9243
f 4664/1/9244 4679/2/9244 4798/3/9244
f 4854/1/9245 4865/2/9245 4850/3/9245
f 4850/1/9246 4865/2/9246 4962/3/9246
f 4980/1/9247 4983/2/9247 4984/3/9247
f 4979/1/9248 4986/2/9248 4982/3/9248
f 4973/1/9249 4972/2/9249 4985/3/9249
f 4475/1/9250 4907/2/9250 4648/3/9250
f 4963/1/9251 4987/2/9251 4499/3/9251
f 4988/1/9252 4987/2/9252 4963/3/9252
f 4862/1/9253 4989/2/9253 4945/3/9253
f 4974/1/9254 4569/2/9254 4977/3/9254
f 4815/1/9255 4961/2/9255 4816/3/9255
f 4981/1/9256 4980/2/9256 4990/3/9256
f 4990/1/9257 4980/2/9257 4984/3/9257
f 4961/1/9258 4941/2/9258 4876/3/9258
f 4538/1/9259 4991/2/9259 4701/3/9259
f 4742/1/9260 4610/2/9260 4549/3/9260
f 4569/1/9261 4992/2/9261 4985/3/9261
f 4798/1/9262 4679/2/9262 4799/3/9262
f 4815/1/9263 4993/2/9263 4784/3/9263
f 4985/1/9264 4992/2/9264 4544/3/9264
f 4544/1/9265 4992/2/9265 4560/3/9265
f 4987/1/9266 4557/2/9266 4556/3/9266
f 4988/1/9267 4557/2/9267 4987/3/9267
f 4993/1/9268 4610/2/9268 4784/3/9268
f 4784/1/9269 4610/2/9269 4742/3/9269
f 4851/1/9270 4994/2/9270 4915/3/9270
f 4541/1/9271 4992/2/9271 4569/3/9271
f 4991/1/9272 4596/2/9272 4569/3/9272
f 4564/1/9273 4614/2/9273 4565/3/9273
f 4565/1/9274 4614/2/9274 4988/3/9274
f 4854/1/9275 4859/2/9275 4865/3/9275
f 4596/1/9276 4541/2/9276 4569/3/9276
f 4538/1/9277 4596/2/9277 4991/3/9277
f 4543/1/9278 4628/2/9278 4538/3/9278
f 4538/1/9279 4628/2/9279 4596/3/9279
f 4941/1/9280 4827/2/9280 4876/3/9280
f 4610/1/9281 4993/2/9281 4790/3/9281
f 4706/1/9282 4687/2/9282 4799/3/9282
f 4698/1/9283 4687/2/9283 4706/3/9283
f 4851/1/9284 4996/2/9284 4994/3/9284
f 4560/1/9285 4634/2/9285 4576/3/9285
f 4961/1/9286 4876/2/9286 4816/3/9286
f 4596/1/9287 4542/2/9287 4541/3/9287
f 4976/1/9288 4996/2/9288 4851/3/9288
f 4557/1/9289 4635/2/9289 4718/3/9289
f 4816/1/9290 4997/2/9290 4815/3/9290
f 4540/1/9291 4634/2/9291 4560/3/9291
f 4815/1/9292 4997/2/9292 4993/3/9292
f 4662/1/9293 4702/2/9293 4699/3/9293
f 4679/1/9294 4995/2/9294 4799/3/9294
f 4700/1/9295 4995/2/9295 4679/3/9295
f 4922/1/9296 4989/2/9296 4862/3/9296
f 4633/1/9297 4635/2/9297 4614/3/9297
f 4945/1/9298 4649/2/9298 4888/3/9298
f 4634/1/9299 4545/2/9299 4576/3/9299
f 4790/1/9300 4993/2/9300 4800/3/9300
f 4638/1/9301 4545/2/9301 4634/3/9301
f 4631/1/9302 4542/2/9302 4596/3/9302
f 4546/1/9303 4633/2/9303 4617/3/9303
f 4552/1/9304 4633/2/9304 4546/3/9304
f 4995/1/9305 4999/2/9305 4799/3/9305
f 4633/1/9306 4639/2/9306 4635/3/9306
f 4545/1/9307 4546/2/9307 4617/3/9307
f 4542/1/9308 5001/2/9308 4540/3/9308
f 4922/1/9309 5002/2/9309 4989/3/9309
f 5000/1/9310 5001/2/9310 4542/3/9310
f 4907/1/9311 4650/2/9311 4648/3/9311
f 4999/1/9312 4706/2/9312 4799/3/9312
f 4552/1/9313 4639/2/9313 4633/3/9313
f 5001/1/9314 5003/2/9314 4638/3/9314
f 4705/1/9315 4995/2/9315 4700/3/9315
f 4545/1/9316 4643/2/9316 4546/3/9316
f 4993/1/9317 4997/2/9317 4800/3/9317
f 4546/1/9318 4551/2/9318 4552/3/9318
f 4915/1/9319 5004/2/9319 4922/3/9319
f 4638/1/9320 4641/2/9320 4545/3/9320
f 4945/1/9321 4989/2/9321 4649/3/9321
f 4547/1/8722 4545/2/8722 4641/3/8722
f 4705/1/9322 4999/2/9322 4995/3/9322
f 4827/1/9323 4828/2/9323 4998/3/9323
f 4888/1/9324 4650/2/9324 4907/3/9324
f 4998/1/9325 4828/2/9325 4895/3/9325
f 4836/1/9326 4885/2/9326 4833/3/9326
f 4545/1/9327 4547/2/9327 4643/3/9327
f 5003/1/9328 4641/2/9328 4638/3/9328
f 4856/1/9329 4864/2/9329 4817/3/9329
f 4817/1/9330 4864/2/9330 4836/3/9330
f 4827/1/9331 4998/2/9331 4876/3/9331
f 4639/1/9332 4646/2/9332 4727/3/9332
f 5005/1/9333 4844/2/9333 4838/3/9333
f 4643/1/9334 4551/2/9334 4546/3/9334
f 4705/1/9335 4710/2/9335 4999/3/9335
f 4962/1/9336 5006/2/9336 4976/3/9336
f 4976/1/9337 5006/2/9337 4996/3/9337
f 4800/1/9338 4997/2/9338 4812/3/9338
f 4876/1/9339 4998/2/9339 4875/3/9339
f 2445/1/9340 4640/2/9340 5182/3/9340
f 4890/1/9341 5007/2/9341 4884/3/9341
f 5182/1/9342 4640/2/9342 4551/3/9342
f 4662/1/9343 4661/2/9343 4694/3/9343
f 4832/1/9344 4895/2/9344 4828/3/9344
f 4691/1/9345 4671/2/9345 4651/3/9345
f 4660/1/9346 4693/2/9346 4661/3/9346
f 4692/1/9347 4693/2/9347 4660/3/9347
f 4922/1/9348 5004/2/9348 5002/3/9348
f 4915/1/9349 4994/2/9349 5004/3/9349
f 4692/1/9350 4671/2/9350 4691/3/9350
f 4677/1/9351 4570/2/9351 4682/3/9351
f 4888/1/9352 4649/2/9352 4650/3/9352
f 4876/1/9353 4877/2/9353 4816/3/9353
f 4668/1/9354 4690/2/9354 4685/3/9354
f 4694/1/9355 4702/2/9355 4662/3/9355
f 4816/1/9356 4877/2/9356 4997/3/9356
f 4679/1/9357 4682/2/9357 4700/3/9357
f 4890/1/9358 4841/2/9358 5007/3/9358
f 4677/1/9359 4553/2/9359 4570/3/9359
f 4685/1/9360 4697/2/9360 4558/3/9360
f 4836/1/9361 4848/2/9361 4885/3/9361
f 4841/1/9362 5008/2/9362 4838/3/9362
f 4699/1/9363 4843/2/9363 4484/3/9363
f 4707/1/9364 4725/2/9364 4829/3/9364
f 4558/1/9365 4697/2/9365 4554/3/9365
f 4875/1/9366 4998/2/9366 4878/3/9366
f 4700/1/9367 4570/2/9367 4577/3/9367
f 4890/1/9368 5008/2/9368 4841/3/9368
f 4682/1/9369 4570/2/9369 4700/3/9369
f 4869/1/9370 4844/2/9370 5005/3/9370
f 4865/1/9371 5006/2/9371 4962/3/9371
f 4572/1/9372 4790/2/9372 4637/3/9372
f 4610/1/9373 4790/2/9373 4572/3/9373
f 4686/1/9374 4723/2/9374 4691/3/9374
f 4829/1/9375 4723/2/9375 4686/3/9375
f 4184/1/9376 4711/2/9376 4563/3/9376
f 4838/1/9377 5008/2/9377 5005/3/9377
f 4996/1/9378 5009/2/9378 4994/3/9378
f 4697/1/9379 4714/2/9379 4717/3/9379
f 4837/1/9380 4873/2/9380 4847/3/9380
f 4554/1/9381 4575/2/9381 4571/3/9381
f 4702/1/9382 4733/2/9382 4699/3/9382
f 4895/1/9383 4894/2/9383 4998/3/9383
f 4812/1/9384 4997/2/9384 4666/3/9384
f 4575/1/9385 4697/2/9385 4717/3/9385
f 4704/1/9386 4567/2/9386 4715/3/9386
f 4561/1/9387 4567/2/9387 4704/3/9387
f 4734/1/9388 4693/2/9388 4692/3/9388
f 4829/1/9389 4724/2/9389 4723/3/9389
f 4692/1/9390 4712/2/9390 4734/3/9390
f 4570/1/9391 4578/2/9391 4577/3/9391
f 4571/1/9392 4578/2/9392 4570/3/9392
f 4734/1/9393 4730/2/9393 4693/3/9393
f 4900/1/9394 5008/2/9394 4890/3/9394
f 4184/1/9395 4709/2/9395 4711/3/9395
f 4998/1/9396 4894/2/9396 4878/3/9396
f 4878/1/9397 4894/2/9397 4897/3/9397
f 4871/1/9398 4606/2/9398 5010/3/9398
f 4715/1/9399 4585/2/9399 4714/3/9399
f 4577/1/9400 4737/2/9400 4708/3/9400
f 4721/1/9401 4737/2/9401 4578/3/9401
f 4578/1/9402 4737/2/9402 4577/3/9402
f 4709/1/9403 4735/2/9403 4711/3/9403
f 4829/1/9404 5011/2/9404 4724/3/9404
f 4725/1/9405 5011/2/9405 4829/3/9405
f 4691/1/9406 4723/2/9406 4712/3/9406
f 4717/1/9407 4726/2/9407 4575/3/9407
f 4859/1/9408 4880/2/9408 4865/3/9408
f 4740/1/9409 4735/2/9409 4709/3/9409
f 4865/1/9410 4880/2/9410 5006/3/9410
f 4699/1/9411 4733/2/9411 4843/3/9411
f 4578/1/9412 4579/2/9412 4721/3/9412
f 4721/1/9413 4579/2/9413 4586/3/9413
f 4726/1/9414 4583/2/9414 4575/3/9414
f 4997/1/9415 4877/2/9415 4666/3/9415
f 4720/1/9416 5012/2/9416 4726/3/9416
f 4585/1/9417 5012/2/9417 4720/3/9417
f 4908/1/9418 5005/2/9418 5008/3/9418
f 5010/1/9419 4606/2/9419 4642/3/9419
f 4585/1/9420 4584/2/9420 4595/3/9420
f 4858/1/9421 4893/2/9421 4895/3/9421
f 5012/1/9422 4585/2/9422 4752/3/9422
f 4748/1/9423 4586/2/9423 4583/3/9423
f 4910/1/9424 4869/2/9424 4908/3/9424
f 4908/1/9425 4869/2/9425 5005/3/9425
f 4752/1/9426 4585/2/9426 4595/3/9426
f 4741/1/9427 4722/2/9427 4588/3/9427
f 4790/1/9428 4800/2/9428 4637/3/9428
f 4746/1/9429 4723/2/9429 4724/3/9429
f 4629/1/9430 4593/2/9430 4592/3/9430
f 4882/1/9431 5013/2/9431 4884/3/9431
f 4762/1/9432 5012/2/9432 4752/3/9432
f 4726/1/9433 5012/2/9433 4770/3/9433
f 4869/1/9434 4910/2/9434 4891/3/9434
f 4882/1/9435 4892/2/9435 5013/3/9435
f 4739/1/9436 4753/2/9436 4591/3/9436
f 4738/1/9437 4591/2/9437 4593/3/9437
f 4996/1/9438 4566/2/9438 5009/3/9438
f 5006/1/9439 4566/2/9439 4996/3/9439
f 4745/1/9440 5014/2/9440 4744/3/9440
f 4744/1/9441 5014/2/9441 4776/3/9441
f 4866/1/9442 4880/2/9442 4859/3/9442
f 4762/1/9443 4770/2/9443 5012/3/9443
f 4666/1/9444 4878/2/9444 4670/3/9444
f 4877/1/9445 4878/2/9445 4666/3/9445
f 4491/1/9446 4594/2/9446 4496/3/9446
f 4892/1/9447 4917/2/9447 5013/3/9447
f 4779/1/9448 4753/2/9448 4773/3/9448
f 4812/1/9449 4927/2/9449 4800/3/9449
f 4904/1/9450 4612/2/9450 4903/3/9450
f 4741/1/9451 4588/2/9451 4777/3/9451
f 4599/1/9452 4588/2/9452 4589/3/9452
f 5013/1/9453 4923/2/9453 4900/3/9453
f 4338/1/9454 5014/2/9454 4745/3/9454
f 4900/1/9455 4923/2/9455 4906/3/9455
f 4752/1/9456 4600/2/9456 4762/3/9456
f 4753/1/9457 4779/2/9457 4591/3/9457
f 4602/1/9458 4762/2/9458 4600/3/9458
f 4770/1/9459 4762/2/9459 4602/3/9459
f 4666/1/9460 4927/2/9460 4812/3/9460
f 4752/1/9461 4597/2/9461 4772/3/9461
f 5009/1/9462 4539/2/9462 4994/3/9462
f 4994/1/9463 4539/2/9463 5004/3/9463
f 4595/1/9464 4597/2/9464 4752/3/9464
f 4338/1/9465 3218/2/9465 5014/3/9465
f 4590/1/9466 4761/2/9466 4781/3/9466
f 4770/1/9467 4783/2/9467 4743/3/9467
f 4743/1/9468 4783/2/9468 4766/3/9468
f 4777/1/9469 4598/2/9469 4741/3/9469
f 4917/1/9470 4923/2/9470 5013/3/9470
f 4782/1/9471 4770/2/9471 4602/3/9471
f 4932/1/9472 4657/2/9472 5015/3/9472
f 4763/1/9473 4750/2/9473 4598/3/9473
f 4779/1/9474 4780/2/9474 4591/3/9474
f 4933/1/9475 4911/2/9475 4657/3/9475
f 4592/1/9476 4780/2/9476 4778/3/9476
f 5016/1/9477 4589/2/9477 4778/3/9477
f 4793/1/9478 4780/2/9478 4779/3/9478
f 4778/1/9479 4780/2/9479 4793/3/9479
f 4594/1/9480 4911/2/9480 4496/3/9480
f 5014/1/9481 3218/2/9481 3205/3/9481
f 4657/1/9482 4621/2/9482 5015/3/9482
f 4777/1/9483 4599/2/9483 4796/3/9483
f 5016/1/9484 4778/2/9484 4804/3/9484
f 4782/1/9485 4602/2/9485 4603/3/9485
f 4783/1/9486 4782/2/9486 4952/3/9486
f 4952/1/9487 4782/2/9487 4810/3/9487
f 4598/1/9488 4796/2/9488 4763/3/9488
f 4777/1/9489 4796/2/9489 4598/3/9489
f 3215/1/9490 5014/2/9490 3205/3/9490
f 4823/1/9491 4747/2/9491 4749/3/9491
f 4597/1/9492 4794/2/9492 4772/3/9492
f 4911/1/9493 4950/2/9493 4496/3/9493
f 3215/1/9494 4776/2/9494 5014/3/9494
f 4936/1/9495 4949/2/9495 4925/3/9495
f 4925/1/9496 4949/2/9496 4618/3/9496
f 4779/1/9497 4801/2/9497 4793/3/9497
f 4763/1/9498 4796/2/9498 4805/3/9498
f 4794/1/9499 4781/2/9499 4813/3/9499
f 4880/1/9500 4889/2/9500 5006/3/9500
f 5006/1/9501 4889/2/9501 4566/3/9501
f 4944/1/9502 4947/2/9502 4934/3/9502
f 4782/1/9503 4603/2/9503 4810/3/9503
f 4810/1/9504 4603/2/9504 4821/3/9504
f 4803/1/9505 4804/2/9505 4814/3/9505
f 4814/1/9506 4804/2/9506 4778/3/9506
f 4607/1/9507 4772/2/9507 4807/3/9507
f 4609/1/9508 4772/2/9508 4607/3/9508
f 4763/1/9509 4823/2/9509 4749/3/9509
f 4947/1/9510 4626/2/9510 4948/3/9510
f 4968/1/9511 4624/2/9511 4960/3/9511
f 4609/1/9512 4601/2/9512 4772/3/9512
f 4609/1/9513 4603/2/9513 4601/3/9513
f 4605/1/9514 4821/2/9514 4603/3/9514
f 4787/1/9515 4834/2/9515 4801/3/9515
f 4803/1/9516 4795/2/9516 5016/3/9516
f 4622/1/9517 4958/2/9517 5015/3/9517
f 4968/1/9518 4630/2/9518 4624/3/9518
f 4817/1/9519 4821/2/9519 4605/3/9519
f 4946/1/9520 4975/2/9520 4970/3/9520
f 4825/1/9521 4833/2/9521 4819/3/9521
f 4811/1/9522 4836/2/9522 4833/3/9522
f 4830/1/9523 4795/2/9523 4838/3/9523
f 4838/1/9524 4795/2/9524 4803/3/9524
f 4826/1/9525 4808/2/9525 4801/3/9525
f 5007/1/9526 4814/2/9526 4808/3/9526
f 4488/1/9527 4742/2/9527 4549/3/9527
f 4838/1/9528 4803/2/9528 4841/3/9528
f 4814/1/9529 4841/2/9529 4803/3/9529
f 4975/1/9530 4969/2/9530 4970/3/9530
f 4971/1/9531 4625/2/9531 4957/3/9531
f 4981/1/9532 4625/2/9532 4971/3/9532
f 4820/1/9533 4819/2/9533 4885/3/9533
f 5007/1/9534 4841/2/9534 4814/3/9534
f 4989/1/9535 4548/2/9535 4649/3/9535
f 4847/1/9536 4823/2/9536 4837/3/9536
f 4832/1/9537 4823/2/9537 4847/3/9537
f 4844/1/9538 4845/2/9538 4830/3/9538
f 4837/1/9539 4805/2/9539 4845/3/9539
f 4845/1/9540 4805/2/9540 4830/3/9540
f 4807/1/9541 3234/2/9541 4607/3/9541
f 4605/1/9542 4872/2/9542 4817/3/9542
f 4817/1/9543 4872/2/9543 4856/3/9543
f 4808/1/9544 4826/2/9544 5007/3/9544
f 4625/1/9545 4981/2/9545 4965/3/9545
f 4965/1/9546 4981/2/9546 4695/3/9546
f 4548/1/9547 4562/2/9547 4650/3/9547
f 4834/1/9548 4882/2/9548 4826/3/9548
f 4858/1/9549 4832/2/9549 4847/3/9549
f 5007/1/9550 4826/2/9550 4884/3/9550
f 4969/1/9551 4980/2/9551 4971/3/9551
f 4606/1/9552 4604/2/9552 4642/3/9552
f 4983/1/9553 4980/2/9553 4969/3/9553
f 4642/1/9554 4604/2/9554 4608/3/9554
f 4834/1/9555 4881/2/9555 4882/3/9555
f 4974/1/9556 4696/2/9556 4701/3/9556
f 4836/1/9557 4864/2/9557 4848/3/9557
f 4606/1/9558 4872/2/9558 4605/3/9558
f 4826/1/9559 4882/2/9559 4884/3/9559
f 4872/1/9560 4871/2/9560 4856/3/9560
f 4840/1/9561 4885/2/9561 4886/3/9561
f 4820/1/9562 4885/2/9562 4840/3/9562
f 4873/1/9563 4903/2/9563 4847/3/9563
f 4648/1/9564 4656/2/9564 4478/3/9564
f 4918/1/9565 4897/2/9565 4894/3/9565
f 4894/1/9566 4902/2/9566 4918/3/9566
f 4909/1/9567 4918/2/9567 4920/3/9567
f 4488/1/9568 4550/2/9568 4491/3/9568
f 4893/1/9569 4926/2/9569 4902/3/9569
f 4919/1/9570 4924/2/9570 4917/3/9570
f 4648/1/9571 4650/2/9571 4587/3/9571
f 4618/1/9572 4613/2/9572 4925/3/9572
f 4935/1/9573 4902/2/9573 4926/3/9573
f 4989/1/9574 4574/2/9574 4548/3/9574
f 5002/1/9575 4574/2/9575 4989/3/9575
f 4937/1/9576 4923/2/9576 4940/3/9576
f 4940/1/9577 4923/2/9577 4924/3/9577
f 4934/1/9578 4930/2/9578 4944/3/9578
f 4920/1/9579 4930/2/9579 4934/3/9579
f 4619/1/9580 4620/2/9580 4927/3/9580
f 4973/1/9581 4985/2/9581 4986/3/9581
f 4676/1/9582 4619/2/9582 4667/3/9582
f 5009/1/9583 4555/2/9583 4539/3/9583
f 4611/1/9584 4624/2/9584 4616/3/9584
f 4566/1/9585 4555/2/9585 5009/3/9585
f 4616/1/9586 4623/2/9586 4946/3/9586
f 4619/1/9587 4622/2/9587 4620/3/9587
f 4573/1/9588 4564/2/9588 4986/3/9588
f 4953/1/9589 4624/2/9589 4618/3/9589
f 4618/1/9590 4624/2/9590 4611/3/9590
f 4982/1/9591 4564/2/9591 4565/3/9591
f 4889/1/9592 4568/2/9592 4566/3/9592
f 4990/1/9593 4695/2/9593 4981/3/9593
f 4987/1/9594 4556/2/9594 4499/3/9594
f 4499/1/9595 4556/2/9595 4503/3/9595
f 4933/1/9596 5015/2/9596 4958/3/9596
f 4932/1/9597 5015/2/9597 4933/3/9597
f 4622/1/9598 4619/2/9598 4964/3/9598
f 4676/1/9599 4943/2/9599 4619/3/9599
f 4619/1/9600 4943/2/9600 4964/3/9600
f 4623/1/9601 4630/2/9601 4946/3/9601
f 4985/1/9602 4544/2/9602 4986/3/9602
f 4979/1/9603 4958/2/9603 4973/3/9603
f 4955/1/9604 4958/2/9604 4979/3/9604
f 4990/1/9605 4703/2/9605 4695/3/9605
f 4977/1/9606 4959/2/9606 4974/3/9606
f 4955/1/9607 4979/2/9607 4982/3/9607
f 4973/1/9608 4986/2/9608 4979/3/9608
f 4978/1/9609 4982/2/9609 4565/3/9609
f 4569/1/9610 4985/2/9610 4977/3/9610
f 4977/1/9611 4985/2/9611 4966/3/9611
f 4966/1/9612 4985/2/9612 4972/3/9612
f 4703/1/9613 4543/2/9613 4538/3/9613
f 4564/1/9614 4982/2/9614 4986/3/9614
f 4974/1/9615 4991/2/9615 4569/3/9615
f 4701/1/9616 4991/2/9616 4974/3/9616
f 4963/1/9617 4565/2/9617 4988/3/9617
f 4978/1/9618 4565/2/9618 4963/3/9618
f 4988/1/9619 4614/2/9619 4557/3/9619
f 4990/1/9620 4543/2/9620 4703/3/9620
f 4557/1/9621 4614/2/9621 4635/3/9621
f 4992/1/9622 4541/2/9622 4560/3/9622
f 4560/1/9623 4541/2/9623 4540/3/9623
f 5262/1/9624 5263/2/9624 5032/3/9624
f 5024/1/9625 5025/2/9625 4896/3/9625
f 5038/1/9626 2499/2/9626 5035/3/9626
f 5025/1/9627 5043/2/9627 5036/3/9627
f 5029/1/9628 5037/2/9628 5263/3/9628
f 5050/1/9629 5020/2/9629 5038/3/9629
f 5028/1/9630 5037/2/9630 5029/3/9630
f 5034/1/9631 5039/2/9631 5033/3/9631
f 5047/1/9632 5032/2/9632 5263/3/9632
f 5039/1/9633 5040/2/9633 5033/3/9633
f 5020/1/9634 5041/2/9634 5042/3/9634
f 5263/1/9635 5037/2/9635 5047/3/9635
f 5036/1/9636 5026/2/9636 5025/3/9636
f 5031/1/9637 5044/2/9637 5034/3/9637
f 5032/1/9638 5044/2/9638 5031/3/9638
f 5030/1/9639 5045/2/9639 5022/3/9639
f 5046/1/9640 5045/2/9640 5027/3/9640
f 5041/1/9641 5046/2/9641 5027/3/9641
f 5017/1/9642 5048/2/9642 5043/3/9642
f 5041/1/9643 5050/2/9643 5051/3/9643
f 5034/1/9644 5044/2/9644 5039/3/9644
f 5052/1/9645 5026/2/9645 5049/3/9645
f 4896/1/9646 5052/2/9646 4905/3/9646
f 5053/1/9647 5069/2/9647 5040/3/9647
f 5022/1/9648 5055/2/9648 5028/3/9648
f 2519/1/9649 5060/2/9649 5035/3/9649
f 5054/1/9650 5060/2/9650 2519/3/9650
f 5045/1/9651 5055/2/9651 5022/3/9651
f 5028/1/9652 5056/2/9652 5037/3/9652
f 5041/1/9653 5051/2/9653 5046/3/9653
f 5032/1/9654 5047/2/9654 5044/3/9654
f 5036/1/9655 5049/2/9655 5026/3/9655
f 5051/1/9656 5050/2/9656 5058/3/9656
f 5053/1/9657 5059/2/9657 5069/3/9657
f 5060/1/9658 5050/2/9658 5038/3/9658
f 5058/1/9659 5050/2/9659 5060/3/9659
f 5037/1/9660 5056/2/9660 5047/3/9660
f 5039/1/9661 5053/2/9661 5040/3/9661
f 5051/1/9662 5057/2/9662 5046/3/9662
f 5039/1/9663 5044/2/9663 5063/3/9663
f 5055/1/9664 5062/2/9664 5028/3/9664
f 5055/1/9665 5061/2/9665 5062/3/9665
f 5047/1/9666 5065/2/9666 5044/3/9666
f 5051/1/9667 5066/2/9667 5057/3/9667
f 5063/1/9668 5053/2/9668 5039/3/9668
f 5064/1/9669 5066/2/9669 5051/3/9669
f 5070/1/9670 5049/2/9670 5068/3/9670
f 5028/1/9671 5062/2/9671 5056/3/9671
f 5047/1/9672 5071/2/9672 5065/3/9672
f 5057/1/9673 5066/2/9673 5072/3/9673
f 5056/1/9674 5071/2/9674 5047/3/9674
f 5067/1/9675 5071/2/9675 5056/3/9675
f 5062/1/9676 5073/2/9676 5056/3/9676
f 5076/1/9677 5070/2/9677 5068/3/9677
f 5061/1/9678 5073/2/9678 5062/3/9678
f 5056/1/9679 5073/2/9679 5067/3/9679
f 5058/1/9680 5064/2/9680 5051/3/9680
f 3799/1/9681 5077/2/9681 5054/3/9681
f 5080/1/9682 5053/2/9682 5063/3/9682
f 5090/1/9683 5079/2/9683 5078/3/9683
f 3803/1/9684 5081/2/9684 5066/3/9684
f 5070/1/9685 5076/2/9685 5083/3/9685
f 5084/1/9686 5067/2/9686 5073/3/9686
f 5077/1/9687 5064/2/9687 5058/3/9687
f 4919/1/9688 5083/2/9688 4924/3/9688
f 5057/1/9689 5087/2/9689 5055/3/9689
f 5068/1/9690 5082/2/9690 5076/3/9690
f 3805/1/9691 5081/2/9691 3803/3/9691
f 3801/1/9692 5077/2/9692 3799/3/9692
f 5044/1/9693 5065/2/9693 5063/3/9693
f 3801/1/9694 5064/2/9694 5077/3/9694
f 5055/1/9695 5087/2/9695 5061/3/9695
f 5053/1/9696 5075/2/9696 5059/3/9696
f 5080/1/9697 5075/2/9697 5053/3/9697
f 3805/1/9698 5072/2/9698 5081/3/9698
f 5067/1/9699 5084/2/9699 5088/3/9699
f 5088/1/9700 5071/2/9700 5067/3/9700
f 5076/1/9701 5091/2/9701 5083/3/9701
f 5089/1/9702 5091/2/9702 5076/3/9702
f 5090/1/9703 5101/2/9703 5082/3/9703
f 3801/1/9704 5066/2/9704 5064/3/9704
f 5059/1/9705 5075/2/9705 5079/3/9705
f 3805/1/9706 5086/2/9706 5072/3/9706
f 5057/1/9707 5072/2/9707 5087/3/9707
f 3803/1/9708 5066/2/9708 3801/3/9708
f 5086/1/9709 5092/2/9709 5093/3/9709
f 3809/1/9710 5086/2/9710 3805/3/9710
f 5090/1/9711 5085/2/9711 5101/3/9711
f 5071/1/9712 5095/2/9712 5065/3/9712
f 5082/1/9713 5089/2/9713 5076/3/9713
f 5065/1/9714 5097/2/9714 5063/3/9714
f 5098/1/9715 5088/2/9715 5084/3/9715
f 5092/1/9716 5099/2/9716 5093/3/9716
f 5065/1/9717 5095/2/9717 5097/3/9717
f 5072/1/9718 5086/2/9718 5087/3/9718
f 3809/1/9719 5092/2/9719 5086/3/9719
f 5082/1/9720 5101/2/9720 5089/3/9720
f 5089/1/9721 5101/2/9721 5102/3/9721
f 5075/1/9722 5078/2/9722 5079/3/9722
f 5063/1/9723 5097/2/9723 5080/3/9723
f 5098/1/9724 5096/2/9724 5088/3/9724
f 5087/1/9725 5093/2/9725 5061/3/9725
f 5101/1/9726 5085/2/9726 5100/3/9726
f 5093/1/9727 5099/2/9727 5104/3/9727
f 5101/1/9728 5100/2/9728 5102/3/9728
f 5088/1/9729 5095/2/9729 5071/3/9729
f 5080/1/9730 5078/2/9730 5075/3/9730
f 3809/1/9731 5099/2/9731 5092/3/9731
f 3811/1/9732 5099/2/9732 3809/3/9732
f 5061/1/9733 5093/2/9733 5073/3/9733
f 5089/1/9734 4939/2/9734 4940/3/9734
f 5096/1/9735 5095/2/9735 5088/3/9735
f 5085/1/9736 5103/2/9736 5100/3/9736
f 5096/1/9737 5098/2/9737 5105/3/9737
f 5078/1/9738 5085/2/9738 5090/3/9738
f 5087/1/9739 5086/2/9739 5093/3/9739
f 5093/1/9740 5108/2/9740 5073/3/9740
f 5132/1/9741 4936/2/9741 4939/3/9741
f 5110/1/9742 5078/2/9742 5080/3/9742
f 3811/1/9743 5104/2/9743 5099/3/9743
f 5097/1/9744 5112/2/9744 5080/3/9744
f 5105/1/9745 5113/2/9745 5114/3/9745
f 3813/1/9746 5104/2/9746 3811/3/9746
f 5073/1/9747 5108/2/9747 5084/3/9747
f 5096/1/9748 5097/2/9748 5095/3/9748
f 5111/1/9749 5113/2/9749 5098/3/9749
f 5098/1/9750 5113/2/9750 5105/3/9750
f 5143/1/9751 4956/2/9751 4936/3/9751
f 3813/1/9752 5106/2/9752 5104/3/9752
f 5110/1/9753 5094/2/9753 5078/3/9753
f 5078/1/9754 5094/2/9754 5085/3/9754
f 5105/1/9755 5097/2/9755 5096/3/9755
f 3813/1/9756 5115/2/9756 5106/3/9756
f 5106/1/9757 5115/2/9757 5118/3/9757
f 5105/1/9758 5112/2/9758 5097/3/9758
f 5117/1/9759 5109/2/9759 5119/3/9759
f 5108/1/9760 5120/2/9760 5084/3/9760
f 5115/1/9761 5121/2/9761 5118/3/9761
f 5093/1/9762 5104/2/9762 5108/3/9762
f 5113/1/9763 5123/2/9763 5114/3/9763
f 5080/1/9764 5124/2/9764 5110/3/9764
f 5112/1/9765 5124/2/9765 5080/3/9765
f 5125/1/9766 5122/2/9766 5117/3/9766
f 5117/1/9767 5122/2/9767 5116/3/9767
f 5108/1/9768 5104/2/9768 5120/3/9768
f 3813/1/9769 5121/2/9769 5115/3/9769
f 5114/1/9770 5123/2/9770 5126/3/9770
f 5118/1/9771 5121/2/9771 5127/3/9771
f 5094/1/9772 5103/2/9772 5085/3/9772
f 3816/1/9773 5121/2/9773 3813/3/9773
f 5122/1/9774 5125/2/9774 5133/3/9774
f 5128/1/9775 5117/2/9775 5119/3/9775
f 5114/1/9776 5112/2/9776 5105/3/9776
f 5153/1/9777 4960/2/9777 4956/3/9777
f 5084/1/9778 5120/2/9778 5098/3/9778
f 5104/1/9779 5106/2/9779 5120/3/9779
f 5130/1/9780 5094/2/9780 5110/3/9780
f 3816/1/9781 5127/2/9781 5121/3/9781
f 5114/1/9782 5124/2/9782 5112/3/9782
f 5129/1/9783 5126/2/9783 5123/3/9783
f 5127/1/9784 5134/2/9784 5131/3/9784
f 3816/1/9785 5134/2/9785 5127/3/9785
f 3818/1/9786 5134/2/9786 3816/3/9786
f 5180/1/9787 4968/2/9787 4960/3/9787
f 5125/1/9788 5136/2/9788 5133/3/9788
f 5138/1/9789 5139/2/9789 5128/3/9789
f 5130/1/9790 5103/2/9790 5094/3/9790
f 2619/1/9791 5137/2/9791 2615/3/9791
f 5129/1/9792 5135/2/9792 5126/3/9792
f 5131/1/9793 5134/2/9793 5140/3/9793
f 5120/1/9794 5106/2/9794 5098/3/9794
f 5110/1/9795 5124/2/9795 5130/3/9795
f 5135/1/9796 5145/2/9796 5141/3/9796
f 5137/1/9797 2624/2/9797 5142/3/9797
f 5124/1/9798 5144/2/9798 5130/3/9798
f 5139/1/9799 5146/2/9799 5147/3/9799
f 3818/1/9800 5140/2/9800 5134/3/9800
f 5106/1/9801 5118/2/9801 5098/3/9801
f 5098/1/9802 5118/2/9802 5111/3/9802
f 5140/1/9803 5148/2/9803 5149/3/9803
f 5152/1/9804 4967/2/9804 4968/3/9804
f 5141/1/9805 5145/2/9805 5150/3/9805
f 2624/1/9806 5151/2/9806 5142/3/9806
f 3820/1/9807 5140/2/9807 3818/3/9807
f 5114/1/9808 5144/2/9808 5124/3/9808
f 5126/1/9809 5144/2/9809 5114/3/9809
f 3820/1/9810 5148/2/9810 5140/3/9810
f 5147/1/9811 5146/2/9811 5152/3/9811
f 5103/1/9812 5119/2/9812 5109/3/9812
f 5155/1/9813 4967/2/9813 5152/3/9813
f 5156/1/9814 5150/2/9814 5145/3/9814
f 5130/1/9815 5119/2/9815 5103/3/9815
f 5157/1/9816 5152/2/9816 5146/3/9816
f 4967/1/9817 5155/2/9817 4983/3/9817
f 5158/1/9818 5119/2/9818 5130/3/9818
f 5148/1/9819 5159/2/9819 5149/3/9819
f 3820/1/9820 5159/2/9820 5148/3/9820
f 3822/1/9821 5159/2/9821 3820/3/9821
f 5152/1/9822 5157/2/9822 5160/3/9822
f 5162/1/9823 5161/2/9823 5156/3/9823
f 5156/1/9824 5161/2/9824 5150/3/9824
f 5160/1/9825 4983/2/9825 5155/3/9825
f 5118/1/9826 5127/2/9826 5111/3/9826
f 3822/1/9827 5163/2/9827 5159/3/9827
f 5164/1/9828 5160/2/9828 5157/3/9828
f 3824/1/9829 5163/2/9829 3822/3/9829
f 5167/1/9830 4984/2/9830 5160/3/9830
f 5160/1/9831 4984/2/9831 4983/3/9831
f 5144/1/9832 5166/2/9832 5130/3/9832
f 5163/1/9833 3824/2/9833 5169/3/9833
f 5168/1/9834 5160/2/9834 5164/3/9834
f 5162/1/9835 5165/2/9835 5161/3/9835
f 5111/1/9836 5131/2/9836 5113/3/9836
f 5169/1/9837 3824/2/9837 3825/3/9837
f 5172/1/9838 5165/2/9838 5162/3/9838
f 5174/1/9839 4984/2/9839 5167/3/9839
f 5167/1/9840 5168/2/9840 5170/3/9840
f 5160/1/9841 5168/2/9841 5167/3/9841
f 5171/1/9842 5165/2/9842 5172/3/9842
f 5117/1/9843 5128/2/9843 5125/3/9843
f 5173/1/9844 4990/2/9844 5174/3/9844
f 5174/1/9845 4990/2/9845 4984/3/9845
f 5135/1/9846 5166/2/9846 5126/3/9846
f 5126/1/9847 5166/2/9847 5144/3/9847
f 3812/1/9848 5175/2/9848 5254/3/9848
f 3810/1/9849 5175/2/9849 3812/3/9849
f 4641/1/9850 5177/2/9850 5176/3/9850
f 5003/1/9851 5177/2/9851 4641/3/9851
f 5127/1/9852 5131/2/9852 5111/3/9852
f 5176/1/9853 5177/2/9853 5179/3/9853
f 5130/1/9854 5166/2/9854 5158/3/9854
f 5153/1/9855 5133/2/9855 5180/3/9855
f 5179/1/9856 3806/2/9856 5181/3/9856
f 5181/1/9857 3806/2/9857 3804/3/9857
f 5113/1/9858 5131/2/9858 5123/3/9858
f 5182/1/9859 5183/2/9859 2445/3/9859
f 5184/1/9860 5183/2/9860 5182/3/9860
f 3802/1/9861 5184/2/9861 5257/3/9861
f 3802/1/9862 3800/2/9862 5184/3/9862
f 3800/1/9863 5183/2/9863 5184/3/9863
f 5185/1/9864 5128/2/9864 5158/3/9864
f 5158/1/9865 5128/2/9865 5119/3/9865
f 5142/1/9866 5188/2/9866 5258/3/9866
f 5187/1/9867 5188/2/9867 5142/3/9867
f 5258/1/9868 5188/2/9868 5186/3/9868
f 5141/1/9869 5166/2/9869 5135/3/9869
f 5131/1/9870 5129/2/9870 5123/3/9870
f 5186/1/9871 4863/2/9871 4871/3/9871
f 2629/1/9872 5154/2/9872 2624/3/9872
f 2790/1/9873 5154/2/9873 2629/3/9873
f 5190/1/9874 5188/2/9874 5189/3/9874
f 5151/1/9875 5191/2/9875 5189/3/9875
f 5186/1/9876 5190/2/9876 4863/3/9876
f 5188/1/9877 5190/2/9877 5186/3/9877
f 5131/1/9878 5140/2/9878 5129/3/9878
f 5141/1/9879 5185/2/9879 5166/3/9879
f 5166/1/9880 5185/2/9880 5158/3/9880
f 5191/1/9881 5154/2/9881 5192/3/9881
f 4863/1/9882 5190/2/9882 5195/3/9882
f 5185/1/9883 5138/2/9883 5128/3/9883
f 5192/1/9884 5193/2/9884 5191/3/9884
f 5191/1/9885 5193/2/9885 5189/3/9885
f 5197/1/9886 5138/2/9886 5185/3/9886
f 4863/1/9887 5195/2/9887 5196/3/9887
f 5199/1/9888 5198/2/9888 5192/3/9888
f 5180/1/9889 5147/2/9889 4968/3/9889
f 5192/1/9890 5194/2/9890 5193/3/9890
f 5192/1/9891 5198/2/9891 5194/3/9891
f 5194/1/9892 5198/2/9892 5207/3/9892
f 5196/1/9893 5195/2/9893 5204/3/9893
f 5204/1/9894 5195/2/9894 5209/3/9894
f 5200/1/9895 5194/2/9895 5202/3/9895
f 5199/1/9896 5207/2/9896 5198/3/9896
f 5206/1/9897 5207/2/9897 5199/3/9897
f 5221/1/9898 5206/2/9898 5208/3/9898
f 5208/1/9899 5206/2/9899 5205/3/9899
f 5150/1/9900 5185/2/9900 5141/3/9900
f 5129/1/9901 5149/2/9901 5135/3/9901
f 5196/1/9902 5204/2/9902 4874/3/9902
f 5140/1/9903 5149/2/9903 5129/3/9903
f 5206/1/9904 5213/2/9904 5214/3/9904
f 5210/1/9905 5216/2/9905 5203/3/9905
f 5138/1/9906 5215/2/9906 5139/3/9906
f 4874/1/9907 5217/2/9907 4886/3/9907
f 5219/1/9908 5220/2/9908 5218/3/9908
f 5218/1/9909 5220/2/9909 5221/3/9909
f 5197/1/9910 5215/2/9910 5138/3/9910
f 5019/1/9911 5221/2/9911 5220/3/9911
f 5035/1/9912 5060/2/9912 5038/3/9912
f 5213/1/9913 5221/2/9913 5019/3/9913
f 5185/1/9914 5222/2/9914 5197/3/9914
f 5223/1/9915 5215/2/9915 5197/3/9915
f 5019/1/9916 5224/2/9916 5213/3/9916
f 5135/1/9917 5149/2/9917 5145/3/9917
f 5021/1/9918 5210/2/9918 5261/3/9918
f 5225/1/9919 5226/2/9919 5042/3/9919
f 5147/1/9920 5152/2/9920 4968/3/9920
f 5220/1/9921 5030/2/9921 5019/3/9921
f 5225/1/9922 5030/2/9922 5220/3/9922
f 5017/1/9923 5018/2/9923 5216/3/9923
f 5150/1/9924 5222/2/9924 5185/3/9924
f 5215/1/9925 5227/2/9925 5146/3/9925
f 5042/1/9926 5027/2/9926 5225/3/9926
f 5223/1/9927 5227/2/9927 5215/3/9927
f 5225/1/9928 5027/2/9928 5030/3/9928
f 5197/1/9929 5222/2/9929 5223/3/9929
f 5149/1/9930 5159/2/9930 5145/3/9930
f 5030/1/9931 5022/2/9931 5019/3/9931
f 2730/1/9932 5054/2/9932 2519/3/9932
f 5017/1/9933 5043/2/9933 5018/3/9933
f 5021/1/9934 5040/2/9934 5017/3/9934
f 5060/1/9935 5077/2/9935 5058/3/9935
f 5041/1/9936 5027/2/9936 5042/3/9936
f 5030/1/9937 5027/2/9937 5045/3/9937
f 4896/1/9938 5025/2/9938 5052/3/9938
f 5054/1/9939 5077/2/9939 5060/3/9939
f 3794/1/9940 5054/2/9940 2730/3/9940
f 5150/1/9941 5223/2/9941 5222/3/9941
f 5161/1/9942 5223/2/9942 5150/3/9942
f 3799/1/9943 5054/2/9943 3794/3/9943
f 5048/1/9944 5036/2/9944 5043/3/9944
f 5052/1/9945 5025/2/9945 5026/3/9945
f 5228/1/9946 5227/2/9946 5223/3/9946
f 5145/1/9947 5159/2/9947 5156/3/9947
f 5146/1/9948 5227/2/9948 5157/3/9948
f 5017/1/9949 5069/2/9949 5048/3/9949
f 4905/1/9950 5052/2/9950 4914/3/9950
f 5048/1/9951 5049/2/9951 5036/3/9951
f 5079/1/9952 5069/2/9952 5059/3/9952
f 5079/1/9953 5048/2/9953 5069/3/9953
f 5070/1/9954 5052/2/9954 5049/3/9954
f 5070/1/9955 4914/2/9955 5052/3/9955
f 5048/1/9956 5074/2/9956 5049/3/9956
f 5072/1/9957 5066/2/9957 5081/3/9957
f 5070/1/9958 4919/2/9958 4914/3/9958
f 5083/1/9959 4919/2/9959 5070/3/9959
f 5074/1/9960 5068/2/9960 5049/3/9960
f 5227/1/9961 5230/2/9961 5157/3/9961
f 5090/1/9962 5048/2/9962 5079/3/9962
f 5048/1/9963 5090/2/9963 5074/3/9963
f 5161/1/9964 5229/2/9964 5223/3/9964
f 5074/1/9965 5082/2/9965 5068/3/9965
f 5228/1/9966 5230/2/9966 5227/3/9966
f 5152/1/9967 5160/2/9967 5155/3/9967
f 5074/1/9968 5090/2/9968 5082/3/9968
f 5083/1/9969 5091/2/9969 4924/3/9969
f 5159/1/9970 5163/2/9970 5156/3/9970
f 5223/1/9971 5229/2/9971 5228/3/9971
f 5091/1/9972 4940/2/9972 4924/3/9972
f 5091/1/9973 5089/2/9973 4940/3/9973
f 5165/1/9974 5229/2/9974 5161/3/9974
f 5107/1/9975 5102/2/9975 5100/3/9975
f 5089/1/9976 5132/2/9976 4939/3/9976
f 5089/1/9977 5102/2/9977 5132/3/9977
f 5109/1/9978 5100/2/9978 5103/3/9978
f 5132/1/9979 5102/2/9979 5116/3/9979
f 5116/1/9980 5102/2/9980 5107/3/9980
f 5132/1/9981 5143/2/9981 4936/3/9981
f 5109/1/9982 5107/2/9982 5100/3/9982
f 5156/1/9983 5169/2/9983 5162/3/9983
f 5165/1/9984 5228/2/9984 5229/3/9984
f 5132/1/9985 5116/2/9985 5143/3/9985
f 5156/1/9986 5163/2/9986 5169/3/9986
f 5143/1/9987 5116/2/9987 5122/3/9987
f 5143/1/9988 5153/2/9988 4956/3/9988
f 5231/1/9989 5230/2/9989 5228/3/9989
f 5116/1/9990 5107/2/9990 5117/3/9990
f 5117/1/9991 5107/2/9991 5109/3/9991
f 5143/1/9992 5122/2/9992 5153/3/9992
f 5153/1/9993 5122/2/9993 5133/3/9993
f 5230/1/9994 5164/2/9994 5157/3/9994
f 5139/1/9995 5125/2/9995 5128/3/9995
f 5153/1/9996 5180/2/9996 4960/3/9996
f 5180/1/9997 5133/2/9997 5136/3/9997
f 5125/1/9998 5139/2/9998 5136/3/9998
f 5180/1/9999 5136/2/9999 5147/3/9999
f 5147/1/10000 5136/2/10000 5139/3/10000
f 5215/1/10001 5146/2/10001 5139/3/10001
f 5257/1/10002 5184/2/10002 5182/3/10002
f 5187/1/10003 5151/2/10003 5189/3/10003
f 5231/1/10004 5164/2/10004 5230/3/10004
f 5200/1/10005 5201/2/10005 5193/3/10005
f 5195/1/10006 5190/2/10006 5201/3/10006
f 5203/1/10007 5201/2/10007 5200/3/10007
f 5165/1/10008 5231/2/10008 5228/3/10008
f 5194/1/10009 5207/2/10009 5202/3/10009
f 5202/1/10010 5207/2/10010 5211/3/10010
f 5209/1/10011 5212/2/10011 5204/3/10011
f 5216/1/10012 5212/2/10012 5209/3/10012
f 5232/1/10013 5164/2/10013 5231/3/10013
f 5202/1/10014 5211/2/10014 5210/3/10014
f 5018/1/10015 5043/2/10015 5025/3/10015
f 5021/1/10016 5033/2/10016 5040/3/10016
f 5017/1/10017 5040/2/10017 5069/3/10017
f 5171/1/10018 5231/2/10018 5165/3/10018
f 5055/1/10019 5046/2/10019 5057/3/10019
f 3806/1/10020 5178/2/10020 3810/3/10020
f 5045/1/10021 5046/2/10021 5055/3/10021
f 5178/1/10022 3806/2/10022 5179/3/10022
f 5232/1/10023 5168/2/10023 5164/3/10023
f 3823/1/10024 5169/2/10024 3825/3/10024
f 5171/1/10025 5232/2/10025 5231/3/10025
f 5169/1/10026 5172/2/10026 5162/3/10026
f 3823/1/10027 5172/2/10027 5169/3/10027
f 5232/1/10028 5233/2/10028 5168/3/10028
f 5168/1/10029 5233/2/10029 5170/3/10029
f 5234/1/10030 5174/2/10030 5170/3/10030
f 5170/1/10031 5174/2/10031 5167/3/10031
f 5171/1/10032 5235/2/10032 5232/3/10032
f 5172/1/10033 5236/2/10033 5171/3/10033
f 3821/1/10034 5172/2/10034 3823/3/10034
f 5232/1/10035 5235/2/10035 5233/3/10035
f 5170/1/10036 5233/2/10036 5234/3/10036
f 5171/1/10037 5236/2/10037 5235/3/10037
f 4990/1/10038 5173/2/10038 4543/3/10038
f 3821/1/10039 5236/2/10039 5172/3/10039
f 5237/1/10040 5173/2/10040 5234/3/10040
f 5234/1/10041 5173/2/10041 5174/3/10041
f 5173/1/10042 5238/2/10042 4543/3/10042
f 5239/1/10043 5234/2/10043 5233/3/10043
f 5235/1/10044 5239/2/10044 5233/3/10044
f 5236/1/10045 5240/2/10045 5235/3/10045
f 3821/1/10046 5240/2/10046 5236/3/10046
f 3819/1/10047 5240/2/10047 3821/3/10047
f 5237/1/10048 5238/2/10048 5173/3/10048
f 5237/1/10049 5234/2/10049 5239/3/10049
f 5238/1/10050 4628/2/10050 4543/3/10050
f 5240/1/10051 5241/2/10051 5235/3/10051
f 5235/1/10052 5241/2/10052 5239/3/10052
f 5243/1/10053 5238/2/10053 5237/3/10053
f 5239/1/10054 5242/2/10054 5237/3/10054
f 5238/1/10055 5244/2/10055 4628/3/10055
f 5239/1/10056 5241/2/10056 5242/3/10056
f 3819/1/10057 5241/2/10057 5240/3/10057
f 5243/1/10058 5244/2/10058 5238/3/10058
f 4628/1/10059 5244/2/10059 4627/3/10059
f 5245/1/10060 5243/2/10060 5237/3/10060
f 3817/1/10061 5241/2/10061 3819/3/10061
f 5241/1/10062 5246/2/10062 5242/3/10062
f 5237/1/10063 5242/2/10063 5245/3/10063
f 5245/1/10064 5244/2/10064 5243/3/10064
f 3817/1/10065 5246/2/10065 5241/3/10065
f 5247/1/10066 4627/2/10066 5245/3/10066
f 5245/1/10067 4627/2/10067 5244/3/10067
f 5247/1/10068 5245/2/10068 5248/3/10068
f 5242/1/10069 5246/2/10069 5245/3/10069
f 5247/1/10070 4631/2/10070 4627/3/10070
f 5246/1/10071 5249/2/10071 5245/3/10071
f 5248/1/10072 5250/2/10072 5247/3/10072
f 3815/1/10073 5246/2/10073 3817/3/10073
f 5251/1/10074 4631/2/10074 5247/3/10074
f 5245/1/10075 5249/2/10075 5248/3/10075
f 3815/1/10076 5249/2/10076 5246/3/10076
f 5247/1/10077 5250/2/10077 5251/3/10077
f 5249/1/10078 5252/2/10078 5248/3/10078
f 4542/1/10079 5251/2/10079 5000/3/10079
f 4631/1/10080 5251/2/10080 4542/3/10080
f 3815/1/10081 5252/2/10081 5249/3/10081
f 5248/1/10082 5252/2/10082 5250/3/10082
f 5250/1/10083 5253/2/10083 5251/3/10083
f 3814/1/10084 5252/2/10084 3815/3/10084
f 5251/1/10085 5253/2/10085 5000/3/10085
f 5250/1/10086 5254/2/10086 5253/3/10086
f 5252/1/10087 5254/2/10087 5250/3/10087
f 5253/1/10088 5001/2/10088 5000/3/10088
f 3814/1/10089 5254/2/10089 5252/3/10089
f 5253/1/10090 5003/2/10090 5001/3/10090
f 5254/1/10091 5175/2/10091 5253/3/10091
f 3812/1/10092 5254/2/10092 3814/3/10092
f 5253/1/10093 5255/2/10093 5003/3/10093
f 5177/1/10094 5003/2/10094 5255/3/10094
f 5175/1/10095 5255/2/10095 5253/3/10095
f 5175/1/10096 5178/2/10096 5255/3/10096
f 3810/1/10097 5178/2/10097 5175/3/10097
f 4641/1/10098 5176/2/10098 4644/3/10098
f 5255/1/10099 5178/2/10099 5177/3/10099
f 5177/1/10100 5178/2/10100 5179/3/10100
f 3804/1/10101 5256/2/10101 5181/3/10101
f 5179/1/10102 5181/2/10102 5176/3/10102
f 5176/1/10103 5181/2/10103 4644/3/10103
f 3802/1/10104 5256/2/10104 3804/3/10104
f 3802/1/10105 5257/2/10105 5256/3/10105
f 5181/1/10106 5256/2/10106 4644/3/10106
f 4644/1/10107 5256/2/10107 4647/3/10107
f 2445/1/10108 5183/2/10108 2448/3/10108
f 5256/1/10109 5257/2/10109 4647/3/10109
f 4647/1/10110 5257/2/10110 5182/3/10110
f 2448/1/10111 5183/2/10111 3797/3/10111
f 2615/1/10112 5258/2/10112 5010/3/10112
f 5142/1/10113 5258/2/10113 5137/3/10113
f 5137/1/10114 5258/2/10114 2615/3/10114
f 5010/1/10115 5258/2/10115 4871/3/10115
f 5187/1/10116 5142/2/10116 5151/3/10116
f 3797/1/10117 5183/2/10117 3800/3/10117
f 5258/1/10118 5186/2/10118 4871/3/10118
f 2448/1/10119 3795/2/10119 2447/3/10119
f 3797/1/10120 3795/2/10120 2448/3/10120
f 2615/1/10121 5010/2/10121 2614/3/10121
f 5188/1/10122 5187/2/10122 5189/3/10122
f 5192/1/10123 5154/2/10123 2790/3/10123
f 5201/1/10124 5190/2/10124 5189/3/10124
f 5193/1/10125 5201/2/10125 5189/3/10125
f 2624/1/10126 5154/2/10126 5151/3/10126
f 5151/1/10127 5154/2/10127 5191/3/10127
f 2790/1/10128 5205/2/10128 5192/3/10128
f 2791/1/10129 5205/2/10129 2790/3/10129
f 5192/1/10130 5205/2/10130 5199/3/10130
f 5209/1/10131 5195/2/10131 5201/3/10131
f 5194/1/10132 5200/2/10132 5193/3/10132
f 2706/1/10133 5205/2/10133 2791/3/10133
f 5203/1/10134 5209/2/10134 5201/3/10134
f 2708/1/10135 5208/2/10135 2706/3/10135
f 2706/1/10136 5208/2/10136 5205/3/10136
f 5205/1/10137 5206/2/10137 5199/3/10137
f 5200/1/10138 5202/2/10138 5203/3/10138
f 5214/1/10139 5207/2/10139 5206/3/10139
f 5216/1/10140 5209/2/10140 5203/3/10140
f 2722/1/10141 5219/2/10141 5208/3/10141
f 5208/1/10142 5219/2/10142 5218/3/10142
f 5214/1/10143 5259/2/10143 5207/3/10143
f 5202/1/10144 5210/2/10144 5203/3/10144
f 5211/1/10145 5207/2/10145 5259/3/10145
f 5208/1/10146 5218/2/10146 5221/3/10146
f 5221/1/10147 5213/2/10147 5206/3/10147
f 5204/1/10148 5217/2/10148 4874/3/10148
f 2722/1/10149 5226/2/10149 5219/3/10149
f 2792/1/10150 5226/2/10150 2722/3/10150
f 5259/1/10151 5261/2/10151 5211/3/10151
f 5213/1/10152 5260/2/10152 5214/3/10152
f 5217/1/10153 5212/2/10153 5018/3/10153
f 5204/1/10154 5212/2/10154 5217/3/10154
f 5216/1/10155 5018/2/10155 5212/3/10155
f 5210/1/10156 5021/2/10156 5216/3/10156
f 5214/1/10157 5260/2/10157 5259/3/10157
f 5210/1/10158 5211/2/10158 5261/3/10158
f 5226/1/10159 5225/2/10159 5219/3/10159
f 5219/1/10160 5225/2/10160 5220/3/10160
f 5213/1/10161 5224/2/10161 5260/3/10161
f 5018/1/10162 5024/2/10162 5217/3/10162
f 2484/1/10163 5023/2/10163 2792/3/10163
f 5023/1/10164 5226/2/10164 2792/3/10164
f 5019/1/10165 5029/2/10165 5224/3/10165
f 5021/1/10166 5261/2/10166 5033/3/10166
f 5260/1/10167 5262/2/10167 5259/3/10167
f 5259/1/10168 5262/2/10168 5261/3/10168
f 5224/1/10169 5263/2/10169 5260/3/10169
f 5261/1/10170 5034/2/10170 5033/3/10170
f 5260/1/10171 5263/2/10171 5262/3/10171
f 5029/1/10172 5263/2/10172 5224/3/10172
f 5042/1/10173 5226/2/10173 5023/3/10173
f 5025/1/10174 5024/2/10174 5018/3/10174
f 4886/1/10175 5024/2/10175 4896/3/10175
f 5021/1/10176 5017/2/10176 5216/3/10176
f 5019/1/10177 5022/2/10177 5029/3/10177
f 5217/1/10178 5024/2/10178 4886/3/10178
f 5261/1/10179 5031/2/10179 5034/3/10179
f 5020/1/10180 2499/2/10180 5038/3/10180
f 5032/1/10181 5031/2/10181 5262/3/10181
f 5262/1/10182 5031/2/10182 5261/3/10182
f 5023/1/10183 5020/2/10183 5042/3/10183
f 5041/1/10184 5020/2/10184 5050/3/10184
f 2499/1/10185 5020/2/10185 2484/3/10185
f 2484/1/10186 5020/2/10186 5023/3/10186
f 5028/1/10187 5029/2/10187 5022/3/10187
f 5266/1/10188 5293/2/10188 5284/3/10188
f 5266/1/10189 5284/2/10189 5283/3/10189
f 5268/1/10190 5269/2/10190 5351/3/10190
f 3885/1/10191 5291/2/10191 5373/3/10191
f 5273/1/10192 5274/2/10192 5412/3/10192
f 5275/1/10193 5280/2/10193 5276/3/10193
f 5275/1/10194 5284/2/10194 5280/3/10194
f 5282/1/10195 4525/2/10195 5285/3/10195
f 5284/1/10196 5275/2/10196 5283/3/10196
f 5288/1/10197 5271/2/10197 5416/3/10197
f 5289/1/10198 4529/2/10198 5292/3/10198
f 5279/1/10199 5296/2/10199 5417/3/10199
f 5284/1/10200 5294/2/10200 5280/3/10200
f 3884/1/10201 3905/2/10201 5291/3/10201
f 5271/1/10202 3915/2/10202 5272/3/10202
f 5298/1/10203 5281/2/10203 5414/3/10203
f 5298/1/10204 5414/2/10204 5286/3/10204
f 5297/1/10205 3885/2/10205 5373/3/10205
f 5265/1/10206 5282/2/10206 5285/3/10206
f 5300/1/10207 5412/2/10207 5278/3/10207
f 5300/1/10208 5273/2/10208 5412/3/10208
f 5310/1/10209 5277/2/10209 5301/3/10209
f 5310/1/10210 5301/2/10210 5410/3/10210
f 5383/1/10211 5295/2/10211 5305/3/10211
f 5383/1/10212 5405/2/10212 5295/3/10212
f 5299/1/10213 5279/2/10213 5267/3/10213
f 3918/1/10214 5287/2/10214 5296/3/10214
f 3918/1/10215 5288/2/10215 5287/3/10215
f 5303/1/10216 5266/2/10216 5283/3/10216
f 5265/1/10217 5285/2/10217 2469/3/10217
f 5306/1/10218 5310/2/10218 5410/3/10218
f 5298/1/10219 5286/2/10219 5274/3/10219
f 5307/1/10220 5296/2/10220 5279/3/10220
f 3885/1/10221 3884/2/10221 5291/3/10221
f 5308/1/10222 5264/2/10222 5281/3/10222
f 5309/1/10223 5299/2/10223 5267/3/10223
f 5310/1/10224 5278/2/10224 5277/3/10224
f 5310/1/10225 5300/2/10225 5278/3/10225
f 5311/1/10226 5297/2/10226 5290/3/10226
f 5273/1/10227 5298/2/10227 5274/3/10227
f 5299/1/10228 5307/2/10228 5279/3/10228
f 3872/1/10229 5296/2/10229 5307/3/10229
f 5289/1/10230 5265/2/10230 2469/3/10230
f 5382/1/10231 5305/2/10231 5304/3/10231
f 5313/1/10232 5306/2/10232 5410/3/10232
f 5313/1/10233 5410/2/10233 2170/3/10233
f 5309/1/10234 5267/2/10234 5264/3/10234
f 5314/1/10235 5302/2/10235 5374/3/10235
f 5298/1/10236 5308/2/10236 5281/3/10236
f 5313/1/10237 2170/2/10237 2224/3/10237
f 3888/1/10238 3885/2/10238 5297/3/10238
f 3872/1/10239 3918/2/10239 5296/3/10239
f 5289/1/10240 2469/2/10240 2468/3/10240
f 3891/1/10241 5290/2/10241 5293/3/10241
f 3891/1/10242 5311/2/10242 5290/3/10242
f 5308/1/10243 5309/2/10243 5264/3/10243
f 5316/1/10244 5307/2/10244 5299/3/10244
f 3888/1/10245 5297/2/10245 5311/3/10245
f 4529/1/10246 5289/2/10246 2468/3/10246
f 5315/1/10247 5293/2/10247 5266/3/10247
f 5316/1/10248 5299/2/10248 5309/3/10248
f 5320/1/10249 5402/2/10249 5282/3/10249
f 5321/1/10250 5303/2/10250 5312/3/10250
f 5321/1/10251 5266/2/10251 5303/3/10251
f 5317/1/10252 5298/2/10252 5273/3/10252
f 5322/1/10253 5382/2/10253 5304/3/10253
f 5323/1/10254 5314/2/10254 5420/3/10254
f 5318/1/10255 5300/2/10255 5310/3/10255
f 5324/1/10256 5310/2/10256 5306/3/10256
f 5324/1/10257 5319/2/10257 5310/3/10257
f 3878/1/10258 5316/2/10258 5309/3/10258
f 5325/1/10259 5308/2/10259 5298/3/10259
f 5326/1/10260 5321/2/10260 5312/3/10260
f 5326/1/10261 5312/2/10261 5302/3/10261
f 5327/1/10262 5317/2/10262 5273/3/10262
f 5328/1/10263 5309/2/10263 5308/3/10263
f 5329/1/10264 5320/2/10264 5282/3/10264
f 5327/1/10265 5273/2/10265 5300/3/10265
f 5315/1/10266 3891/2/10266 5293/3/10266
f 5330/1/10267 5322/2/10267 5304/3/10267
f 5330/1/10268 5304/2/10268 5403/3/10268
f 5337/1/10269 5324/2/10269 5306/3/10269
f 5337/1/10270 5306/2/10270 5313/3/10270
f 5328/1/10271 3878/2/10271 5309/3/10271
f 5331/1/10272 5327/2/10272 5300/3/10272
f 5317/1/10273 5325/2/10273 5298/3/10273
f 5332/1/10274 5326/2/10274 5302/3/10274
f 5337/1/10275 2224/2/10275 2249/3/10275
f 5337/1/10276 5313/2/10276 2224/3/10276
f 5333/1/10277 4529/2/10277 4530/3/10277
f 5331/1/10278 5300/2/10278 5318/3/10278
f 5329/1/10279 5282/2/10279 5265/3/10279
f 3924/1/10280 5328/2/10280 5308/3/10280
f 5334/1/10281 5323/2/10281 5405/3/10281
f 5335/1/10282 5331/2/10282 5318/3/10282
f 5332/1/10283 5302/2/10283 5314/3/10283
f 5325/1/10284 3924/2/10284 5308/3/10284
f 5329/1/10285 5265/2/10285 5289/3/10285
f 5320/1/10286 5330/2/10286 5403/3/10286
f 5336/1/10287 5318/2/10287 5319/3/10287
f 5336/1/10288 5335/2/10288 5318/3/10288
f 3920/1/10289 5315/2/10289 5266/3/10289
f 5338/1/10290 5324/2/10290 5337/3/10290
f 5338/1/10291 2249/2/10291 2264/3/10291
f 5338/1/10292 5337/2/10292 2249/3/10292
f 3920/1/10293 3891/2/10293 5315/3/10293
f 3882/1/10294 5325/2/10294 5317/3/10294
f 5336/1/10295 5319/2/10295 5324/3/10295
f 3926/1/10296 3924/2/10296 5325/3/10296
f 5338/1/10297 5336/2/10297 5324/3/10297
f 5339/1/10298 4530/2/10298 2462/3/10298
f 5339/1/10299 5333/2/10299 4530/3/10299
f 3922/1/10300 3920/2/10300 5266/3/10300
f 3892/1/10301 5317/2/10301 5327/3/10301
f 3892/1/10302 3882/2/10302 5317/3/10302
f 3882/1/10303 3926/2/10303 5325/3/10303
f 5343/1/10304 5899/2/10304 4510/3/10304
f 3894/1/10305 3892/2/10305 5327/3/10305
f 3894/1/10306 5327/2/10306 5331/3/10306
f 5335/1/10307 5340/2/10307 5331/3/10307
f 3894/1/10308 5331/2/10308 5340/3/10308
f 5342/1/10309 5343/2/10309 2436/3/10309
f 5339/1/10310 2462/2/10310 4531/3/10310
f 5344/1/10311 5266/2/10311 5321/3/10311
f 5345/1/10312 2436/2/10312 4511/3/10312
f 5344/1/10313 3922/2/10313 5266/3/10313
f 5344/1/10314 5321/2/10314 5346/3/10314
f 5345/1/10315 5342/2/10315 2436/3/10315
f 5336/1/10316 5340/2/10316 5335/3/10316
f 5347/1/10317 5338/2/10317 2264/3/10317
f 5345/1/10318 4511/2/10318 4513/3/10318
f 3896/1/10319 3894/2/10319 5340/3/10319
f 5347/1/10320 5336/2/10320 5338/3/10320
f 5348/1/10321 5340/2/10321 5336/3/10321
f 5349/1/10322 5899/2/10322 5343/3/10322
f 5349/1/10323 5350/2/10323 5899/3/10323
f 5348/1/10324 5336/2/10324 5347/3/10324
f 3870/1/10325 3896/2/10325 5340/3/10325
f 5347/1/10326 2264/2/10326 2280/3/10326
f 5351/1/10327 5345/2/10327 4513/3/10327
f 5348/1/10328 3870/2/10328 5340/3/10328
f 5351/1/10329 4513/2/10329 2429/3/10329
f 5352/1/10330 5332/2/10330 5314/3/10330
f 5347/1/10331 2280/2/10331 2294/3/10331
f 5353/1/10332 5349/2/10332 5343/3/10332
f 3875/1/10333 5348/2/10333 5347/3/10333
f 5353/1/10334 5343/2/10334 5342/3/10334
f 2294/1/10335 3875/2/10335 5347/3/10335
f 5343/1/10336 4510/2/10336 2436/3/10336
f 5354/1/10337 5351/2/10337 2429/3/10337
f 5351/1/10338 5269/2/10338 5345/3/10338
f 5354/1/10339 2429/2/10339 2426/3/10339
f 5355/1/10340 5339/2/10340 4531/3/10340
f 5355/1/10341 4531/2/10341 4532/3/10341
f 5387/1/10342 5323/2/10342 5334/3/10342
f 5269/1/10343 5356/2/10343 5345/3/10343
f 5354/1/10344 5270/2/10344 5268/3/10344
f 5357/1/10345 5292/2/10345 4529/3/10345
f 5357/1/10346 4529/2/10346 5333/3/10346
f 5322/1/10347 5341/2/10347 5382/3/10347
f 5358/1/10348 5270/2/10348 5354/3/10348
f 5352/1/10349 5314/2/10349 5323/3/10349
f 5356/1/10350 5353/2/10350 5342/3/10350
f 5359/1/10351 5361/2/10351 5360/3/10351
f 5356/1/10352 5342/2/10352 5345/3/10352
f 5364/1/10353 5361/2/10353 5359/3/10353
f 5364/1/10354 5368/2/10354 5361/3/10354
f 5362/1/10355 5365/2/10355 5400/3/10355
f 5366/1/10356 5329/2/10356 5289/3/10356
f 5367/1/10357 5361/2/10357 5368/3/10357
f 5358/1/10358 2426/2/10358 4516/3/10358
f 5358/1/10359 5354/2/10359 2426/3/10359
f 5371/1/10360 5370/2/10360 4523/3/10360
f 5294/1/10361 5373/2/10361 5372/3/10361
f 5367/1/10362 5368/2/10362 5374/3/10362
f 5375/1/10363 5357/2/10363 5333/3/10363
f 5369/1/10364 5400/2/10364 5291/3/10364
f 5376/1/10365 5377/2/10365 5371/3/10365
f 5380/1/10366 5367/2/10366 5374/3/10366
f 5380/1/10367 5401/2/10367 5367/3/10367
f 5376/1/10368 5371/2/10368 5413/3/10368
f 5413/1/10369 5304/2/10369 5376/3/10369
f 5305/1/10370 5377/2/10370 5376/3/10370
f 5379/1/10371 4532/2/10371 4534/3/10371
f 5349/1/10372 5363/2/10372 5350/3/10372
f 5379/1/10373 5355/2/10373 4532/3/10373
f 5380/1/10374 5302/2/10374 5312/3/10374
f 5305/1/10375 5382/2/10375 5383/3/10375
f 5381/1/10376 5289/2/10376 5292/3/10376
f 5381/1/10377 5366/2/10377 5289/3/10377
f 5411/1/10378 5358/2/10378 4516/3/10378
f 5411/1/10379 4516/2/10379 5360/3/10379
f 5383/1/10380 5341/2/10380 5334/3/10380
f 5334/1/10381 5384/2/10381 5387/3/10381
f 5361/1/10382 5411/2/10382 5360/3/10382
f 5384/1/10383 5388/2/10383 5387/3/10383
f 5388/1/10384 5384/2/10384 3906/3/10384
f 5301/1/10385 5277/2/10385 5390/3/10385
f 5391/1/10386 5356/2/10386 5269/3/10386
f 5351/1/10387 5354/2/10387 5268/3/10387
f 5392/1/10388 5375/2/10388 5333/3/10388
f 5392/1/10389 5333/2/10389 5339/3/10389
f 5362/1/10390 5363/2/10390 5349/3/10390
f 5393/1/10391 5385/2/10391 5320/3/10391
f 5393/1/10392 5320/2/10392 5329/3/10392
f 5395/1/10393 5384/2/10393 5341/3/10393
f 3898/1/10394 5346/2/10394 5386/3/10394
f 3898/1/10395 5344/2/10395 5346/3/10395
f 5357/1/10396 5381/2/10396 5292/3/10396
f 5370/1/10397 5371/2/10397 5377/3/10397
f 5397/1/10398 4534/2/10398 4535/3/10398
f 5370/1/10399 5377/2/10399 5398/3/10399
f 5397/1/10400 5379/2/10400 4534/3/10400
f 3900/1/10401 5394/2/10401 5352/3/10401
f 5365/1/10402 5362/2/10402 5349/3/10402
f 5365/1/10403 5349/2/10403 5353/3/10403
f 5280/1/10404 5294/2/10404 5372/3/10404
f 5395/1/10405 5341/2/10405 5378/3/10405
f 5276/1/10406 5391/2/10406 5269/3/10406
f 5276/1/10407 5269/2/10407 5268/3/10407
f 3898/1/10408 5386/2/10408 5394/3/10408
f 5402/1/10409 5304/2/10409 5413/3/10409
f 5376/1/10410 5304/2/10410 5305/3/10410
f 5403/1/10411 5304/2/10411 5402/3/10411
f 5366/1/10412 5393/2/10412 5329/3/10412
f 5374/1/10413 5302/2/10413 5380/3/10413
f 3900/1/10414 3898/2/10414 5394/3/10414
f 5270/1/10415 5276/2/10415 5268/3/10415
f 5372/1/10416 5353/2/10416 5356/3/10416
f 5372/1/10417 5365/2/10417 5353/3/10417
f 5396/1/10418 2415/2/10418 4520/3/10418
f 5406/1/10419 5395/2/10419 5378/3/10419
f 5396/1/10420 5364/2/10420 2415/3/10420
f 5382/1/10421 5341/2/10421 5383/3/10421
f 5407/1/10422 4535/2/10422 2451/3/10422
f 5407/1/10423 5397/2/10423 4535/3/10423
f 5346/1/10424 5321/2/10424 5326/3/10424
f 5408/1/10425 5339/2/10425 5355/3/10425
f 5408/1/10426 5392/2/10426 5339/3/10426
f 5326/1/10427 5394/2/10427 5386/3/10427
f 5341/1/10428 5384/2/10428 5334/3/10428
f 5409/1/10429 5406/2/10429 5385/3/10429
f 5372/1/10430 5356/2/10430 5391/3/10430
f 5408/1/10431 5355/2/10431 5379/3/10431
f 5401/1/10432 5404/2/10432 5411/3/10432
f 5389/1/10433 5352/2/10433 5387/3/10433
f 5411/1/10434 5404/2/10434 5358/3/10434
f 5364/1/10435 5359/2/10435 2415/3/10435
f 5377/1/10436 5396/2/10436 4520/3/10436
f 5411/1/10437 5361/2/10437 5367/3/10437
f 5377/1/10438 4520/2/10438 5398/3/10438
f 5369/1/10439 5363/2/10439 5362/3/10439
f 5399/1/10440 5368/2/10440 5364/3/10440
f 5275/1/10441 5276/2/10441 5270/3/10441
f 5409/1/10442 5385/2/10442 5393/3/10442
f 5377/1/10443 5295/2/10443 5396/3/10443
f 3902/1/10444 3900/2/10444 5352/3/10444
f 5280/1/10445 5372/2/10445 5391/3/10445
f 5412/1/10446 5407/2/10446 2451/3/10446
f 5413/1/10447 5371/2/10447 4523/3/10447
f 5412/1/10448 2451/2/10448 4537/3/10448
f 5414/1/10449 5408/2/10449 5379/3/10449
f 5400/1/10450 5369/2/10450 5362/3/10450
f 5401/1/10451 5380/2/10451 5312/3/10451
f 5388/1/10452 5389/2/10452 5387/3/10452
f 5367/1/10453 5401/2/10453 5411/3/10453
f 5416/1/10454 5409/2/10454 5393/3/10454
f 5280/1/10455 5391/2/10455 5276/3/10455
f 5389/1/10456 3902/2/10456 5352/3/10456
f 5417/1/10457 5381/2/10457 5357/3/10457
f 5373/1/10458 5400/2/10458 5365/3/10458
f 5373/1/10459 5365/2/10459 5372/3/10459
f 5419/1/10460 5275/2/10460 5270/3/10460
f 5419/1/10461 5270/2/10461 5404/3/10461
f 5416/1/10462 5393/2/10462 5366/3/10462
f 5326/1/10463 5386/2/10463 5346/3/10463
f 5394/1/10464 5326/2/10464 5332/3/10464
f 5412/1/10465 4537/2/10465 4469/3/10465
f 5286/1/10466 5414/2/10466 5379/3/10466
f 5286/1/10467 5379/2/10467 5397/3/10467
f 5279/1/10468 5357/2/10468 5375/3/10468
f 5279/1/10469 5417/2/10469 5357/3/10469
f 5287/1/10470 5416/2/10470 5366/3/10470
f 3906/1/10471 5384/2/10471 5395/3/10471
f 5278/1/10472 5412/2/10472 4469/3/10472
f 4524/1/10473 5413/2/10473 4523/3/10473
f 5401/1/10474 5419/2/10474 5404/3/10474
f 4524/1/10475 5402/2/10475 5413/3/10475
f 5401/1/10476 5303/2/10476 5419/3/10476
f 5377/1/10477 5305/2/10477 5295/3/10477
f 5314/1/10478 5374/2/10478 5415/3/10478
f 5314/1/10479 5415/2/10479 5420/3/10479
f 5287/1/10480 5366/2/10480 5381/3/10480
f 5390/1/10481 5278/2/10481 4469/3/10481
f 3911/1/10482 3906/2/10482 5395/3/10482
f 5274/1/10483 5397/2/10483 5407/3/10483
f 5274/1/10484 5286/2/10484 5397/3/10484
f 5383/1/10485 5334/2/10485 5405/3/10485
f 5267/1/10486 5375/2/10486 5392/3/10486
f 5267/1/10487 5279/2/10487 5375/3/10487
f 4525/1/10488 5402/2/10488 4524/3/10488
f 5415/1/10489 5368/2/10489 5399/3/10489
f 5415/1/10490 5374/2/10490 5368/3/10490
f 5352/1/10491 5323/2/10491 5387/3/10491
f 5378/1/10492 5341/2/10492 5322/3/10492
f 3913/1/10493 3911/2/10493 5395/3/10493
f 3913/1/10494 5395/2/10494 5406/3/10494
f 5388/1/10495 3906/2/10495 5389/3/10495
f 5417/1/10496 5287/2/10496 5381/3/10496
f 5283/1/10497 5275/2/10497 5419/3/10497
f 5301/1/10498 5390/2/10498 2438/3/10498
f 5412/1/10499 5274/2/10499 5407/3/10499
f 5418/1/10500 5396/2/10500 5295/3/10500
f 5272/1/10501 3913/2/10501 5406/3/10501
f 5291/1/10502 5421/2/10502 5369/3/10502
f 5290/1/10503 5297/2/10503 5373/3/10503
f 5290/1/10504 5373/2/10504 5294/3/10504
f 5303/1/10505 5283/2/10505 5419/3/10505
f 5410/1/10506 5301/2/10506 2438/3/10506
f 5420/1/10507 5415/2/10507 5399/3/10507
f 5410/1/10508 2438/2/10508 2432/3/10508
f 5420/1/10509 5399/2/10509 5418/3/10509
f 5373/1/10510 5291/2/10510 5400/3/10510
f 5403/1/10511 5402/2/10511 5320/3/10511
f 5264/1/10512 5267/2/10512 5392/3/10512
f 5264/1/10513 5392/2/10513 5408/3/10513
f 5420/1/10514 5405/2/10514 5323/3/10514
f 5277/1/10515 5278/2/10515 5390/3/10515
f 5330/1/10516 5320/2/10516 5385/3/10516
f 5378/1/10517 5330/2/10517 5385/3/10517
f 5378/1/10518 5322/2/10518 5330/3/10518
f 5352/1/10519 5394/2/10519 5332/3/10519
f 5291/1/10520 3905/2/10520 5421/3/10520
f 5406/1/10521 5378/2/10521 5385/3/10521
f 5406/1/10522 5409/2/10522 5272/3/10522
f 5319/1/10523 5318/2/10523 5310/3/10523
f 5404/1/10524 5270/2/10524 5358/3/10524
f 5271/1/10525 5272/2/10525 5409/3/10525
f 5399/1/10526 5364/2/10526 5396/3/10526
f 5399/1/10527 5396/2/10527 5418/3/10527
f 5282/1/10528 5402/2/10528 4525/3/10528
f 2170/1/10529 5410/2/10529 2432/3/10529
f 2170/1/10530 2432/2/10530 2169/3/10530
f 5312/1/10531 5303/2/10531 5401/3/10531
f 5281/1/10532 5264/2/10532 5408/3/10532
f 5281/1/10533 5408/2/10533 5414/3/10533
f 5288/1/10534 5416/2/10534 5287/3/10534
f 3915/1/10535 3913/2/10535 5272/3/10535
f 5271/1/10536 5409/2/10536 5416/3/10536
f 5293/1/10537 5290/2/10537 5294/3/10537
f 5293/1/10538 5294/2/10538 5284/3/10538
f 5296/1/10539 5287/2/10539 5417/3/10539
f 5405/1/10540 5420/2/10540 5418/3/10540
f 5405/1/10541 5418/2/10541 5295/3/10541
f 5426/1/10542 6033/2/10542 5480/3/10542
f 3971/1/10543 2056/2/10543 6101/3/10543
f 3972/1/10544 6101/2/10544 2056/3/10544
f 5432/1/10545 5456/2/10545 6092/3/10545
f 5442/1/10546 5443/2/10546 6058/3/10546
f 5442/1/10547 6058/2/10547 5423/3/10547
f 5444/1/10548 5445/2/10548 5446/3/10548
f 5448/1/10549 6056/2/10549 5449/3/10549
f 5538/1/10550 5451/2/10550 5452/3/10550
f 5462/1/10551 5463/2/10551 5429/3/10551
f 5427/1/10552 967/2/10552 5428/3/10552
f 5465/1/10553 5896/2/10553 5467/3/10553
f 5425/1/10554 3972/2/10554 3973/3/10554
f 5425/1/10555 5438/2/10555 3972/3/10555
f 5422/1/10556 6103/2/10556 5437/3/10556
f 5474/1/10557 5433/2/10557 5422/3/10557
f 5475/1/10558 5476/2/10558 6042/3/10558
f 5427/1/10559 981/2/10559 967/3/10559
f 5475/1/10560 6042/2/10560 5447/3/10560
f 3973/1/10561 5437/2/10561 5425/3/10561
f 5477/1/10562 5478/2/10562 5461/3/10562
f 5483/1/10563 5542/2/10563 5544/3/10563
f 5484/1/10564 6081/2/10564 6067/3/10564
f 5484/1/10565 6067/2/10565 5424/3/10565
f 5485/1/10566 5423/2/10566 6069/3/10566
f 5436/1/10567 6072/2/10567 5479/3/10567
f 5487/1/10568 5427/2/10568 5433/3/10568
f 5487/1/10569 5433/2/10569 5474/3/10569
f 6097/1/10570 4482/2/10570 4486/3/10570
f 5437/1/10571 3973/2/10571 1977/3/10571
f 5494/1/10572 6043/2/10572 5946/3/10572
f 1977/1/10573 5422/2/10573 5437/3/10573
f 1977/1/10574 1945/2/10574 5422/3/10574
f 5505/1/10575 5447/2/10575 5506/3/10575
f 5505/1/10576 5506/2/10576 5507/3/10576
f 5474/1/10577 5422/2/10577 1945/3/10577
f 5498/1/10578 6096/2/10578 6074/3/10578
f 5487/1/10579 981/2/10579 5427/3/10579
f 5487/1/10580 994/2/10580 981/3/10580
f 3974/1/10581 5474/2/10581 1945/3/10581
f 5512/1/10582 6095/2/10582 6085/3/10582
f 5512/1/10583 6085/2/10583 5501/3/10583
f 3974/1/10584 5487/2/10584 5474/3/10584
f 5518/1/10585 5449/2/10585 6061/3/10585
f 1002/1/10586 994/2/10586 5487/3/10586
f 3974/1/10587 3975/2/10587 5487/3/10587
f 5521/1/10588 5466/2/10588 5510/3/10588
f 5432/1/10589 5441/2/10589 5470/3/10589
f 5522/1/10590 5452/2/10590 5523/3/10590
f 5522/1/10591 5523/2/10591 5508/3/10591
f 1002/1/10592 5487/2/10592 3975/3/10592
f 815/1/10593 764/2/10593 6080/3/10593
f 5471/1/10594 6028/2/10594 5534/3/10594
f 5465/1/10595 5869/2/10595 5896/3/10595
f 6027/1/10596 5960/2/10596 5458/3/10596
f 5532/1/10597 6066/2/10597 5504/3/10597
f 5532/1/10598 5464/2/10598 6066/3/10598
f 5535/1/10599 5533/2/10599 5536/3/10599
f 5537/1/10600 5455/2/10600 5538/3/10600
f 5539/1/10601 5536/2/10601 5540/3/10601
f 5541/1/10602 5423/2/10602 5485/3/10602
f 5539/1/10603 5535/2/10603 5536/3/10603
f 5488/1/10604 5479/2/10604 5489/3/10604
f 5542/1/10605 5540/2/10605 5543/3/10605
f 5509/1/10606 5501/2/10606 6082/3/10606
f 5542/1/10607 5539/2/10607 5540/3/10607
f 5544/1/10608 5542/2/10608 5543/3/10608
f 5483/1/10609 5470/2/10609 5542/3/10609
f 5544/1/10610 5543/2/10610 5492/3/10610
f 5545/1/10611 5518/2/10611 5546/3/10611
f 5547/1/10612 5510/2/10612 5514/3/10612
f 5548/1/10613 5459/2/10613 5516/3/10613
f 5492/1/10614 5493/2/10614 5549/3/10614
f 5548/1/10615 5516/2/10615 5515/3/10615
f 5491/1/10616 5454/2/10616 5453/3/10616
f 6077/1/10617 5899/2/10617 5350/3/10617
f 5485/1/10618 6069/2/10618 5436/3/10618
f 5531/1/10619 5469/2/10619 6076/3/10619
f 5426/1/10620 5435/2/10620 6033/3/10620
f 5553/1/10621 5457/2/10621 5471/3/10621
f 5491/1/10622 5546/2/10622 5450/3/10622
f 5554/1/10623 5460/2/10623 5463/3/10623
f 5555/1/10624 5517/2/10624 5476/3/10624
f 5556/1/10625 6096/2/10625 5498/3/10625
f 5557/1/10626 5946/2/10626 5473/3/10626
f 5558/1/10627 5456/2/10627 5432/3/10627
f 5559/1/10628 5449/2/10628 5518/3/10628
f 5560/1/10629 5531/2/10629 5517/3/10629
f 5561/1/10630 5429/2/10630 6078/3/10630
f 5562/1/10631 5527/2/10631 5444/3/10631
f 5562/1/10632 5528/2/10632 5527/3/10632
f 5561/1/10633 5462/2/10633 5429/3/10633
f 5564/1/10634 5470/2/10634 5483/3/10634
f 5453/1/10635 5443/2/10635 5442/3/10635
f 5458/1/10636 5869/2/10636 5465/3/10636
f 5565/1/10637 5444/2/10637 5446/3/10637
f 5566/1/10638 5479/2/10638 5488/3/10638
f 5567/1/10639 5431/2/10639 5468/3/10639
f 5567/1/10640 5430/2/10640 5431/3/10640
f 5616/1/10641 5502/2/10641 5503/3/10641
f 5568/1/10642 5514/2/10642 5448/3/10642
f 5563/1/10643 5471/2/10643 5534/3/10643
f 5569/1/10644 6097/2/10644 4486/3/10644
f 5483/1/10645 5544/2/10645 5492/3/10645
f 5570/1/10646 5440/2/10646 5525/3/10646
f 5570/1/10647 5439/2/10647 5440/3/10647
f 5571/1/10648 5970/2/10648 5496/3/10648
f 5571/1/10649 5496/2/10649 5519/3/10649
f 5442/1/10650 5423/2/10650 5541/3/10650
f 5494/1/10651 5519/2/10651 5520/3/10651
f 5504/1/10652 6081/2/10652 5484/3/10652
f 5572/1/10653 5477/2/10653 5461/3/10653
f 5554/1/10654 5463/2/10654 5462/3/10654
f 5573/1/10655 5446/2/10655 6095/3/10655
f 5573/1/10656 6095/2/10656 5512/3/10656
f 5553/1/10657 781/2/10657 5457/3/10657
f 5553/1/10658 871/2/10658 781/3/10658
f 5574/1/10659 5512/2/10659 5501/3/10659
f 5574/1/10660 5501/2/10660 5509/3/10660
f 5559/1/10661 5448/2/10661 5449/3/10661
f 5556/1/10662 5534/2/10662 6096/3/10662
f 5558/1/10663 5509/2/10663 5456/3/10663
f 5555/1/10664 5476/2/10664 5475/3/10664
f 5575/1/10665 5464/2/10665 5532/3/10665
f 5575/1/10666 5493/2/10666 5464/3/10666
f 5562/1/10667 5529/2/10667 5528/3/10667
f 5576/1/10668 5499/2/10668 5466/3/10668
f 5576/1/10669 5466/2/10669 5521/3/10669
f 5577/1/10670 5468/2/10670 5469/3/10670
f 5577/1/10671 5469/2/10671 5531/3/10671
f 5578/1/10672 5537/2/10672 5538/3/10672
f 5564/1/10673 5432/2/10673 5470/3/10673
f 5554/1/10674 5461/2/10674 5460/3/10674
f 5503/1/10675 5996/2/10675 6077/3/10675
f 5566/1/10676 5436/2/10676 5479/3/10676
f 5579/1/10677 5515/2/10677 5455/3/10677
f 5579/1/10678 5455/2/10678 5537/3/10678
f 5580/1/10679 5491/2/10679 5453/3/10679
f 5581/1/10680 5509/2/10680 5558/3/10680
f 5582/1/10681 5467/2/10681 5482/3/10681
f 5568/1/10682 5547/2/10682 5514/3/10682
f 5583/1/10683 5538/2/10683 5452/3/10683
f 5583/1/10684 5452/2/10684 5522/3/10684
f 5521/1/10685 5510/2/10685 5547/3/10685
f 5585/1/10686 5447/2/10686 5505/3/10686
f 5586/1/10687 5481/2/10687 5472/3/10687
f 5586/1/10688 5480/2/10688 5481/3/10688
f 5545/1/10689 5546/2/10689 5491/3/10689
f 5587/1/10690 5529/2/10690 5562/3/10690
f 5553/1/10691 5471/2/10691 5563/3/10691
f 5588/1/10692 5495/2/10692 6044/3/10692
f 5589/1/10693 5432/2/10693 5564/3/10693
f 5590/1/10694 5534/2/10694 5556/3/10694
f 5591/1/10695 5558/2/10695 5432/3/10695
f 5562/1/10696 5444/2/10696 5565/3/10696
f 5560/1/10697 5517/2/10697 5555/3/10697
f 5565/1/10698 5446/2/10698 5573/3/10698
f 5592/1/10699 5435/2/10699 5426/3/10699
f 5592/1/10700 5511/2/10700 5435/3/10700
f 5593/1/10701 5946/2/10701 5557/3/10701
f 5593/1/10702 5494/2/10702 5946/3/10702
f 5594/1/10703 5497/2/10703 5511/3/10703
f 5566/1/10704 5485/2/10704 5436/3/10704
f 5549/1/10705 5483/2/10705 5492/3/10705
f 5595/1/10706 5442/2/10706 5541/3/10706
f 5596/1/10707 5453/2/10707 5442/3/10707
f 5597/1/10708 5508/2/10708 5430/3/10708
f 5597/1/10709 5430/2/10709 5567/3/10709
f 5598/1/10710 5525/2/10710 5497/3/10710
f 5587/1/10711 5584/2/10711 5529/3/10711
f 5599/1/10712 5486/2/10712 6097/3/10712
f 5600/1/10713 5518/2/10713 5545/3/10713
f 906/1/10714 5459/2/10714 5548/3/10714
f 906/1/10715 815/2/10715 5459/3/10715
f 5601/1/10716 5477/2/10716 5572/3/10716
f 5559/1/10717 5568/2/10717 5448/3/10717
f 5602/1/10718 5538/2/10718 5583/3/10718
f 5603/1/10719 5499/2/10719 5576/3/10719
f 5603/1/10720 5498/2/10720 5499/3/10720
f 5569/1/10721 5599/2/10721 6097/3/10721
f 5581/1/10722 5574/2/10722 5509/3/10722
f 5553/1/10723 1004/2/10723 871/3/10723
f 5585/1/10724 5475/2/10724 5447/3/10724
f 5582/1/10725 5465/2/10725 5467/3/10725
f 5604/1/10726 5461/2/10726 5554/3/10726
f 5604/1/10727 5572/2/10727 5461/3/10727
f 5590/1/10728 5563/2/10728 5534/3/10728
f 5605/1/10729 5553/2/10729 5563/3/10729
f 5607/1/10730 5491/2/10730 5580/3/10730
f 5608/1/10731 5545/2/10731 5491/3/10731
f 5609/1/10732 5483/2/10732 5549/3/10732
f 5350/1/10733 5503/2/10733 6077/3/10733
f 5610/1/10734 5504/2/10734 5484/3/10734
f 5611/1/10735 5970/2/10735 5571/3/10735
f 5611/1/10736 5472/2/10736 5970/3/10736
f 5612/1/10737 5584/2/10737 5587/3/10737
f 5434/1/10738 6022/2/10738 5495/3/10738
f 5613/1/10739 5570/2/10739 5525/3/10739
f 5598/1/10740 5613/2/10740 5525/3/10740
f 5614/1/10741 5507/2/10741 5439/3/10741
f 5614/1/10742 5439/2/10742 5570/3/10742
f 5600/1/10743 5559/2/10743 5518/3/10743
f 5591/1/10744 5581/2/10744 5558/3/10744
f 5615/1/10745 6027/2/10745 5458/3/10745
f 5615/1/10746 5473/2/10746 6027/3/10746
f 5616/1/10747 5513/2/10747 5502/3/10747
f 5567/1/10748 5468/2/10748 5577/3/10748
f 5599/1/10749 5490/2/10749 5486/3/10749
f 5617/1/10750 5573/2/10750 5512/3/10750
f 5601/1/10751 5488/2/10751 5477/3/10751
f 5617/1/10752 5512/2/10752 5574/3/10752
f 5618/1/10753 5554/2/10753 5462/3/10753
f 5619/1/10754 5485/2/10754 5566/3/10754
f 5620/1/10755 5493/2/10755 5575/3/10755
f 5620/1/10756 5549/2/10756 5493/3/10756
f 5622/1/10757 5604/2/10757 5554/3/10757
f 5500/1/10758 4500/2/10758 5606/3/10758
f 5623/1/10759 5574/2/10759 5581/3/10759
f 982/1/10760 5515/2/10760 5579/3/10760
f 982/1/10761 5548/2/10761 5515/3/10761
f 5624/1/10762 5562/2/10762 5565/3/10762
f 5604/1/10763 5601/2/10763 5572/3/10763
f 5591/1/10764 5432/2/10764 5589/3/10764
f 5602/1/10765 5578/2/10765 5538/3/10765
f 5625/1/10766 5564/2/10766 5483/3/10766
f 5605/1/10767 1004/2/10767 5553/3/10767
f 5625/1/10768 5483/2/10768 5609/3/10768
f 5626/1/10769 5475/2/10769 5585/3/10769
f 5596/1/10770 5442/2/10770 5595/3/10770
f 5606/1/10771 4500/2/10771 4505/3/10771
f 5627/1/10772 5480/2/10772 5586/3/10772
f 5627/1/10773 5426/2/10773 5480/3/10773
f 5629/1/10774 5504/2/10774 5610/3/10774
f 5628/1/10775 5559/2/10775 5600/3/10775
f 5630/1/10776 5561/2/10776 6078/3/10776
f 5579/1/10777 5537/2/10777 5578/3/10777
f 5631/1/10778 5484/2/10778 5424/3/10778
f 5632/1/10779 5588/2/10779 6044/3/10779
f 5632/1/10780 6044/2/10780 5513/3/10780
f 5633/1/10781 5590/2/10781 5556/3/10781
f 5634/1/10782 5521/2/10782 5547/3/10782
f 5635/1/10783 5556/2/10783 5498/3/10783
f 5635/1/10784 5498/2/10784 5603/3/10784
f 5637/1/10785 5453/2/10785 5596/3/10785
f 5637/1/10786 5580/2/10786 5453/3/10786
f 5638/1/10787 5488/2/10787 5601/3/10787
f 5639/1/10788 5522/2/10788 5508/3/10788
f 5639/1/10789 5508/2/10789 5597/3/10789
f 982/1/10790 906/2/10790 5548/3/10790
f 5640/1/10791 5615/2/10791 5458/3/10791
f 5595/1/10792 5541/2/10792 5485/3/10792
f 5643/1/10793 5562/2/10793 5624/3/10793
f 5644/1/10794 5596/2/10794 5595/3/10794
f 5645/1/10795 5567/2/10795 5577/3/10795
f 5608/1/10796 5491/2/10796 5607/3/10796
f 5624/1/10797 5565/2/10797 5573/3/10797
f 5628/1/10798 5621/2/10798 5559/3/10798
f 5646/1/10799 5519/2/10799 5494/3/10799
f 5600/1/10800 5545/2/10800 5608/3/10800
f 5626/1/10801 5555/2/10801 5475/3/10801
f 5647/1/10802 5458/2/10802 5465/3/10802
f 5629/1/10803 5532/2/10803 5504/3/10803
f 5630/1/10804 6078/2/10804 5434/3/10804
f 5648/1/10805 5511/2/10805 5592/3/10805
f 5648/1/10806 5594/2/10806 5511/3/10806
f 5650/1/10807 5612/2/10807 5587/3/10807
f 5646/1/10808 5494/2/10808 5593/3/10808
f 5614/1/10809 5505/2/10809 5507/3/10809
f 5634/1/10810 5576/2/10810 5521/3/10810
f 5651/1/10811 5578/2/10811 5602/3/10811
f 5605/1/10812 5563/2/10812 5590/3/10812
f 5622/1/10813 5554/2/10813 5618/3/10813
f 5652/1/10814 5560/2/10814 5555/3/10814
f 5618/1/10815 5462/2/10815 5561/3/10815
f 5638/1/10816 5566/2/10816 5488/3/10816
f 5653/1/10817 5549/2/10817 5620/3/10817
f 5598/1/10818 5497/2/10818 5594/3/10818
f 5641/1/10819 5596/2/10819 5644/3/10819
f 5643/1/10820 5587/2/10820 5562/3/10820
f 5654/1/10821 5531/2/10821 5560/3/10821
f 5655/1/10822 5547/2/10822 5568/3/10822
f 5656/1/10823 5564/2/10823 5625/3/10823
f 5656/1/10824 5589/2/10824 5564/3/10824
f 5617/1/10825 5574/2/10825 5623/3/10825
f 5649/1/10826 4486/2/10826 4490/3/10826
f 5621/1/10827 5568/2/10827 5559/3/10827
f 5649/1/10828 5569/2/10828 4486/3/10828
f 5657/1/10829 5607/2/10829 5580/3/10829
f 5657/1/10830 5580/2/10830 5637/3/10830
f 5658/1/10831 5490/2/10831 5599/3/10831
f 5658/1/10832 6041/2/10832 5490/3/10832
f 5659/1/10833 5619/2/10833 5566/3/10833
f 5654/1/10834 5577/2/10834 5531/3/10834
f 5660/1/10835 5591/2/10835 5589/3/10835
f 5661/1/10836 5576/2/10836 5634/3/10836
f 5652/1/10837 5555/2/10837 5626/3/10837
f 5658/1/10838 5424/2/10838 6059/3/10838
f 5658/1/10839 6059/2/10839 6041/3/10839
f 5637/1/10840 5596/2/10840 5641/3/10840
f 5662/1/10841 5590/2/10841 5633/3/10841
f 5663/1/10842 5595/2/10842 5485/3/10842
f 5663/1/10843 5485/2/10843 5619/3/10843
f 5665/1/10844 5630/2/10844 5434/3/10844
f 5633/1/10845 5556/2/10845 5635/3/10845
f 5615/1/10846 5557/2/10846 5473/3/10846
f 5609/1/10847 5549/2/10847 5653/3/10847
f 5664/1/10848 5503/2/10848 5350/3/10848
f 5666/1/10849 5625/2/10849 5609/3/10849
f 5665/1/10850 5434/2/10850 5495/3/10850
f 5667/1/10851 5581/2/10851 5591/3/10851
f 5667/1/10852 5591/2/10852 5636/3/10852
f 5636/1/10853 5591/2/10853 5660/3/10853
f 5655/1/10854 5634/2/10854 5547/3/10854
f 5610/1/10855 5484/2/10855 5631/3/10855
f 5640/1/10856 5458/2/10856 5647/3/10856
f 5659/1/10857 5566/2/10857 5638/3/10857
f 5668/1/10858 982/2/10858 5579/3/10858
f 5669/1/10859 5600/2/10859 5608/3/10859
f 5670/1/10860 5612/2/10860 5650/3/10860
f 5663/1/10861 5644/2/10861 5595/3/10861
f 5671/1/10862 5624/2/10862 5573/3/10862
f 5661/1/10863 5603/2/10863 5576/3/10863
f 5645/1/10864 5597/2/10864 5567/3/10864
f 5672/1/10865 5569/2/10865 5649/3/10865
f 5639/1/10866 5583/2/10866 5522/3/10866
f 5673/1/10867 5619/2/10867 5659/3/10867
f 5674/1/10868 5472/2/10868 5611/3/10868
f 5674/1/10869 5586/2/10869 5472/3/10869
f 5675/1/10870 5578/2/10870 5651/3/10870
f 5675/1/10871 5579/2/10871 5578/3/10871
f 1119/1/10872 1004/2/10872 5605/3/10872
f 5676/1/10873 5587/2/10873 5643/3/10873
f 5676/1/10874 5650/2/10874 5587/3/10874
f 5677/1/10875 5532/2/10875 5629/3/10875
f 5678/1/10876 5601/2/10876 5604/3/10876
f 5679/1/10877 5618/2/10877 5561/3/10877
f 5681/1/10878 5614/2/10878 5570/3/10878
f 5681/1/10879 5570/2/10879 5613/3/10879
f 5682/1/10880 5513/2/10880 5616/3/10880
f 5682/1/10881 5632/2/10881 5513/3/10881
f 5669/1/10882 5628/2/10882 5600/3/10882
f 5683/1/10883 5482/2/10883 5500/3/10883
f 5686/1/10884 5500/2/10884 5606/3/10884
f 5688/1/10885 5590/2/10885 5662/3/10885
f 5705/1/10886 5631/2/10886 5424/3/10886
f 5688/1/10887 5605/2/10887 5590/3/10887
f 5689/1/10888 5646/2/10888 5593/3/10888
f 5690/1/10889 5685/2/10889 5687/3/10889
f 5665/1/10890 5495/2/10890 5588/3/10890
f 5691/1/10891 5585/2/10891 5505/3/10891
f 5691/1/10892 5505/2/10892 5614/3/10892
f 5692/1/10893 5616/2/10893 5503/3/10893
f 5692/1/10894 5503/2/10894 5664/3/10894
f 5693/1/10895 5603/2/10895 5661/3/10895
f 5694/1/10896 5592/2/10896 5426/3/10896
f 5694/1/10897 5426/2/10897 5627/3/10897
f 5696/1/10898 5568/2/10898 5621/3/10898
f 5696/1/10899 5655/2/10899 5568/3/10899
f 5698/1/10900 5607/2/10900 5657/3/10900
f 4528/1/10901 5687/2/10901 5685/3/10901
f 5700/1/10902 5644/2/10902 5663/3/10902
f 5670/1/10903 5642/2/10903 5612/3/10903
f 5671/1/10904 5643/2/10904 5624/3/10904
f 5660/1/10905 5589/2/10905 5656/3/10905
f 5702/1/10906 5617/2/10906 5623/3/10906
f 5704/1/10907 5687/2/10907 4528/3/10907
f 5705/1/10908 5424/2/10908 5658/3/10908
f 5703/1/10909 5621/2/10909 5628/3/10909
f 5684/1/10910 5601/2/10910 5678/3/10910
f 5654/1/10911 5560/2/10911 5652/3/10911
f 5706/1/10912 5628/2/10912 5669/3/10912
f 5680/1/10913 5573/2/10913 5617/3/10913
f 5707/1/10914 5602/2/10914 5583/3/10914
f 5707/1/10915 5583/2/10915 5639/3/10915
f 5672/1/10916 5599/2/10916 5569/3/10916
f 5708/1/10917 5623/2/10917 5581/3/10917
f 5708/1/10918 5581/2/10918 5667/3/10918
f 5656/1/10919 5625/2/10919 5666/3/10919
f 5677/1/10920 5575/2/10920 5532/3/10920
f 5715/1/10921 5690/2/10921 5687/3/10921
f 5638/1/10922 5601/2/10922 5684/3/10922
f 5679/1/10923 5561/2/10923 5630/3/10923
f 5709/1/10924 5645/2/10924 5577/3/10924
f 5709/1/10925 5577/2/10925 5654/3/10925
f 5711/1/10926 5593/2/10926 5557/3/10926
f 5711/1/10927 5557/2/10927 5615/3/10927
f 5673/1/10928 5663/2/10928 5619/3/10928
f 5712/1/10929 5633/2/10929 5635/3/10929
f 5713/1/10930 5690/2/10930 5715/3/10930
f 5693/1/10931 5635/2/10931 5603/3/10931
f 5714/1/10932 5598/2/10932 5594/3/10932
f 5714/1/10933 5594/2/10933 5648/3/10933
f 5718/1/10934 5606/2/10934 4505/3/10934
f 5688/1/10935 1119/2/10935 5605/3/10935
f 5695/1/10936 5690/2/10936 5713/3/10936
f 5715/1/10937 5687/2/10937 5704/3/10937
f 5666/1/10938 5609/2/10938 5653/3/10938
f 5716/1/10939 5604/2/10939 5622/3/10939
f 5698/1/10940 5608/2/10940 5607/3/10940
f 5697/1/10941 5643/2/10941 5671/3/10941
f 5716/1/10942 5678/2/10942 5604/3/10942
f 5720/1/10943 5610/2/10943 5631/3/10943
f 5721/1/10944 5639/2/10944 5597/3/10944
f 5683/1/10945 5582/2/10945 5482/3/10945
f 5704/1/10946 4528/2/10946 4536/3/10946
f 5722/1/10947 5657/2/10947 5637/3/10947
f 5722/1/10948 5637/2/10948 5641/3/10948
f 5723/1/10949 5642/2/10949 5670/3/10949
f 5676/1/10950 5670/2/10950 5650/3/10950
f 5721/1/10951 5597/2/10951 5645/3/10951
f 5647/1/10952 5465/2/10952 5582/3/10952
f 5725/1/10953 5652/2/10953 5626/3/10953
f 5726/1/10954 5519/2/10954 5646/3/10954
f 5727/1/10955 5715/2/10955 5704/3/10955
f 5727/1/10956 5704/2/10956 4536/3/10956
f 5728/1/10957 5614/2/10957 5681/3/10957
f 5729/1/10958 5671/2/10958 5573/3/10958
f 5729/1/10959 5573/2/10959 5680/3/10959
f 5730/1/10960 5717/2/10960 5701/3/10960
f 5731/1/10961 5701/2/10961 5695/3/10961
f 5732/1/10962 5643/2/10962 5697/3/10962
f 5732/1/10963 5676/2/10963 5643/3/10963
f 1194/1/10964 1119/2/10964 5688/3/10964
f 5733/1/10965 5627/2/10965 5586/3/10965
f 5733/1/10966 5586/2/10966 5674/3/10966
f 5734/1/10967 5655/2/10967 5696/3/10967
f 5734/1/10968 5634/2/10968 5655/3/10968
f 5735/1/10969 5715/2/10969 5727/3/10969
f 5736/1/10970 5660/2/10970 5656/3/10970
f 5680/1/10971 5617/2/10971 5702/3/10971
f 5731/1/10972 5695/2/10972 5713/3/10972
f 5710/1/10973 5575/2/10973 5677/3/10973
f 5739/1/10974 5608/2/10974 5698/3/10974
f 1088/1/10975 5668/2/10975 5579/3/10975
f 1088/1/10976 5579/2/10976 5675/3/10976
f 5735/1/10977 5713/2/10977 5715/3/10977
f 5741/1/10978 5632/2/10978 5682/3/10978
f 5741/1/10979 5588/2/10979 5632/3/10979
f 5742/1/10980 5654/2/10980 5652/3/10980
f 5743/1/10981 5713/2/10981 5735/3/10981
f 5719/1/10982 5696/2/10982 5621/3/10982
f 5730/1/10983 5701/2/10983 5731/3/10983
f 5724/1/10984 5717/2/10984 5730/3/10984
f 5683/1/10985 5500/2/10985 5686/3/10985
f 5744/1/10986 5644/2/10986 5700/3/10986
f 5744/1/10987 5641/2/10987 5644/3/10987
f 5706/1/10988 5703/2/10988 5628/3/10988
f 5700/1/10989 5663/2/10989 5673/3/10989
f 5723/1/10990 5699/2/10990 5642/3/10990
f 5745/1/10991 5724/2/10991 5730/3/10991
f 5719/1/10992 5621/2/10992 5703/3/10992
f 5747/1/10993 5626/2/10993 5585/3/10993
f 5747/1/10994 5585/2/10994 5691/3/10994
f 5620/1/10995 5575/2/10995 5710/3/10995
f 5749/1/10996 5670/2/10996 5676/3/10996
f 4507/1/10997 5718/2/10997 4505/3/10997
f 5752/1/10998 5646/2/10998 5689/3/10998
f 5743/1/10999 5735/2/10999 5746/3/10999
f 5753/1/11000 5662/2/11000 5633/3/11000
f 5753/1/11001 5633/2/11001 5712/3/11001
f 5731/1/11002 5713/2/11002 5743/3/11002
f 5739/1/11003 5669/2/11003 5608/3/11003
f 5754/1/11004 5671/2/11004 5729/3/11004
f 5712/1/11005 5635/2/11005 5693/3/11005
f 5755/1/11006 5623/2/11006 5708/3/11006
f 5756/1/11007 5740/2/11007 5724/3/11007
f 5756/1/11008 5724/2/11008 5745/3/11008
f 5755/1/11009 5702/2/11009 5623/3/11009
f 5726/1/11010 5571/2/11010 5519/3/11010
f 5761/1/11011 5735/2/11011 5727/3/11011
f 5758/1/11012 5693/2/11012 5661/3/11012
f 5759/1/11013 5659/2/11013 5638/3/11013
f 5760/1/11014 5582/2/11014 5683/3/11014
f 5761/1/11015 5727/2/11015 4536/3/11015
f 5762/1/11016 5645/2/11016 5709/3/11016
f 5763/1/11017 5716/2/11017 5622/3/11017
f 5764/1/11018 5740/2/11018 5756/3/11018
f 5765/1/11019 5651/2/11019 5602/3/11019
f 5763/1/11020 5622/2/11020 5618/3/11020
f 5765/1/11021 5602/2/11021 5707/3/11021
f 5764/1/11022 5748/2/11022 5740/3/11022
f 5750/1/11023 5700/2/11023 5673/3/11023
f 5767/1/11024 5730/2/11024 5731/3/11024
f 5767/1/11025 5731/2/11025 5743/3/11025
f 5768/1/11026 5636/2/11026 5660/3/11026
f 5769/1/11027 5613/2/11027 5598/3/11027
f 5768/1/11028 5667/2/11028 5636/3/11028
f 5769/1/11029 5598/2/11029 5714/3/11029
f 5770/1/11030 5657/2/11030 5722/3/11030
f 5770/1/11031 5698/2/11031 5657/3/11031
f 5771/1/11032 5735/2/11032 5761/3/11032
f 5772/1/11033 5592/2/11033 5694/3/11033
f 5772/1/11034 5648/2/11034 5592/3/11034
f 5773/1/11035 5699/2/11035 5723/3/11035
f 5734/1/11036 5661/2/11036 5634/3/11036
f 5771/1/11037 5746/2/11037 5735/3/11037
f 5742/1/11038 5737/2/11038 5654/3/11038
f 5774/1/11039 5666/2/11039 5653/3/11039
f 5761/1/11040 4536/2/11040 4470/3/11040
f 5759/1/11041 5751/2/11041 5659/3/11041
f 5775/1/11042 5629/2/11042 5610/3/11042
f 5776/1/11043 5745/2/11043 5730/3/11043
f 5776/1/11044 5730/2/11044 5767/3/11044
f 5750/1/11045 5673/2/11045 5659/3/11045
f 5777/1/11046 5739/2/11046 5698/3/11046
f 5766/1/11047 5748/2/11047 5764/3/11047
f 5723/1/11048 5670/2/11048 5749/3/11048
f 5744/1/11049 5722/2/11049 5641/3/11049
f 5759/1/11050 5638/2/11050 5684/3/11050
f 5754/1/11051 5697/2/11051 5671/3/11051
f 5686/1/11052 5606/2/11052 5718/3/11052
f 5776/1/11053 5756/2/11053 5745/3/11053
f 5707/1/11054 5639/2/11054 5721/3/11054
f 5779/1/11055 5593/2/11055 5711/3/11055
f 5778/1/11056 5620/2/11056 5710/3/11056
f 5779/1/11057 5689/2/11057 5593/3/11057
f 5780/1/11058 5743/2/11058 5746/3/11058
f 5781/1/11059 5766/2/11059 5764/3/11059
f 5782/1/11060 5662/2/11060 5753/3/11060
f 5782/1/11061 5688/2/11061 5662/3/11061
f 5752/1/11062 5726/2/11062 5646/3/11062
f 5664/1/11063 5350/2/11063 5363/3/11063
f 5783/1/11064 5599/2/11064 5672/3/11064
f 5739/1/11065 5706/2/11065 5669/3/11065
f 5784/1/11066 5766/2/11066 5781/3/11066
f 5785/1/11067 5700/2/11067 5750/3/11067
f 5767/1/11068 5743/2/11068 5780/3/11068
f 5773/1/11069 5738/2/11069 5699/3/11069
f 5787/1/11070 5764/2/11070 5756/3/11070
f 5787/1/11071 5756/2/11071 5776/3/11071
f 5788/1/11072 5696/2/11072 5719/3/11072
f 5789/1/11073 5614/2/11073 5728/3/11073
f 5789/1/11074 5691/2/11074 5614/3/11074
f 5786/1/11075 5771/2/11075 5761/3/11075
f 5709/1/11076 5654/2/11076 5737/3/11076
f 5790/1/11077 5680/2/11077 5702/3/11077
f 5790/1/11078 5702/2/11078 5755/3/11078
f 5791/1/11079 5682/2/11079 5616/3/11079
f 5791/1/11080 5616/2/11080 5692/3/11080
f 5792/1/11081 5744/2/11081 5700/3/11081
f 5760/1/11082 5647/2/11082 5582/3/11082
f 5793/1/11083 5679/2/11083 5630/3/11083
f 5786/1/11084 5761/2/11084 4470/3/11084
f 5794/1/11085 5732/2/11085 5697/3/11085
f 5747/1/11086 5725/2/11086 5626/3/11086
f 5794/1/11087 5697/2/11087 5754/3/11087
f 5750/1/11088 5659/2/11088 5751/3/11088
f 5795/1/11089 5781/2/11089 5764/3/11089
f 5726/1/11090 5611/2/11090 5571/3/11090
f 5796/1/11091 5776/2/11091 5767/3/11091
f 5775/1/11092 5677/2/11092 5629/3/11092
f 5797/1/11093 5656/2/11093 5666/3/11093
f 5798/1/11094 5771/2/11094 5786/3/11094
f 5798/1/11095 5746/2/11095 5771/3/11095
f 5799/1/11096 5712/2/11096 5693/3/11096
f 5799/1/11097 5693/2/11097 5758/3/11097
f 5800/1/11098 5588/2/11098 5741/3/11098
f 5801/1/11099 5767/2/11099 5780/3/11099
f 1180/1/11100 1088/2/11100 5675/3/11100
f 5647/1/11101 5615/2/11101 5640/3/11101
f 5795/1/11102 5764/2/11102 5787/3/11102
f 5758/1/11103 5661/2/11103 5734/3/11103
f 5803/1/11104 5676/2/11104 5732/3/11104
f 5777/1/11105 5698/2/11105 5770/3/11105
f 5804/1/11106 5675/2/11106 5651/3/11106
f 5804/1/11107 5651/2/11107 5765/3/11107
f 5778/1/11108 5653/2/11108 5620/3/11108
f 5806/1/11109 5779/2/11109 5711/3/11109
f 5780/1/11110 5746/2/11110 5798/3/11110
f 5763/1/11111 5618/2/11111 5679/3/11111
f 5807/1/11112 5784/2/11112 5781/3/11112
f 5808/1/11113 5706/2/11113 5739/3/11113
f 5809/1/11114 5708/2/11114 5667/3/11114
f 5809/1/11115 5667/2/11115 5768/3/11115
f 5796/1/11116 5767/2/11116 5801/3/11116
f 5788/1/11117 5719/2/11117 5703/3/11117
f 5812/1/11118 5707/2/11118 5721/3/11118
f 5813/1/11119 5645/2/11119 5762/3/11119
f 5813/1/11120 5721/2/11120 5645/3/11120
f 5814/1/11121 5759/2/11121 5684/3/11121
f 5815/1/11122 5630/2/11122 5665/3/11122
f 5742/1/11123 5652/2/11123 5725/3/11123
f 5757/1/11124 5738/2/11124 5773/3/11124
f 5816/1/11125 5787/2/11125 5776/3/11125
f 5816/1/11126 5776/2/11126 5796/3/11126
f 5805/1/11127 5781/2/11127 5795/3/11127
f 5807/1/11128 5781/2/11128 5805/3/11128
f 5770/1/11129 5722/2/11129 5744/3/11129
f 5817/1/11130 5627/2/11130 5733/3/11130
f 5810/1/11131 5784/2/11131 5807/3/11131
f 5817/1/11132 5694/2/11132 5627/3/11132
f 5797/1/11133 5666/2/11133 5774/3/11133
f 5818/1/11134 5739/2/11134 5777/3/11134
f 5819/1/11135 5736/2/11135 5656/3/11135
f 5820/1/11136 5780/2/11136 5798/3/11136
f 5821/1/11137 5744/2/11137 5792/3/11137
f 5822/1/11138 5677/2/11138 5775/3/11138
f 1240/1/11139 1194/2/11139 5688/3/11139
f 1240/1/11140 5688/2/11140 5782/3/11140
f 5823/1/11141 5796/2/11141 5801/3/11141
f 5824/1/11142 5734/2/11142 5696/3/11142
f 5824/1/11143 5696/2/11143 5788/3/11143
f 5832/1/11144 5686/2/11144 5718/3/11144
f 5825/1/11145 5653/2/11145 5778/3/11145
f 5827/1/11146 5758/2/11146 5734/3/11146
f 5828/1/11147 5681/2/11147 5613/3/11147
f 5828/1/11148 5613/2/11148 5769/3/11148
f 5802/1/11149 5751/2/11149 5759/3/11149
f 5829/1/11150 5768/2/11150 5660/3/11150
f 5830/1/11151 5798/2/11151 5786/3/11151
f 5829/1/11152 5660/2/11152 5736/3/11152
f 5831/1/11153 5615/2/11153 5647/3/11153
f 5833/1/11154 5703/2/11154 5706/3/11154
f 5801/1/11155 5780/2/11155 5820/3/11155
f 5833/1/11156 5706/2/11156 5808/3/11156
f 5834/1/11157 5733/2/11157 5674/3/11157
f 5835/1/11158 5785/2/11158 5750/3/11158
f 5792/1/11159 5700/2/11159 5785/3/11159
f 5803/1/11160 5749/2/11160 5676/3/11160
f 5837/1/11161 5647/2/11161 5760/3/11161
f 5793/1/11162 5763/2/11162 5679/3/11162
f 5839/1/11163 5807/2/11163 5805/3/11163
f 4473/1/11164 5786/2/11164 4470/3/11164
f 5840/1/11165 5765/2/11165 5707/3/11165
f 5841/1/11166 5712/2/11166 5799/3/11166
f 5841/1/11167 5753/2/11167 5712/3/11167
f 5842/1/11168 5732/2/11168 5794/3/11168
f 5804/1/11169 1180/2/11169 5675/3/11169
f 5820/1/11170 5798/2/11170 5830/3/11170
f 5844/1/11171 5811/2/11171 5810/3/11171
f 5844/1/11172 5810/2/11172 5807/3/11172
f 5845/1/11173 5762/2/11173 5709/3/11173
f 5846/1/11174 5683/2/11174 5686/3/11174
f 5847/1/11175 5805/2/11175 5795/3/11175
f 5848/1/11176 5689/2/11176 5779/3/11176
f 5826/1/11177 5665/2/11177 5588/3/11177
f 5849/1/11178 5796/2/11178 5823/3/11178
f 5849/1/11179 5816/2/11179 5796/3/11179
f 5850/1/11180 5795/2/11180 5787/3/11180
f 5851/1/11181 5714/2/11181 5648/3/11181
f 5852/1/11182 5680/2/11182 5790/3/11182
f 5850/1/11183 5787/2/11183 5816/3/11183
f 5851/1/11184 5648/2/11184 5772/3/11184
f 5852/1/11185 5729/2/11185 5680/3/11185
f 5831/1/11186 5711/2/11186 5615/3/11186
f 5853/1/11187 5630/2/11187 5815/3/11187
f 5830/1/11188 5786/2/11188 4473/3/11188
f 5853/1/11189 5793/2/11189 5630/3/11189
f 5871/1/11190 5747/2/11190 5691/3/11190
f 5871/1/11191 5691/2/11191 5789/3/11191
f 5854/1/11192 5824/2/11192 5788/3/11192
f 5855/1/11193 5751/2/11193 5802/3/11193
f 5836/1/11194 5811/2/11194 5843/3/11194
f 5856/1/11195 5801/2/11195 5820/3/11195
f 5857/1/11196 5611/2/11196 5726/3/11196
f 5843/1/11197 5811/2/11197 5844/3/11197
f 5857/1/11198 5674/2/11198 5611/3/11198
f 5860/1/11199 5716/2/11199 5763/3/11199
f 5814/1/11200 5684/2/11200 5678/3/11200
f 5839/1/11201 5805/2/11201 5847/3/11201
f 5862/1/11202 5725/2/11202 5747/3/11202
f 5825/1/11203 5774/2/11203 5653/3/11203
f 5826/1/11204 5815/2/11204 5665/3/11204
f 5863/1/11205 5792/2/11205 5785/3/11205
f 5864/1/11206 5709/2/11206 5737/3/11206
f 5864/1/11207 5845/2/11207 5709/3/11207
f 5865/1/11208 5777/2/11208 5770/3/11208
f 5846/1/11209 5760/2/11209 5683/3/11209
f 5720/1/11210 5775/2/11210 5610/3/11210
f 5847/1/11211 5795/2/11211 5850/3/11211
f 5866/1/11212 5723/2/11212 5749/3/11212
f 5867/1/11213 5858/2/11213 5757/3/11213
f 5823/1/11214 5801/2/11214 5856/3/11214
f 5868/1/11215 5749/2/11215 5803/3/11215
f 5849/1/11216 5823/2/11216 5861/3/11216
f 5869/1/11217 4490/2/11217 4492/3/11217
f 5791/1/11218 5741/2/11218 5682/3/11218
f 5869/1/11219 5649/2/11219 4490/3/11219
f 5808/1/11220 5739/2/11220 5818/3/11220
f 5845/1/11221 5813/2/11221 5762/3/11221
f 5870/1/11222 5807/2/11222 5839/3/11222
f 5822/1/11223 5710/2/11223 5677/3/11223
f 5855/1/11224 5750/2/11224 5751/3/11224
f 5819/1/11225 5656/2/11225 5797/3/11225
f 5872/1/11226 5733/2/11226 5834/3/11226
f 5843/1/11227 5524/2/11227 5836/3/11227
f 5873/1/11228 5744/2/11228 5821/3/11228
f 5873/1/11229 5770/2/11229 5744/3/11229
f 1220/1/11230 1180/2/11230 5804/3/11230
f 5842/1/11231 5803/2/11231 5732/3/11231
f 5874/1/11232 5631/2/11232 5705/3/11232
f 619/1/11233 1240/2/11233 5782/3/11233
f 5720/1/11234 5631/2/11234 5838/3/11234
f 5840/1/11235 5707/2/11235 5812/3/11235
f 5835/1/11236 5750/2/11236 5855/3/11236
f 5875/1/11237 5708/2/11237 5809/3/11237
f 5875/1/11238 5755/2/11238 5708/3/11238
f 5799/1/11239 5758/2/11239 5827/3/11239
f 5876/1/11240 5757/2/11240 5773/3/11240
f 5870/1/11241 5844/2/11241 5807/3/11241
f 5877/1/11242 5753/2/11242 5841/3/11242
f 5877/1/11243 5782/2/11243 5753/3/11243
f 5879/1/11244 5788/2/11244 5703/3/11244
f 5878/1/11245 5830/2/11245 4473/3/11245
f 5879/1/11246 5703/2/11246 5833/3/11246
f 5852/1/11247 5754/2/11247 5729/3/11247
f 5880/1/11248 5692/2/11248 5664/3/11248
f 5880/1/11249 5664/2/11249 5363/3/11249
f 5865/1/11250 5818/2/11250 5777/3/11250
f 5882/1/11251 5848/2/11251 5779/3/11251
f 5881/1/11252 5820/2/11252 5830/3/11252
f 5883/1/11253 5860/2/11253 5763/3/11253
f 5884/1/11254 5823/2/11254 5856/3/11254
f 5526/1/11255 5524/2/11255 5843/3/11255
f 5885/1/11256 5737/2/11256 5742/3/11256
f 5886/1/11257 5718/2/11257 4507/3/11257
f 5887/1/11258 5647/2/11258 5837/3/11258
f 5848/1/11259 5752/2/11259 5689/3/11259
f 5888/1/11260 5808/2/11260 5818/3/11260
f 5889/1/11261 5728/2/11261 5681/3/11261
f 5890/1/11262 5809/2/11262 5768/3/11262
f 5889/1/11263 5681/2/11263 5828/3/11263
f 5827/1/11264 5734/2/11264 5824/3/11264
f 5658/1/11265 5599/2/11265 5783/3/11265
f 5892/1/11266 5850/2/11266 5816/3/11266
f 5893/1/11267 5711/2/11267 5831/3/11267
f 5881/1/11268 5856/2/11268 5820/3/11268
f 5866/1/11269 5773/2/11269 5723/3/11269
f 5881/1/11270 5830/2/11270 5878/3/11270
f 5804/1/11271 5765/2/11271 5840/3/11271
f 5894/1/11272 5839/2/11272 5847/3/11272
f 5862/1/11273 5742/2/11273 5725/3/11273
f 5861/1/11274 5823/2/11274 5884/3/11274
f 5821/1/11275 5792/2/11275 5863/3/11275
f 5817/1/11276 5733/2/11276 5872/3/11276
f 5897/1/11277 5841/2/11277 5799/3/11277
f 5866/1/11278 5749/2/11278 5868/3/11278
f 5898/1/11279 5843/2/11279 5844/3/11279
f 5900/1/11280 5816/2/11280 5849/3/11280
f 5902/1/11281 5799/2/11281 5827/3/11281
f 5526/1/11282 5843/2/11282 5891/3/11282
f 5878/1/11283 4473/2/11283 4476/3/11283
f 5903/1/11284 5772/2/11284 5694/3/11284
f 5903/1/11285 5694/2/11285 5817/3/11285
f 5904/1/11286 5847/2/11286 5850/3/11286
f 5904/1/11287 5850/2/11287 5892/3/11287
f 5814/1/11288 5678/2/11288 5716/3/11288
f 5906/1/11289 5803/2/11289 5842/3/11289
f 5905/1/11290 5846/2/11290 5686/3/11290
f 5907/1/11291 5844/2/11291 5870/3/11291
f 5908/1/11292 5759/2/11292 5814/3/11292
f 5894/1/11293 5870/2/11293 5839/3/11293
f 5891/1/11294 5843/2/11294 5898/3/11294
f 5829/1/11295 5736/2/11295 5819/3/11295
f 5863/1/11296 5785/2/11296 5835/3/11296
f 5909/1/11297 5849/2/11297 5861/3/11297
f 5910/1/11298 5721/2/11298 5813/3/11298
f 5910/1/11299 5812/2/11299 5721/3/11299
f 5911/1/11300 5754/2/11300 5852/3/11300
f 5838/1/11301 5631/2/11301 5874/3/11301
f 5912/1/11302 5769/2/11302 5714/3/11302
f 5912/1/11303 5714/2/11303 5851/3/11303
f 5881/1/11304 5884/2/11304 5856/3/11304
f 5892/1/11305 5816/2/11305 5900/3/11305
f 5888/1/11306 5833/2/11306 5808/3/11306
f 5913/1/11307 5827/2/11307 5824/3/11307
f 5831/1/11308 5647/2/11308 5887/3/11308
f 5898/1/11309 5844/2/11309 5907/3/11309
f 5894/1/11310 5847/2/11310 5904/3/11310
f 5890/1/11311 5768/2/11311 5829/3/11311
f 5914/1/11312 5861/2/11312 5884/3/11312
f 5915/1/11313 5865/2/11313 5770/3/11313
f 5916/1/11314 5774/2/11314 5825/3/11314
f 5916/1/11315 5797/2/11315 5774/3/11315
f 5915/1/11316 5770/2/11316 5873/3/11316
f 5834/1/11317 5674/2/11317 5857/3/11317
f 5917/1/11318 5773/2/11318 5866/3/11318
f 5895/1/11319 5763/2/11319 5793/3/11319
f 5918/1/11320 5755/2/11320 5875/3/11320
f 5918/1/11321 5790/2/11321 5755/3/11321
f 5919/1/11322 5710/2/11322 5822/3/11322
f 5919/1/11323 5778/2/11323 5710/3/11323
f 5920/1/11324 5821/2/11324 5863/3/11324
f 5530/1/11325 5526/2/11325 5891/3/11325
f 5886/1/11326 4507/2/11326 5899/3/11326
f 5921/1/11327 5879/2/11327 5833/3/11327
f 5879/1/11328 5854/2/11328 5788/3/11328
f 5900/1/11329 5849/2/11329 5909/3/11329
f 5902/1/11330 5897/2/11330 5799/3/11330
f 620/1/11331 619/2/11331 5782/3/11331
f 5922/1/11332 5686/2/11332 5832/3/11332
f 620/1/11333 5782/2/11333 5877/3/11333
f 5826/1/11334 5588/2/11334 5800/3/11334
f 5886/1/11335 5832/2/11335 5718/3/11335
f 5923/1/11336 5804/2/11336 5840/3/11336
f 5883/1/11337 5763/2/11337 5895/3/11337
f 5907/1/11338 5870/2/11338 5894/3/11338
f 5924/1/11339 5862/2/11339 5747/3/11339
f 5924/1/11340 5747/2/11340 5871/3/11340
f 5897/1/11341 5877/2/11341 5841/3/11341
f 5926/1/11342 5716/2/11342 5860/3/11342
f 5926/1/11343 5814/2/11343 5716/3/11343
f 5901/1/11344 5524/2/11344 5526/3/11344
f 5927/1/11345 5757/2/11345 5876/3/11345
f 5927/1/11346 5867/2/11346 5757/3/11346
f 5885/1/11347 5742/2/11347 5862/3/11347
f 5893/1/11348 5806/2/11348 5711/3/11348
f 5804/1/11349 1274/2/11349 1220/3/11349
f 5911/1/11350 5794/2/11350 5754/3/11350
f 5913/1/11351 5824/2/11351 5854/3/11351
f 5928/1/11352 5692/2/11352 5880/3/11352
f 5928/1/11353 5791/2/11353 5692/3/11353
f 5929/1/11354 5813/2/11354 5845/3/11354
f 5868/1/11355 5803/2/11355 5906/3/11355
f 5930/1/11356 5871/2/11356 5789/3/11356
f 5931/1/11357 5873/2/11357 5821/3/11357
f 5899/1/11358 4507/2/11358 4510/3/11358
f 5933/1/11359 5759/2/11359 5908/3/11359
f 5933/1/11360 5802/2/11360 5759/3/11360
f 5932/1/11361 5881/2/11361 5878/3/11361
f 5530/1/11362 5891/2/11362 5898/3/11362
f 5934/1/11363 5888/2/11363 5818/3/11363
f 5934/1/11364 5818/2/11364 5865/3/11364
f 5853/1/11365 5895/2/11365 5793/3/11365
f 5935/1/11366 5936/2/11366 5901/3/11366
f 5937/1/11367 5861/2/11367 5914/3/11367
f 5937/1/11368 5909/2/11368 5861/3/11368
f 5917/1/11369 5876/2/11369 5773/3/11369
f 5939/1/11370 5877/2/11370 5897/3/11370
f 5864/1/11371 5737/2/11371 5885/3/11371
f 5941/1/11372 5904/2/11372 5892/3/11372
f 5941/1/11373 5892/2/11373 5900/3/11373
f 5942/1/11374 5827/2/11374 5913/3/11374
f 5943/1/11375 5789/2/11375 5728/3/11375
f 5943/1/11376 5728/2/11376 5889/3/11376
f 5944/1/11377 5901/2/11377 5526/3/11377
f 5945/1/11378 5865/2/11378 5915/3/11378
f 5946/1/11379 5658/2/11379 5783/3/11379
f 5947/1/11380 5907/2/11380 5894/3/11380
f 5947/1/11381 5894/2/11381 5925/3/11381
f 5859/1/11382 5858/2/11382 5867/3/11382
f 5948/1/11383 5778/2/11383 5919/3/11383
f 5925/1/11384 5894/2/11384 5904/3/11384
f 5949/1/11385 5875/2/11385 5809/3/11385
f 5949/1/11386 5809/2/11386 5890/3/11386
f 5950/1/11387 5881/2/11387 5932/3/11387
f 5951/1/11388 5857/2/11388 5726/3/11388
f 5819/1/11389 5797/2/11389 5916/3/11389
f 5926/1/11390 5908/2/11390 5814/3/11390
f 5921/1/11391 5833/2/11391 5888/3/11391
f 5550/1/11392 5926/2/11392 5860/3/11392
f 5878/1/11393 4476/2/11393 4479/3/11393
f 5937/1/11394 5900/2/11394 5909/3/11394
f 5952/1/11395 5794/2/11395 5911/3/11395
f 5935/1/11396 5901/2/11396 5944/3/11396
f 5551/1/11397 5860/2/11397 5883/3/11397
f 5931/1/11398 5915/2/11398 5873/3/11398
f 5953/1/11399 5854/2/11399 5879/3/11399
f 5905/1/11400 5686/2/11400 5922/3/11400
f 5954/1/11401 5863/2/11401 5835/3/11401
f 5955/1/11402 5821/2/11402 5920/3/11402
f 5956/1/11403 5853/2/11403 5815/3/11403
f 5957/1/11404 5726/2/11404 5752/3/11404
f 5533/1/11405 5530/2/11405 5898/3/11405
f 5869/1/11406 4492/2/11406 5896/3/11406
f 5923/1/11407 1274/2/11407 5804/3/11407
f 5958/1/11408 5884/2/11408 5881/3/11408
f 5958/1/11409 5881/2/11409 5950/3/11409
f 5959/1/11410 5900/2/11410 5937/3/11410
f 5960/1/11411 5672/2/11411 5649/3/11411
f 5961/1/11412 5876/2/11412 5917/3/11412
f 5944/1/11413 5526/2/11413 5530/3/11413
f 5962/1/11414 5877/2/11414 5939/3/11414
f 5963/1/11415 5806/2/11415 5893/3/11415
f 5942/1/11416 5902/2/11416 5827/3/11416
f 5964/1/11417 5920/2/11417 5863/3/11417
f 5840/1/11418 5812/2/11418 5910/3/11418
f 5965/1/11419 5897/2/11419 5902/3/11419
f 5966/1/11420 5760/2/11420 5846/3/11420
f 5966/1/11421 5837/2/11421 5760/3/11421
f 5940/1/11422 5829/2/11422 5819/3/11422
f 5959/1/11423 5941/2/11423 5900/3/11423
f 5536/1/11424 5907/2/11424 5947/3/11424
f 5536/1/11425 5898/2/11425 5907/3/11425
f 5967/1/11426 5879/2/11426 5921/3/11426
f 5933/1/11427 5855/2/11427 5802/3/11427
f 5953/1/11428 5913/2/11428 5854/3/11428
f 5948/1/11429 5825/2/11429 5778/3/11429
f 5968/1/11430 5925/2/11430 5904/3/11430
f 5918/1/11431 5852/2/11431 5790/3/11431
f 5951/1/11432 5834/2/11432 5857/3/11432
f 5969/1/11433 5769/2/11433 5912/3/11433
f 5969/1/11434 5828/2/11434 5769/3/11434
f 5970/1/11435 5720/2/11435 5838/3/11435
f 5971/1/11436 5884/2/11436 5958/3/11436
f 5971/1/11437 5914/2/11437 5884/3/11437
f 5550/1/11438 5860/2/11438 5551/3/11438
f 5952/1/11439 5842/2/11439 5794/3/11439
f 5931/1/11440 5821/2/11440 5955/3/11440
f 5972/1/11441 5888/2/11441 5934/3/11441
f 5962/1/11442 620/2/11442 5877/3/11442
f 5973/1/11443 5871/2/11443 5930/3/11443
f 5896/1/11444 4492/2/11444 4497/3/11444
f 5934/1/11445 5865/2/11445 5945/3/11445
f 5975/1/11446 5851/2/11446 5772/3/11446
f 5975/1/11447 5772/2/11447 5903/3/11447
f 5964/1/11448 5863/2/11448 5954/3/11448
f 5976/1/11449 5819/2/11449 5916/3/11449
f 5977/1/11450 5835/2/11450 5855/3/11450
f 5932/1/11451 5878/2/11451 4479/3/11451
f 5977/1/11452 5855/2/11452 5933/3/11452
f 5957/1/11453 5752/2/11453 5848/3/11453
f 5979/1/11454 5965/2/11454 5902/3/11454
f 5979/1/11455 5902/2/11455 5942/3/11455
f 5536/1/11456 5533/2/11456 5898/3/11456
f 5980/1/11457 5936/2/11457 5935/3/11457
f 5981/1/11458 5866/2/11458 5868/3/11458
f 5981/1/11459 5917/2/11459 5866/3/11459
f 5961/1/11460 5927/2/11460 5876/3/11460
f 5982/1/11461 5953/2/11461 5879/3/11461
f 5983/1/11462 5918/2/11462 5875/3/11462
f 5983/1/11463 5875/2/11463 5949/3/11463
f 5984/1/11464 5840/2/11464 5910/3/11464
f 5985/1/11465 5914/2/11465 5971/3/11465
f 5986/1/11466 5845/2/11466 5864/3/11466
f 5985/1/11467 5937/2/11467 5914/3/11467
f 5987/1/11468 5885/2/11468 5862/3/11468
f 5987/1/11469 5862/2/11469 5924/3/11469
f 5989/1/11470 5530/2/11470 5533/3/11470
f 5988/1/11471 5800/2/11471 5741/3/11471
f 5989/1/11472 5944/2/11472 5530/3/11472
f 5980/1/11473 6329/2/11473 5936/3/11473
f 5990/1/11474 5815/2/11474 5826/3/11474
f 5965/1/11475 5939/2/11475 5897/3/11475
f 5972/1/11476 5921/2/11476 5888/3/11476
f 5991/1/11477 5947/2/11477 5925/3/11477
f 5991/1/11478 5925/2/11478 5968/3/11478
f 5941/1/11479 5968/2/11479 5904/3/11479
f 5520/1/11480 5874/2/11480 5705/3/11480
f 5923/1/11481 690/2/11481 1274/3/11481
f 5992/1/11482 5903/2/11482 5817/3/11482
f 5993/1/11483 5817/2/11483 5872/3/11483
f 5994/1/11484 5825/2/11484 5948/3/11484
f 5930/1/11485 5789/2/11485 5943/3/11485
f 5995/1/11486 5938/2/11486 5859/3/11486
f 5982/1/11487 5879/2/11487 5967/3/11487
f 5998/1/11488 5852/2/11488 5918/3/11488
f 5997/1/11489 5872/2/11489 5834/3/11489
f 5997/1/11490 5834/2/11490 5951/3/11490
f 5880/1/11491 5363/2/11491 5369/3/11491
f 5999/1/11492 5842/2/11492 5952/3/11492
f 5964/1/11493 5955/2/11493 5920/3/11493
f 5966/1/11494 5887/2/11494 5837/3/11494
f 6000/1/11495 5913/2/11495 5953/3/11495
f 6000/1/11496 5942/2/11496 5913/3/11496
f 6002/1/11497 5859/2/11497 5867/3/11497
f 6002/1/11498 5867/2/11498 5927/3/11498
f 6001/1/11499 5962/2/11499 5939/3/11499
f 6003/1/11500 5726/2/11500 5957/3/11500
f 6003/1/11501 5951/2/11501 5726/3/11501
f 5996/1/11502 5922/2/11502 5832/3/11502
f 6043/1/11503 5705/2/11503 5658/3/11503
f 6004/1/11504 5923/2/11504 5840/3/11504
f 5978/1/11505 5864/2/11505 5885/3/11505
f 5954/1/11506 5835/2/11506 5977/3/11506
f 6005/1/11507 5968/2/11507 5941/3/11507
f 6006/1/11508 5921/2/11508 5972/3/11508
f 6006/1/11509 5967/2/11509 5921/3/11509
f 6007/1/11510 5927/2/11510 5961/3/11510
f 6009/1/11511 5988/2/11511 5741/3/11511
f 6009/1/11512 5741/2/11512 5791/3/11512
f 6010/1/11513 5828/2/11513 5969/3/11513
f 6010/1/11514 5889/2/11514 5828/3/11514
f 5996/1/11515 5832/2/11515 5886/3/11515
f 6011/1/11516 6329/2/11516 5980/3/11516
f 6012/1/11517 5831/2/11517 5887/3/11517
f 6013/1/11518 5890/2/11518 5829/3/11518
f 6013/1/11519 5829/2/11519 5940/3/11519
f 5959/1/11520 5937/2/11520 5985/3/11520
f 6014/1/11521 5989/2/11521 5533/3/11521
f 6014/1/11522 5533/2/11522 5535/3/11522
f 5540/1/11523 5947/2/11523 5991/3/11523
f 5540/1/11524 5536/2/11524 5947/3/11524
f 736/1/11525 620/2/11525 5962/3/11525
f 6015/1/11526 5813/2/11526 5929/3/11526
f 6032/1/11527 5945/2/11527 5915/3/11527
f 6032/1/11528 5915/2/11528 5931/3/11528
f 6016/1/11529 5779/2/11529 5806/3/11529
f 6017/1/11530 5791/2/11530 5928/3/11530
f 6016/1/11531 5806/2/11531 5963/3/11531
f 6018/1/11532 5955/2/11532 5964/3/11532
f 6019/1/11533 5980/2/11533 5935/3/11533
f 6020/1/11534 5868/2/11534 5906/3/11534
f 5998/1/11535 5911/2/11535 5852/3/11535
f 6022/1/11536 5887/2/11536 5966/3/11536
f 6023/1/11537 5935/2/11537 5944/3/11537
f 5481/1/11538 5720/2/11538 5970/3/11538
f 6001/1/11539 736/2/11539 5962/3/11539
f 5481/1/11540 5775/2/11540 5720/3/11540
f 6024/1/11541 5965/2/11541 5979/3/11541
f 6025/1/11542 5954/2/11542 5977/3/11542
f 6004/1/11543 5840/2/11543 5984/3/11543
f 6062/1/11544 5950/2/11544 5932/3/11544
f 6001/1/11545 5939/2/11545 5965/3/11545
f 5973/1/11546 5924/2/11546 5871/3/11546
f 5975/1/11547 5912/2/11547 5851/3/11547
f 5976/1/11548 5940/2/11548 5819/3/11548
f 6026/1/11549 5953/2/11549 5982/3/11549
f 5999/1/11550 5906/2/11550 5842/3/11550
f 6027/1/11551 5783/2/11551 5672/3/11551
f 6027/1/11552 5672/2/11552 5960/3/11552
f 5956/1/11553 5815/2/11553 5990/3/11553
f 6028/1/11554 5929/2/11554 5845/3/11554
f 6028/1/11555 5845/2/11555 5986/3/11555
f 6029/1/11556 5934/2/11556 5945/3/11556
f 6030/1/11557 5945/2/11557 6032/3/11557
f 6031/1/11558 5964/2/11558 5954/3/11558
f 5869/1/11559 5960/2/11559 5649/3/11559
f 6004/1/11560 690/2/11560 5923/3/11560
f 6032/1/11561 5931/2/11561 5955/3/11561
f 6019/1/11562 5935/2/11562 6023/3/11562
f 6033/1/11563 5948/2/11563 5919/3/11563
f 6000/1/11564 5979/2/11564 5942/3/11564
f 6034/1/11565 5991/2/11565 5968/3/11565
f 5978/1/11566 5885/2/11566 5987/3/11566
f 6034/1/11567 5968/2/11567 6005/3/11567
f 6036/1/11568 5941/2/11568 5959/3/11568
f 6023/1/11569 5944/2/11569 5989/3/11569
f 6037/1/11570 5903/2/11570 5992/3/11570
f 6037/1/11571 5975/2/11571 5903/3/11571
f 6038/1/11572 6011/2/11572 5980/3/11572
f 6038/1/11573 5980/2/11573 6019/3/11573
f 6039/1/11574 5967/2/11574 6006/3/11574
f 6012/1/11575 5887/2/11575 6022/3/11575
f 6040/1/11576 5938/2/11576 5995/3/11576
f 6040/1/11577 5974/2/11577 5938/3/11577
f 3945/1/11578 5883/2/11578 5895/3/11578
f 6041/1/11579 5985/2/11579 5971/3/11579
f 5958/1/11580 5950/2/11580 6062/3/11580
f 6042/1/11581 5918/2/11581 5983/3/11581
f 6043/1/11582 5658/2/11582 5946/3/11582
f 6009/1/11583 5791/2/11583 6017/3/11583
f 6012/1/11584 5893/2/11584 5831/3/11584
f 6000/1/11585 5953/2/11585 6026/3/11585
f 6044/1/11586 5846/2/11586 5905/3/11586
f 6015/1/11587 5910/2/11587 5813/3/11587
f 6015/1/11588 5984/2/11588 5910/3/11588
f 6032/1/11589 5955/2/11589 6018/3/11589
f 6045/1/11590 5964/2/11590 6031/3/11590
f 5994/1/11591 5916/2/11591 5825/3/11591
f 6020/1/11592 5981/2/11592 5868/3/11592
f 5963/1/11593 5893/2/11593 6012/3/11593
f 6047/1/11594 6004/2/11594 5984/3/11594
f 6029/1/11595 5972/2/11595 5934/3/11595
f 5993/1/11596 5872/2/11596 5997/3/11596
f 6048/1/11597 5933/2/11597 5908/3/11597
f 6049/1/11598 6018/2/11598 5964/3/11598
f 6050/1/11599 6006/2/11599 5972/3/11599
f 5978/1/11600 5986/2/11600 5864/3/11600
f 5520/1/11601 5705/2/11601 6043/3/11601
f 6051/1/11602 5945/2/11602 6030/3/11602
f 6031/1/11603 5954/2/11603 6025/3/11603
f 6052/1/11604 5979/2/11604 6000/3/11604
f 6054/1/11605 5924/2/11605 5973/3/11605
f 5440/1/11606 5940/2/11606 5976/3/11606
f 6039/1/11607 5982/2/11607 5967/3/11607
f 6048/1/11608 5908/2/11608 5926/3/11608
f 6021/1/11609 5895/2/11609 5853/3/11609
f 6055/1/11610 6011/2/11610 6038/3/11610
f 6004/1/11611 691/2/11611 690/3/11611
f 5981/1/11612 5961/2/11612 5917/3/11612
f 3951/1/11613 5550/2/11613 5551/3/11613
f 6056/1/11614 5930/2/11614 5943/3/11614
f 3945/1/11615 5895/2/11615 6021/3/11615
f 5995/1/11616 5859/2/11616 6002/3/11616
f 6057/1/11617 6001/2/11617 5965/3/11617
f 6057/1/11618 5965/2/11618 6024/3/11618
f 5431/1/11619 5906/2/11619 5999/3/11619
f 791/1/11620 736/2/11620 6001/3/11620
f 6058/1/11621 5992/2/11621 5817/3/11621
f 6059/1/11622 5985/2/11622 6041/3/11622
f 6058/1/11623 5817/2/11623 5993/3/11623
f 6060/1/11624 5977/2/11624 5933/3/11624
f 6060/1/11625 5933/2/11625 6048/3/11625
f 5469/1/11626 5999/2/11626 5952/3/11626
f 6061/1/11627 5889/2/11627 6010/3/11627
f 6062/1/11628 4479/2/11628 4482/3/11628
f 5496/1/11629 5838/2/11629 5874/3/11629
f 6061/1/11630 5943/2/11630 5889/3/11630
f 6062/1/11631 5932/2/11631 4479/3/11631
f 5551/1/11632 5883/2/11632 3945/3/11632
f 5543/1/11633 5991/2/11633 6034/3/11633
f 5543/1/11634 5540/2/11634 5991/3/11634
f 6063/1/11635 6002/2/11635 5927/3/11635
f 5946/1/11636 5783/2/11636 6027/3/11636
f 6074/1/11637 5978/2/11637 5987/3/11637
f 3951/1/11638 6053/2/11638 5550/3/11638
f 5998/1/11639 5952/2/11639 5911/3/11639
f 6051/1/11640 6029/2/11640 5945/3/11640
f 6064/1/11641 5982/2/11641 6039/3/11641
f 6065/1/11642 5989/2/11642 6014/3/11642
f 5956/1/11643 6021/2/11643 5853/3/11643
f 6066/1/11644 5941/2/11644 6036/3/11644
f 6066/1/11645 6005/2/11645 5941/3/11645
f 5476/1/11646 5998/2/11646 5918/3/11646
f 5476/1/11647 5918/2/11647 6042/3/11647
f 5478/1/11648 5882/2/11648 5779/3/11648
f 5478/1/11649 5779/2/11649 6016/3/11649
f 6067/1/11650 5959/2/11650 5985/3/11650
f 5523/1/11651 5981/2/11651 6020/3/11651
f 6067/1/11652 5985/2/11652 6059/3/11652
f 6068/1/11653 6030/2/11653 6032/3/11653
f 6070/1/11654 6014/2/11654 5535/3/11654
f 6046/1/11655 6000/2/11655 6026/3/11655
f 6070/1/11656 5535/2/11656 5539/3/11656
f 6069/1/11657 5993/2/11657 5997/3/11657
f 5440/1/11658 6013/2/11658 5940/3/11658
f 5463/1/11659 5963/2/11659 6012/3/11659
f 6089/1/11660 6068/2/11660 6032/3/11660
f 5506/1/11661 5949/2/11661 5890/3/11661
f 5506/1/11662 5890/2/11662 6013/3/11662
f 6071/1/11663 5979/2/11663 6052/3/11663
f 6071/1/11664 6024/2/11664 5979/3/11664
f 6035/1/11665 6011/2/11665 6055/3/11665
f 6053/1/11666 5926/2/11666 5550/3/11666
f 6050/1/11667 6039/2/11667 6006/3/11667
f 5495/1/11668 5966/2/11668 5846/3/11668
f 5495/1/11669 5846/2/11669 6044/3/11669
f 6072/1/11670 5951/2/11670 6003/3/11670
f 6072/1/11671 5997/2/11671 5951/3/11671
f 6057/1/11672 791/2/11672 6001/3/11672
f 6054/1/11673 5987/2/11673 5924/3/11673
f 5451/1/11674 5961/2/11674 5981/3/11674
f 6073/1/11675 5990/2/11675 5826/3/11675
f 6073/1/11676 5826/2/11676 5800/3/11676
f 6052/1/11677 6000/2/11677 6046/3/11677
f 6050/1/11678 5972/2/11678 6029/3/11678
f 5450/1/11679 5969/2/11679 5912/3/11679
f 5450/1/11680 5912/2/11680 5975/3/11680
f 6015/1/11681 5929/2/11681 6028/3/11681
f 6049/1/11682 5964/2/11682 6045/3/11682
f 6065/1/11683 6023/2/11683 5989/3/11683
f 5454/1/11684 5975/2/11684 6037/3/11684
f 6060/1/11685 6025/2/11685 5977/3/11685
f 5435/1/11686 5994/2/11686 5948/3/11686
f 5431/1/11687 6020/2/11687 5906/3/11687
f 6089/1/11688 6032/2/11688 6018/3/11688
f 6076/1/11689 5952/2/11689 5998/3/11689
f 6077/1/11690 5996/2/11690 5886/3/11690
f 5481/1/11691 5822/2/11691 5775/3/11691
f 6078/1/11692 6012/2/11692 6022/3/11692
f 5496/1/11693 5970/2/11693 5838/3/11693
f 6079/1/11694 6052/2/11694 6046/3/11694
f 5899/1/11695 6077/2/11695 5886/3/11695
f 6080/1/11696 6008/2/11696 5974/3/11696
f 6080/1/11697 5974/2/11697 6040/3/11697
f 6063/1/11698 5927/2/11698 6007/3/11698
f 5441/1/11699 6014/2/11699 6070/3/11699
f 5514/1/11700 5973/2/11700 5930/3/11700
f 5514/1/11701 5930/2/11701 6056/3/11701
f 3946/1/11702 3951/2/11702 5551/3/11702
f 6064/1/11703 6026/2/11703 5982/3/11703
f 5486/1/11704 5958/2/11704 6062/3/11704
f 6081/1/11705 6036/2/11705 5959/3/11705
f 5482/1/11706 4497/2/11706 4500/3/11706
f 6081/1/11707 5959/2/11707 6067/3/11707
f 6082/1/11708 6038/2/11708 6019/3/11708
f 5516/1/11709 6040/2/11709 5995/3/11709
f 5464/1/11710 6005/2/11710 6066/3/11710
f 5464/1/11711 6034/2/11711 6005/3/11711
f 5441/1/11712 6065/2/11712 6014/3/11712
f 5460/1/11713 5963/2/11713 5463/3/11713
f 6083/1/11714 6071/2/11714 6052/3/11714
f 6047/1/11715 691/2/11715 6004/3/11715
f 5439/1/11716 6013/2/11716 5440/3/11716
f 5466/1/11717 5987/2/11717 6054/3/11717
f 5421/1/11718 5880/2/11718 5369/3/11718
f 5478/1/11719 5848/2/11719 5882/3/11719
f 6084/1/11720 791/2/11720 6057/3/11720
f 6085/1/11721 6035/2/11721 6055/3/11721
f 6086/1/11722 6051/2/11722 6030/3/11722
f 6086/1/11723 6030/2/11723 6068/3/11723
f 5423/1/11724 6058/2/11724 5993/3/11724
f 6087/1/11725 6024/2/11725 6071/3/11725
f 6087/1/11726 6057/2/11726 6024/3/11726
f 5501/1/11727 6038/2/11727 6082/3/11727
f 6089/1/11728 6018/2/11728 6049/3/11728
f 6097/1/11729 5486/2/11729 6062/3/11729
f 6064/1/11730 6046/2/11730 6026/3/11730
f 5430/1/11731 6020/2/11731 5431/3/11731
f 6065/1/11732 6019/2/11732 6023/3/11732
f 6056/1/11733 5943/2/11733 6061/3/11733
f 5494/1/11734 5520/2/11734 6043/3/11734
f 6091/1/11735 6050/2/11735 6029/3/11735
f 6091/1/11736 6029/2/11736 6051/3/11736
f 5497/1/11737 5916/2/11737 5994/3/11737
f 5510/1/11738 6054/2/11738 5973/3/11738
f 6083/1/11739 6052/2/11739 6079/3/11739
f 5497/1/11740 5976/2/11740 5916/3/11740
f 5447/1/11741 5983/2/11741 5949/3/11741
f 5447/1/11742 5949/2/11742 5506/3/11742
f 5489/1/11743 6003/2/11743 5957/3/11743
f 6084/1/11744 844/2/11744 791/3/11744
f 6073/1/11745 5800/2/11745 5988/3/11745
f 6092/1/11746 6065/2/11746 5441/3/11746
f 6093/1/11747 5926/2/11747 6053/3/11747
f 5490/1/11748 5958/2/11748 5486/3/11748
f 5490/1/11749 5971/2/11749 5958/3/11749
f 5546/1/11750 6010/2/11750 5969/3/11750
f 5546/1/11751 5969/2/11751 5450/3/11751
f 5496/1/11752 5874/2/11752 5520/3/11752
f 5502/1/11753 5905/2/11753 5922/3/11753
f 5502/1/11754 5922/2/11754 5996/3/11754
f 6017/1/11755 5928/2/11755 5880/3/11755
f 5455/1/11756 6002/2/11756 6063/3/11756
f 5455/1/11757 5995/2/11757 6002/3/11757
f 6094/1/11758 6064/2/11758 6039/3/11758
f 5501/1/11759 6055/2/11759 6038/3/11759
f 6095/1/11760 6210/2/11760 6035/3/11760
f 6076/1/11761 5469/2/11761 5952/3/11761
f 5431/1/11762 5999/2/11762 5469/3/11762
f 6096/1/11763 5978/2/11763 6074/3/11763
f 6096/1/11764 5986/2/11764 5978/3/11764
f 6088/1/11765 6039/2/11765 6050/3/11765
f 6069/1/11766 5997/2/11766 6072/3/11766
f 5552/1/11767 5956/2/11767 5990/3/11767
f 5443/1/11768 6037/2/11768 5992/3/11768
f 5443/1/11769 5992/2/11769 6058/3/11769
f 5460/1/11770 6016/2/11770 5963/3/11770
f 5466/1/11771 6074/2/11771 5987/3/11771
f 5542/1/11772 6070/2/11772 5539/3/11772
f 6098/1/11773 6046/2/11773 6064/3/11773
f 6098/1/11774 6079/2/11774 6046/3/11774
f 6099/1/11775 6050/2/11775 6091/3/11775
f 6099/1/11776 6088/2/11776 6050/3/11776
f 3957/1/11777 6025/2/11777 6060/3/11777
f 5461/1/11778 5478/2/11778 6016/3/11778
f 6080/1/11779 6075/2/11779 6008/3/11779
f 5421/1/11780 6017/2/11780 5880/3/11780
f 5467/1/11781 5896/2/11781 4497/3/11781
f 5457/1/11782 5984/2/11782 6015/3/11782
f 6090/1/11783 6210/2/11783 6095/3/11783
f 5525/1/11784 5976/2/11784 5497/3/11784
f 5451/1/11785 6007/2/11785 5961/3/11785
f 5493/1/11786 6034/2/11786 5464/3/11786
f 6022/1/11787 5966/2/11787 5495/3/11787
f 5493/1/11788 5543/2/11788 6034/3/11788
f 5423/1/11789 5993/2/11789 6069/3/11789
f 6100/1/11790 6087/2/11790 6071/3/11790
f 6082/1/11791 6019/2/11791 6065/3/11791
f 6047/1/11792 781/2/11792 691/3/11792
f 6101/1/11793 6094/2/11793 6039/3/11793
f 5430/1/11794 5523/2/11794 6020/3/11794
f 6101/1/11795 6039/2/11795 6088/3/11795
f 6066/1/11796 6036/2/11796 6081/3/11796
f 3946/1/11797 5551/2/11797 3945/3/11797
f 5450/1/11798 5975/2/11798 5454/3/11798
f 5511/1/11799 5994/2/11799 5435/3/11799
f 6084/1/11800 6057/2/11800 6087/3/11800
f 6095/1/11801 6035/2/11801 6085/3/11801
f 3954/1/11802 6060/2/11802 6048/3/11802
f 6041/1/11803 5971/2/11803 5490/3/11803
f 6091/1/11804 6051/2/11804 6086/3/11804
f 5470/1/11805 6070/2/11805 5542/3/11805
f 3959/1/11806 6045/2/11806 6031/3/11806
f 5480/1/11807 5919/2/11807 5822/3/11807
f 5480/1/11808 5822/2/11808 5481/3/11808
f 6072/1/11809 6003/2/11809 5489/3/11809
f 3959/1/11810 6025/2/11810 3957/3/11810
f 3959/1/11811 6031/2/11811 6025/3/11811
f 6085/1/11812 6055/2/11812 5501/3/11812
f 6100/1/11813 6071/2/11813 6083/3/11813
f 5452/1/11814 5451/2/11814 5981/3/11814
f 5452/1/11815 5981/2/11815 5523/3/11815
f 5477/1/11816 5848/2/11816 5478/3/11816
f 5477/1/11817 5957/2/11817 5848/3/11817
f 5499/1/11818 6074/2/11818 5466/3/11818
f 5517/1/11819 5998/2/11819 5476/3/11819
f 5456/1/11820 6065/2/11820 6092/3/11820
f 3955/1/11821 6060/2/11821 3954/3/11821
f 6102/1/11822 6064/2/11822 6094/3/11822
f 5448/1/11823 5514/2/11823 6056/3/11823
f 764/1/11824 6075/2/11824 6080/3/11824
f 5429/1/11825 5463/2/11825 6012/3/11825
f 5434/1/11826 6078/2/11826 6022/3/11826
f 3954/1/11827 5926/2/11827 6093/3/11827
f 3954/1/11828 6048/2/11828 5926/3/11828
f 3935/1/11829 5956/2/11829 5552/3/11829
f 3935/1/11830 6021/2/11830 5956/3/11830
f 6044/1/11831 5905/2/11831 5502/3/11831
f 3964/1/11832 6045/2/11832 3959/3/11832
f 3931/1/11833 6089/2/11833 6049/3/11833
f 5459/1/11834 6080/2/11834 6040/3/11834
f 5459/1/11835 6040/2/11835 5516/3/11835
f 5492/1/11836 5543/2/11836 5493/3/11836
f 910/1/11837 844/2/11837 6084/3/11837
f 5441/1/11838 6070/2/11838 5470/3/11838
f 5435/1/11839 5948/2/11839 6033/3/11839
f 5467/1/11840 4497/2/11840 5482/3/11840
f 5479/1/11841 6072/2/11841 5489/3/11841
f 5552/1/11842 5990/2/11842 6073/3/11842
f 3957/1/11843 6060/2/11843 3955/3/11843
f 5538/1/11844 6063/2/11844 6007/3/11844
f 5538/1/11845 6007/2/11845 5451/3/11845
f 3951/1/11846 6093/2/11846 6053/3/11846
f 3935/1/11847 3945/2/11847 6021/3/11847
f 3929/1/11848 6049/2/11848 6045/3/11848
f 3929/1/11849 3931/2/11849 6049/3/11849
f 3929/1/11850 6045/2/11850 3964/3/11850
f 5449/1/11851 6056/2/11851 6061/3/11851
f 5508/1/11852 5523/2/11852 5430/3/11852
f 5516/1/11853 5995/2/11853 5455/3/11853
f 6102/1/11854 6098/2/11854 6064/3/11854
f 6084/1/11855 6087/2/11855 6100/3/11855
f 5466/1/11856 6054/2/11856 5510/3/11856
f 6103/1/11857 6083/2/11857 6079/3/11857
f 5531/1/11858 6076/2/11858 5998/3/11858
f 6103/1/11859 6079/2/11859 6098/3/11859
f 6097/1/11860 6062/2/11860 4482/3/11860
f 3967/1/11861 6068/2/11861 6089/3/11861
f 5471/1/11862 6015/2/11862 6028/3/11862
f 6104/1/11863 6101/2/11863 6088/3/11863
f 5510/1/11864 5973/2/11864 5514/3/11864
f 5507/1/11865 6013/2/11865 5439/3/11865
f 5507/1/11866 5506/2/11866 6013/3/11866
f 5436/1/11867 6069/2/11867 6072/3/11867
f 3931/1/11868 3939/2/11868 6089/3/11868
f 5457/1/11869 6047/2/11869 5984/3/11869
f 6104/1/11870 6088/2/11870 6099/3/11870
f 5518/1/11871 6010/2/11871 5546/3/11871
f 5518/1/11872 6061/2/11872 6010/3/11872
f 5473/1/11873 5946/2/11873 6027/3/11873
f 5534/1/11874 6028/2/11874 5986/3/11874
f 5534/1/11875 5986/2/11875 6096/3/11875
f 764/1/11876 208/2/11876 6075/3/11876
f 5428/1/11877 6084/2/11877 6100/3/11877
f 5429/1/11878 6012/2/11878 6078/3/11878
f 5482/1/11879 4500/2/11879 5500/3/11879
f 5453/1/11880 5454/2/11880 6037/3/11880
f 5453/1/11881 6037/2/11881 5443/3/11881
f 5456/1/11882 6082/2/11882 6065/3/11882
f 3947/1/11883 6073/2/11883 5988/3/11883
f 5480/1/11884 6033/2/11884 5919/3/11884
f 5447/1/11885 6042/2/11885 5983/3/11885
f 3969/1/11886 6099/2/11886 6091/3/11886
f 5446/1/11887 5445/2/11887 6090/3/11887
f 5446/1/11888 6090/2/11888 6095/3/11888
f 5477/1/11889 5489/2/11889 5957/3/11889
f 6086/1/11890 3968/2/11890 3969/3/11890
f 3968/1/11891 6068/2/11891 3967/3/11891
f 3968/1/11892 6086/2/11892 6068/3/11892
f 5424/1/11893 6067/2/11893 6059/3/11893
f 5461/1/11894 6016/2/11894 5460/3/11894
f 3967/1/11895 6089/2/11895 3939/3/11895
f 5497/1/11896 5994/2/11896 5511/3/11896
f 3947/1/11897 5552/2/11897 6073/3/11897
f 5428/1/11898 910/2/11898 6084/3/11898
f 5458/1/11899 5960/2/11899 5869/3/11899
f 5504/1/11900 6066/2/11900 6081/3/11900
f 3963/1/11901 5988/2/11901 6009/3/11901
f 3963/1/11902 3947/2/11902 5988/3/11902
f 5472/1/11903 5481/2/11903 5970/3/11903
f 5457/1/11904 781/2/11904 6047/3/11904
f 5444/1/11905 5527/2/11905 5445/3/11905
f 5513/1/11906 6044/2/11906 5502/3/11906
f 3969/1/11907 6091/2/11907 6086/3/11907
f 5433/1/11908 6083/2/11908 6103/3/11908
f 5433/1/11909 6100/2/11909 6083/3/11909
f 5468/1/11910 5431/2/11910 5469/3/11910
f 5438/1/11911 6094/2/11911 6101/3/11911
f 5519/1/11912 5496/2/11912 5520/3/11912
f 3960/1/11913 6017/2/11913 5421/3/11913
f 3960/1/11914 3963/2/11914 6009/3/11914
f 3960/1/11915 6009/2/11915 6017/3/11915
f 3970/1/11916 6099/2/11916 3969/3/11916
f 5471/1/11917 5457/2/11917 6015/3/11917
f 5538/1/11918 5455/2/11918 6063/3/11918
f 5425/1/11919 6098/2/11919 6102/3/11919
f 5432/1/11920 6092/2/11920 5441/3/11920
f 5491/1/11921 5450/2/11921 5454/3/11921
f 5498/1/11922 6074/2/11922 5499/3/11922
f 5503/1/11923 5502/2/11923 5996/3/11923
f 3941/1/11924 5421/2/11924 3905/3/11924
f 5433/1/11925 5428/2/11925 6100/3/11925
f 3942/1/11926 3960/2/11926 5421/3/11926
f 5509/1/11927 6082/2/11927 5456/3/11927
f 5525/1/11928 5440/2/11928 5976/3/11928
f 5531/1/11929 5998/2/11929 5517/3/11929
f 3970/1/11930 6104/2/11930 6099/3/11930
f 3970/1/11931 3971/2/11931 6101/3/11931
f 3970/1/11932 6101/2/11932 6104/3/11932
f 5515/1/11933 5516/2/11933 5455/3/11933
f 3941/1/11934 3942/2/11934 5421/3/11934
f 5488/1/11935 5489/2/11935 5477/3/11935
f 815/1/11936 6080/2/11936 5459/3/11936
f 967/1/11937 910/2/11937 5428/3/11937
f 3972/1/11938 5438/2/11938 6101/3/11938
f 5427/1/11939 5428/2/11939 5433/3/11939
f 5438/1/11919 5425/2/11919 6102/3/11919
f 5438/1/11940 6102/2/11940 6094/3/11940
f 5437/1/11941 6098/2/11941 5425/3/11941
f 5437/1/11942 6103/2/11942 6098/3/11942
f 5422/1/11943 5433/2/11943 6103/3/11943
f 4528/1/11944 5685/2/11944 6105/3/11944
f 4527/1/11945 4528/2/11945 6105/3/11945
f 4325/1/11946 4526/2/11946 6106/3/11946
f 4325/1/11947 6106/2/11947 6107/3/11947
f 4522/1/11948 4325/2/11948 6107/3/11948
f 4522/1/11949 6107/2/11949 6108/3/11949
f 4521/1/11950 4522/2/11950 6108/3/11950
f 4518/1/11951 4519/2/11951 6109/3/11951
f 4517/1/11952 4518/2/11952 6169/3/11952
f 6114/1/11953 6143/2/11953 6350/3/11953
f 6119/1/11954 6120/2/11954 6339/3/11954
f 6117/1/11955 6123/2/11955 6124/3/11955
f 6124/1/11956 6114/2/11956 6350/3/11956
f 6114/1/11957 6127/2/11957 6143/3/11957
f 6125/1/11958 6128/2/11958 6126/3/11958
f 6116/1/11959 6130/2/11959 6117/3/11959
f 6112/1/11960 6113/2/11960 6131/3/11960
f 6123/1/11961 6117/2/11961 6130/3/11961
f 6133/1/11962 6134/2/11962 4501/3/11962
f 6278/1/11963 6138/2/11963 6274/3/11963
f 6278/1/11964 6280/2/11964 6138/3/11964
f 6132/1/11965 6312/2/11965 6139/3/11965
f 6135/1/11966 6137/2/11966 6140/3/11966
f 6141/1/11967 6118/2/11967 5858/3/11967
f 6141/1/11968 5858/2/11968 5859/3/11968
f 6274/1/11969 6130/2/11969 6116/3/11969
f 6274/1/11970 6138/2/11970 6130/3/11970
f 6131/1/11971 6147/2/11971 6112/3/11971
f 6145/1/11972 6345/2/11972 3840/3/11972
f 6151/1/11973 6138/2/11973 6280/3/11973
f 6133/1/11974 4501/2/11974 4502/3/11974
f 6152/1/11975 6141/2/11975 5859/3/11975
f 6151/1/11976 6280/2/11976 6153/3/11976
f 6152/1/11977 5859/2/11977 5938/3/11977
f 6146/1/11978 3840/2/11978 6345/3/11978
f 6154/1/11979 5836/2/11979 5524/3/11979
f 6149/1/11980 3841/2/11980 6146/3/11980
f 6149/1/11981 6146/2/11981 6148/3/11981
f 4512/1/11982 6143/2/11982 4124/3/11982
f 6115/1/11983 6128/2/11983 6125/3/11983
f 6154/1/11984 5524/2/11984 6157/3/11984
f 6158/1/11985 6133/2/11985 4502/3/11985
f 6154/1/11986 6160/2/11986 6159/3/11986
f 6154/1/11987 6159/2/11987 5811/3/11987
f 6154/1/11988 5811/2/11988 5836/3/11988
f 6155/1/11989 6161/2/11989 6162/3/11989
f 6155/1/11990 6162/2/11990 6156/3/11990
f 6163/1/11991 6147/2/11991 6131/3/11991
f 6163/1/11992 6131/2/11992 6118/3/11992
f 6115/1/11993 6164/2/11993 6128/3/11993
f 6152/1/11994 5938/2/11994 5974/3/11994
f 6165/1/11995 6161/2/11995 6155/3/11995
f 6165/1/11996 6155/2/11996 6159/3/11996
f 6154/1/11997 6157/2/11997 6330/3/11997
f 6159/1/11998 6160/2/11998 6168/3/11998
f 6126/1/11999 6170/2/11999 6135/3/11999
f 6126/1/12000 6135/2/12000 6352/3/12000
f 5974/1/12001 6166/2/12001 6152/3/12001
f 6165/1/12002 6159/2/12002 6172/3/12002
f 6168/1/12003 6172/2/12003 6159/3/12003
f 6165/1/12004 6173/2/12004 6174/3/12004
f 6165/1/12005 6174/2/12005 6161/3/12005
f 3841/1/12006 6149/2/12006 6176/3/12006
f 6117/1/12007 4512/2/12007 4514/3/12007
f 6177/1/12008 6173/2/12008 6165/3/12008
f 6177/1/12009 6165/2/12009 6172/3/12009
f 6186/1/12010 6172/2/12010 6168/3/12010
f 6186/1/12011 6168/2/12011 6349/3/12011
f 6173/1/12012 6179/2/12012 6180/3/12012
f 6173/1/12013 6180/2/12013 6174/3/12013
f 6173/1/12014 6181/2/12014 6179/3/12014
f 6112/1/12015 6164/2/12015 6115/3/12015
f 6321/1/12016 6158/2/12016 4504/3/12016
f 6184/1/12017 6166/2/12017 5974/3/12017
f 6184/1/12018 5974/2/12018 6008/3/12018
f 6128/1/12019 6170/2/12019 6126/3/12019
f 6179/1/12020 6187/2/12020 6180/3/12020
f 6179/1/12021 6216/2/12021 6187/3/12021
f 6179/1/12022 6188/2/12022 6216/3/12022
f 6112/1/12023 6189/2/12023 6164/3/12023
f 6141/1/12024 6163/2/12024 6118/3/12024
f 6141/1/12025 6190/2/12025 6163/3/12025
f 6181/1/12026 6173/2/12026 6191/3/12026
f 3860/1/12027 6182/2/12027 6183/3/12027
f 6179/1/12028 6181/2/12028 6192/3/12028
f 6194/1/12029 6141/2/12029 6152/3/12029
f 6200/1/12030 6184/2/12030 6008/3/12030
f 6195/1/12031 6199/2/12031 6136/3/12031
f 6195/1/12032 6197/2/12032 6202/3/12032
f 6136/1/12033 6199/2/12033 6137/3/12033
f 6136/1/12034 6137/2/12034 6135/3/12034
f 6147/1/12035 6189/2/12035 6112/3/12035
f 6204/1/12036 6321/2/12036 4506/3/12036
f 6128/1/12037 6205/2/12037 6170/3/12037
f 6207/1/12038 6203/2/12038 6276/3/12038
f 6207/1/12039 6276/2/12039 6208/3/12039
f 6207/1/12040 3867/2/12040 6203/3/12040
f 6207/1/12041 6208/2/12041 3868/3/12041
f 6194/1/12042 6152/2/12042 6166/3/12042
f 6200/1/12043 6008/2/12043 6075/3/12043
f 6200/1/12044 6075/2/12044 208/3/12044
f 6204/1/12045 4506/2/12045 4508/3/12045
f 6136/1/12046 6197/2/12046 6195/3/12046
f 6212/1/12047 3860/2/12047 6183/3/12047
f 6164/1/12048 6218/2/12048 6205/3/12048
f 6164/1/12049 6205/2/12049 6128/3/12049
f 6197/1/12050 6136/2/12050 6135/3/12050
f 6219/1/12051 6204/2/12051 4508/3/12051
f 6163/1/12052 6221/2/12052 6147/3/12052
f 6170/1/12053 6197/2/12053 6135/3/12053
f 209/1/12054 6200/2/12054 208/3/12054
f 6175/1/12055 6219/2/12055 4508/3/12055
f 6215/1/12056 6216/2/12056 6227/3/12056
f 209/1/12057 6201/2/12057 6200/3/12057
f 6163/1/12058 6119/2/12058 6221/3/12058
f 6228/1/12059 6090/2/12059 5527/3/12059
f 6222/1/12060 6223/2/12060 6194/3/12060
f 6222/1/12061 6194/2/12061 6166/3/12061
f 3862/1/12062 6212/2/12062 6311/3/12062
f 3862/1/12063 3861/2/12063 6212/3/12063
f 3862/1/12064 6311/2/12064 6338/3/12064
f 6188/1/12065 6227/2/12065 6216/3/12065
f 6189/1/12066 6231/2/12066 6164/3/12066
f 6224/1/12067 6240/2/12067 6225/3/12067
f 6190/1/12068 6120/2/12068 6119/3/12068
f 6190/1/12069 6119/2/12069 6163/3/12069
f 6227/1/12070 6232/2/12070 6215/3/12070
f 6189/1/12071 6234/2/12071 6231/3/12071
f 6227/1/12072 6188/2/12072 6235/3/12072
f 6236/1/12073 6175/2/12073 4509/3/12073
f 6236/1/12074 4509/2/12074 4124/3/12074
f 6251/1/12075 6237/2/12075 6297/3/12075
f 6143/1/12076 6236/2/12076 4124/3/12076
f 6205/1/12077 6242/2/12077 6170/3/12077
f 6230/1/12078 6238/2/12078 6235/3/12078
f 6230/1/12079 6235/2/12079 6188/3/12079
f 6240/1/12080 6243/2/12080 6241/3/12080
f 6245/1/12081 6191/2/12081 6246/3/12081
f 6260/1/12082 6243/2/12082 6240/3/12082
f 6260/1/12083 6240/2/12083 6249/3/12083
f 6350/1/12084 6143/2/12084 4512/3/12084
f 6247/1/12085 6305/2/12085 6250/3/12085
f 6251/1/12086 6250/2/12086 6305/3/12086
f 6331/1/12087 6243/2/12087 6252/3/12087
f 6331/1/12088 6239/2/12088 6243/3/12088
f 6221/1/12089 6189/2/12089 6147/3/12089
f 6218/1/12090 6242/2/12090 6205/3/12090
f 6253/1/12091 6245/2/12091 6246/3/12091
f 6346/1/12092 6109/2/12092 4519/3/12092
f 6253/1/12093 6254/2/12093 6261/3/12093
f 6256/1/12094 6338/2/12094 6233/3/12094
f 6256/1/12095 3863/2/12095 6338/3/12095
f 6259/1/12096 6254/2/12096 6337/3/12096
f 6259/1/12097 6337/2/12097 6309/3/12097
f 6259/1/12098 6309/2/12098 6257/3/12098
f 4521/1/12099 6346/2/12099 4519/3/12099
f 6255/1/12100 6182/2/12100 6250/3/12100
f 6253/1/12101 6261/2/12101 3858/3/12101
f 6253/1/12102 3857/2/12102 6263/3/12102
f 6253/1/12103 3858/2/12103 3857/3/12103
f 6264/1/12104 6266/2/12104 6260/3/12104
f 6244/1/12105 6256/2/12105 6233/3/12105
f 6117/1/12106 6350/2/12106 4512/3/12106
f 6221/1/12107 6268/2/12107 6234/3/12107
f 6221/1/12108 6234/2/12108 6189/3/12108
f 6221/1/12109 6119/2/12109 6268/3/12109
f 6259/1/12110 6267/2/12110 6269/3/12110
f 6270/1/12111 4521/2/12111 6108/3/12111
f 6262/1/12112 6223/2/12112 6222/3/12112
f 6116/1/12113 6117/2/12113 4514/3/12113
f 6264/1/12114 6137/2/12114 6199/3/12114
f 6271/1/12115 6222/2/12115 6201/3/12115
f 6267/1/12116 6351/2/12116 6269/3/12116
f 6267/1/12117 6334/2/12117 6351/3/12117
f 6116/1/12118 4514/2/12118 4515/3/12118
f 6116/1/12119 4515/2/12119 4517/3/12119
f 6272/1/12120 6292/2/12120 6121/3/12120
f 6262/1/12121 6222/2/12121 6271/3/12121
f 6273/1/12122 6272/2/12122 6132/3/12122
f 3864/1/12123 6198/2/12123 6199/3/12123
f 6149/1/12124 6150/2/12124 6176/3/12124
f 6111/1/12125 3833/2/12125 6150/3/12125
f 6274/1/12126 6116/2/12126 4517/3/12126
f 3833/1/12127 6176/2/12127 6150/3/12127
f 6265/1/12128 232/2/12128 271/3/12128
f 6275/1/12129 6199/2/12129 6195/3/12129
f 6275/1/12130 3864/2/12130 6199/3/12130
f 6276/1/12131 6197/2/12131 6170/3/12131
f 6276/1/12132 6202/2/12132 6197/3/12132
f 6281/1/12133 6277/2/12133 6223/3/12133
f 6278/1/12134 6274/2/12134 4517/3/12134
f 6278/1/12135 4517/2/12135 6169/3/12135
f 6276/1/12136 6170/2/12136 6242/3/12136
f 6281/1/12137 6223/2/12137 6262/3/12137
f 6268/1/12138 6231/2/12138 6234/3/12138
f 6206/1/12139 6195/2/12139 6202/3/12139
f 6206/1/12140 6275/2/12140 6195/3/12140
f 6280/1/12141 6169/2/12141 4518/3/12141
f 6280/1/12142 6278/2/12142 6169/3/12142
f 6282/1/12143 6268/2/12143 6119/3/12143
f 6283/1/12144 6106/2/12144 4526/3/12144
f 6288/1/12145 6281/2/12145 6262/3/12145
f 6208/1/12146 6276/2/12146 6242/3/12146
f 6208/1/12147 6242/2/12147 6218/3/12147
f 6203/1/12148 6206/2/12148 6202/3/12148
f 6203/1/12149 6202/2/12149 6276/3/12149
f 4527/1/12150 6283/2/12150 4526/3/12150
f 6285/1/12151 6262/2/12151 6271/3/12151
f 6285/1/12152 6288/2/12152 6262/3/12152
f 6286/1/12153 4518/2/12153 6109/3/12153
f 6286/1/12154 6280/2/12154 4518/3/12154
f 6287/1/12155 6011/2/12155 6035/3/12155
f 6287/1/12156 6035/2/12156 6210/3/12156
f 6290/1/12157 6218/2/12157 6231/3/12157
f 6290/1/12158 6208/2/12158 6218/3/12158
f 6291/1/12159 6286/2/12159 6109/3/12159
f 6346/1/12160 6291/2/12160 6109/3/12160
f 6294/1/12161 3851/2/12161 6293/3/12161
f 6226/1/12162 6196/2/12162 6300/3/12162
f 5717/1/12163 6215/2/12163 5701/3/12163
f 6290/1/12164 6231/2/12164 6268/3/12164
f 6300/1/12165 6214/2/12165 6213/3/12165
f 6122/1/12166 6277/2/12166 6281/3/12166
f 6122/1/12167 6292/2/12167 6277/3/12167
f 6287/1/12168 6224/2/12168 6225/3/12168
f 6287/1/12169 6217/2/12169 6224/3/12169
f 6289/1/12170 6297/2/12170 6296/3/12170
f 6298/1/12171 6290/2/12171 6268/3/12171
f 6220/1/12172 6211/2/12172 6225/3/12172
f 6213/1/12173 6301/2/12173 6300/3/12173
f 6281/1/12174 6129/2/12174 6122/3/12174
f 6300/1/12175 5685/2/12175 5690/3/12175
f 3868/1/12176 6208/2/12176 6290/3/12176
f 6298/1/12177 6268/2/12177 6282/3/12177
f 6270/1/12178 6346/2/12178 4521/3/12178
f 6129/1/12179 6281/2/12179 6288/3/12179
f 6217/1/12180 6090/2/12180 6228/3/12180
f 6217/1/12181 6210/2/12181 6090/3/12181
f 6209/1/12182 3868/2/12182 6290/3/12182
f 6225/1/12183 6241/2/12183 6220/3/12183
f 6302/1/12184 6129/2/12184 6288/3/12184
f 5695/1/12185 6300/2/12185 5690/3/12185
f 6325/1/12186 6270/2/12186 6108/3/12186
f 6303/1/12187 6209/2/12187 6290/3/12187
f 6215/1/12188 6232/2/12188 6213/3/12188
f 6214/1/12189 5695/2/12189 5701/3/12189
f 308/1/12190 6299/2/12190 293/3/12190
f 6325/1/12191 6107/2/12191 6106/3/12191
f 6305/1/12192 6237/2/12192 6251/3/12192
f 6303/1/12193 6290/2/12193 6298/3/12193
f 6325/1/12194 6108/2/12194 6107/3/12194
f 3832/1/12195 6303/2/12195 6298/3/12195
f 6241/1/12196 6239/2/12196 6220/3/12196
f 6241/1/12197 6243/2/12197 6239/3/12197
f 6215/1/12198 6214/2/12198 5701/3/12198
f 6307/1/12199 6298/2/12199 6304/3/12199
f 6307/1/12200 3832/2/12200 6298/3/12200
f 6251/1/12201 6297/2/12201 6239/3/12201
f 6239/1/12202 6255/2/12202 6251/3/12202
f 6180/1/12203 5740/2/12203 5748/3/12203
f 6239/1/12204 6331/2/12204 6255/3/12204
f 6247/1/12205 6250/2/12205 6258/3/12205
f 6310/1/12206 6325/2/12206 6106/3/12206
f 6247/1/12207 6258/2/12207 6257/3/12207
f 3858/1/12208 6261/2/12208 6259/3/12208
f 6273/1/12209 6307/2/12209 6304/3/12209
f 6333/1/12210 6183/2/12210 6255/3/12210
f 6174/1/12211 6180/2/12211 5748/3/12211
f 6272/1/12212 6121/2/12212 6122/3/12212
f 6308/1/12213 6302/2/12213 6299/3/12213
f 6212/1/12214 6183/2/12214 6333/3/12214
f 3859/1/12215 3858/2/12215 6259/3/12215
f 6312/1/12216 6272/2/12216 6122/3/12216
f 6283/1/12217 6310/2/12217 6106/3/12217
f 6272/1/12218 6273/2/12218 6304/3/12218
f 6269/1/12219 3859/2/12219 6259/3/12219
f 6338/1/12220 3863/2/12220 3862/3/12220
f 6162/1/12221 6174/2/12221 5748/3/12221
f 6304/1/12222 6292/2/12222 6272/3/12222
f 6162/1/12223 5748/2/12223 5766/3/12223
f 6308/1/12224 308/2/12224 314/3/12224
f 6313/1/12225 6302/2/12225 6308/3/12225
f 6132/1/12226 6272/2/12226 6312/3/12226
f 314/1/12227 6313/2/12227 6308/3/12227
f 6187/1/12228 5717/2/12228 5724/3/12228
f 6156/1/12229 6162/2/12229 5766/3/12229
f 6111/1/12230 6185/2/12230 3833/3/12230
f 6111/1/12231 6110/2/12231 6185/3/12231
f 6284/1/12232 6283/2/12232 4527/3/12232
f 6178/1/12233 3834/2/12233 6142/3/12233
f 6187/1/12234 5724/2/12234 5740/3/12234
f 6142/1/12235 6185/2/12235 6110/3/12235
f 6133/1/12236 6279/2/12236 6134/3/12236
f 6156/1/12237 5766/2/12237 5784/3/12237
f 6193/1/12238 6284/2/12238 4527/3/12238
f 6319/1/12239 6144/2/12239 6318/3/12239
f 6180/1/12240 6187/2/12240 5740/3/12240
f 6155/1/12241 6156/2/12241 5784/3/12241
f 3834/1/12242 6185/2/12242 6142/3/12242
f 3866/1/12243 6317/2/12243 6320/3/12243
f 6105/1/12244 6193/2/12244 4527/3/12244
f 6155/1/12245 5784/2/12245 5810/3/12245
f 6155/1/12246 5810/2/12246 5811/3/12246
f 6159/1/12247 6155/2/12247 5811/3/12247
f 6196/1/12248 6105/2/12248 5685/3/12248
f 6161/1/12249 6174/2/12249 6162/3/12249
f 3855/1/12250 6230/2/12250 6179/3/12250
f 6300/1/12251 6196/2/12251 5685/3/12251
f 6192/1/12252 3855/2/12252 6179/3/12252
f 6326/1/12253 6229/2/12253 6327/3/12253
f 6270/1/12254 3854/2/12254 6347/3/12254
f 6214/1/12255 6300/2/12255 5695/3/12255
f 6328/1/12256 3854/2/12256 6270/3/12256
f 6284/1/12257 6193/2/12257 6295/3/12257
f 6140/1/12258 6327/2/12258 6135/3/12258
f 3853/1/12259 6193/2/12259 6105/3/12259
f 3853/1/12260 6295/2/12260 6193/3/12260
f 6249/1/12261 6264/2/12261 6260/3/12261
f 6329/1/12262 6225/2/12262 6211/3/12262
f 6333/1/12263 6311/2/12263 6212/3/12263
f 6252/1/12264 6311/2/12264 6333/3/12264
f 6295/1/12265 6294/2/12265 6284/3/12265
f 6287/1/12266 6210/2/12266 6217/3/12266
f 6226/1/12267 6300/2/12267 6301/3/12267
f 6226/1/12268 6105/2/12268 6196/3/12268
f 3860/1/12269 6212/2/12269 3861/3/12269
f 3853/1/12270 6105/2/12270 6226/3/12270
f 6190/1/12271 6141/2/12271 6194/3/12271
f 6211/1/12272 6220/2/12272 6297/3/12272
f 6211/1/12273 6297/2/12273 6289/3/12273
f 6222/1/12274 6166/2/12274 6184/3/12274
f 6223/1/12275 6190/2/12275 6194/3/12275
f 6220/1/12276 6239/2/12276 6297/3/12276
f 6201/1/12277 6222/2/12277 6184/3/12277
f 6218/1/12278 6164/2/12278 6231/3/12278
f 6120/1/12279 6190/2/12279 6223/3/12279
f 209/1/12280 6265/2/12280 6201/3/12280
f 209/1/12281 232/2/12281 6265/3/12281
f 6120/1/12282 6223/2/12282 6277/3/12282
f 6248/1/12283 6247/2/12283 6257/3/12283
f 6271/1/12284 6201/2/12284 6265/3/12284
f 6257/1/12285 6306/2/12285 6248/3/12285
f 6257/1/12286 6309/2/12286 6306/3/12286
f 6338/1/12287 6311/2/12287 6266/3/12287
f 6265/1/12288 271/2/12288 6271/3/12288
f 6339/1/12289 6282/2/12289 6119/3/12289
f 6282/1/12290 6304/2/12290 6298/3/12290
f 6282/1/12291 6292/2/12291 6304/3/12291
f 6339/1/12292 6277/2/12292 6292/3/12292
f 6339/1/12293 6292/2/12293 6282/3/12293
f 6285/1/12294 6271/2/12294 271/3/12294
f 6171/1/12295 3836/2/12295 6178/3/12295
f 6171/1/12296 6134/2/12296 3836/3/12296
f 293/1/12297 6285/2/12297 271/3/12297
f 293/1/12298 6299/2/12298 6285/3/12298
f 6178/1/12299 3836/2/12299 3835/3/12299
f 6299/1/12300 6288/2/12300 6285/3/12300
f 6178/1/12301 3835/2/12301 3834/3/12301
f 3837/1/12302 3836/2/12302 6134/3/12302
f 6279/1/12303 3837/2/12303 6134/3/12303
f 6299/1/12304 6302/2/12304 6288/3/12304
f 308/1/12305 6308/2/12305 6299/3/12305
f 6340/1/12306 6312/2/12306 6122/3/12306
f 3838/1/12307 3837/2/12307 6279/3/12307
f 6312/1/12308 6340/2/12308 6315/3/12308
f 6315/1/12309 6302/2/12309 6313/3/12309
f 6315/1/12310 6340/2/12310 6302/3/12310
f 6342/1/12311 6312/2/12311 6315/3/12311
f 6315/1/12312 6313/2/12312 6314/3/12312
f 6216/1/12313 6215/2/12313 5717/3/12313
f 6314/1/12314 314/2/12314 84/3/12314
f 6314/1/12315 6313/2/12315 314/3/12315
f 6219/1/12316 6341/2/12316 6204/3/12316
f 6216/1/12317 5717/2/12317 6187/3/12317
f 6319/1/12318 68/2/12318 6144/3/12318
f 6146/1/12319 6345/2/12319 6148/3/12319
f 6316/1/12320 3865/2/12320 6343/3/12320
f 6316/1/12321 6317/2/12321 3865/3/12321
f 3850/1/12322 3849/2/12322 6347/3/12322
f 6293/1/12323 6310/2/12323 6283/3/12323
f 6188/1/12324 6179/2/12324 6230/3/12324
f 6293/1/12325 6283/2/12325 6294/3/12325
f 5527/1/12326 6229/2/12326 6228/3/12326
f 6284/1/12327 6294/2/12327 6283/3/12327
f 5528/1/12328 5529/2/12328 6324/3/12328
f 6329/1/12329 6011/2/12329 6287/3/12329
f 6296/1/12330 6332/2/12330 6330/3/12330
f 6296/1/12331 6330/2/12331 6167/3/12331
f 6296/1/12332 6167/2/12332 6289/3/12332
f 6228/1/12333 6229/2/12333 6326/3/12333
f 6245/1/12334 6192/2/12334 6181/3/12334
f 6287/1/12335 6225/2/12335 6329/3/12335
f 6237/1/12336 6305/2/12336 6332/3/12336
f 6237/1/12337 6296/2/12337 6297/3/12337
f 6237/1/12338 6332/2/12338 6296/3/12338
f 6246/1/12339 6186/2/12339 6336/3/12339
f 6335/1/12340 6305/2/12340 6247/3/12340
f 6247/1/12341 6248/2/12341 6335/3/12341
f 6337/1/12342 6336/2/12342 6306/3/12342
f 6337/1/12343 6306/2/12343 6309/3/12343
f 6233/1/12344 6266/2/12344 6264/3/12344
f 6233/1/12345 6264/2/12345 6199/3/12345
f 6326/1/12346 6327/2/12346 6140/3/12346
f 6321/1/12347 6323/2/12347 6158/3/12347
f 6133/1/12348 6158/2/12348 3838/3/12348
f 6133/1/12349 3838/2/12349 6279/3/12349
f 6321/1/12350 3839/2/12350 6323/3/12350
f 3839/1/12351 6321/2/12351 6204/3/12351
f 3838/1/12352 6158/2/12352 6323/3/12352
f 6243/1/12353 6266/2/12353 6252/3/12353
f 6243/1/12354 6260/2/12354 6266/3/12354
f 4483/1/12355 6317/2/12355 4481/3/12355
f 6137/1/12356 6249/2/12356 6140/3/12356
f 6236/1/12357 6219/2/12357 6175/3/12357
f 6267/1/12358 6258/2/12358 6334/3/12358
f 6267/1/12359 6257/2/12359 6258/3/12359
f 6263/1/12360 3856/2/12360 6192/3/12360
f 6252/1/12361 6333/2/12361 6331/3/12361
f 6137/1/12362 6264/2/12362 6249/3/12362
f 6341/1/12363 3843/2/12363 6344/3/12363
f 6182/1/12364 6334/2/12364 6258/3/12364
f 6266/1/12365 6311/2/12365 6252/3/12365
f 4493/1/12366 6111/2/12366 4489/3/12366
f 6144/1/12367 68/2/12367 4472/3/12367
f 6144/1/12368 4472/2/12368 4474/3/12368
f 6184/1/12369 6200/2/12369 6201/3/12369
f 6339/1/12370 6120/2/12370 6277/3/12370
f 6292/1/12371 6122/2/12371 6121/3/12371
f 6318/1/12372 6144/2/12372 4474/3/12372
f 6122/1/12373 6129/2/12373 6340/3/12373
f 6340/1/12374 6129/2/12374 6302/3/12374
f 6343/1/12375 4474/2/12375 4477/3/12375
f 6139/1/12376 6312/2/12376 6342/3/12376
f 6343/1/12377 6318/2/12377 4474/3/12377
f 6270/1/12378 6347/2/12378 6346/3/12378
f 6270/1/12379 6325/2/12379 6328/3/12379
f 6316/1/12380 4477/2/12380 4481/3/12380
f 6316/1/12381 6343/2/12381 4477/3/12381
f 6328/1/12382 6325/2/12382 6310/3/12382
f 6328/1/12383 6310/2/12383 6293/3/12383
f 6317/1/12384 6316/2/12384 4481/3/12384
f 6145/1/12385 3866/2/12385 6320/3/12385
f 6145/1/12386 6322/2/12386 3866/3/12386
f 5936/1/12387 6329/2/12387 6211/3/12387
f 5936/1/12388 6211/2/12388 6289/3/12388
f 6320/1/12389 6317/2/12389 4483/3/12389
f 6332/1/12390 6348/2/12390 6330/3/12390
f 6322/1/12391 6145/2/12391 3840/3/12391
f 6335/1/12392 6332/2/12392 6305/3/12392
f 6335/1/12393 6348/2/12393 6332/3/12393
f 6145/1/12394 6320/2/12394 4483/3/12394
f 6191/1/12395 6173/2/12395 6177/3/12395
f 6191/1/12396 6177/2/12396 6246/3/12396
f 6186/1/12397 6246/2/12397 6177/3/12397
f 6306/1/12398 6335/2/12398 6248/3/12398
f 6306/1/12399 6349/2/12399 6335/3/12399
f 6306/1/12400 6336/2/12400 6349/3/12400
f 6345/1/12401 4483/2/12401 4485/3/12401
f 6345/1/12402 6145/2/12402 4483/3/12402
f 6246/1/12403 6336/2/12403 6337/3/12403
f 6266/1/12404 6233/2/12404 6338/3/12404
f 6148/1/12405 6345/2/12405 4485/3/12405
f 6199/1/12406 6244/2/12406 6233/3/12406
f 6199/1/12407 6198/2/12407 6244/3/12407
f 6198/1/12408 3864/2/12408 6244/3/12408
f 4498/1/12409 6178/2/12409 4495/3/12409
f 6215/1/12410 6213/2/12410 6214/3/12410
f 6090/1/12411 5445/2/12411 5527/3/12411
f 3839/1/12412 6204/2/12412 6344/3/12412
f 6219/1/12413 3843/2/12413 6341/3/12413
f 6148/1/12414 4485/2/12414 4487/3/12414
f 6225/1/12415 6240/2/12415 6241/3/12415
f 6341/1/12416 6344/2/12416 6204/3/12416
f 6217/1/12417 6228/2/12417 6326/3/12417
f 6224/1/12418 6217/2/12418 6326/3/12418
f 4501/1/12419 6134/2/12419 4498/3/12419
f 5528/1/12420 6229/2/12420 5527/3/12420
f 6149/1/12421 6148/2/12421 4487/3/12421
f 6150/1/12422 4487/2/12422 4489/3/12422
f 6150/1/12423 6149/2/12423 4487/3/12423
f 6229/1/12424 5528/2/12424 6352/3/12424
f 3855/1/12425 6238/2/12425 6230/3/12425
f 6158/1/12426 4502/2/12426 4504/3/12426
f 6249/1/12427 6326/2/12427 6140/3/12427
f 6249/1/12428 6224/2/12428 6326/3/12428
f 6249/1/12429 6240/2/12429 6224/3/12429
f 6111/1/12430 6150/2/12430 4489/3/12430
f 3855/1/12431 6192/2/12431 3856/3/12431
f 6253/1/12432 6246/2/12432 6337/3/12432
f 6286/1/12433 6153/2/12433 6280/3/12433
f 6286/1/12434 6291/2/12434 3849/3/12434
f 6347/1/12435 6291/2/12435 6346/3/12435
f 6153/1/12436 6286/2/12436 3849/3/12436
f 6192/1/12437 6245/2/12437 6263/3/12437
f 6347/1/12438 3849/2/12438 6291/3/12438
f 6157/1/12439 5901/2/12439 6167/3/12439
f 6250/1/12440 6251/2/12440 6255/3/12440
f 6157/1/12441 5524/2/12441 5901/3/12441
f 6254/1/12442 6253/2/12442 6337/3/12442
f 6321/1/12443 4504/2/12443 4506/3/12443
f 6110/1/12444 6111/2/12444 4493/3/12444
f 6110/1/12445 4493/2/12445 4494/3/12445
f 6157/1/12446 6167/2/12446 6330/3/12446
f 6289/1/12447 5901/2/12447 5936/3/12447
f 6289/1/12448 6167/2/12448 5901/3/12448
f 6154/1/12449 6330/2/12449 6348/3/12449
f 6160/1/12450 6154/2/12450 6348/3/12450
f 6142/1/12451 4494/2/12451 4495/3/12451
f 6142/1/12452 6110/2/12452 4494/3/12452
f 6349/1/12453 6160/2/12453 6348/3/12453
f 6349/1/12454 6348/2/12454 6335/3/12454
f 6349/1/12455 6168/2/12455 6160/3/12455
f 6177/1/12456 6172/2/12456 6186/3/12456
f 6353/1/12457 6324/2/12457 5529/3/12457
f 6353/1/12458 5529/2/12458 5584/3/12458
f 6229/1/12459 6352/2/12459 6327/3/12459
f 6255/1/12460 6331/2/12460 6333/3/12460
f 6250/1/12461 6182/2/12461 6258/3/12461
f 6353/1/12462 5584/2/12462 5612/3/12462
f 6253/1/12463 6263/2/12463 6245/3/12463
f 6354/1/12464 5612/2/12464 5642/3/12464
f 6354/1/12465 6353/2/12465 5612/3/12465
f 6324/1/12466 6126/2/12466 6352/3/12466
f 6324/1/12467 6352/2/12467 5528/3/12467
f 6354/1/12468 5642/2/12468 5699/3/12468
f 6186/1/12469 6349/2/12469 6336/3/12469
f 6259/1/12470 6261/2/12470 6254/3/12470
f 6113/1/12471 6354/2/12471 5699/3/12471
f 6353/1/12472 6125/2/12472 6126/3/12472
f 6353/1/12473 6126/2/12473 6324/3/12473
f 6259/1/12098 6257/2/12098 6267/3/12098
f 6178/1/12474 6142/2/12474 4495/3/12474
f 6131/1/12475 6113/2/12475 5699/3/12475
f 6181/1/12476 6191/2/12476 6245/3/12476
f 6131/1/12477 5699/2/12477 5738/3/12477
f 6352/1/12478 6135/2/12478 6327/3/12478
f 6171/1/12479 6178/2/12479 4498/3/12479
f 6131/1/12480 5738/2/12480 5757/3/12480
f 6183/1/12481 6182/2/12481 6255/3/12481
f 6354/1/12482 6125/2/12482 6353/3/12482
f 6354/1/12483 6115/2/12483 6125/3/12483
f 6175/1/12484 4508/2/12484 4509/3/12484
f 3845/1/12485 6236/2/12485 6127/3/12485
f 3845/1/12486 3843/2/12486 6219/3/12486
f 3845/1/12487 6219/2/12487 6236/3/12487
f 6134/1/12488 6171/2/12488 4498/3/12488
f 6118/1/12489 6131/2/12489 5757/3/12489
f 6350/1/12490 6117/2/12490 6124/3/12490
f 6143/1/12491 6127/2/12491 6236/3/12491
f 6113/1/12492 6115/2/12492 6354/3/12492
f 6118/1/12493 5757/2/12493 5858/3/12493
f 6351/1/12494 6182/2/12494 3860/3/12494
f 6351/1/12495 6334/2/12495 6182/3/12495
f 6112/1/12496 6115/2/12496 6113/3/12496
f 3846/1/12497 6355/2/12497 6356/3/12497
f 3846/1/12498 3842/2/12498 6355/3/12498
f 3844/1/12499 3846/2/12499 6357/3/12499
f 3846/1/12500 6356/2/12500 6357/3/12500
f 6355/1/12501 3844/2/12501 6357/3/12501
f 3842/1/12502 3844/2/12502 6355/3/12502
f 6357/1/12503 6356/2/12503 6355/3/12503
f 2448/1/12504 6358/2/12504 6359/3/12504
f 2448/1/12505 2447/2/12505 6358/3/12505
f 6359/1/12506 6360/2/12506 2448/3/12506
f 6360/1/12507 2444/2/12507 2448/3/12507
f 6358/1/12508 2444/2/12508 6360/3/12508
f 2447/1/12509 2444/2/12509 6358/3/12509
f 6358/1/12503 6360/2/12503 6359/3/12503
